date,close,log_return,realized_var_proxy
2015-01-02,19057.580078125,0.016258882785734795,0.00026435126944026325
2015-01-05,19017.1796875,-0.002122162085111639,4.50357191548538e-06
2015-01-06,18430.53515625,-0.03133395621252254,0.0009818168119282798
2015-01-07,18304.037109375,-0.006887165908759215,4.743305425477515e-05
2015-01-08,18701.18359375,0.021465173054110352,0.00046075365424290513
2015-01-09,18637.033203125,-0.003436181973791989,1.1807346557013009e-05
2015-01-12,18795.630859375,0.00847380806230481,7.1805423076782e-05
2015-01-13,18706.982421875,-0.004727596018125373,2.2350164110594886e-05
2015-01-14,18603.583984375,-0.005542596222058748,3.07203728807799e-05
2015-01-15,19235.427734375,0.03339952376298316,0.001115528187594077
2015-01-16,19222.927734375,-0.0006500538199214008,4.22569968794405e-07
2015-01-19,19405.826171875,0.009469619688316631,8.967369704135398e-05
2015-01-20,19766.8203125,0.018431451161048117,0.000339718391902102
2015-01-21,19843.01953125,0.0038474941100487747,1.4803210926860012e-05
2015-01-22,19917.41796875,0.0037423393205770167,1.4005103590336847e-05
2015-01-23,20072.466796875,0.007754441203035861,6.0131358371340244e-05
2015-01-27,20555.01171875,0.023755725551025453,0.0005643344964556435
2015-01-28,20491.51171875,-0.003094052569624277,9.57316130359859e-06
2015-01-29,20528.361328125,0.001796671542377575,3.2280286311894144e-06
2015-01-30,19843.51953125,-0.03392992758690073,0.0011512399860523271
2015-02-02,19865.669921875,0.001115630574558539,1.2446315788898158e-06
2015-02-03,19382.724609375,-0.0246109271268577,0.0006056977340435001
2015-02-04,19173.77734375,-0.01083860311743135,0.00011747531753719258
2015-02-05,19051.6796875,-0.00638831192464558,4.081052924656892e-05
2015-02-06,18786.48046875,-0.014017783118366664,0.00019649824355356545
2015-02-09,18403.634765625,-0.020589300423329408,0.00042391929192211255
2015-02-10,18752.28125,0.01876722496607832,0.00035220873292739343
2015-02-11,18940.580078125,0.009991302751564141,9.982613067341319e-05
2015-02-12,19128.376953125,0.00986622240402912,9.734234452576616e-05
2015-02-13,19369.474609375,0.012525416277943655,0.0001568860529357759
2015-02-16,19189.7265625,-0.00932329215553423,8.692377661744611e-05
2015-02-18,19296.275390625,0.005537031384839326,3.06587165566957e-05
2015-02-19,19188.078125,-0.0056229371584726635,3.161742228813263e-05
2015-02-20,19073.328125,-0.005998229301707132,3.597875475585803e-05
2015-02-23,18913.1796875,-0.008431908883543004,7.109708742037144e-05
2015-02-24,18883.58203125,-0.0015661480483459501,2.4528197093378284e-06
2015-02-25,18732.833984375,-0.008015056715148473,6.424113414704663e-05
2015-02-26,18537.884765625,-0.010461348920496856,0.00010943982123638075
2015-02-27,19074.328125,0.028526890428039197,0.0008137834774933543
2015-03-02,20007.8671875,0.04778220183800946,0.0022831388124882742
2015-03-03,19960.966796875,-0.002346849155992095,5.507700960980808e-06
2015-03-04,19643.671875,-0.016023461963600757,0.00025675133329896026
2015-03-05,19747.76953125,0.0052853053790153015,2.793445294944808e-05
2015-03-09,19145.328125,-0.030981826120838187,0.0009598735497818514
2015-03-10,19054.1796875,-0.004772240047383026,2.2774275069846345e-05
2015-03-11,19043.779296875,-0.0005459815255522786,2.9809582624439347e-07
2015-03-12,19141.626953125,0.0051248830387544166,2.6264426160912702e-05
2015-03-13,18779.58203125,-0.019095167712406144,0.0003646254299649181
2015-03-16,18837.130859375,0.0030597502333785517,9.362071490660101e-06
2015-03-17,19058.029296875,0.01165853046410193,0.00013592133258239278
2015-03-18,19147.02734375,0.004658975312881488,2.170605096603916e-05
2015-03-19,18810.931640625,-0.017709302392238273,0.0003136193912197362
2015-03-20,18606.1328125,-0.010946923618346129,0.0001198351367059043
2015-03-23,18448.78515625,-0.008492724346304537,7.212636682231382e-05
2015-03-24,18331.236328125,-0.006392015208987624,4.08578584319291e-05
2015-03-25,18309.88671875,-0.00116533610412359,1.3580082355739469e-06
2015-03-26,17831.443359375,-0.026477792046374002,0.0007010734716510264
2015-03-27,18044.591796875,0.011882636671530694,0.00014119705426760606
2015-03-30,18361.587890625,0.017414851429103498,0.00030327705029774813
2015-03-31,18206.439453125,-0.008485520259732607,7.200405407833252e-05
2015-04-01,18617.6328125,0.022333784711989924,0.0004987979395615149
2015-04-06,18605.232421875,-0.0006662781602469092,4.4392658682200607e-07
2015-04-07,18469.0859375,-0.007344550211853092,5.394241781443131e-05
2015-04-08,18416.384765625,-0.0028575591815406315,8.165644476007164e-06
2015-04-09,18875.630859375,0.0246309728210867,0.0006066848221131117
2015-04-10,18800.630859375,-0.003981291967161113,1.5850685727781604e-05
2015-04-13,18798.03125,-0.0001382820150131972,1.9121915676110093e-08
2015-04-15,18716.083984375,-0.0043688833100767556,1.9087141377067228e-05
2015-04-16,18636.833984375,-0.00424331609001025,1.8005731439739873e-05
2015-04-17,18345.337890625,-0.01576446789316083,0.00024851844795449867
2015-04-20,18112.5390625,-0.012771012010134225,0.00016309874776299261
2015-04-21,18105.5390625,-0.00038654729624254666,1.4941881223242312e-07
2015-04-22,18243.486328125,0.007590185784312775,5.761092024038373e-05
2015-04-23,18245.38671875,0.00010416274705320708,1.08498778736704e-08
2015-04-24,18001.69140625,-0.01344654504393362,0.0001808095736185358
2015-04-27,17767.392578125,-0.013100820770592584,0.00017163150486319007
2015-04-28,18246.037109375,0.026583012032559868,0.0007066565287232227
2015-04-29,18302.4375,0.003086335941393499,9.525469543137296e-06
2015-04-30,18337.88671875,0.0019349845049953225,3.7441650345719934e-06
2015-05-04,18501.0859375,0.008860197482079205,7.850309942144268e-05
2015-05-05,18471.234375,-0.0016148063596998908,2.607599579327213e-06
2015-05-06,17799.34375,-0.037053034685294875,0.001372927379389665
2015-05-07,17376.69921875,-0.024031405209216695,0.0005775084363295673
2015-05-08,17796.392578125,0.023865589176950513,0.0005695663467629775
2015-05-11,18199.5390625,0.022400494917166745,0.0005017821725340132
2015-05-12,17628.4453125,-0.031882459207510885,0.0010164912051185957
2015-05-13,18097.23828125,0.026245537165423376,0.0006888282211016197
2015-05-14,18115.98828125,0.001035533337144289,1.0723292923371878e-06
2015-05-15,18182.939453125,0.0036888829492014437,1.360785741290914e-05
2015-05-18,18422.734375,0.013101704022744085,0.00017165464829958853
2015-05-19,18380.1875,-0.0023121476114986183,5.346026577358765e-06
2015-05-20,18554.935546875,0.009462502699545365,8.953895733890332e-05
2015-05-21,18512.935546875,-0.0022661143860803275,5.13527441080022e-06
2015-05-22,18433.0859375,-0.004322507836740418,1.8684073998682327e-05
2015-05-25,18324.63671875,-0.005900775433767858,3.4819150719758255e-05
2015-05-26,18329.087890625,0.00024287692147620493,5.898919898575862e-08
2015-05-27,18538.634765625,0.011367620043591433,0.00012922278545546168
2015-05-28,18448.984375,-0.004847598643402806,2.3499212607520724e-05
2015-05-29,18721.1328125,0.01464366116092976,0.00021443681219612273
2015-06-01,18616.783203125,-0.005589486087465806,3.12423547219738e-05
2015-06-02,17977.091796875,-0.03496522721694816,0.0012225671143328125
2015-06-03,17721.1953125,-0.014336870941810865,0.00020554586840214076
2015-06-04,17718.994140625,-0.00012421896788906913,1.5430351983425586e-08
2015-06-05,17549.046875,-0.009637540172440397,9.288218057540247e-05
2015-06-08,17432.396484375,-0.006669297307478336,4.447952657553778e-05
2015-06-09,17489.697265625,0.003281637869915443,1.0769147109263166e-05
2015-06-10,17707.044921875,0.012350598693876058,0.000152537288097173
2015-06-11,17304.19921875,-0.023013377119354212,0.0005296155264376159
2015-06-12,17523.34765625,0.012584942068245938,0.00015838076686110637
2015-06-15,17458.49609375,-0.0037077312023792637,1.3747270669096781e-05
2015-06-16,17602.244140625,0.008199989582612149,6.723982915494777e-05
2015-06-17,17583.845703125,-0.0010457791279733,1.093653984504596e-06
2015-06-18,17733.34375,0.008466072307594802,7.167438031742357e-05
2015-06-19,17880.642578125,0.008272012388150106,6.842618894970882e-05
2015-06-22,18334.287109375,0.025054211885397915,0.0006277135331984141
2015-06-23,18391.13671875,0.003095929133377408,9.584777198894988e-06
2015-06-24,18365.337890625,-0.0014037707715830897,1.970572379150983e-06
2015-06-25,18492.685546875,0.006910200337373486,4.775086870263664e-05
2015-06-26,18371.287109375,-0.006586315451268196,4.3379551223614184e-05
2015-06-29,18241.037109375,-0.00711512051039729,5.0624939877476196e-05
2015-06-30,18295.88671875,0.0030024230193379836,9.014543987050615e-06
2015-07-01,18581.3828125,0.015483890285300665,0.00023975085836722832
2015-07-02,18585.333984375,0.0002126188283716103,4.520676617811627e-08
2015-07-03,18729.43359375,0.007723501179386837,5.965247046798986e-05
2015-07-06,18824.931640625,0.005085866962484429,2.586604276009059e-05
2015-07-07,18798.28125,-0.00141669958702559,2.0070377198784775e-06
2015-07-08,18462.935546875,-0.01800020431129664,0.00032400735524842217
2015-07-09,18508.484375,0.002464003344548078,6.071312481944115e-06
2015-07-10,18719.583984375,0.011341005928130336,0.00012861841546188743
2015-07-13,18893.33203125,0.009238809491140757,8.535560081359253e-05
2015-07-14,18779.98046875,-0.006017623459846343,3.621179210449307e-05
2015-07-15,18816.03125,0.0019177987585018955,3.6779520781114117e-06
2015-07-16,19167.828125,0.01852402258989245,0.0003431394129108457
2015-07-17,19094.4765625,-0.0038341471042535806,1.4700684017056117e-05
2015-07-20,19032.478515625,-0.003252192649153787,1.0576757027209926e-05
2015-07-21,18723.18359375,-0.01638439501296138,0.00026844839994075376
2015-07-22,18996.779296875,0.014506933748150836,0.00021045112677323767
2015-07-23,18864.78125,-0.006972696305354974,4.861849376671091e-05
2015-07-24,18635.6328125,-0.012221267169647611,0.00014935937123190652
2015-07-27,18212.83984375,-0.022948659367219317,0.0005266409667526629
2015-07-28,18282.587890625,0.0038222942501448393,1.46099333346903e-05
2015-07-29,18323.1875,0.002218208771108778,4.920450152223916e-06
2015-07-30,18440.185546875,0.006364945986659037,4.051253741308698e-05
2015-07-31,18729.6328125,0.015574631746522993,0.00024256915403980184
2015-08-03,18914.478515625,0.009820775800620444,9.644763732605212e-05
2015-08-04,18972.37890625,0.0030564918624105108,9.342142504981673e-06
2015-08-05,18928.330078125,-0.0023244339822834762,5.40299333799422e-06
2015-08-06,19029.12890625,0.00531115979677893,2.820841838692081e-05
2015-08-07,18893.33203125,-0.007161848260070376,5.129207050027307e-05
2015-08-10,18874.78125,-0.000982351572802819,9.650146125881724e-07
2015-08-11,18616.68359375,-0.013768559573761193,0.000189573232736211
2015-08-12,18059.541015625,-0.030384012841528887,0.0009231882363541923
2015-08-13,18175.189453125,0.0063833139473995874,4.0746696951066106e-05
2015-08-14,18723.3828125,0.029715713323993708,0.0008830236183537772
2015-08-17,18821.83203125,0.005244313811791927,2.7502827356551568e-05
2015-08-18,18780.630859375,-0.0021914090299412253,4.802273536507942e-06
2015-08-19,18703.033203125,-0.00414035121924693,1.714250821871954e-05
2015-08-20,18282.88671875,-0.02272024374356794,0.0005162094757671381
2015-08-21,18056.990234375,-0.012432589927617926,0.0001545692923083067
2015-08-24,16811.60546875,-0.07146343078462952,0.005107021939509534
2015-08-25,17192.55078125,0.022406746266843514,0.0005020622782667057
2015-08-26,16917.453125,-0.016130377572755542,0.00026018908063965497
2015-08-27,17214.201171875,0.01738887436501375,0.00030237295168223234
2015-08-28,17211.75,-0.00014240256525697143,2.0278490591766008e-08
2015-08-31,17146.3515625,-0.0038068760209111424,1.4492305038588253e-05
2015-09-01,16530.109375,-0.036601885531329544,0.0013396980244485509
2015-09-02,16252.51171875,-0.016936064429309623,0.0002868302783537267
2015-09-03,16555.20703125,0.018453212444812902,0.00034052104953339777
2015-09-04,16128.912109375,-0.026087231893406258,0.0006805436678603527
2015-09-07,15789.916015625,-0.02124193527026652,0.0004512198140261928
2015-09-08,16350.759765625,0.03490285568890128,0.0012182093352402685
2015-09-09,16631.306640625,0.017012496303436656,0.0002894250304744459
2015-09-10,16597.45703125,-0.0020373686736007567,4.150871112169706e-06
2015-09-11,16612.40625,0.000900287943561547,8.105183813222792e-07
2015-09-14,16911.603515625,0.01785020420318422,0.00031862979009537564
2015-09-15,16739.35546875,-0.01023742302983376,0.00010480483029177063
2015-09-16,16964.65234375,0.013369343612077459,0.00017873934861779636
2015-09-18,17408.947265625,0.025852379259574926,0.0006683455133808997
2015-09-21,17542.697265625,0.00765346836561044,5.8575578023399734e-05
2015-09-22,17030.953125,-0.02960529257426352,0.0008764733484077428
2015-09-23,17255.099609375,0.013075268797623512,0.000170962654130107
2015-09-24,17196.451171875,-0.003404694002106415,1.1591941247979397e-05
2015-09-28,17100.1015625,-0.005618632495987303,3.1569031124964506e-05
2015-09-29,17280.998046875,0.010523116231859874,0.00011073597522923275
2015-09-30,17216.1015625,-0.003762435779566121,1.4155922995359326e-05
2015-10-01,17150.0,-0.0038469096588066407,1.4798713923019824e-05
2015-10-05,17673.845703125,0.03008772928421893,0.0009052714534804454
2015-10-06,17605.14453125,-0.0038947406523030643,1.5169004748702098e-05
2015-10-07,17616.595703125,0.0006502331913338411,4.228032031121916e-07
2015-10-08,17474.09765625,-0.008121744914617103,6.596274045810877e-05
2015-10-09,17590.044921875,0.006613462055925521,4.3737880365166616e-05
2015-10-12,17582.9453125,-0.00040369666747759527,1.6297099933251613e-07
2015-10-13,17554.646484375,-0.0016107440946451067,2.5944965384340847e-06
2015-10-14,17543.046875,-0.0006609898649781621,4.3690760160384893e-07
2015-10-15,17685.89453125,0.00810972078309918,6.576757117983078e-05
2015-10-16,17912.640625,0.012739241053913322,0.0001622882626297106
2015-10-19,17854.84375,-0.0032318138284236973,1.0444620621590635e-05
2015-10-20,17830.04296875,-0.0013899881727820625,1.932067120474017e-06
2015-10-21,17710.345703125,-0.006735869959361787,4.537194410943256e-05
2015-10-23,17933.841796875,0.012540559257434114,0.00015726562648921645
2015-10-26,17814.84375,-0.0066575027627982595,4.4322343036666456e-05
2015-10-27,17806.09375,-0.0004912841036815704,2.41360070530204e-07
2015-10-28,17372.94921875,-0.024626390307646035,0.0006064590995845225
2015-10-29,17212.0,-0.009307538932806511,8.663028098570897e-05
2015-10-30,17354.298828125,0.008233431799818955,6.778939920227e-05
2015-11-02,17340.3984375,-0.0008012977465887376,6.420780786881888e-07
2015-11-03,17325.3984375,-0.0008654063825648061,7.489282069839035e-07
2015-11-04,17220.8515625,-0.0060525929247286355,3.6633881112475136e-05
2015-11-05,16994.90234375,-0.013207512766065552,0.00017443839346578454
2015-11-06,17086.30078125,0.005363581577636598,2.87680073399627e-05
2015-11-09,17002.802734375,-0.004898821338729165,2.3998450508788206e-05
2015-11-10,16835.8046875,-0.009870347239106752,9.742375462054227e-05
2015-11-13,16932.65234375,0.00573599923134402,3.290168718197918e-05
2015-11-16,17184.701171875,0.014775672070309692,0.0002183204851293299
2015-11-17,17140.25,-0.002590022430122194,6.708216188536075e-06
2015-11-18,16811.904296875,-0.0193422742493662,0.0003741235731376948
2015-11-19,17071.701171875,0.015334965837558268,0.00023516117723907916
2015-11-20,17055.40234375,-0.0009551838676703818,9.123762210577494e-07
2015-11-23,17060.05078125,0.0002725121376365148,7.426286515922279e-08
2015-11-24,16988.453125,-0.004205633350480635,1.7687351878674973e-05
2015-11-26,17036.353515625,0.00281561760370481,7.927702490292417e-06
2015-11-27,17370.748046875,0.019438141837273788,0.0003778413580859736
2015-11-30,17430.197265625,0.0034165322834687284,1.1672692843984044e-05
2015-12-01,17398.34765625,-0.0018289376328844446,3.3450128649809554e-06
2015-12-02,17218.30078125,-0.010402422343151075,0.0001082103906052887
2015-12-03,17109.900390625,-0.006315550901633615,3.988618319112516e-05
2015-12-04,16897.103515625,-0.012515048549850335,0.00015662644020511096
2015-12-07,16946.802734375,0.002936969161151161,8.625787853552955e-06
2015-12-08,16800.955078125,-0.008643452111601157,7.47092644055425e-05
2015-12-09,16660.556640625,-0.008391686698956744,7.042040565344753e-05
2015-12-10,16710.857421875,0.003014605209691965,9.087844570301935e-06
2015-12-11,16342.3095703125,-0.022301229176425352,0.0004973448227794454
2015-12-14,16350.4599609375,0.000498605098969152,2.486070447180379e-07
2015-12-15,16398.458984375,0.0029313369328554184,8.592736213922211e-06
2015-12-16,16579.20703125,0.01096195569107565,0.00012016447257310585
2015-12-17,16741.3046875,0.00972967860675941,9.466664579083174e-05
2015-12-18,16594.107421875,-0.008831342587419815,7.799261189637491e-05
2015-12-21,16824.955078125,0.013815547820970945,0.000190869361593535
2015-12-22,16749.00390625,-0.004524417360048284,2.0470352447906284e-05
2015-12-23,16882.3046875,0.007927225248428184,6.284090013931728e-05
2015-12-24,16810.8046875,-0.004244197621116563,1.801321344709149e-05
2015-12-28,16978.953125,0.009952709720271747,9.905643077599172e-05
2015-12-29,16991.251953125,0.0007240950494166758,5.243136405897383e-07
2015-12-30,16917.703125,-0.004338024766327495,1.8818458873270716e-05
2015-12-31,16922.001953125,0.00025407007172196237,6.45516013448031e-08
2016-01-01,17039.052734375,0.0068932632286775085,4.751707793983747e-05
2016-01-04,16598.95703125,-0.026168065204382317,0.0006847676365408045
2016-01-05,16542.30859375,-0.0034186076845260714,1.1686878500700707e-05
2016-01-06,16432.958984375,-0.006632243995754979,4.398666041922797e-05
2016-01-07,16073.6630859375,-0.022106912882770925,0.0004887155972064231
2016-01-08,16142.462890625,0.004271147271319735,1.824269901330202e-05
2016-01-11,16016.0634765625,-0.007861060767296865,6.179627638713397e-05
2016-01-12,15734.6171875,-0.017728984392193923,0.00031431688757865573
2016-01-13,15871.6650390625,0.008672244935464032,7.520783222068154e-05
2016-01-14,15609.6181640625,-0.016648173184492583,0.0002771616703808579
2016-01-15,15206.123046875,-0.026189094477181693,0.0006858686695347487
2016-01-18,15020.625,-0.012273922113087239,0.00015064916403813191
2016-01-19,15269.47265625,0.01643132735213427,0.00026998851855299577
2016-01-20,14935.326171875,-0.022126293148698607,0.0004895728485021469
2016-01-21,15101.0244140625,0.011033292651819526,0.00012173354674069473
2016-01-22,15497.3701171875,0.025907756160162238,0.0006712118292544244
2016-01-25,15560.9697265625,0.004095498896069802,1.6773111207708966e-05
2016-01-27,15534.4189453125,-0.0017076993622773674,2.9162371119225275e-06
2016-01-28,15381.271484375,-0.009907507258387249,9.815870007499601e-05
2016-01-29,15522.2197265625,0.009121896200711563,8.320899029655604e-05
2016-02-01,15314.2724609375,-0.013487293989731291,0.00018190709916544181
2016-02-02,15067.8251953125,-0.016223545449041407,0.0002632034269371122
2016-02-03,14833.876953125,-0.0156481403502902,0.0002448642964223803
2016-02-04,14868.9775390625,0.0023634497678158375,5.585894804988736e-06
2016-02-05,15161.8740234375,0.019506990770451708,0.0003805226889184881
2016-02-08,15046.625,-0.00763027534125196,5.8221101783317706e-05
2016-02-09,14874.9267578125,-0.011476685979807149,0.00013171432107910198
2016-02-10,14588.2802734375,-0.019458542211192024,0.0003786348649847418
2016-02-11,14028.38671875,-0.03913558583329807,0.0015315940785154405
2016-02-12,13971.337890625,-0.004074962012211554,1.660531540096724e-05
2016-02-15,14444.83203125,0.033328768173726826,0.0011108067879780261
2016-02-16,14166.28515625,-0.0194718489394789,0.0003791529011218856
2016-02-17,14119.685546875,-0.0032948949868105426,1.0856332974109245e-05
2016-02-18,14297.984375,0.012548612768110569,0.0001574676824039876
2016-02-19,14344.033203125,0.0032154765407431066,1.0339289384069256e-05
2016-02-22,14384.6328125,0.0028264198818643256,7.988649348597948e-06
2016-02-23,14008.1865234375,-0.02651856056776182,0.0007032340545860521
2016-02-24,13793.8896484375,-0.015416195379909068,0.0002376590799915297
2016-02-25,13555.54296875,-0.017430176147046304,0.00030381104051706195
2016-02-26,13791.2900390625,0.01724169744854604,0.00029727613090719905
2016-02-29,13946.23828125,0.011172578334938092,0.00012482650665032803
2016-03-01,14412.732421875,0.03290219722926074,0.0010825545825131734
2016-03-02,15092.2744140625,0.04607097281221161,0.0021225345358635416
2016-03-03,15177.5732421875,0.0056359090323669005,3.176347062111481e-05
2016-03-04,15339.021484375,0.010581111683161748,0.00011195992445154205
2016-03-08,15146.32421875,-0.012642128710367084,0.0001598234183294877
2016-03-09,15278.8720703125,0.0087130869339231,7.591788391810146e-05
2016-03-10,15180.4736328125,-0.006460991037529339,4.174440518703445e-05
2016-03-11,15168.0234375,-0.0008204818829809775,6.731905203000104e-07
2016-03-14,15277.6220703125,0.007199657251805275,5.183506454347229e-05
2016-03-15,15326.6220703125,0.003202172982608482,1.0253911810547701e-05
2016-03-16,15461.5205078125,0.008763068470893459,7.679136902556701e-05
2016-03-17,15443.8203125,-0.0011454458535629932,1.312046203444654e-06
2016-03-18,15654.66796875,0.013560201718217561,0.00018387907063875048
2016-03-21,15925.9140625,0.01717845249494778,0.00029509923012117765
2016-03-22,15935.814453125,0.0006214597515499603,3.862122227965383e-07
2016-03-23,15887.5654296875,-0.003032302702316263,9.19485967847451e-06
2016-03-28,15604.71875,-0.01796340232864844,0.00032268382322089227
2016-03-29,15666.068359375,0.003923769994774986,1.5395970971896494e-05
2016-03-30,16134.662109375,0.029472761328672405,0.0008686436603368876
2016-03-31,16141.462890625,0.0004214125054136303,1.7758849971899298e-07
2016-04-01,16174.7119140625,0.002057733340690935,4.234266501391076e-06
2016-04-04,16190.4111328125,0.0009701319508995767,9.411560021562187e-07
2016-04-05,15694.8173828125,-0.03108860675854883,0.000966501470187688
2016-04-06,15636.7685546875,-0.0037054552335935133,1.3730398488165558e-05
2016-04-07,15530.5693359375,-0.006814802735282601,4.6441536320815224e-05
2016-04-08,15568.1689453125,0.002418080589361666,5.847113736647663e-06
2016-04-11,15818.31640625,0.015940157347869518,0.0002540886162748386
2016-04-12,15880.015625,0.0038929049395172105,1.5154708868117497e-05
2016-04-13,16278.3603515625,0.024775200235687158,0.000613810546718393
2016-04-18,16222.51171875,-0.003436750107003441,1.1811251297988164e-05
2016-04-20,16349.509765625,0.007798023250663277,6.080916661788506e-05
2016-04-21,16636.95703125,0.017428634812106835,0.0003037573114137823
2016-04-22,16703.20703125,0.00397419083318793,1.5794192778594972e-05
2016-04-25,16678.45703125,-0.0014828502550848712,2.1988448790052676e-06
2016-04-26,17002.353515625,0.01923388803945381,0.0003699424491142443
2016-04-27,16872.75390625,-0.007651650521677643,5.854775570588975e-05
2016-04-28,16716.70703125,-0.009291485679877755,8.633170613937338e-05
2016-04-29,16794.8046875,0.004660953423489401,2.1724486815937572e-05
2016-05-02,16542.80859375,-0.015118112459649911,0.0002285573243426219
2016-05-03,16388.5078125,-0.009371135277189446,8.781817638338452e-05
2016-05-04,16274.060546875,-0.007007883320436458,4.911042863285152e-05
2016-05-05,16280.810546875,0.00041468449236305323,1.7196322820640316e-07
2016-05-06,16296.41015625,0.0009577005177622119,9.171902817220087e-07
2016-05-09,16685.90625,0.02361957823717356,0.0005578844761019629
2016-05-10,16784.75390625,0.00590654281482798,3.488724802339604e-05
2016-05-11,16754.25390625,-0.0018187782165905266,3.3079542011442164e-06
2016-05-12,16923.501953125,0.010051113407593562,0.00010102488073230706
2016-05-13,16716.70703125,-0.0122946636193436,0.00015115875351281107
2016-05-16,16737.35546875,0.0012344354364771778,1.5238308468306005e-06
2016-05-17,16762.5546875,0.0015044352886502638,2.2633255377362027e-06
2016-05-18,16728.75390625,-0.002018481459540498,4.074267402508739e-06
2016-05-19,16565.056640625,-0.009833574592398935,9.669918926427388e-05
2016-05-20,16481.2578125,-0.005071609898355097,2.57212269610934e-05
2016-05-23,16407.359375,-0.0044938685894074515,2.0194854898862917e-05
2016-05-24,16456.458984375,0.002988067020722425,8.92854452032899e-06
2016-05-25,16997.251953125,0.03233363759912591,0.0010454641203916086
2016-05-26,17359.099609375,0.02106516089441364,0.00044374100350753367
2016-05-27,17511.59765625,0.008746542571986118,7.650200696356553e-05
2016-05-30,17520.447265625,0.0005052294025644034,2.55256749215584e-07
2016-05-31,17620.6953125,0.005705467236558796,3.2552356387445863e-05
2016-06-01,17423.24609375,-0.011268784289353195,0.00012698549935997338
2016-06-02,17567.595703125,0.008250754817206307,6.807495505365308e-05
2016-06-03,17680.595703125,0.006411698450871912,4.110987702491328e-05
2016-06-06,17671.1953125,-0.0005318197792245329,2.828322775744309e-07
2016-06-07,17947.94140625,0.015539492990570756,0.00024147584240399766
2016-06-08,17946.591796875,-7.519860297382837e-05,5.654829889215469e-09
2016-06-09,17887.4921875,-0.0032985167409582787,1.0880212690382024e-05
2016-06-10,17828.392578125,-0.0033094329709463994,1.0952346589187112e-05
2016-06-13,17593.744140625,-0.013248882851407113,0.00017553289681030947
2016-06-14,17672.1953125,0.004449125842182882,1.9794720759579543e-05
2016-06-15,17917.69140625,0.013796053326755011,0.00019033108739466802
2016-06-16,17671.095703125,-0.013858277830685176,0.0001920518644324602
2016-06-17,17695.845703125,0.00139961235301428,1.9589147387101697e-06
2016-06-20,17718.39453125,0.0012734330045161212,1.6216316169909557e-06
2016-06-21,17618.89453125,-0.005631459888183636,3.171334047222125e-05
2016-06-22,17625.845703125,0.0003944515929982295,1.555920592188409e-07
2016-06-23,17892.2421875,0.015000890853360463,0.00022502672639443361
2016-06-24,17425.84765625,-0.026412620110372872,0.0006976265010948734
2016-06-27,17514.74609375,0.005088558595183948,2.5893428576620435e-05
2016-06-28,17561.345703125,0.002657059803630924,7.059966800071206e-06
2016-06-29,17689.6953125,0.007282064464393042,5.302846286357592e-05
2016-06-30,17935.19140625,0.013782498837021335,0.00018995727419249446
2016-07-01,17985.44140625,0.0027978367219521844,7.827890322704145e-06
2016-07-04,18097.439453125,0.006207841717873924,3.853729879417587e-05
2016-07-05,18004.041015625,-0.005174228018577495,2.677263558823239e-05
2016-07-07,18084.689453125,0.004469460172507509,1.9976074233630852e-05
2016-07-08,18016.041015625,-0.0038031651633214153,1.4464065259501607e-05
2016-07-11,18390.736328125,0.020584548831338055,0.00042372365058974086
2016-07-12,18667.3828125,0.01493068887828487,0.0002229254703801395
2016-07-13,18618.732421875,-0.002609572916232228,6.809870805132776e-06
2016-07-14,18863.53125,0.013062301197452142,0.00017062371257295966
2016-07-15,18953.4296875,0.004754406732475155,2.2604383377805084e-05
2016-07-18,18923.1796875,-0.0015972922038515755,2.551342384485023e-06
2016-07-19,18904.9296875,-0.000964891014509937,9.310146698820155e-07
2016-07-20,18967.978515625,0.0033294980164248126,1.1085557041376762e-05
2016-07-21,18674.083984375,-0.015615536650505777,0.0002438449848832892
2016-07-22,18690.18359375,0.0008617650720804818,7.42639039457878e-07
2016-07-25,18989.37890625,0.015881373410906438,0.000252218021416646
2016-07-26,18860.630859375,-0.0068030916891287305,4.62820565306924e-05
2016-07-27,19021.728515625,0.008505205591058034,7.233852214616484e-05
2016-07-28,19076.328125,0.002866269388503779,8.215500207473827e-06
2016-07-29,18952.9296875,-0.006489680718726217,4.2115955831006825e-05
2016-08-01,18740.380859375,-0.01127792055955299,0.000127191492147588
2016-08-02,18708.033203125,-0.0017275852719039384,2.984550871699405e-06
2016-08-03,18601.783203125,-0.005695567411405457,3.2439488137863856e-05
2016-08-04,18571.482421875,-0.0016302462240763795,2.657702751115293e-06
2016-08-05,18925.728515625,0.018895092428224864,0.00035702451787116056
2016-08-08,18939.228515625,0.0007130603930631184,5.084551241553288e-07
2016-08-09,18933.080078125,-0.00032469304261174446,1.054255719204721e-07
2016-08-10,18647.583984375,-0.015194068189754476,0.00023085970815490885
2016-08-11,18640.18359375,-0.00039693396536330647,1.5755657285903858e-07
2016-08-12,18963.478515625,0.017195287353974603,0.0002956779071857589
2016-08-16,19001.9296875,0.002025590496297284,4.103016858689877e-06
2016-08-17,19041.029296875,0.0020555511025482157,4.225290335187185e-06
2016-08-18,19352.576171875,0.016229458499595836,0.0002633953231901035
2016-08-19,19414.47265625,0.0031932550370454955,1.0196877731616429e-05
2016-08-22,19330.025390625,-0.004359194394470507,1.900257576878309e-05
2016-08-23,19341.42578125,0.0005896024384806941,3.4763103546238067e-07
2016-08-24,19355.375,0.0007209494879461661,5.197681641698391e-07
2016-08-25,19304.025390625,-0.002656515054776052,7.057072236251811e-06
2016-08-26,19195.52734375,-0.005636342575569915,3.1768357629182105e-05
2016-08-29,19216.77734375,0.0011064164121707613,1.22415727712082e-06
2016-08-30,19531.32421875,0.01623582946716537,0.0002636021584868753
2016-08-31,19787.369140625,0.013024265021442981,0.00016963147934878314
2016-09-01,19788.619140625,6.316961646209218e-05,3.9904004439678275e-09
2016-09-02,19882.96875,0.0047565420129367705,2.2624691920832586e-05
2016-09-06,20425.9609375,0.02694316318271177,0.0007259340422902349
2016-09-07,20406.6640625,-0.0009451695273847058,8.933454354966282e-07
2016-09-08,20417.01171875,0.0005069438884951297,2.569921060825625e-07
2016-09-09,20245.06640625,-0.008457331514477445,7.152645634577336e-05
2016-09-12,19790.369140625,-0.022715717282571088,0.0005160038116616988
2016-09-14,19908.919921875,0.005972456255206932,3.567023372036041e-05
2016-09-15,19837.3203125,-0.003602840741787855,1.2980461410686461e-05
2016-09-16,19855.21875,0.0009018540580104889,8.133407419499863e-07
2016-09-19,19906.619140625,0.0025854146580439334,6.6843689540284295e-06
2016-09-20,19852.0703125,-0.002743997003045745,7.52951955272403e-06
2016-09-21,19828.21875,-0.001202187077571977,1.4452537694810506e-06
2016-09-22,20109.365234375,0.014079526134925401,0.0001982330561840474
2016-09-23,19901.5703125,-0.010386999817769322,0.00010788976521433993
2016-09-26,19591.521484375,-0.015701743472979278,0.00024654474809124733
2016-09-27,19518.47265625,-0.003735562465621216,1.3954426934558059e-05
2016-09-28,19653.322265625,0.00688506321170656,4.7404095429195046e-05
2016-09-29,19183.427734375,-0.024199628585899042,0.0005856220236954621
2016-09-30,19285.474609375,0.0053054341635660075,2.814763166393334e-05
2016-10-03,19588.822265625,0.015606909343803148,0.00024357561926569
2016-10-04,19672.470703125,0.004261121208344832,1.8157153952206126e-05
2016-10-05,19536.623046875,-0.006929423092394628,4.801690439341193e-05
2016-10-06,19394.826171875,-0.007284470774398869,5.306351446307126e-05
2016-10-07,19399.875,0.0002602844203458006,6.774797947474942e-08
2016-10-10,19378.326171875,-0.0011113888572373946,1.235185191991442e-06
2016-10-13,18954.029296875,-0.02213869716254,0.0004901219120546567
2016-10-14,19019.9296875,0.0034708236140717974,1.2046616559998413e-05
2016-10-17,19070.1796875,0.002638481746372554,6.961585925941161e-06
2016-10-18,19494.82421875,0.022023163568626946,0.00048501973357049715
2016-10-19,19411.873046875,-0.0042641140674628715,1.8182668780334754e-05
2016-10-20,19658.470703125,0.01262343287544861,0.00015935105756095675
2016-10-21,19710.671875,0.002651884143192782,7.032489508917316e-06
2016-10-24,19807.669921875,0.004909023873820603,2.4098515393740637e-05
2016-10-25,19834.669921875,0.0013621801478606694,1.855534755225715e-06
2016-10-26,19483.373046875,-0.017869975049772748,0.00031933600827950055
2016-10-27,19514.373046875,0.0015898358051284994,2.527577887268584e-06
2016-10-28,19555.72265625,0.0021166892002347933,4.480373170390609e-06
2016-11-01,19458.373046875,-0.0049904943155400505,2.490503351343756e-05
2016-11-02,19227.677734375,-0.01192667860647221,0.0001422456625820819
2016-11-03,19178.4765625,-0.0025621518056854974,6.564621875377455e-06
2016-11-04,19057.87890625,-0.006308030912759434,3.979125399632862e-05
2016-11-07,19355.775390625,0.015510237795440026,0.00024056747647109626
2016-11-08,19500.57421875,0.007453067509245254,5.554821529736726e-05
2016-11-09,19518.0234375,0.0008944052816532314,7.999608078491962e-07
2016-11-10,20200.015625,0.03434506038853028,0.0011795831730917919
2016-11-11,19738.572265625,-0.023108673501448837,0.0005340107909965636
2016-11-15,19289.525390625,-0.02301248171277102,0.0005295743145806207
2016-11-16,19107.876953125,-0.009461566748081839,8.952124532840795e-05
2016-11-17,19087.626953125,-0.001060334323483398,1.1243088775569954e-06
2016-11-18,18958.830078125,-0.0067705314531089494,4.584009615753758e-05
2016-11-21,18446.185546875,-0.027412186497892326,0.0007514279685952303
2016-11-22,18548.435546875,0.005527844716259,3.055706720707254e-05
2016-11-23,18540.685546875,-0.00041791230874437115,1.746506978000506e-07
2016-11-24,18255.88671875,-0.015479948143702694,0.0002396287945317245
2016-11-25,18507.0859375,0.013666094449358514,0.0001867621374987876
2016-11-28,18301.236328125,-0.011185065918786461,0.00012510569960759842
2016-11-29,18223.5390625,-0.00425450297736451,1.810079558440348e-05
2016-11-30,18627.583984375,0.021929378556640736,0.00048089764388045453
2016-12-01,18428.234375,-0.010759526648167783,0.00011576741369263266
2016-12-02,18247.4375,-0.009859306199362674,9.720591873279125e-05
2016-12-05,18408.685546875,0.008797934618805948,7.740365355678416e-05
2016-12-06,18420.685546875,0.0006516538332466279,4.2465271838502396e-07
2016-12-07,18233.9375,-0.010189692168879117,0.0001038298264965164
2016-12-08,18515.234375,0.015309317446372022,0.00023437520067379078
2016-12-09,18695.583984375,0.00969347246382265,9.396340840688796e-05
2016-12-12,18392.736328125,-0.016331523505425227,0.0002667186600082567
2016-12-13,18465.8359375,0.003966496840325073,1.573309718430879e-05
2016-12-14,18341.287109375,-0.0067676739277894235,4.580141039288072e-05
2016-12-15,18400.935546875,0.0032468634497050883,1.0542122261030827e-05
2016-12-16,18312.587890625,-0.00481282200741533,2.3163255675061328e-05
2016-12-19,18256.837890625,-0.003048997461591839,9.296385520793476e-06
2016-12-20,18069.189453125,-0.010331441136321404,0.0001067386759532741
2016-12-21,18084.2890625,0.0008353060824527706,6.977362513825948e-07
2016-12-22,17891.2421875,-0.010732223888136529,0.00011518062958508835
2016-12-23,17883.79296875,-0.0004164478846840545,1.7342884065782356e-07
2016-12-26,17655.345703125,-0.01285627174461273,0.00016528372317132765
2016-12-27,17879.34375,0.012607455830732285,0.00015894794252386548
2016-12-28,17876.4921875,-0.00015950193479070935,2.5440867201979698e-08
2016-12-29,18032.94140625,0.00871359935161249,7.592681366042161e-05
2016-12-30,18176.98828125,0.007956250460174348,6.330192138502452e-05
2017-01-02,17969.390625,-0.011486624392644475,0.00013194253993769505
2017-01-03,18035.390625,0.00366618385856488,1.3440904084801674e-05
2017-01-04,17890.79296875,-0.008049752163694966,6.479850989691179e-05
2017-01-05,18115.73828125,0.012494857529957505,0.00015612146469393576
2017-01-06,18263.787109375,0.008139174100809866,6.62461550432941e-05
2017-01-09,18286.4375,0.0012394120017914785,1.53614211018476e-06
2017-01-10,18409.384765625,0.006700911334540973,4.490221271337969e-05
2017-01-11,18829.78125,0.022579149303227054,0.0005098179832574188
2017-01-12,18873.73046875,0.0023313074380525043,5.434994370718931e-06
2017-01-13,18911.87890625,0.0020192052526098797,4.077189852167328e-06
2017-01-16,19096.2265625,0.009700515169959737,9.409999456261898e-05
2017-01-17,19066.830078125,-0.0015405731498853942,2.373365630147805e-06
2017-01-18,19164.27734375,0.0050978108264167305,2.5987675221931628e-05
2017-01-19,19124.02734375,-0.002102470462205471,4.420382044446486e-06
2017-01-20,18820.58203125,-0.01599446068830972,0.00025582277270988507
2017-01-23,18842.48046875,0.0011628602940969048,1.3522440635871397e-06
2017-01-24,19023.279296875,0.009549535158781658,9.119362174880701e-05
2017-01-25,19472.97265625,0.023364031189878384,0.0005458779534416099
2017-01-27,19708.072265625,0.012000824961163238,0.00014401979974847863
2017-01-30,19585.021484375,-0.006263247393467837,3.922826791178165e-05
2017-01-31,19514.923828125,-0.003585566720842255,1.285628870961148e-05
2017-02-01,20020.3671875,0.025570617375387274,0.0006538564729584575
2017-02-02,20070.068359375,0.0024794540971837453,6.147692620041261e-06
2017-02-03,20196.56640625,0.006283041220297087,3.94766069759523e-05
2017-02-06,20371.36328125,0.00861754386169164,7.426206220817927e-05
2017-02-07,20327.013671875,-0.0021794297586272392,4.749914072789986e-06
2017-02-08,20245.166015625,-0.004034674395647922,1.6278597478896923e-05
2017-02-09,20150.916015625,-0.004666302585811924,2.1774379822355048e-05
2017-02-10,20213.666015625,0.0031091638952803822,9.66690012771508e-06
2017-02-13,20251.564453125,0.0018731364256169124,3.508640068972903e-06
2017-02-14,20257.86328125,0.00031098085201622486,9.670909032073714e-08
2017-02-15,20163.46484375,-0.004670732679656632,2.181574376481242e-05
2017-02-16,20243.46484375,0.003959722015406936,1.5679398439298367e-05
2017-02-17,20551.111328125,0.015083001006913808,0.00022749691937456296
2017-02-20,20676.859375,0.0061001516530306225,3.7211850189972236e-05
2017-02-21,20860.70703125,0.008852172753226542,7.836096245296638e-05
2017-02-22,20868.20703125,0.0003594629886377446,1.292136402003793e-07
2017-02-23,20876.408203125,0.0003929211916059204,1.543870628130164e-07
2017-02-27,20612.810546875,-0.012706973572722739,0.0001614671773778741
2017-02-28,20607.009765625,-0.0002814559231125145,7.921743665511767e-08
2017-03-01,20783.5078125,0.008528480772878188,7.273498429335294e-05
2017-03-02,20559.8125,-0.010821457675478081,0.00011710394622216347
2017-03-03,20495.361328125,-0.003139737032471235,9.857948633071277e-06
2017-03-06,20663.41015625,0.008165927013258144,6.668236398585908e-05
2017-03-07,20627.259765625,-0.0017510202634173845,3.066071962898287e-06
2017-03-08,20676.310546875,0.0023751362866673287,5.6412723802438666e-06
2017-03-09,20721.109375,0.0021643303228673005,4.684325746482873e-06
2017-03-10,20727.310546875,0.00029922356186117395,8.95347399728878e-08
2017-03-14,21102.453125,0.017937114788137233,0.00032174008692281144
2017-03-15,21157.654296875,0.002612449737484649,6.824893630883612e-06
2017-03-16,21249.654296875,0.004338881545779619,1.8825893068306932e-05
2017-03-17,21174.8046875,-0.003528610090976787,1.245108917414321e-05
2017-03-20,21110.00390625,-0.0030649698619186153,9.394040254469415e-06
2017-03-21,21018.755859375,-0.004331871627485797,1.876511179701645e-05
2017-03-22,20781.107421875,-0.01137089834502424,0.00012929732917287497
2017-03-23,20895.2578125,0.005477957371529232,3.0008016964291454e-05
2017-03-24,21122.3046875,0.01080734204383798,0.00011679864205250807
2017-03-27,21056.65625,-0.0031128548001759537,9.689865006978477e-06
2017-03-28,21225.154296875,0.007970280207321625,6.352536658322284e-05
2017-03-29,21390.90234375,0.007778705760245915,6.0508263304482985e-05
2017-03-30,21620.447265625,0.01067379207070767,0.00011392983716870194
2017-03-31,21443.900390625,-0.008199258722332532,6.72278435957461e-05
2017-04-03,21547.5,0.004819559677947521,2.3228155489297614e-05
2017-04-05,21652.447265625,0.004858685194015372,2.3606821814544195e-05
2017-04-06,21622.697265625,-0.0013749234119908357,1.8904143888405212e-06
2017-04-07,21430.900390625,-0.008909738290441364,7.9383436404157e-05
2017-04-10,21519.900390625,0.0041442825634413925,1.7175077965644358e-05
2017-04-11,21735.8984375,0.009987092970841537,9.974202600823244e-05
2017-04-12,21666.548828125,-0.0031956570544687465,1.0212224009775866e-05
2017-04-13,21686.34765625,0.0009133797788383423,8.342626203907791e-07
2017-04-17,21647.34765625,-0.0017999854500559773,3.239947620413219e-06
2017-04-18,21671.59765625,0.0011196026292051267,1.2535100473230324e-06
2017-04-19,21556.099609375,-0.005343718450026584,2.8555326873154514e-05
2017-04-20,21491.150390625,-0.0030175803580713644,9.105791217418103e-06
2017-04-21,21551.19921875,0.002790222542605014,7.78534183726119e-06
2017-04-24,21857.146484375,0.014096475085596503,0.00019871060983884292
2017-04-25,22054.443359375,0.008986156199778095,8.07510032468103e-05
2017-04-26,22242.591796875,0.008494905732987468,7.216342341234335e-05
2017-04-27,22326.041015625,0.0037447554929386792,1.402319370189441e-05
2017-04-28,22357.990234375,0.0014300063490560566,2.0449181583406323e-06
2017-05-02,22341.08984375,-0.0007561852011624292,5.718160584570635e-07
2017-05-03,22307.041015625,-0.001525207621020964,2.3262582872204285e-06
2017-05-04,22719.8359375,0.018336003524656492,0.00033620902525621527
2017-05-05,22604.685546875,-0.00508116289380936,2.581821635342511e-05
2017-05-08,22767.0859375,0.0071586838623400395,5.1246754640927706e-05
2017-05-09,22707.037109375,-0.0026410124705961496,6.974946869844378e-06
2017-05-10,22830.083984375,0.00540425795570868,2.9206004051840556e-05
2017-05-11,22818.18359375,-0.0005213950726269793,2.7185282175969306e-07
2017-05-12,22671.435546875,-0.006451957994506657,4.1627761962878365e-05
2017-05-15,22821.234375,0.006585648623805755,4.337076779623463e-05
2017-05-16,22928.333984375,0.00468200286302981,2.192115080941934e-05
2017-05-17,22935.68359375,0.00032049566636387886,1.0271747215802675e-07
2017-05-18,22698.3359375,-0.010402318223621487,0.00010820822442548768
2017-05-19,22769.53515625,0.0031318500397590236,9.808484671538597e-06
2017-05-22,22652.5859375,-0.00514945028372697,2.651683822457577e-05
2017-05-23,22582.5390625,-0.003097015029267042,9.591502091505938e-06
2017-05-24,22536.0390625,-0.002061235898651753,4.2486934298907e-06
2017-05-25,23190.53125,0.028628295675987774,0.0008195793133117802
2017-05-26,23361.927734375,0.007363617844515551,5.4222867760067846e-05
2017-05-29,23182.48046875,-0.007710836238684486,5.945699549980991e-05
2017-05-30,23306.978515625,0.005355981644564921,2.8686539376916354e-05
2017-05-31,23424.529296875,0.005030911035714031,2.531006584926922e-05
2017-06-01,23309.87890625,-0.004906475765335496,2.407350443582454e-05
2017-06-02,23375.62890625,0.0028167217859272984,7.93392161931747e-06
2017-06-05,23459.376953125,0.0035763051418252383,1.2789958467445638e-05
2017-06-06,23416.029296875,-0.001849484498333148,3.420592909574616e-06
2017-06-07,23567.376953125,0.006442622697389176,4.150738722091418e-05
2017-06-08,23535.826171875,-0.00133964502943975,1.794648804902629e-06
2017-06-09,23690.625,0.006555622058060816,4.2976180568133535e-05
2017-06-12,23470.17578125,-0.00934890081324524,8.740194641589751e-05
2017-06-13,23477.576171875,0.0003152607048652885,9.938931203215856e-08
2017-06-14,23498.42578125,0.0008876707202482076,7.879593075859716e-07
2017-06-15,23391.478515625,-0.0045616408342158505,2.0808567100385482e-05
2017-06-16,23502.4765625,0.0047340111955506805,2.2410861999599183e-05
2017-06-19,23741.875,0.010134565450402276,0.00010270941686848749
2017-06-20,23697.673828125,-0.00186347407417327,3.4725356251159255e-06
2017-06-21,23708.474609375,0.000455670067823653,2.076352107104125e-07
2017-06-22,23735.82421875,0.0011529146000672894,1.3292120750483177e-06
2017-06-23,23542.4765625,-0.008179174418250017,6.68988941641555e-05
2017-06-27,23215.98046875,-0.013965448004154911,0.00019503373795675438
2017-06-28,23235.580078125,0.0008438730715335715,7.121217608595042e-07
2017-06-29,23227.03125,-0.00036798741943702186,1.3541474086391866e-07
2017-06-30,23210.9296875,-0.0006934655536203964,4.808944740580428e-07
2017-07-03,23272.53125,0.002650473838230858,7.025011567146216e-06
2017-07-04,23213.9296875,-0.002521232735745547,6.356614507794975e-06
2017-07-05,23352.328125,0.005944168653677085,3.5333140983357254e-05
2017-07-06,23466.376953125,0.004871943960075104,2.3735837950112285e-05
2017-07-07,23448.876953125,-0.0007460260514251366,5.565548694049806e-07
2017-07-10,23674.775390625,0.009587549209990201,9.192109985398373e-05
2017-07-11,23584.326171875,-0.003827805700858552,1.465209648352523e-05
2017-07-12,23695.173828125,0.0046890453305087195,2.1987146111565627e-05
2017-07-13,23888.373046875,0.008120465711296312,6.594196336833912e-05
2017-07-14,23937.421875,0.002051146056292083,4.2072001442425655e-06
2017-07-17,24014.771484375,0.003226116306383261,1.0407826422311974e-05
2017-07-18,24021.771484375,0.00029144478836051947,8.494006466250798e-08
2017-07-19,24152.369140625,0.005421912025353089,2.9397130010668433e-05
2017-07-20,24213.068359375,0.0025100259092353224,6.300230065032607e-06
2017-07-21,24256.76953125,0.001803232097261826,3.2516459965952836e-06
2017-07-24,24420.56640625,0.006729928418144473,4.5291936513348564e-05
2017-07-25,24520.4140625,0.004080334877848365,1.664913271538583e-05
2017-07-26,24670.412109375,0.0060986376305947375,3.719338094930619e-05
2017-07-27,24922.111328125,0.010150779291784038,0.00010303832023051166
2017-07-28,24811.01171875,-0.004467839032774436,1.9961585622782812e-05
2017-07-31,25103.359375,0.011714101283288446,0.00013722016887514002
2017-08-01,25122.5078125,0.0007624930936981596,5.813957179373905e-07
2017-08-02,25054.908203125,-0.002694425326776531,7.259927841574816e-06
2017-08-03,24674.763671875,-0.015288736950934087,0.00023374547755485733
2017-08-04,24827.16015625,0.00615721386368788,3.791128256319023e-05
2017-08-07,24906.060546875,0.003172947808498338,1.0067597795454406e-05
2017-08-08,24599.21484375,-0.012396643803390804,0.00015367677758814762
2017-08-09,24374.31640625,-0.009184553889378432,8.435603014689648e-05
2017-08-10,24217.068359375,-0.006472282959856555,4.189044671244952e-05
2017-08-11,23985.470703125,-0.009609429001764994,9.234112573996216e-05
2017-08-14,24115.46875,0.005405231783848642,2.9216530637127574e-05
2017-08-16,24437.416015625,0.01326190959783339,0.00017587824618110537
2017-08-17,24236.96875,-0.008236299225054094,6.783662492462667e-05
2017-08-18,24074.169921875,-0.006739623566237401,4.542252581458254e-05
2017-08-21,23936.22265625,-0.005746574349336431,3.302311675245143e-05
2017-08-22,23974.169921875,0.001584093618034015,2.5093525906960957e-06
2017-08-23,24316.517578125,0.014178857639800492,0.00020104000396972877
2017-08-24,24273.91796875,-0.001753415865069306,3.0744671958767427e-06
2017-08-28,24376.81640625,0.004230094047210994,1.7893695648249887e-05
2017-08-29,24128.66796875,-0.0102318575147031,0.0001046909082011863
2017-08-30,24308.416015625,0.007421952653316823,5.508538118807663e-05
2017-08-31,24318.1171875,0.00039900734700465233,1.5920686296369104e-07
2017-09-01,24433.716796875,0.004742378556113024,2.2490154369480648e-05
2017-09-04,24236.568359375,-0.008101432533476257,6.563320909446752e-05
2017-09-05,24328.017578125,0.0037660910753523655,1.4183441987848737e-05
2017-09-06,24278.869140625,-0.002022283572050052,4.089630845783518e-06
2017-09-07,24304.6171875,0.0010599506635547607,1.1234954091701775e-06
2017-09-08,24370.517578125,0.0027077657291520243,7.331995243970194e-06
2017-09-11,24671.962890625,0.012293387528354547,0.0001511273769223031
2017-09-12,24784.412109375,0.004547418306666218,2.067901325580305e-05
2017-09-13,24831.51171875,0.0018985688419689967,3.604563647695497e-06
2017-09-14,24911.9609375,0.0032345666514706456,1.0462421422806026e-05
2017-09-15,24844.01171875,-0.002731300680672904,7.46000340824427e-06
2017-09-18,25046.609375,0.008121717687925986,6.596229820236982e-05
2017-09-19,25041.259765625,-0.00021360898305822974,4.562879764317108e-08
2017-09-20,24964.759765625,-0.003059634035892709,9.361360433593107e-06
2017-09-21,24798.9609375,-0.006663466447534388,4.440178509741655e-05
2017-09-22,24368.56640625,-0.017507714874435323,0.0003065200801245239
2017-09-25,24164.76953125,-0.008398271781425643,7.053096891469025e-05
2017-09-26,24198.869140625,0.0014101343886417576,1.9884789940300637e-06
2017-09-27,23812.671875,-0.01608803163589321,0.0002588247619175007
2017-09-28,24007.87109375,0.00816386811102911,6.664874253427802e-05
2017-09-29,24052.720703125,0.0018663782827946609,3.4833678944875473e-06
2017-10-03,24103.12109375,0.0020932209737021114,4.3815740447464156e-06
2017-10-04,24113.021484375,0.0004106670602318248,1.6864743435944923e-07
2017-10-05,24057.771484375,-0.002293922139223593,5.262078780820145e-06
2017-10-06,24189.71875,0.005469614851920751,2.9916686628352062e-05
2017-10-09,24251.619140625,0.002555685991034553,6.5315308847702645e-06
2017-10-10,24347.166015625,0.003932073519886278,1.5461202165790862e-05
2017-10-11,24107.169921875,-0.009906153978135008,9.813188663852004e-05
2017-10-12,24360.966796875,0.010472826557124249,0.00010968009609560694
2017-10-13,24688.86328125,0.013370132716670787,0.00017876044886139055
2017-10-16,24702.763671875,0.0005628642686818029,3.1681618495870077e-07
2017-10-17,24645.3125,-0.0023284067906014214,5.4214781825188114e-06
2017-10-18,24313.466796875,-0.013556334121550455,0.00018377419481511314
2017-10-19,24009.470703125,-0.012582020873139204,0.00015830724925211062
2017-10-23,24088.62109375,0.003291210071538424,1.083206373499596e-05
2017-10-24,24221.869140625,0.005516333372834174,3.0429933880244057e-05
2017-10-25,25035.609375,0.033043277824941306,0.0010918582094162578
2017-10-26,25021.908203125,-0.0005474171664930768,2.9966555417130903e-07
2017-10-27,24839.26171875,-0.0073262340856926084,5.367370587836421e-05
2017-10-30,24988.259765625,0.005980570035989494,3.576721795537537e-05
2017-10-31,25019.05859375,0.0012317729896183514,1.5172646979533311e-06
2017-11-01,25490.15234375,0.01865431679683514,0.00034798353515668563
2017-11-02,25427.005859375,-0.0024803629651614445,6.152200438944473e-06
2017-11-03,25650.400390625,0.008747349252425849,7.651611894391506e-05
2017-11-06,25570.853515625,-0.0031060129491066795,9.647316440018373e-06
2017-11-07,25300.505859375,-0.010628778341507925,0.00011297092903290795
2017-11-08,25184.056640625,-0.004613268670993126,2.1282247830766682e-05
2017-11-09,25291.0546875,0.004239642244656946,1.7974566362679785e-05
2017-11-10,25498.65234375,0.008174837954151,6.682797557662772e-05
2017-11-13,25358.005859375,-0.0055311083312405,3.059315937191807e-05
2017-11-14,25284.306640625,-0.00291058078275749,8.471480492957204e-06
2017-11-15,25218.607421875,-0.0026018005903789385,6.769366312096193e-06
2017-11-16,25446.3046875,0.008988421735972259,8.079172530369855e-05
2017-11-17,25728.1015625,0.011013307001485317,0.0001212929311089655
2017-11-20,25768.30078125,0.0015612440902986312,2.4374831094924006e-06
2017-11-21,25757.201171875,-0.0004308394533173846,1.856226345348228e-07
2017-11-22,25766.3515625,0.00035519253761006784,1.2616173877387947e-07
2017-11-23,25735.951171875,-0.0011805450452384147,1.3936866038369705e-06
2017-11-24,25779.3515625,0.001684951794491645,2.839062549760615e-06
2017-11-27,25891.6484375,0.004346618095366788,1.8893088866970007e-05
2017-11-28,25846.099609375,-0.001760758502729539,3.1002705049343683e-06
2017-11-29,25795.3984375,-0.0019635831679209854,3.8556588573426125e-06
2017-11-30,25332.10546875,-0.018123538779966503,0.0003284626579089497
2017-12-01,25191.65625,-0.00555974360397773,3.091074894197127e-05
2017-12-04,25074.80859375,-0.004649138031885062,2.1614484439520108e-05
2017-12-05,25124.556640625,0.001982019610351272,3.928401735817008e-06
2017-12-06,24851.51171875,-0.010927135634411089,0.00011940229317281664
2017-12-07,25056.958984375,0.008233008273162229,6.778242522595771e-05
2017-12-08,25320.85546875,0.010476790272759518,0.00010976313441938845
2017-12-11,25404.5546875,0.003300093363602324,1.08906162084921e-05
2017-12-12,25125.15625,-0.011058891089004062,0.00012229907211845346
2017-12-13,25000.05859375,-0.004991416649921001,2.491424017310859e-05
2017-12-14,25167.90625,0.006691452725316558,4.4775539575146395e-05
2017-12-15,25440.005859375,0.010753347452468424,0.00011563448143350915
2017-12-18,25594.25390625,0.006044900710973467,3.654082460552753e-05
2017-12-19,25715.900390625,0.004741623328038521,2.24829917849991e-05
2017-12-20,25591.40234375,-0.004853043702880286,2.3552033182065996e-05
2017-12-21,25554.00390625,-0.0014624360976855436,2.1387193398137207e-06
2017-12-22,25648.251953125,0.0036814062871445277,1.3552752251027257e-05
2017-12-26,25674.951171875,0.0010404347169632841,1.0825044002624691e-06
2017-12-27,25495.75390625,-0.007003929216713562,4.905502447273385e-05
2017-12-28,25489.703125,-0.00023735322308466184,5.633655250867725e-08
2017-12-29,25539.15234375,0.0019380890977915973,3.7561893509786477e-06
2018-01-01,25317.8046875,-0.008704769882079117,7.57730186999517e-05
2018-01-02,25337.955078125,0.0007955814612625986,6.329498615047317e-07
2018-01-03,25318.3046875,-0.0007758327085962116,6.019163917277342e-07
2018-01-04,25462.302734375,0.005671394658589171,3.2164717373473774e-05
2018-01-05,25601.552734375,0.005453969109716899,2.9745779049746145e-05
2018-01-08,25675.80078125,0.002895941138706207,8.386475078851004e-06
2018-01-09,25703.501953125,0.0010783009143700607,1.162732861931309e-06
2018-01-10,25617.00390625,-0.003370899305559044,1.1362962128218444e-05
2018-01-11,25660.6015625,0.0017004564217406564,2.8915520422390372e-06
2018-01-12,25748.751953125,0.0034293555933980237,1.1760479785970311e-05
2018-01-15,26068.896484375,0.012356740008072907,0.00015268902362710962
2018-01-16,25974.59765625,-0.0036238508915964213,1.3132295284524179e-05
2018-01-17,26288.794921875,0.012023752589507372,0.00014457062633368523
2018-01-18,26537.091796875,0.009400644985396476,8.837212614145991e-05
2018-01-19,26909.1875,0.013924326259558549,0.00019388686178263177
2018-01-22,27040.884765625,0.004882200215407276,2.3835878943322853e-05
2018-01-23,27390.28125,0.012838280306697604,0.00016482144123333952
2018-01-24,27398.232421875,0.00029024959422837535,8.424482694973654e-08
2018-01-25,27445.33203125,0.0017175988258195578,2.9501457264567235e-06
2018-01-29,27498.12890625,0.0019218625965606354,3.6935558400587875e-06
2018-01-30,27268.734375,-0.008377177695598693,7.017710614363623e-05
2018-01-31,27379.130859375,0.004040290835773631,1.6323950037636386e-05
2018-02-01,27220.3828125,-0.00581501495268211,3.381439889991652e-05
2018-02-02,26450.84375,-0.028678003165996443,0.000822427865588902
2018-02-05,26098.447265625,-0.013412236786046038,0.00017988809560496655
2018-02-06,25811.0,-0.011075063167863742,0.00012265702417217205
2018-02-07,25669.701171875,-0.0054894039796682245,3.0133556051997342e-05
2018-02-08,25920.349609375,0.009717005736215987,9.442020047765438e-05
2018-02-09,25463.353515625,-0.017788057922170124,0.00031641500464247934
2018-02-12,25701.30078125,0.009301303189794172,8.651424102847523e-05
2018-02-14,25340.955078125,-0.014119739960282453,0.00019936705654599715
2018-02-15,25424.0546875,0.0032738960943053896,1.0718395636308084e-05
2018-02-16,25163.607421875,-0.010296960008537361,0.00010602738541741773
2018-02-19,25058.259765625,-0.004195296458056363,1.7600512370980266e-05
2018-02-20,24874.111328125,-0.007375947440202458,5.440460064062919e-05
2018-02-21,24936.41015625,0.002501433783586116,6.257170973665952e-06
2018-02-22,24954.908203125,0.0007415337309543212,5.498722741430356e-07
2018-02-23,25302.205078125,0.013821024755131951,0.00019102072528197022
2018-02-26,25687.6015625,0.015116896846281409,0.00022852057026111281
2018-02-27,25383.3046875,-0.011916783876721113,0.00014200973796448026
2018-02-28,25107.109375,-0.01094061407904638,0.00011969703642662787
2018-03-01,24902.26171875,-0.008192416640167502,6.711569040609338e-05
2018-03-05,24818.41015625,-0.0033729086447446413,1.1376512725793133e-05
2018-03-06,24448.166015625,-0.01503051925761537,0.00022591650915354647
2018-03-07,24133.818359375,-0.012941095235870673,0.00016747194590387463
2018-03-08,24477.365234375,0.014134714251167227,0.0001997901469621499
2018-03-09,24296.166015625,-0.007430261773320665,5.5208790020070356e-05
2018-03-12,24663.912109375,0.015022566295201068,0.00022567749809371113
2018-03-13,24738.36328125,0.0030140809365595384,9.084683892131624e-06
2018-03-14,24851.361328125,0.004557324862696012,2.0769209904147222e-05
2018-03-15,24791.560546875,-0.0024092381317261154,5.804428375363143e-06
2018-03-16,24489.265625,-0.012268410941149905,0.0001505139070209267
2018-03-19,24244.818359375,-0.010031965135705858,0.00010064032448401786
2018-03-20,24167.91796875,-0.0031768687801567923,1.0092495246334906e-05
2018-03-21,24255.318359375,0.0036098572570732266,1.303106941644424e-05
2018-03-22,24141.21875,-0.004715205987432636,2.2233167503920577e-05
2018-03-23,23670.125,-0.019706996680672086,0.0003883657181720206
2018-03-26,24244.068359375,0.023958279267711532,0.0005739991454696562
2018-03-27,24433.8671875,0.007798185679986596,6.0811699899548004e-05
2018-03-28,24263.068359375,-0.007014795760195707,4.920735955725966e-05
2018-04-02,24328.216796875,0.0026814881033637343,7.190378448481237e-06
2018-04-03,24510.314453125,0.007457165293425982,5.560931421347702e-05
2018-04-04,24129.21875,-0.015670524639273008,0.00024556534247006245
2018-04-05,24759.513671875,0.025786303535004072,0.0006649334499993635
2018-04-06,24872.861328125,0.00456749665133199,2.0862025659928942e-05
2018-04-09,25093.509765625,0.00883193503708939,7.800307649936716e-05
2018-04-10,25226.5078125,0.0052861013557452255,2.7942867543211512e-05
2018-04-11,25097.958984375,-0.005108811514564571,2.6099955091347548e-05
2018-04-12,25194.806640625,0.0038513601214007352,1.4832974784715885e-05
2018-04-13,25200.306640625,0.00021827513279476033,4.7644033596570255e-08
2018-04-16,25320.5546875,0.0047603414031615445,2.2660850274654023e-05
2018-04-17,25334.154296875,0.0005369534234593873,2.883189789647561e-07
2018-04-18,25102.009765625,-0.00920554427283084,8.47420453590487e-05
2018-04-19,25125.857421875,0.0009495787648290125,9.01699830614193e-07
2018-04-20,24943.560546875,-0.007281797468902785,5.302457437811901e-05
2018-04-23,24960.359375,0.0006732468626039079,4.532613380060052e-07
2018-04-24,25041.80859375,0.0032578303740370025,1.0613458745998076e-05
2018-04-25,24814.111328125,-0.009134275293262547,8.343498513310659e-05
2018-04-26,25010.609375,0.007887613331388559,6.221444406549852e-05
2018-04-27,25394.3046875,0.015224814134156262,0.0002317949654196043
2018-04-30,25531.302734375,0.00538033356086483,2.8947989226168417e-05
2018-05-02,25568.00390625,0.0014364648210974027,2.063431182250393e-06
2018-05-03,25604.953125,0.0014440918529917111,2.0854012798770336e-06
2018-05-04,25645.1015625,0.0015667669413311264,2.4547586484480933e-06
2018-05-07,25851.75,0.008025715765162417,6.441211354317656e-05
2018-05-08,26090.197265625,0.00918136316469668,8.429742956204903e-05
2018-05-09,26154.14453125,0.002448008544488764,5.992745833889998e-06
2018-05-10,26130.6953125,-0.0008969797131364685,8.045726057783813e-07
2018-05-11,26412.84375,0.010739708610317776,0.00011534134103453378
2018-05-14,26474.841796875,0.0023445183744753976,5.49676640825276e-06
2018-05-15,26473.69140625,-4.3453163122353474e-05,1.88817738533786e-09
2018-05-16,26181.845703125,-0.01108520424187464,0.0001228817530840755
2018-05-17,26073.498046875,-0.00414686054060184,1.719645234320058e-05
2018-05-18,25875.298828125,-0.007630597525556877,5.8226018597034734e-05
2018-05-21,25750.501953125,-0.004834680186892971,2.3374132509535452e-05
2018-05-22,25777.400390625,0.0010440339590712534,1.0900069076939956e-06
2018-05-23,25684.650390625,-0.0036046017995080082,1.299315413301637e-05
2018-05-24,26016.498046875,0.012837324645796445,0.00016479690406157282
2018-05-25,26273.24609375,0.009820285581702805,9.643800890620001e-05
2018-05-28,26613.94140625,0.012884028873256986,0.00016599820000691968
2018-05-29,26254.49609375,-0.0135979373724811,0.00018490390078591823
2018-05-30,26327.494140625,0.002776543582544668,7.70919426576998e-06
2018-05-31,26955.88671875,0.02358790690947259,0.0005563893523699448
2018-06-01,26692.490234375,-0.009819443411111383,9.642146890401877e-05
2018-06-04,26257.24609375,-0.01644026860193102,0.0002702824317036389
2018-06-05,26250.6953125,-0.0002495158297409954,6.225814929133739e-08
2018-06-06,26367.29296875,0.004431862596945665,1.964140607820597e-05
2018-06-07,26517.4921875,0.005680258401669294,3.22653355097346e-05
2018-06-08,26451.04296875,-0.0025090085430083415,6.295123868888841e-06
2018-06-11,26453.244140625,8.321336498562184e-05,6.924464112230314e-09
2018-06-12,26606.791015625,0.005787681940438177,3.3497262243674226e-05
2018-06-13,26642.490234375,0.0013408340266919984,1.7978358871350787e-06
2018-06-14,26561.94140625,-0.0030279015180400617,9.16818760294931e-06
2018-06-15,26417.09375,-0.005468125900728016,2.990040086621258e-05
2018-06-18,26408.994140625,-0.0003066518745526529,9.403537216665598e-08
2018-06-19,26265.4453125,-0.005450430416898811,2.9707191729455743e-05
2018-06-20,26557.390625,0.01105386638168912,0.00012218796198423693
2018-06-21,26496.640625,-0.0022901191528594857,5.244645734293848e-06
2018-06-22,26766.5390625,0.010134608905889,0.00010271029767532465
2018-06-25,26609.390625,-0.005888380492384405,3.467302482309321e-05
2018-06-26,26601.390625,-0.00030069094541911257,9.041504465703973e-08
2018-06-27,26423.09375,-0.006725102529037726,4.522700402606962e-05
2018-06-28,26324.29296875,-0.0037461911553596725,1.4033948172495037e-05
2018-06-29,26363.892578125,0.0015031687434405242,2.2595162712565646e-06
2018-07-02,26229.99609375,-0.005091723659746237,2.5925649827219615e-05
2018-07-03,26203.794921875,-0.0009994003312865135,9.98801022175593e-07
2018-07-04,26433.642578125,0.00873329432610664,7.627042978640644e-05
2018-07-05,26502.9921875,0.0026201004032602396,6.86492612316447e-06
2018-07-06,26493.541015625,-0.0003566713293856619,1.2721443720573532e-07
2018-07-09,26752.990234375,0.009745283532738097,9.497055113345633e-05
2018-07-10,26894.23828125,0.005265821820458665,2.7728879444818608e-05
2018-07-11,26815.88671875,-0.0029175734772131524,8.512234994937645e-06
2018-07-12,27026.236328125,0.00781361015011619,6.105250357799876e-05
2018-07-13,26935.63671875,-0.0033579151126444276,1.1275593903725838e-05
2018-07-16,26679.490234375,-0.009555080730652386,9.129956776928454e-05
2018-07-17,27007.78515625,0.012230049355684475,0.00014957410724247825
2018-07-18,26880.587890625,-0.004720777216191265,2.2285737524910553e-05
2018-07-19,26789.33984375,-0.0034003449845028434,1.1562346013633643e-05
2018-07-20,26872.88671875,0.0031138082728333428,9.695801959965366e-06
2018-07-23,27007.8359375,0.005009194170981959,2.509202624259964e-05
2018-07-24,26974.0859375,-0.0012504187781837862,1.5635471208346326e-06
2018-07-25,27030.986328125,0.002107224721416994,4.440396026550928e-06
2018-07-26,27406.08203125,0.013781110956009587,0.00018991901918184747
2018-07-27,27634.080078125,0.008284835736523555,6.86385031811778e-05
2018-07-30,27842.275390625,0.007505766669665511,5.63365332994617e-05
2018-07-31,27763.828125,-0.002821536223864667,7.961066662580486e-06
2018-08-01,27596.279296875,-0.006053071336213982,3.6639672601295324e-05
2018-08-02,27355.630859375,-0.008758566361341598,7.671248470602459e-05
2018-08-03,27695.177734375,0.012335919836211849,0.00015217491820544496
2018-08-06,27898.17578125,0.007302993478784221,5.333371375116486e-05
2018-08-07,27875.576171875,-0.0008104030953793014,6.56753177000353e-07
2018-08-08,28062.123046875,0.006669833374478226,4.44866772433036e-05
2018-08-09,28319.669921875,0.009135880672379344,8.346431565995446e-05
2018-08-10,28123.923828125,-0.006936017552957415,4.810833949493337e-05
2018-08-13,27794.078125,-0.011797614984715652,0.0001391837193275873
2018-08-14,28021.373046875,0.00814456117607284,6.633387675079301e-05
2018-08-16,27826.2265625,-0.006988564593145199,4.884003507256272e-05
2018-08-17,28128.224609375,0.010794529228408643,0.0001165218612629685
2018-08-20,28273.921875,0.005166384571508768,2.6691529540723834e-05
2018-08-21,28257.572265625,-0.0005784248259979195,3.3457527933072343e-07
2018-08-23,28027.57421875,-0.008172647364779009,6.679216494902928e-05
2018-08-24,27834.375,-0.0069170514728691575,4.784560107832138e-05
2018-08-27,28263.87109375,0.015312581615464983,0.0002344751557302762
2018-08-28,28269.322265625,0.00019284853969734532,3.7190559263398574e-08
2018-08-29,28223.771484375,-0.0016126145019746286,2.6005255319788794e-06
2018-08-30,28102.923828125,-0.004290961541542634,1.8412350950997937e-05
2018-08-31,28061.423828125,-0.001477806091746605,2.183910844803375e-06
2018-09-03,27819.17578125,-0.008670256443782316,7.517334680094878e-05
2018-09-04,27430.431640625,-0.014072518310313246,0.0001980357715941016
2018-09-05,27375.732421875,-0.001996097988161217,3.984407178341258e-06
2018-09-06,27468.380859375,0.003378613312860332,1.1415027917837069e-05
2018-09-07,27481.12890625,0.00046399129521198737,2.152879220324976e-07
2018-09-10,27201.43359375,-0.01022986995818014,0.00010465023936127655
2018-09-11,26807.1875,-0.014599635706902012,0.0002131493627742482
2018-09-12,26818.88671875,0.0004363257652567575,1.9038017342689503e-07
2018-09-14,27163.533203125,0.012769015086038735,0.0001630477462674848
2018-09-17,26819.98828125,-0.012727941797303577,0.0001620005023955474
2018-09-18,26441.142578125,-0.014226212864257246,0.00020238513245915836
2018-09-19,26277.044921875,-0.006225486649735188,3.8756684026031054e-05
2018-09-21,25596.603515625,-0.02623607388623942,0.0006883315729642141
2018-09-24,24970.05859375,-0.024782216657681554,0.0006141582624682691
2018-09-25,25330.0546875,0.01431417215762976,0.000204895524558263
2018-09-26,25376.005859375,0.0018124533422037943,3.284987117665704e-06
2018-09-27,25041.859375,-0.01325527668950207,0.00017570236011525694
2018-09-28,25119.55859375,0.003097969875614317,9.597417350213787e-06
2018-10-01,25366.705078125,0.009790720906973522,9.585821587824841e-05
2018-10-03,25069.609375,-0.011781159771073708,0.00013879572555156549
2018-10-04,24819.01171875,-0.01004636963210921,0.00010092954278496614
2018-10-05,24443.166015625,-0.015259292756856557,0.00023284601543945498
2018-10-08,24618.0625,0.007129753189947144,5.0833380549561473e-05
2018-10-09,24527.365234375,-0.003690978907812706,1.3623325297918275e-05
2018-10-10,25321.404296875,0.03186061513008366,0.0010150987964673158
2018-10-11,24783.662109375,-0.02146540753605773,0.0004607637206890439
2018-10-12,25395.5546875,0.02438949624105336,0.000594847526892356
2018-10-15,25387.755859375,-0.0003071413857161303,9.433583081962473e-08
2018-10-16,25589.353515625,0.007909381669071333,6.255831838704163e-05
2018-10-17,25188.306640625,-0.015796522059914688,0.0002495301091893714
2018-10-19,25085.509765625,-0.0040894853668129805,1.6723890565377498e-05
2018-10-22,25078.30859375,-0.0002871062116075976,8.242997674366663e-08
2018-10-23,24972.158203125,-0.0042417406500438815,1.799236374223469e-05
2018-10-24,25063.908203125,0.003667358744303912,1.3449520159422365e-05
2018-10-25,24817.16015625,-0.00989353547031402,9.788204410236166e-05
2018-10-26,24420.767578125,-0.016101455129643446,0.00025925685729192124
2018-10-29,24959.408203125,0.021816932865224157,0.00047597855964569795
2018-10-30,24807.4609375,-0.006106381229037504,3.7287891714341585e-05
2018-10-31,25152.95703125,0.013831013249074545,0.0001912969274960756
2018-11-01,25323.35546875,0.006751645528645055,4.558471734447277e-05
2018-11-02,25701.3515625,0.014816469540784461,0.0002195277696529937
2018-11-05,25731.900390625,0.0011879020111409064,1.41111118807261e-06
2018-11-06,25597.703125,-0.005228856729456607,2.7340942697183643e-05
2018-11-07,25769.400390625,0.006685130884028885,4.469097493659682e-05
2018-11-09,25770.701171875,5.047647213890013e-05,2.547874239589161e-09
2018-11-12,25539.453125,-0.009013795251835172,8.12485048420063e-05
2018-11-13,25768.30078125,0.008920646741550842,7.957793828754166e-05
2018-11-14,25929.849609375,0.006249715037429809,3.905893804907627e-05
2018-11-15,26154.4453125,0.008624369229704098,7.437974461026685e-05
2018-11-16,26245.24609375,0.003465702552739908,1.2011094184067914e-05
2018-11-19,26300.392578125,0.0020989945508626566,4.4057781245511255e-06
2018-11-20,26113.046875,-0.0071487962988915155,5.110528852304503e-05
2018-11-21,26261.74609375,0.005678289492449735,3.224297156006507e-05
2018-11-22,25999.146484375,-0.010049649232167921,0.00010099544968961328
2018-11-26,26365.29296875,0.013984774995084557,0.00019557393166314227
2018-11-27,26442.79296875,0.002935158669877583,8.615156417357541e-06
2018-11-28,26457.642578125,0.0005614172969096386,3.1518938126932533e-07
2018-11-29,26939.287109375,0.01804064755032402,0.000325464964035012
2018-11-30,26862.63671875,-0.0028493569385801957,8.118834963435106e-06
2018-12-03,26857.23828125,-0.00020098473863432926,4.039486516390965e-08
2018-12-04,26693.490234375,-0.006115642560857958,3.7401083932177286e-05
2018-12-05,26519.291015625,-0.006547293223220502,4.286704855082911e-05
2018-12-06,26197.99609375,-0.012189508138958877,0.00014858410866974472
2018-12-07,26593.9921875,0.01500240979464706,0.00022507229964652202
2018-12-10,26102.34765625,-0.018660073866351476,0.00034819835669769333
2018-12-11,26163.095703125,0.0023245980642671686,5.403756160394667e-06
2018-12-12,26643.5390625,0.018196827677041325,0.00033112453750793716
2018-12-13,26816.037109375,0.00645342361054969,4.1646676297200195e-05
2018-12-14,26825.6875,0.0003598091149898322,1.294625992297663e-07
2018-12-17,27015.486328125,0.007050352019878478,4.970746360420454e-05
2018-12-18,27174.3828125,0.005864451872249851,3.4391795761934784e-05
2018-12-19,27298.083984375,0.0045417948475692275,2.0627900437406384e-05
2018-12-20,27274.783203125,-0.0008539328742195922,7.292013536729339e-07
2018-12-21,26869.337890625,-0.014976802019692696,0.00022430459873707122
2018-12-24,26714.439453125,-0.005781558398954997,3.3426417520527064e-05
2018-12-26,26986.486328125,0.010132011630941653,0.00010265765968953693
2018-12-27,26878.23828125,-0.004019260968436161,1.6154458732394388e-05
2018-12-28,27124.935546875,0.00913646233069489,8.34749439202067e-05
2018-12-31,27159.8828125,0.00128755226632915,1.6577908385293306e-06
2019-01-01,27392.08203125,0.008513006698401923,7.247128304703601e-05
2019-01-02,27174.3828125,-0.007979273512633186,6.366880578940955e-05
2019-01-03,26959.537109375,-0.007937604794684786,6.30055698766029e-05
2019-01-04,27194.68359375,0.008684381722644128,7.54184859045954e-05
2019-01-07,27304.234375,0.004020297388900137,1.616279109519726e-05
2019-01-08,27509.1796875,0.007477960314922619,5.591989047155759e-05
2019-01-09,27720.078125,0.007637236890317552,5.832738731882731e-05
2019-01-10,27528.23046875,-0.006944952062351591,4.823235914836161e-05
2019-01-11,27453.58203125,-0.002715388233784106,7.373333260173166e-06
2019-01-14,27247.93359375,-0.007518965571901444,5.65348432714392e-05
2019-01-15,27400.431640625,0.00558107976553706,3.11484513492872e-05
2019-01-16,27483.37890625,0.003022651960639667,9.136424875158824e-06
2019-01-17,27528.4296875,0.0016378589423854222,2.6825819151518934e-06
2019-01-18,27456.380859375,-0.0026206826446872164,6.867977524164783e-06
2019-01-21,27533.279296875,0.002796834437902289,7.822282873036212e-06
2019-01-22,27481.9296875,-0.0018667428601863974,3.4847289060568917e-06
2019-01-23,27250.43359375,-0.008459253733566945,7.155897372886629e-05
2019-01-24,27266.083984375,0.0005741522661457762,3.2965082472033023e-07
2019-01-25,27114.986328125,-0.005557008871305017,3.088034759576266e-05
2019-01-28,26652.740234375,-0.01719460769535531,0.000295654533797172
2019-01-29,26573.091796875,-0.0029928511744146723,8.957158152195283e-06
2019-01-30,26825.1875,0.009442161035721,8.915440502448787e-05
2019-01-31,27295.1328125,0.017367122799095143,0.00030161695431885034
2019-02-01,27085.634765625,-0.007704896146775051,5.9365424632589025e-05
2019-02-04,27186.283203125,0.0037090472071849125,1.37570311851262e-05
2019-02-05,27271.3828125,0.003125351667491557,9.767823045492255e-06
2019-02-06,27402.03125,0.004779240090273054,2.2841135840473192e-05
2019-02-07,27386.83203125,-0.0005548287819691227,3.0783497730134036e-07
2019-02-08,27294.083984375,-0.003392340237813252,1.150797228908687e-05
2019-02-11,27227.484375,-0.002443056738982096,5.968526229885833e-06
2019-02-12,27010.435546875,-0.008003625031323819,6.40580136420332e-05
2019-02-14,26970.28515625,-0.0014875828816694732,2.2129028298360537e-06
2019-02-15,26793.939453125,-0.006559988051634503,4.303344323758745e-05
2019-02-18,26653.939453125,-0.005238760566441287,2.7444612272500238e-05
2019-02-19,26684.5390625,0.0011473747877149844,1.3164689034840056e-06
2019-02-20,26955.1875,0.01009142856142596,0.00010183693041036364
2019-02-21,27052.0859375,0.003588351542548917,1.2876266792913191e-05
2019-02-22,26867.23828125,-0.006856479864638965,4.701131613419956e-05
2019-02-25,27158.93359375,0.010798401471367687,0.00011660547433683583
2019-02-26,26952.63671875,-0.007624908066893757,5.8139223028581484e-05
2019-02-27,26798.990234375,-0.005716921014507965,3.268318588612278e-05
2019-02-28,26789.58984375,-0.0003508355962302944,1.2308561558226615e-07
2019-03-01,27043.5859375,0.009436485024914152,8.904724962542904e-05
2019-03-05,27553.73046875,0.018688075232510846,0.0003492441558959853
2019-03-06,27625.330078125,0.002595174649595213,6.734931461901637e-06
2019-03-07,27764.27734375,0.005017098461206218,2.5171276969437806e-05
2019-03-08,27761.478515625,-0.00010081188753054145,1.0163036667470538e-08
2019-03-11,27966.326171875,0.00735175483896523,5.4048299212248675e-05
2019-03-12,28443.369140625,0.016913913070278157,0.0002860804553489263
2019-03-13,28883.96484375,0.015371528656234604,0.0002362838932294416
2019-03-14,28922.763671875,0.0013423639409246206,1.8019409498946784e-06
2019-03-15,29381.107421875,0.015722907711588338,0.000247209826907124
2019-03-18,29595.755859375,0.007279104832835642,5.29853671674112e-05
2019-03-19,29767.50390625,0.005786357648065871,3.3481934831330395e-05
2019-03-20,29831.8515625,0.002159341514585831,4.6627557766138305e-06
2019-03-22,29582.15625,-0.008405316919671463,7.064935252011537e-05
2019-03-25,29280.859375,-0.010237311261956539,0.00010480254187418218
2019-03-26,29881.802734375,0.020315652018950126,0.0004127257169550723
2019-03-27,30019.451171875,0.004595853034996127,2.1121865119283113e-05
2019-03-28,30420.197265625,0.013261227589252099,0.00017586015717394103
2019-04-01,30326.1484375,-0.0030964464506056115,9.58798062146809e-06
2019-04-02,30353.896484375,0.0009145691584392341,8.364367455682489e-07
2019-04-03,30092.951171875,-0.008633930258549525,7.454475170949707e-05
2019-04-04,29904.552734375,-0.006280229824795486,3.944128665225074e-05
2019-04-05,30084.30078125,0.005992732792151876,3.591284631813242e-05
2019-04-08,29844.953125,-0.007987715956774841,6.380360620611542e-05
2019-04-09,30113.5,0.008957825185385335,8.02426320519238e-05
2019-04-10,29803.154296875,-0.010359339391738547,0.00010731591263322596
2019-04-11,29785.75390625,-0.0005840144296738103,3.4107285406722593e-07
2019-04-12,29938.203125,0.005105138956885232,2.6062443769107235e-05
2019-04-15,30103.900390625,0.005519383118418988,3.0463590007888516e-05
2019-04-16,30530.994140625,0.01408762451847806,0.00019846116457362421
2019-04-18,30223.048828125,-0.010137529445937167,0.00010276950326724312
2019-04-22,29687.603515625,-0.01787527088546841,0.0003195253092288746
2019-04-23,29479.357421875,-0.007039298634318448,4.955172526311757e-05
2019-04-24,29860.453125,0.012844696982592899,0.00016498624057463112
2019-04-25,29561.005859375,-0.0100788437590433,0.00010158309151920607
2019-04-26,30013.150390625,0.015179508750508186,0.0002304174859067546
2019-04-30,29764.455078125,-0.008320733003878764,6.923459772183731e-05
2019-05-02,29708.25390625,-0.0018899824663825664,3.5720337232335286e-06
2019-05-03,29953.802734375,0.008231369429372503,6.775544268280821e-05
2019-05-06,29618.10546875,-0.011270440352772644,0.00012702282574540596
2019-05-07,29287.859375,-0.011212771225076393,0.00012572623854590115
2019-05-08,28994.0625,-0.010082006707101247,0.00010164685924203452
2019-05-09,28884.263671875,-0.0037941304493033074,1.4395425866330517e-05
2019-05-10,29040.162109375,0.005382835024285083,2.8974912898670196e-05
2019-05-13,28659.615234375,-0.013190775088681344,0.0001739965474401763
2019-05-14,28828.86328125,0.005888085412042516,3.4669549819507885e-05
2019-05-15,28616.1171875,-0.007406985420769168,5.4863433023487015e-05
2019-05-16,28854.96484375,0.00831197266346304,6.908888955815687e-05
2019-05-17,29449.80859375,0.02040534092732406,0.0004163779383603263
2019-05-20,30759.341796875,0.04350633567438641,0.0018928012438123873
2019-05-21,30308.048828125,-0.014780431255793838,0.0002184611481072474
2019-05-22,30526.4453125,0.007180052228972999,5.1553150010780123e-05
2019-05-23,30408.74609375,-0.0038630998740731056,1.4923540637063644e-05
2019-05-24,31212.1875,0.026078376054714254,0.0006800816976510938
2019-05-27,31647.283203125,0.013843662600650794,0.00019164699420065752
2019-05-28,31597.533203125,-0.0015732517884746269,2.475121189938612e-06
2019-05-29,31295.1875,-0.009614722622389753,9.24428911054933e-05
2019-05-30,31536.732421875,0.007688643354829735,5.9115236637767445e-05
2019-05-31,31375.03515625,-0.005140457116721664,2.64242993688544e-05
2019-06-03,31653.283203125,0.00882935993675777,7.795759689282319e-05
2019-06-04,31588.68359375,-0.0020429355731504434,4.1735857560435304e-06
2019-06-06,30857.041015625,-0.023433984129010724,0.0005491516121587265
2019-06-07,31066.189453125,0.006755113750698134,4.5631561784871014e-05
2019-06-10,31033.638671875,-0.0010483373372827283,1.0990111727410408e-06
2019-06-11,31265.0859375,0.007430275078856539,5.5208987747476554e-05
2019-06-12,30965.33984375,-0.009633500273471816,9.280432751898155e-05
2019-06-13,30975.740234375,0.0003358156076589011,1.12772122347317e-07
2019-06-14,30613.994140625,-0.011747095756083535,0.0001379942587025958
2019-06-17,30272.8984375,-0.011204358016539904,0.00012553763856280203
2019-06-18,30350.646484375,0.00256494698883913,6.578953055554921e-06
2019-06-19,30361.74609375,0.00036564559646978025,1.3369670221774137e-07
2019-06-20,30780.7421875,0.013705776931359433,0.0001878483212921844
2019-06-21,30627.994140625,-0.00497480883128032,2.474872290778466e-05
2019-06-24,30601.6953125,-0.0008590221501068948,7.379190543742725e-07
2019-06-25,30846.69140625,0.00797408703550699,6.358606404984064e-05
2019-06-26,31161.98828125,0.010169530907641586,0.00010341935888147751
2019-06-27,31269.13671875,0.0034325360212425983,1.1782303537127967e-05
2019-06-28,31104.837890625,-0.005268197486155743,2.7753904753137688e-05
2019-07-01,31371.833984375,0.008547117224567335,7.305321285049563e-05
2019-07-02,31282.9375,-0.002837662381360118,8.052327790586375e-06
2019-07-03,31381.935546875,0.003159605195718622,9.983104992812112e-06
2019-07-04,31471.484375,0.002849451591539105,8.119374372524737e-06
2019-07-05,31475.435546875,0.000125539800361684,1.5760241474851472e-08
2019-07-08,30603.494140625,-0.028093227660472203,0.0007892294403831205
2019-07-09,30568.794921875,-0.0011344752012185581,1.287033982179888e-06
2019-07-10,30521.744140625,-0.0015403625921533888,2.3727169153055072e-06
2019-07-11,30716.193359375,0.006350634270462913,4.033055563717802e-05
2019-07-12,30601.09375,-0.003754234735037156,1.4094278445759506e-05
2019-07-15,30445.595703125,-0.0050944083805760446,2.5952996748083435e-05
2019-07-16,30570.4453125,0.004092359371045666,1.6747405221785276e-05
2019-07-17,30735.142578125,0.005373006524032525,2.886919910729608e-05
2019-07-18,30430.24609375,-0.009969658213581698,9.939408489563702e-05
2019-07-19,29770.00390625,-0.021935744842539354,0.0004811769017969919
2019-07-22,29284.609375,-0.01643920552917152,0.0002702474784303435
2019-07-23,29127.76171875,-0.005370370360989402,2.8840877814193437e-05
2019-07-24,28951.9140625,-0.006055412369865237,3.666801896911693e-05
2019-07-25,29042.712890625,0.0031312867100000636,9.804956460223022e-06
2019-07-26,29324.958984375,0.009671391189311842,9.353580753669873e-05
2019-07-29,29295.560546875,-0.0010030085096383887,1.0060260704070217e-06
2019-07-30,28791.265625,-0.0173639231371979,0.00030150582671451654
2019-07-31,28875.6640625,0.0029271021785734746,8.56792716380958e-06
2019-08-01,28366.919921875,-0.01777549162595667,0.0003159681025444557
2019-08-02,28204.62109375,-0.00573784169527757,3.292282732006578e-05
2019-08-05,27647.728515625,-0.01994225983167156,0.0003976937271939009
2019-08-06,28021.7734375,0.013438257491023883,0.0001805867643950595
2019-08-07,27701.728515625,-0.011487018218612576,0.00013195158755473723
2019-08-08,28110.123046875,0.014634949710923823,0.0002141817530412693
2019-08-09,28431.5703125,0.011370396241629761,0.0001292859106916682
2019-08-13,27728.77734375,-0.025029391291753834,0.0006264704284357227
2019-08-14,28018.873046875,0.010407553309107935,0.00010831716588192354
2019-08-16,28216.671875,0.007034683992174672,4.9486778869758586e-05
2019-08-19,28185.771484375,-0.0010957111740586875,1.2005829769570673e-06
2019-08-20,27982.123046875,-0.0072514496609895,5.258352218586474e-05
2019-08-21,27718.728515625,-0.009457539234550985,8.944504837307124e-05
2019-08-22,27033.884765625,-0.02501723394457803,0.0006258619942377473
2019-08-23,26958.337890625,-0.002798437278020082,7.831251199012448e-06
2019-08-26,27951.025390625,0.036161252331317104,0.0013076361701691867
2019-08-27,28125.82421875,0.006234280117023661,3.886624857751655e-05
2019-08-28,27803.978515625,-0.011509043120862972,0.00013245807355788332
2019-08-29,27304.8828125,-0.018113578731344435,0.00032810173445661344
2019-08-30,27427.53125,0.004481755277750191,2.0086130369641695e-05
2019-09-03,26823.837890625,-0.02225633337585298,0.0004953443753371073
2019-09-04,27123.53515625,0.011110841245733152,0.00012345079318788502
2019-09-05,26919.38671875,-0.0075550840506123295,5.707929501181681e-05
2019-09-06,27247.583984375,0.012118133159219205,0.00014684915126456804
2019-09-09,27504.330078125,0.009378593609006098,8.795801808289003e-05
2019-09-11,27775.876953125,0.009824458833332994,9.65199913678547e-05
2019-09-12,27818.17578125,0.0015217036429886145,2.3155819770848207e-06
2019-09-13,28098.423828125,0.010023871100613035,0.00010047799184170518
2019-09-16,27854.67578125,-0.008712639352814142,7.591008449220563e-05
2019-09-17,27131.435546875,-0.02630780498350164,0.0006921006030499537
2019-09-18,27172.333984375,0.0015062838394416752,2.2688910049631544e-06
2019-09-19,26757.33984375,-0.015390500356719197,0.00023686750123017375
2019-09-20,28981.21484375,0.0798390337009862,0.0063742713023072104
2019-09-23,30565.84375,0.05323531211544823,0.0028339984560291887
2019-09-24,30182.748046875,-0.012612663778011582,0.00015907928757716538
2019-09-25,29585.70703125,-0.019979130280938596,0.00039916564678271754
2019-09-26,30002.25,0.013981004705194247,0.00019546849256666366
2019-09-27,29876.302734375,-0.004206763377294644,1.7696858112547438e-05
2019-09-30,29102.8125,-0.026230796480779042,0.0006880546840160502
2019-10-01,28725.166015625,-0.013061215791445804,0.00017059535795071323
2019-10-03,28413.76953125,-0.010899732881688592,0.00011880417689216351
2019-10-04,27731.52734375,-0.02430393309662886,0.0005906811639654117
2019-10-07,27767.228515625,0.0012865577343727805,1.655230803874422e-06
2019-10-09,28785.515625,0.03601583598651367,0.0012971404418074533
2019-10-10,28013.123046875,-0.027199250318387283,0.0007397992178822907
2019-10-11,28042.173828125,0.0010365045043165563,1.0743415874685102e-06
2019-10-14,28181.62109375,0.00496044608001161,2.4606025312702544e-05
2019-10-15,28554.767578125,0.0131538814291079,0.00017302459665102966
2019-10-16,28538.46875,-0.0005709547966101813,3.259893797721735e-07
2019-10-17,28989.111328125,0.015667330194172213,0.0002454652354132203
2019-10-18,29119.912109375,0.0045019170664616125,2.0267257273298332e-05
2019-10-22,29410.80859375,0.009940040923167172,9.880441355423808e-05
2019-10-23,29459.2578125,0.0016459716336642935,2.7092226188275033e-06
2019-10-24,29107.611328125,-0.012008520014020193,0.00014420455292712354
2019-10-25,29395.607421875,0.009845558118288685,9.693501466060024e-05
2019-10-29,29872.703125,0.016099868687831087,0.0002592057717654039
2019-10-30,29987.15234375,0.003823910275521924,1.4622289795242157e-05
2019-10-31,30065.900390625,0.0026226174499361767,6.878122288709735e-06
2019-11-01,30330.19921875,0.00875223787550916,7.660166782949709e-05
2019-11-04,30332.74609375,8.39680628223465e-05,7.05063557413753e-09
2019-11-05,30219.498046875,-0.0037405113724195767,1.3991425327200186e-05
2019-11-06,30609.244140625,0.012814712693133636,0.00016421686140756034
2019-11-07,30632.794921875,0.0007691051039913682,5.915226609855733e-07
2019-11-08,30749.04296875,0.0037877062613736493,1.4346718722449148e-05
2019-11-11,31115.189453125,0.011837236005558615,0.00014012015625129327
2019-11-13,30541.1953125,-0.018619668538095154,0.00034669205646853054
2019-11-14,30749.591796875,0.006800280997859628,4.6243821649850735e-05
2019-11-15,31008.0390625,0.008369776197068574,7.005315358901568e-05
2019-11-18,30991.740234375,-0.0005257705329052518,2.7643465327147246e-07
2019-11-19,31235.88671875,0.0078469242389207,6.157422001136122e-05
2019-11-20,31353.484375,0.0037577560718489006,1.412073069551728e-05
2019-11-21,31349.583984375,-0.00012440828597656706,1.547742161962729e-08
2019-11-22,31111.23828125,-0.007631883518713737,5.824564604321437e-05
2019-11-25,31555.533203125,0.014179839036780028,0.00020106783510899075
2019-11-26,31717.98046875,0.00513477482504912,2.636591250395822e-05
2019-11-27,31875.578125,0.0049564132709017,2.456603251197049e-05
2019-11-28,32122.576171875,0.0077189498971588725,5.958218751484897e-05
2019-11-29,31945.728515625,-0.005520611361995938,3.047714981019865e-05
2019-12-02,31871.078125,-0.002339522411218421,5.473365112593255e-06
2019-12-03,31612.982421875,-0.008131084334865158,6.611453246068958e-05
2019-12-04,31978.9296875,0.011509366304402956,0.00013246551272892617
2019-12-05,31712.580078125,-0.00836378861218035,6.99529599492377e-05
2019-12-06,31341.185546875,-0.011780385284157925,0.0001387774774432046
2019-12-09,31316.287109375,-0.000794747625622744,6.316237884329893e-07
2019-12-10,31159.98828125,-0.005003472221178063,2.503473426810054e-05
2019-12-11,31256.38671875,0.003088885381327907,9.54121289898125e-06
2019-12-12,31665.08203125,0.012990830261226226,0.00016876167087599106
2019-12-13,32013.876953125,0.010954903021909877,0.00012000990021945015
2019-12-16,31973.828125,-0.0012517665168814607,1.5669194127855442e-06
2019-12-17,32139.876953125,0.005179834769789755,2.6830688242322883e-05
2019-12-18,32243.875,0.0032305708868731547,1.0436588255112402e-05
2019-12-19,32241.07421875,-8.686620011934269e-05,7.545736723173692e-09
2019-12-20,32384.572265625,0.004440908231213285,1.972166591805791e-05
2019-12-23,32339.07421875,-0.0014059175229035991,1.9766040812073923e-06
2019-12-24,32280.375,-0.0018167667971515202,3.300641595232193e-06
2019-12-26,31997.328125,-0.008807057214658133,7.756425678226188e-05
2019-12-27,32411.97265625,0.01287547774769369,0.00016577792723135537
2019-12-30,32354.5234375,-0.0017740417432485704,3.1472241067884264e-06
2019-12-31,32161.27734375,-0.005990677302231448,3.588821453947106e-05
2020-01-01,32102.52734375,-0.0018284014353869297,3.343051808924985e-06
2020-01-02,32443.47265625,0.010564511620814317,0.00011160890578632075
2020-01-03,32068.876953125,-0.011613277627358032,0.0001348682172500946
2020-01-06,31236.787109375,-0.026289520208264822,0.0006911388727807644
2020-01-07,31399.03515625,0.005180690662144481,2.6839555736831016e-05
2020-01-08,31373.28515625,-0.0008204253504144916,6.730977556027414e-07
2020-01-09,32092.02734375,0.022650890349879833,0.0005130628336422793
2020-01-10,32097.02734375,0.00015578980044032484,2.427046192123624e-08
2020-01-13,32177.27734375,0.0024971111578881698,6.235564134849596e-06
2020-01-14,32071.27734375,-0.0032996881157054863,1.0887941660928023e-05
2020-01-15,31824.53125,-0.0077234274278828565,5.965133123377319e-05
2020-01-16,31853.529296875,0.000910770479831094,8.295028669317612e-07
2020-01-17,31590.283203125,-0.008298606093152394,6.886686308930604e-05
2020-01-20,31080.2890625,-0.01627575368359617,0.0002649001579690943
2020-01-21,30947.19140625,-0.004291577201678001,1.8417634877962383e-05
2020-01-22,30701.091796875,-0.007984031472844526,6.374475855937194e-05
2020-01-23,31003.689453125,0.009807994643492185,9.61967589267714e-05
2020-01-24,31241.38671875,0.007637501170455006,5.833142412870158e-05
2020-01-27,30837.041015625,-0.013027115414534045,0.00016970573602359052
2020-01-28,30761.04296875,-0.002467547057327598,6.088788480126088e-06
2020-01-29,30876.640625,0.0037508804692105878,1.406910429430544e-05
2020-01-30,30647.044921875,-0.007463687096006615,5.5706625067095656e-05
2020-01-31,30833.2421875,0.006057155672618108,3.668913484232972e-05
2020-02-03,30022.900390625,-0.026632962949143763,0.0007093147154504644
2020-02-04,30686.341796875,0.02185722617346157,0.0004777383359978534
2020-02-05,31001.58984375,0.010220825463221991,0.00010446527314964704
2020-02-06,31303.6875,0.009697413656115815,9.40398316178215e-05
2020-02-07,31201.5859375,-0.003266977254778413,1.0673140383239497e-05
2020-02-10,31057.7890625,-0.004619292458142234,2.133786281384972e-05
2020-02-11,31300.236328125,0.0077760155413780195,6.046641769975249e-05
2020-02-12,31492.53515625,0.006124890643988618,3.7514285400819304e-05
2020-02-13,31229.88671875,-0.008374994613998312,7.014053478450074e-05
2020-02-14,30834.443359375,-0.012743187920073099,0.00016238883836629695
2020-02-17,30680.341796875,-0.0050102389033650175,2.5102493868792295e-05
2020-02-18,30562.14453125,-0.0038599808553785564,1.4899452203888973e-05
2020-02-19,30837.83984375,0.008980365976850877,8.06469730781808e-05
2020-02-20,30942.490234375,0.003387825561475042,1.1477362034983683e-05
2020-02-24,30454.74609375,-0.015888480668452696,0.00025244381795179504
2020-02-25,30432.345703125,-0.0007358010039423665,5.414031174025944e-07
2020-02-26,30306.498046875,-0.004143899638752642,1.7171904216054278e-05
2020-02-27,30186.6484375,-0.003962424610107944,1.5700808790789095e-05
2020-02-28,29146.8125,-0.035054163286595816,0.001228794363723322
2020-03-02,28868.064453125,-0.009609610726932121,9.234461832316889e-05
2020-03-03,29176.7109375,0.010634872520350535,0.00011310051352410694
2020-03-04,28653.365234375,-0.018099923961548928,0.000327607247413853
2020-03-05,28815.015625,0.005625730690331939,3.164884580014268e-05
2020-03-06,27801.126953125,-0.035820069383633864,0.0012830773706483441
2020-03-09,26462.29296875,-0.049355744897859814,0.002435989554422615
2020-03-11,26487.4921875,0.0009518157846376069,9.059532878853033e-07
2020-03-12,23970.87109375,-0.0998332398587851,0.009966675780701718
2020-03-13,25166.15625,0.048660697139103724,0.0023678634460635776
2020-03-16,23100.8828125,-0.0856292521354049,0.0073323688212687445
2020-03-17,22154.892578125,-0.04181247780068713,0.0017482832998329538
2020-03-18,20579.9609375,-0.07374052366471083,0.005437664830345778
2020-03-19,20083.265625,-0.024430919995764317,0.0005968698518394368
2020-03-20,20317.36328125,0.011588942182071415,0.00013430358089939416
2020-03-23,16917.453125,-0.18313003618881166,0.033536610154515464
2020-03-24,17107.1015625,0.011147855028771202,0.0001242746717424994
2020-03-25,18480.8359375,0.07724062655397468,0.005966114390450578
2020-03-26,19613.671875,0.05949256780445682,0.0035393656239678917
2020-03-27,19968.767578125,0.017942564150971473,0.00032193560831172665
2020-03-30,18782.181640625,-0.06126079652861739,0.0037528851913206608
2020-03-31,19143.77734375,0.019069084605665265,0.00036362998769801997
2020-04-01,18208.138671875,-0.050109046035134844,0.002510916494551263
2020-04-03,17249.099609375,-0.05410872834391398,0.0029277544829954803
2020-04-07,19062.279296875,0.0999515308746438,0.009990308524184872
2020-04-08,18946.228515625,-0.006106587633172017,3.729041252160941e-05
2020-04-09,19913.3671875,0.049786335395153605,0.0024786791920787246
2020-04-13,19487.7734375,-0.021603958477875957,0.00046673102191378845
2020-04-15,19056.830078125,-0.02236169411643058,0.000500045363756806
2020-04-16,19399.775390625,0.01783591659999524,0.0003181199209619858
2020-04-17,20681.208984375,0.06396402125883331,0.00409139601560048
2020-04-20,20522.412109375,-0.007707946874238466,5.941244501608254e-05
2020-04-21,19409.123046875,-0.05577434690419117,0.003110777772589059
2020-04-22,19701.62109375,0.014957705701401716,0.0002237329598497454
2020-04-23,20267.712890625,0.028328200483047267,0.0008024869426077194
2020-04-24,19586.421875,-0.03419255717751158,0.0011691309663373988
2020-04-27,20080.916015625,0.024933347404297666,0.0006216718127833972
2020-04-28,20670.859375,0.028955036693848753,0.0008383941499421277
2020-04-29,21089.953125,0.020071823085947082,0.0004028780819935582
2020-04-30,21534.25,0.020847919002968025,0.00043463572675431526
2020-05-04,19743.521484375,-0.08681927944662284,0.0075375872836307865
2020-05-05,19271.525390625,-0.024196773305333878,0.0005854838383897181
2020-05-06,19694.322265625,0.021701746214875892,0.0004709657887748801
2020-05-07,19491.57421875,-0.010348103491564176,0.00010708324587212269
2020-05-08,19352.67578125,-0.007151587660907106,5.114520607163877e-05
2020-05-11,18950.279296875,-0.021012023143079792,0.0004415051165653208
2020-05-12,18862.630859375,-0.004635908429874144,2.1491646970178153e-05
2020-05-13,19634.720703125,0.04011670187770786,0.0016093497695448896
2020-05-14,19068.279296875,-0.029273278840516385,0.0008569248540746243
2020-05-15,18833.73046875,-0.012376748550267784,0.00015318390467655571
2020-05-18,17572.994140625,-0.06928613631613795,0.00480056868561845
2020-05-19,17486.046875,-0.004960058310999167,2.460217844851191e-05
2020-05-20,17839.9921875,0.02003944776025641,0.0004015794665360456
2020-05-21,17734.892578125,-0.005908658079380716,3.491224029903101e-05
2020-05-22,17278.69921875,-0.026059547302214364,0.0006791000055963479
2020-05-26,17440.146484375,0.00930033392921949,8.649621119499124e-05
2020-05-27,18710.333984375,0.07030117292893022,0.004942254915183351
2020-05-28,19169.578125,0.02424855906522267,0.0005879926167395925
2020-05-29,19297.025390625,0.006626409421162449,4.390930181687047e-05
2020-06-01,19959.66796875,0.03376267671848966,0.0011399183391972438
2020-06-02,20529.9609375,0.028171692412877824,0.0007936442534057979
2020-06-03,20940.455078125,0.01979760936027666,0.00039194533638211405
2020-06-04,20390.212890625,-0.026627912221034753,0.0007090457092511319
2020-06-05,21034.255859375,0.031097314644469923,0.0009670429780971635
2020-06-08,21187.103515625,0.0072403317293497065,5.242240355102811e-05
2020-06-09,20724.66015625,-0.022068368720214452,0.00048701289797133964
2020-06-10,21099.853515625,0.01794179495196341,0.00032190800609829974
2020-06-11,20524.912109375,-0.027626724866614688,0.0007632359268556263
2020-06-12,20654.310546875,0.006284667609419274,3.949704696088377e-05
2020-06-15,19912.66796875,-0.03656793027057475,0.001337213524273617
2020-06-16,20296.462890625,0.019090518482024074,0.00036444789591250277
2020-06-17,20201.515625,-0.004688996491662607,2.198668809882424e-05
2020-06-18,20956.056640625,0.03667007184495105,0.0013446941691138718
2020-06-19,21337.8515625,0.018054859880967864,0.0003259779653213829
2020-06-22,21708.09765625,0.017202790561585198,0.00029593600310576473
2020-06-23,22264.642578125,0.02531453074204469,0.0006408254666899258
2020-06-24,21426.55078125,-0.03836904184290918,0.0014721833719429154
2020-06-25,21505.900390625,0.0036964905362773222,1.3664042284787805e-05
2020-06-26,21591.80078125,0.003986314909646319,1.5890706558868537e-05
2020-06-29,21358.751953125,-0.010852065941506653,0.00011776733519880868
2020-06-30,21369.90234375,0.0005219163140799101,2.723966389027593e-07
2020-07-01,21977.34375,0.028028593635862548,0.0007856020612043146
2020-07-02,21952.943359375,-0.0011108688214799328,1.2340295385362148e-06
2020-07-03,21852.146484375,-0.004602070364790568,2.1179051642483592e-05
2020-07-06,22198.69140625,0.01573418748865382,0.00024756465592811036
2020-07-07,22627.736328125,0.019143083476116266,0.0003664576449735556
2020-07-08,22584.388671875,-0.0019175240947899596,3.676898654100054e-06
2020-07-09,22906.93359375,0.014180740894351373,0.00020109341231272938
2020-07-10,22398.189453125,-0.022459514143387514,0.0005044297755570238
2020-07-13,22088.994140625,-0.013900645816212564,0.00019322795410778786
2020-07-14,21391.951171875,-0.032064743976921106,0.0010281478063054984
2020-07-15,21340.501953125,-0.0024079705164329122,5.798322008010186e-06
2020-07-16,21596.8984375,0.011942946224305011,0.00014263396451664133
2020-07-17,21966.544921875,0.01697089704999221,0.00028801134668143434
2020-07-20,22321.58984375,0.016033753961621305,0.00025708126610180686
2020-07-21,22781.734375,0.020404726450544475,0.00041635286152154935
2020-07-22,22882.333984375,0.004406080129908456,1.9413542111174116e-05
2020-07-23,23083.6328125,0.008758659026343365,7.67141079397461e-05
2020-07-24,22661.787109375,-0.018443711395193456,0.00034017049002918893
2020-07-27,21848.49609375,-0.03654802823522922,0.0013357583678831125
2020-07-28,22104.94140625,0.011669086062023755,0.00013616756952291705
2020-07-29,22076.34375,-0.0012945599089175168,1.6758853577765294e-06
2020-07-30,21646.59765625,-0.019658326702027808,0.0003864498087236595
2020-07-31,21639.798828125,-0.0003141323248454363,9.867911751279872e-08
2020-08-03,21071.85546875,-0.026595871584466014,0.0007073403853374067
2020-08-04,21490.25,0.019661057851336882,0.00038655719583361565
2020-08-05,21509.69921875,0.0009046159555854062,8.183300270996975e-07
2020-08-06,21642.34765625,0.006147975121551495,3.7797598095216126e-05
2020-08-07,21753.748046875,0.005134131701160014,2.635930832485622e-05
2020-08-10,21899.99609375,0.006700391771987315,4.489524989811531e-05
2020-08-11,22226.94140625,0.014818671492318254,0.00021959302479724571
2020-08-12,22263.7421875,0.0016543144168756864,2.736756189882742e-06
2020-08-13,22196.091796875,-0.003043216169402848,9.261164653714945e-06
2020-08-14,21679.1484375,-0.023565331107733366,0.0005553248302171058
2020-08-17,21700.59765625,0.0009889048429023576,9.779327883157365e-07
2020-08-18,22170.341796875,0.02141563866909411,0.00045862957960519896
2020-08-19,22285.640625,0.005187112301386392,2.6906134027194033e-05
2020-08-20,21999.193359375,-0.012936765697133682,0.0001673599067025347
2020-08-21,22299.33984375,0.013551287405434594,0.00018363739034469025
2020-08-24,22832.734375,0.02363814989558589,0.0005587621304861873
2020-08-25,23091.8828125,0.011285937872165858,0.00012737239365438762
2020-08-26,23413.927734375,0.013849885248373415,0.00019181932139311153
2020-08-27,23600.076171875,0.007918892023451822,6.27088508790889e-05
2020-08-28,24523.515625,0.03838253899702311,0.0014732192998579998
2020-08-31,23754.07421875,-0.03187841682426053,0.0010162334592212967
2020-09-01,23811.72265625,0.00242394617618538,5.8755150650437245e-06
2020-09-02,23874.2734375,0.0026234459694346344,6.882468754542828e-06
2020-09-03,23530.576171875,-0.014500764834563277,0.00021027218078730695
2020-09-04,23011.232421875,-0.022318226246315315,0.0004981032227817178
2020-09-07,22944.783203125,-0.002891863628957544,8.362875248487497e-06
2020-09-08,22744.13671875,-0.008783213725336643,7.7144843344942e-05
2020-09-09,22266.740234375,-0.021213289723358376,0.0004500036608871421
2020-09-10,22465.9375,0.008906177425817207,7.931999634013602e-05
2020-09-11,22479.6875,0.0006118504494688588,3.743609725152445e-07
2020-09-14,22100.9921875,-0.016989620805384038,0.00028864721511073814
2020-09-15,22465.388671875,0.016353340713089658,0.0002674317524783958
2020-09-16,22573.2890625,0.004791463803349013,2.295812537880379e-05
2020-09-17,22320.08984375,-0.01128014463174482,0.0001272416629130815
2020-09-18,22030.794921875,-0.013045918991790688,0.00017019600234036497
2020-09-21,21366.552734375,-0.030614500771076247,0.0009372476574622281
2020-09-22,21138.853515625,-0.010713996969432829,0.00011478973106101584
2020-09-23,21178.25390625,0.0018621500575458395,3.4676028368179735e-06
2020-09-24,20456.611328125,-0.03466877351791414,0.001201923857236425
2020-09-25,20982.10546875,0.0253638313566716,0.0006433239410896774
2020-09-28,21665.248046875,0.03203955039771756,0.0010265327896878834
2020-09-29,21411.052734375,-0.011802232713214608,0.00013929269701687305
2020-09-30,21451.55078125,0.0018896686437288213,3.570847583091923e-06
2020-10-01,22245.7421875,0.036353687685725465,0.0013215906083512672
2020-10-05,22370.689453125,0.0056009675212462745,3.137083717405564e-05
2020-10-06,22853.43359375,0.02134977727437531,0.0004558129896654325
2020-10-07,22964.533203125,0.004849618387108401,2.3518798500579887e-05
2020-10-08,23191.080078125,0.009816734226632378,9.63682708763356e-05
2020-10-09,23846.5234375,0.02787071353953388,0.0007767766732027572
2020-10-12,23712.525390625,-0.005635032859286954,3.1753595325243704e-05
2020-10-13,23491.92578125,-0.009346627695107293,8.735944927094666e-05
2020-10-14,23874.373046875,0.016148847870156743,0.000260785287533466
2020-10-15,23072.1328125,-0.03418010868290154,0.0011682798295749614
2020-10-16,23532.9765625,0.01977717796011462,0.0003911367680660435
2020-10-19,24266.46875,0.030692815112219437,0.0009420488995128859
2020-10-20,24311.517578125,0.001854701869871982,3.4399190261066263e-06
2020-10-21,24634.763671875,0.013208390299853668,0.0001744615743132685
2020-10-22,24483.865234375,-0.006144264023083896,3.77519803853631e-05
2020-10-23,24478.015625,-0.0002389454530814996,5.709492954832313e-08
2020-10-26,24075.169921875,-0.01659437760714944,0.00027537336816866275
2020-10-27,24769.212890625,0.0284204505944575,0.0008077220119919997
2020-10-28,24232.21875,-0.02191836527210839,0.0004804147362015671
2020-10-29,24091.720703125,-0.005814858819387127,3.381258308940425e-05
2020-10-30,23900.623046875,-0.007963714679469632,6.34207514960001e-05
2020-11-02,24892.2109375,0.04065041327463289,0.0016524560993984498
2020-11-03,25682.501953125,0.03125496137793109,0.000976872610735964
2020-11-04,25771.30078125,0.0034515978048245393,1.191352740626958e-05
2020-11-05,26312.79296875,0.02079374562292167,0.0004323798570307742
2020-11-06,26798.638671875,0.018295844816208703,0.0003347379375387909
2020-11-09,27533.779296875,0.027062498549612356,0.0007323788277477709
2020-11-10,28605.66796875,0.03819128996541351,0.0014585746292222945
2020-11-11,28844.6640625,0.008320142425723188,6.922476998431894e-05
2020-11-12,28278.47265625,-0.01982418968390849,0.00039299849662358387
2020-11-13,28465.369140625,0.006587398889544451,4.339382412997146e-05
2020-11-17,29180.9609375,0.02482824337915808,0.000616441669294707
2020-11-18,29749.50390625,0.01929598250579155,0.00037233494086381355
2020-11-19,28902.71484375,-0.028876926495957266,0.0008338768838529188
2020-11-20,29235.66015625,0.011453672460666215,0.00013118661283622368
2020-11-23,29023.861328125,-0.007270906310554116,5.2866078576855666e-05
2020-11-24,29736.904296875,0.024270547290560503,0.0005890594657833337
2020-11-25,29196.060546875,-0.01835505598271466,0.0003369080801285893
2020-11-26,29549.40625,0.012029863193198051,0.00014471760844706123
2020-11-27,29608.70703125,0.0020048239480007523,4.019319062477323e-06
2020-12-01,29817.50390625,0.007027125940326573,4.9380498981210624e-05
2020-12-02,29462.80859375,-0.011966858148920631,0.00014320569395638813
2020-12-03,29448.408203125,-0.0004888845179167963,2.3900807185873837e-07
2020-12-04,30052.05078125,0.020291046475745776,0.0004117265670808751
2020-12-07,30211.19921875,0.005281786411576088,2.7897267697509803e-05
2020-12-08,30261.548828125,0.0016652003633265506,2.772892250022876e-06
2020-12-09,30709.04296875,0.014679279401994507,0.00021548124376182022
2020-12-10,30509.994140625,-0.006502863780895431,4.228723735288162e-05
2020-12-11,30604.494140625,0.003092558834198697,9.563920142980405e-06
2020-12-14,30745.54296875,0.004598174126354348,2.1143205296274573e-05
2020-12-15,30690.693359375,-0.0017855789099807144,3.188292043767916e-06
2020-12-16,30698.04296875,0.00023944488353147236,5.733385224940036e-08
2020-12-17,30846.69140625,0.004830591213493912,2.3334611471884588e-05
2020-12-18,30714.29296875,-0.004301381564286444,1.8501883361583295e-05
2020-12-21,29456.107421875,-0.04182684392123556,0.0017494848724114002
2020-12-22,29625.60546875,0.0057377656672136,3.292195485185513e-05
2020-12-23,29882.953125,0.00864915120213929,7.480781651746753e-05
2020-12-24,30401.845703125,0.017215132275446857,0.0002963607792611321
2020-12-28,30880.58984375,0.01562450564411178,0.00024412517662288086
2020-12-29,31322.13671875,0.014197264846028922,0.00020156232910828863
2020-12-30,31302.6875,-0.0006211344979546466,3.858080645493708e-07
2020-12-31,31263.6875,-0.0012466761915215273,1.5542015265066198e-06
2021-01-01,31225.486328125,-0.0012226494380896337,1.494871648460897e-06
2021-01-04,31212.0859375,-0.0004292412515253173,1.8424805201102072e-07
2021-01-05,31721.880859375,0.016201301102712215,0.00026248215742074405
2021-01-06,31797.53125,0.002381962423177089,5.673744985427669e-06
2021-01-07,31955.62890625,0.004959690780606176,2.45985326392299e-05
2021-01-08,32083.826171875,0.004003701677809642,1.602962712489574e-05
2021-01-11,31998.529296875,-0.002662103312199249,7.086794044822212e-06
2021-01-12,32338.625,0.01057239396738316,0.00011177551420155985
2021-01-13,32574.271484375,0.007260422266976578,5.2713731494809314e-05
2021-01-14,32519.37109375,-0.0016868130732313226,2.8453383440240992e-06
2021-01-15,32246.42578125,-0.00842873682055101,7.104360439011234e-05
2021-01-18,31811.380859375,-0.013583094192626792,0.00018450044784577168
2021-01-19,32424.47265625,0.019089352158728205,0.00036440336583994115
2021-01-20,32543.3203125,0.003658667884261221,1.338585068732448e-05
2021-01-21,32186.525390625,-0.011024235622522178,0.00012153377106088696
2021-01-22,31166.888671875,-0.03219162807639261,0.0010363009182087887
2021-01-25,31198.037109375,0.0009989089123363445,9.978190151449786e-07
2021-01-27,30284.19921875,-0.02972908110588629,0.0008838182634003652
2021-01-28,30357.947265625,0.0024322385504760824,5.915784366421995e-06
2021-01-29,30565.14453125,0.0068019550017087765,4.626659184527104e-05
2021-02-01,33088.66796875,0.07933057420419111,0.006293340003566672
2021-02-02,34267.5,0.035006516797646374,0.0012254562183038977
2021-02-03,34758.046875,0.014213726828625392,0.00020203003035878524
2021-02-04,35344.390625,0.016728588752711916,0.0002798456816573596
2021-02-05,35654.0859375,0.008724054140646368,7.610912064892904e-05
2021-02-08,35983.23046875,0.009189256770241067,8.444243998942128e-05
2021-02-09,36056.08203125,0.0020225508769135254,4.0907120497036706e-06
2021-02-10,35782.6875,-0.007611373438415475,5.7933005619016614e-05
2021-02-11,35751.6875,-0.0008667162309195123,7.511970249393253e-07
2021-02-12,36108.48046875,0.009930282959038196,9.861051964656439e-05
2021-02-15,37305.81640625,0.032621496535199065,0.0010641620361960045
2021-02-16,37097.96875,-0.005587032876777559,3.1214936366193326e-05
2021-02-17,36910.51953125,-0.005065624874678192,2.5660555370958452e-05
2021-02-18,36586.57421875,-0.008815244079590648,7.770852818275797e-05
2021-02-19,35841.18359375,-0.020583736545771034,0.0004236902101857101
2021-02-22,35256.7890625,-0.01643950370913486,0.0002702572822026588
2021-02-23,35116.54296875,-0.00398577914017808,1.5886435354278716e-05
2021-02-24,36451.87890625,0.03732067553140201,0.0013928328221201886
2021-02-25,36548.57421875,0.0026491717492755345,7.018110957159595e-06
2021-02-26,34803.1953125,-0.048932974481981584,0.0023944359916542608
2021-03-01,35295.58984375,0.01404882063957729,0.00019736936136301286
2021-03-02,35419.2890625,0.0034985379833509527,1.2239768020949351e-05
2021-03-03,36367.62890625,0.026422502691532037,0.0006981486484840178
2021-03-04,35802.08203125,-0.015673014191394594,0.0002456433738436563
2021-03-05,35227.73828125,-0.01617225737955991,0.00026154190875072995
2021-03-08,35275.33984375,0.0013503401836934164,1.8234186116971696e-06
2021-03-09,35865.23046875,0.01658418374779648,0.0002750351505806769
2021-03-10,35937.8828125,0.0020236551097478307,4.0951800032085045e-06
2021-03-12,35496.234375,-0.012365353763278688,0.0001529019736910304
2021-03-15,35182.140625,-0.008888031670377541,7.899710697363418e-05
2021-03-16,34804.1953125,-0.010800650769931643,0.000116654057054025
2021-03-17,34228.8515625,-0.016669033105397767,0.0002778566646688467
2021-03-18,33856.40625,-0.01094066585173096,0.00011969816927923194
2021-03-19,34161.203125,0.008962353073003037,8.032377260516697e-05
2021-03-22,33603.05859375,-0.0164734961849236,0.0002713760765546925
2021-03-23,34184.0,0.01714060593961284,0.00029380037197709093
2021-03-24,33292.86328125,-0.026414640202633708,0.000697733217034593
2021-03-25,33006.06640625,-0.008651683074940155,7.485162002920593e-05
2021-03-26,33317.8125,0.009400788818849416,8.837483041660419e-05
2021-03-30,33874.70703125,0.016576466755481564,0.0002747792500955855
2021-03-31,33303.51171875,-0.017005782192763958,0.0002891966279877277
2021-04-01,33857.60546875,0.016500807174720467,0.00027227663741730644
2021-04-05,32678.470703125,-0.035447182833613616,0.0012565027708396318
2021-04-06,32500.97265625,-0.00544645601434694,2.9663883116215955e-05
2021-04-07,32990.81640625,0.014959215244258387,0.00022377812072405252
2021-04-08,32782.46875,-0.0063353488462448825,4.0136645003616364e-05
2021-04-09,32447.673828125,-0.010265127393413582,0.00010537284040300991
2021-04-12,30791.642578125,-0.05238544748429845,0.002744235108130191
2021-04-13,31771.23046875,0.03131786976271842,0.0009808089664745927
2021-04-15,32112.4765625,0.01068345452426375,0.0001141362005720116
2021-04-16,31977.078125,-0.0042252950453627565,1.785311822036706e-05
2021-04-19,31208.037109375,-0.02434367623260142,0.0005926145725177232
2021-04-20,31112.337890625,-0.0030712040475341248,9.43229430158999e-06
2021-04-22,31782.23046875,0.021302886059509356,0.00045381295446443804
2021-04-23,31721.931640625,-0.0018990517863361938,3.6063976871866887e-06
2021-04-26,32274.775390625,0.017277685944029713,0.0002985184315805219
2021-04-27,32734.96875,0.014157909785423016,0.0002004464094921768
2021-04-28,33722.41015625,0.02971871889338764,0.0008832022526641955
2021-04-29,33714.109375,-0.0002461805961998094,6.06048859452936e-08
2021-04-30,32781.41796875,-0.028054596043082403,0.0007870603591405348
2021-05-03,32465.373046875,-0.009687752876533605,9.385255579678514e-05
2021-05-04,32269.974609375,-0.00603685738915104,3.6443647136947514e-05
2021-05-05,32783.31640625,0.01578252058953874,0.0002490879561592142
2021-05-06,32827.41796875,0.0013443400553884064,1.8072501845217037e-06
2021-05-07,32904.1171875,0.0023337125286275163,5.4462141662730355e-06
2021-05-10,33142.01171875,0.007203921380794971,5.1896483260674925e-05
2021-05-11,32871.81640625,-0.008186067344574806,6.701169856991402e-05
2021-05-12,32451.923828125,-0.012855919141678053,0.00016527465697736417
2021-05-14,32169.177734375,-0.008750946402344235,7.65790629367015e-05
2021-05-17,33458.859375,0.03930782485556817,0.0015451050948760228
2021-05-18,33922.00390625,0.013747280836893798,0.00018898773040842745
2021-05-19,33684.80859375,-0.007016934446913308,4.9237369032278575e-05
2021-05-20,33334.1640625,-0.010464133272172873,0.00010949808513779536
2021-05-21,34606.49609375,0.03745859393099882,0.0014031462592874616
2021-05-24,34943.1953125,0.009682339125763214,9.374769094628515e-05
2021-05-25,34661.59765625,-0.008091373613662033,6.54703269558662e-05
2021-05-26,34683.796875,0.0006402507234514113,4.099209888800555e-07
2021-05-27,35094.64453125,0.011775912322442551,0.0001386721110258543
2021-05-28,35141.0390625,0.0013211101714671355,1.7453320851539242e-06
2021-05-31,35526.234375,0.01090176849189904,0.00011884855625096266
2021-06-01,35336.7890625,-0.0053468157196446915,2.858843833983958e-05
2021-06-02,35373.33984375,0.0010338203329785971,1.0687844808799775e-06
2021-06-03,35648.5859375,0.007751056276226348,6.007887339722786e-05
2021-06-04,35291.23828125,-0.010074755125671745,0.0001015006908422491
2021-06-07,35443.23828125,0.004297769386315099,1.847082169794726e-05
2021-06-08,35084.89453125,-0.010161812579613969,0.00010326243490320071
2021-06-09,34800.09375,-0.008150601865069364,6.643231076287219e-05
2021-06-10,35130.7890625,0.009457846498654604,8.945086039211317e-05
2021-06-11,35046.9921875,-0.0023881323499577076,5.7031761209145225e-06
2021-06-14,34950.1953125,-0.0027657378863229737,7.64930605584227e-06
2021-06-15,35247.33984375,0.00846600398039626,7.167322339608532e-05
2021-06-16,35003.09375,-0.006953610544949127,4.83526996108277e-05
2021-06-17,34604.99609375,-0.011438383027404355,0.00013083660628161202
2021-06-18,34557.59765625,-0.001370638154252799,1.87864894989352e-06
2021-06-21,34870.89453125,0.009025084419510342,8.145214877928833e-05
2021-06-22,34744.59765625,-0.0036284168823315327,1.3165409071988479e-05
2021-06-23,34573.59765625,-0.004933779539557536,2.434218054495657e-05
2021-06-24,34826.59375,0.007290965899573294,5.315818374874062e-05
2021-06-25,35364.23828125,0.015319808326103147,0.00023469652714853932
2021-06-28,35359.0390625,-0.00014702991588171532,2.1617796164184284e-08
2021-06-29,35009.89453125,-0.009923339135994049,9.847265960795112e-05
2021-06-30,34771.796875,-0.006824098855593169,4.6568325190908e-05
2021-07-01,34683.59765625,-0.002539738396256146,6.450271121417741e-06
2021-07-02,34809.4921875,0.003623228417656593,1.3127784166514298e-05
2021-07-05,35211.58984375,0.011485171739891066,0.00013190916989479237
2021-07-06,35578.734375,0.010372825021523665,0.00010759549892714743
2021-07-07,35770.88671875,0.0053862320600004095,2.9011495804176256e-05
2021-07-08,35273.69140625,-0.013996942283435648,0.00019591439328582873
2021-07-09,35071.54296875,-0.0057473401216622064,3.3031918474068146e-05
2021-07-12,35198.48828125,0.0036130751143963065,1.3054311782269884e-05
2021-07-13,35672.984375,0.01339052699069627,0.0001793062130885653
2021-07-14,35667.8359375,-0.00014433356629162938,2.0832178358460172e-08
2021-07-15,35907.23046875,0.006689352478739536,4.474743658481877e-05
2021-07-16,35751.38671875,-0.0043496233061740466,1.8919222905612445e-05
2021-07-19,35078.79296875,-0.018992298771755557,0.00036070741263562764
2021-07-20,34415.05078125,-0.019102767546682747,0.0003649157279425956
2021-07-22,34676.8984375,0.007579722756507133,5.7452197065512087e-05
2021-07-23,35033.9921875,0.010245081370308266,0.0001049616922842375
2021-07-26,34949.29296875,-0.002420556849137775,5.859095459907794e-06
2021-07-27,34797.04296875,-0.004365827674899823,1.9060451286921194e-05
2021-07-28,34532.49609375,-0.007631614533839348,5.824154039310797e-05
2021-07-29,34691.09765625,0.004582305870820393,2.0997527093755042e-05
2021-07-30,34583.94921875,-0.0030934233256504633,9.569267871678372e-06
2021-08-02,34709.59765625,0.00362655920721171,1.3151931683412028e-05
2021-08-03,35207.0390625,0.014229797752244542,0.0002024871440697838
2021-08-04,36027.6328125,0.023040186165160223,0.0005308501785252405
2021-08-05,35834.33203125,-0.005379792992916907,2.8942172646637853e-05
2021-08-06,35808.83203125,-0.0007118613872103821,5.067466346010895e-07
2021-08-09,36028.53125,0.006116591524970851,3.741269188334524e-05
2021-08-10,36033.68359375,0.000142997096882122,2.0448169716714983e-08
2021-08-11,35805.98046875,-0.006339224730695897,4.018577018626647e-05
2021-08-12,35936.6328125,0.003642256176932723,1.3266030058404577e-05
2021-08-13,36168.9296875,0.006443266527823694,4.1515683548573204e-05
2021-08-16,36094.08203125,-0.0020715351114119263,4.291257717812422e-06
2021-08-17,35867.03125,-0.006310395277317982,3.9821088555997086e-05
2021-08-18,35554.0859375,-0.008763439375228714,7.679786968330903e-05
2021-08-20,35033.4453125,-0.014751899025211708,0.00021761852485004216
2021-08-23,35123.98828125,0.002581138288005195,6.662274861806389e-06
2021-08-24,35711.6875,0.01659369230222193,0.0002753506242208194
2021-08-25,35585.8359375,-0.00353032439674082,1.2463190346223434e-05
2021-08-26,35617.13671875,0.0008791987777640337,7.729904908217708e-07
2021-08-27,35627.38671875,0.0002877414171970742,8.27951231705807e-08
2021-08-30,36347.2265625,0.02000327096687959,0.00040013084937440794
2021-08-31,36424.1796875,0.0021149283117989724,4.4729217640488515e-06
2021-09-01,36573.875,0.004101356480737578,1.682112498208813e-05
2021-09-02,36830.87109375,0.00700219420361771,4.903072366517746e-05
2021-09-03,36760.72265625,-0.001906425861200215,3.6344595642529816e-06
2021-09-06,36591.92578125,-0.004602347060247881,2.1181598462972314e-05
2021-09-07,36468.375,-0.003382162342717743,1.1439022112497971e-05
2021-09-08,36767.7734375,0.008176293041859111,6.685176790635371e-05
2021-09-09,36682.7734375,-0.0023144834602495104,5.356833687768547e-06
2021-09-13,36471.375,-0.005779549908339769,3.340319714299023e-05
2021-09-14,36612.625,0.003865419951659175,1.4941471402684818e-05
2021-09-15,36851.8203125,0.006511889029648277,4.240469873445357e-05
2021-09-16,37668.1640625,0.02191026781355924,0.0004800598356618901
2021-09-17,37811.5078125,0.0037982126516244888,1.442641934696033e-05
2021-09-20,37145.265625,-0.0177771721694232,0.0003160278503413147
2021-09-21,37235.41796875,0.0024240806494395984,5.876166994987505e-06
2021-09-22,36944.21875,-0.00785123053891599,6.164182097520708e-05
2021-09-23,37771.26171875,0.022139367763012317,0.000490151604945909
2021-09-24,37829.859375,0.001550179868676714,2.4030576252505543e-06
2021-09-27,38170.8046875,0.008972226858850517,8.050085480667861e-05
2021-09-28,37944.55859375,-0.005944838211679426,3.534110136304383e-05
2021-09-29,37742.5625,-0.005337673580812797,2.849075925530691e-05
2021-09-30,37424.66796875,-0.008458378060671557,7.154415941724993e-05
2021-10-01,37225.46484375,-0.0053369924560869395,2.8483488476328903e-05
2021-10-04,37579.2109375,0.009457930991783253,8.945245864533414e-05
2021-10-05,37740.5625,0.004284447548279347,1.8356490793956906e-05
2021-10-06,37521.11328125,-0.005831649066889259,3.400813083935037e-05
2021-10-07,37752.76171875,0.006154835758757097,3.788200321727505e-05
2021-10-08,37774.8125,0.0005839134145276038,3.4095487566528524e-07
2021-10-11,38293.35546875,0.013633850134250959,0.00018588186948321488
2021-10-12,38521.05078125,0.005928470726043001,3.514676514954883e-05
2021-10-13,38635.30078125,0.0029615211499713166,8.77060752172743e-06
2021-10-14,39340.44140625,0.018086646632533378,0.000327126786410131
2021-10-18,39684.33984375,0.008703614309323041,7.575290204545281e-05
2021-10-19,39540.0390625,-0.0036428418327369484,1.327029661833829e-05
2021-10-20,39517.73828125,-0.0005641641490761123,3.182811871027738e-07
2021-10-21,40029.734375,0.012872895817674142,0.00016571144673269242
2021-10-22,40323.1796875,0.0073039446166451305,5.3347606963019385e-05
2021-10-25,41191.91796875,0.021315589354565834,0.00045435434953248035
2021-10-26,41237.8203125,0.0011137327244242032,1.2404005814533582e-06
2021-10-27,40873.875,-0.008864698126962799,7.858287288217775e-05
2021-10-28,39508.48828125,-0.033975563885831575,0.0011543389413602228
2021-10-29,39115.1484375,-0.01000572198754499,0.00010011447249204127
2021-11-01,39763.2890625,0.016434281237424065,0.0002700855997907487
2021-11-02,39937.984375,0.004383759122792278,1.9217344046664526e-05
2021-11-03,39401.59375,-0.013521594396312014,0.00018283351501837647
2021-11-04,39573.23828125,0.004346822832082502,1.8894868733513744e-05
2021-11-08,39437.79296875,-0.0034285198670181184,1.1754748478537937e-05
2021-11-09,39368.34375,-0.001762533721876638,3.1065251207523142e-06
2021-11-10,39022.796875,-0.008816024624720753,7.772229018368269e-05
2021-11-11,38559.75,-0.011937024293031558,0.00014249254897242557
2021-11-12,38732.90234375,0.004480442271280272,2.0074362946275124e-05
2021-11-15,38701.90234375,-0.0008006735932562638,6.410782029378969e-07
2021-11-16,38306.65625,-0.010265081482217643,0.00010537189783656756
2021-11-17,38041.109375,-0.00695627288204577,4.838973240948536e-05
2021-11-18,37975.80859375,-0.0017180595861399685,2.95172874152744e-06
2021-11-22,37128.37109375,-0.0225679441739628,0.0005093121042391014
2021-11-23,37272.3671875,0.0038708291576505425,1.4983318367717608e-05
2021-11-24,37441.515625,0.0045279061968597975,2.0501934527561356e-05
2021-11-25,37364.31640625,-0.0020639900408787257,4.260054888846564e-06
2021-11-26,36025.08203125,-0.03650072323859528,0.0013323027969405297
2021-11-29,35976.03125,-0.0013625008448574375,1.8564085522372309e-06
2021-11-30,35694.88671875,-0.007845468742024209,6.155137978207892e-05
2021-12-01,36364.4765625,0.0185849301507841,0.0003453996287095239
2021-12-02,36507.82421875,0.0039342202622614396,1.547808907198847e-05
2021-12-03,36196.7265625,-0.008557911480964473,7.323784891602354e-05
2021-12-06,35735.484375,-0.012824533074342503,0.00016446864857490477
2021-12-07,36617.97265625,0.024395020841994974,0.0005951170418813692
2021-12-08,37284.265625,0.018032228482851565,0.00032516126405776326
2021-12-09,37082.01953125,-0.005439201163381493,2.9584909295730583e-05
2021-12-10,37105.21875,0.0006254234567475055,3.9115450024999894e-07
2021-12-13,36924.8203125,-0.004873664714004366,2.3752607744531257e-05
2021-12-14,36893.51953125,-0.0008480489588950047,7.191870366829015e-07
2021-12-15,36789.125,-0.0028336279667120308,8.029447453732558e-06
2021-12-16,36548.22265625,-0.006569727919547287,4.316132493687913e-05
2021-12-17,35618.234375,-0.025774849004950525,0.0006643428412279991
2021-12-20,34439.453125,-0.03365490790407651,0.0011326528260318716
2021-12-21,34607.44921875,0.004866153862142586,2.3679453410045208e-05
2021-12-22,35029.09375,0.012110011961913006,0.0001466523897176761
2021-12-23,35190.73828125,0.0046039647802835,2.1196491698090892e-05
2021-12-24,34856.64453125,-0.009539151071689412,9.099540316851327e-05
2021-12-27,35057.4921875,0.005745567869400785,3.3011550141890674e-05
2021-12-28,35183.390625,0.0035847662296057477,1.2850548920921808e-05
2021-12-29,35044.9921875,-0.003941386975472989,1.5534531290428112e-05
2021-12-30,35063.1953125,0.0005192867212277838,2.69658698843502e-07
2021-12-31,35481.28515625,0.01185336503081422,0.0001405022625537294
2022-01-03,36421.4765625,0.02615323732866786,0.000683991822769626
2022-01-04,36839.71875,0.011417960887834356,0.0001303698308361151
2022-01-05,37695.4609375,0.02296311067640673,0.0005273044519369048
2022-01-06,37489.8125,-0.005470458267925107,2.9925913661110157e-05
2022-01-07,37739.1640625,0.006629160386206079,4.3945767426043923e-05
2022-01-10,38347.453125,0.015989724477208898,0.00025567128885705336
2022-01-11,38441.75390625,0.002456095909850343,6.032407118383583e-06
2022-01-12,38727.1015625,0.007395443538689877,5.4692585133949856e-05
2022-01-13,38469.50390625,-0.006673832632993338,4.454004201320679e-05
2022-01-14,38369.953125,-0.0025911384800170797,6.713998622625222e-06
2022-01-17,38215.703125,-0.004028174886185262,1.622619291369365e-05
2022-01-18,38209.85546875,-0.00015302881310933595,2.341781764165207e-08
2022-01-19,38040.91015625,-0.004431315215625131,1.9636554540230805e-05
2022-01-20,37850.41015625,-0.0050203475002711835,2.520388902347912e-05
2022-01-21,37573.86328125,-0.007333132999949593,5.3774839594949714e-05
2022-01-24,36947.12109375,-0.0168209523922673,0.000282944439382923
2022-01-25,37706.3125,0.020339789962539868,0.00041370705572023753
2022-01-27,37981.66015625,0.007275895001456312,5.2938648072216944e-05
2022-01-28,37688.9609375,-0.007736177510298857,5.984844247085383e-05
2022-01-31,37974.91015625,0.007558444366477401,5.7130081241133954e-05
2022-02-01,38505.05078125,0.013863739199237906,0.00019220326458448567
2022-02-02,39330.04296875,0.021199257148980553,0.00044940850366860307
2022-02-03,39009.546875,-0.008182271121833477,6.694956071119007e-05
2022-02-04,38788.90234375,-0.005672224190906051,3.217412727189981e-05
2022-02-07,37995.0078125,-0.02067940590792808,0.00042763782870485086
2022-02-08,38028.0078125,0.0008681581966032825,7.536986543294638e-07
2022-02-09,38609.80078125,0.015183214554557787,0.00023053000420973543
2022-02-10,39010.49609375,0.010324590037426515,0.00010659715944092685
2022-02-11,38516.80078125,-0.012736210494940234,0.00016221105777142577
2022-02-14,36908.12109375,-0.0426629193614856,0.0018201246884446227
2022-02-15,38169.65625,0.03360925027984842,0.0011295817043734913
2022-02-16,37953.359375,-0.005682839948649218,3.2294669881963444e-05
2022-02-17,37531.2109375,-0.011185142523866709,0.00012510741327921134
2022-02-18,37598.7109375,0.0017968877506444516,3.228805588416077e-06
2022-02-21,37685.1640625,0.002296724577552387,5.274943785133191e-06
2022-02-22,37371.21484375,-0.008365739310007508,6.998559420300489e-05
2022-02-23,37391.6171875,0.0005457884272746232,2.9788500734690665e-07
2022-02-24,35227.69140625,-0.05961407892079611,0.0035538384055749067
2022-02-25,36430.328125,0.033569156974585776,0.0011268882999843808
2022-02-28,36204.87890625,-0.0062077318136890556,3.853593427068721e-05
2022-03-02,35372.390625,-0.023262296174070198,0.0005411344232901609
2022-03-03,34943.89453125,-0.01218782809600328,0.0001485431536977269
2022-03-04,34407.40234375,-0.01547203625402741,0.00023938390584593854
2022-03-07,32870.8671875,-0.045684955974205715,0.0020871152023651143
2022-03-08,33157.71484375,0.008688645189558955,7.549255523004597e-05
2022-03-09,33815.0546875,0.019630693424052787,0.00038536412430914936
2022-03-10,34475.19921875,0.0193340940253629,0.00037380719178157335
2022-03-11,34545.84765625,0.0020471570737269113,4.19085208451013e-06
2022-03-14,35311.73828125,0.021928078497205673,0.0004808406265796138
2022-03-15,35022.2421875,-0.00823208715564856,6.776725893819401e-05
2022-03-16,35747.8359375,0.020506383369126257,0.00042051175888157795
2022-03-17,36428.12890625,0.01885151426673634,0.0003553795901489638
2022-03-21,36018.08203125,-0.011320157355513304,0.00012814596255358195
2022-03-22,36348.12890625,0.009121637271411787,8.320426651120868e-05
2022-03-23,36146.9296875,-0.005550715848474638,3.081044643050752e-05
2022-03-24,35526.6875,-0.017307837810868528,0.0002995612496873303
2022-03-25,35409.69140625,-0.003298623404219635,1.0880916362865533e-05
2022-03-28,35710.0859375,0.00844761693214971,7.136223183234247e-05
2022-03-29,35846.98046875,0.00382616854299595,1.463956571941175e-05
2022-03-30,36333.87890625,0.013491272531405238,0.0001820144345166495
2022-03-31,36373.1796875,0.0010810720674924797,1.1687168151124646e-06
2022-04-01,37148.06640625,0.02108004024108571,0.00044436809656579296
2022-04-04,38634.75,0.039240409022768846,0.0015398097002741987
2022-04-05,38067.45703125,-0.014792359567440634,0.00021881390157245246
2022-04-06,37632.36328125,-0.011495365231375872,0.00013214342180272525
2022-04-07,37556.9140625,-0.0020069149947807424,4.0277077962757875e-06
2022-04-08,37751.61328125,0.0051707199546353055,2.6736344849263738e-05
2022-04-11,37613.36328125,-0.003668817038860222,1.3460218464631087e-05
2022-04-12,37746.9609375,0.003545573817275385,1.2571093693748747e-05
2022-04-13,37462.96484375,-0.007552126680072597,5.7034617391864354e-05
2022-04-18,36728.57421875,-0.019797799623324955,0.0003919528699253258
2022-04-19,36341.1796875,-0.010603516236041185,0.00011243455656798902
2022-04-20,36314.4765625,-0.0007350598034777446,5.403129146887405e-07
2022-04-21,36815.671875,0.013707155543572914,0.00018788611309570168
2022-04-22,36044.33203125,-0.021173994526368915,0.0004483380442027008
2022-04-25,36081.93359375,0.001042659441208551,1.087138710341328e-06
2022-04-26,36404.37890625,0.008896781426584958,7.915271975242708e-05
2022-04-27,36028.43359375,-0.01038061827010345,0.00010775723566960553
2022-04-28,36421.77734375,0.010858425660384568,0.00011790540782209804
2022-04-29,36087.73046875,-0.009213943063895672,8.489674678471117e-05
2022-05-02,36163.328125,0.002092638787834918,4.379137096351194e-06
2022-05-04,35264.140625,-0.025178968843346708,0.0006339804720142243
2022-05-05,35232.44140625,-0.0008993122779307223,8.087625732369446e-07
2022-05-06,34590.796875,-0.018379628611091287,0.0003378107478816454
2022-05-09,34275.0,-0.009171434963001835,8.411521928057248e-05
2022-05-10,34482.24609375,0.006028360155575292,3.634112616532776e-05
2022-05-11,34692.74609375,0.006086033206013531,3.703980018469934e-05
2022-05-12,33531.7578125,-0.034037634638871425,0.0011585605718092999
2022-05-13,33120.96484375,-0.012326523322621099,0.0001519431772231219
2022-05-16,33597.2109375,0.014276594862845033,0.00020382116087781319
2022-05-17,34301.5,0.020746029282794207,0.0004303977310025547
2022-05-18,34163.30078125,-0.004037093656067744,1.6298125187862422e-05
2022-05-19,33315.26171875,-0.0251363894711668,0.0006318380756461851
2022-05-20,34276.0,0.028429798939993343,0.0008082534677684466
2022-05-23,34247.203125,-0.0008405000169867097,7.064402785546592e-07
2022-05-24,34289.75,0.0012415749030434367,1.5415082398673193e-06
2022-05-25,34339.1015625,0.0014382164318134708,2.068466504738272e-06
2022-05-26,35094.4921875,0.021759508299158934,0.00047347620142116655
2022-05-27,35612.88671875,0.014663358414524857,0.00021501407999281692
2022-05-30,35826.53125,0.005981156460629871,3.5774232606534443e-05
2022-05-31,35486.984375,-0.009522723369526295,9.068226037252225e-05
2022-06-01,35620.38671875,0.003752142659968513,1.4078574540755588e-05
2022-06-02,35613.234375,-0.00020081370746604136,4.032614510625684e-08
2022-06-03,35274.640625,-0.009553011005114655,9.126001926384172e-05
2022-06-06,35309.7890625,0.0009959261712769339,9.918689386343326e-07
2022-06-07,34995.59375,-0.008938075341094838,7.988919080308761e-05
2022-06-08,34945.7421875,-0.001425525271252663,2.0321222989799788e-06
2022-06-09,35085.04296875,0.003978277971944475,1.5826695622058647e-05
2022-06-10,34483.3984375,-0.0172969098967647,0.00029918309197679663
2022-06-13,33405.46484375,-0.03175849883600244,0.001008602248316368
2022-06-14,33310.96484375,-0.0028328873005188013,8.025250457440701e-06
2022-06-15,33338.61328125,0.000829665839268037,6.883454048483361e-07
2022-06-16,32616.720703125,-0.021891221328089332,0.00047922557123539325
2022-06-17,32742.669921875,0.0038540559649365667,1.485374738086313e-05
2022-06-20,32684.419921875,-0.001780608476689671,3.1705665472591104e-06
2022-06-21,33191.36328125,0.015391190574653671,0.000236888747305308
2022-06-22,32844.91796875,-0.010492671133527403,0.00011009614751635923
2022-06-23,33134.61328125,0.00878142565204619,7.711343648241486e-05
2022-06-24,33627.05859375,0.01475260369986105,0.00021763931592515395
2022-06-27,33810.85546875,0.005450860473194788,2.971187989823731e-05
2022-06-28,33642.05859375,-0.00500489058758452,2.504892979369212e-05
2022-06-29,33269.51171875,-0.011135614452400978,0.00012400190923252154
2022-06-30,33424.71484375,0.004654178124814586,2.1661374017502616e-05
2022-07-01,33539.05859375,0.0034150961112778015,1.1662881449264762e-05
2022-07-04,33940.50390625,0.011898418832196967,0.00014157237070637943
2022-07-05,33815.50390625,-0.0036897138969066833,1.3613988641026302e-05
2022-07-06,34323.8515625,0.014921100566017356,0.00022263924210120346
2022-07-07,34919.89453125,0.01721621733287406,0.0002963981392527532
2022-07-08,35123.640625,0.005817715166939843,3.384580976364189e-05
2022-07-11,35469.234375,0.009791257572805514,9.586872485702133e-05
2022-07-12,35131.83984375,-0.009557846065759627,9.135242141675679e-05
2022-07-13,34827.39453125,-0.008703561068916338,7.575197528035611e-05
2022-07-14,34650.796875,-0.005083553068554277,2.5842511800807607e-05
2022-07-15,34682.24609375,0.0009071928639007382,8.229988923124232e-07
2022-07-18,35358.2890625,0.019304934286410207,0.0003726804878026164
2022-07-19,35719.9375,0.010176155929447754,0.00010355414950043469
2022-07-20,35971.68359375,0.007023055823103728,4.932331309443118e-05
2022-07-21,36200.578125,0.006343026898242392,4.0233990231826494e-05
2022-07-22,36738.5234375,0.014750800463942008,0.00021758611432703176
2022-07-25,36725.97265625,-0.00034168290914534933,1.1674721040202905e-07
2022-07-26,36408.078125,-0.00869353003122671,7.557746440384069e-05
2022-07-27,36783.32421875,0.01025391971184712,0.00010514286945700692
2022-07-28,37377.71484375,0.016030070789221997,0.00025696316950746836
2022-07-29,37490.9609375,0.003025195221778934,9.151806129874092e-06
2022-08-01,37902.7578125,0.010924012687932463,0.00011933405320610943
2022-08-02,38023.55859375,0.0031820556797225474,1.0125478348854524e-05
2022-08-03,37988.80859375,-0.0009143249633357339,8.359901385788911e-07
2022-08-04,37755.11328125,-0.006170687977511788,3.807739011580852e-05
2022-08-05,37920.16015625,0.004361983226407309,1.902689766745872e-05
2022-08-08,38236.953125,0.008319506407548223,6.921418686523595e-05
2022-08-10,38287.40625,0.00131861626082225,1.738748843304852e-06
2022-08-11,38879.3984375,0.015343483609946444,0.00023542248928869517
2022-08-12,39041.84765625,0.004169580499475686,1.7385401541607907e-05
2022-08-16,39239.19140625,0.00504194043467504,2.542116334681113e-05
2022-08-17,39461.2421875,0.0056429516417755045,3.184290323141686e-05
2022-08-18,39655.6875,0.004915400654953456,2.4161163598716867e-05
2022-08-19,38985.49609375,-0.017044698489410655,0.00029052174659491785
2022-08-22,38297.3046875,-0.017810161911749174,0.000317201867322721
2022-08-23,38697.19921875,0.010387705792519158,0.00010790443163193607
2022-08-24,39038.046875,0.008769505668552526,7.690422967077489e-05
2022-08-25,38950.296875,-0.002250337237880557,5.064017684191895e-06
2022-08-26,38986.6953125,0.000934047853905864,8.724453933861503e-07
2022-08-29,38276.25390625,-0.01839074063501427,0.00033821934110436503
2022-08-30,39536.2890625,0.03238925913614837,0.0010490641073885704
2022-09-01,39300.79296875,-0.005974264600430726,3.56918375159597e-05
2022-09-02,39420.54296875,0.003042379577068134,9.25607349096128e-06
2022-09-05,39805.2890625,0.009712718908143736,9.433690858861285e-05
2022-09-06,39666.0390625,-0.0035044121142811737,1.2280904266720645e-05
2022-09-07,39455.44140625,-0.005323412866927494,2.8338724551769197e-05
2022-09-08,40208.48046875,0.01890596081322748,0.00035743535427129315
2022-09-09,40415.23046875,0.0051287754135227875,2.630433724235584e-05
2022-09-12,40573.52734375,0.0039091123473311016,1.5281159344056475e-05
2022-09-13,40872.625,0.007344705482157109,5.39446986196287e-05
2022-09-14,41404.91796875,0.012939141738034865,0.0001674213889169559
2022-09-15,41208.71875,-0.004749811179088504,2.2560706236994125e-05
2022-09-16,40776.328125,-0.010548134094414916,0.00011126313287375838
2022-09-19,40903.921875,0.003124227797655723,9.76079933164473e-06
2022-09-20,41467.8203125,0.013691764475000152,0.0001874644144388762
2022-09-21,41202.96875,-0.006407401492636264,4.105479388783743e-05
2022-09-22,40630.12890625,-0.01400042811729088,0.00019601198746742906
2022-09-23,39545.7890625,-0.02705066537478093,0.000731738497218372
2022-09-26,38615.80078125,-0.023797677930456014,0.0005663294748817132
2022-09-27,38358.703125,-0.0066800979351983175,4.4623708423840826e-05
2022-09-28,37759.4140625,-0.015746617696308026,0.0002479559688736811
2022-09-29,37647.3125,-0.0029732531882483352,8.84023452142889e-06
2022-09-30,38631.5,0.02580643529320738,0.0006659721025424995
2022-10-03,38029.20703125,-0.015713535263736502,0.0002469151904846906
2022-10-04,39109.59765625,0.028013430638574355,0.0007847522961422164
2022-10-06,39282.39453125,0.004408540975688077,1.9435233534320784e-05
2022-10-07,39177.59375,-0.002671446832271723,7.136628177654623e-06
2022-10-10,39092.6484375,-0.002170565555351996,4.711354830080518e-06
2022-10-11,38712.0,-0.009784800321141573,9.574231732461223e-05
2022-10-12,39118.09765625,0.010435586074231949,0.00010890145671270378
2022-10-13,38623.55078125,-0.012723001277778413,0.00016187476151435112
2022-10-14,39305.14453125,0.01749320012360347,0.00030601205056444053
2022-10-17,39919.984375,0.01552164562429645,0.00024092148288624114
2022-10-18,40318.28125,0.009927935090980215,9.856389517071633e-05
2022-10-19,40372.73046875,0.0013495735362455095,1.8213487297342097e-06
2022-10-20,40099.0859375,-0.006801029185933356,4.625399798791732e-05
2022-10-21,40783.578125,0.016925963973544327,0.00028648825643372045
2022-10-24,41304.41796875,0.012689963404576737,0.00016103517120949682
2022-10-25,41122.2734375,-0.0044195593592475,1.953250492991217e-05
2022-10-27,41298.8203125,0.004284028201509764,1.8352897631330986e-05
2022-10-28,40990.375,-0.007496652649825813,5.619980095214039e-05
2022-10-31,41307.41796875,0.007704812625632214,5.936413759610157e-05
2022-11-01,41289.0703125,-0.00044427207339156974,1.9737767519564433e-07
2022-11-02,41146.171875,-0.0034669293578777093,1.2019599172514346e-05
2022-11-03,41297.87109375,0.0036800570299636917,1.3542819743785188e-05
2022-11-04,41257.96875,-0.0009666753298806282,9.344611933998213e-07
2022-11-07,41686.21484375,0.010326218923140264,0.00010663079724862007
2022-11-09,41782.71484375,0.0023122386582799916,5.346447612844456e-06
2022-11-10,41603.265625,-0.004304068735919315,1.8525007683518094e-05
2022-11-11,42136.5625,0.012737166934584697,0.00016223542151947774
2022-11-14,42076.26171875,-0.0014321047207582315,2.0509239312180125e-06
2022-11-15,42372.20703125,0.007008925760447875,4.912504031546982e-05
2022-11-16,42534.8046875,0.0038300218491151544,1.4669067364699466e-05
2022-11-17,42457.55859375,-0.0018177189581954534,3.3041022109831643e-06
2022-11-18,42436.95703125,-0.000485344966108513,2.3555973612687362e-07
2022-11-21,42346.05859375,-0.002144261363153479,4.597856793512815e-06
2022-11-22,42456.55859375,0.0026060531196623296,6.791512862501761e-06
2022-11-23,42728.60546875,0.006387210798324663,4.079646178223518e-05
2022-11-24,43074.8984375,0.008071811363974089,6.515413869558123e-05
2022-11-25,42983.44921875,-0.002125284894779547,4.516835883978111e-06
2022-11-28,43019.94921875,0.0008488037183308766,7.204677522523222e-07
2022-11-29,43052.94921875,0.0007667919221026045,5.879698518018067e-07
2022-11-30,43230.49609375,0.004115438945376115,1.693683771311847e-05
2022-12-01,43260.14453125,0.0006855872137623277,4.7002982767439163e-07
2022-12-02,43103.25,-0.0036333612105613347,1.3201313686411728e-05
2022-12-05,43332.4453125,0.005303268489738388,2.8124656674252078e-05
2022-12-06,43138.05078125,-0.0044962124081702245,2.021592601938389e-05
2022-12-07,43098.19921875,-0.0009242416115459893,8.542225565131275e-07
2022-12-08,43596.34375,0.01149207312436163,0.0001320677446956749
2022-12-09,43632.94140625,0.0008391140276306955,7.041123513666077e-07
2022-12-12,43708.2421875,0.0017242908055181713,2.973178781994504e-06
2022-12-13,43946.0390625,0.005425803622837524,2.9439344953596795e-05
2022-12-14,44048.58984375,0.0023308428924146006,5.432828589119661e-06
2022-12-15,43497.6953125,-0.012585383872838056,0.00015839188722669223
2022-12-16,43218.99609375,-0.0064278323772524295,4.1317029070054616e-05
2022-12-19,43413.24609375,0.0044844810808273875,2.0110570564298775e-05
2022-12-20,43358.99609375,-0.0012504000288732775,1.5635002322062931e-06
2022-12-21,42617.453125,-0.017250336901878997,0.00029757412322832825
2022-12-22,42408.30859375,-0.004919566701529435,2.42021365307972e-05
2022-12-23,41667.56640625,-0.01762125828948308,0.00031050874370467616
2022-12-26,42629.65234375,0.022827033391079436,0.0005210734534374556
2022-12-27,42859.0,0.005365582453229976,2.8789475062409406e-05
2022-12-28,42827.203125,-0.0007421702747905213,5.508167167826379e-07
2022-12-29,43251.84765625,0.00986646512055285,9.734713397508598e-05
2022-12-30,42985.94921875,-0.0061666529006613275,3.8027607997234766e-05
2023-01-02,43203.1015625,0.005038988160676737,2.5391401683440326e-05
2023-01-03,43425.25,0.005128781061849046,2.6304395180381424e-05
2023-01-04,42958.80078125,-0.010799534127373847,0.0001166299373683124
2023-01-05,42608.69921875,-0.008183095594790706,6.696305351348306e-05
2023-01-06,42188.80078125,-0.00990363795007708,9.808204464620694e-05
2023-01-09,42582.75,0.009294440200995608,8.638661864988328e-05
2023-01-10,42014.75,-0.013428494585122396,0.00018032446682266152
2023-01-11,42232.69921875,0.00517403688755483,2.6770657713778073e-05
2023-01-12,42082.25,-0.0035687474124162337,1.2735958093627564e-05
2023-01-13,42371.25,0.00684402962767234,4.684074154445679e-05
2023-01-16,42167.55078125,-0.0048190797855021264,2.322352997903522e-05
2023-01-17,42235.05078125,0.0015994771047573803,2.5583270086430516e-06
2023-01-18,42458.0,0.00526488848112625,2.771905071869587e-05
2023-01-19,42328.8515625,-0.003046428426166788,9.280726155757052e-06
2023-01-20,42506.80078125,0.00419515792750505,1.7599350036708466e-05
2023-01-23,42821.25,0.007370393190682036,5.4322695785252126e-05
2023-01-24,42733.44921875,-0.0020525070598243584,4.212785230628833e-06
2023-01-25,41647.6484375,-0.025737060707118495,0.0006623962938419027
2023-01-27,40345.30078125,-0.031769980432315596,0.0010093316566697158
2023-01-30,40387.44921875,0.001044147296588813,1.0902435769737267e-06
2023-01-31,40655.05078125,0.0066040049374642635,4.361288121405237e-05
2023-02-01,40513.0,-0.0035001684753262117,1.2251179355667417e-05
2023-02-02,40669.30078125,0.0038506170155740214,1.4827251400628184e-05
2023-02-03,41499.69921875,0.020212652192550938,0.00040855130865703423
2023-02-06,41374.6484375,-0.0030178427871482417,9.107375087942667e-06
2023-02-07,41490.94921875,0.0028069756545937956,7.879112325482268e-06
2023-02-08,41537.6484375,0.0011248949155502636,1.2653885710308347e-06
2023-02-09,41554.30078125,0.0004008172664021137,1.6065448104606295e-07
2023-02-10,41559.3984375,0.00012266705258719035,1.5047205790428523e-08
2023-02-13,41282.19921875,-0.006692296169184863,4.478682801608639e-05
2023-02-14,41648.3515625,0.008830394096052312,7.797585989159553e-05
2023-02-15,41731.05078125,0.0019836852638390827,3.935007225972331e-06
2023-02-16,41631.3515625,-0.002391948012101028,5.721415292594061e-06
2023-02-17,41131.75,-0.012073197394344896,0.0001457620953228164
2023-02-20,40701.69921875,-0.010510487932183336,0.00011047035657257155
2023-02-21,40673.6015625,-0.0006905696715553978,4.7688647127213e-07
2023-02-22,39995.8984375,-0.016802361957983385,0.0002823193673670873
2023-02-23,40001.55078125,0.0001413130997201531,1.996939215251793e-08
2023-02-24,39909.3984375,-0.0023063769233209095,5.319374512427224e-06
2023-02-27,40307.1015625,0.009915824889584705,9.832358324090752e-05
2023-02-28,40269.05078125,-0.0009444676364334722,8.920191162702293e-07
2023-03-01,40698.1484375,0.010599395254098525,0.00011234717975260633
2023-03-02,40389.80078125,-0.007605301292503008,5.784060774974792e-05
2023-03-03,41251.3515625,0.0211065802103458,0.00044548772817576095
2023-03-06,41350.3984375,0.0023981797593974796,5.751266158383753e-06
2023-03-08,41577.1015625,0.005467515353767443,2.989372414368273e-05
2023-03-09,41256.75,-0.0077348367512473344,5.982769956844642e-05
2023-03-10,40485.44921875,-0.018872104750247132,0.0003561563377043004
2023-03-13,39564.69921875,-0.023005344180082023,0.0005292458608440338
2023-03-14,39411.3984375,-0.003882211918281571,1.5071569378447475e-05
2023-03-15,39051.5,-0.009173787068851075,8.41583691846192e-05
2023-03-16,39132.6015625,0.002074631286112104,4.304094973315163e-06
2023-03-17,39598.1015625,0.011825257644343444,0.00013983671835510306
2023-03-20,39361.94921875,-0.0059815829784177765,3.577933492769728e-05
2023-03-21,39894.69921875,0.013443869617920134,0.00018073763030363604
2023-03-22,39999.05078125,0.002612259953760924,6.8239020660230246e-06
2023-03-23,39616.8984375,-0.009599967906075497,9.215938379767956e-05
2023-03-24,39395.3515625,-0.005607926761122729,3.1448842558116464e-05
2023-03-27,39431.30078125,0.0009121082825016095,8.319415190080358e-07
2023-03-28,39567.8984375,0.0034582070130840335,1.1959195745343593e-05
2023-03-29,39910.1484375,0.008612494367662786,7.41750592330232e-05
2023-03-31,40608.6484375,0.017350421265369773,0.00030103711808579563
2023-04-03,40813.05078125,0.005020842726372889,2.5208861682971548e-05
2023-04-05,40999.1484375,0.004549394320132018,2.0696988680049467e-05
2023-04-06,41041.0,0.0010202703658523248,1.0409516194364367e-06
2023-04-10,40834.6484375,-0.005040619606688802,2.5407846019335574e-05
2023-04-11,41366.5,0.012940427094768902,0.00016745465339502912
2023-04-12,41557.94921875,0.004617445414658967,2.1320802157355123e-05
2023-04-13,42132.55078125,0.01373179970220625,0.00018856232306151163
2023-04-17,42262.55078125,0.003080749958529263,9.491020306978056e-06
2023-04-18,42265.19921875,6.26643321482048e-05,3.926818523580533e-09
2023-04-19,42154.0,-0.002634454818158824,6.940352188920243e-06
2023-04-20,42269.5,0.0027362066737507567,7.48682696147818e-06
2023-04-21,42118.0,-0.0035905830310196166,1.2892286502646017e-05
2023-04-24,42635.75,0.012217900462657947,0.00014927709171541728
2023-04-25,42678.5,0.0010021773285946375,1.0043593979490842e-06
2023-04-26,42829.8984375,0.0035411397821429047,1.2539670956675098e-05
2023-04-27,43000.8515625,0.0039834989455577,1.586826384925931e-05
2023-04-28,43233.8984375,0.005404954321621839,2.9213531218818597e-05
2023-05-02,43352.1015625,0.0027303074037265326,7.454578518843919e-06
2023-05-03,43312.69921875,-0.0009093044952446459,8.268346650721201e-07
2023-05-04,43685.44921875,0.008569200325486675,7.343119421832093e-05
2023-05-05,42661.19921875,-0.02372525310222511,0.0005628876347646421
2023-05-08,43284.0,0.014493227979497045,0.000210053657265676
2023-05-09,43198.1484375,-0.0019854176209196744,3.94188312945834e-06
2023-05-10,43331.05078125,0.0030718520328054146,9.436274911450757e-06
2023-05-11,43475.30078125,0.0033234925827626636,1.104560294767844e-05
2023-05-12,43793.55078125,0.0072935853999033864,5.319638798568384e-05
2023-05-15,44072.1015625,0.00634040053149548,4.020067889978817e-05
2023-05-16,43903.69921875,-0.0038283834403819313,1.4656519766590592e-05
2023-05-17,43698.69921875,-0.0046802456978711085,2.190469979244102e-05
2023-05-18,43752.30078125,0.0012258652093733874,1.5027455115520589e-06
2023-05-19,43969.3984375,0.004949701189467548,2.4499541865016463e-05
2023-05-22,43885.1015625,-0.0019190115672923713,3.682605395401923e-06
2023-05-23,43954.44921875,0.0015789623248502675,2.4931220232965618e-06
2023-05-24,43677.8515625,-0.006312708266810048,3.985028566185192e-05
2023-05-25,43681.3984375,8.12020479102275e-05,6.593772584814883e-09
2023-05-26,44018.0,0.007676294737785179,5.8925500901348424e-05
2023-05-29,44311.8984375,0.006654587569326416,4.4283535717833656e-05
2023-05-30,44436.3515625,0.002804634605837507,7.86597527226131e-06
2023-05-31,44128.1484375,-0.00695999794844743,4.8441571442392435e-05
2023-06-01,43790.19921875,-0.007687835184272107,5.9102809820532136e-05
2023-06-02,43937.8515625,0.0033661407464229674,1.1330903524728973e-05
2023-06-05,44101.6484375,0.00372099032800276,1.3845769021090086e-05
2023-06-06,44164.55078125,0.0014252874816249176,2.0314444052766996e-06
2023-06-07,44275.30078125,0.002504528353107374,6.272662271518734e-06
2023-06-08,43995.25,-0.006345303578787254,4.0262877506970335e-05
2023-06-09,43989.0,-0.00014207088224336455,2.0184135581407955e-08
2023-06-12,43944.19921875,-0.001018973164275824,1.0383063095142851e-06
2023-06-13,44079.8515625,0.003082167883316617,9.499758860948437e-06
2023-06-14,43988.0,-0.0020859279334045733,4.351095343357474e-06
2023-06-15,43443.6015625,-0.012453288362431057,0.0001550843910378608
2023-06-16,43938.1484375,0.011319346554957662,0.0001281276064312319
2023-06-19,43633.75,-0.0069519941648089716,4.833022286753799e-05
2023-06-20,43766.5,0.003037751083869339,9.227931647549344e-06
2023-06-21,43859.19921875,0.002115800596355233,4.47661216353716e-06
2023-06-22,43724.8515625,-0.003067859054753736,9.411759179834486e-06
2023-06-23,43622.8984375,-0.0023344200920940887,5.449517166372573e-06
2023-06-26,43641.05078125,0.00041603306232032886,1.7308350894363063e-07
2023-06-27,44121.5,0.010948952922037057,0.00011987957008898381
2023-06-28,44327.80078125,0.004664845364139417,2.1760782271333013e-05
2023-06-30,44747.3515625,0.009420222650310686,8.874059478142648e-05
2023-07-03,45158.1015625,0.009137440357804626,8.349281629243674e-05
2023-07-04,45301.44921875,0.003169323194759028,1.004460951283757e-05
2023-07-05,45151.80078125,-0.003308860080453837,1.0948555032020973e-05
2023-07-06,45339.8984375,0.004157241576324144,1.7282657523918052e-05
2023-07-07,44925.0,-0.00919297238740138,8.451074131552424e-05
2023-07-10,44860.8515625,-0.0014289210894276783,2.0418154798111827e-06
2023-07-11,44745.05078125,-0.00258467004267641,6.680519229508875e-06
2023-07-12,44639.44921875,-0.0023628618302310627,5.583116028762887e-06
2023-07-13,44665.05078125,0.0005733543819480937,3.287352472990805e-07
2023-07-14,44819.30078125,0.0034475335650226897,1.1885487681958057e-05
2023-07-17,45449.75,0.01396845240404614,0.00019511766256410237
2023-07-18,45410.8515625,-0.000856222371578045,7.331167495907318e-07
2023-07-19,45669.30078125,0.005675219151024789,3.220811241215852e-05
2023-07-20,46186.8984375,0.011269857428611798,0.00012700968646123654
2023-07-21,46075.19921875,-0.0024213469270947235,5.86292094135106e-06
2023-07-24,45923.05078125,-0.003307640660877903,1.094048674149281e-05
2023-07-25,45845.0,-0.0017010451765266657,2.8935546925846354e-06
2023-07-26,46062.3515625,0.0047298059187539645,2.2371064029080035e-05
2023-07-27,45679.30078125,-0.00835068908033899,6.973400811649285e-05
2023-07-28,45468.1015625,-0.004634242804489082,2.1476206370958834e-05
2023-07-31,45651.1015625,0.004016721827411335,1.6134054238802653e-05
2023-08-01,45592.5,-0.0012845080543512574,1.6499609416932528e-06
2023-08-02,44995.69921875,-0.013176317022579312,0.00017361533027951333
2023-08-03,44513.44921875,-0.0107755391414209,0.00011611224378829386
2023-08-04,44879.5,0.008189747187567145,6.707195899626396e-05
2023-08-07,44837.5,-0.0009362774740161744,8.766155083501082e-07
2023-08-08,44964.44921875,0.0028273173226376906,7.993723242887159e-06
2023-08-09,44880.69921875,-0.0018643193475417655,3.475686629618554e-06
2023-08-10,44541.80078125,-0.007579749169349342,5.745259747025204e-05
2023-08-11,44199.1015625,-0.0077236294273555234,5.965445153111221e-05
2023-08-14,44090.94921875,-0.0024499339821140898,6.002176516717401e-06
2023-08-16,43946.3984375,-0.003283854295877549,1.0783699036553434e-05
2023-08-17,43891.3515625,-0.0012533764174591517,1.5709524438427377e-06
2023-08-18,43851.05078125,-0.0009186159258807088,8.438552192816719e-07
2023-08-21,44002.0,0.003436405815228699,1.1808884926937618e-05
2023-08-22,43993.25,-0.0001988743717153192,3.9551015725162955e-08
2023-08-23,44479.05078125,0.010982096306049152,0.00012060643927533842
2023-08-24,44496.19921875,0.00038546534485323823,1.4858353208282587e-07
2023-08-25,44231.44921875,-0.005967717850931622,3.5613656348327934e-05
2023-08-28,44494.6484375,0.005932865249995644,3.5198890074605875e-05
2023-08-29,44495.25,1.3519792933261855e-05,1.827848009582772e-10
2023-08-30,44232.6015625,-0.005920332793684393,3.505034038797485e-05
2023-08-31,43989.1484375,-0.00551913202767963,3.0460818338959062e-05
2023-09-01,44436.1015625,0.010109260226866475,0.00010219714233450442
2023-09-04,44578.30078125,0.0031949737563430865,1.0207857303721053e-05
2023-09-05,44532.1484375,-0.0010358459256198218,1.0729767816231853e-06
2023-09-06,44409.1015625,-0.0027669265611331073,7.655882594703884e-06
2023-09-07,44878.3515625,0.010511092072095685,0.00011048305654807276
2023-09-08,45156.3984375,0.006176454289573154,3.814858759118662e-05
2023-09-11,45570.69921875,0.009132964058589295,8.341103249548385e-05
2023-09-12,45511.3515625,-0.0013031692663896396,1.6982501368625115e-06
2023-09-13,45909.44921875,0.008709181480549116,7.584984206113969e-05
2023-09-14,46000.8515625,0.0019889473346230073,3.9559114999039646e-06
2023-09-15,46231.5,0.0050014753910877,2.5014756087655858e-05
2023-09-18,45979.8515625,-0.0054580929130551405,2.979077824754275e-05
2023-09-20,45384.6015625,-0.013030416140942079,0.00016979174480612387
2023-09-21,44623.8515625,-0.016904370408570107,0.0002857577389101407
2023-09-22,44612.05078125,-0.0002644850561006651,6.995234490057196e-08
2023-09-25,44766.1015625,0.003447172038334627,1.1882995061876105e-05
2023-09-26,44624.19921875,-0.0031748961958367318,1.0079965854338552e-05
2023-09-27,44588.30078125,-0.0008047849670742244,6.476788432286605e-07
2023-09-28,44300.94921875,-0.00646540641249693,4.180148007875642e-05
2023-09-29,44584.55078125,0.006381300096807636,4.072099092551715e-05
2023-10-03,44399.05078125,-0.004169313569187289,1.7383175638209254e-05
2023-10-04,43964.05078125,-0.009845818138615875,9.694013481869737e-05
2023-10-05,44213.3515625,0.005654542748643619,3.197385369623813e-05
2023-10-06,44360.6015625,0.0033249082932183165,1.1055015158311938e-05
2023-10-09,43886.5,-0.010744967608450853,0.00011545432890665805
2023-10-10,44360.1484375,0.010734752974331987,0.00011523492141992944
2023-10-11,44516.8984375,0.0035273485795833917,1.2442188001888971e-05
2023-10-12,44599.19921875,0.0018470468705989987,3.411582142189554e-06
2023-10-13,44287.94921875,-0.007003290747943073,4.904608130022504e-05
2023-10-16,44225.8984375,-0.0014020583910387882,1.9657677318822757e-06
2023-10-17,44409.5,0.004142855525817454,1.7163251907796212e-05
2023-10-18,43888.69921875,-0.011796544557655627,0.0001391584635007546
2023-10-19,43754.5,-0.0030624013004157766,9.37830172478824e-06
2023-10-20,43723.05078125,-0.0007190237912254774,5.16995212348259e-07
2023-10-23,43151.19921875,-0.013165231862780173,0.0001733233300007623
2023-10-25,42832.0,-0.007424722225045077,5.512650011907832e-05
2023-10-26,42280.1484375,-0.012967814961403716,0.00016816422487320607
2023-10-27,42782.0,0.011799781563020518,0.00013923484493499894
2023-10-30,43039.1484375,0.0059926769041118025,3.5912176477075017e-05
2023-10-31,42845.94921875,-0.004499023693386043,2.0241214193648988e-05
2023-11-01,42700.94921875,-0.0033899566555351656,1.1491806126407166e-05
2023-11-02,43017.19921875,0.007378867618745069,5.444768733496453e-05
2023-11-03,43318.25,0.006974006718013384,4.863676970289581e-05
2023-11-06,43619.3984375,0.0069279454279152055,4.79964278521712e-05
2023-11-07,43737.8984375,0.002712997698476701,7.360356511939876e-06
2023-11-08,43658.6484375,-0.0018135732944865352,3.289048094474745e-06
2023-11-09,43683.6015625,0.0005713872880284785,3.264834329205394e-07
2023-11-10,43820.1015625,0.0031198704933572217,9.733591895321033e-06
2023-11-13,43891.25,0.0016223317013714822,2.631960149274888e-06
2023-11-15,44201.69921875,0.007048248621603333,4.967780863193328e-05
2023-11-16,44161.55078125,-0.0009087135265565869,8.257602733469087e-07
2023-11-17,43583.94921875,-0.013165573290044663,0.00017333232005553747
2023-11-20,43584.94921875,2.2943963224710202e-05,5.264254484568541e-10
2023-11-21,43689.1484375,0.0023878624026896504,5.70188685417879e-06
2023-11-22,43449.6015625,-0.005498070110800117,3.0228774943273613e-05
2023-11-23,43577.5,0.0029392804605423597,8.639369625726106e-06
2023-11-24,43769.1015625,0.004387162554432283,1.9247195279012796e-05
2023-11-28,43880.94921875,0.002552142661924442,6.513432166814778e-06
2023-11-29,44566.44921875,0.015501048944210703,0.00024028251837081573
2023-11-30,44481.75,-0.0019023235738802606,3.6188349797405676e-06
2023-12-01,44814.19921875,0.007446043357425682,5.5443561680663126e-05
2023-12-04,46431.3984375,0.035450884792819264,0.0012567652325937441
2023-12-05,47012.25,0.01243228520385516,0.00015456171538999594
2023-12-06,46834.55078125,-0.003787010950670952,1.4341451940501707e-05
2023-12-07,46841.3984375,0.00014619881238039066,2.1374092741436668e-08
2023-12-08,47262.0,0.00893919603986232,7.990922583909018e-05
2023-12-11,47314.25,0.0011049286753463932,1.2208673776027353e-06
2023-12-12,47097.55078125,-0.004590519352373194,2.1072867924512812e-05
2023-12-13,47092.25,-0.00011255531303025591,1.2668698491338897e-08
2023-12-14,47732.30078125,0.013499889987558984,0.0001822470296761953
2023-12-15,48143.55078125,0.00857885516565085,7.359675595321428e-05
2023-12-18,47867.69921875,-0.005746249976686683,3.30193887945717e-05
2023-12-19,47870.8984375,6.683237125910439e-05,4.466565848114763e-09
2023-12-20,47445.30078125,-0.00893028652393494,7.975001739957398e-05
2023-12-21,47840.1484375,0.008287727445082323,6.868642620397077e-05
2023-12-22,47491.8515625,-0.007307062155857616,5.339315734956656e-05
2023-12-26,47724.8515625,0.004894109067561939,2.3952303565191996e-05
2023-12-27,48282.19921875,0.011610687193216155,0.00013480805709871363
2023-12-28,48508.55078125,0.0046771406385845435,2.187564455309903e-05
2023-12-29,48292.25,-0.004468994873993824,1.9971915183783075e-05
2024-01-01,48234.30078125,-0.0012006898670445375,1.4416561568234292e-06
2024-01-02,47761.6484375,-0.009847418918832469,9.697165936297962e-05
2024-01-03,47704.94921875,-0.0011878337933608964,1.4109491206501368e-06
2024-01-04,48195.8515625,0.010237800466125754,0.00010481255838420472
2024-01-05,48159.0,-0.0007649135191266647,5.850926917427385e-07
2024-01-08,47450.25,-0.0148262429194308,0.00021981747910597194
2024-01-09,47242.6484375,-0.0043847405357086006,1.9225949565486147e-05
2024-01-10,47360.8515625,0.0024989178309646905,6.244590325913273e-06
2024-01-11,47438.3515625,0.0016350352051615789,2.6733401221177663e-06
2024-01-12,47709.80078125,0.005705837654604986,3.2556583340708127e-05
2024-01-15,48158.30078125,0.009356673695781043,8.754734264932088e-05
2024-01-16,48125.1015625,-0.0006896146014280258,4.7556829850273495e-07
2024-01-17,46064.44921875,-0.043762417116141934,0.0019151491518471925
2024-01-18,45713.55078125,-0.007646715930118124,5.847226451592229e-05
2024-01-19,45701.1484375,-0.00027134244125044915,7.362672042375345e-08
2024-01-23,45015.05078125,-0.015126531851827359,0.00022881196586434764
2024-01-24,45082.3984375,0.001494996126473156,2.2350134181697403e-06
2024-01-25,44866.1484375,-0.004808313733847838,2.311988096310974e-05
2024-01-29,45442.3515625,0.01276094596054244,0.00016284174180788443
2024-01-30,45367.75,-0.0016430238045943679,2.6995272224637514e-06
2024-01-31,45996.80078125,0.013770345632241544,0.00018962241883139377
2024-02-01,46188.6484375,0.004162217244493407,1.7324052390358286e-05
2024-02-02,45970.94921875,-0.004724404819613506,2.2320000899587326e-05
2024-02-05,45825.55078125,-0.0031678453773811275,1.0035244334994978e-05
2024-02-06,45690.80078125,-0.0029448310619688512,8.672029983536593e-06
2024-02-07,45818.5,0.002790957870991246,7.789445837647988e-06
2024-02-08,45012.0,-0.017758818805579425,0.00031537564536940143
2024-02-09,45634.55078125,0.013736001299759727,0.0001886777317070009
2024-02-12,44882.25,-0.016622728539881292,0.00027631510411058405
2024-02-13,45502.3984375,0.013722643832086906,0.0001883109537423128
2024-02-14,45908.30078125,0.008880908143721852,7.887052945722511e-05
2024-02-15,46218.8984375,0.006742825911957405,4.5465701278964206e-05
2024-02-16,46384.8515625,0.0035841594461462744,1.2846198935399568e-05
2024-02-19,46535.5,0.0032425311992474314,1.0514008578092985e-05
2024-02-20,47094.19921875,0.01193437241933096,0.0001424292450432875
2024-02-21,47019.69921875,-0.0015831883876443534,2.5064854707719275e-06
2024-02-22,46919.80078125,-0.002126868360127916,4.52356902131321e-06
2024-02-23,46811.75,-0.0023055380650685965,5.3155057694802485e-06
2024-02-26,46576.5,-0.005038117699070188,2.5382629949684287e-05
2024-02-27,46588.05078125,0.00024796515868591565,6.148671992213132e-08
2024-02-28,45963.1484375,-0.01350413275056828,0.0001823616013449708
2024-02-29,46120.8984375,0.0034262211462736548,1.1738991343172757e-05
2024-03-01,47286.8984375,0.024967092850485924,0.0006233557254047854
2024-03-04,47456.1015625,0.0035718376004859756,1.2758023844245413e-05
2024-03-05,47581.0,0.002628415794512669,6.908569588843666e-06
2024-03-06,47965.3984375,0.008046363185644305,6.474396051529196e-05
2024-03-07,47835.80078125,-0.0027055555955823565,7.320031080787e-06
2024-03-11,47327.8515625,-0.010675379311589062,0.00011396372344630376
2024-03-12,47282.3984375,-0.000960849981835664,9.232326875935959e-07
2024-03-13,46981.30078125,-0.006388433358332902,4.0812080773860604e-05
2024-03-14,46789.94921875,-0.004081247250199425,1.665657911726037e-05
2024-03-15,46594.1015625,-0.0041944623680132565,1.7593514556679376e-05
2024-03-18,46575.8984375,-0.00039075078311927785,1.5268617450832892e-07
2024-03-19,46384.80078125,-0.004111370225024453,1.690336512721762e-05
2024-03-20,46310.8984375,-0.0015945153881094633,2.5424793229178724e-06
2024-03-21,46684.8984375,0.008043417636968767,6.469656728270022e-05
2024-03-22,46863.75,0.0038237170370743288,1.4620811979612483e-05
2024-03-26,46600.19921875,-0.005639639283031869,3.180553124271621e-05
2024-03-27,46785.94921875,0.003978111273917317,1.582536930766806e-05
2024-03-28,47124.6015625,0.007212263348418653,5.2016742606943045e-05
2024-04-01,47578.25,0.00958053321340379,9.178661665313314e-05
2024-04-02,47545.44921875,-0.0006896448060667522,4.756099585348482e-07
2024-04-03,47624.25,0.0016560060587600706,2.7423560666500625e-06
2024-04-04,48060.80078125,0.009124806993208444,8.326210266330572e-05
2024-04-05,48493.05078125,0.008953612532067159,8.016717737439008e-05
2024-04-08,48581.69921875,0.001826395888574812,3.335721941802977e-06
2024-04-09,48730.55078125,0.003059258800255826,9.359064406942717e-06
2024-04-10,48986.6015625,0.005240663714303768,2.7464556166420162e-05
2024-04-12,48564.55078125,-0.008652966253831182,7.487382498994123e-05
2024-04-15,47773.25,-0.01642799754713553,0.000269879103408691
2024-04-16,47484.80078125,-0.006056183136507173,3.667735418291386e-05
2024-04-18,47069.44921875,-0.008785522260211872,7.718540138467832e-05
2024-04-19,47574.1484375,0.010665359630509439,0.00011374989604810044
2024-04-22,47924.8984375,0.007345656080200329,5.395866324858406e-05
2024-04-23,47970.44921875,0.0009500103141427059,9.025195969775228e-07
2024-04-24,48189.0,0.004545599196794767,2.0662472057901232e-05
2024-04-25,48494.94921875,0.006328873457183694,4.0054639237044286e-05
2024-04-26,48201.05078125,-0.0060788314411224925,3.695219168957936e-05
2024-04-29,49424.05078125,0.025056342377252933,0.0006278202933261212
2024-04-30,49396.75,-0.000552531081082572,3.052905955622757e-07
2024-05-02,49231.05078125,-0.003360094686002236,1.1290236298900466e-05
2024-05-03,48923.55078125,-0.006265646258022191,3.9258323030667485e-05
2024-05-06,48895.30078125,-0.0005775982918250629,3.3361978671923056e-07
2024-05-07,48285.3515625,-0.012553058939861368,0.00015757928874763342
2024-05-08,48021.1015625,-0.005487704189704092,3.0114897273695848e-05
2024-05-09,47487.8984375,-0.011165621346124508,0.00012467110004503126
2024-05-10,47421.1015625,-0.0014075985634430799,1.981333715807022e-06
2024-05-13,47754.1015625,0.006997649553708613,4.896709927651835e-05
2024-05-14,47859.44921875,0.002203614404426075,4.8559164433940855e-06
2024-05-15,47687.44921875,-0.003600330070505279,1.2962376616584546e-05
2024-05-16,47977.05078125,0.006054543684896279,3.665749923231742e-05
2024-05-17,48115.6484375,0.0028846676903923735,8.32130768399367e-06
2024-05-21,48048.19921875,-0.0014027980671466199,1.9678424171902928e-06
2024-05-22,47781.94921875,-0.005556720706948552,3.0877145015030816e-05
2024-05-23,48768.6015625,0.020438758407350825,0.000417742845234054
2024-05-24,48971.6484375,0.004154832161642912,1.7262630291422317e-05
2024-05-27,49281.80078125,0.006313333046136753,3.9858174151442375e-05
2024-05-28,49142.1484375,-0.0028377735007864874,8.052958441765996e-06
2024-05-29,48501.3515625,-0.013125422060961147,0.00017227670427836557
2024-05-30,48682.3515625,0.003724908672137253,1.3874944615763312e-05
2024-05-31,48983.94921875,0.006176103989232917,3.814426048581876e-05
2024-06-03,50979.94921875,0.039939725361496925,0.0015951816619518007
2024-06-04,46928.6015625,-0.08280507185362752,0.006856679924684417
2024-06-05,49054.6015625,0.044306664329207206,0.001963080503981042
2024-06-06,49291.8984375,0.004825740326486466,2.32877696986777e-05
2024-06-07,49803.19921875,0.010319487659455055,0.00010649182555364517
2024-06-10,49780.8984375,-0.0004478783690898994,2.0059503349862814e-07
2024-06-11,49705.75,-0.0015107243629730088,2.2822881008802034e-06
2024-06-12,49895.1015625,0.003802212283286512,1.445681824717483e-05
2024-06-13,49846.69921875,-0.0009705529110232862,9.419729530957748e-07
2024-06-14,50002.0,0.0031107246803848657,9.676608037155525e-06
2024-06-18,50440.8984375,0.008739318314281258,7.637568459833181e-05
2024-06-19,51398.05078125,0.018797926255818602,0.00035336203151919434
2024-06-20,51783.25,0.007466488701992967,5.5748453536988614e-05
2024-06-21,51661.44921875,-0.0023548976111389904,5.545542758948124e-06
2024-06-24,51703.94921875,0.0008223255177726104,6.762192571799918e-07
2024-06-25,52606.0,0.017296015872525123,0.000299152165062641
2024-06-26,52870.5,0.005015345682290795,2.515369231287292e-05
2024-06-27,52811.30078125,-0.0011203296027188692,1.2551384187282193e-06
2024-06-28,52342.25,-0.008921313426579956,7.958983325527579e-05
2024-07-01,52574.75,0.004432082133301923,1.9643352036334123e-05
2024-07-02,52168.1015625,-0.007764739541481991,6.029118014705396e-05
2024-07-03,53089.25,0.017503232617334264,0.00030636315205651406
2024-07-04,53103.69921875,0.00027213141635999054,7.405550777009453e-08
2024-07-05,52660.3515625,-0.008383760829631158,7.028744564845771e-05
2024-07-08,52425.80078125,-0.004463978659639256,1.9927105473714687e-05
2024-07-09,52568.80078125,0.002723951256397956,7.4199104472320025e-06
2024-07-10,52189.30078125,-0.0072452947212723,5.2494295598096255e-05
2024-07-11,52270.6484375,0.0015574901826520202,2.425775669057423e-06
2024-07-12,52278.8984375,0.0001578199095780896,2.4907123859236375e-08
2024-07-15,52455.8984375,0.003379968716949005,1.1424188527553904e-05
2024-07-16,52396.80078125,-0.0011272511427603748,1.270695138854571e-06
2024-07-18,52620.69921875,0.00426402793328968,1.818193421587466e-05
2024-07-19,52265.6015625,-0.006771122831425262,4.584810439824846e-05
2024-07-22,52280.3984375,0.0002830691771813861,8.012815907014695e-08
2024-07-23,51778.30078125,-0.009650352285402888,9.312929923238074e-05
2024-07-24,51317.0,-0.008949076367078798,8.008596782380825e-05
2024-07-25,50888.75,-0.008380203780163626,7.022781539706872e-05
2024-07-26,51295.94921875,0.007969908944948765,6.351944859077434e-05
2024-07-29,51406.25,0.002147973938197812,4.613792039177018e-06
2024-07-30,51499.30078125,0.0018084701146688046,3.270564155650199e-06
2024-07-31,51553.3984375,0.001049902848337241,1.102295990946652e-06
2024-08-01,51564.0,0.00020562121810672305,4.2280085335692567e-08
2024-08-02,51350.1484375,-0.004155927509398077,1.72717334633717e-05
2024-08-05,50092.1015625,-0.024804484852365218,0.0006152624687912156
2024-08-06,49748.30078125,-0.006887034348547458,4.7431242118072506e-05
2024-08-07,50119.0,0.007423869843349755,5.5113843450997914e-05
2024-08-08,50156.69921875,0.0007519113966770541,5.653707484528382e-07
2024-08-09,50484.5,0.006514269364804872,4.243570535723527e-05
2024-08-12,50577.94921875,0.0018493366449316277,3.420046026286969e-06
2024-08-13,49831.8515625,-0.014861325931531793,0.0002208590084432193
2024-08-14,49727.30078125,-0.0021002754085631572,4.411156791815137e-06
2024-08-16,50516.8984375,0.015753809052220322,0.000248182499653819
2024-08-19,50368.3515625,-0.0029448701837599305,8.672260399198246e-06
2024-08-20,50803.1484375,0.008595297131399825,7.387913277705006e-05
2024-08-21,50685.55078125,-0.0023174542542376366,5.3705942204841205e-06
2024-08-22,50985.69921875,0.005904310401470354,3.486088131691101e-05
2024-08-23,50933.44921875,-0.0010253226283482178,1.0512864922028976e-06
2024-08-26,51148.1015625,0.004205513307253468,1.7686342177485998e-05
2024-08-27,51278.75,0.002551059734062977,6.507905766757468e-06
2024-08-28,51143.8515625,-0.002634155224423855,6.93877374635949e-06
2024-08-29,51152.75,0.00017397327744088755,3.026670126352403e-08
2024-08-30,51351.0,0.0038681559883432283,1.4962630750155577e-05
2024-09-02,51439.55078125,0.0017229366412050055,2.968510669606786e-06
2024-09-03,51689.1015625,0.004839610770749729,2.3421832412356788e-05
2024-09-04,51400.25,-0.00560392153107091,3.140393652640013e-05
2024-09-05,51473.05078125,0.0014153486444019108,2.0032117852103268e-06
2024-09-06,50576.8515625,-0.017564392290923443,0.0003085078765494509
2024-09-09,51117.80078125,0.010638795816790888,0.0001131839764313673
2024-09-10,51272.30078125,0.00301787213611479,9.107552229938045e-06
2024-09-11,51010.0,-0.005128968634069694,2.630631924927074e-05
2024-09-12,51772.3984375,0.014835466619373659,0.0002200910698145501
2024-09-13,51938.05078125,0.0031945186983693644,1.0204949714231498e-05
2024-09-16,52153.1484375,0.0041328750947581695,1.708065654887235e-05
2024-09-17,52188.6484375,0.0006804560096334505,4.630203810462784e-07
2024-09-18,52750.3984375,0.010706317288215363,0.00011462522987593916
2024-09-19,53037.6015625,0.005429799800114159,2.948272586931976e-05
2024-09-20,53793.19921875,0.014145925158782133,0.00020010719859786533
2024-09-23,54105.80078125,0.005794352813654416,3.357452452910485e-05
2024-09-24,53968.6015625,-0.002538978508845427,6.446411868378948e-06
2024-09-25,54101.6484375,0.002462230673423336,6.0625798891467345e-06
2024-09-26,54375.3515625,0.005046299322874193,2.5465136856040543e-05
2024-09-27,53834.30078125,-0.010000129903335453,0.00010000259808358394
2024-09-30,52978.1015625,-0.016032174897345076,0.0002570306319390616
2024-10-01,52922.6015625,-0.001048151776964424,1.0986221475536795e-06
2024-10-03,51845.19921875,-0.02056815774102152,0.00042304911285954343
2024-10-04,51462.05078125,-0.007417682578876221,5.502201484096379e-05
2024-10-07,50478.8984375,-0.019289261773879247,0.00037207561978123917
2024-10-08,51021.0,0.010681916444619825,0.00011410333892983944
2024-10-09,51007.0,-0.0002744344706917072,7.531427870383749e-08
2024-10-10,51530.8984375,0.010218719212350411,0.0001044222223408594
2024-10-11,51172.30078125,-0.006983212134293377,4.876525171254226e-05
2024-10-14,51816.8984375,0.012517935442152819,0.0001566987077339057
2024-10-15,51906.0,0.0017180696983880427,2.95176348851918e-06
2024-10-16,51801.05078125,-0.0020239560142832065,4.096397947753163e-06
2024-10-17,51288.80078125,-0.009938014425723158,9.87641307258816e-05
2024-10-18,52094.19921875,0.015581183202946233,0.00024277327000377382
2024-10-21,51962.69921875,-0.0025274647231901728,6.3880779269707765e-06
2024-10-22,51257.1484375,-0.013671048466876334,0.00018689756618368178
2024-10-23,51239.0,-0.0003541291641944495,1.2540746493305938e-07
2024-10-24,51531.1484375,0.0056854880315095595,3.232477415643845e-05
2024-10-25,50787.44921875,-0.014537187430073713,0.00021132981837709315
2024-10-28,51259.30078125,0.009247818775387358,8.552215210240694e-05
2024-10-29,52320.69921875,0.020494991120592315,0.0004200446610331578
2024-10-30,51807.5,-0.00985714490288118,9.716330563639642e-05
2024-10-31,51475.3515625,-0.006431843767241447,4.136861424620265e-05
2024-11-01,51673.8984375,0.0038497055520845392,1.4820232837750527e-05
2024-11-04,51215.25,-0.008915448955357298,7.948523007558154e-05
2024-11-05,52207.25,0.01918403487432157,0.0003680271940591862
2024-11-06,52317.3984375,0.002107607725449364,4.442010324373841e-06
2024-11-07,51916.5,-0.007692323137335696,5.9171835249190084e-05
2024-11-08,51561.19921875,-0.006867222217467195,4.715874098407506e-05
2024-11-11,51876.75,0.00610127641765172,3.7225573924593e-05
2024-11-12,51157.80078125,-0.01395572420980314,0.00019476223822008547
2024-11-13,50088.3515625,-0.021126511396689276,0.0004463294837944419
2024-11-14,50179.55078125,0.001819111435817084,3.309166415920493e-06
2024-11-18,50363.80078125,0.003665089802305888,1.3432883258966612e-05
2024-11-19,50626.5,0.005202476064142504,2.706575719797568e-05
2024-11-21,50372.8984375,-0.005021853583054966,2.5219013409642002e-05
2024-11-22,51135.3984375,0.015023685067740456,0.00022571111301464755
2024-11-25,52207.5,0.02074917662672449,0.00043052833068700985
2024-11-26,52191.5,-0.0003065163483417977,9.395227180079027e-08
2024-11-27,52301.80078125,0.0021111558615275455,4.456979071662113e-06
2024-11-28,51906.8515625,-0.007580006091594729,5.7456492348613194e-05
2024-11-29,52055.6015625,0.002861611996177613,8.188823216667623e-06
2024-12-02,52109.0,0.0010252704157960642,1.0511794255066345e-06
2024-12-03,52695.75,0.011197128571671565,0.00012537568825054369
2024-12-04,53266.8984375,0.01078028866262057,0.00011621462364942561
2024-12-05,53603.55078125,0.006300216004784557,3.969272170694349e-05
2024-12-06,53509.5,-0.0017561035697197733,3.0838997475825307e-06
2024-12-09,53407.75,-0.0019033417099216408,3.6227096647274352e-06
2024-12-10,53577.69921875,0.003177055626576128,1.0093682454359034e-05
2024-12-11,53391.3515625,-0.0034841450568980784,1.2139266777507313e-05
2024-12-12,53216.44921875,-0.003281232693891202,1.0766487991460515e-05
2024-12-13,53583.80078125,0.006879253769818475,4.73241324295617e-05
2024-12-16,53581.3515625,-4.570923843923035e-05,2.0893344786944132e-09
2024-12-17,52834.80078125,-0.014031009626021638,0.00019686923112551187
2024-12-18,52139.55078125,-0.013246286460896239,0.000175464105004123
2024-12-19,51575.69921875,-0.01087317665718863,0.00011822597061843171
2024-12-20,50759.19921875,-0.01595774929545478,0.0002546497625765875
2024-12-23,51317.6015625,0.010940936818536123,0.00011970409846719934
2024-12-24,51233.0,-0.001649948033531738,2.722328513355249e-06
2024-12-26,51170.69921875,-0.0012167683279371618,1.4805251638709965e-06
2024-12-27,51311.30078125,0.0027439287039176807,7.529144732183363e-06
2024-12-30,50952.75,-0.007012283353431148,4.917211782880759e-05
2024-12-31,50860.19921875,-0.001818055708094611,3.3053265577353974e-06
2025-01-01,51060.6015625,0.003932516237647942,1.5464683959364723e-05
2025-01-02,51605.55078125,0.01061604675545918,0.00011270044871409538
2025-01-03,50988.80078125,-0.012023223896118125,0.00014455791285618592
2025-01-06,49922.0,-0.021144228724655777,0.0004470784083605585
2025-01-07,50202.1484375,0.005596035980463355,3.1315618694640456e-05
2025-01-08,49835.05078125,-0.007339255935095342,5.38646776808322e-05
2025-01-09,49503.5,-0.006675193260835087,4.455820506949817e-05
2025-01-10,48734.1484375,-0.015663389834337238,0.0002453417811024191
2025-01-13,48041.25,-0.014319967454771185,0.00020506146790570594
2025-01-14,48729.1484375,0.01421736472810984,0.00020213345981210176
2025-01-15,48751.69921875,0.00046267102091261024,2.1406447359231704e-07
2025-01-16,49278.69921875,0.010751870547835236,0.00011560272027740676
2025-01-17,48540.6015625,-0.015091329802434902,0.00022774823520585986
2025-01-20,49350.80078125,0.016553398967217556,0.0002740150173678793
2025-01-21,48570.8984375,-0.01592943834498547,0.0002537470059866935
2025-01-22,48724.3984375,0.003155345269229849,9.956203768051187e-06
2025-01-23,48589.0,-0.0027827314027984414,7.743594060120581e-06
2025-01-24,48367.80078125,-0.004562848624140744,2.081958756682308e-05
2025-01-27,48064.6484375,-0.006287372038481836,3.9531047150283235e-05
2025-01-28,48866.8515625,0.016552337280285295,0.0002739798694403224
2025-01-29,49165.94921875,0.00610201038691614,3.7234530762032465e-05
2025-01-30,49311.94921875,0.0029651344979147315,8.792022590724047e-06
2025-01-31,49587.19921875,0.0055662908131055185,3.0983593416062896e-05
2025-02-03,49210.55078125,-0.007624672874087702,5.8135636436848824e-05
2025-02-04,50157.94921875,0.01906896341398504,0.00036362536568389995
2025-02-05,50343.05078125,0.003683580696708373,1.3568766749162542e-05
2025-02-06,50382.1015625,0.0007753928844562097,6.01234125265321e-07
2025-02-07,50158.8515625,-0.004440983698253697,1.972233620815508e-05
2025-02-10,49981.0,-0.003552067368259725,1.261718258865557e-05
2025-02-11,49403.3984375,-0.011623717100814859,0.0001351107992397758
2025-02-12,49479.44921875,0.0015381999618260963,2.366059122561804e-06
2025-02-13,49359.8515625,-0.00242004372095746,5.856611611345629e-06
2025-02-14,49099.44921875,-0.005289555153079334,2.797939371746814e-05
2025-02-17,49258.8984375,0.003242213034810687,1.0511945363096326e-05
2025-02-18,49087.30078125,-0.00348966877730114,1.2177788175270435e-05
2025-02-19,49570.1015625,0.0097874994463339,9.579514541198641e-05
2025-02-20,49334.55078125,-0.004763198110848666,2.26880562431923e-05
2025-02-21,48981.19921875,-0.0071881277200750845,5.1669180120111835e-05
2025-02-24,48651.94921875,-0.0067446610790008864,4.54904530705894e-05
2025-02-25,48608.3515625,-0.0008965149977923783,8.03739141266668e-07
2025-02-27,48743.80078125,0.0027826669034080975,7.74323509532281e-06
2025-02-28,48344.69921875,-0.008221443538791617,6.759213386153843e-05
2025-03-03,48114.30078125,-0.004777135895262998,2.282102736181021e-05
2025-03-04,48245.19921875,0.0027168783154354987,7.381427780883633e-06
2025-03-05,48489.94921875,0.005060219086961644,2.5605817208050934e-05
2025-03-06,48627.69921875,0.002836767458683978,8.047249614648354e-06
2025-03-07,48497.5,-0.002681061100261846,7.1880886233372595e-06
2025-03-10,48216.80078125,-0.0058047259745134866,3.3694843639191546e-05
2025-03-11,47853.94921875,-0.007553876448123271,5.706104939351145e-05
2025-03-12,48056.6484375,0.004226843028653843,1.7866201988879593e-05
2025-03-13,48060.3984375,7.802986304361546e-05,6.0886595266053865e-09
2025-03-17,48354.1484375,0.006093497681614749,3.713071399584432e-05
2025-03-18,49314.5,0.019666137077787645,0.00038675694756233397
2025-03-19,49702.6015625,0.007839121602958908,6.145182750597704e-05
2025-03-20,50062.8515625,0.007221970221284502,5.215685387712012e-05
2025-03-21,50593.55078125,0.010544865978513278,0.00011119419850480678
2025-03-24,51704.94921875,0.021729393247889268,0.0004721665309214157
2025-03-25,51607.94921875,-0.0018777912529735028,3.5260999897437977e-06
2025-03-26,51209.0,-0.007760417401511165,6.02240782456773e-05
2025-03-27,51575.8515625,0.007138272122071959,5.0954928888749705e-05
2025-03-28,51564.8515625,-0.00021330085423934848,4.549725441923579e-08
2025-04-01,50827.5,-0.014402722419340411,0.0002074384130885709
2025-04-02,51348.05078125,0.010189429488519527,0.0001038244733015113
2025-04-03,51597.3515625,0.004843368677377204,2.3458220144998603e-05
2025-04-04,51502.69921875,-0.0018361265513455757,3.3713607125561972e-06
2025-04-07,49860.1015625,-0.03241310326398503,0.0010506092632017567
2025-04-08,50511.0,0.012970019296965426,0.00016822140056365552
2025-04-09,50240.1484375,-0.0053766576201205694,2.8908447164000586e-05
2025-04-11,51002.3515625,0.015057264006311015,0.00022672119935574923
2025-04-15,52379.5,0.026643552675940964,0.0007098788991956408
2025-04-16,53117.75,0.013995853937483777,0.00019588392743938014
2025-04-17,54290.19921875,0.021832570096618705,0.0004766611170237693
2025-04-21,55304.5,0.01851056209945288,0.00034264090923770147
2025-04-22,55647.19921875,0.006177468411529913,3.81611159754499e-05
2025-04-23,55370.05078125,-0.004992899990833982,2.4929050318469977e-05
2025-04-24,55201.3984375,-0.0030505609853250237,9.30592232518718e-06
2025-04-25,54664.05078125,-0.009782000526163863,9.56875342938701e-05
2025-04-28,55432.80078125,0.013965203962897124,0.00019502692172531754
2025-04-29,55391.25,-0.0007498513707811542,5.62277078262376e-07
2025-04-30,55087.1484375,-0.005505190785485016,3.0307125584589125e-05
2025-05-02,55115.3515625,0.0005118418477934279,2.619820771525906e-07
2025-05-05,54919.5,-0.0035598133962563474,1.267227141616615e-05
2025-05-06,54271.3984375,-0.011871120813523034,0.0001409235093692598
2025-05-07,54610.8984375,0.00623611202152172,3.888909314496772e-05
2025-05-08,54365.6484375,-0.004500976055335955,2.0258785450707612e-05
2025-05-09,53595.25,-0.014272047112656998,0.00020369132878590094
2025-05-12,55382.8515625,0.03280956250641026,0.001076467391862042
2025-05-13,54940.8515625,-0.008012826842756487,6.420539401199889e-05
2025-05-14,54801.30078125,-0.0025432498541150574,6.4681198204562605e-06
2025-05-15,55355.6015625,0.01006392605215792,0.00010128260758330288
2025-05-16,55354.8984375,-1.2702047231440082e-05,1.6134200386973467e-10
2025-05-19,55420.69921875,0.001188001516239402,1.4113476025871184e-06
2025-05-20,54877.3515625,-0.009852432525205082,9.7070426663719e-05
2025-05-21,55075.1015625,0.0035970132106267704,1.2938504037423507e-05
2025-05-22,54941.30078125,-0.0024323799791412474,5.916472362927175e-06
2025-05-23,55398.25,0.008282648022834316,6.86022582701612e-05
2025-05-26,55572.0,0.003131472479956106,9.806119892722444e-06
2025-05-27,55352.80078125,-0.0039522181249083965,1.5620028106854442e-05
2025-05-28,55417.0,0.0011591467256507572,1.3436211315868717e-06
2025-05-29,55546.05078125,0.0023260146242464062,5.41034403220815e-06
2025-05-30,55749.69921875,0.0036595946346980666,1.3392632890310876e-05
2025-06-02,55903.3984375,0.0027531581131464908,7.579879595984345e-06
2025-06-03,55599.94921875,-0.005442885335163327,2.9625000771736006e-05
2025-06-04,55676.8515625,0.0013821812894170905,1.9104251168146907e-06
2025-06-05,55760.8515625,0.00150756904627013,2.272764429271829e-06
2025-06-06,56578.3984375,0.014555221053401587,0.0002118544599133848
2025-06-09,56839.6015625,0.004606034082723467,2.121554997121021e-05
2025-06-10,56629.1015625,-0.00371027844126405,1.376616611170879e-05
2025-06-11,56459.75,-0.0029950200528604622,8.970145117036286e-06
2025-06-12,56082.55078125,-0.006703268522981033,4.4933808891188316e-05
2025-06-13,55527.3515625,-0.009949006077016643,9.898272192051409e-05
2025-06-16,55944.8984375,0.007491529557008836,5.6123015103537003e-05
2025-06-17,55714.1484375,-0.004133123735948372,1.708271181665983e-05
2025-06-18,55828.75,0.0020548435522054083,4.2223820240401405e-06
2025-06-19,55577.44921875,-0.004511440283236665,2.035309342921052e-05
2025-06-20,56252.8515625,0.012079204852049767,0.00014590718985778265
2025-06-23,56059.3515625,-0.0034457554223283485,1.1873230430505216e-05
2025-06-24,56461.8984375,0.007155067906978082,5.119499675346771e-05
2025-06-25,56621.1484375,0.002816515997316384,7.932762363139105e-06
2025-06-26,57206.69921875,0.010288448010729099,0.00010585216246947555
2025-06-27,57443.8984375,0.004137781433808544,1.7121235193970688e-05
2025-06-30,57312.75,-0.00228568011322425,5.2243335799888195e-06
2025-07-01,57459.44921875,0.0025563559753664987,6.534955872792003e-06
2025-07-02,56999.19921875,-0.008042249090694696,6.467777043677967e-05
2025-07-03,56791.94921875,-0.0036426423673500863,1.3268843416413842e-05
2025-07-04,57031.8984375,0.004216156440587588,1.7775975131508196e-05
2025-07-07,56949.19921875,-0.0014511043490927048,2.1057038319557624e-06
2025-07-08,57256.30078125,0.0053780650267477295,2.8923583431927056e-05
2025-07-09,57213.55078125,-0.0007469215938337628,5.578918673351684e-07
2025-07-10,56956.0,-0.004511732180315613,2.0355727266895477e-05
2025-07-11,56754.69921875,-0.003540581368691832,1.2535716428327725e-05
2025-07-14,56765.3515625,0.00018767334418816906,3.5221284118770966e-08
2025-07-15,57006.6484375,0.004241768392862728,1.7992599098689254e-05
2025-07-16,57168.94921875,0.002843004878456688,8.082676738928528e-06
2025-07-17,56828.80078125,-0.005967651939994163,3.56128696769161e-05
2025-07-18,56283.0,-0.009650717495986233,9.313634818733478e-05
2025-07-21,56952.75,0.01182944096968613,0.00013993567365528872
2025-07-22,56756.0,-0.0034605990542028392,1.1975745813949586e-05
2025-07-23,57210.44921875,0.00797518270644815,6.360353920122965e-05
2025-07-24,57066.05078125,-0.0025271777548591017,6.38662740465469e-06
2025-07-25,56528.8984375,-0.009457398434007124,8.944238513956041e-05
2025-07-28,56084.8984375,-0.007885397934535004,6.21795005859689e-05
2025-07-29,56222.0,0.0024415531461510712,5.9611817654801944e-06
2025-07-30,56150.69921875,-0.0012690055736690352,1.610375146003077e-06
2025-07-31,55961.94921875,-0.0033671522520134748,1.1337714288239415e-05
2025-08-01,55617.6015625,-0.006172255526186973,3.809673828054563e-05
2025-08-04,55619.3515625,3.1464364152093105e-05,9.900062114955217e-10
2025-08-05,55360.25,-0.0046693631913759795,2.1802952612976873e-05
2025-08-06,55411.1484375,0.0009189816468880913,8.445272673171486e-07
2025-08-07,55521.1484375,0.001983192256028456,3.933051524371238e-06
2025-08-08,55004.8984375,-0.009341757331445696,8.726843003961943e-05
2025-08-11,55510.75,0.009154451923238995,8.380399001489413e-05
2025-08-12,55043.69921875,-0.008449294680272734,7.139058059408512e-05
2025-08-13,55181.44921875,0.0024994309132680853,6.247154890200135e-06
2025-08-14,55341.8515625,0.0029025998180133386,8.425085703531065e-06
2025-08-18,55734.8984375,0.007077061859869358,5.0084804568417536e-05
2025-08-19,55865.1484375,0.0023342294701038284,5.4486272191012e-06
2025-08-20,55698.5,-0.002987506482289818,8.925194981723682e-06
2025-08-21,55755.44921875,0.0010219328091183762,1.0443466663525755e-06
2025-08-22,55149.3984375,-0.010929311509256646,0.00011944985006636978
2025-08-25,55139.30078125,-0.00018311316299395229,3.353043046164974e-08
2025-08-26,54450.44921875,-0.012571625265719363,0.00015804576182167345
2025-08-28,53820.3515625,-0.011639421991661167,0.0001354761442999656
2025-08-29,53655.6484375,-0.0030649308484190776,9.393801105590887e-06
2025-09-01,54002.44921875,0.006442654818862788,4.1507801115015906e-05
2025-09-02,53661.0,-0.006342920759285817,4.023264375857896e-05
2025-09-03,54067.55078125,0.007547724504540846,5.6968145196446365e-05
2025-09-04,54075.44921875,0.0001460739486429952,2.1337598472156397e-08
2025-09-05,54114.55078125,0.0007228313929660533,5.22485222657245e-07
2025-09-08,54186.8984375,0.0013360424543469032,1.785009439817297e-06
2025-09-09,54216.1015625,0.0005387881462036393,2.9029266648955415e-07
2025-09-10,54536.0,0.005883092934565402,3.461078247673335e-05
2025-09-11,54669.6015625,0.0024467907734052447,5.986785088821035e-06
2025-09-12,54809.30078125,0.002552077004466673,6.513097036727586e-06
2025-09-15,54887.8515625,0.0014321391758581354,2.051022619027619e-06
2025-09-16,55147.6015625,0.004721214392373159,2.2289865338751453e-05
2025-09-17,55493.30078125,0.0062490514160239005,3.905064360011031e-05
2025-09-18,55727.44921875,0.0042105233677184615,1.7728507030103213e-05
2025-09-19,55458.8515625,-0.004831497708986958,2.3343370111946228e-05
2025-09-22,55284.75,-0.003144230519450467,9.886185559443753e-06
2025-09-23,55509.75,0.004061579037007668,1.6496424273860134e-05
2025-09-24,55121.5,-0.007018841311088404,4.926413335024118e-05
2025-09-25,54976.19921875,-0.002639489592227775,6.9669053074787464e-06
2025-09-26,54389.3515625,-0.010731958730311242,0.00011517493818910368
2025-09-29,54461.0,0.0013164578123839447,1.7330611717867213e-06
2025-09-30,54635.8515625,0.0032054401150929768,1.0274846331447276e-05
2025-10-01,55347.94921875,0.012949318023724071,0.00016768483727954507
2025-10-03,55589.25,0.004350229922705428,1.8924500380401678e-05
2025-10-06,56104.8515625,0.009232452165212207,8.523817298293157e-05
2025-10-07,56239.3515625,0.0023944282040244797,5.733286424227896e-06
2025-10-08,56018.25,-0.003939187107666233,1.5517195069203863e-05
2025-10-09,56192.05078125,0.0030977712210964853,9.59618653825361e-06
2025-10-10,56609.75,0.007405930136084602,5.484780118056609e-05
2025-10-13,56625.0,0.00026935194526773895,7.255047041951505e-08
2025-10-14,56496.44921875,-0.002272793311516435,5.165589436873843e-06
2025-10-15,56799.8984375,0.005356747161642234,2.8694740153762126e-05
2025-10-16,57422.55078125,0.010902559272173517,0.00011886579868325673
2025-10-17,57713.3515625,0.005051446051080439,2.551710720697616e-05
2025-10-20,58033.19921875,0.005526704134539504,3.054445859073605e-05
2025-10-21,58007.19921875,-0.00044811980629483095,2.0081136079371682e-07
2025-10-23,58078.05078125,0.001220681719646265,1.4900638606785629e-06
2025-10-24,57699.6015625,-0.006537540863546357,4.273944054253845e-05
2025-10-27,58114.25,0.007160632405374563,5.12746564449003e-05
2025-10-28,58214.1015625,0.0017167197107454987,2.9471265652621087e-06
2025-10-29,58385.25,0.0029356691631949317,8.618153435733631e-06
2025-10-30,58031.1015625,-0.0060841887795977856,3.7017353105783594e-05
2025-10-31,57776.3515625,-0.004399551221245255,1.9356050948360618e-05
2025-11-03,58101.44921875,0.005611057631483192,3.148396774382577e-05
2025-11-04,57827.05078125,-0.004733934277454623,2.2410133743259825e-05
2025-11-06,57554.25,-0.004728691525114667,2.2360523539691278e-05
2025-11-07,57876.80078125,0.005588645664827148,3.1232960366991276e-05
2025-11-10,57937.55078125,0.0010490928758338147,1.1005958621252638e-06
2025-11-11,58138.1484375,0.003456328194419302,1.1946204587537794e-05
2025-11-12,58274.6484375,0.0023451040817019527,5.499513154015159e-06
2025-11-13,58381.94921875,0.0018396012512929484,3.3841327637585814e-06
2025-11-14,58517.55078125,0.002319969261120841,5.382257372545581e-06
2025-11-17,58962.69921875,0.007578304743652948,5.743070278767278e-05
2025-11-18,58899.25,-0.0010766702112067637,1.1592187437000172e-06
2025-11-19,59216.05078125,0.005364276073094187,2.8775457788370794e-05
2025-11-20,59347.69921875,0.0022207207785368646,4.9316007762253775e-06
2025-11-21,58867.69921875,-0.008120814111297805,6.594762183025356e-05
2025-11-24,58835.3515625,-0.0005496485749466078,3.0211355594083674e-07
2025-11-25,58820.30078125,-0.0002558445944972061,6.545645653343982e-08
2025-11-26,59528.05078125,0.01196059645870062,0.0001430558676478818
2025-11-27,59737.30078125,0.00350898583647605,1.2312981600589525e-05
2025-11-28,59752.69921875,0.0002577360044394682,6.642784798442158e-08
2025-12-01,59681.3515625,-0.0011947625366541435,1.4274575189922436e-06
2025-12-02,59273.80078125,-0.00685220215942046,4.695267443356642e-05
2025-12-03,59348.25,0.001255234217161773,1.5756129399337291e-06
2025-12-04,59288.69921875,-0.0010039163455173728,1.007848028796957e-06
2025-12-05,59777.19921875,0.008205586105955181,6.733164334224471e-05
2025-12-08,59238.55078125,-0.00905177869866883,8.193469760967477e-05
2025-12-09,59222.3515625,-0.0002734947738953433,7.479939134806496e-08
2025-12-10,58960.3984375,-0.004433025191671029,1.9651712349989965e-05
2025-12-11,59209.8515625,0.00422193395606819,1.7824726329401596e-05
2025-12-12,59389.94921875,0.003037067406443612,9.223778431282127e-06
2025-12-15,59461.80078125,0.0012090957222487563,1.4619124655602417e-06
2025-12-16,59034.6015625,-0.007210363540427461,5.198934238512562e-05
2025-12-17,58926.75,-0.0018285920112611383,3.343748743648055e-06
2025-12-18,58912.8515625,-0.00023588738217301678,5.5642857068438874e-08
2025-12-19,59069.19921875,0.0026503649790089404,7.024434521957061e-06
2025-12-22,59304.0,0.0039671326067652534,1.5738141119660077e-05
2025-12-23,59299.55078125,-7.502673777943528e-05,5.629011381824141e-09
2025-12-24,59183.6015625,-0.0019572277318867857,3.830740394466692e-06
2025-12-26,59011.3515625,-0.0029146781210101914,8.495348549095501e-06
2025-12-29,58932.3515625,-0.0013396223744246343,1.794588106059095e-06
2025-12-30,59171.25,0.004045579646533765,1.6366714676448266e-05
