date,close,log_return,realized_var_proxy
2015-01-02,275.9920654296875,0.0021421229634816146,4.588690790675254e-06
2015-01-05,276.14031982421875,0.0005370248225019162,2.8839565998321455e-07
2015-01-06,272.2999572753906,-0.014004898906259855,0.00019613719337455848
2015-01-07,273.4399108886719,0.004177650700363834,1.7452765374250436e-05
2015-01-08,274.6385192871094,0.004373864189118943,1.9130687944857105e-05
2015-01-09,278.383056640625,0.013542309173894892,0.00018339413776135777
2015-01-12,281.71331787109375,0.011891883712146169,0.00014141689822320735
2015-01-13,292.6937561035156,0.038236910849180655,0.0014620613512881893
2015-01-14,295.623046875,0.009958291057354287,9.916756078298237e-05
2015-01-15,296.8108825683594,0.0040100244974294146,1.608029646998403e-05
2015-01-16,304.4870910644531,0.025533515417830287,0.000651960409592577
2015-01-19,308.35577392578125,0.01262553412148433,0.0001594041118527651
2015-01-20,308.37969970703125,7.758847118391817e-05,6.0199708606576995e-09
2015-01-21,308.6194763183594,0.0007772348253148396,6.040939736821892e-07
2015-01-22,309.3626403808594,0.0024051324485421708,5.784662095030458e-06
2015-01-23,316.3937683105469,0.022473357853609422,0.0005050518132163883
2015-01-27,320.3910217285156,0.012554652636338934,0.00015761930281913214
2015-01-28,318.3858337402344,-0.006278231772226832,3.9416194185798473e-05
2015-01-29,314.480224609375,-0.012342765620529338,0.00015234386316332097
2015-01-30,310.0601501464844,-0.014154883950151258,0.0002003607396422497
2015-02-02,307.732421875,-0.0075356661512025955,5.678626434238054e-05
2015-02-03,308.55413818359375,0.0026666711520051192,7.11113503293631e-06
2015-02-04,304.1623229980469,-0.014335800256471113,0.00020551516899343722
2015-02-05,300.73614501953125,-0.011328230436565702,0.00012832880482393355
2015-02-06,300.0997009277344,-0.002118529825172082,4.488168620143653e-06
2015-02-09,297.957275390625,-0.007164650816088373,5.133222131647579e-05
2015-02-10,296.1590576171875,-0.006053438239966218,3.664411452508531e-05
2015-02-11,299.9471435546875,0.012709604167793804,0.00016153403810200163
2015-02-12,297.486572265625,-0.00823718225674167,6.78511715307798e-05
2015-02-13,306.5990905761719,0.030171911550552658,0.0009103442466143729
2015-02-16,311.5553283691406,0.016035941341647382,0.0002571514147127556
2015-02-18,312.5120849609375,0.0030661986860563337,9.401574382373587e-06
2015-02-19,306.9499206542969,-0.017958530927406176,0.00032250883307060414
2015-02-20,312.8346252441406,0.01899008768317401,0.0003606234302146372
2015-02-23,305.1083068847656,-0.025007878946554655,0.0006253940094055315
2015-02-24,305.55718994140625,0.0014701440963083604,2.1613236639103257e-06
2015-02-25,307.4207763671875,0.006080454012720558,3.6971921000809535e-05
2015-02-26,305.97796630859375,-0.004704322389573767,2.2130649145045036e-05
2015-02-27,306.0433349609375,0.00021361561258320547,4.563162993929813e-08
2015-03-02,304.6985778808594,-0.0044036907406692265,1.939249213945588e-05
2015-03-03,309.3278503417969,0.015078700068540396,0.00022736719575700015
2015-03-04,318.19842529296875,0.028273448322147152,0.0007993878800251256
2015-03-05,318.0328369140625,-0.0005205289097888242,2.7095034592594186e-07
2015-03-09,321.8840026855469,0.012036602350156652,0.00014487979613579666
2015-03-10,322.4441833496094,0.0017388058363523387,3.023445736532956e-06
2015-03-11,317.3680114746094,-0.015868026362099424,0.00025179426062828226
2015-03-12,319.4690856933594,0.006598490733343477,4.3540079958019745e-05
2015-03-13,318.1656799316406,-0.004088257564975659,1.6713849917580702e-05
2015-03-16,317.1981201171875,-0.0030456899254276337,9.276227121851385e-06
2015-03-17,322.09967041015625,0.015334469830917219,0.00023514596499531036
2015-03-18,322.9345703125,0.0025887009274307656,6.701372491680906e-06
2015-03-19,321.1451110839844,-0.0055566535773073035,3.087639897820205e-05
2015-03-20,316.64447021484375,-0.014113481022204836,0.00019919034656413605
2015-03-23,310.968994140625,-0.018086389499282755,0.0003271174851197655
2015-03-24,306.0759582519531,-0.015859909182040707,0.00025153671926257914
2015-03-25,306.9543151855469,0.0028656253132272515,8.211808435808784e-06
2015-03-26,298.3843994140625,-0.028316339864344092,0.0008018151033130424
2015-03-27,297.0701904296875,-0.004414143885025568,1.9484666237708616e-05
2015-03-30,302.691162109375,0.018744576443872916,0.00035135914606019544
2015-03-31,302.8371887207031,0.000482311402789716,2.3262428926098366e-07
2015-04-01,301.7823181152344,-0.003489373610543865,1.2175728193959929e-05
2015-04-06,310.4219055175781,0.02822640118836025,0.0007967297240462649
2015-04-07,311.9956970214844,0.0050570383981725356,2.5573637360591443e-05
2015-04-08,307.1460876464844,-0.01566590618670228,0.0002454206166505567
2015-04-09,309.5348815917969,0.007747298887233918,6.00206400481359e-05
2015-04-10,309.4258728027344,-0.0003522316703137689,1.240671495720276e-07
2015-04-13,309.4280090332031,6.903828291175385e-06,4.7662845074033635e-11
2015-04-15,308.1138610839844,-0.004256067471788345,1.8114110324414836e-05
2015-04-16,306.3004150390625,-0.0059030246571139585,3.484570010249537e-05
2015-04-17,305.1693420410156,-0.0036995265096455604,1.3686496395570262e-05
2015-04-20,303.09222412109375,-0.006829713101712497,4.664498105170334e-05
2015-04-21,300.2436828613281,-0.009442708091971607,8.916473611018606e-05
2015-04-22,299.55487060546875,-0.002296813003927849,5.275349975012069e-06
2015-04-23,301.1523742675781,0.005318755322979383,2.8289158185721523e-05
2015-04-24,298.58282470703125,-0.008568999411544749,7.342775091505425e-05
2015-04-27,298.5108642578125,-0.00024103570644637767,5.809821178210435e-08
2015-04-28,298.0204772949219,-0.0016441284445518722,2.703158342184559e-06
2015-04-29,286.1900939941406,-0.040505945555823396,0.001640731625371329
2015-04-30,286.501708984375,0.001088246834918832,1.1842811737108555e-06
2015-05-04,296.4774169921875,0.03422654907087337,0.001171456661300903
2015-05-05,296.7367858886719,0.000874452808959556,7.646677150972578e-07
2015-05-06,296.53411865234375,-0.0006832199005899378,4.667894325621245e-07
2015-05-07,294.9996032714844,-0.005188271661205535,2.6918162830468444e-05
2015-05-08,296.2528991699219,0.004239467132550763,1.797308156797819e-05
2015-05-11,296.6888427734375,0.0014704435570239336,2.1622042543931984e-06
2015-05-12,292.2491149902344,-0.015077350101142865,0.00022732648607243276
2015-05-13,292.1205749511719,-0.00043992713293691815,1.9353588229409684e-07
2015-05-14,298.78985595703125,0.022573858456730846,0.0005095790856245188
2015-05-15,306.49658203125,0.025466100294441105,0.0006485222642065334
2015-05-18,308.50390625,0.006527901636676878,4.261349977812866e-05
2015-05-19,307.5347900390625,-0.003146286154505381,9.899116566032258e-06
2015-05-20,304.5988464355469,-0.009592565876720695,9.201732009922628e-05
2015-05-21,304.0433044433594,-0.001825513220416382,3.33249851791499e-06
2015-05-22,306.0997314453125,0.006740828519806666,4.543876913343893e-05
2015-05-25,303.5049743652344,-0.008512968241986999,7.247062828907921e-05
2015-05-26,297.7622985839844,-0.019102487915674347,0.00036490504456848443
2015-05-27,309.0137023925781,0.03709010777677983,0.0013756760948931438
2015-05-28,308.80157470703125,-0.0006867026496289809,4.715605290074629e-07
2015-05-29,295.4084167480469,-0.04434005517099587,0.0019660404925669578
2015-06-01,291.8489074707031,-0.012122634225396937,0.0001469582605627652
2015-06-02,297.6704406738281,0.019750742582402704,0.0003900918325563354
2015-06-03,270.70465087890625,-0.09495859335656438,0.009017134452257353
2015-06-04,262.7195739746094,-0.02994117273900207,0.0008964738249867607
2015-06-05,263.03240966796875,0.0011900505942452917,1.4162204168635717e-06
2015-06-08,243.66688537597656,-0.07647518660508251,0.0058484541662821915
2015-06-09,260.965087890625,0.0685845668473809,0.0047038428096428594
2015-06-10,265.16552734375,0.015967626966548975,0.000254965110942862
2015-06-11,269.731201171875,0.01707164942181273,0.00029144121398127885
2015-06-12,266.3402099609375,-0.012651435499940952,0.00016005882020916616
2015-06-15,260.55816650390625,-0.0219483522016465,0.0004817301643675207
2015-06-16,253.10240173339844,-0.029031967418505833,0.0008428551321891843
2015-06-17,255.4761199951172,0.00933478468741392,8.71382051603774e-05
2015-06-18,266.097412109375,0.040733511220183836,0.0016592189363248426
2015-06-19,274.8197937011719,0.03225313455410278,0.0010402646885650586
2015-06-22,275.50238037109375,0.002480681506658321,6.153780737476598e-06
2015-06-23,268.118896484375,-0.027165743012555355,0.0007379775934242001
2015-06-24,262.7043762207031,-0.02040117055112623,0.0004162077598561402
2015-06-25,255.368896484375,-0.02832020253327541,0.0008020338715257389
2015-06-26,260.69378662109375,0.02063733456707805,0.00042589957803351464
2015-06-29,265.63360595703125,0.018771450839684914,0.0003523673666267075
2015-06-30,277.9350891113281,0.045269655970839755,0.0020493417517181874
2015-07-01,268.8452453613281,-0.03325167602072034,0.0011056739581869483
2015-07-02,273.0958557128906,0.015686935383230332,0.00024607994171764377
2015-07-03,269.7530822753906,-0.01231582289649994,0.0001516794936179522
2015-07-06,267.7885437011719,-0.0073093774542896004,5.342699876927712e-05
2015-07-07,266.2373962402344,-0.005809275195161385,3.374767829311735e-05
2015-07-08,262.3455505371094,-0.014725847875672986,0.00021685059565746258
2015-07-09,263.8353271484375,0.005662617762606487,3.2065239925386496e-05
2015-07-10,260.9236145019531,-0.011097447980704295,0.00012315335168443784
2015-07-13,260.5778503417969,-0.001326033517182156,1.758364888690479e-06
2015-07-14,260.47283935546875,-0.000403073980425515,1.6246863369606848e-07
2015-07-15,261.1204528808594,0.00248321390560195,6.16635130097489e-06
2015-07-16,263.6405944824219,0.009604984931669764,9.225573553760323e-05
2015-07-17,265.9639587402344,0.008774015059666596,7.698334026725622e-05
2015-07-20,265.63360595703125,-0.0012428680929586378,1.544721096494641e-06
2015-07-21,265.52203369140625,-0.00042011139085270207,1.764935807241918e-07
2015-07-22,262.1135559082031,-0.012919997301098518,0.000166926330260393
2015-07-23,265.1676025390625,0.011584259118762073,0.00013419505933062224
2015-07-24,264.0081481933594,-0.004382121438911083,1.920298830536414e-05
2015-07-27,273.9622802734375,0.03701046663718081,0.0013697746407018735
2015-07-28,270.94537353515625,-0.011073206785999929,0.00012261590852551487
2015-07-29,269.20404052734375,-0.006447619843705024,4.15718016489388e-05
2015-07-30,277.0162048339844,0.02860639863564669,0.0008183260429015288
2015-07-31,278.1626281738281,0.004129930397789274,1.705632509058387e-05
2015-08-03,276.7996826171875,-0.004911858951068537,2.412635835519211e-05
2015-08-04,277.86724853515625,0.003849399256614546,1.4817874636824618e-05
2015-08-05,299.20623779296875,0.07398961773626786,0.005474463532759043
2015-08-06,283.7937927246094,-0.05288520164109562,0.002796844552619343
2015-08-07,286.52838134765625,0.009589701063496462,9.196236648722518e-05
2015-08-10,279.5189514160156,-0.02476749853895109,0.0006134289838769444
2015-08-11,276.4103088378906,-0.011183706998399316,0.00012507530222604583
2015-08-12,272.7763977050781,-0.013233984456632293,0.00017513834459838515
2015-08-13,276.4058837890625,0.013217975342256683,0.00017471487214850567
2015-08-14,274.2859802246094,-0.007699093357275157,5.927603852403845e-05
2015-08-17,268.4491882324219,-0.02150963257697205,0.0004626642935963373
2015-08-18,269.731201171875,0.004764258934875634,2.2698163198542308e-05
2015-08-19,266.8434753417969,-0.01076366007023823,0.00011585637810764086
2015-08-20,269.12738037109375,0.008522548675925978,7.263383593352763e-05
2015-08-21,266.4955749511719,-0.009827161341277086,9.657310002749085e-05
2015-08-24,264.10003662109375,-0.009029681190429415,8.153514240079477e-05
2015-08-25,269.67437744140625,0.02088726374062969,0.00043627778657062374
2015-08-26,265.3338928222656,-0.016226215906767334,0.00026329008265302923
2015-08-27,265.01885986328125,-0.0011880130514704099,1.4113750104640349e-06
2015-08-28,267.10382080078125,0.007836432022092613,6.140966683687853e-05
2015-08-31,261.0110168457031,-0.023074808202637315,0.0005324467735884984
2015-09-01,262.682373046875,0.006382978697141113,4.074241704815726e-05
2015-09-02,259.4621276855469,-0.012334846718934698,0.0001521484435796141
2015-09-03,264.0759582519531,0.017626033867134353,0.0003106770698853672
2015-09-04,262.3323974609375,-0.006624390164324621,4.388254504920078e-05
2015-09-07,262.583984375,0.0009585790881483035,9.188738682352331e-07
2015-09-08,258.2457275390625,-0.01665940737014067,0.00027753585392429724
2015-09-09,261.9385681152344,0.014198439457737296,0.00020159568303503136
2015-09-10,262.74798583984375,0.003085340611839723,9.519326691067517e-06
2015-09-11,262.5795593261719,-0.0006412247786840925,4.111692167984634e-07
2015-09-14,264.9970397949219,0.00916453608004931,8.398872156252557e-05
2015-09-15,263.48748779296875,-0.0057127731413103445,3.263577696407686e-05
2015-09-16,266.74053955078125,0.012270541754053729,0.00015056619493797595
2015-09-18,272.88153076171875,0.022761323794846428,0.0005180778608938423
2015-09-21,270.2606201171875,-0.009650994618126948,9.314169711911532e-05
2015-09-22,269.0201416015625,-0.004600500487070177,2.116460473153294e-05
2015-09-23,272.14202880859375,0.011537842111883363,0.00013312180059874915
2015-09-24,271.802978515625,-0.001246634613106942,1.5540978585962952e-06
2015-09-28,272.12017822265625,0.0011663402782552195,1.3603496446804629e-06
2015-09-29,270.38311767578125,-0.006403892829354865,4.1009843369862655e-05
2015-09-30,278.6111145019531,0.029977047081690952,0.000898623351737916
2015-10-01,281.0110168457031,0.00857691975142021,7.356355242230212e-05
2015-10-05,283.4656982421875,0.00869724757093092,7.56421153100638e-05
2015-10-06,284.1942138671875,0.0025667340935013497,6.5881239067421954e-06
2015-10-07,277.2940673828125,-0.024579297913303884,0.0006041418859109446
2015-10-08,278.6024169921875,0.0047071786275514295,2.215753063167696e-05
2015-10-09,280.7507629394531,0.00768157431909992,5.90065840198554e-05
2015-10-12,273.73040771484375,-0.025323602541572583,0.0006412848456835413
2015-10-13,269.1734924316406,-0.016787583591686937,0.0002818229628478765
2015-10-14,271.74176025390625,0.00949607950251233,9.017552591803481e-05
2015-10-15,271.5601806640625,-0.0006684297733144411,4.4679836185319515e-07
2015-10-16,286.8084411621094,0.05463076580174484,0.0029845205720850938
2015-10-19,284.095703125,-0.009503376287523868,9.031416086227095e-05
2015-10-20,285.9990234375,0.006677232030076985,4.4585427583486014e-05
2015-10-21,282.7962341308594,-0.011261778695028679,0.00012682765937580185
2015-10-23,276.90472412109375,-0.02105312678551436,0.0004432341474469422
2015-10-26,276.3643493652344,-0.0019533892407224873,3.815729525770376e-06
2015-10-27,278.0357360839844,0.006029550955301539,3.63554847225777e-05
2015-10-28,277.28759765625,-0.002694426237467723,7.2599327491544715e-06
2015-10-29,275.2355041503906,-0.007428116344177068,5.5176912422630494e-05
2015-10-30,270.1337585449219,-0.01870987156668156,0.00035005929404171904
2015-11-02,274.60321044921875,0.01640994628640968,0.00026928633712285083
2015-11-03,272.0523376464844,-0.009332719027925835,8.709964445420894e-05
2015-11-04,273.5138244628906,0.0053577014628175225,2.870496496467702e-05
2015-11-05,269.77276611328125,-0.013772169406301183,0.00018967265015585826
2015-11-06,269.9172058105469,0.0005352691664785911,2.865130805826857e-07
2015-11-09,267.3991394042969,-0.009372820547684367,8.784976501909428e-05
2015-11-10,265.6883239746094,-0.006418538872788407,4.1197641261495875e-05
2015-11-13,264.02130126953125,-0.006294120888205248,3.961595775534162e-05
2015-11-16,261.9320373535156,-0.007944715821150642,6.311850947884132e-05
2015-11-17,266.2265319824219,0.01626249965261804,0.00026446889495140185
2015-11-18,266.1258544921875,-0.0003782362735381279,1.4306267862000952e-07
2015-11-19,274.7826843261719,0.032011212373099236,0.0010247177175956616
2015-11-20,271.1116943359375,-0.013449654261538343,0.00018089319975491652
2015-11-23,268.7204895019531,-0.008859125279491408,7.848410071772371e-05
2015-11-24,264.9904479980469,-0.013977986862150562,0.00019538411671845372
2015-11-26,263.5553894042969,-0.00543022768713308,2.9487372734106676e-05
2015-11-27,260.2934875488281,-0.012453759692535522,0.00015509613047942245
2015-11-30,256.40155029296875,-0.015065021253848225,0.00022695486537889874
2015-12-01,257.23724365234375,0.003254014714731865,1.05886117636915e-05
2015-12-02,256.75372314453125,-0.0018814363740916713,3.5398028297552154e-06
2015-12-03,255.34490966796875,-0.005502131583365429,3.0273451960667367e-05
2015-12-04,256.2701721191406,0.0036170296493198933,1.308290348405919e-05
2015-12-07,257.8695068359375,0.006221421691124244,3.870608785879125e-05
2015-12-08,254.88320922851562,-0.01164823229281203,0.000135681315547309
2015-12-09,252.01080322265625,-0.011333480693866332,0.0001284477846382409
2015-12-10,252.48989868164062,0.0018992861702494769,3.607287956500925e-06
2015-12-11,259.22918701171875,0.02634131965666001,0.000693865121254343
2015-12-14,257.978759765625,-0.004835307307838791,2.3380196761239222e-05
2015-12-15,256.1731872558594,-0.007023526576592103,4.932992557209558e-05
2015-12-16,255.7257537841797,-0.001748132491603817,3.0559672082009693e-06
2015-12-17,258.1365966796875,0.009383293335659335,8.804619382302888e-05
2015-12-18,248.907470703125,-0.036407665509171884,0.001325518107827744
2015-12-21,248.9666748046875,0.00023782758102912116,5.6561958298163195e-08
2015-12-22,251.4083709716797,0.009759541640859392,9.524865303966842e-05
2015-12-23,253.51441955566406,0.008342110266951641,6.959080370597999e-05
2015-12-24,253.42225646972656,-0.00036360788757887986,1.3221069590957534e-07
2015-12-28,254.68368530273438,0.004965229968223912,2.4653508637348832e-05
2015-12-29,256.1996154785156,0.005934563226452316,3.521904068876012e-05
2015-12-30,256.2281188964844,0.00011124853744663024,1.237623708401429e-08
2015-12-31,255.7081298828125,-0.0020314607287036566,4.126832692265191e-06
2016-01-01,253.82810974121094,-0.007379371776876241,5.445512782135762e-05
2016-01-04,248.76705932617188,-0.020140350735972888,0.00040563372776800365
2016-01-05,248.44235229492188,-0.0013061179849847427,1.7059441907006047e-06
2016-01-06,250.94760131835938,0.010033321742717332,0.00010066754519288436
2016-01-07,247.41343688964844,-0.014183386759480708,0.00020116845996901266
2016-01-08,247.13265991210938,-0.0011354937771143403,1.289346117865391e-06
2016-01-11,239.9677734375,-0.02942064013180929,0.0008655740657654274
2016-01-12,238.6778106689453,-0.00539006703279051,2.9052822617975093e-05
2016-01-13,241.36734008789062,0.011205435807404667,0.0001255617916338667
2016-01-14,246.41302490234375,0.02068908531040241,0.00042803825098110883
2016-01-15,245.6035919189453,-0.003290269824067239,1.082587551516746e-05
2016-01-18,238.5089111328125,-0.02931214837246951,0.000859202042209667
2016-01-19,238.1929168701172,-0.0013257524532778355,1.7576195673721995e-06
2016-01-20,240.68507385253906,0.010408411034343788,0.00010833502025984952
2016-01-21,238.239013671875,-0.010214902585616487,0.00010434423483363439
2016-01-22,239.01785278320312,0.0032638181132752706,1.0652508676543747e-05
2016-01-25,239.62115478515625,0.00252090745597807,6.354974401605826e-06
2016-01-27,240.7772674560547,0.004813150290625349,2.316641572014688e-05
2016-01-28,239.95455932617188,-0.0034227354513485958,1.1715117969918475e-05
2016-01-29,240.79039001464844,0.003477234786565226,1.2091161760899314e-05
2016-02-01,239.07705688476562,-0.00714089035009833,5.099231499212745e-05
2016-02-02,239.44564819335938,0.0015405387354837754,2.3732595955259497e-06
2016-02-03,237.2957763671875,-0.00901908786881137,8.134394598534043e-05
2016-02-04,240.67198181152344,0.014127570492446907,0.00019958824801905655
2016-02-05,237.87266540527344,-0.011699423878274336,0.0001368765190835357
2016-02-08,237.49974060058594,-0.0015689799259624951,2.461698008073277e-06
2016-02-09,237.77398681640625,0.0011540559910541376,1.3318452304879478e-06
2016-02-10,232.4364776611328,-0.02270361392024546,0.0005154540850395634
2016-02-11,228.9022674560547,-0.01532184054685488,0.00023475879774324628
2016-02-12,221.8382568359375,-0.031346589266961246,0.00098260865867157
2016-02-15,221.912841796875,0.00033615674133372184,1.1300135474410678e-07
2016-02-16,221.5640411376953,-0.001573027792541394,2.4744164361076506e-06
2016-02-17,222.56878662109375,0.00452453470964912,2.0471414338819647e-05
2016-02-18,227.40170288085938,0.021481862589154153,0.0004614704202993008
2016-02-19,228.5797576904297,0.005167128633644049,2.6699218316624215e-05
2016-02-22,231.63572692871094,0.013280796747729135,0.00017637956225449277
2016-02-23,227.81414794921875,-0.01663583917889173,0.0002767511451859491
2016-02-24,228.1278533935547,0.0013760763119625146,1.8935860163443558e-06
2016-02-25,225.6488494873047,-0.010926204685354272,0.00011938194882625764
2016-02-26,224.25802612304688,-0.006182736340103655,3.8226228651238334e-05
2016-02-29,219.7300567626953,-0.02039751302118034,0.0004160585374492216
2016-03-01,221.67152404785156,0.008796886507050728,7.738521221793115e-05
2016-03-02,222.8101043701172,0.005123194030259459,2.624711707168616e-05
2016-03-03,228.93295288085938,0.027109319729771972,0.0007349152162110039
2016-03-04,231.89459228515625,0.012853746317002836,0.000165218794381864
2016-03-08,233.454345703125,0.006703611555564642,4.4938407887899796e-05
2016-03-09,228.5841522216797,-0.02108211278496829,0.00044445547947812334
2016-03-10,227.18014526367188,-0.006161129369004146,3.7959515101605426e-05
2016-03-11,226.537353515625,-0.002833446714426543,8.02842028349457e-06
2016-03-14,223.90260314941406,-0.011698697579466016,0.00013685952505580404
2016-03-15,221.73733520507812,-0.009717643313686353,9.443259157203308e-05
2016-03-16,219.89454650878906,-0.00834540923241964,6.964585525655498e-05
2016-03-17,223.62841796875,0.01683772870471257,0.00028350910793350164
2016-03-18,227.5508575439453,0.017387936962397304,0.0003023403518083024
2016-03-21,229.53843688964844,0.008696733426647204,7.563317229416281e-05
2016-03-22,230.80209350585938,0.005490108764240971,3.0141294243195525e-05
2016-03-23,230.4861602783203,-0.0013697867844954332,1.8763158349783385e-06
2016-03-28,234.8890838623047,0.018922600702580235,0.00035806481734929
2016-03-29,234.11695861816406,-0.0032926055179326365,1.0841251096720446e-05
2016-03-30,240.43060302734375,0.026610681363296935,0.0007081283626189189
2016-03-31,252.6083984375,0.04940896232923007,0.002441245558451276
2016-04-01,247.3805694580078,-0.02091253943403981,0.00043733430558027
2016-04-04,249.37026977539062,0.008010901244241685,6.417453874499298e-05
2016-04-05,251.80104064941406,0.009700435297914695,9.409844496902936e-05
2016-04-06,251.15167236328125,-0.0025822254464810197,6.667888256454102e-06
2016-04-07,258.3648681640625,0.028315774551337873,0.0008017830884421935
2016-04-08,262.18646240234375,0.01468313564168848,0.00021559447227222257
2016-04-11,257.58392333984375,-0.017710356301816606,0.0003136567203372952
2016-04-12,269.7397155761719,0.04611189476355141,0.00212630683868484
2016-04-13,268.3664245605469,-0.005104175160531381,2.6052604069385544e-05
2016-04-18,269.1606140136719,0.0029549770487056833,8.73188935837735e-06
2016-04-20,264.83428955078125,-0.016203971598648097,0.00026256869556979417
2016-04-21,261.8003845214844,-0.011521985705547093,0.00013275615459883155
2016-04-22,261.9275207519531,0.00048550490316034625,2.357150109927372e-07
2016-04-25,258.0621032714844,-0.014867560828206944,0.00022104436498043356
2016-04-26,255.82447814941406,-0.00870868921267617,7.58412678029823e-05
2016-04-27,258.246337890625,0.009422350320154413,8.878068555571396e-05
2016-04-28,259.22039794921875,0.0037647297559103773,1.4173190135037009e-05
2016-04-29,251.20867919921875,-0.0313946722240301,0.000985625444054287
2016-05-02,252.47238159179688,0.005017877949059117,2.5179099111653733e-05
2016-05-03,245.3358612060547,-0.02867372906182661,0.0008221827383110399
2016-05-04,243.17063903808594,-0.008864718672315164,7.858323713929312e-05
2016-05-05,243.10923767089844,-0.0002525350953420328,6.377397437940959e-08
2016-05-06,246.1827850341797,0.012563408548454537,0.00015783923435538054
2016-05-09,241.73590087890625,-0.018228477064859194,0.00033227737610409764
2016-05-10,242.2119903564453,0.0019675243543611077,3.871152085004094e-06
2016-05-11,245.7769317626953,0.014611007197890968,0.00021348153133682167
2016-05-12,250.5439453125,0.01920999242312987,0.000369023808896707
2016-05-13,268.5922546386719,0.06956011210167694,0.004838609195597862
2016-05-16,275.7352294921875,0.026246644217716015,0.0006888863326913655
2016-05-17,272.8899230957031,-0.010372590077972782,0.0001075906249256594
2016-05-18,273.37713623046875,0.0017837914830731185,3.1819120550841957e-06
2016-05-19,268.6085510253906,-0.01759717413255832,0.0003096605374515796
2016-05-20,264.803466796875,-0.014267203009599088,0.00020355308171711328
2016-05-23,263.0773620605469,-0.006539774865442185,4.276865529066935e-05
2016-05-24,264.72418212890625,0.006240320554710559,3.89416006255431e-05
2016-05-25,270.9829406738281,0.02336740755559163,0.0005460357358691209
2016-05-26,270.8131103515625,-0.0006269160785003759,3.930237694822895e-07
2016-05-27,272.2220153808594,0.005189013100124782,2.69258569532666e-05
2016-05-30,278.1302795410156,0.02147166898286898,0.0004610325689098978
2016-05-31,268.8445129394531,-0.03395644168759662,0.0011530399320831498
2016-06-01,281.7832946777344,0.04700512326074197,0.002209481612757546
2016-06-02,277.8701171875,-0.013984516777701534,0.0001955667095058157
2016-06-03,278.00909423828125,0.0005000260877555079,2.500260884360789e-07
2016-06-06,285.6898193359375,0.027252848252975255,0.0007427177378996964
2016-06-07,284.404541015625,-0.004509009691378083,2.0331168396941474e-05
2016-06-08,285.75592041015625,0.004740356501463473,2.2470979760967022e-05
2016-06-09,283.5579833984375,-0.007721392072347672,5.961989553491347e-05
2016-06-10,288.5448303222656,0.01743383570762761,0.00030393862748055153
2016-06-13,288.27362060546875,-0.0009403642908656361,8.842849995352306e-07
2016-06-14,290.5245056152344,0.007777828762696209,6.049462026182444e-05
2016-06-15,286.24981689453125,-0.014823014214604278,0.00021972175040636048
2016-06-16,286.1903076171875,-0.00020791441763058562,4.322840505866557e-08
2016-06-17,285.01971435546875,-0.004098649727474456,1.6798929588526432e-05
2016-06-20,288.7212219238281,0.012903241482740852,0.00016649364076192435
2016-06-21,288.2471923828125,-0.0016431736501302018,2.700019644482211e-06
2016-06-22,286.1372985839844,-0.007346658281498029,5.3973387905103566e-05
2016-06-23,283.58892822265625,-0.00894600682617862,8.003103813403446e-05
2016-06-24,286.4438781738281,0.010016875487553298,0.00010033779453314612
2016-06-27,284.29656982421875,-0.007524676020360762,5.662074921139227e-05
2016-06-28,286.3247985839844,0.007108872585600712,5.0536069438305344e-05
2016-06-29,284.15325927734375,-0.007613087883326211,5.7959107119248366e-05
2016-06-30,286.2608642578125,0.007389769939526338,5.46086997591271e-05
2016-07-01,287.02581787109375,0.002668661565361497,7.121754550437675e-06
2016-07-04,287.83270263671875,0.002807248276705304,7.8806428870649e-06
2016-07-05,288.04876708984375,0.0007503782449044791,5.630675104259264e-07
2016-07-07,287.0963439941406,-0.003311943187691968,1.0968967678499233e-05
2016-07-08,282.7246398925781,-0.015344432732092008,0.00023545161586969662
2016-07-11,286.0337219238281,0.011636292639232562,0.0001354033063858579
2016-07-12,283.3905029296875,-0.009283897185365696,8.619074694844109e-05
2016-07-13,290.1784362792969,0.023670215769071957,0.0005602791145544227
2016-07-14,289.5523376464844,-0.0021599642606232954,4.66544560716994e-06
2016-07-15,292.4600830078125,0.009992121993089458,9.984250192478203e-05
2016-07-18,291.8296813964844,-0.00215783980601116,4.656272628406281e-06
2016-07-19,292.8901062011719,0.0036271252992016454,1.3156037936108625e-05
2016-07-20,294.2834777832031,0.004746038430530136,2.2524880784068957e-05
2016-07-21,302.8108825683594,0.028564947773680696,0.0008159562413131057
2016-07-22,312.09881591796875,0.03021139464351961,0.0009127283663064855
2016-07-25,314.22186279296875,0.00677945045915036,4.596094852807403e-05
2016-07-26,315.88189697265625,0.005269094159918896,2.7763353266091417e-05
2016-07-27,312.0105285644531,-0.012331467330882733,0.00015206508653262812
2016-07-28,319.10723876953125,0.022490285344115235,0.0005058129348597246
2016-07-29,316.9488830566406,-0.006786709295627289,4.6059423063353854e-05
2016-08-01,306.5255432128906,-0.033439418405569174,0.0011181947033027185
2016-08-02,301.3028564453125,-0.017185163787979053,0.0002953298544196666
2016-08-03,298.79620361328125,-0.008354178760172193,6.97923027569122e-05
2016-08-04,300.05511474609375,0.004204425869054048,1.7677196888370886e-05
2016-08-05,302.0360412597656,0.0065801785711140865,4.329875002774902e-05
2016-08-08,302.78033447265625,0.0024612216814043795,6.057612165015001e-06
2016-08-09,304.4322204589844,0.005440895607386292,2.9603345010475444e-05
2016-08-10,302.32977294921875,-0.006930084438239102,4.8026070321123765e-05
2016-08-11,302.52197265625,0.0006355266886364355,4.038941719691928e-07
2016-08-12,304.5426940917969,0.006657376090341335,4.432065640824848e-05
2016-08-16,298.1138000488281,-0.021335994836948376,0.00045522467568228774
2016-08-17,295.6932373046875,-0.00815273649241946,6.646711231482796e-05
2016-08-18,295.8059387207031,0.0003810704120899172,1.452146589703793e-07
2016-08-19,297.1464538574219,0.00452150100846119,2.044397136951556e-05
2016-08-22,299.7082824707031,0.008584481917646816,7.369332979440515e-05
2016-08-23,300.83685302734375,0.0037584914720666164,1.412625814559748e-05
2016-08-24,301.15924072265625,0.0010710625184420831,1.1471749184114976e-06
2016-08-25,301.6738586425781,0.0017073317489443227,2.9149817009532794e-06
2016-08-26,301.7357482910156,0.0002051331233157105,4.2079598281258496e-08
2016-08-29,298.208740234375,-0.011757916799532064,0.00013824860746471833
2016-08-30,295.38848876953125,-0.009502310819427602,9.029391090901087e-05
2016-08-31,288.2330017089844,-0.024522214299780885,0.0006013389941643781
2016-09-01,286.60302734375,-0.005671108460091479,3.2161471166121146e-05
2016-09-02,284.43878173828125,-0.007580026308371264,5.74567988356005e-05
2016-09-06,289.9820861816406,0.019301097297250238,0.00037253235687792046
2016-09-07,285.41705322265625,-0.015867694020958105,0.00025178371354274957
2016-09-08,284.0920715332031,-0.004653074103525124,2.165109861289614e-05
2016-09-09,287.453369140625,0.011762271628375143,0.00013835103385967883
2016-09-12,284.0655517578125,-0.011855625213094249,0.00014055584919335604
2016-09-14,280.23382568359375,-0.013580681174638502,0.00018443490116718062
2016-09-15,278.33233642578125,-0.006808491928725698,4.635556234352297e-05
2016-09-16,282.99664306640625,0.016619181144170884,0.00027619718190276504
2016-09-19,279.9246826171875,-0.010914459284849212,0.00011912542148063117
2016-09-20,280.0350036621094,0.0003940321028546539,1.5526129808006055e-07
2016-09-21,278.8468933105469,-0.004251746738699626,1.8077350330042902e-05
2016-09-22,284.9091491699219,0.021507492910742585,0.00046257225130564254
2016-09-23,286.86590576171875,0.006844524657074988,4.6847517781307475e-05
2016-09-26,287.2921447753906,0.001484744807028801,2.204467141998992e-06
2016-09-27,286.5854797363281,-0.0024627738251305387,6.065254913748105e-06
2016-09-28,285.008544921875,-0.005517688244532616,3.044488356385342e-05
2016-09-29,280.620361328125,-0.015516433429729826,0.00024075970637923728
2016-09-30,284.13836669921875,0.0124585976304716,0.00015521665491799257
2016-10-03,292.4886779785156,0.02896463195503442,0.0008389499042906011
2016-10-04,295.096923828125,0.008877899569918885,7.881710077356591e-05
2016-10-05,299.2754211425781,0.014060432618886396,0.00019769576543024456
2016-10-06,296.9785461425781,-0.007704389362356563,5.935761544679297e-05
2016-10-07,297.16845703125,0.0006392724161695836,4.0866922207529726e-07
2016-10-10,292.9613342285156,-0.014258538181087892,0.0002033059110615412
2016-10-13,288.999267578125,-0.013616481441044926,0.0001854085668343209
2016-10-14,303.7675476074219,0.049838609109645805,0.00248388695798407
2016-10-17,298.504638671875,-0.017477290235926164,0.0003054556739908
2016-10-18,303.6194763183594,0.01698972205892179,0.0002886506556394137
2016-10-19,300.0263671875,-0.01190483329106832,0.00014172505568812858
2016-10-20,302.24591064453125,0.007370598272272792,5.432571889123066e-05
2016-10-21,303.4075622558594,0.003836031948281385,1.4715141108235479e-05
2016-10-24,302.71185302734375,-0.002295618706472361,5.269865245505835e-06
2016-10-25,300.08807373046875,-0.00870536226127662,7.578333210005918e-05
2016-10-26,301.4773864746094,0.004618999281528806,2.1335154362763624e-05
2016-10-27,306.40447998046875,0.016211049152342207,0.000262798114619655
2016-10-28,308.5599670410156,0.0070101479787642446,4.9142174684172426e-05
2016-11-01,300.1058044433594,-0.027781113127915057,0.0007717902466260143
2016-11-02,298.5510559082031,-0.0051941341813369285,2.6979029893732645e-05
2016-11-03,296.7224426269531,-0.006143794533711011,3.77462112724573e-05
2016-11-04,293.9088439941406,-0.009527500421357318,9.077326427896387e-05
2016-11-07,285.25146484375,-0.02989854079318318,0.0008939227415616387
2016-11-08,284.9710388183594,-0.0009835671030054341,9.674042461145023e-07
2016-11-09,282.1529235839844,-0.009938350755018468,9.877081572977616e-05
2016-11-10,283.5751953125,0.005028121026680841,2.5282001058949992e-05
2016-11-11,276.2938232421875,-0.02601245077425017,0.0006766475952827883
2016-11-15,263.1488342285156,-0.04874509469595758,0.0023760842569178716
2016-11-16,263.50006103515625,0.0013338178884289907,1.7790701594931715e-06
2016-11-17,263.1643371582031,-0.0012749064625525819,1.6253864882583379e-06
2016-11-18,259.79412841796875,-0.01288918956293267,0.00016613120758921247
2016-11-21,259.1912536621094,-0.002323283267125439,5.397645139305055e-06
2016-11-22,260.3352355957031,0.004403947849377368,1.9394756660035546e-05
2016-11-23,261.3026123046875,0.0037090016449913975,1.3756693202548892e-05
2016-11-24,270.4722900390625,0.034490483441949236,0.0011895934480593744
2016-11-25,272.053466796875,0.0058289628274110295,3.3976807643339584e-05
2016-11-28,277.7801513671875,0.020831362320459994,0.0004339456561262804
2016-11-29,277.7845764160156,1.5929912778538096e-05,2.5376212113183133e-10
2016-11-30,277.8155212402344,0.0001113924363270643,1.2408274870879074e-08
2016-12-01,277.5659484863281,-0.000898743599883808,8.077400583321064e-07
2016-12-02,275.2204284667969,-0.008486222503111124,7.201597237230963e-05
2016-12-05,275.1343688964844,-0.0003127421489782499,9.780765174753386e-08
2016-12-06,276.7642822265625,0.005906584715962352,3.488774300684006e-05
2016-12-07,277.4732360839844,0.0025583047724867234,6.544923308928346e-06
2016-12-08,279.6264343261719,0.007730067269404206,5.975393998951419e-05
2016-12-09,281.2936706542969,0.005944665642031427,3.533904959554892e-05
2016-12-12,279.582275390625,-0.006102599289599472,3.724171808941998e-05
2016-12-13,280.2840270996094,0.0025068559167289134,6.284326587238761e-06
2016-12-14,276.103759765625,-0.015026735280815804,0.00022580277319971442
2016-12-15,273.5178527832031,-0.009409841258559998,8.854511251129802e-05
2016-12-16,270.792236328125,-0.010015023756991658,0.0001003007008531073
2016-12-19,267.05267333984375,-0.013905953863418839,0.00019337555285153332
2016-12-20,262.0576477050781,-0.018881408402928915,0.0003565075832781946
2016-12-21,258.8915100097656,-0.012155415293356718,0.00014775412095397039
2016-12-22,255.41094970703125,-0.013535278217927377,0.0001832037564366993
2016-12-23,256.9939880371094,0.0061788763143006365,3.817851250742542e-05
2016-12-26,258.5173034667969,0.005909937914352598,3.492736615150233e-05
2016-12-27,260.2686767578125,0.006751839915270873,4.558734224144499e-05
2016-12-28,261.1587219238281,0.0034138828634331236,1.1654596205242344e-05
2016-12-29,264.5528564453125,0.012912714202983264,0.00016673818808792573
2016-12-30,266.9462890625,0.009006406938092376,8.111536593451848e-05
2017-01-02,264.5573425292969,-0.008989449850539752,8.081020861536915e-05
2017-01-03,266.904296875,0.008832131721862077,7.800655075232238e-05
2017-01-04,260.82659912109375,-0.023034340128530284,0.0005305808251568206
2017-01-05,262.22808837890625,0.005358876022905238,2.871755222886866e-05
2017-01-06,262.5845642089844,0.0013584881505543718,1.8454900551966376e-06
2017-01-09,261.7432556152344,-0.003209096614541767,1.0298301081463431e-05
2017-01-10,261.5174255371094,-0.0008631647676983669,7.450534161957758e-07
2017-01-11,261.9180603027344,0.0015307897714146059,2.3433173242675813e-06
2017-01-12,259.2701416015625,-0.010161172008356376,0.00010324941658340514
2017-01-13,261.2317199707031,0.007537293525810695,5.681079369422782e-05
2017-01-16,260.5298767089844,-0.0026902849481141963,7.237633102049804e-06
2017-01-17,261.07672119140625,0.0020967705737265138,4.396446838845413e-06
2017-01-18,262.0709533691406,0.003800966431020113,1.4447345809741776e-05
2017-01-19,261.7698669433594,-0.0011495341609956476,1.3214287872959674e-06
2017-01-20,261.2539367675781,-0.001972875190246221,3.892236516289062e-06
2017-01-23,262.32781982421875,0.004102070207645295,1.6826979988451114e-05
2017-01-24,263.8200988769531,0.005672484870218382,3.217708460285645e-05
2017-01-25,264.1830749511719,0.001374901324045137,1.890353650861071e-06
2017-01-27,261.8915100097656,-0.008711994461721592,7.58988475010677e-05
2017-01-30,261.2406311035156,-0.0024883932412327206,6.192100923012685e-06
2017-01-31,259.130615234375,-0.00810970032697676,6.576723939336698e-05
2017-02-01,261.8140563964844,0.010302302884228651,0.000106137444718386
2017-02-02,265.4385070800781,0.01374865871623375,0.00018902561649547026
2017-02-03,269.6098937988281,0.015592874326932704,0.00024313772977551705
2017-02-06,279.2190246582031,0.035020432028413755,0.001226430659456748
2017-02-07,271.3700866699219,-0.028512985741335956,0.0008129903558856275
2017-02-08,274.2417907714844,0.010526642612046938,0.00011081020468176239
2017-02-09,274.40118408203125,0.0005810456793833585,3.376140815300686e-07
2017-02-10,273.5819396972656,-0.002990037318939836,8.940323168652923e-06
2017-02-13,274.5539855957031,0.003546736758378046,1.257934163323001e-05
2017-02-14,274.2417907714844,-0.0011377451188215545,1.2944639554022732e-06
2017-02-15,273.19012451171875,-0.0038421857555758984,1.4762391380350338e-05
2017-02-16,274.89276123046875,0.006213082875579995,3.860239881882538e-05
2017-02-17,276.34075927734375,0.005253676794075098,2.7601119856603197e-05
2017-02-20,278.2713928222656,0.006962131413681786,4.847127382137474e-05
2017-02-21,282.3630676269531,0.014596846050225907,0.00021306791461399565
2017-02-22,283.3063049316406,0.0033349451982300454,1.1121859475197637e-05
2017-02-23,282.5999450683594,-0.002496386036076135,6.231943241115917e-06
2017-02-27,280.73345947265625,-0.006626599490523619,4.3911820807807885e-05
2017-02-28,276.9496154785156,-0.013570080317076886,0.0001841470798119175
2017-03-01,276.7791748046875,-0.0006156106823476333,3.789765122205187e-07
2017-03-02,274.4410095214844,-0.008483649087122402,7.197230183343277e-05
2017-03-03,274.0845947265625,-0.0012995376781722663,1.6887981769893647e-06
2017-03-06,277.7666320800781,0.013344509587657311,0.00017807593613507788
2017-03-07,279.8191223144531,0.007362094489246977,5.42004352686007e-05
2017-03-08,281.0302429199219,0.004318886899430931,1.865278405007612e-05
2017-03-09,275.0255432128906,-0.021598311828429126,0.0004664870738380615
2017-03-10,271.5249938964844,-0.01280978407614406,0.0001640905680774339
2017-03-14,270.978271484375,-0.0020155550467042226,4.062462146294861e-06
2017-03-15,270.3383483886719,-0.0023643219894178462,5.590018469644762e-06
2017-03-16,272.35089111328125,0.00741695911455437,5.501128250697115e-05
2017-03-17,275.5259094238281,0.011590393500690141,0.00013433722150084026
2017-03-20,278.83380126953125,0.011934240683967834,0.00014242610070287304
2017-03-21,280.5341796875,0.006079660307132456,3.696226945012191e-05
2017-03-22,280.81756591796875,0.0010096566253193634,1.0194065010512854e-06
2017-03-23,280.66705322265625,-0.0005361240318497514,2.8742897752683323e-07
2017-03-24,281.3024597167969,0.002261356711655038,5.113734177347286e-06
2017-03-27,286.2089538574219,0.017291692386118485,0.000299002625576148
2017-03-28,287.8983154296875,0.005885194417944435,3.4635513337004336e-05
2017-03-29,287.5307922363281,-0.0012773884339104047,1.6317212110880766e-06
2017-03-30,292.4902648925781,0.01710142576655415,0.0002924587632489622
2017-03-31,295.83135986328125,0.01135817807502474,0.0001290082091839727
2017-04-03,291.3102111816406,-0.015400844590208773,0.00023718601409176282
2017-04-05,293.5020751953125,0.0074959925709742825,5.6189904624101634e-05
2017-04-06,293.0039367675781,-0.0016986647616694646,2.885461972537579e-06
2017-04-07,293.1323547363281,0.0004381846770662847,1.9200581121568422e-07
2017-04-10,293.5220642089844,0.0013285829523995258,1.7651326614066407e-06
2017-04-11,290.45550537109375,-0.010502413738281043,0.00011030069433003438
2017-04-12,288.6599426269531,-0.006201072701895768,3.845330265419688e-05
2017-04-13,285.09747314453125,-0.012418193353261052,0.00015421152615897697
2017-04-17,279.50909423828125,-0.019796303238675168,0.00039189362191758095
2017-04-18,280.6494445800781,0.004071532746914748,1.6577378909199153e-05
2017-04-19,278.9112548828125,-0.0062127139729106955,3.8597814909199795e-05
2017-04-20,280.7357177734375,0.006520072271006361,4.2511342419146043e-05
2017-04-21,281.3534851074219,0.002198112255339025,4.831697487071615e-06
2017-04-24,278.4352111816406,-0.010426435483047709,0.00010871055688215631
2017-04-25,279.9983825683594,0.005598429202713304,3.134240953779312e-05
2017-04-26,284.479736328125,0.015878198858539985,0.0002521171989913405
2017-04-27,296.783447265625,0.042340713600072764,0.0017927360281633868
2017-04-28,296.5886535644531,-0.0006565651061011178,4.310777385495721e-07
2017-05-02,297.3546447753906,0.00257934263340393,6.6530084204951205e-06
2017-05-03,297.37677001953125,7.440415488546533e-05,5.5359782642203154e-09
2017-05-04,298.2602844238281,0.002966622192755948,8.800847234552108e-06
2017-05-05,297.8594665527344,-0.001344756421304172,1.8083698326388038e-06
2017-05-08,297.0933837890625,-0.0025752736090676734,6.632034161560439e-06
2017-05-09,296.9007873535156,-0.000648479233140359,4.2052531581430806e-07
2017-05-10,306.4457092285156,0.031642574614145755,0.0010012525282117814
2017-05-11,303.62054443359375,-0.00926189565081468,8.57827110465799e-05
2017-05-12,302.0640563964844,-0.005139610487938201,2.6415595967724356e-05
2017-05-15,292.6940002441406,-0.031511406638813425,0.0009929687483566547
2017-05-16,286.9107971191406,-0.019956339501444445,0.00039825548629691195
2017-05-17,290.3825378417969,0.012027793727733325,0.0001446678219569011
2017-05-18,289.1359558105469,-0.004302136920869217,1.8508382085906066e-05
2017-05-19,291.033447265625,0.006541186800600028,4.278712476034403e-05
2017-05-22,293.78607177734375,0.009413655835625883,8.861691619161324e-05
2017-05-23,293.2805480957031,-0.0017222025217437033,2.965981525900371e-06
2017-05-24,290.7216491699219,-0.008763375596879402,7.679675185198142e-05
2017-05-25,289.44775390625,-0.004391466713585669,1.9284979896530915e-05
2017-05-26,296.13336181640625,0.02283508890837706,0.000521441285453485
2017-05-29,294.74365234375,-0.004703896079278557,2.2126638324652177e-05
2017-05-30,294.00653076171875,-0.0025040228889516105,6.27013062839357e-06
2017-05-31,295.9797058105469,0.006688909955561597,4.474151639361104e-05
2017-06-01,294.2314758300781,-0.005924100212554603,3.509496332838949e-05
2017-06-02,296.1356506347656,0.0064508382075311186,4.16133135797433e-05
2017-06-05,299.05743408203125,0.009818013657432229,9.639339217752578e-05
2017-06-06,297.4094543457031,-0.00552581865540506,3.053467181242259e-05
2017-06-07,297.0798645019531,-0.0011088168182984844,1.2294747365415741e-06
2017-06-08,296.28033447265625,-0.0026949246497107258,7.262618867618478e-06
2017-06-09,296.9774475097656,0.0023501195572343692,5.5230619332954675e-06
2017-06-12,296.6500244140625,-0.0011031266051253264,1.216888306935328e-06
2017-06-13,297.98406982421875,0.004486953106955852,2.0132748184020777e-05
2017-06-14,297.7279052734375,-0.0008600282595580997,7.396486072385341e-07
2017-06-15,297.8616027832031,0.00044895858709000883,2.0156381292185706e-07
2017-06-16,301.0863037109375,0.010767988505406457,0.00011594957645256558
2017-06-19,300.13311767578125,-0.003170845118706182,1.005425876682282e-05
2017-06-20,298.37823486328125,-0.005864175621875244,3.4388555724195906e-05
2017-06-21,301.072998046875,0.008990827571013667,8.083498041169952e-05
2017-06-22,301.96826171875,0.0029691644314305678,8.815937420872407e-06
2017-06-23,295.7369689941406,-0.02085147719986189,0.0004347841014163603
2017-06-27,293.9686584472656,-0.005997283270545818,3.596740662716875e-05
2017-06-28,296.1356506347656,0.007344470782523424,5.394125107534024e-05
2017-06-29,300.5942077636719,0.01494357969889435,0.00022331057421720737
2017-06-30,300.06414794921875,-0.0017649299206625088,3.1149776248497697e-06
2017-07-03,300.13543701171875,0.00023755119004259228,5.643056789065179e-08
2017-07-04,304.9592590332031,0.015944361258887686,0.00025422265595391854
2017-07-05,307.7051696777344,0.008963892474571314,8.035136829567623e-05
2017-07-06,308.135009765625,0.0013959471045895907,1.9486683188120616e-06
2017-07-07,305.9992370605469,-0.0069554216409749,4.837789020374197e-05
2017-07-10,303.12408447265625,-0.009440367292291144,8.912053461336043e-05
2017-07-11,301.9192199707031,-0.003982743336746119,1.586224448639561e-05
2017-07-12,303.8634948730469,0.006419072485130893,4.1204491569364506e-05
2017-07-13,302.2467041015625,-0.0053349856477772515,2.846207186198926e-05
2017-07-14,303.3668212890625,0.003699119711820487,1.3683486642378883e-05
2017-07-17,306.3621826171875,0.009825300767105307,9.653653516408012e-05
2017-07-18,305.217529296875,-0.0037432721674547703,1.4012086519641534e-05
2017-07-19,309.0302734375,0.012414511185544631,0.00015412008797601278
2017-07-20,305.97021484375,-0.009951484285529624,9.903203948514306e-05
2017-07-21,303.1931457519531,-0.009117712949193238,8.313268942388605e-05
2017-07-24,304.47589111328125,0.00422186153588327,1.7824114828170648e-05
2017-07-25,303.7499694824219,-0.0023870145042183995,5.697838243349011e-06
2017-07-26,302.2400207519531,-0.00498342177165118,2.483449255416698e-05
2017-07-27,302.863525390625,0.002060820377980825,4.246980630301031e-06
2017-07-28,302.0195617675781,-0.002790503449741056,7.786909503016736e-06
2017-07-31,301.4158630371094,-0.002000873356325875,4.003494188054771e-06
2017-08-01,298.55859375,-0.009524708446257416,9.072007098620736e-05
2017-08-02,299.612060546875,0.0035222987903807883,1.2406588768717964e-05
2017-08-03,300.4916076660156,0.002931319355410713,8.592633163405478e-06
2017-08-04,299.1947326660156,-0.0043251844656831935,1.870722066218721e-05
2017-08-07,300.884521484375,0.005631900363512668,3.171830170453413e-05
2017-08-08,298.2706604003906,-0.00872521091567609,7.612930552303319e-05
2017-08-09,300.4313659667969,0.007217997775891274,5.2099491892771385e-05
2017-08-10,296.5319519042969,-0.01306435222196543,0.00017067729897957308
2017-08-11,292.1436767578125,-0.014909251275617931,0.00022228577359951492
2017-08-14,296.9716491699219,0.016390951960409583,0.0002686633061684547
2017-08-16,298.21490478515625,0.004177706687787652,1.7453233169185674e-05
2017-08-17,296.98724365234375,-0.00412519637903085,1.701724516556924e-05
2017-08-18,297.0140686035156,9.03195014443363e-05,8.157612341153468e-09
2017-08-21,295.4895935058594,-0.0051458870524288625,2.6480153556355007e-05
2017-08-22,294.8243713378906,-0.0022537920129744966,5.079578437747634e-06
2017-08-23,294.9003601074219,0.0002577092867229191,6.641407646323574e-08
2017-08-24,294.74627685546875,-0.0005226291334551406,2.731412111360712e-07
2017-08-28,314.65606689453125,0.0653652833893896,0.004272620272575212
2017-08-29,310.53131103515625,-0.013195454211095069,0.0001741200118371066
2017-08-30,313.9798583984375,0.011044101640566866,0.00012197218104717174
2017-08-31,317.8992919921875,0.012405802151302252,0.0001539039270172556
2017-09-01,313.1695861816406,-0.014989788072511837,0.00022469374645881814
2017-09-04,306.45111083984375,-0.0216866179116895,0.00047030939644761185
2017-09-05,313.7253723144531,0.023459757959786255,0.0005503602435317545
2017-09-06,311.30584716796875,-0.007742132414210728,5.9940614319172435e-05
2017-09-07,318.4037170410156,0.022544267690248213,0.0005082440056895695
2017-09-08,321.477294921875,0.009606790830938494,9.229043006940392e-05
2017-09-11,325.6646423339844,0.012941228533288945,0.00016747539595081195
2017-09-12,329.8407897949219,0.01274193548457598,0.0001623569198930965
2017-09-13,323.1691589355469,-0.020434184866470136,0.00041755591115707715
2017-09-14,322.93701171875,-0.0007186039611777662,5.163916530203766e-07
2017-09-15,328.0685119628906,0.015765170460792663,0.00024854059965784953
2017-09-18,325.365478515625,-0.008273364731144118,6.844856397453937e-05
2017-09-19,323.861083984375,-0.004634429059904848,2.1477932711290534e-05
2017-09-20,321.56439208984375,-0.007116860655671826,5.064970559224961e-05
2017-09-21,319.0130615234375,-0.007965762899956586,6.345337857832477e-05
2017-09-22,320.055419921875,0.0032621208933002912,1.064143272250629e-05
2017-09-25,319.02203369140625,-0.003233996521971422,1.0458733504123255e-05
2017-09-26,314.92840576171875,-0.012914841835739255,0.0001667931396421609
2017-09-27,317.0422058105469,0.006689576676209217,4.4750436106882354e-05
2017-09-28,318.6291198730469,0.004992886402300696,2.4928914626279193e-05
2017-09-29,322.1513671875,0.010993726747315712,0.00012086202779464489
2017-10-03,326.3052062988281,0.012811639508195824,0.00016413810688796412
2017-10-04,327.24493408203125,0.0028757653706158477,8.270026466833303e-06
2017-10-05,324.1311340332031,-0.00956075582165072,9.140805188122814e-05
2017-10-06,328.2359313964844,0.012584484268037894,0.00015836924429249325
2017-10-09,325.6623840332031,-0.00787143991819672,6.195956638578077e-05
2017-10-10,325.3543395996094,-0.000946348827614025,8.955761035264396e-07
2017-10-11,325.37890625,7.550451912194217e-05,5.700932407835731e-09
2017-10-12,329.4903869628906,0.012556810276447526,0.0001576734843186982
2017-10-13,327.9056701660156,-0.004821202832858085,2.3243996755558822e-05
2017-10-16,325.11328125,-0.008552296774739754,7.3141780123224e-05
2017-10-17,329.1800842285156,0.012431290199698138,0.00015453697602911095
2017-10-18,323.4571228027344,-0.017538405901131884,0.0003075956815528577
2017-10-19,322.1380310058594,-0.0040864421757812195,1.6699009656003547e-05
2017-10-23,322.1380310058594,0.0,0.0
2017-10-24,323.13568115234375,0.0030921790942721682,9.561571551053846e-06
2017-10-25,319.3345642089844,-0.011832956695007144,0.00014001886414591439
2017-10-26,318.9550476074219,-0.001189167547959866,1.41411945712088e-06
2017-10-27,320.1045837402344,0.003597590322598403,1.2942656129253682e-05
2017-10-30,322.2919921875,0.006810176091490021,4.63784983971023e-05
2017-10-31,323.15576171875,0.002676498730276184,7.163645453170025e-06
2017-11-01,326.66912841796875,0.01081337753310698,0.00011692913367350279
2017-11-02,325.3364562988281,-0.004087921963391508,1.671110597877868e-05
2017-11-03,330.9433288574219,0.01708725182942362,0.0002919741750821409
2017-11-06,339.0234680175781,0.02412218336733654,0.0005818797304074077
2017-11-07,343.5343017578125,0.01321763405886606,0.00017470585011409608
2017-11-08,349.48284912109375,0.017167521621147607,0.00029472379861257054
2017-11-09,348.16815185546875,-0.0037689297945213665,1.420483179603087e-05
2017-11-10,347.5409240722656,-0.0018031328750691402,3.251288165155104e-06
2017-11-13,344.6214294433594,-0.00843591659615946,7.116468881735862e-05
2017-11-14,341.0858459472656,-0.010312315342782902,0.00010634384772899564
2017-11-15,344.6771240234375,0.010473913187197974,0.00010970285745295962
2017-11-16,341.1973571777344,-0.010147036515015785,0.00010296235003706369
2017-11-17,343.3044738769531,0.0061566624350254005,3.7904492338852895e-05
2017-11-20,344.840087890625,0.004463063861785387,1.991893903437469e-05
2017-11-21,345.715087890625,0.0025341942221810314,6.4221403557357225e-06
2017-11-22,339.55694580078125,-0.01797332318711621,0.0003230403463885292
2017-11-23,339.4832458496094,-0.00021707095505537062,4.711979952865073e-08
2017-11-24,334.90753173828125,-0.013570127233937334,0.00018414835314524772
2017-11-27,334.5504455566406,-0.0010667920246420948,1.1380452238399797e-06
2017-11-28,334.7088317871094,0.00047331800630186357,2.2402993508957096e-07
2017-11-29,335.2735900878906,0.001685890304300782,2.8422261181353836e-06
2017-11-30,342.1058349609375,0.020173262792808653,0.000406960531707718
2017-12-01,343.5767517089844,0.00429037876401808,1.8407349938737305e-05
2017-12-04,343.97406005859375,0.0011557208195607175,1.3356906127660966e-06
2017-12-05,343.3379821777344,-0.001850914936348107,3.4258861015965174e-06
2017-12-06,344.1214294433594,0.0022792548666838415,5.195002747301976e-06
2017-12-07,348.9582824707031,0.013957792935629435,0.00019481998363390696
2017-12-08,353.6031188964844,0.013222770543484487,0.00017484166084564103
2017-12-11,352.9128112792969,-0.001954118250898824,3.8185781384958805e-06
2017-12-12,355.6070251464844,0.007605226317325351,5.783946733773813e-05
2017-12-13,355.74365234375,0.00038413458584938664,1.475593800456798e-07
2017-12-14,353.1010437011719,-0.007456135032302232,5.559394961992461e-05
2017-12-15,351.8391418457031,-0.003580170996696737,1.2817624365588507e-05
2017-12-18,355.43890380859375,0.01017928682577864,0.0001036178802814706
2017-12-19,354.0155944824219,-0.0040124102085184205,1.6099435681422833e-05
2017-12-20,356.1672668457031,0.006059506823199139,3.6717622940396926e-05
2017-12-21,354.11419677734375,-0.0057810203175439525,3.342019591185598e-05
2017-12-22,353.3902282714844,-0.002046541994403964,4.188334134858955e-06
2017-12-26,350.93365478515625,-0.006975720991326519,4.866068334883343e-05
2017-12-27,346.99102783203125,-0.011298264672924135,0.00012765078461944552
2017-12-28,346.65264892578125,-0.0009756563619917639,9.519053366950039e-07
2017-12-29,352.8343811035156,0.017675504633214194,0.00031242346403877647
2018-01-01,352.4891662597656,-0.000978883726784165,9.582133505628559e-07
2018-01-02,352.5048522949219,4.449976807169436e-05,1.980229358434589e-09
2018-01-03,352.3501892089844,-0.00043885076877569796,1.925899972550211e-07
2018-01-04,352.76043701171875,0.0011636410905476239,1.3540605876108634e-06
2018-01-05,352.1999816894531,-0.0015900337819736072,2.5282074278172925e-06
2018-01-08,355.98345947265625,0.010685123544126433,0.00011417186515324501
2018-01-09,348.7259216308594,-0.020597978783781477,0.0004242767299771118
2018-01-10,351.7472229003906,0.008626512035104011,7.441670989179434e-05
2018-01-11,352.9867858886719,0.0035178216210037415,1.2375068957201392e-05
2018-01-12,349.17413330078125,-0.010859875434970153,0.00011793689446306818
2018-01-15,347.7710876464844,-0.004026277840823685,1.6210913251507836e-05
2018-01-16,348.5174255371094,0.002143761278042776,4.595712417235597e-06
2018-01-17,347.9481201171875,-0.001634841953842757,2.6727082140444034e-06
2018-01-18,346.7961120605469,-0.003316354592436633,1.0998207782775546e-05
2018-01-19,344.3058776855469,-0.007206592339364748,5.193497314579066e-05
2018-01-22,343.6940002441406,-0.0017787142770147228,3.163824479256008e-06
2018-01-23,340.6770324707031,-0.00881681770027661,7.773627435991093e-05
2018-01-24,340.3722229003906,-0.0008951176093671512,8.012355345991639e-07
2018-01-25,335.79315185546875,-0.013544441105488579,0.00018345188486004868
2018-01-29,337.59063720703125,0.0053386780317740004,2.8501483126946317e-05
2018-01-30,334.2308044433594,-0.010002243353654537,0.00010004487210572636
2018-01-31,334.82476806640625,0.0017755289799265502,3.152503158559016e-06
2018-02-01,327.72857666015625,-0.021421558945861972,0.0004588831876710391
2018-02-02,319.8658447265625,-0.024284082965517158,0.0005897166854761206
2018-02-05,319.8321838378906,-0.00010523993259282694,1.1075443412142757e-08
2018-02-06,314.5246276855469,-0.016734052227178338,0.0002800285039419323
2018-02-07,314.10772705078125,-0.001326373651449912,1.7592670632605728e-06
2018-02-08,313.16632080078125,-0.0030015810793491676,9.009488975906914e-06
2018-02-09,312.43341064453125,-0.002343065237129726,5.489954705445779e-06
2018-02-12,320.1549377441406,0.024413698533757012,0.0005960286760971693
2018-02-14,325.6709289550781,0.017082392108974862,0.00029180812016476666
2018-02-15,339.9374084472656,0.04287405668523321,0.0018381847366485905
2018-02-16,340.3699951171875,0.0012717389990405863,1.6173200816807524e-06
2018-02-19,336.508056640625,-0.011411155593336669,0.00013021447197533875
2018-02-20,339.46453857421875,0.008747398359796781,7.651697806497542e-05
2018-02-21,340.5806579589844,0.0032824888481314094,1.0774733038107066e-05
2018-02-22,338.1488037109375,-0.007165932206575365,5.135058438923408e-05
2018-02-23,339.91949462890625,0.005222762802116932,2.7277251287176302e-05
2018-02-26,341.82244873046875,0.005582637425670229,3.116584062649392e-05
2018-02-27,347.8606872558594,0.017510629150292424,0.00030662213323907076
2018-02-28,347.9369201660156,0.00021912380740632157,4.801524297224271e-08
2018-03-01,351.87060546875,0.011242310463781194,0.00012638954456404414
2018-03-05,345.8008728027344,-0.017400412660985524,0.0003027743607725853
2018-03-06,344.6734924316406,-0.0032655270917841465,1.0663667187176225e-05
2018-03-07,345.37274169921875,0.002026674365669719,4.107408984462757e-06
2018-03-08,345.6238708496094,0.0007268607599125249,5.283265643006132e-07
2018-03-09,343.26141357421875,-0.006858809703957271,4.704327055509843e-05
2018-03-12,341.54229736328125,-0.005020766665784118,2.520809791224897e-05
2018-03-13,345.1844482421875,0.01060737783204479,0.00011251646447175524
2018-03-14,342.83111572265625,-0.006840954828687418,4.67986629681417e-05
2018-03-15,346.06317138671875,0.009383382731259788,8.80478714813044e-05
2018-03-16,344.9648132324219,-0.0031789134555993315,1.0105490758190483e-05
2018-03-19,343.5281066894531,-0.004173488460887666,1.74180059331625e-05
2018-03-20,351.51409912109375,0.022980889005434258,0.0005281212594800892
2018-03-21,352.04315185546875,0.001503936839139775,2.2618260161217377e-06
2018-03-22,351.4827880859375,-0.0015930155697763979,2.5376986055500215e-06
2018-03-23,349.37811279296875,-0.006005989539333158,3.6071910346579316e-05
2018-03-26,350.95831298828125,0.004512696523546163,2.0364429913625628e-05
2018-03-27,363.6736755371094,0.035589519769471535,0.0012666139174216052
2018-03-28,367.74627685546875,0.01113626554503061,0.0001240164102894359
2018-04-02,372.4711608886719,0.012766379077476254,0.00016298043474982345
2018-04-03,374.04010009765625,0.004203396789978609,1.7668544574002477e-05
2018-04-04,374.3584289550781,0.0008506934855205953,7.236794063071794e-07
2018-04-05,375.8467102050781,0.0039676699738229355,1.5742405021176095e-05
2018-04-06,374.1746520996094,-0.004458702003836513,1.9880023559015733e-05
2018-04-09,375.7570495605469,0.00422011712771901,1.7809388571667344e-05
2018-04-10,380.99505615234375,0.013843609301805173,0.0001916455185010267
2018-04-11,379.9753112792969,-0.0026801187722826415,7.183036633541814e-06
2018-04-12,387.1746826171875,0.01876968716982983,0.00035230115645327456
2018-04-13,389.440673828125,0.005835572584589451,3.4053907390012006e-05
2018-04-16,392.2154541015625,0.0070997765639805935,5.040682725844808e-05
2018-04-17,404.0589904785156,0.029749566727246872,0.0008850367204589142
2018-04-18,402.3398132324219,-0.004263845240813744,1.818037623761002e-05
2018-04-19,409.97393798828125,0.018796553698754003,0.0003533104309501428
2018-04-20,410.71136474609375,0.0017971004325769686,3.2295699647683278e-06
2018-04-23,399.2063903808594,-0.028412139951026,0.0008072496965966878
2018-04-24,395.47222900390625,-0.009397984971312218,8.832212152101031e-05
2018-04-25,391.54986572265625,-0.009967689046990271,9.935482493748982e-05
2018-04-26,405.37469482421875,0.03469893354484504,0.0012040159891495723
2018-04-27,406.2152099609375,0.0020712811538477083,4.290205618284694e-06
2018-04-30,421.2257385253906,0.03628579304530818,0.0013166587769269354
2018-05-02,412.4709167480469,-0.021003187567033666,0.00044113388797599755
2018-05-03,407.8716125488281,-0.011213248677797655,0.00012573694591013087
2018-05-04,408.443115234375,0.0014002020531253421,1.9605657895764235e-06
2018-05-07,407.60491943359375,-0.0020542812676285797,4.220071526529684e-06
2018-05-08,408.7255554199219,0.0027455466255324416,7.538026272972577e-06
2018-05-09,408.86224365234375,0.00033436955358305895,1.1180299836333413e-07
2018-05-10,402.6222229003906,-0.015379576579454284,0.00023653137576329873
2018-05-11,426.89422607421875,0.05853755828722406,0.0034266457302301544
2018-05-14,429.0638427734375,0.005069457078952531,2.5699395075341923e-05
2018-05-15,428.7859191894531,-0.0006479540032095553,4.198443902752884e-07
2018-05-16,433.55010986328125,0.011049611720824953,0.00012209391918099218
2018-05-17,437.0556640625,0.008053181474044508,6.485373185389367e-05
2018-05-18,436.0492858886719,-0.0023052867116862955,5.314346823077413e-06
2018-05-21,427.1716003417969,-0.02056947115392038,0.00042310314355196256
2018-05-22,433.83154296875,0.01547050207364434,0.0002393364344106338
2018-05-23,434.1490173339844,0.0007315241698063851,5.35127611010921e-07
2018-05-24,435.23199462890625,0.0024913768306094055,6.206958512097366e-06
2018-05-25,438.3593444824219,0.007159785298100329,5.126252551489362e-05
2018-05-28,434.94830322265625,-0.0078118143477148615,6.1024443403163765e-05
2018-05-29,428.340087890625,-0.015309702928637878,0.00023438700376314322
2018-05-30,429.1394958496094,0.0018645532925611532,3.4765589808006373e-06
2018-05-31,434.7209777832031,0.012922363676872458,0.00016698748299735268
2018-06-01,445.7330017089844,0.025015726979600167,0.0006257865963178957
2018-06-04,442.060791015625,-0.008272713025460681,6.843778080162683e-05
2018-06-05,429.3915710449219,-0.029078153214152958,0.000845538994345754
2018-06-06,439.5098876953125,0.023290958831670202,0.0005424687632985561
2018-06-07,440.7301330566406,0.0027725304785548507,7.68692525451559e-06
2018-06-08,445.29620361328125,0.010306941881730126,0.00010623305095336257
2018-06-11,446.5526123046875,0.002817539251386377,7.938527433102905e-06
2018-06-12,442.8375549316406,-0.008354216443899378,6.979293239151878e-05
2018-06-13,442.96368408203125,0.0002847798031610112,8.109953628842429e-08
2018-06-14,439.3477783203125,-0.008196484256491077,6.718235416690608e-05
2018-06-15,438.7060546875,-0.0014616956795705542,2.1365542596752244e-06
2018-06-18,433.12457275390625,-0.012804225990378396,0.00016394820321268162
2018-06-19,433.1156005859375,-2.0715197113284273e-05,4.2911939144222107e-10
2018-06-20,437.9203186035156,0.011032304510474638,0.00012171174281183904
2018-06-21,443.5647888183594,0.01280690352245777,0.0001640167778335412
2018-06-22,444.4947204589844,0.0020943010480891358,4.386096880027252e-06
2018-06-25,445.56866455078125,0.0024131868158097595,5.823470607998046e-06
2018-06-26,454.1063537597656,0.01898006577301542,0.00036024289674799144
2018-06-27,450.2720947265625,-0.008479375007512396,7.189980051802585e-05
2018-06-28,440.0569763183594,-0.022947844820510505,0.0005266035819062308
2018-06-29,441.75006103515625,0.003840039204909544,1.4745901095242324e-05
2018-07-02,439.7259521484375,-0.004592552523438475,2.10915386805411e-05
2018-07-03,440.60406494140625,0.001994963404981754,3.979878987216394e-06
2018-07-04,444.1186828613281,0.007945170206597754,6.31257296118086e-05
2018-07-05,448.3672180175781,0.009520749278553451,9.064466682507607e-05
2018-07-06,447.7367858886719,-0.0014070514810079963,1.979793870206796e-06
2018-07-09,445.7734680175781,-0.004394624509927929,1.9312724583259286e-05
2018-07-10,450.53778076171875,0.0106310338556744,0.00011301888084049528
2018-07-11,458.8863830566406,0.018360710354594478,0.0003371156847253129
2018-07-12,451.6094055175781,-0.015984988795666556,0.0002555198667975853
2018-07-13,456.69549560546875,0.0111991980676811,0.0001254220373591521
2018-07-16,459.3388977050781,0.005771419624405238,3.3309284480969905e-05
2018-07-17,473.34552001953125,0.03003733126691627,0.0009022412696384658
2018-07-18,468.02288818359375,-0.011308407018927885,0.00012788006930573745
2018-07-19,463.32861328125,-0.010080650855000825,0.00010161952166042887
2018-07-20,465.98077392578125,0.005707825362558933,3.2579270369471014e-05
2018-07-23,468.01617431640625,0.004358480221060234,1.8996349837373265e-05
2018-07-24,463.38482666015625,-0.009944987867586795,9.890278368644854e-05
2018-07-25,460.8204040527344,-0.0055494799283035716,3.079672747464421e-05
2018-07-26,464.8865966796875,0.008785109706358166,7.717815255274845e-05
2018-07-27,463.0965576171875,-0.003857917623581221,1.4883528390338577e-05
2018-07-30,455.8130798339844,-0.01585276728001361,0.0002513102304342701
2018-07-31,474.1853332519531,0.03951543086449419,0.00156146927640662
2018-08-01,487.98492431640625,0.028686268884750506,0.000822902022528205
2018-08-02,484.5016784667969,-0.007163616929131244,5.131740750733576e-05
2018-08-03,464.9180908203125,-0.041259654354756814,0.001702359077474003
2018-08-06,474.3766174316406,0.02014031645183072,0.0004056323467798832
2018-08-07,474.5184326171875,0.00029890594664920133,8.934476494225519e-08
2018-08-08,484.81011962890625,0.021456844662953542,0.0004603961828901179
2018-08-09,490.0382080078125,0.010726055231636075,0.00011504826083210761
2018-08-10,482.0802307128906,-0.016372809630992958,0.00026806889521273575
2018-08-13,489.5329284667969,0.015341175343263992,0.00023535166091277106
2018-08-14,489.7900085449219,0.0005250159560535051,2.7564175411077604e-07
2018-08-16,489.8035583496094,2.76641357114899e-05,7.653044046637307e-10
2018-08-17,490.5140686035156,0.0014495513673968296,2.1011991667220185e-06
2018-08-20,489.0727844238281,-0.002942638961016453,8.659124054891991e-06
2018-08-21,491.1186218261719,0.004174369128489249,1.7425357620884088e-05
2018-08-23,520.7872314453125,0.058655882469915196,0.003440512548324505
2018-08-24,512.60595703125,-0.015834138329205726,0.0002507199366284219
2018-08-27,511.2818603515625,-0.002586411119146218,6.689522477243191e-06
2018-08-28,510.954833984375,-0.0006398251601725623,4.09376235589845e-07
2018-08-29,509.745849609375,-0.0023689313817806677,5.611835891585263e-06
2018-08-30,509.1638488769531,-0.0011423991676254228,1.3050758581912589e-06
2018-08-31,522.510498046875,0.025875207351090047,0.0006695263554619044
2018-09-03,508.7804870605469,-0.026628415205382557,0.0007090724963502489
2018-09-04,489.0794372558594,-0.039491735729930574,0.0015595971909626752
2018-09-05,468.54638671875,-0.04288981674108209,0.0018395363800836053
2018-09-06,466.2681579589844,-0.00487419303262227,2.3757757719263483e-05
2018-09-07,471.27569580078125,0.010682349290043313,0.00011411258635448887
2018-09-10,466.0312805175781,-0.011190506726865473,0.0001252274408040214
2018-09-11,453.2823791503906,-0.027737472635234604,0.0007693673881903884
2018-09-12,467.1004333496094,0.030029010440667834,0.0009017414680457378
2018-09-14,466.26373291015625,-0.0017928707653929365,3.214385581400654e-06
2018-09-17,459.02752685546875,-0.01564124486205554,0.00024464854083477885
2018-09-18,462.1177062988281,0.006709454545540008,4.501678029866748e-05
2018-09-19,457.67181396484375,-0.009667270306163375,9.345611517242811e-05
2018-09-21,439.8341369628906,-0.03975466946788457,0.0015804337445007538
2018-09-24,435.90472412109375,-0.008973997585066418,8.05326326567779e-05
2018-09-25,437.47698974609375,0.0036004127370016918,1.2962971876764014e-05
2018-09-26,438.9206237792969,0.003294475741692205,1.0853570412598404e-05
2018-09-27,432.1219787597656,-0.0156106786614087,0.0002436932882697609
2018-09-28,437.58074951171875,0.01255335245044182,0.00015758665774501363
2018-10-01,433.5205078125,-0.009322156451582162,8.690260090777493e-05
2018-10-03,421.5272521972656,-0.02805467200345519,0.0007870646212214525
2018-10-04,421.7145080566406,0.00044413327536495874,1.9725436628640628e-07
2018-10-05,424.915283203125,0.0075612515156281875,5.717252448258956e-05
2018-10-08,423.1941833496094,-0.004058679413479581,1.6472878581402957e-05
2018-10-09,428.2107238769531,0.011784283924774234,0.00013886934761969243
2018-10-10,429.0362548828125,0.0019260056471609565,3.709497752895895e-06
2018-10-11,423.35882568359375,-0.013321318451867252,0.00017745752529605893
2018-10-12,437.5897521972656,0.03306172551547604,0.0010930776940606792
2018-10-15,435.6070861816406,-0.0045411740760754864,2.062226198922005e-05
2018-10-16,439.2882995605469,0.008415257785358827,7.081656359404235e-05
2018-10-17,438.7401428222656,-0.0012486083207267841,1.5590227385881597e-06
2018-10-19,433.4935607910156,-0.012030365915430389,0.00014472970405914927
2018-10-22,434.934814453125,0.0033192259175691095,1.1017260691862497e-05
2018-10-23,421.9173889160156,-0.030386634018049027,0.0009233475269468544
2018-10-24,430.11676025390625,0.01924717329289322,0.00037045367976666204
2018-10-25,430.29949951171875,0.0004247694263934786,1.8042906559864483e-07
2018-10-26,431.7070007324219,0.003265642361520396,1.066442003335651e-05
2018-10-29,436.83636474609375,0.011811554498591077,0.0001395128196731871
2018-10-30,438.4288024902344,0.003638758997420951,1.3240567041311926e-05
2018-10-31,457.8004150390625,0.04323588152612494,0.001869341451341112
2018-11-01,449.7545471191406,-0.01773133100719198,0.00031440009928660774
2018-11-02,461.4906921386719,0.025759901920329176,0.0006635725469449788
2018-11-05,466.13726806640625,0.010018272389599299,0.00010036578167220765
2018-11-06,458.35980224609375,-0.016825687295323216,0.0002831037529600011
2018-11-07,461.0733337402344,0.005902635583743258,3.484110683447212e-05
2018-11-09,461.3259582519531,0.0005477552297108631,3.000357916756004e-07
2018-11-12,456.749267578125,-0.009970269227714768,9.940626847311603e-05
2018-11-13,457.6311950683594,0.0019290170771161406,3.7211068838056985e-06
2018-11-14,468.9207458496094,0.02437015998830602,0.0005939046978556316
2018-11-15,472.05389404296875,0.006659392590329141,4.4347509672130666e-05
2018-11-16,482.1343994140625,0.02112975077975783,0.00044646636801467664
2018-11-19,466.58843994140625,-0.03277532795444304,0.0010742221225212953
2018-11-20,462.61846923828125,-0.008544910330855983,7.30154925623693e-05
2018-11-21,461.88092041015625,-0.0015955640270956938,2.545824564561828e-06
2018-11-22,464.8109130859375,0.006323574533583963,3.9987594881791635e-05
2018-11-26,471.57781982421875,0.014453451439301103,0.00020890225850823512
2018-11-27,474.51702880859375,0.0062133695041925435,3.8605960595629896e-05
2018-11-28,482.6508483886719,0.016996005758992978,0.00028886421175972245
2018-11-29,478.4892578125,-0.008659750136745793,7.499127243086877e-05
2018-11-30,485.6351623535156,0.014823886313878109,0.0002197476054467827
2018-12-03,484.76898193359375,-0.0017851956941007433,3.1869236662358347e-06
2018-12-04,477.7020263671875,-0.014685289237030835,0.0002156577199752537
2018-12-05,473.1659240722656,-0.009541044481449878,9.103152979700518e-05
2018-12-06,465.0862121582031,-0.017223326936465465,0.00029664299076037685
2018-12-07,469.3830871582031,0.009196461108097822,8.457489691275582e-05
2018-12-10,469.12603759765625,-0.0005477827763079451,3.0006597001964026e-07
2018-12-11,479.7568664550781,0.022407978129606806,0.000502117483856937
2018-12-12,491.5508117675781,0.024285867901544547,0.0005898033797312717
2018-12-13,498.4312744140625,0.013900399875360047,0.00019322111669490963
2018-12-14,497.948486328125,-0.0009690845654292948,9.391248949532851e-07
2018-12-17,506.3202819824219,0.016672806826132914,0.0002779824874615443
2018-12-18,502.84844970703125,-0.006880605519230508,4.734273231126533e-05
2018-12-19,506.488037109375,0.007211872799178782,5.201110927153481e-05
2018-12-20,509.12823486328125,0.005199215046495997,2.7031837099710376e-05
2018-12-21,499.0589904785156,-0.019975613562438523,0.0003990251371958778
2018-12-24,495.1133728027344,-0.00793753384713059,6.300444357434374e-05
2018-12-26,488.1649475097656,-0.01413341637534991,0.000199753458439009
2018-12-27,495.9972229003906,0.015916971784377267,0.00025334999078466204
2018-12-28,510.30914306640625,0.028446377233064684,0.0008091963776858208
2018-12-31,502.4335021972656,-0.01555340771063672,0.00024190849141329375
2019-01-01,499.2699279785156,-0.006316409910446737,3.989703415678976e-05
2019-01-02,500.1921691894531,0.0018454756319357588,3.4057803080686882e-06
2019-01-03,507.97705078125,0.015443907968549676,0.00023851429334103218
2019-01-04,491.8430480957031,-0.03227661326768193,0.001041779764031501
2019-01-07,488.89239501953125,-0.006017243487613405,3.6207219189225934e-05
2019-01-08,498.83245849609375,0.02012787068122842,0.0004051311781602546
2019-01-09,510.021240234375,0.022182087513015175,0.0004920450064350637
2019-01-10,517.4706420898438,0.01450042089961045,0.00021026220626585955
2019-01-11,510.9617614746094,-0.012658036639146693,0.00016022589155798012
2019-01-14,508.9516296386719,-0.003941774774541279,1.553758837320995e-05
2019-01-15,511.3989562988281,0.004797040129064592,2.301159399985604e-05
2019-01-16,501.1214599609375,-0.020301515230499296,0.00041215152065419487
2019-01-17,506.09814453125,0.009882105249562638,9.765600416343345e-05
2019-01-18,509.84661865234375,0.007379320740627091,5.4454374593049156e-05
2019-01-21,510.15716552734375,0.000608913200934753,3.7077528627260685e-07
2019-01-22,509.3096618652344,-0.0016626413622734695,2.7643762995425787e-06
2019-01-23,512.9060668945312,0.007036518353307297,4.9512590536430435e-05
2019-01-24,518.2319946289062,0.010330285140208536,0.00010671479107801329
2019-01-25,515.1589965820312,-0.0059474238330725765,3.53718502501997e-05
2019-01-28,514.9321899414062,-0.0004403622655109895,1.9391892488597123e-07
2019-01-29,516.67724609375,0.003383175368238015,1.144587557225243e-05
2019-01-30,516.5662231445312,-0.00021490181733813238,4.6182791095232014e-08
2019-01-31,521.1533203125,0.008840783762699455,7.815945753881034e-05
2019-02-01,523.8140258789062,0.0050924295884880975,2.5932839113709054e-05
2019-02-04,522.7805786132812,-0.0019748766085195724,3.900137618877768e-06
2019-02-05,526.12109375,0.006369570225407569,4.057142485639863e-05
2019-02-06,526.572021484375,0.0008567126647440235,7.339565899328057e-07
2019-02-07,531.027587890625,0.00842585932711487,7.099510540032866e-05
2019-02-08,509.5882873535156,-0.0412108544949743,0.0016983345282059437
2019-02-11,491.4941711425781,-0.03615303980009351,0.0013070422867871455
2019-02-12,488.7880859375,-0.0055210467381769735,3.0481957085134597e-05
2019-02-14,481.76251220703125,-0.014477754091267793,0.00020960536352722132
2019-02-15,477.531494140625,-0.008821165302905663,7.781295730118676e-05
2019-02-18,469.1007080078125,-0.01781263943820418,0.0003172901237554669
2019-02-19,476.6227111816406,0.015907741406588877,0.00025305623665890226
2019-02-20,476.91278076171875,0.0006084085835853907,3.7016100458038133e-07
2019-02-21,481.45208740234375,0.009473094721299933,8.973952359872064e-05
2019-02-22,484.3302917480469,0.005960375605884515,3.55260773632232e-05
2019-02-25,490.9570007324219,0.013589454136203011,0.00018467326371996514
2019-02-26,489.7219543457031,-0.00251875913777172,6.344147594108538e-06
2019-02-27,485.6107482910156,-0.008430416396005624,7.107192061004045e-05
2019-02-28,482.2589111328125,-0.006926243684409515,4.797285157582269e-05
2019-03-01,473.7398986816406,-0.017822695733090796,0.00031764848319433287
2019-03-05,476.1942138671875,0.005167349217761486,2.670149793830024e-05
2019-03-06,467.7998046875,-0.01778534670588384,0.0003163185574484932
2019-03-07,462.4786682128906,-0.011440003531313114,0.00013087368079645653
2019-03-08,457.5743713378906,-0.010661001300370196,0.000113656948726495
2019-03-11,466.53302001953125,0.019389368441117084,0.00037594760854538716
2019-03-12,472.70196533203125,0.01313629521695692,0.00017256225202704528
2019-03-13,486.0459289550781,0.02783802799450814,0.000774955802623019
2019-03-14,486.77117919921875,0.0014910312995620675,2.2231743362737477e-06
2019-03-15,466.40155029296875,-0.04274719577110326,0.0018273227462930284
2019-03-18,473.9573669433594,0.0160704155059553,0.00025825825453404855
2019-03-19,485.3070983886719,0.023664508617144524,0.0005600089680909074
2019-03-20,477.29119873046875,-0.016655098969296643,0.0002773923216770661
2019-03-22,480.4866638183594,0.006672689084348449,4.452477961638294e-05
2019-03-25,477.2073059082031,-0.006848473167977567,4.6901584732508687e-05
2019-03-26,484.62261962890625,0.015419484142929008,0.00023776049123403912
2019-03-27,493.6923522949219,0.018542070353599945,0.00034380837299784997
2019-03-28,501.90106201171875,0.01649045808812626,0.00027193520795624874
2019-04-01,494.7417297363281,-0.01436714434421697,0.00020641483660756565
2019-04-02,488.92413330078125,-0.01182853748291515,0.0001399142989847287
2019-04-03,498.757568359375,0.019912811930107483,0.0003965200789638309
2019-04-04,496.8585205078125,-0.0038148241593293345,1.4552883366602764e-05
2019-04-05,497.7151794433594,0.0017226659973799165,2.9675781385289423e-06
2019-04-08,491.81591796875,-0.01192348857184142,0.00014216957972283293
2019-04-09,489.0714416503906,-0.00559591976229551,3.131431798604944e-05
2019-04-10,490.0640869140625,0.0020275959247500206,4.111145234062891e-06
2019-04-11,487.8952941894531,-0.004435350428553413,1.967233342406894e-05
2019-04-12,497.4001159667969,0.0192939427707919,0.00037225622764259304
2019-04-15,497.2323913574219,-0.00033725945960891144,1.1374394309569497e-07
2019-04-16,505.6495361328125,0.016786307924022394,0.000281780133720097
2019-04-18,496.52301025390625,-0.01821398564604037,0.0003317492731141646
2019-04-22,493.14404296875,-0.006828519558926186,4.662867936663747e-05
2019-04-23,494.51727294921875,0.0027807728079133356,7.732697409230216e-06
2019-04-24,491.03619384765625,-0.0070642409475092875,4.990350016446692e-05
2019-04-25,491.6278076171875,0.001204101992398546,1.4498616080981478e-06
2019-04-26,497.2845458984375,0.011440447596745791,0.00013088384121388654
2019-04-30,495.4241638183594,-0.0037480969790855195,1.4048230964629997e-05
2019-05-02,481.086669921875,-0.029366851423331633,0.0008624119625200351
2019-05-03,476.36187744140625,-0.009869628705902045,9.740957079236569e-05
2019-05-06,471.8681640625,-0.009478178972517699,8.983587663507666e-05
2019-05-07,477.017578125,0.01085370848105056,0.00011780298779162887
2019-05-08,468.87908935546875,-0.017208411627855993,0.00029612943075372935
2019-05-09,471.7861633300781,0.006180909141420195,3.820363781449173e-05
2019-05-10,465.819580078125,-0.012727447195258085,0.0001619879121080829
2019-05-13,468.95654296875,0.006711713295186618,4.5047095356784817e-05
2019-05-14,464.33984375,-0.00989339922668258,9.787934825852346e-05
2019-05-15,467.5223388671875,0.006830425249017493,4.665470908241567e-05
2019-05-16,468.0687255859375,0.0011680034186430245,1.3642319859617922e-06
2019-05-17,476.4962158203125,0.017844646768518633,0.00031843141829320247
2019-05-20,490.2688293457031,0.028494090531866783,0.0008119131952382203
2019-05-21,483.0320129394531,-0.014870941145353572,0.0002211448905485698
2019-05-22,487.1911315917969,0.008573582587773897,7.350631838937976e-05
2019-05-23,491.5846862792969,0.008977713010552385,8.059933089984158e-05
2019-05-24,485.3471984863281,-0.0127697184420706,0.000163065709089758
2019-05-27,502.4753723144531,0.034682120422492344,0.0012028494770002604
2019-05-28,505.6146240234375,0.006228138098653185,3.8789704175895306e-05
2019-05-29,510.2038879394531,0.009035659589624465,8.164314421957255e-05
2019-05-30,515.417236328125,0.01016631418155323,0.00010335394403805033
2019-05-31,523.503173828125,0.015566352718623215,0.00024231133696058836
2019-06-03,532.07861328125,0.016248154749347155,0.00026400253275873247
2019-06-04,525.9732055664062,-0.011540976298087069,0.0001331941339130075
2019-06-06,528.2928466796875,0.004400492364389325,1.936433304904875e-05
2019-06-07,523.7649536132812,-0.008607741936408285,7.409322124380184e-05
2019-06-10,532.6226196289062,0.016770120798338735,0.0002812369515908734
2019-06-11,529.1875610351562,-0.006470215938747604,4.1863694294023534e-05
2019-06-12,532.49072265625,0.006222548450051161,3.872010921323411e-05
2019-06-13,528.7686767578125,-0.007014422979958989,4.9202129741776744e-05
2019-06-14,523.0888061523438,-0.010799801121261977,0.00011663570425881146
2019-06-17,522.7177124023438,-0.0007096795802875703,5.03645106677142e-07
2019-06-18,521.6593017578125,-0.0020268753381772644,4.1082236365112e-06
2019-06-19,528.6752319335938,0.013359618864933944,0.00017847941621629892
2019-06-20,533.5173950195312,0.009117360647396875,8.312626517470117e-05
2019-06-21,528.1837158203125,-0.010047505866421409,0.00010095237413577262
2019-06-24,533.2418823242188,0.009530964398651047,9.083928236835372e-05
2019-06-25,532.9618530273438,-0.0005252829155048789,2.7592214132130573e-07
2019-06-26,537.3623046875,0.008222698557823496,6.76127715728326e-05
2019-06-27,537.3782348632812,2.9644691339342157e-05,8.788077246048679e-10
2019-06-28,542.3753051757812,0.009256012235445614,8.56737625027189e-05
2019-07-01,540.378662109375,-0.003688086841379775,1.3601984549558646e-05
2019-07-02,544.754150390625,0.008064472743626257,6.503572063269081e-05
2019-07-03,538.1205444335938,-0.012251997336734,0.00015011143873933704
2019-07-04,541.093505859375,0.00550950748879335,3.0354672769070005e-05
2019-07-05,544.3922119140625,0.006077862021208796,3.694040674885227e-05
2019-07-08,537.3146362304688,-0.013086127163596735,0.0001712467241418243
2019-07-09,532.1060180664062,-0.009741086128603756,9.48887589648765e-05
2019-07-10,525.8865966796875,-0.011757157739689461,0.0001382307581159398
2019-07-11,523.8993530273438,-0.003786002330531179,1.4333813646787518e-05
2019-07-12,531.4275512695312,0.014267287058829792,0.00020355548001905205
2019-07-15,522.8817749023438,-0.01621149185652975,0.00026281246821433044
2019-07-16,533.0894775390625,0.019333898684772716,0.0003737996383530562
2019-07-17,532.4862060546875,-0.0011322922587614194,1.2820857592510371e-06
2019-07-18,527.9945678710938,-0.008470997595000111,7.175780025449766e-05
2019-07-19,525.7317504882812,-0.004294892937061482,1.8446105340820603e-05
2019-07-22,514.6978149414062,-0.02121114124886512,0.0004499125130793073
2019-07-23,522.2579345703125,0.01458163202668293,0.00021262399256158536
2019-07-24,522.6744995117188,0.0007973050694699414,6.356953738024681e-07
2019-07-25,523.362060546875,0.001314602491784558,1.7281797114061688e-06
2019-07-26,529.2012939453125,0.01109537640235304,0.0001231073775098927
2019-07-29,529.0645141601562,-0.0002584979782399645,6.682120475414917e-08
2019-07-30,525.2538452148438,-0.007228718925533533,5.2254377304366676e-05
2019-07-31,531.5982666015625,0.012006405683365601,0.0001441537774335538
2019-08-01,525.7295532226562,-0.011101142972257724,0.00012323537529050705
2019-08-02,519.5603637695312,-0.011803923454045006,0.00013933260890895376
2019-08-05,533.2783203125,0.026060465137370696,0.0006791478431761134
2019-08-06,538.9580688476562,0.010594308711705008,0.00011223937707890862
2019-08-07,536.2218017578125,-0.005089888812121579,2.590696811976042e-05
2019-08-08,539.0810546875,0.005318054632252465,2.82817050716219e-05
2019-08-09,555.57470703125,0.03013714678483,0.0009082476163303892
2019-08-13,550.9491577148438,-0.00836055399640713,6.989886312683923e-05
2019-08-14,557.5783081054688,0.01196042429403277,0.00014305174929328928
2019-08-16,556.0889282226562,-0.002674732132132175,7.15419197866033e-06
2019-08-19,558.9703369140625,0.005168182885083001,2.6710114333664854e-05
2019-08-20,554.4860229492188,-0.008054807303861258,6.487992070233666e-05
2019-08-21,583.4058837890625,0.050841542836874636,0.0025848624780337587
2019-08-22,577.6572875976562,-0.009902377936388798,9.805708879507967e-05
2019-08-23,576.2049560546875,-0.002517340900806842,6.337005210875003e-06
2019-08-26,574.0139770507812,-0.0038096776027050565,1.4513643436552547e-05
2019-08-27,577.76611328125,0.00651539219203644,4.24503354160494e-05
2019-08-28,579.85302734375,0.003605531819682947,1.2999859702746223e-05
2019-08-29,589.0924072265625,0.01580838937871854,0.0002499051747491812
2019-08-30,596.4276123046875,0.012374820440221838,0.0001531361809277322
2019-09-03,587.892333984375,-0.014414054452424399,0.00020776496575745565
2019-09-04,578.1552124023438,-0.016701459472262894,0.00027893874850363993
2019-09-05,584.2421264648438,0.010473130824621979,0.00010968646926964706
2019-09-06,584.3256225585938,0.00014290330014990916,2.0421353193735025e-08
2019-09-09,594.6278686523438,0.017477378729247192,0.0003054587672455422
2019-09-11,591.04248046875,-0.006047885257115142,3.6576916083230686e-05
2019-09-12,581.6828002929688,-0.015962611311551782,0.0002548049598836809
2019-09-13,587.8161010742188,0.010488863228870191,0.00011001625183394522
2019-09-16,594.8410034179688,0.011880002983442885,0.00014113447088661186
2019-09-17,591.2880249023438,-0.005990898220021971,3.589086148266242e-05
2019-09-18,596.1405029296875,0.008173131983506972,6.680008641982461e-05
2019-09-19,588.0755004882812,-0.013621040606185771,0.00018553274719536163
2019-09-20,625.3428955078125,0.061444790258217453,0.0037754622498763343
2019-09-23,635.2468872070312,0.01571358997632955,0.0002469169099442045
2019-09-24,622.160400390625,-0.020815784145503835,0.00043329686959220885
2019-09-25,623.4482421875,0.0020678120105106263,4.275846510811998e-06
2019-09-26,645.5029907226562,0.03476409351737819,0.0012085421980850164
2019-09-27,636.530029296875,-0.013998247793730746,0.0001959509412946877
2019-09-30,643.4207763671875,0.010767310138642837,0.00011593496762172083
2019-10-01,633.7808227539062,-0.015095716576722644,0.0002278806589647388
2019-10-03,635.0916748046875,0.0020661690116933183,4.2690543848817436e-06
2019-10-04,622.6375732421875,-0.019804753129574935,0.0003922282465234082
2019-10-07,630.158203125,0.0120062988186781,0.00014415121132339113
2019-10-09,641.9685668945312,0.01856843733520608,0.000344786865071475
2019-10-10,640.1873168945312,-0.0027785250896378063,7.72020167374678e-06
2019-10-11,650.033447265625,0.015263002719318568,0.000232959252009926
2019-10-14,656.361328125,0.009687623477723544,9.385004864614041e-05
2019-10-15,652.5535278320312,-0.005818271551472739,3.385228384667699e-05
2019-10-16,664.8153686523438,0.018616190158345196,0.0003465625360116685
2019-10-17,672.4749755859375,0.01145553877689194,0.00013122936866887487
2019-10-18,687.2338256835938,0.021709692172856357,0.00047131073424018055
2019-10-22,695.78271484375,0.012362828344239645,0.00015283952466913517
2019-10-23,694.0687866210938,-0.002466348512270047,6.082874983976673e-06
2019-10-24,679.3842163085938,-0.021384248116770737,0.0004572860675196128
2019-10-25,685.7467651367188,0.00932158889625147,8.689201955071869e-05
2019-10-27,686.2122192382812,0.0006785248316039848,4.603959471032159e-07
2019-10-29,680.9476318359375,-0.0077015331016184975,5.931361211532543e-05
2019-10-30,693.36474609375,0.018070785593603728,0.000326553291969996
2019-10-31,692.4011840820312,-0.0013906564536257195,1.933925372010863e-06
2019-11-01,692.9940795898438,0.0008559225797228624,7.326034624794399e-07
2019-11-04,686.2100830078125,-0.009837631698458985,9.6778997434525e-05
2019-11-05,678.65234375,-0.011074840009057943,0.00012265208122623053
2019-11-06,678.6267700195312,-3.768381935936611e-05,1.4200702415093359e-09
2019-11-07,681.4803466796875,0.004196111926941646,1.760735530342193e-05
2019-11-08,670.3649291992188,-0.016445177840577883,0.00027044387420823384
2019-11-11,653.556396484375,-0.025393406077310075,0.0006448250722071682
2019-11-13,659.337646484375,0.008806936703060693,7.756213409171755e-05
2019-11-14,659.2495727539062,-0.0001335880240832731,1.7845760178473153e-08
2019-11-15,662.2236328125,0.0045011356527311225,2.0260222164287227e-05
2019-11-18,652.49560546875,-0.014798908546521617,0.00021900769416831057
2019-11-19,653.9569702148438,0.0022371502537251015,5.004841257742286e-06
2019-11-20,659.1245727539062,0.00787099513439803,6.195256440571745e-05
2019-11-21,656.8453369140625,-0.003463966922278644,1.199906683864058e-05
2019-11-22,656.4769897460938,-0.0005609394893391562,3.1465311070007335e-07
2019-11-25,671.0830078125,0.022005193702869193,0.00048422854990079397
2019-11-26,672.8247680664062,0.0025920844575714214,6.71890183518333e-06
2019-11-27,674.598876953125,0.002633336469170036,6.934460959860913e-06
2019-11-28,679.08544921875,0.0066287074572902935,4.393976255433595e-05
2019-11-29,669.5613403320312,-0.014124183281175918,0.0001994925533602493
2019-12-02,674.3651123046875,0.007148891848866114,5.110665466678436e-05
2019-12-03,664.9080200195312,-0.014122958562228472,0.0001994579585504225
2019-12-04,662.71923828125,-0.0032972865051543116,1.0872098297072734e-05
2019-12-05,661.9502563476562,-0.0011610171791401225,1.3479608902584874e-06
2019-12-06,656.2362060546875,-0.008669617305263562,7.516226421972543e-05
2019-12-09,659.3027954101562,0.004662111737447829,2.173528585244882e-05
2019-12-10,655.3129272460938,-0.0060700330080502955,3.684530071882012e-05
2019-12-11,654.11767578125,-0.001825605410542657,3.3328351150026234e-06
2019-12-12,658.2543334960938,0.006304114055256453,3.974185402168196e-05
2019-12-13,665.0739135742188,0.010306800997457797,0.00010623014680119703
2019-12-16,658.100830078125,-0.01054002592476046,0.0001110921464946226
2019-12-17,657.9844970703125,-0.0001767864221501826,3.125343905666257e-08
2019-12-18,659.935302734375,0.002960433691211075,8.76416764005763e-06
2019-12-19,664.3206176757812,0.0066230868279473915,4.386527913053024e-05
2019-12-20,690.9600830078125,0.03931716422255478,0.0015458394025033417
2019-12-23,675.811767578125,-0.02216746816580145,0.0004913966448818208
2019-12-24,678.2994384765625,0.0036742531720758745,1.3500136372509627e-05
2019-12-26,678.9157104492188,0.0009081419633408702,8.247218255806104e-07
2019-12-27,681.9337158203125,0.004435480165142739,1.967348429537466e-05
2019-12-30,690.6649169921875,0.012722319154770031,0.00016185740467582844
2019-12-31,687.5700073242188,-0.004491128203835641,2.017023254328795e-05
2020-01-01,687.2770385742188,-0.000426183778491422,1.8163261304922545e-07
2020-01-02,684.9658203125,-0.003368529749961931,1.134699267637859e-05
2020-01-03,678.6529541015625,-0.00925905601998817,8.573011838127918e-05
2020-01-06,670.4241333007812,-0.012199336763006389,0.0001488238174572392
2020-01-07,664.5693359375,-0.008771331149287622,7.693625013046332e-05
2020-01-08,669.242919921875,0.007007887490402826,4.9110487078144415e-05
2020-01-09,680.9711303710938,0.01737280903549831,0.00030181449378389167
2020-01-10,682.94287109375,0.0028912997360845674,8.359614163882688e-06
2020-01-13,681.6593627929688,-0.0018811469707518827,3.5387139255689848e-06
2020-01-14,691.4415283203125,0.01424852476377447,0.0002030204579438943
2020-01-15,691.0508422851562,-0.0005651908883739402,3.1944074030092375e-07
2020-01-16,714.0559692382812,0.03274794865864376,0.0010724281413491674
2020-01-17,717.98779296875,0.005491219911124565,3.0153496112330874e-05
2020-01-20,716.95556640625,-0.001438700327511854,2.069858632382716e-06
2020-01-21,710.6078491210938,-0.008893137848299985,7.908790078886568e-05
2020-01-22,723.0684204101562,0.017383122428585196,0.0003021729453671817
2020-01-23,723.075439453125,9.707254117076169e-06,9.423078249349224e-11
2020-01-24,732.6853637695312,0.013202806244216986,0.00017431409272233503
2020-01-27,728.5255126953125,-0.00569371933812448,3.241843990133266e-05
2020-01-28,716.927734375,-0.016047599237585978,0.0002575254412901701
2020-01-29,737.8587036132812,0.028777301108547832,0.0008281330590920282
2020-01-30,721.77099609375,-0.022044439096280816,0.00048595729506963417
2020-01-31,714.2675170898438,-0.010450342692895985,0.00010920966239896451
2020-02-03,758.0529174804688,0.05949562922295435,0.0035397298966352597
2020-02-04,765.2424926757812,0.009439572302527994,8.910552525465366e-05
2020-02-05,761.9522094726562,-0.004308930995313399,1.8566886322372522e-05
2020-02-06,757.3065185546875,-0.006115752784258743,3.740243211816857e-05
2020-02-07,759.29931640625,0.00262797221600866,6.9062379681134665e-06
2020-02-10,752.063232421875,-0.009575649841878302,9.169306989426395e-05
2020-02-11,743.9228515625,-0.010883070762166767,0.00011844122921432913
2020-02-12,757.8994750976562,0.018613422923013326,0.000346459512910958
2020-02-13,763.2241821289062,0.007001046568424777,4.9014653053252346e-05
2020-02-14,760.6314697265625,-0.0034028353026744813,1.1579288097127728e-05
2020-02-17,771.4203491210938,0.014084455384697277,0.00019837188348352812
2020-02-18,762.8358764648438,-0.011190519676447144,0.0001252277306289507
2020-02-19,780.5629272460938,0.022972455762755643,0.0005277337237717649
2020-02-20,769.1439819335938,-0.014737176316558416,0.0002171843657853303
2020-02-24,759.7387084960938,-0.01230361510765039,0.00015137894471720293
2020-02-25,761.7500610351562,0.0026439284351140657,6.990357570004712e-06
2020-02-26,755.2233276367188,-0.008604994287039733,7.404592667998645e-05
2020-02-27,756.3206787109375,0.0014519607267745006,2.108189952095536e-06
2020-02-28,733.7713012695312,-0.03026806301853053,0.0009161556388937354
2020-03-02,749.1683349609375,0.02076630312990617,0.00043123934568315076
2020-03-03,760.7687377929688,0.015365714616058814,0.00023610518566216348
2020-03-04,769.2372436523438,0.011070012069369903,0.0001225451672159953
2020-03-05,770.8554077148438,0.0021013861166391365,4.415823611203711e-06
2020-03-06,764.019287109375,-0.008907783588479337,7.934860845918182e-05
2020-03-09,745.513427734375,-0.024519887996717917,0.0006012249073715914
2020-03-11,746.3133544921875,0.0010724124864989466,1.1500685411988534e-06
2020-03-12,723.85205078125,-0.0305585364914066,0.0009338241524966288
2020-03-13,697.1707763671875,-0.03755662469614255,0.0014105000585669044
2020-03-16,669.519775390625,-0.04046969481131743,0.0016377961981211729
2020-03-17,676.2068481445312,0.009938315371204893,9.877011241752745e-05
2020-03-18,629.5081176757812,-0.07156026878217085,0.005120872068176536
2020-03-19,610.1394653320312,-0.03125118610841153,0.0009766366331825738
2020-03-20,657.8147583007812,0.07523580662425708,0.005660426598402606
2020-03-23,601.9708862304688,-0.08871428695527948,0.007870224709983671
2020-03-24,626.7899780273438,0.04040243885047164,0.0016323570650661004
2020-03-25,671.7006225585938,0.06920121786621747,0.0047888085541676955
2020-03-26,693.8154296875,0.032393234563873836,0.0010493216455101505
2020-03-27,702.6021728515625,0.012584858737344,0.0001583786694389036
2020-03-30,728.1813354492188,0.03575927192129726,0.0012787255283412788
2020-03-31,758.034423828125,0.0401786942973081,0.0016143274754365387
2020-04-01,727.9909057617188,-0.040440242599351216,0.0016354132214943808
2020-04-03,702.41845703125,-0.035759236962833715,0.001278723028164093
2020-04-07,792.356201171875,0.12048172059179212,0.014515844996758665
2020-04-08,784.5714721679688,-0.009873366262188777,9.748336134732759e-05
2020-04-09,783.1043090820312,-0.0018717690632695679,3.5035194262130355e-06
2020-04-13,771.9551391601562,-0.01433946589644811,0.00020562028219539837
2020-04-15,805.71435546875,0.04280284357131722,0.001832083417790652
2020-04-16,832.1912231445312,0.03233296791185062,0.0010454208139887618
2020-04-17,805.6400756835938,-0.032425163376452154,0.001051391219989614
2020-04-20,789.4614868164062,-0.020286035780874217,0.000411523247702909
2020-04-21,791.272705078125,0.0022916174821067973,5.251510684297497e-06
2020-04-22,820.4163818359375,0.036169325858920895,0.0013082201330888038
2020-04-23,810.8366088867188,-0.011745428986178084,0.00013795510206935234
2020-04-24,809.441650390625,-0.0017218756503838582,2.9648557553848345e-06
2020-04-27,834.7743530273438,0.030816762964692206,0.0009496728796220251
2020-04-28,817.049560546875,-0.021461697790916723,0.00046060447206863975
2020-04-29,813.3316040039062,-0.004560851252071011,2.080136414351771e-05
2020-04-30,833.5582885742188,0.0245647286561291,0.0006034258939492502
2020-05-04,811.7853393554688,-0.026467687235662354,0.000700538467604844
2020-05-05,810.1600341796875,-0.0020041435997987,4.016591568614093e-06
2020-05-06,804.9425048828125,-0.006460948850808388,4.1743860052762234e-05
2020-05-07,797.183349609375,-0.0096861503311043,9.382150823675193e-05
2020-05-08,827.8987426757812,0.037806153421752114,0.001429305236549059
2020-05-11,816.6984252929688,-0.013620953224300505,0.00018553036673858234
2020-05-12,812.0411987304688,-0.005718826001003143,3.2704970829749596e-05
2020-05-13,767.8814697265625,-0.05591569128431364,0.0031265645318026684
2020-05-14,755.3325805664062,-0.016477228626003645,0.00027149906319359394
2020-05-15,764.693603515625,0.01231707900037903,0.00015171043510157808
2020-05-18,755.2324829101562,-0.012449609083083523,0.00015499276632159576
2020-05-19,751.0448608398438,-0.005560241447556115,3.091628495512092e-05
2020-05-20,758.1646728515625,0.009435223766987511,8.9023447533126e-05
2020-05-21,757.7948608398438,-0.0004878916763087884,2.3803828781139955e-07
2020-05-22,754.060546875,-0.004940051198239647,2.4404105841228972e-05
2020-05-26,774.5221557617188,0.026773600303993388,0.0007168256732379948
2020-05-27,777.3751220703125,0.003676750469673617,1.3518494016245165e-05
2020-05-28,790.0543823242188,0.016178765023997226,0.00026175243770171593
2020-05-29,815.7079467773438,0.03195460106162334,0.0010210965290074992
2020-06-01,799.0899047851562,-0.02058292146884696,0.00042365665619272105
2020-06-02,791.2308349609375,-0.009883709123034616,9.76877060287577e-05
2020-06-03,809.5114135742188,0.02284112060743528,0.0005217167906034046
2020-06-04,799.7015380859375,-0.0121922918894135,0.00014865198151665823
2020-06-05,795.0628051757812,-0.005817468909577465,3.384294451390041e-05
2020-06-08,782.9415283203125,-0.01536309502740757,0.0002360246888211552
2020-06-09,769.7508544921875,-0.016991119833153448,0.00028869815318458046
2020-06-10,768.9207153320312,-0.0010790337028145133,1.1643137318095993e-06
2020-06-11,775.2010498046875,0.008134551621140844,6.617093007700513e-05
2020-06-12,769.9757080078125,-0.006763448504574835,4.574423567403557e-05
2020-06-15,765.494873046875,-0.005836448755012113,3.4064134069882445e-05
2020-06-16,762.7782592773438,-0.0035551454427337876,1.2639059118990818e-05
2020-06-17,756.0593872070312,-0.008847444509587321,7.827727435022685e-05
2020-06-18,755.1631469726562,-0.001186112990216219,1.4068640255596604e-06
2020-06-19,751.23779296875,-0.0052115778533931385,2.7160543721977833e-05
2020-06-22,753.3826293945312,0.0028510019493412225,8.12821211514745e-06
2020-06-23,772.4097900390625,0.0249419865978378,0.0006221026954467204
2020-06-24,779.8546752929688,0.009592363293601702,9.201343355643728e-05
2020-06-25,783.5443115234375,0.004720027467834023,2.227865929710766e-05
2020-06-26,778.433349609375,-0.006544242317762389,4.2827107513592045e-05
2020-06-29,780.643310546875,0.002834963121573,8.037015900678929e-06
2020-06-30,801.62890625,0.026527453501786848,0.0007037057892894633
2020-07-01,784.0973510742188,-0.022112605441335358,0.0004889673194041741
2020-07-02,783.654052734375,-0.0005655212307018148,3.1981426237449524e-07
2020-07-03,779.2781982421875,-0.005599559319623799,3.1355064573985746e-05
2020-07-06,784.244384765625,0.006352582659690017,4.035530644819429e-05
2020-07-07,789.3975219726562,0.006549337056623124,4.2893815881256846e-05
2020-07-08,784.2467651367188,-0.00654630181974086,4.28540675151425e-05
2020-07-09,782.2421264648438,-0.002559405019612426,6.550554054417283e-06
2020-07-10,785.6961669921875,0.004405844450751574,1.941146532421844e-05
2020-07-13,791.4721069335938,0.007324476226350954,5.3647951990380315e-05
2020-07-14,788.62255859375,-0.00360681102364239,1.3009085760268263e-05
2020-07-15,789.2271728515625,0.000766377526776564,5.873345135481631e-07
2020-07-16,816.6209716796875,0.034120855822869854,0.0011642328020850716
2020-07-17,804.2192993164062,-0.015303067929536803,0.00023418388805601783
2020-07-20,805.01513671875,0.0009890882886955993,9.782956428347892e-07
2020-07-21,806.35009765625,0.0016569319164158234,2.7454233756374132e-06
2020-07-22,800.573974609375,-0.0071890738631924436,5.1682783010436726e-05
2020-07-23,805.453857421875,0.00607697791142278,3.692966053592037e-05
2020-07-24,805.2415771484375,-0.00026358834837472976,6.94788173989179e-08
2020-07-27,809.8345336914062,0.005687619169898802,3.234901182180034e-05
2020-07-28,797.9391479492188,-0.014797608565820103,0.00021896921926723247
2020-07-29,774.7156372070312,-0.029536296550493245,0.0008723928139186791
2020-07-30,771.2686157226562,-0.004459330281046167,1.988562655545529e-05
2020-07-31,771.1845703125,-0.00010897628660671924,1.1875831042589815e-08
2020-08-03,771.3060302734375,0.0001574855122519016,2.4801686569243852e-08
2020-08-04,773.8823852539062,0.003334683773222776,1.112011586739529e-05
2020-08-05,770.3048095703125,-0.004633611904785876,2.1470359284173392e-05
2020-08-06,778.4169311523438,0.010475988756699963,0.00010974634043050405
2020-08-07,783.6189575195312,0.006660596771937729,4.43635493583473e-05
2020-08-10,777.8848876953125,-0.007344324659825166,5.3939104708916044e-05
2020-08-11,775.8802490234375,-0.0025803639646530844,6.6582781900801845e-06
2020-08-12,772.0550537109375,-0.004942329426976076,2.4426620164753664e-05
2020-08-13,768.9442138671875,-0.004037437440744514,1.6300901087925613e-05
2020-08-14,763.3665161132812,-0.007280145312337573,5.300051576875074e-05
2020-08-17,766.5497436523438,0.0041613155129041545,1.7316546797936768e-05
2020-08-18,772.6968383789062,0.007987189938095695,6.379520310721712e-05
2020-08-19,762.94873046875,-0.012695948917742313,0.0001611871189219222
2020-08-20,756.7034301757812,-0.008219427596898652,6.755899002065914e-05
2020-08-21,773.0400390625,0.021359437459607757,0.00045622556859089506
2020-08-24,769.1588134765625,-0.0050333765632655895,2.533487962763132e-05
2020-08-25,760.262451171875,-0.011633763501970271,0.0001353444532197756
2020-08-26,755.68115234375,-0.006044173100507944,3.653202846890381e-05
2020-08-27,752.11767578125,-0.004726735597131411,2.234202940518924e-05
2020-08-28,751.5364990234375,-0.0007730192174389153,5.97558710529873e-07
2020-08-31,744.455810546875,-0.009466280416685926,8.961046492733146e-05
2020-09-01,756.0010375976562,0.015389252837191177,0.00023682910288699667
2020-09-02,746.4628295898438,-0.0126969258365327,0.0001612119256984116
2020-09-03,765.1890869140625,0.024777152895413986,0.0006139073056027216
2020-09-04,757.6674194335938,-0.009878447004085042,9.758371521251674e-05
2020-09-07,765.6442260742188,0.010473076307883746,0.00010968532735075583
2020-09-08,752.7152099609375,-0.01703065598663046,0.00029004324333495193
2020-09-09,761.3966064453125,0.011467437906866194,0.00013150213214783172
2020-09-10,766.447021484375,0.006611191540754848,4.3707853588548457e-05
2020-09-11,761.99658203125,-0.005823508332641803,3.391324930034851e-05
2020-09-14,750.6986694335938,-0.014937738010176097,0.00022313601686065973
2020-09-15,748.7220458984375,-0.0026365177697505607,6.951225950210471e-06
2020-09-16,756.0430908203125,0.009730558621384718,9.468377108420446e-05
2020-09-17,752.474609375,-0.004731118635335565,2.2383483541619457e-05
2020-09-18,750.8736572265625,-0.002129849468947037,4.536258760373976e-06
2020-09-21,720.2404174804688,-0.04165233544964369,0.0017349170484096442
2020-09-22,709.4351196289062,-0.015116022224481463,0.0002284941278910175
2020-09-23,717.2205200195312,0.010914305398607091,0.00011912206233406388
2020-09-24,712.2168579101562,-0.0070009118602299605,4.901276687470853e-05
2020-09-25,734.5255737304688,0.030842372129828294,0.0009512519185948091
2020-09-28,733.7320556640625,-0.0010808976950341972,1.1683398271302405e-06
2020-09-29,729.113525390625,-0.006314467745977116,3.987250291498532e-05
2020-09-30,743.0135498046875,0.01888483372259073,0.00035663694472990007
2020-10-01,746.833984375,0.005128636127800099,2.6302908531376396e-05
2020-10-05,748.3577880859375,0.002038272637081251,4.154555343074156e-06
2020-10-06,741.0626220703125,-0.00979605798936301,9.596275213096286e-05
2020-10-07,752.1502685546875,0.014850997251498247,0.00022055211936400848
2020-10-08,761.0279541015625,0.011733961373076236,0.00013768584950484515
2020-10-09,748.4021606445312,-0.0167296091521058,0.00027987982238222213
2020-10-12,742.24560546875,-0.008260288341830558,6.823236349018184e-05
2020-10-13,731.5475463867188,-0.014517976246330154,0.0002107716342890066
2020-10-14,731.5499877929688,3.3373116870495357e-06,1.1137649296517418e-11
2020-10-15,728.2686767578125,-0.004495512546879842,2.020963305915408e-05
2020-10-16,720.2171630859375,-0.01111725966030438,0.00012359346235463106
2020-10-19,751.1583862304688,0.0420637480373449,0.0017693588989492373
2020-10-20,758.5985717773438,0.009856216576740223,9.714500520760875e-05
2020-10-21,748.2506103515625,-0.013734784106670317,0.00018864429445684353
2020-10-22,742.5841064453125,-0.0076018235022867,5.778772055991843e-05
2020-10-23,740.5304565429688,-0.002769376373373901,7.66944549740158e-06
2020-10-26,758.9158935546875,0.024524196512383318,0.000601436214577994
2020-10-27,804.214599609375,0.057975189425951305,0.003361122588974936
2020-10-28,799.0477294921875,-0.006445467982522433,4.1544057513721806e-05
2020-10-29,793.7056274414062,-0.006708034309744724,4.499772430071237e-05
2020-10-30,807.3961181640625,0.017101754376441205,0.0002924700027521259
2020-11-02,805.2012939453125,-0.0027220998341443174,7.40982750704852e-06
2020-11-03,794.7357788085938,-0.0130825950378566,0.00017115429292455014
2020-11-04,799.6567993164062,0.006172929053523392,3.81050530998332e-05
2020-11-05,810.2047729492188,0.013104387060309064,0.00017172496022639563
2020-11-06,800.106201171875,-0.012542551504475993,0.000157315598242433
2020-11-09,815.4127807617188,0.018949994163587506,0.00035910227880000053
2020-11-10,781.1980590820312,-0.04286575002023541,0.001837472524797312
2020-11-11,785.56640625,0.005576279758781651,3.109489594819795e-05
2020-11-12,786.5543823242188,0.0012568706062026434,1.5797237207362003e-06
2020-11-13,791.5908203125,0.0063827524594873486,4.0739528959091796e-05
2020-11-14,792.1788940429688,0.0007426253351921917,5.514923884693151e-07
2020-11-17,798.986572265625,0.008556897324904068,7.322049182895039e-05
2020-11-18,793.7994995117188,-0.006513230097929913,4.242216630858011e-05
2020-11-19,796.6954345703125,0.003641556092723179,1.3260930776449308e-05
2020-11-20,821.4537353515625,0.03060315266310522,0.0009365529529213242
2020-11-23,836.7909545898438,0.01849866511977625,0.00034220061121362645
2020-11-24,831.6721801757812,-0.0061359347622580085,3.764969540668624e-05
2020-11-25,824.2670288085938,-0.008943807465266043,7.999169197574859e-05
2020-11-26,834.6995239257812,0.012577267002700185,0.0001581876452572109
2020-11-27,841.615478515625,0.008251425083841099,6.808601591424208e-05
2020-12-01,819.4658813476562,-0.026670469768394874,0.000711313957666865
2020-12-02,812.3289794921875,-0.008747358548696661,7.651628157945655e-05
2020-12-03,822.947265625,0.012986717564739817,0.00016865483310632168
2020-12-04,838.7809448242188,0.019057458749194397,0.00036318673397724605
2020-12-07,826.2594604492188,-0.015040740620285629,0.00022622387840671011
2020-12-08,824.2315673828125,-0.002457322157650335,6.038432186479299e-06
2020-12-09,826.5699462890625,0.002833024383457913,8.026027157267087e-06
2020-12-10,863.433349609375,0.04363216509483674,0.0019037658308630899
2020-12-11,865.71044921875,0.002633790118835712,6.936850390076635e-06
2020-12-14,874.6821899414062,0.010310110482083096,0.00010629837815275973
2020-12-15,855.774169921875,-0.021854087734457465,0.00047760115070536423
2020-12-16,862.0572509765625,0.007315163753996917,5.351162074779027e-05
2020-12-17,861.205810546875,-0.000988172401513297,9.764846951125569e-07
2020-12-18,863.9061889648438,0.003130672819262903,9.801112301271533e-06
2020-12-21,855.9013061523438,-0.009309112378512752,8.665957327577934e-05
2020-12-22,872.8826904296875,0.019646098643133686,0.00038596919189573927
2020-12-23,881.3112182617188,0.009609647658032315,9.234532811152596e-05
2020-12-24,873.4849243164062,-0.00891994875900737,7.956548586331711e-05
2020-12-28,874.943359375,0.0016682816337996482,2.7831636096732234e-06
2020-12-29,859.1968383789062,-0.018161108098310497,0.00032982584735851913
2020-12-30,864.682373046875,0.006364196686924483,4.050299946986057e-05
2020-12-31,865.2000122070312,0.0005984674796608078,3.581633242115594e-07
2021-01-01,868.0439453125,0.003281633431175105,1.0769117976606093e-05
2021-01-04,864.6212768554688,-0.003950760787642548,1.5608510801173966e-05
2021-01-05,873.1038818359375,0.009762962013712332,9.531542728118994e-05
2021-01-06,871.0808715820312,-0.0023197211844802603,5.381106373726502e-06
2021-01-07,852.8289184570312,-0.02117585881334218,0.0004484169964826017
2021-01-08,861.2481079101562,0.009823662566931832,9.65043462289377e-05
2021-01-11,865.256591796875,0.00464347544484342,2.15618642068638e-05
2021-01-12,846.7976684570312,-0.021564314959402964,0.00046501967966833046
2021-01-13,847.7481079101562,0.0011217632076345122,1.2583526940024698e-06
2021-01-14,853.0784301757812,0.006267940436392069,3.92870773141588e-05
2021-01-15,839.0302734375,-0.016604700965181962,0.00027571609414311476
2021-01-18,829.4656982421875,-0.011465032133081325,0.00013144696181258733
2021-01-19,835.2994995117188,0.007008586144414581,4.912027974368004e-05
2021-01-20,831.8461303710938,-0.004142858329811012,1.7163275140884487e-05
2021-01-21,833.4928588867188,0.0019776502717551614,3.911100597373264e-06
2021-01-22,827.531982421875,-0.007177378574969346,5.151476320842901e-05
2021-01-25,819.3295288085938,-0.00996139794914499,9.922944910123002e-05
2021-01-27,825.1091918945312,0.007029373380622078,4.9412090124198266e-05
2021-01-28,818.031005859375,-0.008615491030286799,7.422668569295228e-05
2021-01-29,802.6162109375,-0.01902358470083219,0.0003618967748697366
2021-02-01,803.91943359375,0.0016224015278424278,2.6321867175454443e-06
2021-02-02,808.7464599609375,0.005986411447072872,3.583712201364512e-05
2021-02-03,807.6219482421875,-0.0013914054425527944,1.9360091055655377e-06
2021-02-04,803.2747802734375,-0.005397215655752216,2.9129936834696823e-05
2021-02-05,805.2389526367188,0.0024422214114318904,5.964445422456374e-06
2021-02-08,810.0589599609375,0.005967966147482611,3.561661993749844e-05
2021-02-09,814.798828125,0.0058342110225924676,3.403801825613945e-05
2021-02-10,808.1370849609375,-0.008209542379586578,6.739658608222805e-05
2021-02-11,819.1884155273438,0.013582409247629783,0.00018448184097009904
2021-02-12,813.6392211914062,-0.006797062440096096,4.62000578145651e-05
2021-02-15,822.3687133789062,0.010671800363662116,0.00011388732300185888
2021-02-16,810.0142211914062,-0.015137046368059527,0.0002291301727487841
2021-02-17,787.61767578125,-0.028039015438994078,0.0007861863867881483
2021-02-18,769.904541015625,-0.02274625464429732,0.0005173921003432174
2021-02-19,770.455078125,0.0007148163662250024,5.109624374231167e-07
2021-02-22,757.2772827148438,-0.017251872887468947,0.0002976271181253861
2021-02-23,760.7422485351562,0.004565121550240555,2.0840334768470723e-05
2021-02-24,769.031982421875,0.010837958781650048,0.00011746135055274541
2021-02-25,758.1052856445312,-0.014310283002191329,0.00020478419960280608
2021-02-26,757.5266723632812,-0.0007635274596878527,5.829741816973855e-07
2021-03-01,766.5054321289062,0.011783037408657385,0.00013883997057381934
2021-03-02,779.8525390625,0.017263064114066865,0.0002980133826063832
2021-03-03,785.6441650390625,0.007399124359993722,5.474704129465251e-05
2021-03-04,783.8822021484375,-0.0022452169872793507,5.040999319967764e-06
2021-03-05,789.5795288085938,0.007241805055865767,5.244374046716299e-05
2021-03-08,792.8516235351562,0.004135534598357044,1.7102646414208158e-05
2021-03-09,795.5966796875,0.0034562772731648924,1.1945852588996144e-05
2021-03-10,796.5682373046875,0.0012204234968474325,1.4894335116573151e-06
2021-03-12,786.7354736328125,-0.012420725114973977,0.00015427441238174532
2021-03-15,791.93896484375,0.006592252244607793,4.345778965653648e-05
2021-03-16,787.6530151367188,-0.005426667493027948,2.9448720079886235e-05
2021-03-17,774.188232421875,-0.017242618394260858,0.0002973078890901029
2021-03-18,762.2147827148438,-0.015586655316852575,0.00024294382396636865
2021-03-19,773.9576416015625,0.015288762429771577,0.00023374625663399488
2021-03-22,780.41259765625,0.00830560570257203,6.898308608659704e-05
2021-03-23,784.8019409179688,0.005608630203385309,3.145673275832594e-05
2021-03-24,773.828369140625,-0.014081277680906662,0.0001982823811268001
2021-03-25,760.7493286132812,-0.017046197460219542,0.00029057284785279514
2021-03-26,779.6456298828125,0.024535589541640923,0.0006019951541558795
2021-03-30,807.5560302734375,0.035172944239472995,0.0012371360064730764
2021-03-31,807.5654907226562,1.1714845100918743e-05,1.3723759573851985e-10
2021-04-01,803.7052612304688,-0.004791543411377053,2.2958888263110844e-05
2021-04-05,794.1736450195312,-0.011930477624179153,0.00014233629634103945
2021-04-06,803.6370239257812,0.011845570625391585,0.00014031754344114
2021-04-07,819.075439453125,0.019028486815343356,0.00036208331048169593
2021-04-08,832.2508544921875,0.015957711904547426,0.00025464856922853465
2021-04-09,827.6636962890625,-0.00552699520371326,3.0547675981869375e-05
2021-04-12,823.3966674804688,-0.005168845915506341,2.6716968098246583e-05
2021-04-13,807.7372436523438,-0.01920124992610685,0.00036868799872481837
2021-04-15,793.9430541992188,-0.01722507361164354,0.0002967031609265386
2021-04-16,811.6537475585938,0.02206209143330937,0.00048673587841170266
2021-04-19,804.025146484375,-0.009443284544595122,8.91756229901891e-05
2021-04-20,804.2933349609375,0.0003335017064619976,1.1122338821306442e-07
2021-04-22,789.9346923828125,-0.018013772944148524,0.0003244960156833374
2021-04-23,782.1837768554688,-0.009860552472372223,9.723049506040596e-05
2021-04-26,793.7056274414062,0.014622924506617754,0.00021382992112624208
2021-04-27,789.39599609375,-0.0054445550803729455,2.9643180023214852e-05
2021-04-28,782.5648803710938,-0.00869125793853011,7.553796455406266e-05
2021-04-29,780.6135864257812,-0.0024965734882796326,6.232879182380733e-06
2021-04-30,771.4700927734375,-0.011782353686933807,0.0001388238584040027
2021-05-03,780.8123779296875,0.012036981840324867,0.00014488893182431064
2021-05-04,782.6973266601562,0.0024111774147071298,5.813776525193758e-06
2021-05-05,782.8226928710938,0.00016015919265356194,2.5650966991440767e-08
2021-05-06,790.7860717773438,0.010121253853689564,0.00010243977957082585
2021-05-07,792.8555297851562,0.002613544862351901,6.830616747526017e-06
2021-05-10,794.0829467773438,0.0015468995869370077,2.392898332065885e-06
2021-05-11,797.999755859375,0.004920368744303075,2.4210028579914623e-05
2021-05-12,790.80029296875,-0.009062829741377744,8.213488292120098e-05
2021-05-14,814.747314453125,0.02983255978385517,0.0008899816232572929
2021-05-17,805.939453125,-0.010869402058948813,0.00011814390111908069
2021-05-18,812.687255859375,0.008337736907392418,6.951785673689369e-05
2021-05-19,825.3998413085938,0.015521568658410242,0.00024091909361774314
2021-05-20,817.64208984375,-0.009443227183873602,8.917453964624937e-05
2021-05-21,827.6585083007812,0.012175941849770233,0.00014825355992898614
2021-05-24,821.1875610351562,-0.007849101996837336,6.160840215675585e-05
2021-05-25,828.55712890625,0.008934251386158222,7.982084783107013e-05
2021-05-26,829.7492065429688,0.0014377052255918486,2.0669963156941085e-06
2021-05-27,839.4652099609375,0.01164153993894985,0.00013552545215016448
2021-05-28,828.240234375,-0.013461783840830866,0.00018121962417725504
2021-05-31,837.0457153320312,0.010575436639463923,0.000111839860115316
2021-06-01,840.0232543945312,0.0035508881803305112,1.260880686921093e-05
2021-06-02,835.0565185546875,-0.0059301658051408085,3.5166866476461336e-05
2021-06-03,841.9580078125,0.008230731589985978,6.774494250639312e-05
2021-06-04,824.3330688476562,-0.02115548303674409,0.0004475544625179669
2021-06-07,829.3353271484375,0.006049911300676818,3.6601426746057075e-05
2021-06-08,826.9725341796875,-0.0028530862247267224,8.140101005725382e-06
2021-06-09,830.4989624023438,0.004255196606305925,1.810669815831746e-05
2021-06-10,830.4493408203125,-5.9750904889400636e-05,3.570170635102201e-09
2021-06-11,829.5174560546875,-0.001122775305235895,1.2606243860475573e-06
2021-06-14,831.4615478515625,0.0023408997706463467,5.479811736212118e-06
2021-06-15,836.5371704101562,0.006085901828351159,3.7038201064327975e-05
2021-06-16,849.80078125,0.015730991937836673,0.0002474641073482824
2021-06-17,854.2401123046875,0.0052103692049894085,2.714794725230196e-05
2021-06-18,835.8677368164062,-0.0217419252007417,0.000472711311434647
2021-06-21,834.8507690429688,-0.0012174018489316003,1.482067261782079e-06
2021-06-22,824.7942504882812,-0.012119027286115074,0.00014687082236160168
2021-06-23,823.7655029296875,-0.0012480562988343212,1.5576445250600245e-06
2021-06-24,833.4600830078125,0.011699904646968263,0.00013688776874814953
2021-06-25,828.112548828125,-0.0064367365473885305,4.143157738048722e-05
2021-06-28,828.0864868164062,-3.1472076918328484e-05,9.904916255531845e-10
2021-06-29,832.4904174804688,0.005304109647102814,2.8133579148489135e-05
2021-06-30,834.0869750976562,0.001915972354724673,3.670950064069208e-06
2021-07-01,834.7112426757812,0.0007481642784559256,5.597497875574758e-07
2021-07-02,832.6204833984375,-0.00250791170165845,6.289621103315382e-06
2021-07-05,834.4818115234375,0.00223301102050433,4.9863382176937895e-06
2021-07-06,826.3812866210938,-0.00975467411393397,9.515366706905348e-05
2021-07-07,838.057861328125,0.014030871936917107,0.000196865367310168
2021-07-08,833.4197998046875,-0.005549668458254879,3.079881999654909e-05
2021-07-09,834.228759765625,0.0009701804612823598,9.412501274540525e-07
2021-07-12,834.4842529296875,0.00030621582514810575,9.376813157113528e-08
2021-07-13,836.8729858398438,0.002858436821532119,8.170661062690643e-06
2021-07-14,829.6735229492188,-0.008640032113537907,7.465015492296631e-05
2021-07-15,833.5595703125,0.004672892152407915,2.1835921068035475e-05
2021-07-16,835.0896606445312,0.0018339273856834933,3.3632896559598924e-06
2021-07-19,839.7371826171875,0.00554986794054401,3.080103415747821e-05
2021-07-20,844.6400146484375,0.005821553373928156,3.3890483685494295e-05
2021-07-22,851.2009887695312,0.007737761786921974,5.987295747114994e-05
2021-07-23,858.256103515625,0.008254263689903918,6.813286906246624e-05
2021-07-26,856.2411499023438,-0.0023504902524044365,5.524804426648272e-06
2021-07-27,862.14208984375,0.006868040842698124,4.7169985016969556e-05
2021-07-28,852.5135498046875,-0.011230991254835862,0.0001261351645661996
2021-07-29,847.414306640625,-0.005999382196484048,3.599258673948976e-05
2021-07-30,837.3814697265625,-0.011909996035532578,0.00014184800556640172
2021-08-02,837.9490356445312,0.0006775569809807446,4.590834624757411e-07
2021-08-03,864.8855590820312,0.03163991456060375,0.0010010841934023052
2021-08-04,854.1597290039062,-0.0124789839361743,0.00015572504007929622
2021-08-05,861.3213500976562,0.008349451108481494,6.971333381292285e-05
2021-08-06,852.4236450195312,-0.010384024525374801,0.00010782796534358537
2021-08-09,861.0162353515625,0.010029721452779354,0.0001005953124203424
2021-08-10,864.3746948242188,0.0038929887198011007,1.5155361172498613e-05
2021-08-11,859.3843383789062,-0.005790102086319096,3.352528216999675e-05
2021-08-12,857.7784423828125,-0.001870406792251177,3.4984215684993375e-06
2021-08-13,864.1973876953125,0.007455360211272888,5.558239587983093e-05
2021-08-16,865.4130249023438,0.0014056777160278032,1.9759298413371413e-06
2021-08-17,886.098388671875,0.02362111419385868,0.000557957035759312
2021-08-18,894.53955078125,0.009481124887665254,8.989172913550548e-05
2021-08-20,925.7711181640625,0.03431791399524909,0.0011777192209853134
2021-08-23,947.0479125976562,0.022722654505363406,0.0005163190277701118
2021-08-24,935.6385498046875,-0.012120448832148375,0.0001469052798927269
2021-08-25,941.7877197265625,0.006550661414147949,4.2911164962806805e-05
2021-08-26,948.5449829101562,0.0071493149919874995,5.111270485465722e-05
2021-08-27,944.0347290039062,-0.004766258896494245,2.2717223868410537e-05
2021-08-30,933.8598022460938,-0.010836632367407404,0.0001174326010663418
2021-08-31,920.8753662109375,-0.014001619620400618,0.00019604535199438755
2021-09-01,937.8616943359375,0.018277788051696022,0.0003340775360627219
2021-09-02,957.43310546875,0.02065336414227147,0.0004265614503932649
2021-09-03,958.6653442382812,0.001286195852404224,1.6542997707418283e-06
2021-09-06,956.6100463867188,-0.0021462173539713992,4.606248930487995e-06
2021-09-07,963.4807739257812,0.007156699872698317,5.121835306788011e-05
2021-09-08,938.46484375,-0.026307137962841114,0.0006920655077959561
2021-09-09,967.6788330078125,0.03065485285892506,0.0009397200038023459
2021-09-13,967.44482421875,-0.00024185409478024608,5.849340316197225e-08
2021-09-14,956.953125,-0.010903984984328348,0.00011889688853845808
2021-09-15,951.6906127929688,-0.005514413652333068,3.0408757929037326e-05
2021-09-16,947.3695068359375,-0.004550791593975697,2.0709704131799865e-05
2021-09-17,954.3630981445312,0.007355001241903818,5.4096043268406705e-05
2021-09-20,961.3119506835938,0.007254761730809854,5.2631567770823186e-05
2021-09-21,955.0183715820312,-0.00656838923415076,4.3143737131307616e-05
2021-09-22,942.513916015625,-0.01317989333788818,0.00017370958839810926
2021-09-23,938.4365234375,-0.004335466665412557,1.8796271206903477e-05
2021-09-24,939.6307983398438,0.0012718128359664569,1.6175078897290416e-06
2021-09-27,929.127197265625,-0.011241382468144944,0.0001263686797951165
2021-09-28,924.5176391601562,-0.004973517598054797,2.4735877298160756e-05
2021-09-29,922.7200927734375,-0.0019461999103025957,3.7876940908618316e-06
2021-09-30,919.8252563476562,-0.003142217160642436,9.873528684635812e-06
2021-10-01,924.7634887695312,0.005354303752110219,2.866856866986157e-05
2021-10-04,922.0673217773438,-0.0029197789989386103,8.525109402642953e-06
2021-10-05,917.4601440429688,-0.005009098753051931,2.509107031782641e-05
2021-10-06,906.1831665039062,-0.012367683106624998,0.00015295958542589736
2021-10-07,900.908935546875,-0.0058372740682274445,3.407376854760058e-05
2021-10-08,898.108642578125,-0.0031131382643688234,9.69162985307733e-06
2021-10-11,902.753662109375,0.005158672953755138,2.6611906643804757e-05
2021-10-12,918.4132080078125,0.01719769023895371,0.00029576054955500366
2021-10-13,913.9171142578125,-0.004907524280906096,2.4083794567682896e-05
2021-10-14,914.1419067382812,0.000245935693563409,6.048436536851501e-08
2021-10-18,919.4893798828125,0.005832675678773097,3.40201055737512e-05
2021-10-19,916.1781005859375,-0.003607715366353109,1.3015610164620347e-05
2021-10-20,911.8831176757812,-0.004698957310715691,2.208019980792844e-05
2021-10-21,909.7781372070312,-0.0023110568992963146,5.3409839917850965e-06
2021-10-22,899.0665893554688,-0.011843662316754293,0.00014027233707330564
2021-10-25,884.3815307617188,-0.016468536790580253,0.00027121270402269534
2021-10-26,914.4225463867188,0.03340420379373959,0.0011158408310936864
2021-10-27,904.2874755859375,-0.011145455398589433,0.00012422117604194634
2021-10-28,903.6595458984375,-0.0006946328684268949,4.825148218989759e-07
2021-10-29,904.0758056640625,0.00046053176160135856,2.1208950344365054e-07
2021-11-01,901.1946411132812,-0.0031919505491983338,1.0188548308527545e-05
2021-11-02,893.3125,-0.00878479848101924,7.717268435211794e-05
2021-11-03,891.5615844726562,-0.00196194914164246,3.849244434391586e-06
2021-11-04,898.7988891601562,0.008084789868339968,6.536382721521259e-05
2021-11-08,906.4120483398438,0.008434697749106757,7.114412611878659e-05
2021-11-09,901.2493286132812,-0.005712058496846248,3.262761227139342e-05
2021-11-10,901.8274536132812,0.0006412650038091428,4.112208051103399e-07
2021-11-11,897.1215209960938,-0.005231880857168984,2.737257730361126e-05
2021-11-12,910.8466796875,0.015183256385148152,0.00023053127445714212
2021-11-15,926.7464599609375,0.017305438000938263,0.0002994781844043181
2021-11-16,926.0565795898438,-0.0007446883324875207,5.545607125430441e-07
2021-11-17,926.7679443359375,0.0007678706449110055,5.896253273160435e-07
2021-11-18,923.3634033203125,-0.003680327737551581,1.354481225579154e-05
2021-11-22,903.847412109375,-0.02136232252508035,0.00045634882366555533
2021-11-23,912.7073364257812,0.009754723416592429,9.515462893421667e-05
2021-11-24,908.2035522460938,-0.004946747687419949,2.447031268299461e-05
2021-11-25,912.540771484375,0.0047642355772615315,2.269794063564452e-05
2021-11-26,914.6438598632812,0.0023019997777448823,5.299202976737488e-06
2021-11-29,904.0877075195312,-0.011608388036700853,0.00013475467281061948
2021-11-30,911.3273315429688,0.007975765591197576,6.361283676573122e-05
2021-12-01,922.9970703125,0.012723917535696374,0.00016189807745520168
2021-12-02,928.01220703125,0.005418826423005945,2.936367980266741e-05
2021-12-03,919.3593139648438,-0.009367857247031059,8.775674940075233e-05
2021-12-06,904.8536987304688,-0.015903757810793354,0.0002529295125043706
2021-12-07,920.448974609375,0.017088295111456094,0.00029200982981621425
2021-12-08,926.865478515625,0.006946873283978098,4.825904842364864e-05
2021-12-09,917.6177368164062,-0.010027544964209305,0.0001005516580092394
2021-12-10,916.9277954101562,-0.0007521660560157248,5.657537758222504e-07
2021-12-13,903.2120971679688,-0.015071322724030264,0.00022714476865187103
2021-12-14,915.431396484375,0.013438019313803585,0.00018058036307815815
2021-12-15,913.732666015625,-0.0018573850120323975,3.449879082922589e-06
2021-12-16,916.304443359375,0.00281063047692896,7.899643677841913e-06
2021-12-17,907.8585205078125,-0.00926011915798574,8.574980682009452e-05
2021-12-20,898.4181518554688,-0.010452944174462409,0.0001092640419144276
2021-12-21,914.5606079101562,0.01780813213575521,0.0003171295701645174
2021-12-22,913.1378173828125,-0.001556920764452288,2.424002266782697e-06
2021-12-23,913.9920043945312,0.0009350042495805835,8.742329467337501e-07
2021-12-24,914.7366943359375,0.000814434621260254,6.633037523073334e-07
2021-12-27,918.4552612304688,0.004056936845572851,1.6458736568966593e-05
2021-12-28,920.9605712890625,0.0027240296223274407,7.420337383317379e-06
2021-12-29,923.0850219726562,0.0023041204959831857,5.308971260009802e-06
2021-12-30,923.413330078125,0.0003556007602862355,1.2645190071614874e-07
2021-12-31,937.647705078125,0.015297351683765002,0.00023400896853678795
2022-01-03,936.3272094726562,-0.0014092993601689256,1.9861246865725433e-06
2022-01-04,946.3719482421875,0.010670673579217105,0.00011386327463420198
2022-01-05,948.5938720703125,0.002345081713432395,5.499408242675017e-06
2022-01-06,934.8806762695312,-0.01456185126872782,0.00021204751237255003
2022-01-07,947.0286254882812,0.01291041809595254,0.0001666788954122988
2022-01-10,937.7571411132812,-0.009838316187785431,9.679246541084085e-05
2022-01-11,940.3241577148438,0.0027336603604454558,7.472898966270779e-06
2022-01-12,937.7141723632812,-0.0027794821756860367,7.725521164956383e-06
2022-01-13,938.0616455078125,0.00037048472977972805,1.372589349999581e-07
2022-01-14,923.1088256835938,-0.0160685351357282,0.0002581978214081317
2022-01-17,919.923095703125,-0.0034570569465309856,1.1951242731558141e-05
2022-01-18,922.1309204101562,0.0023971346604880215,5.746254580513022e-06
2022-01-19,901.0708618164062,-0.02310330710187745,0.000533762799043661
2022-01-20,891.4163818359375,-0.010772264488522636,0.00011604168221068585
2022-01-21,902.8433837890625,0.012737460503167174,0.00016224290006974375
2022-01-24,890.6385498046875,-0.01361042133825225,0.00018524356900475217
2022-01-25,894.1119384765625,0.0038923010021126546,1.5150007091047175e-05
2022-01-27,874.8268432617188,-0.021805004800238302,0.00047545823433841537
2022-01-28,874.7767333984375,-5.7281391011543594e-05,3.281157756217347e-09
2022-01-31,881.3029174804688,0.007432708560505609,5.5245156545413355e-05
2022-02-01,888.4472045898438,0.00807382446773369,6.518664153577521e-05
2022-02-02,880.3082885742188,-0.009203050949176917,8.469614677314614e-05
2022-02-03,871.0748901367188,-0.010544219103442878,0.00011118055650140974
2022-02-04,872.2669067382812,0.0013675078397853992,1.870077691874529e-06
2022-02-07,859.9476928710938,-0.014223897628452305,0.0002023192637446911
2022-02-08,860.6328735351562,0.0007964529109070911,6.343372392923788e-07
2022-02-09,862.912109375,0.002644824696850362,6.99509767706961e-06
2022-02-10,863.1404418945312,0.0002645719224426807,6.999830214501584e-08
2022-02-11,847.6928100585938,-0.018059096811793223,0.00032613097765772013
2022-02-14,840.7957153320312,-0.008169594265464177,6.674227046230517e-05
2022-02-15,865.3887329101562,0.028830084581389886,0.0008311737769700949
2022-02-16,867.135009765625,0.0020158770743800673,4.06376037901114e-06
2022-02-17,862.4814453125,-0.0053810492706496595,2.8955691253159232e-05
2022-02-18,856.9287109375,-0.006458905292181253,4.1717457573367e-05
2022-02-21,861.5345458984375,0.005360424171234111,2.8734147295550905e-05
2022-02-22,861.7677612304688,0.00027066096585628074,7.325735843825476e-08
2022-02-23,852.9959716796875,-0.0102309908899412,0.00010467317459005982
2022-02-24,844.3406372070312,-0.010198813189437253,0.00010401579047303928
2022-02-25,842.9298706054688,-0.001672247483479747,2.796411646004347e-06
2022-02-28,839.3159790039062,-0.004296514878347827,1.8460040099864245e-05
2022-03-02,849.091796875,0.011580054597441979,0.00013409766447973712
2022-03-03,829.6732788085938,-0.02313532068966062,0.0005352430634134388
2022-03-04,827.5487060546875,-0.0025640185047714026,6.574190892810179e-06
2022-03-07,825.1791381835938,-0.002867464843619923,8.222354629396231e-06
2022-03-08,821.431884765625,-0.004551481600382566,2.0715984758621047e-05
2022-03-09,815.8314819335938,-0.0068412019574223305,4.680204422223913e-05
2022-03-10,839.7893676757812,0.028943291228457773,0.0008377141071353206
2022-03-11,824.484375,-0.018392916685938055,0.00033829938421585853
2022-03-14,826.375732421875,0.0022913610194994372,5.250335321681501e-06
2022-03-15,830.86767578125,0.005420995295683439,2.9387189995821978e-05
2022-03-16,848.0829467773438,0.020507898348346165,0.00042057389466609933
2022-03-17,870.0090942382812,0.02552521913715374,0.0006515368119997196
2022-03-21,850.607177734375,-0.022553243520676947,0.0005086487933029566
2022-03-22,829.3283081054688,-0.025334315406523655,0.0006418275371172218
2022-03-23,825.281494140625,-0.004891572657819096,2.3927483066723378e-05
2022-03-24,828.3219604492188,0.003677386771961322,1.3523173470596112e-05
2022-03-25,816.5737915039062,-0.014284636213961114,0.0002040508317652093
2022-03-28,802.2443237304688,-0.017704079186737352,0.0003134344198502667
2022-03-29,805.187255859375,0.003661661814353007,1.3407767242690955e-05
2022-03-30,823.0831909179688,0.021982411751405233,0.00048322642640831893
2022-03-31,827.0110473632812,0.004760775200492224,2.2664980509621773e-05
2022-04-01,835.4164428710938,0.010112281207819911,0.00010225823122602773
2022-04-04,847.9282836914062,0.014865726595181093,0.00022098982720267444
2022-04-05,857.5899047851562,0.011329957677781161,0.00012836794098031228
2022-04-06,866.7996826171875,0.010681884732810018,0.00011410266144503976
2022-04-07,865.4506225585938,-0.001557581288690873,2.426059470879921e-06
2022-04-08,878.0315551757812,0.01443221060619783,0.00020828870298164915
2022-04-11,876.77294921875,-0.0014344688194027745,2.0577007938387896e-06
2022-04-12,876.3660278320312,-0.0004642203491601597,2.155005325743806e-07
2022-04-13,874.6815795898438,-0.001923932570002422,3.7015165339161244e-06
2022-04-18,883.2036743164062,0.009695924659142877,9.401095499577493e-05
2022-04-19,854.0403442382812,-0.03357740157607338,0.0011274418966008954
2022-04-20,871.0082397460938,0.019673002737059124,0.00038702703669233577
2022-04-21,870.4225463867188,-0.0006726576630239234,4.5246833162480613e-07
2022-04-22,869.6956176757812,-0.0008354935523762854,6.980494760623448e-07
2022-04-25,869.0716552734375,-0.0007177066636055567,5.151028549838197e-07
2022-04-26,880.5980834960938,0.013175737930224737,0.00017360007000596285
2022-04-27,871.3812255859375,-0.010521748622554795,0.00011070719407623373
2022-04-28,881.1694946289062,0.01117042800562903,0.00012477846182894136
2022-04-29,876.5120849609375,-0.005299504326865801,2.8084746110469347e-05
2022-05-02,881.7839965820312,0.005996632164979786,3.5959597322070155e-05
2022-05-04,864.9139404296875,-0.01931711302940137,0.0003731508557906682
2022-05-05,841.7701416015625,-0.027123025148114488,0.0007356584931852509
2022-05-06,812.6826171875,-0.03516633743687355,0.0012366712887240542
2022-05-09,789.1994018554688,-0.029321632328928364,0.000859758122432857
2022-05-10,789.9764404296875,0.0009841065397830106,9.684656816436902e-07
2022-05-11,789.5842895507812,-0.0004965315730126034,2.4654360299837034e-07
2022-05-12,775.6024169921875,-0.017866551551832154,0.00031921366435427596
2022-05-13,784.3507690429688,0.011216290135577752,0.0001258051644054588
2022-05-16,775.5474853515625,-0.011287117127301745,0.0001273990130454284
2022-05-17,780.5467529296875,0.006425426757778519,4.1286109019576174e-05
2022-05-18,781.5126342773438,0.0012366770158239245,1.529370041467167e-06
2022-05-19,769.58935546875,-0.01537424842828721,0.00023636751473469174
2022-05-20,806.30126953125,0.04660038820027575,0.002171596180416399
2022-05-23,812.6276245117188,0.007815521986318567,6.108238391862893e-05
2022-05-24,821.8468017578125,0.011281026938436871,0.00012726156878573836
2022-05-25,826.468505859375,0.005607805972494284,3.1447487825142564e-05
2022-05-26,844.101318359375,0.02111072173882997,0.0004456625723343082
2022-05-27,843.5537109375,-0.000648956607348383,4.211446782211233e-07
2022-05-30,846.702392578125,0.0037256901794366893,1.388076731315099e-05
2022-05-31,845.9661865234375,-0.0008698762536269715,7.566846966240953e-07
2022-06-01,824.4506225585938,-0.025762137692453828,0.0006636877384849502
2022-06-02,831.7308349609375,0.008791620340191472,7.729258820606841e-05
2022-06-03,821.0770874023438,-0.012891873240426385,0.0001662003956472219
2022-06-06,812.751953125,-0.010191037278484028,0.00010385724081145113
2022-06-07,800.797607421875,-0.014817722026237452,0.00021956488604684253
2022-06-08,799.6905517578125,-0.0013833977268358105,1.9137892706144877e-06
2022-06-09,801.8136596679688,0.0026513937818917113,7.029888986654031e-06
2022-06-10,802.1365356445312,0.0004026010057760182,1.6208756985186145e-07
2022-06-13,805.9403686523438,0.004730918144893807,2.2381586493685457e-05
2022-06-14,806.7532958984375,0.0010081608588378506,1.0163883172926725e-06
2022-06-15,803.44677734375,-0.00410697186924832,1.686721793479704e-05
2022-06-16,806.8751831054688,0.004258044075582152,1.813093934960027e-05
2022-06-17,795.8005981445312,-0.013820338913273288,0.00019100176767773588
2022-06-20,811.3270263671875,0.019322561647960052,0.0003733613886392167
2022-06-21,811.5517578125,0.0002769540756090193,7.670355999644638e-08
2022-06-22,802.1485595703125,-0.011654338258482357,0.00013582360024312558
2022-06-23,811.7669677734375,0.01191948638842904,0.00014207415576394518
2022-06-24,823.9772338867188,0.014929587276770132,0.0002228925762546966
2022-06-27,830.0308227539062,0.007319935199668798,5.358145132735028e-05
2022-06-28,832.2137451171875,0.0026264770664437445,6.898381780554938e-06
2022-06-29,836.763671875,0.005452366201341017,2.972829719352587e-05
2022-06-30,835.3744506835938,-0.0016616109546159976,2.7609509644998866e-06
2022-07-01,850.9176635742188,0.01843530307343521,0.00033986039940940967
2022-07-04,860.457275390625,0.011148592171604,0.00012429110740875
2022-07-05,860.000732421875,-0.00053072260687905,2.8166648545249465e-07
2022-07-06,879.30224609375,0.02219544989233956,0.0004926379959233561
2022-07-07,870.51806640625,-0.010040177743415282,0.00010080516911937158
2022-07-08,880.7606811523438,0.01169743143567244,0.00013682990219225782
2022-07-11,884.1197509765625,0.003806573883584815,1.449000473118998e-05
2022-07-12,866.7022705078125,-0.019897002515899063,0.0003958907091176937
2022-07-13,872.6555786132812,0.0068454359246702305,4.6859992998765774e-05
2022-07-14,878.0899658203125,0.006208103374001707,3.8540547502291375e-05
2022-07-15,897.6092529296875,0.021985788086190453,0.00048337487777087406
2022-07-18,890.623046875,-0.007813572765523868,6.10519193621363e-05
2022-07-19,878.778564453125,-0.013388322096776184,0.00017924716856702544
2022-07-20,890.2261352539062,0.012942566631744225,0.00016751003101713905
2022-07-21,900.8823852539062,0.0118991960714049,0.00014159086714573782
2022-07-22,908.0072631835938,0.00787766659164736,6.205763092915693e-05
2022-07-25,896.942138671875,-0.012261023074465418,0.0001503326868325734
2022-07-26,885.0809326171875,-0.013312264484053205,0.00017721638569338433
2022-07-27,886.6302490234375,0.0017489496225217764,3.058824782119064e-06
2022-07-28,913.9102172851562,0.030304296353631854,0.0009183503774887449
2022-07-29,925.706787109375,0.012825203825578248,0.00016448585316762693
2022-08-01,920.7385864257812,-0.005381380618580416,2.895925736203294e-05
2022-08-02,930.4743041992188,0.01051830135968127,0.00011063466349307285
2022-08-03,926.0319213867188,-0.004785754262598023,2.2903443861975146e-05
2022-08-04,949.1805419921875,0.024690318583483167,0.0006096118317538942
2022-08-05,952.599609375,0.0035956533293660295,1.2928722864981014e-05
2022-08-08,939.7581787109375,-0.01357209282736131,0.00018420170371451233
2022-08-10,945.3311767578125,0.005912732218115573,3.49604022831419e-05
2022-08-11,941.0324096679688,-0.00455773697317631,2.0772966316658354e-05
2022-08-12,934.5123901367188,-0.006952695341326785,4.8339972509307174e-05
2022-08-16,941.1925659179688,0.007122872926327441,5.073531872460844e-05
2022-08-17,943.6959228515625,0.00265624032445646,7.055612661268561e-06
2022-08-18,935.201171875,-0.009042335400492716,8.176382949500375e-05
2022-08-19,929.6183471679688,-0.005987540701927738,3.585064365724131e-05
2022-08-22,930.15869140625,0.0005810849819931204,3.376597562979451e-07
2022-08-23,938.4525756835938,0.00887711520176861,7.880317430547135e-05
2022-08-24,940.62353515625,0.0023106679139416222,5.339186208519328e-06
2022-08-25,933.71875,-0.007367721942211992,5.428332661775205e-05
2022-08-26,933.7881469726562,7.43204459385809e-05,5.523528684509526e-09
2022-08-29,939.4425659179688,0.006037095249451604,3.644651905095112e-05
2022-08-30,952.8075561523438,0.014126264099962161,0.00019955133742187976
2022-09-01,943.5836181640625,-0.009727962093500681,9.463324649258615e-05
2022-09-02,935.3995361328125,-0.008711236997522895,7.58856500270117e-05
2022-09-05,920.9537353515625,-0.015563947455782885,0.00024223646040637056
2022-09-06,910.5391235351562,-0.011372934402604232,0.00012934363692593888
2022-09-07,917.1092529296875,0.007189739318823645,5.169235147263869e-05
2022-09-08,914.4530029296875,-0.002900531340141875,8.413082055145223e-06
2022-09-09,910.9861450195312,-0.0037983869057423313,1.4427743085714803e-05
2022-09-12,907.0149536132812,-0.004368751730030959,1.9085991678648498e-05
2022-09-13,911.5791625976562,0.005019502182235764,2.51954021574696e-05
2022-09-14,913.7357177734375,0.0023629415421940695,5.583492731826487e-06
2022-09-15,908.9658813476562,-0.00523382139608068,2.739288640607192e-05
2022-09-16,880.0457763671875,-0.0323336344836368,0.0010454639189214265
2022-09-19,897.3103637695312,0.019427879468230647,0.0003774425006320979
2022-09-20,890.2047119140625,-0.007950354522889749,6.320813703963349e-05
2022-09-21,891.7945556640625,0.0017843376265589909,3.1838607655541726e-06
2022-09-22,891.2399291992188,-0.0006221152618640589,3.8702739904418657e-07
2022-09-23,884.4305419921875,-0.007669689502831645,5.882413706984592e-05
2022-09-26,882.3936157226562,-0.0023057497409429174,5.316481867858331e-06
2022-09-27,892.8825073242188,0.011816768690083945,0.00013963602227494822
2022-09-28,900.9301147460938,0.008972689025549034,8.050914834920808e-05
2022-09-29,907.5385131835938,0.007308313508004359,5.3411446331278984e-05
2022-09-30,915.4595947265625,0.008690224480807739,7.552000152683013e-05
2022-10-03,908.1817016601562,-0.00798175794702463,6.370845992489084e-05
2022-10-04,920.5784301757812,0.013557730386005173,0.00018381205321960797
2022-10-06,922.8880004882812,0.00250568329583793,6.278448779041231e-06
2022-10-07,923.885009765625,0.001079731367817494,1.1658198266490363e-06
2022-10-10,914.2282104492188,-0.010507392098429895,0.000110405288710147
2022-10-11,882.2334594726562,-0.03562350923195952,0.001269034409999505
2022-10-12,895.40478515625,0.014819175686070949,0.00021960796801463638
2022-10-13,897.2338256835938,0.0020406133740248048,4.164102942248898e-06
2022-10-14,905.0926513671875,0.008720812339593214,7.605256786240128e-05
2022-10-17,904.71728515625,-0.00041481285823966925,1.7206970736096394e-07
2022-10-18,927.0816650390625,0.024419154933583927,0.0005962951276703763
2022-10-19,943.877685546875,0.017954929618877843,0.00032237949761885684
2022-10-20,959.2748413085938,0.01618103803131166,0.0002618259917707543
2022-10-21,970.4569702148438,0.011589438490789689,0.00013431508453179758
2022-10-24,998.1959228515625,0.028182508649255034,0.0007942537937653348
2022-10-25,969.8569946289062,-0.028800940115430673,0.0008294941515326238
2022-10-27,962.7247924804688,-0.0073810428889028905,5.447979412782393e-05
2022-10-28,969.8593139648438,0.0073834343065831125,5.451510215962845e-05
2022-10-31,979.5253295898438,0.009917072935340844,9.834833560486986e-05
2022-11-01,990.4230346679688,0.011064062839884049,0.00012241348652490308
2022-11-02,980.6775512695312,-0.009888447985276175,9.778140355751244e-05
2022-11-03,982.4139404296875,0.0017690358501704865,3.129487839188416e-06
2022-11-04,982.5030517578125,9.070238441660734e-05,8.226922538858014e-09
2022-11-07,985.1460571289062,0.002686461675225556,7.2170763324556995e-06
2022-11-09,977.4330444335938,-0.007860118758254448,6.178146689386345e-05
2022-11-10,970.4773559570312,-0.007141722780735142,5.100420427687129e-05
2022-11-11,977.5580444335938,0.007269600601644021,5.284709290742312e-05
2022-11-14,965.1813354492188,-0.012741674523018335,0.0001623502696505345
2022-11-15,964.71728515625,-0.0004809064030178424,2.3127096846355948e-07
2022-11-16,966.7542724609375,0.002109260218576294,4.448978669668516e-06
2022-11-17,961.6121826171875,-0.0053331170720918135,2.844213770463716e-05
2022-11-18,958.4421997070312,-0.00330197500606452,1.0903038940674787e-05
2022-11-21,950.5822143554688,-0.008234603715099029,6.780869834472272e-05
2022-11-22,943.4535522460938,-0.007527519697699248,5.666355279925018e-05
2022-11-23,941.1254272460938,-0.002470712248895024,6.104419016839906e-06
2022-11-24,949.3196411132812,0.008669138631154477,7.515396460617493e-05
2022-11-25,939.40576171875,-0.01049805379808353,0.00011020913354745603
2022-11-28,953.167724609375,0.014543377633746076,0.00021150983299774562
2022-11-29,967.8750610351562,0.015312125157074747,0.00023446117682592133
2022-11-30,970.8887329101562,0.0031088617516771594,9.665021391041177e-06
2022-12-01,964.4260864257812,-0.006678676194519158,4.460471571123691e-05
2022-12-02,950.0772094726562,-0.014989940903817627,0.0002246983282999448
2022-12-05,950.1253051757812,5.062166033829002e-05,2.562552495405205e-09
2022-12-06,957.7687377929688,0.008012471696201113,6.419970268242394e-05
2022-12-07,957.7567138671875,-1.2554180129557224e-05,1.5760743872536943e-10
2022-12-08,952.681884765625,-0.005312749691867001,2.822530928843291e-05
2022-12-09,973.6737670898438,0.021795262245183945,0.0004750334563363407
2022-12-12,985.4877319335938,0.012060371793666516,0.0001454525678014669
2022-12-13,980.7232055664062,-0.004846413578493079,2.348772457380209e-05
2022-12-14,965.0994262695312,-0.016059135930944875,0.00025789584684856475
2022-12-15,949.43505859375,-0.016363995894465754,0.00026778036163409204
2022-12-16,949.4760131835938,4.3134816009751175e-05,1.8606123521950863e-09
2022-12-19,965.97265625,0.017225260295754975,0.0002967095922565128
2022-12-20,968.5653686523438,0.002680447653457525,7.184799622925952e-06
2022-12-21,977.1588745117188,0.008833278165163043,7.802680314314617e-05
2022-12-22,976.7931518554688,-0.00037434149414686843,1.4013155424010994e-07
2022-12-23,968.4306640625,-0.008598022748412204,7.392599518221374e-05
2022-12-26,957.1145629882812,-0.01175379439874438,0.00013815168276795474
2022-12-27,951.2702026367188,-0.006124947890748996,3.751498666439057e-05
2022-12-28,954.5218505859375,0.0034123881448748956,1.1644392851282731e-05
2022-12-29,952.8094482421875,-0.0017956008008608339,3.224182236052068e-06
2022-12-30,943.0927734375,-0.010250275324866085,0.00010506814423555853
2023-01-02,940.9546508789062,-0.0022697130113536906,5.151597153908238e-06
2023-01-03,948.9275512695312,0.008437507567144575,7.119153394562196e-05
2023-01-04,938.951171875,-0.010568975790889104,0.00011170324926839996
2023-01-05,951.2702026367188,0.013034669215950112,0.00016990260156923753
2023-01-06,956.5252685546875,0.0055090593180845485,3.034973457017419e-05
2023-01-09,966.1673583984375,0.010029861809210084,0.00010059812791185097
2023-01-10,963.1970825195312,-0.0030790224620335996,9.48037932170745e-06
2023-01-11,950.418701171875,-0.013355420030552794,0.0001783672441924908
2023-01-12,955.9480590820312,0.005800954497493152,3.365107308198603e-05
2023-01-13,951.6718139648438,-0.004483337944240742,2.01003191222688e-05
2023-01-16,949.3267822265625,-0.0024671590315447495,6.086873686932826e-06
2023-01-17,959.435546875,0.010592056437893377,0.00011219165958351852
2023-01-18,953.5477905273438,-0.006155594587551476,3.789134472629302e-05
2023-01-19,946.7052001953125,-0.007201798855389411,5.186590675348823e-05
2023-01-20,923.565673828125,-0.024745834926402675,0.0006123563462047705
2023-01-23,931.6011352539062,0.008662845452036329,7.504489132586652e-05
2023-01-24,927.9261474609375,-0.003952609474131844,1.5623121654996812e-05
2023-01-25,925.27099609375,-0.002865483786448141,8.210997330397175e-06
2023-01-27,924.349609375,-0.0009962981513512395,9.926100063858973e-07
2023-01-30,921.9229736328125,-0.0026286878350017997,6.9099997338864485e-06
2023-01-31,914.796630859375,-0.007759898153176631,6.02160193476741e-05
2023-02-01,918.2648315429688,0.0037840573196098906,1.431908979809319e-05
2023-02-02,911.7589111328125,-0.007110233236369784,5.0555416675577525e-05
2023-02-03,914.1497192382812,0.00261876134657605,6.8579109903208055e-06
2023-02-06,914.97705078125,0.0009046192018494685,8.183359003547694e-07
2023-02-07,912.8846435546875,-0.0022894600253557823,5.241627207702099e-06
2023-02-08,913.6974487304688,0.0008899739386068971,7.920536113994731e-07
2023-02-09,913.957275390625,0.00028432795152997115,8.084238402122963e-08
2023-02-10,915.0900268554688,0.0012386247291407643,1.5341912196390316e-06
2023-02-13,915.2319946289062,0.00015512873915713872,2.4064925712483583e-08
2023-02-14,917.9305419921875,0.0029441462593982463,8.667997196728685e-06
2023-02-15,926.4951171875,0.00928705010145822,8.624929958699514e-05
2023-02-16,944.1919555664062,0.018920712693654744,0.00035799336883582774
2023-02-17,914.9674072265625,-0.031441044111509636,0.0009885392548218948
2023-02-20,905.4310913085938,-0.01047726985213703,0.0001097731835544995
2023-02-21,906.6648559570312,0.0013616992421830757,1.8542248261619627e-06
2023-02-22,898.2687377929688,-0.009303587405947788,8.65567386201103e-05
2023-02-23,897.0108642578125,-0.0014013123521899897,1.9636763084002417e-06
2023-02-24,898.5933227539062,0.0017625921316396704,3.106731022518077e-06
2023-02-27,895.7962036132812,-0.003117630107733458,9.719617488646134e-06
2023-02-28,898.0690307617188,0.0025340012405245917,6.42116228698017e-06
2023-03-01,903.3049926757812,0.005813314271819801,3.379462282294378e-05
2023-03-02,889.0137939453125,-0.01594749964936213,0.0002543227450664053
2023-03-03,887.481689453125,-0.0017248621078504716,2.9751492910983717e-06
2023-03-06,890.6058959960938,0.0035141235826855227,1.2349064554386533e-05
2023-03-08,890.7694702148438,0.00018364935578694106,3.372708588095846e-08
2023-03-09,891.6089477539062,0.0009419746027813211,8.873161522850276e-07
2023-03-10,889.2061767578125,-0.002698508588670766,7.281948603129888e-06
2023-03-13,881.110595703125,-0.009145976147020774,8.364887968187297e-05
2023-03-14,878.5707397460938,-0.0028867246240795864,8.33317905526743e-06
2023-03-15,865.5206909179688,-0.01496514706789469,0.00022395562676371704
2023-03-16,887.517822265625,0.025097321925786224,0.00062987556784655
2023-03-17,907.1195068359375,0.02184559943031687,0.00047723021446986074
2023-03-20,910.9533081054688,0.00421744049040469,1.7786804290104954e-05
2023-03-21,910.4506225585938,-0.0005519759249171726,3.0467742168816817e-07
2023-03-22,905.27001953125,-0.005706403248671416,3.256303803644768e-05
2023-03-23,916.0809936523438,0.011871518461934051,0.000140932950592041
2023-03-24,911.6868286132812,-0.004808240358889456,2.3119175348853408e-05
2023-03-27,908.6995849609375,-0.0032819914623451723,1.0771467958906602e-05
2023-03-28,911.34521484375,0.002907216071253326,8.451905284953623e-06
2023-03-29,916.4898071289062,0.005629179666998707,3.168766372335167e-05
2023-03-31,947.830810546875,0.033625070740031335,0.0011306453822721113
2023-04-03,947.87646484375,4.816597739155118e-05,2.3199613780834195e-09
2023-04-05,953.4852294921875,0.005899751671508129,3.480706978546296e-05
2023-04-06,948.0111694335938,-0.005757649800453048,3.315053122465702e-05
2023-04-10,939.4466552734375,-0.009075246958270045,8.236010735358971e-05
2023-04-11,946.392578125,0.0073664330852580475,5.42643363995844e-05
2023-04-12,935.1222534179688,-0.011980197355517627,0.00014352512867715154
2023-04-13,936.3272094726562,0.0012877250976734793,1.6582359271781717e-06
2023-04-17,973.8012084960938,0.039242186600696886,0.0015399492092039143
2023-04-18,993.8526611328125,0.020381782674674897,0.00041541706499767777
2023-04-19,991.8060302734375,-0.002061413266018855,4.249424653318523e-06
2023-04-20,984.80224609375,-0.0070866985380923005,5.022129616979955e-05
2023-04-21,990.8814086914062,0.006154003216692732,3.787175559106449e-05
2023-04-24,1000.18505859375,0.009345461609000138,8.733765268529544e-05
2023-04-25,999.0199584960938,-0.001165563531102964,1.3585383450372102e-06
2023-04-26,1016.4741821289062,0.017320477031250166,0.00029999892459006455
2023-04-27,1022.326416015625,0.005740875262666592,3.295764878149721e-05
2023-04-28,1052.013671875,0.02862528007463258,0.0008194066593511571
2023-05-02,1051.2618408203125,-0.0007149145056569367,5.111027503987021e-07
2023-05-03,1057.5394287109375,0.005953720271961445,3.544678507676466e-05
2023-05-04,1048.743408203125,-0.008352222681132138,6.975962371521813e-05
2023-05-05,1064.5079345703125,0.014919965728677665,0.00022260537734491607
2023-05-08,1062.738525390625,-0.0016635680172045735,2.7674585478659564e-06
2023-05-09,1062.1632080078125,-0.0005415002377078143,2.932225074376193e-07
2023-05-10,1065.965576171875,0.0035734418316400634,1.276948652411509e-05
2023-05-11,1064.50537109375,-0.0013707817125110855,1.879042503354824e-06
2023-05-12,1053.5968017578125,-0.01030041508309048,0.00010609855088395785
2023-05-15,1053.23193359375,-0.00034636718361386124,1.1997022588459828e-07
2023-05-16,1052.9322509765625,-0.0002845766929334894,8.09838941609615e-08
2023-05-17,1050.6165771484375,-0.0022016838711632772,4.847411868540514e-06
2023-05-18,1048.059326171875,-0.0024370149179791002,5.939041710452681e-06
2023-05-19,1048.5693359375,0.00048650462993400607,2.366867549472242e-07
2023-05-22,1039.12548828125,-0.009047215103635336,8.185210113144733e-05
2023-05-23,1034.721435546875,-0.0042472366732284,1.8039019358416245e-05
2023-05-24,1033.604736328125,-0.0010798096958204778,1.1659889791879126e-06
2023-05-25,1038.163330078125,0.004400686718501408,1.9366043594394686e-05
2023-05-26,1043.328857421875,0.004963302748762693,2.46343741758753e-05
2023-05-29,1050.4691162109375,0.006820415874134006,4.651807269613914e-05
2023-05-30,1042.9759521484375,-0.007158722410345345,5.124730654838066e-05
2023-05-31,1047.7449951171875,0.004562111693038351,2.0812863099757253e-05
2023-06-01,1057.4716796875,0.009240620121746805,8.538906023443194e-05
2023-06-02,1065.7939453125,0.007839158836816696,6.14524112688413e-05
2023-06-05,1055.5306396484375,-0.009676393531059454,9.363259176792924e-05
2023-06-06,1049.306396484375,-0.005914245331100362,3.497829783644243e-05
2023-06-07,1081.326416015625,0.030059079421356705,0.0009035482556594302
2023-06-08,1070.7467041015625,-0.009832191151100907,9.667198283178697e-05
2023-06-09,1067.0989990234375,-0.0034125087817627095,1.1645216185607613e-05
2023-06-12,1077.53662109375,0.009733778906693732,9.474645180439583e-05
2023-06-13,1087.362060546875,0.009077105547095895,8.239384511311906e-05
2023-06-14,1098.7784423828125,0.010444420750630543,0.00010908592481620188
2023-06-15,1110.2574462890625,0.01039286621564329,0.00010801166817625969
2023-06-16,1110.3709716796875,0.000102246183832733,1.045428210835703e-08
2023-06-19,1101.973876953125,-0.007591162883841745,5.762575392901652e-05
2023-06-20,1109.742431640625,0.007024939505418559,4.9349775054790344e-05
2023-06-21,1106.6510009765625,-0.002789606414940331,7.781903950276246e-06
2023-06-22,1089.310546875,-0.015793368106565037,0.0002494304761494657
2023-06-23,1089.5013427734375,0.00017513755990741184,3.067316489032227e-08
2023-06-26,1094.0433349609375,0.004160206827570365,1.7307320848163083e-05
2023-06-27,1094.35498046875,0.0002848160755032281,8.112019686506052e-08
2023-06-28,1099.5203857421875,0.004708940988947134,2.2174125237386415e-05
2023-06-30,1106.7816162109375,0.006582287174902494,4.332650445288586e-05
2023-07-03,1094.127685546875,-0.011498947353242188,0.00013222579023263551
2023-07-04,1093.716796875,-0.00037561049700474646,1.4108324546015264e-07
2023-07-05,1107.0523681640625,0.012119157902812656,0.00014687398827330645
2023-07-06,1116.6993408203125,0.008676358188032786,7.527919140704357e-05
2023-07-07,1107.35693359375,-0.00840128218346018,7.058154232612546e-05
2023-07-10,1091.599365234375,-0.01433210664175657,0.0002054092807906828
2023-07-11,1104.751220703125,0.011976241635131687,0.0001434303637030617
2023-07-12,1114.79443359375,0.009049853438147078,8.189984725194248e-05
2023-07-13,1103.22607421875,-0.01043134112866418,0.0001088128777425609
2023-07-14,1118.565185546875,0.013808097387533,0.0001906635534635957
2023-07-17,1115.3116455078125,-0.0029129111277490724,8.485051238164372e-06
2023-07-18,1110.786865234375,-0.00406521677542388,1.6525987431187724e-05
2023-07-19,1109.0367431640625,-0.0015768121631891375,2.486336597981207e-06
2023-07-20,1112.2757568359375,0.0029163082344209287,8.504853718151315e-06
2023-07-21,1111.0478515625,-0.0011045674085799328,1.2200691600969881e-06
2023-07-24,1103.1947021484375,-0.007093335216360272,5.0315404491656825e-05
2023-07-25,1100.9127197265625,-0.0020706642648982763,4.287650497926719e-06
2023-07-26,1102.2178955078125,0.0011848375442772847,1.4038400063290266e-06
2023-07-27,1079.2744140625,-0.021035441986047062,0.00044248981954835156
2023-07-28,1086.7967529296875,0.006945634310401571,4.82418359738275e-05
2023-07-31,1090.296630859375,0.003215186790539207,1.0337426098057807e-05
2023-08-01,1092.249755859375,0.0017897677073444177,3.203268446252893e-06
2023-08-02,1106.2015380859375,0.01269254367193283,0.00016110066486392212
2023-08-03,1086.5501708984375,-0.017924412731504316,0.000321284571769314
2023-08-04,1085.520263671875,-0.0009483185143117498,8.993080045864445e-07
2023-08-07,1085.75244140625,0.00021386326527929244,4.573749623592101e-08
2023-08-08,1074.6312255859375,-0.01029568426062204,0.00010600111439442041
2023-08-09,1074.1065673828125,-0.0004883408438836439,2.384767798049895e-07
2023-08-10,1063.0528564453125,-0.010344393948632008,0.00010700648616449451
2023-08-11,1055.929443359375,-0.006723453915556728,4.52048325546151e-05
2023-08-14,1058.6898193359375,0.0026107560762011033,6.816047289420981e-06
2023-08-16,1061.02978515625,0.002207807830668319,4.874415417160348e-06
2023-08-17,1047.471923828125,-0.012860362531220427,0.00016538892443441827
2023-08-18,1055.330078125,0.007474018828094345,5.586095744270876e-05
2023-08-21,1065.208984375,0.009317421116000393,8.681433625289e-05
2023-08-22,1064.802734375,-0.00038145330502166214,1.4550662391194922e-07
2023-08-23,1072.4022216796875,0.007111643000919476,5.0575466172526975e-05
2023-08-24,1075.3875732421875,0.0027799307847802103,7.728015168168716e-06
2023-08-25,1072.6610107421875,-0.002538642733366049,6.444706927672245e-06
2023-08-28,1065.2138671875,-0.006966893856844818,4.8537610012542066e-05
2023-08-29,1066.593994140625,0.0012947950619525068,1.676494252456596e-06
2023-08-30,1073.1446533203125,0.006122878280113014,3.7489638433079704e-05
2023-08-31,1062.890869140625,-0.009600835598955677,9.217604419817461e-05
2023-09-01,1059.4659423828125,-0.0032274777852879916,1.0416612854527479e-05
2023-09-04,1050.89208984375,-0.008125540388605799,6.602440660686408e-05
2023-09-05,1061.346435546875,0.009898911457591891,9.798844804524402e-05
2023-09-06,1063.7464599609375,0.002258748725324319,5.101945804154235e-06
2023-09-07,1058.53515625,-0.004911048698864734,2.4118399322620995e-05
2023-09-08,1057.904296875,-0.0005961516099620458,3.5539674206033914e-07
2023-09-11,1069.6904296875,0.011079415859436005,0.0001227534557863221
2023-09-12,1078.9093017578125,0.008581336493676855,7.363933601771017e-05
2023-09-13,1072.2403564453125,-0.006200374439305375,3.8444643187591444e-05
2023-09-14,1086.641845703125,0.013341814453566143,0.00017800401291338645
2023-09-15,1093.63232421875,0.006412498543684558,4.112013757275658e-05
2023-09-18,1103.16064453125,0.008674809324608455,7.52523168183138e-05
2023-09-20,1096.4337158203125,-0.006116536580119038,3.74120197359343e-05
2023-09-21,1089.3394775390625,-0.006491307710843087,4.213707579685091e-05
2023-09-22,1089.2908935546875,-4.4600483889039054e-05,1.989203163136432e-09
2023-09-25,1094.427490234375,0.004704458405792527,2.2131928891831965e-05
2023-09-26,1112.15966796875,0.016072385252316614,0.0002583215676988846
2023-09-27,1105.7518310546875,-0.00577827811964375,3.3388498027953715e-05
2023-09-28,1089.57861328125,-0.014734465529417295,0.0002171044744375865
2023-09-29,1088.0533447265625,-0.001400850863258829,1.962383141093006e-06
2023-10-03,1078.7884521484375,-0.00855156943410251,7.312933978627632e-05
2023-10-04,1111.224365234375,0.029623831297111318,0.000877571380719712
2023-10-05,1107.961181640625,-0.002940886083394863,8.648810955505575e-06
2023-10-06,1107.6494140625,-0.000281428136142103,7.920179581241805e-08
2023-10-09,1106.1796875,-0.0013277689568597668,1.7629704028004731e-06
2023-10-10,1110.3468017578125,0.0037600445449574495,1.4137934980064275e-05
2023-10-11,1121.6591796875,0.010136598993372735,0.00010275063915244514
2023-10-12,1115.5244140625,-0.005484378679631278,3.0078409501594122e-05
2023-10-13,1138.6904296875,0.02055423534726301,0.00042247659071067615
2023-10-16,1117.1390380859375,-0.01910786930103865,0.0003651106692255752
2023-10-17,1127.6173095703125,0.009335844044386378,8.71579840211046e-05
2023-10-18,1124.60302734375,-0.002676722145605252,7.164841444773585e-06
2023-10-19,1166.6329345703125,0.03669165738212274,0.001346277721447082
2023-10-20,1173.756103515625,0.006087185356311102,3.705382556208832e-05
2023-10-23,1169.7943115234375,-0.0033810203021864974,1.1431298283797274e-05
2023-10-25,1172.934326171875,0.0026806489477501022,7.18587878107373e-06
2023-10-26,1138.267333984375,-0.03000135644216162,0.0009000813883696325
2023-10-27,1162.98779296875,0.02148515358034609,0.00046161182437105846
2023-10-30,1168.5350341796875,0.0047584794054607695,2.264312625219428e-05
2023-10-31,1171.5855712890625,0.0026071637762582643,6.797302956233253e-06
2023-11-01,1160.7861328125,-0.009260544222311843,8.575767929339326e-05
2023-11-02,1172.412109375,0.009965782224049544,9.931681533718188e-05
2023-11-03,1166.9296875,-0.0046871576607301,2.1969446936540863e-05
2023-11-06,1181.0550537109375,0.012032051464118456,0.00014477026243519506
2023-11-07,1184.9425048828125,0.0032861020130503116,1.079846644017331e-05
2023-11-08,1180.6661376953125,-0.003615451659025269,1.3071490698748569e-05
2023-11-09,1178.00146484375,-0.0022594739354875847,5.105222465147754e-06
2023-11-10,1173.6473388671875,-0.003703045238049602,1.3712544035041834e-05
2023-11-13,1171.150390625,-0.0021297778947994613,4.535953881176425e-06
2023-11-15,1175.439208984375,0.003655367036129998,1.3361708168825806e-05
2023-11-16,1171.0069580078125,-0.003777846097966437,1.4272121139920235e-05
2023-11-17,1185.1151123046875,0.01197588452001233,0.00014342181003667093
2023-11-20,1181.6871337890625,-0.002896719333684431,8.390982898141174e-06
2023-11-21,1185.134521484375,0.0029130966632376306,8.486132169366217e-06
2023-11-22,1184.0357666015625,-0.0009275441002387549,8.603380578877214e-07
2023-11-23,1186.0997314453125,0.0017416433509166297,3.0333215617921067e-06
2023-11-24,1173.7322998046875,-0.010481716246790585,0.0001098663754782337
2023-11-28,1177.6053466796875,0.0032943379131698475,1.0852662286148266e-05
2023-11-29,1170.258056640625,-0.006258723580279886,3.917162085435147e-05
2023-11-30,1178.45849609375,0.006982939482975492,4.8761443822898026e-05
2023-12-01,1183.440185546875,0.004218383183982932,1.7794756686909982e-05
2023-12-04,1186.5616455078125,0.0026341429149501347,6.938708896381993e-06
2023-12-05,1196.5831298828125,0.008410352195197575,7.073402404726466e-05
2023-12-06,1214.0684814453125,0.014506997305573109,0.00021045297082390545
2023-12-07,1214.3966064453125,0.00027023242263852696,7.302556224508746e-08
2023-12-08,1205.369384765625,-0.007461269884472973,5.567054828894333e-05
2023-12-11,1217.712646484375,0.010188155685249622,0.0001037985162668842
2023-12-12,1213.0302734375,-0.0038526318847741364,1.4842772439578314e-05
2023-12-13,1217.7587890625,0.0038905239967136915,1.5136176969005075e-05
2023-12-14,1205.5494384765625,-0.010076682576314408,0.00010153953174379837
2023-12-15,1184.7918701171875,-0.017368306433439736,0.0003016580683658641
2023-12-18,1184.2010498046875,-0.0004987945044335106,2.487959576530714e-07
2023-12-19,1239.4111328125,0.04556804630169588,0.0020764468437534994
2023-12-20,1220.3529052734375,-0.015496290393242596,0.00024013501595170276
2023-12-21,1221.233154296875,0.0007210469261360404,5.199086696902325e-07
2023-12-22,1233.5155029296875,0.010007094693521764,0.00010014194420511144
2023-12-26,1242.92919921875,0.007602626154688486,5.779992444795344e-05
2023-12-27,1250.631103515625,0.006177455408704177,3.81609553265285e-05
2023-12-28,1276.375,0.020375722177299337,0.000415170054246488
2023-12-29,1292.4404296875,0.012508208228107148,0.00015645527307768734
2024-01-01,1330.9554443359375,0.029364826401116886,0.0008622930295677313
2024-01-02,1323.6983642578125,-0.005467453520789271,2.9893048001990993e-05
2024-01-03,1295.1099853515625,-0.021833987683505293,0.00047672301816346083
2024-01-04,1318.5076904296875,0.017904937186877055,0.0003205867756660128
2024-01-05,1296.51025390625,-0.016824324626644103,0.00028305789914270324
2024-01-08,1273.6083984375,-0.01782210454193836,0.00031762741030377995
2024-01-09,1260.6258544921875,-0.010245822778503217,0.00010497688440849538
2024-01-10,1253.5753173828125,-0.005608585080762122,3.145622660814746e-05
2024-01-11,1243.412841796875,-0.008139831708579539,6.62568602439969e-05
2024-01-12,1239.7174072265625,-0.002976434522490393,8.859162466672613e-06
2024-01-15,1238.7208251953125,-0.0008042016717818157,6.467403288966671e-07
2024-01-16,1236.04638671875,-0.0021613665356684467,4.671505301507423e-06
2024-01-17,1236.5567626953125,0.0004128248270910507,1.704243378627559e-07
2024-01-18,1216.5723876953125,-0.016293326507772366,0.00026547248868887766
2024-01-19,1222.480224609375,0.004844379689081503,2.34680145719854e-05
2024-01-23,1197.5604248046875,-0.020595257890401775,0.0004241646475721566
2024-01-24,1222.383056640625,0.020515770444583217,0.00042089683693483424
2024-01-25,1206.9205322265625,-0.01273017773689074,0.00016205742521282864
2024-01-29,1214.8948974609375,0.006585468038741331,4.336838928928359e-05
2024-01-30,1211.734130859375,-0.0026050692975229037,6.786386044896475e-06
2024-01-31,1218.5174560546875,0.005582420229900504,3.11634156232024e-05
2024-02-01,1199.94287109375,-0.01536097159700309,0.00023595944840393567
2024-02-02,1206.555908203125,0.005495995935971062,3.020597132821043e-05
2024-02-05,1197.463134765625,-0.007564679510126045,5.722437609092082e-05
2024-02-06,1194.5213623046875,-0.0024596931524482933,6.050090404201023e-06
2024-02-07,1215.4056396484375,0.01733230935447794,0.00030040894755932354
2024-02-08,1178.1839599609375,-0.031103644874499542,0.0009674367244789816
2024-02-09,1191.336669921875,0.011101692790877358,0.0001232475828230183
2024-02-12,1195.6883544921875,0.0036461196232235797,1.3294188306856058e-05
2024-02-13,1194.8619384765625,-0.0006914023528199045,4.780372134848997e-07
2024-02-14,1209.27880859375,0.01199350990552465,0.00014384427985391789
2024-02-15,1196.381591796875,-0.01072249463196149,0.00011497189113244295
2024-02-16,1213.0091552734375,0.013802516234955525,0.00019050945441621082
2024-02-19,1225.491943359375,0.010238172236278606,0.00010482017073970608
2024-02-20,1238.2430419921875,0.01035112344517489,0.00010714575657724929
2024-02-21,1240.291015625,0.0016525688582737365,2.730983831336161e-06
2024-02-22,1249.8238525390625,0.007656581313877828,5.862323741602313e-05
2024-02-23,1257.552490234375,0.006164740442082849,3.8004024718251836e-05
2024-02-26,1259.9417724609375,0.0018981437053018212,3.602949525976927e-06
2024-02-27,1267.1585693359375,0.005711539327740903,3.2621681492331003e-05
2024-02-28,1253.602783203125,-0.010755414665091018,0.00011567894461805495
2024-02-29,1265.9393310546875,0.009792768590325136,9.589831666365856e-05
2024-03-01,1268.499267578125,0.002020121848986283,4.080892284751758e-06
2024-03-04,1262.4774169921875,-0.004758528188482406,2.2643590520581646e-05
2024-03-05,1237.8773193359375,-0.019677920975791026,0.00038722057392947645
2024-03-06,1235.1466064453125,-0.0022084007938396647,4.8770340662316616e-06
2024-03-07,1248.7510986328125,0.010954258059452476,0.00011999576963307952
2024-03-11,1273.39990234375,0.019546481145134784,0.0003820649251571096
2024-03-12,1262.9893798828125,-0.008208977222262819,6.738730703562977e-05
2024-03-13,1259.4786376953125,-0.0027835789630592392,7.74831184358595e-06
2024-03-14,1274.00927734375,0.011470983456827961,0.00013158346146682076
2024-03-15,1269.572021484375,-0.0034889864638134463,1.2173026544673457e-05
2024-03-18,1258.2108154296875,-0.008989128647965453,8.080443384967321e-05
2024-03-19,1217.1051025390625,-0.03321555180700279,0.0011032728818436862
2024-03-20,1243.53369140625,0.021481905644023993,0.0004614722700987499
2024-03-21,1245.19140625,0.0013321801515756265,1.774703956252059e-06
2024-03-22,1254.8218994140625,0.007704391635956734,5.935765048020008e-05
2024-03-26,1261.0146484375,0.0049230237442044,2.4236162786000306e-05
2024-03-27,1251.4329833984375,-0.007627392006426182,5.8177108819694015e-05
2024-03-28,1278.690673828125,0.02154736189570213,0.0004642888046643562
2024-04-01,1260.7708740234375,-0.01411330466152405,0.00019918536846899647
2024-04-02,1279.15380859375,0.014475433613357604,0.00020953817829472317
2024-04-03,1245.337890625,-0.02679188109376403,0.0007178048925423905
2024-04-04,1243.2166748046875,-0.0017047778365118808,2.906267471862129e-06
2024-04-05,1237.3897705078125,-0.004697976194495584,2.207098032404721e-05
2024-04-08,1218.080322265625,-0.01572802401198056,0.00024737073932143704
2024-04-09,1220.396484375,0.0018996799966367604,3.608784089621842e-06
2024-04-10,1232.4893798828125,0.0098602170287537,9.722387985412444e-05
2024-04-12,1236.6824951171875,0.0033963769858165677,1.1535376629784433e-05
2024-04-15,1245.19140625,0.0068568709042743665,4.7016678597884365e-05
2024-04-16,1241.510009765625,-0.002960869487711031,8.766748123258183e-06
2024-04-18,1200.77001953125,-0.03336535462582911,0.0011132468893073361
2024-04-19,1188.65283203125,-0.010142442025788566,0.00010286913024648206
2024-04-22,1198.8927001953125,0.008577789040600393,7.357846482504422e-05
2024-04-23,1219.6407470703125,0.01715796480497153,0.00029439575624864176
2024-04-24,1219.104248046875,-0.00043997960686036704,1.9358205445300312e-07
2024-04-25,1249.5799560546875,0.024691093526378542,0.0006096500995283724
2024-04-26,1210.6197509765625,-0.031675040312105975,0.0010033081787735386
2024-04-29,1223.809814453125,0.010836372295214081,0.0001174269645204833
2024-04-30,1222.639404296875,-0.0009568236582009489,9.155115128930463e-07
2024-05-02,1225.0286865234375,0.0019522932822539723,3.8114490599339883e-06
2024-05-03,1197.625,-0.022623832303755982,0.0005118377881084727
2024-05-06,1198.2586669921875,0.000528963084220328,2.798019444678818e-07
2024-05-07,1223.2489013671875,0.020640960987422227,0.00042604927048428635
2024-05-08,1238.0479736328125,0.012025571366098366,0.0001446143666811249
2024-05-09,1225.589599609375,-0.010113890416865659,0.00010229077936436701
2024-05-10,1235.2197265625,0.007826836489886031,6.12593694394115e-05
2024-05-13,1226.9547119140625,-0.006713615057554606,4.507262714102394e-05
2024-05-14,1212.86279296875,-0.011551745671322734,0.0001334428280549235
2024-05-15,1201.9647216796875,-0.009026023772599145,8.146910514352491e-05
2024-05-16,1203.5982666015625,0.001358139596367511,1.844543163221306e-06
2024-05-17,1192.456298828125,-0.009300329170710003,8.649612268355942e-05
2024-05-21,1199.916748046875,0.006236881335838416,3.8898688797329584e-05
2024-05-22,1203.9881591796875,0.0033873345102229052,1.147403508414705e-05
2024-05-23,1206.42626953125,0.002022980906527131,4.092451748173333e-06
2024-05-24,1203.3056640625,-0.002590003617991796,6.708118741210594e-06
2024-05-27,1199.4776611328125,-0.003186309916686627,1.0152570885175538e-05
2024-05-28,1195.4793701171875,-0.0033389281544619932,1.1148441220658973e-05
2024-05-29,1207.4259033203125,0.00994348946458477,9.887298273230832e-05
2024-05-30,1172.6104736328125,-0.029258303469701912,0.000856048321925171
2024-05-31,1148.2784423828125,-0.0209686233646068,0.00043968316580673413
2024-06-03,1148.351806640625,6.388861060126799e-05,4.081754564560453e-09
2024-06-04,1183.8011474609375,0.030402869848889118,0.000924334495048491
2024-06-05,1223.8343505859375,0.03325826786592621,0.0011061123814416996
2024-06-06,1205.08544921875,-0.01543836379978664,0.00023834307681456257
2024-06-07,1220.225830078125,0.012485471593266104,0.00015588700090625484
2024-06-10,1242.5341796875,0.018117039176641054,0.0003282271085279468
2024-06-11,1239.4864501953125,-0.0024558466495226074,6.031182765971416e-06
2024-06-12,1237.2191162109375,-0.001830927865247208,3.3522968477386985e-06
2024-06-13,1244.2650146484375,0.005678793013383218,3.224869008885005e-05
2024-06-14,1239.754638671875,-0.003631517912836572,1.3187922351252891e-05
2024-06-18,1243.58251953125,0.0030828547613113923,9.503993479340322e-06
2024-06-19,1231.7335205078125,-0.009573799333825649,9.165763368436043e-05
2024-06-20,1238.413818359375,0.005408838600636311,2.9255535007733364e-05
2024-06-21,1218.2508544921875,-0.016415277876217195,0.0002694613477534257
2024-06-24,1233.683837890625,0.012588579340426015,0.00015847232981020066
2024-06-25,1226.564697265625,-0.005787350662851048,3.349342769480246e-05
2024-06-26,1235.73193359375,0.007446120479088164,5.544471018909614e-05
2024-06-27,1235.488037109375,-0.00019738953881756323,3.89626300346103e-08
2024-06-28,1244.2161865234375,0.00703969882874371,4.9557359599415566e-05
2024-07-01,1252.2376708984375,0.0064263250505032414,4.129765365472549e-05
2024-07-02,1240.70556640625,-0.00925186468665929,8.55970001802532e-05
2024-07-03,1244.1431884765625,0.002766868008874706,7.65555857853428e-06
2024-07-04,1241.046630859375,-0.00249201022440446,6.210114958536368e-06
2024-07-05,1255.1875,0.011329883069071064,0.00012836625035882315
2024-07-08,1269.4503173828125,0.011299022003297679,0.0001276678982310051
2024-07-09,1283.932373046875,0.011343549096045102,0.00012867610609438565
2024-07-10,1275.8135986328125,-0.006343443238768808,4.0239272123481706e-05
2024-07-11,1264.4765625,-0.008925839713294737,7.967061458742948e-05
2024-07-12,1272.180908203125,0.006074426273227956,3.689865454888207e-05
2024-07-15,1270.2791748046875,-0.0014959792413760176,2.237953890627965e-06
2024-07-16,1276.8662109375,0.005172104312256852,2.675066301686592e-05
2024-07-18,1286.5382080078125,0.0075462481824064755,5.6945861630473036e-05
2024-07-19,1272.238037109375,-0.011177467986122396,0.00012493579058079103
2024-07-22,1267.071533203125,-0.00406922503330824,1.6558592371702448e-05
2024-07-23,1264.255615234375,-0.002224855947245335,4.949983985992938e-06
2024-07-24,1244.593017578125,-0.01567491955808443,0.0002457031031524177
2024-07-25,1214.8419189453125,-0.024194622499984983,0.0005853797579167796
2024-07-26,1213.005615234375,-0.0015127013004302557,2.288265224323387e-06
2024-07-29,1209.7734375,-0.002668158822188567,7.119071500422682e-06
2024-07-30,1203.578125,-0.00513420937533647,2.6360105909792907e-05
2024-07-31,1202.94189453125,-0.000528755612593786,2.795824978494299e-07
2024-08-01,1216.482666015625,0.01119349872428985,0.0001252944136906785
2024-08-02,1221.9188232421875,0.004458795039943231,1.9880853208222358e-05
2024-08-05,1229.65625,0.006312229662667829,3.984424331426362e-05
2024-08-06,1228.48095703125,-0.0009562469132693828,9.144081591372224e-07
2024-08-07,1235.484130859375,0.005684490190692316,3.2313428728077156e-05
2024-08-08,1218.9803466796875,-0.013448174182522143,0.00018085338884345513
2024-08-09,1226.6199951171875,0.006247687455030548,3.903359853574609e-05
2024-08-12,1211.1446533203125,-0.012696508412631508,0.00016120132587202265
2024-08-13,1216.8253173828125,0.004679361356656055,2.1896422706165997e-05
2024-08-14,1211.879150390625,-0.00407309649728068,1.6590115076160148e-05
2024-08-16,1236.78173828125,0.020340461668644817,0.0004137343808936091
2024-08-19,1225.8607177734375,-0.008869409421577388,7.866642348756573e-05
2024-08-20,1233.3782958984375,0.006113762427525009,3.73780910202165e-05
2024-08-21,1249.66162109375,0.013115825091076434,0.00017202486781971014
2024-08-22,1249.29443359375,-0.0002938727169322097,8.636117375711865e-08
2024-08-23,1238.6182861328125,-0.008582465862905134,7.365872028793197e-05
2024-08-26,1233.892578125,-0.0038226030312570537,1.4612293934575617e-05
2024-08-27,1234.8228759765625,0.0007536696009678394,5.680178674230222e-07
2024-08-28,1220.6453857421875,-0.011547815954165196,0.00013335205331127225
2024-08-29,1226.5465087890625,0.00482278034510742,2.3259210257154442e-05
2024-08-30,1224.685546875,-0.0015183893073693975,2.305506088733719e-06
2024-09-02,1229.16650390625,0.003652185966614166,1.333846233473345e-05
2024-09-03,1239.37744140625,0.00827288957630322,6.844070194170648e-05
2024-09-04,1241.3363037109375,0.001579273477786125,2.4941047176386824e-06
2024-09-05,1226.7178955078125,-0.011846238353721285,0.00014033336313317717
2024-09-06,1225.8853759765625,-0.0006788864492714835,4.608868110044425e-07
2024-09-09,1232.5211181640625,0.005398422367286281,2.9142964055616817e-05
2024-09-10,1241.70361328125,0.007422557182525629,5.5094355127862804e-05
2024-09-11,1237.467529296875,-0.003417342219033062,1.1678227841985812e-05
2024-09-12,1237.957275390625,0.0003956865094124884,1.5656781373103926e-07
2024-09-13,1239.6956787109375,0.0014032664281737209,1.9691566684394327e-06
2024-09-16,1248.60888671875,0.007164111864579489,5.13244988082086e-05
2024-09-17,1247.2620849609375,-0.0010792239693602221,1.1647243760416337e-06
2024-09-18,1271.895263671875,0.01955730464996874,0.0003824881651716889
2024-09-19,1290.039794921875,0.014164945027199496,0.00020064566762358372
2024-09-20,1322.0433349609375,0.024505454067255905,0.000600517279042389
2024-09-23,1334.5804443359375,0.009438447810484718,8.908429707124377e-05
2024-09-24,1320.5008544921875,-0.01060586869986084,0.00011248445087868788
2024-09-25,1320.966064453125,0.0003522360718665887,1.2407025032400464e-07
2024-09-26,1349.4437255859375,0.02132911648661006,0.0004549312100993811
2024-09-27,1344.644287109375,-0.0035629448861221494,1.2694576261543975e-05
2024-09-30,1317.342041015625,-0.020513406246272046,0.000420799835824593
2024-10-01,1325.71630859375,0.00633682234216163,4.015531739611881e-05
2024-10-03,1309.947265625,-0.011966042465833654,0.00014318617229413437
2024-10-04,1272.385009765625,-0.029093781401962508,0.0008464481162651795
2024-10-07,1260.484619140625,-0.009396834370463108,8.83004961859168e-05
2024-10-08,1264.3536376953125,0.0030647678698801557,9.392802096249746e-06
2024-10-09,1232.1539306640625,-0.025797232224817467,0.0006654971904611608
2024-10-10,1230.4154052734375,-0.0014119607956500457,1.9936332884527102e-06
2024-10-11,1230.0970458984375,-0.000258774855315186,6.696442574339545e-08
2024-10-14,1225.3223876953125,-0.0038890823749642115,1.5124961719257272e-05
2024-10-15,1216.6051025390625,-0.007139706008203144,5.0975401883572074e-05
2024-10-16,1205.8310546875,-0.008895275825158505,7.912593200564932e-05
2024-10-17,1164.9144287109375,-0.03452136859836664,0.0011917248899042943
2024-10-18,1150.981689453125,-0.012032411337776664,0.00014477892260145642
2024-10-21,1153.1363525390625,0.0018702719867111296,3.497917304276396e-06
2024-10-22,1150.981689453125,-0.0018702719867111446,3.4979173042764517e-06
2024-10-23,1139.6688232421875,-0.009877506958429799,9.756514371382909e-05
2024-10-24,1106.1226806640625,-0.029876894482085036,0.0008926288238936433
2024-10-25,1107.12646484375,0.0009070684613602284,8.227731935944121e-07
2024-10-28,1112.68505859375,0.005008177775113766,2.5081844627143467e-05
2024-10-29,1110.40771484375,-0.002048807475628376,4.197612072190718e-06
2024-10-30,1114.766357421875,0.003917579489124866,1.5347429053611843e-05
2024-10-31,1108.2283935546875,-0.005882139591375401,3.4599566172425964e-05
2024-11-01,1117.7047119140625,0.008514519673971679,7.249704527845078e-05
2024-11-04,1100.025390625,-0.015943956199664697,0.0002542097392968263
2024-11-05,1107.9835205078125,0.007208453102295902,5.1961796127999414e-05
2024-11-06,1114.423583984375,0.005795591176561121,3.358887708583312e-05
2024-11-07,1108.179443359375,-0.005618778500537449,3.157067183810186e-05
2024-11-08,1124.2425537109375,0.01439099560496078,0.00020710075450200047
2024-11-11,1116.1131591796875,-0.00725726737438019,5.266792974324313e-05
2024-11-12,1104.9227294921875,-0.010076851469928096,0.00010154293554699203
2024-11-13,1094.6629638671875,-0.009328884128656357,8.702807908589648e-05
2024-11-14,1068.9769287109375,-0.023744470647202236,0.0005637998863158485
2024-11-18,1083.864501953125,0.01383084731889663,0.0001912923375586301
2024-11-19,1084.32958984375,0.00042900946877208153,1.840491242961036e-07
2024-11-21,1082.885009765625,-0.0013331215951842325,1.7772131875465527e-06
2024-11-22,1100.5643310546875,0.01619429160197556,0.0002622550804898161
2024-11-25,1105.2901611328125,0.004284813277786465,1.835962482549519e-05
2024-11-26,1109.354736328125,0.0036706379100963126,1.3473582667036225e-05
2024-11-27,1113.615478515625,0.0038333823607873845,1.4694820323995862e-05
2024-11-28,1095.152587890625,-0.01671820679853367,0.0002794984385585374
2024-11-29,1094.369140625,-0.0007156332717390352,5.121309796199158e-07
2024-12-02,1102.7926025390625,0.00766762229488161,5.879243165696553e-05
2024-12-03,1107.6163330078125,0.004364566256153497,1.9049438604353754e-05
2024-12-04,1105.706298828125,-0.0017259432731233251,2.978880182039657e-06
2024-12-05,1109.477294921875,0.003404683699473673,1.1591871093461736e-05
2024-12-06,1110.6036376953125,0.0010146863148352222,1.0295883175138838e-06
2024-12-09,1091.52880859375,-0.017324395011847505,0.0003001346625265267
2024-12-10,1084.476806640625,-0.006481625408024811,4.20114679299528e-05
2024-12-11,1097.50341796875,0.01194031545204987,0.00014257113309446088
2024-12-12,1089.1781005859375,-0.007614604631554899,5.798220369489732e-05
2024-12-13,1103.6005859375,0.01315471864060066,0.00017304662251336648
2024-12-16,1096.376953125,-0.006567029567054769,4.3125877334571547e-05
2024-12-17,1078.8448486328125,-0.016120180603580905,0.00025986022269206606
2024-12-18,1071.5478515625,-0.006786690707637795,4.60591707611372e-05
2024-12-19,1058.0069580078125,-0.012717283434023003,0.0001617292979412759
2024-12-20,1059.5250244140625,0.0014338075447477248,2.055804075375499e-06
2024-12-23,1053.697265625,-0.005515532928484927,3.0421103485201517e-05
2024-12-24,1061.092041015625,0.006993420579513515,4.890793140196314e-05
2024-12-26,1052.86474609375,-0.007783826530025421,6.058795544952758e-05
2024-12-27,1060.5535888671875,0.007276246798128664,5.2943767467277634e-05
2024-12-30,1057.761962890625,-0.002635705138784415,6.946941578614572e-06
2024-12-31,1062.732666015625,0.004688257316766619,2.1979756668215743e-05
2025-01-01,1062.341064453125,-0.00036855339305920403,1.3583160353545215e-07
2025-01-02,1077.498046875,0.014166706118896253,0.00020069556225917255
2025-01-03,1093.4141845703125,0.014663349946831508,0.0002150138316632436
2025-01-06,1070.05419921875,-0.02159577962950479,0.0004663776978061341
2025-01-07,1083.59521484375,0.012575114572317343,0.000158133506506908
2025-01-08,1087.145751953125,0.003271270344952294,1.07012096697643e-05
2025-01-09,1104.849365234375,0.016153319038584642,0.0002609297159623011
2025-01-10,1100.85791015625,-0.0036192104723579157,1.3098684443225207e-05
2025-01-13,1095.69140625,-0.004704208911105611,2.2129581479325435e-05
2025-01-14,1086.7293701171875,-0.008212977631222005,6.745300157095302e-05
2025-01-15,1077.2286376953125,-0.008780940696258139,7.710491951120237e-05
2025-01-16,1062.365478515625,-0.013893661566323287,0.00019303383171952884
2025-01-17,1085.8233642578125,0.021840554925031844,0.00047700983943333277
2025-01-20,1084.25634765625,-0.0014442021325967271,2.0857197997969345e-06
2025-01-21,1075.66162109375,-0.007958424394019505,6.333651883532472e-05
2025-01-22,1081.219970703125,0.005154072374725119,2.6564462043904627e-05
2025-01-23,1076.8858642578125,-0.00401658917921437,1.6132988634581966e-05
2025-01-24,1081.26904296875,0.00406197416413057,1.649963411006424e-05
2025-01-27,1065.034423828125,-0.015128269620755827,0.00022886454171828366
2025-01-28,1055.9990234375,-0.00851986097377907,7.258803101252365e-05
2025-01-29,1067.948486328125,0.011252245091005954,0.00012661301958806758
2025-01-30,1085.8968505859375,0.01666673035694896,0.00027777990079124403
2025-01-31,1132.837158203125,0.0423190095489313,0.0017908985692025386
2025-02-01,1139.6934814453125,0.006034104822193677,3.6410421005220986e-05
2025-02-03,1134.7471923828125,-0.004349462192762787,1.891782136627287e-05
2025-02-04,1126.103515625,-0.00764643047146593,5.846789895496268e-05
2025-02-05,1101.3721923828125,-0.02220660765466154,0.0004931334235280725
2025-02-06,1096.7197265625,-0.0042331921862417046,1.791991608565782e-05
2025-02-07,1096.6705322265625,-4.485689288405307e-05,2.012140839211411e-09
2025-02-10,1094.6744384765625,-0.0018217983282086965,3.3189491486640015e-06
2025-02-11,1082.081787109375,-0.011570236208134157,0.00013387036591201867
2025-02-12,1081.21923828125,-0.0007974376785382436,6.359068511524632e-07
2025-02-13,1073.23486328125,-0.0074120043196535075,5.4937808034562254e-05
2025-02-14,1082.25439453125,0.008368943487567596,7.003921509810007e-05
2025-02-17,1092.4320068359375,0.00936014186242639,8.761225568474696e-05
2025-02-18,1095.3397216796875,0.002658153515704034,7.065780113049716e-06
2025-02-19,1086.7393798828125,-0.00788274478632227,6.213766536629093e-05
2025-02-20,1087.62646484375,0.0008159482566424117,6.657715575177909e-07
2025-02-21,1091.66796875,0.003709006435390635,1.3756728737769144e-05
2025-02-24,1094.35400390625,0.002457465242001602,6.039135415645993e-06
2025-02-25,1109.1400146484375,0.013420715054911225,0.0001801155925851208
2025-02-27,1122.841552734375,0.012277619492761072,0.00015073994040902663
2025-02-28,1079.198486328125,-0.03964394963272008,0.0015716427424816467
2025-03-03,1077.177734375,-0.0018742114898534679,3.512668708698756e-06
2025-03-04,1057.931396484375,-0.01802892314222134,0.00032504206966812424
2025-03-05,1082.8211669921875,0.023254338261416915,0.0005407642479763986
2025-03-06,1084.89111328125,0.0019097985807871977,3.6473306191767944e-06
2025-03-07,1103.2503662109375,0.016781075572202563,0.00028160449735997354
2025-03-10,1108.154296875,0.004435134631350075,1.9670419198200766e-05
2025-03-11,1109.6328125,0.0013333253113311564,1.7777563858363252e-06
2025-03-12,1082.081787109375,-0.025142394655184495,0.0006321400089970499
2025-03-13,1080.3321533203125,-0.0016182231700937286,2.6186462282281964e-06
2025-03-17,1071.6578369140625,-0.008061713507126146,6.499122467098016e-05
2025-03-18,1071.6578369140625,0.0,0.0
2025-03-19,1076.4139404296875,0.004428261045885359,1.9609495890505692e-05
2025-03-20,1094.9210205078125,0.017047142515099173,0.00029060506793010174
2025-03-21,1118.2333984375,0.021067883923016048,0.00044385573299367807
2025-03-24,1115.6212158203125,-0.0023387232017279846,5.4696262143007955e-06
2025-03-25,1111.333251953125,-0.0038509715653734402,1.4829981997314764e-05
2025-03-26,1105.714599609375,-0.005068600002218073,2.5690705982485054e-05
2025-03-27,1105.024658203125,-0.0006241725940420046,3.8959142715312505e-07
2025-03-28,1109.3125,0.0038728042297402816,1.4998612601894216e-05
2025-04-01,1101.0570068359375,-0.007469820340274348,5.579821591597638e-05
2025-04-02,1089.5732421875,-0.010484535078330578,0.00010992547580874438
2025-04-03,1106.798828125,0.015685811486622875,0.00024604468199387013
2025-04-04,1114.93115234375,0.007320746094319206,5.3593323377489906e-05
2025-04-07,1108.4500732421875,-0.005829947094721361,3.398828312725004e-05
2025-04-08,1121.4615478515625,0.011670078900127551,0.00013619074153520228
2025-04-09,1155.6910400390625,0.030065680091789046,0.0009039451193818002
2025-04-11,1163.84765625,0.007032993107505624,4.946299205022161e-05
2025-04-15,1167.05126953125,0.002748823866220031,7.556032647500839e-06
2025-04-16,1174.6416015625,0.0064827960215819895,4.2026644257439275e-05
2025-04-17,1191.053955078125,0.013875510558373745,0.0001925297932555413
2025-04-21,1182.57666015625,-0.00714292351221441,5.1021356301345434e-05
2025-04-22,1186.4703369140625,0.003287127919899166,1.0805209961780617e-05
2025-04-23,1199.333984375,0.010783593609055547,0.00011628589112526363
2025-04-24,1199.2354736328125,-8.214124624493494e-05,6.747184334671038e-09
2025-04-25,1189.5260009765625,-0.008129339183677987,6.608615556328228e-05
2025-04-28,1185.82958984375,-0.003112303800619058,9.686434947347832e-06
2025-04-29,1176.7115478515625,-0.007718881266103963,5.9581128000210716e-05
2025-04-30,1177.0565185546875,0.00029312208838117677,8.59205586969424e-08
2025-05-02,1149.2591552734375,-0.023899324312896382,0.0005711777026130001
2025-05-05,1147.48486328125,-0.001545050149965677,2.3871799659089615e-06
2025-05-06,1161.432861328125,0.012081996312780927,0.00014597463490205193
2025-05-07,1152.511962890625,-0.00771059235475972,5.945323446127905e-05
2025-05-08,1153.6455078125,0.000983059507049392,9.664059944001935e-07
2025-05-09,1146.1046142578125,-0.006558034726249865,4.300781947069914e-05
2025-05-12,1174.8880615234375,0.024803975705313504,0.0006152372107897826
2025-05-13,1168.18505859375,-0.005721563836896235,3.273629273967877e-05
2025-05-14,1168.2835693359375,8.432447246945863e-05,7.1106166572524865e-09
2025-05-15,1181.9359130859375,0.011618061561607562,0.00013497935444930313
2025-05-16,1187.209716796875,0.004452079564400784,1.9821012447755075e-05
2025-05-19,1186.716796875,-0.0004152781698339056,1.7245595834059814e-07
2025-05-20,1162.4185791015625,-0.02068768331716913,0.00042798024103147793
2025-05-21,1179.2252197265625,0.014354812829656543,0.0002060606513744721
2025-05-22,1163.9957275390625,-0.012998950570202254,0.0001689727159265615
2025-05-23,1189.9696044921875,0.022069085550261672,0.0004870445370247685
2025-05-26,1209.487060546875,0.016268588473384294,0.0002646669709163323
2025-05-27,1212.8876953125,0.0028076886050479805,7.883115302916275e-06
2025-05-28,1192.23681640625,-0.017172821039770518,0.00029490578246398497
2025-05-29,1200.1226806640625,0.006592565062799806,4.346191410724861e-05
2025-05-30,1180.99951171875,-0.01606266168729633,0.00025800910048053737
2025-06-02,1185.9774169921875,0.004206135304463151,1.769157419945132e-05
2025-06-03,1178.6337890625,-0.0062112972490048985,3.858021351549582e-05
2025-06-04,1181.64013671875,0.0025474579448001734,6.4895419805255235e-06
2025-06-05,1183.51318359375,0.0015838696379476963,2.5086430300125666e-06
2025-06-06,1191.3494873046875,0.006599398144185666,4.355205586548121e-05
2025-06-09,1190.4132080078125,-0.000786207078434472,6.18121570180468e-07
2025-06-10,1198.3482666015625,0.006643683653552141,4.413853248847593e-05
2025-06-11,1192.3353271484375,-0.005030320321924459,2.5304122541166193e-05
2025-06-12,1175.775146484375,-0.013986214577495066,0.00019561419820773548
2025-06-13,1171.4381103515625,-0.0036954810611580647,1.3656580273377937e-05
2025-06-16,1177.84521484375,0.005454531864053276,2.9751917855972508e-05
2025-06-17,1164.1435546875,-0.01170100955462624,0.00013691362459745458
2025-06-18,1153.6949462890625,-0.009015881970363637,8.128612770352808e-05
2025-06-19,1142.9010009765625,-0.009400020761164299,8.836039031031983e-05
2025-06-20,1163.3548583984375,0.017738182553661667,0.0003146431203070271
2025-06-23,1162.71435546875,-0.0005507170139711535,3.0328922947730367e-07
2025-06-24,1166.0164794921875,0.0028359879012756707,8.042827376181983e-06
2025-06-25,1185.041015625,0.01618416514622677,0.0002619272014803414
2025-06-26,1198.3482666015625,0.011166777795485623,0.00012469692633375074
2025-06-27,1211.803466796875,0.011165554264851555,0.00012466960204134475
2025-06-30,1215.056396484375,0.0026807741846399,7.186550229031721e-06
2025-07-01,1187.850341796875,-0.022645254488359242,0.0005128075508425544
2025-07-02,1176.9580078125,-0.009212087749389709,8.486256070245596e-05
2025-07-03,1177.1551513671875,0.0001674885970366869,2.805243013731768e-08
2025-07-04,1184.2823486328125,0.0060363392272586285,3.64373912665413e-05
2025-07-07,1198.783935546875,0.012170677764471782,0.00014812539724660785
2025-07-08,1196.7052001953125,-0.0017355418919062211,3.012105658561425e-06
2025-07-09,1201.6051025390625,0.004086134438701375,1.6696494651141398e-05
2025-07-10,1188.5386962890625,-0.010933682253945419,0.00011954540763024097
2025-07-11,1189.5780029296875,0.0008740586255784991,7.639784809481749e-07
2025-07-14,1184.331787109375,-0.004419902039208529,1.953553403619971e-05
2025-07-15,1195.913330078125,0.009731463607666533,9.470138394733813e-05
2025-07-16,1217.5419921875,0.017923879470149194,0.00032126545526043574
2025-07-17,1212.1470947265625,-0.004440820314009306,1.9720885061317713e-05
2025-07-18,1223.580078125,0.009387806230800289,8.813090582705273e-05
2025-07-21,1223.778076171875,0.00016180553464092065,2.618103104043417e-08
2025-07-22,1209.3756103515625,-0.011838655414991444,0.00014015376203490624
2025-07-23,1213.8299560546875,0.0036764117596586364,1.3516003426556311e-05
2025-07-24,1149.2904052734375,-0.054635900643351464,0.002985081639110173
2025-07-25,1125.781005859375,-0.020667690813105644,0.00042715344354613146
2025-07-28,1103.3602294921875,-0.02011674461555167,0.0004046834139273272
2025-07-29,1100.588623046875,-0.0025151290631710717,6.325874204407793e-06
2025-07-30,1104.44921875,0.0035016175909675547,1.2261325753373422e-05
2025-07-31,1112.467041015625,0.007233342431236166,5.232124272752153e-05
2025-08-01,1126.72119140625,0.012731705829077965,0.00016209633331817786
2025-08-04,1127.1666259765625,0.0003952588701852927,1.5622957446015407e-07
2025-08-05,1122.1678466796875,-0.004444681381946547,1.9755192587022267e-05
2025-08-06,1105.3399658203125,-0.015109442855835539,0.0002282952634137596
2025-08-07,1105.9835205078125,0.0005820538782751152,3.387867172151026e-07
2025-08-08,1085.3941650390625,-0.018791796135363494,0.00035313160199306235
2025-08-11,1093.80810546875,0.00772207550818421,5.963045015409843e-05
2025-08-12,1080.0487060546875,-0.01265914396058448,0.0001602539258148025
2025-08-13,1085.7900390625,0.005301730305665802,2.8108344234015197e-05
2025-08-14,1078.3660888671875,-0.006860853725603554,4.7071313844128166e-05
2025-08-18,1132.511962890625,0.04899112668000904,0.0024001304933766936
2025-08-19,1149.63671875,0.015007854152051685,0.000225235686249255
2025-08-20,1178.244140625,0.024579318132027548,0.0006041428798354182
2025-08-21,1167.4544677734375,-0.009199603827558255,8.46327105840245e-05
2025-08-22,1151.12158203125,-0.01408895422167239,0.00019849863106038024
2025-08-25,1141.3218994140625,-0.008549604288479182,7.309573348958162e-05
2025-08-26,1150.4285888671875,0.007947407391998592,6.316128425439385e-05
2025-08-28,1150.6265869140625,0.00017209326351458394,2.9616091347100028e-08
2025-08-29,1144.4893798828125,-0.005348071076139893,2.8601864235444117e-05
2025-09-01,1162.505126953125,0.015618687648072959,0.00024394340384806682
2025-09-02,1188.7366943359375,0.022313873075269334,0.0004979089316192297
2025-09-03,1182.698486328125,-0.005092461397379417,2.5933163083799524e-05
2025-09-04,1200.318115234375,0.01478793726106001,0.00021868308843704703
2025-09-05,1196.2596435546875,-0.003386892450601549,1.1471040471941766e-05
2025-09-08,1175.6702880859375,-0.01736128234793471,0.00030141412476470937
2025-09-09,1190.0235595703125,0.01213466199338614,0.0001472500216937301
2025-09-10,1205.1685791015625,0.01264635194121188,0.00015993021742099348
2025-09-11,1208.4351806640625,0.0027068267057433156,7.3269108149252104e-06
2025-09-12,1205.2674560546875,-0.0026247859863560595,6.889501474171152e-06
2025-09-15,1200.2191162109375,-0.004197360578677608,1.7617835827436825e-05
2025-09-16,1192.0032958984375,-0.006868803312825089,4.7180458950276924e-05
2025-09-17,1192.102294921875,8.304919368965218e-05,6.897168572501363e-09
2025-09-18,1196.8536376953125,0.003977761978312959,1.5822590356112227e-05
2025-09-19,1182.4014892578125,-0.012148614094644756,0.00014758882442060121
2025-09-22,1176.264404296875,-0.005203872941230627,2.70802935884723e-05
2025-09-23,1156.56591796875,-0.016888458914603104,0.00028522004451023706
2025-09-24,1166.66259765625,0.00869199322163445,7.555074616493924e-05
2025-09-25,1161.6141357421875,-0.004336657884069863,1.8806601603465303e-05
2025-09-26,1150.8245849609375,-0.009331818381399152,8.708283430341909e-05
2025-09-29,1140.826904296875,-0.0087253617222454,7.613193718402522e-05
2025-09-30,1141.2227783203125,0.000346946019995915,1.2037154079100586e-07
2025-10-01,1154.586181640625,0.011641695350529769,0.00013552907063454643
2025-10-03,1158.05078125,0.002996235256030981,8.977425709483038e-06
2025-10-06,1169.7310791015625,0.010035644732267016,0.0001007141651922787
2025-10-07,1164.880859375,-0.004155060311897118,1.7264526195502575e-05
2025-10-08,1168.5433349609375,0.003139145126206218,9.854232123384252e-06
2025-10-09,1175.7694091796875,0.0061647893372173395,3.8004627572268604e-05
2025-10-10,1187.350830078125,0.009801882639297519,9.60769032745621e-05
2025-10-13,1176.0662841796875,-0.009549420273482599,9.119142755960048e-05
2025-10-14,1163.5938720703125,-0.010661830715519379,0.00011367463420639246
2025-10-15,1209.029052734375,0.038304220457135475,0.0014672133048288358
2025-10-16,1263.6700439453125,0.04420261873695079,0.0019538715032042333
2025-10-17,1276.4393310546875,0.010054208533221441,0.00010108710922950285
2025-10-20,1272.380859375,-0.003184591149177477,1.0141620787419523e-05
2025-10-21,1274.2615966796875,0.0014770331360323093,2.1816268849374386e-06
2025-10-23,1259.9085693359375,-0.011327716673662523,0.00012831716503877193
2025-10-24,1269.0152587890625,0.007202058611026635,5.1869648236662896e-05
2025-10-27,1270.005126953125,0.0007797245108955669,6.079703128913311e-07
2025-10-28,1258.126708984375,-0.0093970616641477,8.830476791979435e-05
2025-10-29,1260.1064453125,0.0015723220326957599,2.472196574500526e-06
2025-10-30,1266.9365234375,0.00540560239062043,2.9220537205481306e-05
2025-10-31,1258.7205810546875,-0.006506006970331091,4.232812669799674e-05
2025-11-03,1253.8701171875,-0.0038609311862717057,1.490678962512544e-05
2025-11-04,1252.1875,-0.0013428401875551234,1.803219769313079e-06
2025-11-06,1253.2762451171875,0.000869096739347767,7.553291423449204e-07
2025-11-07,1249.91064453125,-0.0026890542035942155,7.23101250986772e-06
2025-11-10,1250.1087646484375,0.00015849486357975658,2.512062178116565e-08
2025-11-11,1255.256103515625,0.004109059063656829,1.6884366388620337e-05
2025-11-12,1265.253662109375,0.0079330071726565,6.293260280141948e-05
2025-11-13,1262.2840576171875,-0.0023498014177326665,5.521566702778449e-06
2025-11-14,1258.7205810546875,-0.0028270308440869374,7.992103393418902e-06
2025-11-17,1257.433837890625,-0.0010227856180406228,1.0460904204707388e-06
2025-11-18,1252.286376953125,-0.004102025496638619,1.6826613175073306e-05
2025-11-19,1266.045654296875,0.010927402810170295,0.00011940813217571766
2025-11-20,1266.2435302734375,0.00015628229048317993,2.4424154318669032e-08
2025-11-21,1267.7283935546875,0.0011719651960167994,1.3735024206746951e-06
2025-11-24,1256.3448486328125,-0.009020041029729321,8.136114017800039e-05
2025-11-25,1250.4056396484375,-0.004738580983994944,2.245414974187849e-05
2025-11-26,1263.8680419921875,0.010708882726403116,0.00011468016924785504
2025-11-27,1253.5732421875,-0.008178826061994682,6.689319575236344e-05
2025-11-28,1248.326904296875,-0.0041938888629789155,1.758870379501858e-05
2025-12-01,1247.8319091796875,-0.0003966054731801609,1.5729590135645936e-07
2025-12-02,1246.1492919921875,-0.0013493425227166398,1.8207252436113058e-06
2025-12-03,1229.3214111328125,-0.013595911319118279,0.00018484880459732856
2025-12-04,1229.81640625,0.0004025761552473854,1.6206756077376694e-07
2025-12-05,1234.270751953125,0.003615416394893764,1.3071235708466623e-05
2025-12-08,1202.4959716796875,-0.026080938389329837,0.0006802153472680189
2025-12-09,1203.48583984375,0.0008228393208725147,6.770645479739411e-07
2025-12-10,1197.0516357421875,-0.0053606490838541635,2.8736558600226483e-05
2025-12-11,1202.69384765625,0.004702350603307848,2.2112101196429686e-05
2025-12-12,1225.7579345703125,0.018995460887330468,0.0003608275343221016
2025-12-15,1230.9052734375,0.004190518572403933,1.7560445905662296e-05
2025-12-16,1228.0345458984375,-0.002334932169330576,5.45190823537479e-06
2025-12-17,1222.0953369140625,-0.004848086347532266,2.3503941233128745e-05
2025-12-18,1221.006591796875,-0.0008912810198101698,7.943818562738563e-07
2025-12-19,1231.796142578125,0.008797788932253667,7.740109009648512e-05
2025-12-22,1244.4664306640625,0.010233485573380805,0.00010472422698059306
2025-12-23,1243.7735595703125,-0.0005569166273169054,3.1015612978203694e-07
2025-12-24,1246.9410400390625,0.0025434324565290706,6.469048660925503e-06
2025-12-26,1259.71044921875,0.010188508211591629,0.00010380569957767004
2025-12-29,1267.0355224609375,0.005798045268547099,3.3617328936121403e-05
2025-12-30,1261.1953125,-0.004620005632540149,2.13444520447027e-05
