date,log_return,realized_var_proxy,parkinson_var_proxy,ewma_forecast_variance,ewma_forecast_volatility,garch_forecast_variance,garch_forecast_volatility,egarch_forecast_variance,egarch_forecast_volatility,gjr_garch_forecast_variance,gjr_garch_forecast_volatility
2022-01-03,0.0004870642503756,2.3723158399398185e-07,4.028624087227235e-05,0.00011604066622691196,0.010772217331028554,0.00014767401180425856,0.012152119642443395,0.00013548913936844433,0.01163998021340433,0.00015051231474816647,0.01226834604778356
2022-01-04,0.0167771726715348,0.0002814735228504,0.000176934171443,0.00010909246014833687,0.010444733608299298,0.00014141537629930943,0.011891819721947918,0.00012477711751818416,0.01117036783271635,0.00014421549103796468,0.012008975436645903
2022-01-05,0.0060410517356161,3.6494306072390624e-05,4.8848267747810045e-05,0.00011943532391046632,0.010928646938686707,0.00015186460966699292,0.012323335979636071,0.00013698599804922237,0.011704101761742434,0.0001490341695668181,0.012207955175491843
2022-01-06,-0.0101515689011203,0.0001030543511541,0.0001239385903884,0.00011445886284018174,0.010698544893590985,0.00014717503148851003,0.012131571682536028,0.00013335129312313796,0.011547783039317026,0.00014424708439532457,0.012010290770640175
2022-01-07,0.0102963730132843,0.0001060152972286,7.166609460300588e-05,0.00011377459213902241,0.010666517338804752,0.00014681521623458068,0.012116732902667314,0.0001395191855486129,0.011811823972131184,0.00014669741404670366,0.012111870790538663
2022-01-10,-0.0037731676354159,1.4236794004950233e-05,3.275534566543377e-05,0.00011330903444440243,0.010644671645682755,0.00014666570884551335,0.012110561871586031,0.0001415230824744489,0.011896347442574503,0.0001447478881973692,0.012031121651673596
2022-01-11,-0.0014137308714768,1.998634976966816e-06,4.312727019767178e-05,0.00010736470001803529,0.010361693877838472,0.0001413203201293516,0.011887822345970333,0.00013575792523161888,0.011651520297009265,0.00014021597509738764,0.011841282662675848
2022-01-12,0.0039446478231844,1.556024644895362e-05,1.9061280817339328e-05,0.00010104273611557115,0.010052001597471577,0.00013590540521262509,0.011657847366157489,0.00012668295811217383,0.011255352420611885,0.0001352517299334486,0.01162977772502332
2022-01-13,0.0004348262802693,1.890738940128773e-07,2.1553130989605747e-05,9.591378673557408e-05,0.009793558430701992,0.00013189463032351294,0.011484538751012727,0.00012133900902436201,0.011015398722895236,0.0001312781316065018,0.011457666935572083
2022-01-14,-0.0211395303841227,0.0004468797448612,0.0002286808955093,9.01703039650804e-05,0.009495804545433757,0.00012748015225300932,0.01129071088342135,0.00011224093573326921,0.010594382272377622,0.00012719415427185678,0.011278038582655088
2022-01-17,0.0108768816064198,0.00011830655348,0.0001554980772637,0.00011157287041885041,0.010562805991726366,0.00014895615446874097,0.012204759500651415,0.0001398555893097216,0.011826055526240421,0.0001584139943187051,0.012586262126568996
2022-01-18,-0.008426247504801,7.100164701216662e-05,0.0001671542282649,0.00011197689140252378,0.01058191340932838,0.00014925425335881806,0.012216965800018352,0.00014265569906162778,0.011943856121941012,0.00015556953001698672,0.012472751501452545
2022-01-19,-0.0254748802834316,0.0006489695254551,0.0002667764280357,0.00010951837673910225,0.010465102805949986,0.00014683035639604343,0.012117357649093446,0.0001450008479517046,0.01204162978801892,0.00015421723228914804,0.012418423099940993
2022-01-20,-0.02104303997716,0.0004428095314803,0.0004711367454558,0.00014188544566206648,0.011911567724781927,0.00017752101505800642,0.0133237012522049,0.00018196518607062665,0.013489447211454836,0.00019808137882734207,0.014074138653123397
2022-01-21,0.027731105504235,0.000769014212487,0.0004885265806438,0.00015994089081116376,0.01264677392899722,0.0001929087953224955,0.013889161073387243,0.00020807333740760687,0.014424747394932325,0.00022082192689865354,0.014860078293826502
2022-01-24,-0.0177011642111351,0.0003133312144295,0.0004154453861265,0.00019648529011171472,0.014017321074717334,0.00022502522781409523,0.015000840903565881,0.00023487237016182397,0.01532554632506861,0.0002348326893027077,0.015324251671866646
2022-01-25,0.0184963134561235,0.0003421136114671,0.0005938597528887,0.00020349604557078605,0.014265204014341542,0.0002274980134712073,0.01508303727606636,0.00025001222230244867,0.015811774799257945,0.00024324702877797294,0.01559637870718626
2022-01-27,-0.0138019878227107,0.0001904948678582,0.0001745353118358,0.0002118130995245694,0.014553800174681848,0.00023131632615819295,0.01520908696004441,0.0002562271384442581,0.016007096502622144,0.00023890360052249794,0.015456506737374327
2022-01-28,-0.0051541718508232,2.656548746781919e-05,0.0001128273596885,0.0002105340056245905,0.014509789992435814,0.00022607518392152943,0.015035796750472834,0.00026006127102094225,0.016126415318381895,0.00023727239074079032,0.015403648617804494
2022-01-31,-0.0043007292460377,1.849627204772432e-05,0.0001146337337924,0.00019949589453518415,0.014124301559198747,0.00021213565530607567,0.014564877455923742,0.0002431699152166173,0.01559390634884721,0.00022304839338282154,0.014934804765473887
2022-02-01,0.0139321939622695,0.0001941060286023,0.000118079216079,0.00018863591718593653,0.013734479137773538,0.0001993693114341407,0.014119819808841071,0.00022653402310023486,0.015051047242641785,0.0002098330393255314,0.01448561491016282
2022-02-02,0.0096040415110276,9.223761334554316e-05,8.94352698918327e-05,0.00018896412387091826,0.013746422220742321,0.00019807252612025458,0.014073824146984876,0.0002265264518626388,0.015050795721909151,0.00020386864987261742,0.014278257942501859
2022-02-03,-0.0128623058141647,0.000165438910857,0.00011885318744,0.00018316053323939562,0.013533681437044231,0.00019114099554646248,0.013825375059883998,0.00021896587423432656,0.014797495539256857,0.0001948273958785603,0.013958058456624987
2022-02-04,0.0036703375382021,1.3471377644335767e-05,6.045717086007123e-05,0.00018209723589645757,0.013494340884106107,0.00018917888583299758,0.013754231560977792,0.0002239703158408549,0.014965637836084865,0.0001963176593857457,0.01401134038505045
2022-02-07,-0.0214722737356474,0.0004610585393785,0.0004420287634957,0.00017197968440133023,0.013114102500793954,0.00017881407638210234,0.013372138063230664,0.00020679297548386376,0.014380298170895615,0.00018523574956168788,0.013610134075816
2022-02-08,0.002985305340183,8.912047974125544e-06,3.256902419840342e-05,0.0001893244156999648,0.013759520910989772,0.00019508712617788697,0.013967359312979922,0.00023283398260914954,0.015258898472994357,0.00021087811187806086,0.014521642878065169
2022-02-09,0.0058566385741459,3.430021538817408e-05,4.2953347039749795e-05,0.00017849967363641443,0.013360377002031583,0.00018377180062651712,0.013556245816099571,0.00021336950908371614,0.014607173206466614,0.00019795126237995037,0.014069515356967715
2022-02-10,0.0024117885346602,5.816723935918648e-06,5.9454721409868e-05,0.00016984770614152,0.013032563298964637,0.0001752230218451757,0.013237183304811325,0.00020107115292592167,0.014179956026938929,0.00018745079636653427,0.013691267157079884
2022-02-11,-0.0110766315273143,0.0001226917659918,6.33310839941167e-05,0.0001600058472091839,0.012649341769799087,0.00016605685784418903,0.012886305050098303,0.00018485936617692694,0.013596299723708908,0.000177107011044074,0.013308155809280037
2022-02-14,-0.0131283456025967,0.0001723534582612,6.252264292454704e-05,0.00015776700233614645,0.012560533521158504,0.000164602507365958,0.012829750869208567,0.00018890234873453492,0.013744175083814049,0.0001773048589584942,0.013315587067737352
2022-02-15,0.0272444029202192,0.0007422574904792,0.0004689040412447,0.00015864218969165086,0.012595324120150735,0.00016613936057523454,0.012889505831304571,0.0001969628890595851,0.01403434676283813,0.00018135175536819844,0.013466690587081833
2022-02-16,-0.0015731264317634,2.4747267703127734e-06,5.6881074117684944e-05,0.00019365910773890677,0.013916145577670088,0.00019986912637308174,0.014137507785075902,0.00022334618778501193,0.014944771252348159,0.00019891856978324985,0.014103849466838826
2022-02-17,0.0091638013863697,8.39752558488316e-05,9.379089799328837e-05,0.00018218804488079113,0.01349770517090928,0.00018762842784836653,0.013697752656854573,0.00020354921964317767,0.014267067660986881,0.00018723242058868867,0.013683289830617807
2022-02-18,0.0021645497497544,4.685275619162264e-06,7.71618041992619e-05,0.00017629527753887353,0.013277623188616009,0.0001814499891896297,0.013470337382175315,0.00019775233515234537,0.014062444138639107,0.00017980140456351945,0.013409004607483713
2022-02-21,-0.007705077353466,5.936821702289503e-05,2.552103056316029e-05,0.0001659986774236908,0.01288404740070801,0.00017149072094060672,0.01309544657278272,0.00018159072320570873,0.013475560218622035,0.00017029656870410102,0.01304977274530484
2022-02-22,-0.0108879940993943,0.0001185484155084,6.28508412761636e-05,0.00015960084979964304,0.012633322991186564,0.00016580333865584538,0.012876464524699526,0.00017906053128208347,0.01338135012926885,0.00016634160860087133,0.012897348898160091
2022-02-23,-0.0042159119745924,1.777391377751197e-05,3.3161276208457246e-05,0.00015713770374217116,0.012535457859295414,0.0001641433026325854,0.01281184228097526,0.00018319765126026332,0.013535052687753502,0.0001674559533760073,0.012940477324117813
2022-02-24,-0.0401695476823934,0.001613592561008,0.0004970025162949,0.00014877587634429157,0.012197371698209888,0.000156953176515651,0.012528095486371862,0.00017366396435251427,0.013178162404239609,0.00016058519991438597,0.012672221585593663
2022-02-25,-0.000322584806018,1.0406095707370393e-07,8.703772476622144e-05,0.00023666487742411875,0.015383916192703299,0.00024125339949441064,0.015532334000220657,0.0002487310844780763,0.015771210621828506,0.0002789220967268606,0.016700960952198547
2022-02-28,0.0006448828363927,4.158738726740102e-07,0.0002800053097659,0.000222471228436096,0.014915469433983497,0.00022403422796014907,0.014967772979309549,0.00022279465605748924,0.014926307515842263,0.0002578395073522419,0.016057381709115654
2022-03-02,-0.0106453830568732,0.0001133241804275,7.9474320444271e-05,0.00020914790716229068,0.014461946866251815,0.00020884818140389023,0.01445158058497029,0.0002009086521445534,0.014174224922180168,0.0002391916209906579,0.015465821057760171
2022-03-03,-0.0274067386303695,0.0007511293223533,0.0005275780089189,0.00020339848355820702,0.014261784024385134,0.00020185321752556312,0.014207505675718138,0.0002026322135858024,0.01423489422460885,0.00023151070596691997,0.015215475870537863
2022-03-04,-0.0347924854188555,0.0012105170416212,0.0009266268698097,0.0002362623338859179,0.015370827365041802,0.0002319068206144615,0.015228487141356542,0.00024363574099741975,0.015608835350448788,0.00027444007066837115,0.01656623284480727
2022-03-07,-0.0381279536904423,0.0014537408526205,0.0002670022262326,0.0002947176163500392,0.017167341563271793,0.0002845378400904814,0.01686824946728265,0.0003041883577923139,0.01744099646787172,0.0003482422906087245,0.018661251046184563
2022-03-08,0.0025944178247509,6.731003849385585e-06,0.0003086670479117,0.00036425901052626765,0.019085570741433636,0.0003448247478452016,0.018569457392320368,0.00037380095222725574,0.019333932663254408,0.00043250963969389326,0.020796866102706275
2022-03-09,0.0247803247670215,0.000614064495559,0.0002893490310062,0.0003428073301256547,0.01851505684910675,0.00031585953530467416,0.017772437517253343,0.00033328516306267556,0.01825609933865051,0.00039398353560344445,0.019849018504788707
2022-03-10,0.0507686651523296,0.0025774573613493,0.0003517701808438,0.000359082760051659,0.018949479149877945,0.0003247834811889102,0.018021750225461184,0.000344958486084834,0.01857305807035648,0.0003823317212957824,0.01955330461317939
2022-03-11,-0.003598215484402,1.2947154672190323e-05,0.0001334314654313,0.0004921852361295216,0.022185248164704435,0.00044419137242884506,0.02107584808326453,0.0004193376381584904,0.020477735181374194,0.0004445605176567063,0.021084603806016993
2022-03-14,-0.0169010376146771,0.0002856450724527,0.0002011877965961,0.00046343095124208166,0.021527446463574858,0.00040394892490932616,0.02009848066171486,0.0003759954216392921,0.01939060137384326,0.00040540760555518633,0.020134736292168973
2022-03-15,-0.0102991238826172,0.0001060719527494,0.0002665026838682,0.0004527637985147206,0.02127824707335453,0.0003839069581293713,0.0195935437869052,0.0003759623057313716,0.019389747438565866,0.00039202340874125484,0.019799581024386725
2022-03-16,0.0165195854897416,0.0002728967047528,0.000196188462985,0.00043196228776880714,0.020783702455741786,0.00035601033705521005,0.018868236193539927,0.00035721894456549626,0.01890023662723555,0.0003661800144237938,0.019135830643684997
2022-03-17,0.0143266316624864,0.0002052523747925,9.654762414241536e-05,0.0004224183527878516,0.020552818609325865,0.00034085517045325697,0.01846226341631104,0.0003482132620135653,0.018660473252668737,0.0003451248005611847,0.018577534835418415
2022-03-21,-0.0244883435026361,0.0005996789675031,0.0003517175771778,0.00040938839410813394,0.020233348563896535,0.00032363137148717143,0.017989757404900473,0.00033557118210314734,0.018318602078301372,0.0003239947155133158,0.017999853208104665
2022-03-22,-0.0285328519260243,0.0008141236390324,0.0006405254603837,0.00042080582851183185,0.020513552313332566,0.00033082851049366906,0.018188691830191336,0.0003615344524476404,0.019014059336386863,0.00034446777360899023,0.018559843038371587
2022-03-23,-0.0075277523178926,5.6667054959537536e-05,0.0001544433114462,0.00044440489714306765,0.021080913100315832,0.000349364564270881,0.01869129648448392,0.0003979281079768379,0.019948135451135225,0.00037930254593378124,0.019475691154199927
2022-03-24,-0.0064141259476715,4.114101167259384e-05,0.000148503561266,0.0004211406266120558,0.020521711103415715,0.0003227045546098113,0.017963979364545354,0.0003685759194103489,0.019198331162117943,0.0003510720249438656,0.018736916100144805
2022-03-25,-0.0065835043434823,4.334252944065099e-05,9.604584720803496e-05,0.000398340649715688,0.019958473130870708,0.00029828301740235776,0.01727087193520807,0.0003402903249735018,0.01844695977589537,0.00032488149484995995,0.018024469336154116
2022-03-28,0.0112522714532348,0.0001266136128572,0.0002309996792284,0.00037704076249918573,0.019417537498333453,0.0002768449465832599,0.016638658196599265,0.0003163257677292684,0.017785549407574354,0.00030187818410752095,0.017374641985017158
2022-03-29,0.00603221718009,3.6387644107773515e-05,3.96246814518892e-05,0.00036201513352067155,0.01902669528637781,0.00026264621377475235,0.016206363372908567,0.00030125370817695845,0.01735666178091163,0.00028282215046594473,0.01681731698178829
2022-03-30,0.0144146260023298,0.000207781442787,5.13604174060955e-05,0.0003424774841558976,0.018506147199130824,0.00024498417709332314,0.01565197039012415,0.00027799055935798244,0.016673048892088767,0.0002626267642912357,0.016205763304801033
2022-03-31,0.016115176073547,0.0002596988998814,0.0001127681958945,0.0003343957216737663,0.018286490140914585,0.00023912523086071517,0.015463674558807657,0.00027358748671219913,0.016540480244303643,0.00025108894895875636,0.015845786473342255
2022-04-01,0.0142971398719003,0.0002044082085166,0.0001909838518207,0.00032991391236622563,0.018163532485896725,0.00023690115923136746,0.015391593784639961,0.0002729473481618025,0.01652111824792143,0.00024279772806435755,0.01558196804207856
2022-04-04,0.0239158784576569,0.0005719692424014,0.0003165704347411,0.00032238357013525295,0.01795504302794212,0.00023179667441508212,0.01522487025938422,0.0002688604606595166,0.01639696498317651,0.00023341840310156747,0.015278036624565589
2022-04-05,0.0053184384134484,2.8285787157644223e-05,7.551120974022908e-05,0.0003373587104712228,0.018367327254427163,0.0002481685565469355,0.015753366514714734,0.00028420814763253384,0.01685847406002494,0.0002386988321127116,0.015449881297690012
2022-04-06,0.0010509003425885,1.1043915300526297e-06,0.0001459190139644,0.000318814335072408,0.017855372722864343,0.00023174083554389964,0.015223036344432067,0.000261920646072814,0.0161839626196063,0.0002232844796568735,0.014942706570660935
2022-04-07,0.0105647815343356,0.0001116146088682,0.0001236426500325,0.00029975173845986667,0.017313339899045092,0.00021569188192453823,0.014686452326022722,0.00023516995034288297,0.015335251883907318,0.00020864070012950874,0.014444400303560848
2022-04-08,0.0083949690882835,7.047550599323714e-05,6.839992969414949e-05,0.00028846351068436896,0.016984213572737744,0.00020779878877160045,0.01441522766978033,0.00022832256219944952,0.01511034619720705,0.00019976588944456202,0.014133856142064062
2022-04-11,-0.0092039337072733,8.471239568788335e-05,0.0002341668328255,0.00027538423040290096,0.016594704890503506,0.0001984926773087879,0.014088742928621698,0.0002184906706075325,0.0147814299243183,0.00019039301030695857,0.013798297369855404
2022-04-12,-0.0143412965016127,0.0002056727853471,0.0001254310648019,0.0002639439203199998,0.016246350984759617,0.00019108450827030814,0.013823332024888505,0.00021539181155320222,0.014676232880177468,0.00018610007995401872,0.013641850312696541
2022-04-13,0.0092895995731248,8.62966602290005e-05,9.198448847239284e-05,0.00026044765222162986,0.01613839063294819,0.00019141445259109863,0.013835261204296023,0.00022406758159720716,0.0149688871195292,0.000191732004884833,0.013846732642931797
2022-04-18,0.0117789288455721,0.000138743164749,0.0001771805773664,0.00024999859270207213,0.015811343798111284,0.0001849247447096035,0.013598703787846968,0.0002162427000121387,0.014705192960724409,0.00018386867233749236,0.013559818300312595
2022-04-19,-0.0301137403203973,0.0009068373560843,0.0008705419431048,0.00024332326702489082,0.015598822616623693,0.0001821737907166859,0.013497177138820026,0.0002135022917144961,0.014611717616847654,0.00017884839999924603,0.013373421402141115
2022-04-20,0.0242645379365654,0.000588767801275,0.000458381561139,0.0002831341123684567,0.016826589445531042,0.00022337559586373059,0.014945755111861381,0.00026139666854481944,0.016167766343710546,0.00023998094279816255,0.015491318304074788
2022-04-21,0.0151278288367881,0.0002288512053151,9.647956921694252e-05,0.0003014721337028506,0.017362952908501785,0.00024168734490410512,0.015546296822848363,0.0002780317584673086,0.01667428434648122,0.00024512639572851633,0.015656512885330383
2022-04-22,-0.0328359689406954,0.0010782008562743,0.0003699934029203,0.00029711487799958906,0.01723702056619963,0.00023741112088490658,0.015408151118317427,0.00027500803817728016,0.016583366310169965,0.0002363820125797382,0.015374719918741226
2022-04-25,-0.0123946016790233,0.0001536261507816,0.0010775280290204,0.00034398003669607253,0.01854669880857703,0.0002818818108413654,0.016789336223965657,0.000329070912032653,0.018140311795353824,0.0003042503296054429,0.01744277299071002
2022-04-26,0.0224059116986058,0.0005020248790457,0.0001075844374793,0.000332558803541207,0.018236194875609523,0.0002686279582838794,0.01638987365063805,0.00032170050584750696,0.017936011425272538,0.0002922206554566252,0.01709446271330647
2022-04-27,-0.0015142152620525,2.292847859832794e-06,0.0001904784893333,0.0003427267680714778,0.018512881139127906,0.0002767158185680793,0.01663477738258253,0.0003292437464765616,0.018145074992310217,0.00028814644089803973,0.01697487675649045
2022-04-28,0.0441153709404171,0.0019461659532106,0.0005348824013764,0.00032230073285877906,0.017952736082803063,0.0002554702905259959,0.01598343800707457,0.000294174085883708,0.0171515038956853,0.00026617240647847394,0.01631479103385863
2022-04-29,-0.0031274411499238,9.780888146236984e-06,0.0003223728415363,0.00041973264607988824,0.020487377725806888,0.0003471310856272492,0.01863145420055153,0.00035325183878141716,0.018794995046059925,0.0003184522631046029,0.017845230822396297
2022-05-02,-0.0019482246974286,3.7955794716711337e-06,0.0001542938331524,0.0003951355406038691,0.01987801651583651,0.00031806917390900556,0.0178344939347604,0.0003186183793389878,0.017849884574948596,0.00029357261181632533,0.01713396077433135
2022-05-04,-0.0267846451730369,0.0007174172170454,0.0007788030113595,0.00037165514293593715,0.019278359446175317,0.00029206881584555147,0.017090020943391248,0.00028617941666249375,0.01691683825844811,0.0002710909666883272,0.01646484031772939
2022-05-05,-0.0022820501936855,5.207753086500191e-06,0.0001777929462916,0.00039240086738251027,0.01980911071659983,0.0003096481809128524,0.017596823034651807,0.000322111136351019,0.017947454871123623,0.0003068347229037722,0.017516698401918444
2022-05-06,-0.0080634064165017,6.501852303768134e-05,0.000321192213503,0.0003691692805247496,0.019213778403134287,0.00028471367247524674,0.01687346059571796,0.0002899641314943412,0.01702833319777192,0.00028293617593113,0.01682070676074968
2022-05-09,-0.015261011598485,0.000232898475009,6.835246009256217e-05,0.00035092023507552546,0.01873286510589145,0.0002660951033590827,0.016312421750282288,0.0002761775961959085,0.016618591883667776,0.0002664524021755761,0.016323369816786486
2022-05-10,0.0296734698253852,0.000880514811478,0.0004820368545756,0.00034383892947153957,0.018542894312149318,0.0002591919814148624,0.01609944040688565,0.000281775208301621,0.016786161213976858,0.00026495517957382525,0.0162774438894387
2022-05-11,-0.0077809637378286,6.054339668940506e-05,0.0004227720364409,0.00037603948239192995,0.01939173747738789,0.00028988399130928336,0.017025979892778077,0.0003083046874832206,0.01755860721934461,0.00027800390837488185,0.016673449204495205
2022-05-12,-0.0114823239009573,0.0001318437621664,0.0002446115976289,0.00035710971724977833,0.01889734683096488,0.00027040605897518823,0.016444028064169322,0.00029154793726003317,0.0170747748816795,0.00026173913719437693,0.016178353970487138
2022-05-13,0.0255271758385602,0.0006516367062927,0.0003077296461965,0.0003435937599447813,0.018536282257906555,0.0002572580569141398,0.016039266096493934,0.00028602928269862626,0.0169124002642625,0.000252905961468836,0.015903017369947002
2022-05-16,0.0104957395425905,0.0001101605485458,0.0001841953990256,0.0003620763367256607,0.01902830356930593,0.00027517524480643186,0.016588406939981665,0.00030337328234348855,0.017417614140389278,0.0002588859653482267,0.016089933665128228
2022-05-17,0.0124377452771271,0.0001546975075786,0.0002212237355921,0.00034696138943487493,0.01862689961949854,0.0002602373429031763,0.01613187350877685,0.0002884090238143948,0.01698260945244855,0.0002441721889055879,0.015626010012334816
2022-05-18,0.0204573436992332,0.0004185029112285,0.0003042685036469,0.0003354255565235043,0.018314626846417163,0.00024957771789958414,0.01579802892450777,0.00027901300964943446,0.016703682517619715,0.00023279800932455086,0.015257719663322919
2022-05-19,-0.0117868319022468,0.0001389294062918,0.0001034369388522,0.0003404101978058074,0.018450208611444138,0.0002551509312134298,0.015973444563193932,0.00028646454411891117,0.01692526348742941,0.00023247994200356216,0.015247292940176698
2022-05-20,0.0267525414902902,0.0007156984761897,0.0002869233196553,0.0003283213503149683,0.0181196399057754,0.00024419095350077685,0.015626610429033447,0.0002822641078211814,0.016800717479357286,0.0002275680984824469,0.015085360402802676
2022-05-23,0.0228878511824984,0.0005238537317521,0.0004365384765444,0.0003515639778674521,0.018750039409757308,0.00026727653738256753,0.016348594354945855,0.00030249448194671604,0.017392368497324222,0.0002388323162734916,0.015454200602861722
2022-05-24,-0.0299205205887951,0.0008952375523045,0.0003999580031195,0.0003619013631005366,0.01902370529367338,0.0002767625391096268,0.016636181626491903,0.00031285422440717323,0.01768768567131306,0.00024171172325716605,0.01554708085967157
2022-05-25,-0.0047523372307112,2.2584709154404083e-05,0.0001278093159334,0.0003939015344527751,0.019846952774992314,0.0003062343179914505,0.017499551936876856,0.00035654356532385985,0.018882361222152803,0.000294701809131094,0.017166881170762906
2022-05-26,-0.008080532606997,6.529500721274293e-05,0.0001004559903396,0.0003716225249348728,0.019277513453110927,0.00028268646364634477,0.016813282357896236,0.00032559806945942613,0.018044336215539383,0.0002735550255480593,0.016539498950937398
2022-05-27,0.021862659422913,0.0004779758770422,0.0002004436632119,0.00035324287387154493,0.01879475655260118,0.00026432087397042843,0.016257948024594876,0.00030740138257137617,0.01753286578319061,0.00025817295413894497,0.016067761329411914
2022-05-30,0.0078429388357264,6.151168958094611e-05,7.562952525144255e-05,0.00036072685406178946,0.01899281058879358,0.00027154677763816475,0.016478676452863706,0.0003151355619934258,0.01775205796501988,0.0002571304866207769,0.016035288791312018
2022-05-31,0.0018287064657618,3.3441673379190897e-06,0.0002707823659801,0.0003427739441929388,0.018514155238436854,0.00025427012183684613,0.015945849674346178,0.0002934872048575944,0.01713146826333325,0.000240821467633543,0.015518423490597974
2022-06-01,-0.0192209452750329,0.0003694447372658,0.0008111674762828,0.00032240815758163757,0.017955727709609477,0.00023571146273422314,0.015352897535456399,0.00026353390031213754,0.016233727246450138,0.00022424122790893776,0.014974686237412046
2022-06-02,-0.0102977522801403,0.0001060437020231,0.0001717743339516,0.0003252303523626879,0.01803414407069789,0.0002401209502771868,0.015495836546543294,0.00028036478882854384,0.0167440971338721,0.00023824990904411497,0.015435346094082729
2022-06-03,0.0031242955005678,9.761222374868331e-06,0.0002448964530075,0.0003120791533423147,0.017665762178358302,0.00022905211468820955,0.015134467770232607,0.0002731525762314231,0.01652732816372396,0.00023010980693482553,0.015169370683546023
2022-06-06,-0.0050080713315553,2.508077846194703e-05,0.0002059091864198,0.0002939400774842679,0.017144680734393042,0.0002138096036759158,0.014622229777838803,0.0002484258439981356,0.015761530509380603,0.00021499999170169866,0.014662878015645451
2022-06-07,-0.0306786125673628,0.0009411772690583,0.0002015910068445,0.0002778085195429286,0.01666758889410609,0.00020122135891004054,0.014185251457413102,0.00023267857303696315,0.015253805198604154,0.0002032246864073049,0.014255689615283607
2022-06-08,-0.006600674522249,4.35689041486681e-05,8.072691080966675e-05,0.0003176106445138539,0.017821634170688553,0.0002421443894164455,0.015560989345682539,0.00028172379988108205,0.016784629870243848,0.00026422782148926926,0.016255086019128576
2022-06-09,0.0002959587264258,8.75915677476048e-08,0.0001063663081915,0.0003011681400919427,0.01735419661326743,0.0002272899064761326,0.015076136987840506,0.0002654442222232892,0.016292459060046435,0.0002482258293162606,0.015755184204453484
2022-06-10,0.0010001918354431,1.0003837076870512e-06,0.0001600943697956,0.00028310330718049094,0.0168256740483254,0.00021170415227518194,0.014550056779105088,0.00023688768352159203,0.015391156016413842,0.00023067273408311219,0.0151879140793959
2022-06-13,-0.0013644472714695,1.8617163566206451e-06,0.0002807576483346,0.0002661771317721227,0.01631493584946391,0.00019799447819591074,0.01407105106933774,0.0002136075540148339,0.014615319155421611,0.000215174427621806,0.014668825025263815
2022-06-14,-0.0118593387519921,0.0001406439156345,0.0002195093800799,0.00025031820684719256,0.015821447684936818,0.00018593837590048096,0.013635922260722997,0.00019469614367418218,0.013953356000410158,0.0002015687846762241,0.014197492196730523
2022-06-15,-0.0025357410359711,6.429982601507834e-06,6.102360134431016e-05,0.00024373774937443108,0.015612102657055234,0.00018317675188310567,0.01353428061934234,0.0001995672376198495,0.014126826877252,0.00020034972478641006,0.014154494861577013
2022-06-16,6.989789655396434e-05,4.8857159426687e-09,6.542418743763906e-05,0.00022949928336805567,0.015149233755146024,0.00017311448143828148,0.013157297649528246,0.00018479866594742783,0.01359406730700668,0.0001888071602022231,0.013740711779315623
2022-06-17,-0.0170307371091788,0.0002900460064819,0.000290004326446,0.00021572961950892886,0.014687737045199606,0.00016386497562201937,0.012800975573057679,0.00016722617251208982,0.012931595899659478,0.00017809248030905764,0.013345129460183503
2022-06-20,0.039690851253221,0.0015753636732053,0.0006971187799299,0.00022018860272731073,0.01483875340880462,0.0001721735531843774,0.013121492033468502,0.00018504224754481387,0.013603023470714659,0.00019122448252792691,0.01382839406901347
2022-06-21,0.0041354615113394,1.7102041911770376e-05,0.0002664609387695,0.00030149910695599104,0.01736372963841556,0.00025252076037396524,0.015890901811224094,0.0002360688812967462,0.015364533227428232,0.00023843428202968567,0.01544131736704112
2022-06-22,-0.0009755049779136,9.51609961934219e-07,0.0001119209816515,0.00028443528305333775,0.016865209250209075,0.00023494835620946613,0.01532802518948433,0.00021808945600081087,0.014767852111963029,0.00022263719805145434,0.014921032070585946
2022-06-23,0.0223332497668098,0.0004987740451467,0.0003103024050315,0.00026742626266785353,0.016353172862409716,0.00021851530069950695,0.0147822630439154,0.00019779391033261336,0.01406392229545561,0.00020810133542113263,0.01442571784768899
2022-06-24,0.0225181332462784,0.0005070663248971,0.0002375336253351,0.0002813071296165849,0.016772213020844473,0.00023228392182018866,0.015240863552311879,0.00021509672837073538,0.01466617633777582,0.00021359252253453696,0.014614804909219178
2022-06-27,0.0072439398295479,5.247466425411133e-05,7.689203872794916e-05,0.00029485268133341874,0.017171274889577034,0.00024491203294621804,0.015649665585763105,0.0002316370579200715,0.015219627390973522,0.0002187578183489732,0.014790463763823404
2022-06-28,-0.0012933964675984,1.6728744223961472e-06,0.000145104304565,0.00028031000030866025,0.01674246099916796,0.00023023949423938168,0.015173644724962479,0.00021945593103757103,0.014814045059927793,0.00020653315221087935,0.0143712613298513
2022-06-29,-0.0370063482472711,0.0013694698105983,0.0003953651894564,0.0002635917727554844,0.01623550962413821,0.0002143985567302582,0.014642354890189562,0.00019961544607498155,0.014128533047524133,0.0001939077436127261,0.013925076072062448
2022-06-30,-0.0012767769045189,1.630159263913015e-06,9.182445733016576e-05,0.0003299444550260537,0.018164373235156055,0.0002781079688885884,0.01667656945803268,0.0002665020953848195,0.016324891895042354,0.0002893750712508772,0.017011027930459617
2022-07-01,0.0229349616281846,0.0005260124648863,0.0005704197601358,0.00031024559728032525,0.01761378997491242,0.000256661853707385,0.01602066957737363,0.00024008200195032808,0.015494579760365496,0.00026720790630631005,0.016346495230058034
2022-07-04,0.0398759395411612,0.0015900905542903,0.0006971999846551,0.0003231916093366837,0.01797753067962015,0.0002675128724493851,0.0163558207513223,0.00025566604265374196,0.015989560427158152,0.0002668999012832837,0.01633707138024694
2022-07-05,0.0110119122702143,0.0001212622118468,0.0001029072776144,0.00039920554603390334,0.019980128779212195,0.0003375376623963411,0.018372198082873513,0.00030601542038102673,0.017493296441237906,0.00030594052183204355,0.017491155531640656
2022-07-06,0.039556858006154,0.001564745015319,0.000712794063919,0.0003825289459826829,0.019558347220117626,0.0003159311881883382,0.017774453245833984,0.0002917374146602818,0.01708032244017313,0.00028621903873743084,0.016918009301848454
2022-07-07,-0.0102385994784971,0.000104828919281,0.0002479562816018,0.0004534619101428638,0.02129464510488174,0.0003788491444512748,0.019464047483791103,0.00034002053182830607,0.018439645653545136,0.00032209884212420136,0.01794711236171996
2022-07-08,0.009618105470596,9.250795284350886e-05,0.0001527487914667,0.0004325439306911568,0.020797690513399723,0.000351473904469056,0.01874763730364592,0.0003256296917519718,0.018045212432996508,0.0003042096567958942,0.017441607058866285
2022-07-11,-0.0025062656578832,6.281367547885132e-06,0.0001166312173826,0.00041214177202029793,0.020301275132865372,0.0003266029118447567,0.018072158472212354,0.00030611208207868086,0.017496059044215667,0.00028362511802763424,0.01684117329723895
2022-07-12,-0.0166193302340816,0.0002762021374294,0.0001261719758978,0.00038779014775195314,0.019692388066254257,0.00029974492753061444,0.017313143201932293,0.00027682820289125063,0.01663815503267266,0.0002624826304489339,0.016201315701168652
2022-07-13,0.0194859872003619,0.0003797036971726,0.0001953143063062,0.00038109486713260347,0.01952165123990805,0.00029136309053154677,0.01706936116354525,0.0002858432264231175,0.016906898781950445,0.0002648186184260795,0.016273248551720687
2022-07-14,2.0058772203126255e-05,4.023543422969105e-10,0.0001732968531275,0.0003810113969350073,0.019519513235093936,0.000289841599280682,0.017024734925416077,0.0002906898600643364,0.017049629323370535,0.000259380229240881,0.016105285754710503
2022-07-15,0.0279117710289973,0.0007790669619751,0.000289101048304,0.0003581507372601674,0.018924870865085642,0.00026692954823356055,0.016337978707097172,0.00025789754610484075,0.016059188837075203,0.00024053959411444504,0.015509338932219034
2022-07-18,-0.0058570003118229,3.430445265269355e-05,0.0002829408573887,0.00038340571074306777,0.019580748472493786,0.00029095327961857937,0.017057352655631512,0.00028225619348748454,0.016800481942119534,0.0002526514688785432,0.01589501396282945
2022-07-19,0.0056428150247977,3.18413614040827e-05,0.0001515725230042,0.00036245963525764535,0.019038372705082893,0.000269859717413432,0.016427407507377177,0.00026415031452836,0.016252701760887635,0.00023726008445421507,0.015403249152507242
2022-07-20,0.0141328105865547,0.0001997363350754,0.0003688761068294,0.00034262253882643155,0.018510065878500584,0.00025109513159919184,0.015845981559978916,0.00024511146426655923,0.015656036032998876,0.0002221427528878379,0.014904454129146693
2022-07-21,0.0011320149310942,1.2814578042202088e-06,7.721620897495538e-05,0.0003340493666013716,0.01827701744271673,0.00024406393672930907,0.015622545782596031,0.00024362079521439686,0.015608356582753896,0.00021496903778391794,0.01466182245779555
2022-07-22,0.0126333876916022,0.0001596024845663,5.401610061013618e-05,0.0003140832920735425,0.01772239521265516,0.00022658268748299373,0.015052663800237941,0.0002196119501096919,0.014819310041621098,0.00020128924083670646,0.014187643949462026
2022-07-25,-0.006458703194569,4.171484695553583e-05,9.177614853217084e-05,0.0003048144436231095,0.01745893592470943,0.00022014078355339837,0.014837142027809749,0.00021800588378073925,0.014765022308846649,0.00019503382584707874,0.013965451150860782
2022-07-26,-0.0295917232231716,0.0008756700833167,0.000408765330924,0.0002890284678230551,0.017000837268295203,0.00020775638832396665,0.014413756912199076,0.00020904570084092513,0.014458412805039325,0.00018685428674508007,0.01366946548863854
2022-07-27,0.0135891435426022,0.0001846648222214,0.000236552984717,0.0003242269647526794,0.01800630347274752,0.00024419346217483434,0.015626690698123974,0.0002556236099514096,0.01598823348439125,0.00024463510290832346,0.015640815289118513
2022-07-28,0.014667714452599,0.0002151418472629,8.504252408378679e-05,0.00031585323620080544,0.017772260300839775,0.00023711394985983605,0.01539850479299325,0.00025204146626159937,0.015875813877140262,0.00023431478824730996,0.015307344258469852
2022-07-29,0.0065808923514289,4.330814414109645e-05,0.0001261141126529,0.000309810552864536,0.017601436102333695,0.00023259427197425066,0.01525104166849762,0.00025083742399089026,0.01583784783330394,0.00022630875206844763,0.015043561814558666
2022-08-01,-0.0169780085209334,0.0002882527733368,0.0001782617436738,0.00029382040834112955,0.01714119040035229,0.00021884276747532016,0.014793335238387596,0.00023515902172035013,0.015334895556225681,0.00021287600678476435,0.01459027096337708
2022-08-02,0.0161627012365805,0.0002612329112629,8.455412146081739e-05,0.000293486350240875,0.017131443320423267,0.00022061462314750137,0.014853101465603114,0.0002485141693078138,0.015764332187181727,0.00022186322280642025,0.01489507377646785
2022-08-03,-0.0033830458860271,1.1444999466965544e-05,0.0002276875421325,0.00029155114390220013,0.01707486878140503,0.0002206442579425038,0.01485409902829868,0.00025045194971195643,0.01582567375222794,0.0002169937298803298,0.014730707039389853
2022-08-04,0.0006089730096843,3.708481265240119e-07,4.22309231770245e-05,0.00027474477523608604,0.016575426849287655,0.00020648148717454602,0.014369463705182111,0.00023086712354523226,0.015194312210338191,0.00020392576426879914,0.014280257850221023
2022-08-05,0.0066182182861232,4.380081328277644e-05,4.679396536830733e-05,0.0002582823396095123,0.0160711648491798,0.0001933473382683453,0.013904939347884452,0.00020779594173176187,0.014415128918319179,0.00019148384768274024,0.013837768883846132
2022-08-08,0.0018693853315467,3.4946015178022764e-06,5.274626070127938e-05,0.0002454134480299081,0.015665677388160017,0.0001842174649211926,0.013572673462556764,0.0001973895144570348,0.014049537873433233,0.00018207904708989075,0.0134936669252613
2022-08-10,-0.002852734450389,8.138093844436771e-06,0.000106016426049,0.0002308983172391817,0.01519533866813049,0.0001738666433263721,0.01318585011769708,0.00018082616601963216,0.013447162006149557,0.00017226797291638454,0.013125089444128926
2022-08-11,-0.0110721162634099,0.0001225917585504,0.0001939398641145,0.00021753270383549698,0.014748989925940589,0.00016499109919454648,0.012844886110610186,0.00016897500322384152,0.012999038549979053,0.0001640919151395989,0.01280983665546126
2022-08-12,-0.0071995169262915,5.18330439719584e-05,8.930682706648575e-05,0.0002118362471183951,0.014554595395214361,0.0001636558093018937,0.012792803027557866,0.00017429972856714725,0.013202262251869839,0.0001657805253916742,0.01287557864298433
2022-08-16,0.0189147092765691,0.0003577662270171,0.0001756248443654,0.00020223605492960886,0.014220972362310843,0.000158457434403849,0.012587987702720757,0.0001714898061695585,0.013095411645670345,0.0001617580700049332,0.012718414602651275
2022-08-17,0.0150683691014198,0.0002270557473766,0.0001240427357312,0.00021156786525486007,0.014545372640632487,0.00017124571119388893,0.013086088460418146,0.00018447825656237423,0.013582277296623502,0.00016737558548198986,0.012937371660503143
2022-08-18,-0.0009689654218114,9.388939886662576e-07,0.000126384120187,0.00021249713818216585,0.014577281577240862,0.00017511231802038062,0.013233001096515507,0.00019017078335837727,0.013790242324135471,0.00016751710316320275,0.01294283984151866
2022-08-19,-0.0178690861071369,0.0003193042383042,0.0002670494630551,0.00019980364353055585,0.01413519166939578,0.0001656820313672325,0.012871753235951678,0.00017359281338909414,0.013175462549341262,0.00015932678188560961,0.0126224713065869
2022-08-22,-0.0029839070369517,8.903701205170179e-06,0.0001125713222038,0.00020697367921697888,0.014386579830417613,0.00017543991496011036,0.013245373341665775,0.00019291380282765458,0.013889341338870414,0.00017690055979297835,0.013300396978773917
2022-08-23,-0.0130093971561865,0.0001692444143673,0.0001048184808657,0.00019508948053627035,0.013967443593452252,0.00016642371723375466,0.012900531664770823,0.00017984648707823758,0.013410685555863189,0.00016825079542395646,0.012971152432376874
2022-08-24,-0.0017372282280154,3.017961916213631e-06,0.0001279551571852,0.00019353877656613772,0.01391182146831024,0.00016757080154385413,0.012944914118828836,0.00018833356084500138,0.013723467522641695,0.00017309778375031463,0.013156663093289066
2022-08-25,-0.0054429202070734,2.9625380380568665e-05,0.000211947884645,0.00018210752768714226,0.013494722216005124,0.00015914130867359966,0.012615122221904933,0.00017344576570441919,0.013169881005704615,0.00016442699504423444,0.012822908993057483
2022-08-26,-0.0010300444447638,1.0609915581889705e-06,0.0001495267814035,0.0001729585988487478,0.01315137250817373,0.00015320984941190842,0.012377796629930079,0.00016733875702601352,0.012935948246109117,0.00015882898494773892,0.012602737200613957
2022-08-29,0.0016512487820798,2.726622540320297e-06,0.0001818112983034,0.00016264474241131424,0.012753224784787345,0.00014635006626188504,0.012097523145747026,0.00015380191327713354,0.012401689936340674,0.00015164853361828587,0.012314565912702155
2022-08-30,0.0321096221634572,0.0010310278354799,0.0003465318621041,0.00015304965521905457,0.012371323907288765,0.00014038779877520503,0.011848535722831115,0.00014240398273482322,0.011933313987942461,0.00014531285797702483,0.012054578299427353
2022-09-01,-0.020453252851791,0.0004183355522192,0.0001948588646453,0.00020572834603471024,0.014343233458140122,0.00019353494108602742,0.0139116836179532,0.0001788582677763287,0.013373790329458912,0.00017769803095871867,0.013330342492176211
2022-09-02,-0.0009214484531614,8.490672518336536e-07,7.68095455409246e-05,0.00021848477840578546,0.01478123061202231,0.00020565815778136214,0.014340786511951224,0.00020373344482236885,0.014273522509260594,0.0002008774279992793,0.01417312343837022
2022-09-05,-0.0011526528165484,1.328608515497151e-06,7.007640949919021e-05,0.00020542663573654832,0.01433271208587364,0.0001926475399468481,0.01387975287772978,0.00018526924581546193,0.013611364583151167,0.00018883899262393168,0.013741870055561276
2022-09-06,-0.0106309399817196,0.0001130168848949,0.0001745005706688,0.00019318075410328523,0.013898947949513489,0.0001811869858132703,0.013460571526249184,0.00016967337767876238,0.013025873394086186,0.00017822405079232352,0.013350058081983146
2022-09-07,-0.0033087023592122,1.0947511301856608e-05,7.067852138332473e-05,0.00018837092195078355,0.013724828667447312,0.00017741216269445432,0.013319615711215331,0.00017405697287126037,0.013193065332638218,0.0001775389893329756,0.013324375757722221
2022-09-08,0.0048813999498406,2.382806547030393e-05,5.903141719647195e-05,0.00017772551731184792,0.01333137342181397,0.00016828122028384815,0.012972325168752446,0.00016386112116704594,0.012800825018999594,0.00016897505992608365,0.012999040730995639
2022-09-09,0.0044716907763969,1.9996018399713746e-05,0.0002129957600995,0.00016849167020135527,0.01298043412992629,0.0001609506724896452,0.012686633615330949,0.0001558030129391479,0.012482107712207417,0.0001614240150796322,0.012705275088703597
2022-09-12,-0.0032114684701555,1.0313529734803064e-05,5.1691183800344455e-05,0.00015958193109325672,0.012632574206916686,0.00015426045110428696,0.012420163086863513,0.0001480562308803095,0.012167835916066155,0.00015460082037539567,0.012433857823515422
2022-09-13,0.0023999842159366,5.75992423674513e-06,4.824216559135305e-05,0.0001506258270117495,0.012272971401080893,0.00014780328119542652,0.012157437279107243,0.00014062475516077175,0.011858530902298638,0.00014862856603300295,0.012191331593923731
2022-09-14,-0.0058939325837391,3.473844130166154e-05,0.0001910967420693,0.00014193387284524921,0.011913600330934776,0.0001418432260823971,0.011909795383733388,0.00013177302525004025,0.011479243235076092,0.0001427526773370204,0.01194791518789033
2022-09-15,-0.0042868784760824,1.8377327068698975e-05,0.0001243012312453,0.00013550214695263394,0.011640538945969553,0.00013822685771208498,0.01175699186493233,0.00013057766740951323,0.011427058563318613,0.00014004888530366592,0.011834225167017312
2022-09-16,-0.0126758456794635,0.0001606770636895,0.0001141098900996,0.00012847465775959782,0.011334666195331815,0.00013410439038212378,0.01158034500272439,0.0001267865275113919,0.01125995237607122,0.0001363808287233416,0.011678220272085194
2022-09-19,0.020011112306883,0.0004004446157586,0.0003551524751396,0.00013040680211539636,0.01141957976964986,0.00013854762137302707,0.011770625360320796,0.0001379458810768749,0.011745036444254862,0.0001442293822036555,0.012009553788699041
2022-09-20,0.0016657160804381,2.774610060630118e-06,9.363299753327818e-05,0.00014660907093399367,0.012108223277343117,0.00015609053680106132,0.01249361984378672,0.00015443010709831288,0.012426991071788572,0.00015344193742114273,0.012387168256754354
2022-09-21,0.0153829346804487,0.0002366346793829,0.0002353210877529,0.00013797900328159184,0.011746446410791301,0.00014899092473665695,0.012206183872802218,0.0001429758426590621,0.011957250631272311,0.00014690154203767238,0.012120294634936577
2022-09-22,0.0260153942509773,0.0006768007380337,0.0003359835411258,0.00014389834384767342,0.011995763579183838,0.00015600645743710272,0.012490254498492124,0.00015214189739378968,0.012334581362729328,0.00014975434376058547,0.012237415730479434
2022-09-23,-0.0039813983544571,1.5851532856874172e-05,0.0001225631102091,0.00017587248749884,0.013261692482441297,0.00018720402456418202,0.013682252174411274,0.00017791847265427566,0.013338608347735368,0.0001685409382876537,0.012982331773901547
2022-09-26,-0.0080485287912051,6.477881570285831e-05,0.0003693684782651,0.00016627123022032203,0.012894620204578421,0.0001772055643474856,0.013311858035131144,0.0001685410848971634,0.012982337420401745,0.00016139538288248567,0.012704148254900273
2022-09-27,0.007003923772403,4.905494820963308e-05,0.0001824230244987,0.00016018168534927415,0.012656290347067507,0.00017115663323732653,0.013082684481303007,0.0001679307629591623,0.01295881024473938,0.00015888713853564812,0.01260504417031722
2022-09-28,0.0084924631470146,7.212193030340199e-05,0.000161403549651,0.0001535140811208956,0.012390079948123644,0.00016492251986913466,0.012842216314528216,0.00016252767615730596,0.012748634285965926,0.00015342964395011113,0.012386672028842579
2022-09-29,-0.0005738983058259,3.293592654299298e-07,6.334024462443299e-05,0.00014863055207184594,0.012191413046560516,0.00016072837184616525,0.012677869373288448,0.0001598698773295788,0.01264396604430662,0.00014945275271496076,0.012225087022797046
2022-09-30,-0.001519166348937,2.307866395742584e-06,0.0001099957418646,0.00013973248050346096,0.011820849398561043,0.00015294702589382616,0.012367175340142395,0.00014646948263876097,0.012102457710678478,0.00014329484057109412,0.011970582298747798
2022-10-03,-0.027808106463285,0.0007732907850733,0.0006833309600051,0.00013148700365699784,0.0114667782596943,0.00014618883224431307,0.012090857382514818,0.00013632244488264497,0.01167572031536577,0.00013800020350293905,0.011747348786127832
2022-10-04,0.0171823735475381,0.0002952339607271,9.1750077507965e-05,0.0001699952305419816,0.013038221908756639,0.0001840165149883923,0.0135652687031401,0.00017850932999879642,0.013360738377754294,0.00019342417427686682,0.01390770197684962
2022-10-06,-0.0204288492510331,0.0004173378817214,0.0003914412685365,0.00017750955435309092,0.013323271158131209,0.0001902611578887141,0.013793518691353346,0.00018815462529510275,0.013716946646214775,0.00019308535022082832,0.013895515471576731
2022-10-07,-0.0054856152721466,3.0091974914009003e-05,7.740291755706599e-05,0.00019189925399519162,0.013852770625228428,0.0002027108819454104,0.01423765717895365,0.00021258007671222165,0.01458012608697955,0.0002144152674470936,0.014642925508486806
2022-10-10,0.0022669230878323,5.1389402861474725e-06,0.000256489245667,0.00018219081725032057,0.013497807868328862,0.00019170633943219463,0.013845805842643997,0.0002021978761614434,0.014219629958667821,0.00020309798073550958,0.014251244883711373
2022-10-11,-0.0213147047472736,0.0004543166384634,0.0002332477008121,0.00017156770463247018,0.013098385573515165,0.0001805723896793707,0.01343772263738803,0.00018561741615620467,0.013624148272688633,0.00019092753595622387,0.01381765305528489
2022-10-12,0.0158308928512073,0.0002506171684664,0.0001377109207121,0.00018853264066232884,0.013730718869102551,0.0001962566717025164,0.014009163847372063,0.00021221358364651715,0.01456755242470461,0.00021538891928900235,0.01467613434419985
2022-10-13,-0.00967499881734,9.36056021155309e-05,0.0001056897439043,0.00019225771233057347,0.013865702734826442,0.00019853425963939545,0.014090218580256143,0.00021687872890549596,0.01472680307824804,0.0002108726716919551,0.014521455563818494
2022-10-14,0.003655957193003,1.3366022997070564e-05,0.0001599531204892,0.00018633858571767087,0.013650589207710812,0.0001916263927529001,0.013842918505607845,0.00021497306583164054,0.014661959822330728,0.00020491506202326487,0.014314854593158286
2022-10-17,0.005710250344336,3.260695899499034e-05,9.469799107051456e-05,0.00017596023195443484,0.013265000262134745,0.00018096913102856553,0.013452476761866772,0.00019892906924425652,0.014104221681619178,0.00019283935407071707,0.013886661012306633
2022-10-18,0.0045060705933059,2.0304672191856563e-05,0.0001064447218065,0.0001673590355768681,0.012936732028486487,0.00017265220624057808,0.013139718651500041,0.0001881107060623889,0.013715345641375172,0.00018286491501983467,0.013522755452193709
2022-10-19,-0.0074249561197528,5.512997338025585e-05,8.17005663926463e-05,0.00015853577377376738,0.012591098989912175,0.00016460991509169545,0.012830039559241252,0.0001767074107287037,0.013293133969410814,0.0001735844165905859,0.013175143892595097
2022-10-20,0.0069059862577125,4.769264619171408e-05,9.42404097218452e-05,0.0001523314257501566,0.012342261776115292,0.00015948714573969853,0.012628822025022704,0.0001741021635321971,0.013194777888702677,0.00016892046256714518,0.012996940507948213
2022-10-21,0.0201727567451999,0.000406940114701,0.0001915275170796,0.00014605309897665003,0.012085243025138139,0.0001545414999227866,0.012431472154285935,0.00016790279863920153,0.012957731230396837,0.00016225739887125844,0.012738029630647687
2022-10-24,-0.0309187797605649,0.0009559709418823,0.0004339222486483,0.00016170631992011152,0.01271637998489002,0.0001705813865416587,0.013060680937135655,0.00018319561246500583,0.01353497737216453,0.00016963418768143227,0.013024368993599355
2022-10-25,-0.0266632076860901,0.0007109266441115,0.0004125736832534,0.00020936219723784394,0.014469353725645246,0.00021593100230861927,0.014694590920084141,0.00023345240693422564,0.015279149417890566,0.00023565831110611006,0.01535116644122231
2022-10-27,0.0054137079056161,2.9308233287331084e-05,0.0001010722862012,0.00023945606405026778,0.015474367969331342,0.00024205320486446442,0.015558059161234232,0.00027156291878259724,0.016479166204107453,0.0002749757548877222,0.01658239291802369
2022-10-28,0.0020818823743039,4.33423422043751e-06,8.517065186841862e-05,0.0002268471942044915,0.015061447281204138,0.00022639933233428928,0.01504657211242113,0.00025113901393143,0.015847366151238825,0.0002554222492798458,0.015981935091841846
2022-10-31,0.0104238751976151,0.0001086571741354,4.948194460034968e-05,0.00021349641660544822,0.014611516574450725,0.00021115904114158432,0.014531312436995646,0.00022767074891041493,0.015088762338588772,0.00023719745299002036,0.015401215958164485
2022-11-01,0.007118431991001,5.067207401050731e-05,4.386268452214353e-05,0.00020720606205724864,0.014394653940169894,0.00020362849904273327,0.014269845796039047,0.00022139726009090993,0.014879424051048144,0.00022492535054083175,0.014997511478269712
2022-11-02,-0.013214965526449,0.0001746353138652,0.0002203643352314,0.0001978140227744441,0.01406463731400295,0.00019368558497700518,0.013917096858792253,0.00021021988197713606,0.014498961410291982,0.00021192395613843143,0.01455760818741978
2022-11-03,0.0110770255740193,0.0001227004955674,9.344232280189728e-05,0.00019642330023989158,0.014015109712017654,0.000191948036458599,0.013854531260876313,0.00021676648523398542,0.014722991721589244,0.00021216270934727306,0.014565806168807583
2022-11-04,-0.0102632581741109,0.0001053344683484,5.325493845100042e-05,0.00019199993195954674,0.013856404005352426,0.00018746375660586272,0.013691740452033946,0.0002127732221836526,0.014586748170296648,0.00020329195058619082,0.014258048624765972
2022-11-07,0.0049275941807006,2.428118440967539e-05,6.878279965229076e-05,0.00018680000414288117,0.013667479802175716,0.00018251787921847053,0.013509917809463924,0.0002125569089988085,0.01457933156899892,0.00019912161623620965,0.014111045894483146
2022-11-09,-0.0095208921695578,9.064738770434828e-05,0.0001552171024662,0.00017704887495888875,0.013305971402302379,0.00017354674488188294,0.013173714164269807,0.00019885593490965152,0.014101628803427337,0.00018811623497103902,0.013715547199110906
2022-11-10,0.0019115062335896,3.6538560810519393e-06,7.757477076035911e-05,0.00017186478572361625,0.013109721039122696,0.00016939549595163138,0.013015202493685275,0.0001983794789779271,0.014084725023156367,0.00018454816899835685,0.013584850716822649
2022-11-11,-0.0042060457302305,1.7690820684790435e-05,0.0001522980014751,0.00016177212994506238,0.012718967330135823,0.00016078855356324668,0.012680242646071356,0.00018175128425370802,0.01348151639296218,0.0001744586836826864,0.013208280875370813
2022-11-14,-0.018243085703632,0.00033281017599,0.0002006739474158,0.00015312725138944607,0.012374459640301311,0.00015398636303182007,0.012409124184720696,0.00017236413916392606,0.013128752384134834,0.00016677515693873303,0.01291414561396661
2022-11-15,-0.0001224565549793,1.4995607857416653e-08,3.690779635474879e-05,0.00016390822686548304,0.012802664834536716,0.00016588035306538436,0.012879454688199512,0.000192565988079943,0.013876814767083367,0.00018454430642667166,0.013584708551407044
2022-11-16,0.0082469092371286,6.80115119654386e-05,0.0001803002353625,0.0001540746329900255,0.012412680330614557,0.00015747813792020706,0.012549029361676027,0.00017407414525573986,0.013193716127601802,0.00017432144051770428,0.013203084507708957
2022-11-17,-0.0072298616551863,5.2270899553133675e-05,0.0001126025251316,0.00014891084572855016,0.01220290316803957,0.0001539218274065234,0.012406523582636813,0.00016990214554002544,0.013034651723004548,0.00016778720344078044,0.012953269990268112
2022-11-18,0.0095878913098797,9.192765977006832e-05,9.327742579950424e-05,0.00014311244895802514,0.011962961546290498,0.0001498876354260758,0.012242860589995942,0.00016757985019500625,0.012945263620143324,0.00016356783597344565,0.01278936417393162
2022-11-21,0.0071011208663722,5.042591755882668e-05,0.0001022920340314,0.00014004136160674762,0.011833907284018563,0.00014857828437283364,0.012189269230467988,0.00016607737663233623,0.01288710117258091,0.00015915536989264957,0.012615679525600259
2022-11-22,0.0057005998770578,3.2496838958311685e-05,4.171862602954528e-05,0.00013466443496387234,0.01160450063397268,0.00014506472354466988,0.01204428177786745,0.00016101017493490462,0.012688978482718955,0.0001537176426135083,0.012398291923225082
2022-11-23,-0.0033246296331807,1.1053162197823736e-05,3.0200803762699283e-05,0.00012853437920353869,0.011337300349004549,0.00014094396412869716,0.011871982316727783,0.00015443903486662882,0.012427350275365574,0.00014824361251314236,0.012175533356413687
2022-11-24,0.0165334349491981,0.0002733544712193,0.0001338811339866,0.00012148550618319575,0.01102204637003473,0.00013608743248708045,0.011665651824355142,0.00014650248562855876,0.012103821116844,0.0001430609924356462,0.011960810693077882
2022-11-25,-0.0046003301622439,2.116303760165111e-05,7.756082493234304e-05,0.00013059764408536592,0.01142793262516742,0.00014669907934038403,0.012111939536687922,0.00015719936708013388,0.012537917174719805,0.00014771263559619925,0.012153708717761802
2022-11-28,-0.0048391883982127,2.341774435339701e-05,2.410344732190878e-05,0.000124031567696343,0.011136946066868736,0.0001417432226940538,0.011905596276291825,0.00015124600830782452,0.012298211589813557,0.0001433793595006954,0.011974112054791177
2022-11-29,0.042259076307287,0.0017858295303451,0.0006871371071875,0.00011799473829576622,0.010862538298932078,0.00013749549902679017,0.01172584747584541,0.0001463397882091379,0.012097098338409005,0.00013972080337279946,0.0118203554672776
2022-11-30,0.01885922118305,0.0003556702236312,0.000286660645311,0.00021806482581872668,0.014767018176284834,0.00023385687810851012,0.015292379739874044,0.00020181451322056335,0.014206143502744274,0.00020063655987883177,0.01416462353466663
2022-12-01,-0.0080417095632939,6.466909270037258e-05,6.63700471164257e-05,0.0002263211496874752,0.015043973866218831,0.00023770098834005187,0.015417554551226724,0.0002126478063724442,0.014582448572597271,0.00020170016407871193,0.014202118295476627
2022-12-02,-0.0180946485818307,0.0003274163072999,0.0001452592913612,0.00021662202626824905,0.01471808500682915,0.0002245651557431974,0.01498549818134844,0.0002076449893626917,0.014409892066309578,0.00019454266910250566,0.013947855358531134
2022-12-05,0.001814682077319,3.293071041743128e-06,8.440143287607996e-05,0.00022326968313015098,0.014942211453802645,0.00022789187913529218,0.015096088206396125,0.00022557451295511028,0.01501913822278463,0.00020869413664041095,0.014446249916168934
2022-12-06,0.013158094328385,0.0001731354463546,0.0001638823240131,0.00021007108640484648,0.01449382925264564,0.00021241775108086602,0.014574558349427471,0.0002051776704362151,0.014324024240283005,0.00019581115293940729,0.013993253836738877
2022-12-07,0.0196951780602102,0.0003879000388233,0.0002016137602601,0.00020785494800183634,0.014417175451586776,0.0002084025034089322,0.014436152652591763,0.0002058670572536752,0.014348068066944594,0.0001906864708962444,0.013808927217428746
2022-12-08,-0.0007019646391599,4.9275435463092e-07,3.1706694284589636e-05,0.00021865765345112928,0.014787077245051818,0.0002170566937184504,0.014732844047177394,0.00021789084723984899,0.014761126218546097,0.00019408648390465522,0.013931492522506524
2022-12-09,0.0061905178375424,3.8322511096931e-05,4.4694756602068224e-05,0.00020556775950533938,0.014337634376191191,0.00020269169768245143,0.014236983447431954,0.00019707390911633002,0.014038301503968705,0.00018280217883908647,0.013520435600937067
2022-12-12,-0.0018385109009945,3.3801223330756223e-06,6.153869044550778e-05,0.00019553304460083484,0.013983313076693765,0.00019215692744970614,0.01386206793554649,0.00018722658196699632,0.013683076480345942,0.000174194586410363,0.013198279676168519
2022-12-13,-0.0025608597109569,6.55800245920252e-06,2.4223533444102935e-05,0.00018400386926476926,0.013564802588492368,0.00018087033097194142,0.013448804072182085,0.00017267085672928087,0.013140428331271431,0.00016542574725407516,0.012861794091575061
2022-12-14,-0.0095090586298303,9.042219602555149e-05,0.0001174808261824,0.0001733571172564352,0.013166515000425708,0.0001710852869041068,0.01307995745039359,0.00016125393752208946,0.012698580138034703,0.00015791431357337234,0.012566396204694978
2022-12-15,-0.0080032370187477,6.405180277825463e-05,6.146320155819475e-05,0.0001683810219825821,0.012976171314474162,0.0001672093468117904,0.012930945317794457,0.00016411418765813307,0.012810705978131458,0.00015780614271449978,0.012562091494432756
2022-12-16,0.0030180525643456,9.10864128115358e-06,5.9848850453997177e-05,0.00016212126883032238,0.012732685059731996,0.00016228912279326138,0.012739274814260872,0.00016382266727923145,0.012799322922687413,0.0001556544829050635,0.012476156575847528
2022-12-19,0.0173677635894932,0.0003016392121005,0.0001177248674663,0.00015294051117737222,0.012366911949932053,0.00015482379700185658,0.012442821103023888,0.00015311714798037893,0.012374051397193197,0.00014909335035987256,0.012210378796739786
2022-12-20,-0.016151748066814,0.0002608789656138,0.0001400409815966,0.00016186243323276144,0.012722516780604435,0.00016484913633788118,0.012839358875655793,0.00016471677247007632,0.012834203226927503,0.00015409542821282824,0.012413517962802819
2022-12-21,-0.0031270554785978,9.778475966228706e-06,0.0001024813613211,0.00016780342517562556,0.012953896138831187,0.00017138572033302855,0.013091436908644847,0.00018079009676521908,0.013445820791800666,0.0001677164713498638,0.01295053942312303
2022-12-22,-0.00785069114796,6.163335150065821e-05,0.0001097909600079,0.0001583219282230617,0.012582604190828768,0.00016289373525390626,0.012762983007663462,0.0001694609638064052,0.013017717303982492,0.00016019236477959466,0.012656712242110691
2022-12-23,-0.0092092913332027,8.481104685980382e-05,8.989047437008845e-05,0.00015252061361971744,0.0123499236280925,0.00015834125314243946,0.012583372089485373,0.00016838129341979128,0.012976181773533818,0.00015757740278761465,0.012552983820096904
2022-12-26,-0.0013938249484398,1.9427479868933862e-06,5.073217340358724e-05,0.00014845803961412255,0.012184335829831782,0.00015563819929867708,0.012475503969727119,0.00017005174966947643,0.013040389168635898,0.00015707055572006975,0.012532779249634526
2022-12-27,-0.0092885236586368,8.627667175705653e-05,0.0001891174171078,0.00013966712211648877,0.011818084536695816,0.00014854427790043413,0.012187874215811145,0.00015682813035735823,0.012523103862755361,0.0001501613154308532,0.012254032619136167
2022-12-28,-0.0037279829771044,1.389785707758075e-05,3.3589268868094055e-05,0.00013646369509492278,0.01168176763571861,0.00014707116135581323,0.012127289942761871,0.00015962883428320527,0.01263443050885972,0.00015062262345017391,0.012272840887511493
2022-12-29,-0.0060370755426609,3.644628110779485e-05,0.0001059570610336,0.00012910974481388223,0.011362646910552233,0.0001416590636198917,0.011902061318103336,0.00015183823240365874,0.012322265717134115,0.00014538786788888003,0.012057689160402172
2022-12-30,-0.0027293782157933,7.449505444847286e-06,5.329424004502472e-05,0.00012354993699151696,0.011115301929840546,0.00013816126251572577,0.011754201908922858,0.00014902830103813582,0.01220771481638295,0.0001425138099545324,0.011937914807642598
2023-01-02,-0.0010354596978343,1.0721767858391478e-06,9.715721713038348e-05,0.00011658391109871677,0.010797402979361137,0.00013342572945771657,0.011551005560457349,0.00014065479366050256,0.011859797370128319,0.00013770996404014566,0.011734988881125778
2023-01-03,-0.006411049915723,4.1101561021892366e-05,4.048376773984205e-05,0.0001096532070399441,0.010471542724925688,0.0001288822080690862,0.011352630006702684,0.00013038736614725063,0.011418728744796885,0.00013296203074619317,0.011530916301239601
2023-01-04,-0.0023432937586876,5.491025639504373e-06,5.482741935033252e-05,0.00010554010827886096,0.010273271547022445,0.00012714430842729102,0.01127582850292124,0.00013019680165631851,0.011410381310732718,0.0001318816295007276,0.011483972722918128
2023-01-05,0.0185948836152708,0.0003457696966654,0.0001625775449693,9.953716332049955e-05,0.009976831326653746,0.00012358700209719474,0.01111696910570479,0.0001232538320983769,0.011101974243276594,0.00012814928271262516,0.011320304002659343
2023-01-06,-0.0028101096124326,7.8967160338865e-06,7.341651226259553e-05,0.00011431111532119758,0.010691637635142597,0.00013977522803380616,0.011822657401523828,0.00013817490210574475,0.01175478209520469,0.00013719329621991099,0.011712954205490218
2023-01-09,0.0183066190691407,0.0003351323017426,0.0001886255819522,0.00010792625136395887,0.010388756006565891,0.00013487619218739117,0.01161362097656847,0.00013113632874340705,0.011451477142421717,0.0001330369211084619,0.01153416321665607
2023-01-10,0.0075172607252685,5.65092088116644e-05,7.604784676004634e-05,0.00012155861438667892,0.011025362324507931,0.00014913883233207408,0.012212241085569597,0.00014531036509237772,0.012054474899072864,0.00014112516496480405,0.01187961131370905
2023-01-11,-0.0193244136894436,0.0003734329644407,0.0001878871374414,0.00011765565005217803,0.01084691891977524,0.00014590521723288605,0.012079123198017563,0.0001428991843808449,0.011954044687085828,0.00013798818887281728,0.011746837398756198
2023-01-12,-0.0012346452637301,1.5243489272514065e-06,4.799502426795879e-05,0.00013300228891549267,0.01153266183131599,0.00016105259689918873,0.012690649979382015,0.0001665012231332544,0.012903535295927795,0.0001622389912812422,0.012737307065515936
2023-01-13,0.0130227325020919,0.000169591561821,0.0002806167790857,0.00012511361251619816,0.011185419639700522,0.00015330118224083752,0.012381485461802939,0.00015343387081208888,0.01238684264904051,0.0001547020367485352,0.012437927349383225
2023-01-16,-0.0103045090373415,0.0001061829065006,0.0001025915160979,0.0001277822894744887,0.011304082867463804,0.0001560039090724397,0.012490152483954698,0.00015832730643503977,0.012582817905184823,0.0001541797306170942,0.012416913087281161
2023-01-17,0.0267651586672177,0.0007163737184813,0.0002776582393977,0.00012648632649605855,0.011246614001380974,0.00015478843474801184,0.012441400031668937,0.0001629658750398148,0.012765808828265243,0.00015573032945392896,0.012479195865676961
2023-01-18,0.0069669544807137,4.8538454736338e-05,5.649368140714957e-05,0.0001618795700151754,0.012723190245185183,0.00018837646608999096,0.013725030640766925,0.00018973861934288745,0.013774564216079123,0.00017529090184114634,0.01323974704596528
2023-01-19,-0.0136622577884581,0.0001866572878782,0.000234118026863,0.00015507910309844506,0.012453076049653157,0.0001800975236783445,0.01342004186574485,0.0001819348299116375,0.013488321982798212,0.00016792559421752645,0.01295861081356819
2023-01-20,-0.0388623954934538,0.0015102857834896,0.0002595319821825,0.0001569737941852354,0.012528918316647906,0.00018063328118846092,0.013439988139446437,0.00019165345632566656,0.01384389599519104,0.0001741676051047817,0.013197257484219276
2023-01-23,0.0185230170427193,0.0003431021603648,0.0001467522806926,0.00023817251354349843,0.01543283880378132,0.00025629364165699213,0.016009173671898,0.0002636428318270317,0.016237081998531376,0.0002828864034882357,0.016819227196522308
2023-01-24,0.001577874905743,2.489689218173491e-06,4.565405433899805e-05,0.00024446829235278073,0.015635481839482296,0.00025679773213470135,0.016024909738738043,0.00026866558354736106,0.016391021430873703,0.0002740154167002536,0.016553411029158117
2023-01-25,0.0083670823518921,7.000806708334491e-05,0.00012125009031,0.00022994957616470426,0.015164088372358699,0.000237894691919728,0.015423835188425997,0.00024185675137314644,0.015551744319308572,0.0002535816533250462,0.01592424733935787
2023-01-27,-0.0038971914864459,1.518810148202656e-05,0.00024692857024,0.00022035308561982266,0.014844294716146761,0.00022503946211335012,0.015001315346107158,0.00023039700080772145,0.01517883397391649,0.00023799515235578816,0.015427091506690046
2023-01-30,-0.0169879175632195,0.0002885893431347,0.0003477687989301,0.00020804318657155485,0.014423702249129897,0.00021057487892267538,0.014511198397192266,0.0002145155847945946,0.01464635056232762,0.00022280090859719712,0.014926516961340884
2023-01-31,0.0033431304951697,1.1176521507734032e-05,0.0001315592465136,0.00021287595596534607,0.014590269221825417,0.00021333356562480097,0.01460594281875706,0.00022939452930559572,0.015145775955876137,0.0002306716108794125,0.015187877102459465
2023-02-01,-0.0009706402839403,9.421425608078452e-07,0.0001715211955124,0.0002007739898978893,0.014169473875126392,0.00020001122204499718,0.01414253237737136,0.000210974258009602,0.014524952943455686,0.00021554939877528205,0.014681600688456352
2023-02-02,0.0232679882364598,0.000541399276572,0.0003139991003068,0.0001887840790576644,0.013739871871952242,0.00018766683515702862,0.013699154541687185,0.00019163367132892935,0.013843181402009054,0.00020182888788136672,0.014206649424877307
2023-02-03,0.0052615646588915,2.768406265969695e-05,3.5679058981142915e-05,0.00020994099090852644,0.014489340596056345,0.0002074673866788816,0.014403728221501598,0.00021097642061218008,0.014525027387656798,0.00020961710627018134,0.014478159629945421
2023-02-06,-0.004218296620095,1.7794026375104946e-05,0.0001073949042465,0.0001990055752135966,0.014106933586488476,0.0001957693415957359,0.013991759774800877,0.0001980057569777163,0.01407145184327887,0.00019752899521246635,0.014054500888059538
2023-02-07,-0.0138966215786655,0.0001931160913006,0.0001326385646686,0.0001881328822832871,0.013716154063121598,0.00018487869769234118,0.01359701061602664,0.00018675254397998203,0.013665743447759513,0.00018719719703718236,0.01368200266909718
2023-02-08,-0.0070987830023701,5.039272011473958e-05,4.5584582090361497e-05,0.00018843187482432778,0.013727049020977808,0.00018522172958842747,0.013609619009672074,0.00019662739608775312,0.014022389100568886,0.0001917238285630961,0.01384643739606315
2023-02-09,0.0015087157237595,2.2762231351192047e-06,6.212865158194644e-05,0.00018014952554175242,0.013421979196145122,0.00017741736194097825,0.013319810882327806,0.0001913415771338781,0.01383262726794437,0.00018460196534698876,0.013586830585055103
2023-02-10,-0.0035628377971326,1.2693813168676738e-05,5.345697474992323e-05,0.00016947712739735443,0.013018338119643168,0.00016779324767375546,0.012953503297322908,0.00017502251734023694,0.013229607603411258,0.00017445538823401604,0.013208156125440676
2023-02-13,0.0013569611491208,1.8413435602234205e-06,9.065567373603954e-05,0.00016007012854363378,0.012651882411073609,0.0001598873451140804,0.012644656781189452,0.0001651893420851104,0.012852600596187154,0.00016638265377690617,0.012898940025324025
2023-02-14,-0.0005424827098023,2.942874904344755e-07,5.453689970174596e-05,0.00015057640144462912,0.012270957641709514,0.00015229032354539243,0.012340596563594177,0.0001519876256084561,0.01232832614787815,0.00015831778290473865,0.012582439465570206
2023-02-15,-0.0121492411265823,0.0001476040599518,6.694372422572313e-05,0.00014155947460737744,0.01189787689494968,0.00014549461421503726,0.012062114831779594,0.00013951932236373274,0.011811829763577392,0.00015113641603891915,0.01229375516426609
2023-02-16,-0.0084127703985605,7.077470577889706e-05,8.509227553597219e-05,0.0001419221497280451,0.011913108315131073,0.00014786208177858677,0.012159855335430054,0.00014899415936496375,0.012206316371656265,0.00015626678499265753,0.012500671381676168
2023-02-17,-0.0046007854254691,2.116722653120898e-05,8.749019049883015e-05,0.00013765330309109612,0.01173257444430233,0.00014558823996592155,0.012065995191691464,0.00015079469701279573,0.01227984922597976,0.00015481651199637645,0.012442528360280175
2023-02-20,-0.0016113150266268,2.596336115033537e-06,6.847922987716688e-05,0.00013066413849750286,0.01143084154808835,0.00014076263912926913,0.011864343181536395,0.00014551031061622318,0.012062765463036376,0.00014966562151170457,0.01223379015316613
2023-02-21,0.0018695184367295,3.4950991852715542e-06,5.6529293054155304e-05,0.0001229800703545547,0.011089637972204264,0.0001354469495964002,0.011638167793789544,0.00013563133492523193,0.011646086678590021,0.00014365994242583055,0.011985822559417044
2023-02-22,-0.0088219670556345,7.78271027307012e-05,9.582556418945928e-05,0.0001158109720843977,0.010761550635684325,0.0001308044866347237,0.011436978912052068,0.00012666309078342597,0.011254469813519692,0.00013827246584664744,0.01175893132247346
2023-02-23,-0.0013641278979854,1.8608449220623104e-06,7.408083365594101e-05,0.00011353193992317585,0.010655136785756242,0.00013092774985513868,0.011442366444714951,0.0001309293482190035,0.011442436288614567,0.00013944389411607247,0.011808636420691106
2023-02-24,-0.0025929740497871,6.723514422869368e-06,8.973504811752871e-05,0.00010683167422310902,0.010335940896846741,0.000126721403196801,0.011257060148937688,0.0001223270300316881,0.011060155063636681,0.0001345578037501368,0.01159990533367134
2023-02-27,-0.0064817571158994,4.201317530951375e-05,5.6745064445115856e-05,0.00010082518463509463,0.010041174464926632,0.00012328360589878814,0.011103315085990675,0.00011661931256671322,0.010799042205988141,0.00013061341188372224,0.01142862248408452
2023-02-28,-0.0030435150652377,9.2629839523292e-06,8.963050755851202e-05,9.72964640755597e-05,0.009863897002481307,0.0001222527762528765,0.011056797739530036,0.00011768625043949943,0.010848329384725531,0.0001298745040076044,0.011396249558850683
2023-03-01,0.0022732823599682,5.167812688142772e-06,2.887012376027007e-05,9.201445526816585e-05,0.009592416549971432,0.00011948225992636519,0.010930794112339926,0.00011315994332091561,0.010637666253502955,0.00012666733513464214,0.011254658374852705
2023-03-02,-0.0044294839314931,1.9620327899356232e-05,4.0388622007008935e-05,8.680365671336445e-05,0.009316848003126618,0.00011680339600060748,0.010807561982269983,0.00010716655153937061,0.010352127874952599,0.00012329818855847158,0.01110397174701339
2023-03-03,0.0063535854005976,4.0368047442688094e-05,6.919590878204749e-05,8.277265698452391e-05,0.00909794795459525,0.00011525903867388967,0.010735876241550556,0.00010576819448765414,0.0102843665088159,0.00012165571815645275,0.011029765099785795
2023-03-06,0.0055894494538197,3.1241945196805754e-05,3.151640003080949e-05,8.022838041201369e-05,0.008957029664571492,0.0001150739923553853,0.010727254651372144,0.00010535850301611698,0.010264429015591514,0.00012016410864788852,0.010961939091597277
2023-03-08,0.0001006628650508,1.0133012400239637e-08,6.835514113359014e-05,7.72891942991012e-05,0.008791427318649753,0.00011439220618486725,0.010695429219291166,0.00010406490738741893,0.010201220877297919,0.00011850707251236074,0.010886095374943247
2023-03-09,-0.0095828862609071,9.183170908948206e-05,7.23698648805254e-05,7.265245062189912e-05,0.008523640690567566,0.00011201612956053891,0.01058376726693,9.655646802154066e-05,0.009826315078478842,0.00011588694497926625,0.010765079887268197
2023-03-10,0.0016442642720065,2.703604996197286e-06,3.852062055538441e-05,7.38032061299541e-05,0.00859087924079684,0.00011513398719563626,0.010730050661373237,0.00010390955986884372,0.010193603870508395,0.0001207277005708652,0.010987615781909432
2023-03-13,-0.0042068522077555,1.769760549789787e-05,0.000112167049937,6.953723006192868e-05,0.008338898612042761,0.00011282408884962941,0.010621868425546863,9.815598884097983e-05,0.00990737043018882,0.00011795140206045186,0.010860543359356007
2023-03-14,-0.0051658705946866,2.668621900104781e-05,6.219764645115303e-05,6.642685258808679e-05,0.008150267025569579,0.0001116362701335325,0.010565806648502162,9.719094550830713e-05,0.009858546825384923,0.00011677465783712279,0.010806232360870405
2023-03-15,-0.0149943194015394,0.0002248296143153,0.0002709824229366,6.404241457286444e-05,0.008002650471741498,0.00011109806794440116,0.010540306824016138,9.772155014127808e-05,0.009885421090741562,0.00011643419313675037,0.010790467697776142
2023-03-16,0.021889936481874,0.0004791693191804,0.0002298068845994,7.368964655741543e-05,0.00858426738617894,0.00012187818454244257,0.011039845313338523,0.0001140028613454736,0.010677212245969151,0.00013158099938345727,0.011470876138441093
2023-03-17,-0.0048711212337621,2.372782207400879e-05,0.0001121282061328,9.801842691479923e-05,0.009900425592609605,0.00014584404235791417,0.012076590676093736,0.000134031991273874,0.011577218632895986,0.00014515843367074569,0.01204817138285913
2023-03-20,0.025734465114646,0.0006622626947369,0.0004963570654778,9.356099062435175e-05,0.00967269303887763,0.00014113395311644015,0.011879981191754478,0.00013088781446719648,0.011440621244809938,0.0001413192097087873,0.011887775641758525
2023-03-21,-0.0195428116390862,0.0003819214867608,0.0002418438538123,0.00012768309287110657,0.011299694370694571,0.00017324644995373305,0.013162311725291004,0.00015661755109863714,0.012514693408095827,0.00016053990744189774,0.012670434382526028
2023-03-22,0.0055678460592103,3.1000909739064606e-05,4.317135284547017e-05,0.00014293739650448839,0.011955642872906852,0.00018567586471514435,0.013626293139190289,0.00018028150572490617,0.013426894865340466,0.00018285590285300432,0.013522422225807192
2023-03-23,0.0035273494100002,1.2442193860228863e-05,6.782681820138133e-05,0.00013622120729856287,0.011671384120941392,0.00017671681177027214,0.013293487569869396,0.00017139227496594766,0.013091687246720633,0.0001739716225914985,0.01318983027151974
2023-03-24,-0.0017319743248969,2.9997350621024048e-06,4.550334923189845e-05,0.00012879446649226281,0.011348764976518934,0.00016775216035524144,0.01295191724630919,0.00016051951195317167,0.012669629511282943,0.00016542461351208581,0.01286175001747763
2023-03-27,0.0073095044417102,5.3428855183382385e-05,9.822543733543644e-05,0.00012124678260645316,0.01101121167748823,0.0001593004050401248,0.01262142642652267,0.00014906665822021984,0.01220928573751224,0.00015763589328546469,0.01255531334875656
2023-03-28,-0.0065035911196507,4.229669745159961e-05,0.0001004577386429,0.00011717770696106883,0.010824865216762231,0.00015470245549038895,0.012437944182636813,0.00014600397270844625,0.012083210364321488,0.00015248406446044746,0.012348443807235284
2023-03-29,0.0191683365573303,0.000367425126375,0.0002044136452689,0.00011268484639050066,0.010615311883807307,0.00015001032117531658,0.012247870066885776,0.00014458505854616688,0.01202435272878199,0.00014924907220238958,0.012216753750583237
2023-03-31,0.0115887054666578,0.0001342980943929,0.0001502989228152,0.00012796926318957576,0.011312350029484402,0.00016433595132090784,0.012819358459802418,0.00015946279944425713,0.012627858070324401,0.0001566637300947258,0.012516538263223015
2023-04-03,-0.0095163841409683,9.05615671184738e-05,0.0001684816116592,0.00012834899306177788,0.011329121460280046,0.00016374230898626537,0.012796183375767376,0.00016170974264699181,0.012716514563629133,0.0001546116108293055,0.012434291730102905
2023-04-05,0.0182270142139375,0.000332224047155,0.0004171223449543,0.00012608174750517958,0.011228612893192979,0.0001607337423726334,0.012678081178657652,0.00016454643332916834,0.012827565370294097,0.0001548945794056177,0.012445665084904772
2023-04-06,-0.0067986698192995,4.622191131185393e-05,5.596255401478443e-05,0.0001384502854841736,0.011766489938982381,0.00017180469298570724,0.01310742892354207,0.00017683133049610435,0.013297794196636686,0.00016035868285273606,0.012663280888171756
2023-04-10,-0.0129871477264182,0.0001686660060678,0.0001073998163746,0.0001329165830338344,0.011528945443267324,0.0001653338000070035,0.012858219161571462,0.00017298780036149652,0.013152482669119793,0.0001565230320490221,0.012510916515148764
2023-04-11,0.0061419394154834,3.7723419783469146e-05,2.6973115275387357e-05,0.00013506154841587292,0.011621598358912294,0.00016657559748358734,0.012906416911117793,0.00018192447152627284,0.013487938001276283,0.0001626752610401226,0.012754421235011904
2023-04-12,-0.0074067040722771,5.485926521428713e-05,7.81558580119542e-05,0.00012922126069792866,0.011367552977572994,0.0001602339946393779,0.01265835671165013,0.00017371896985992407,0.013180249233604198,0.0001563629498813622,0.012504517179058223
2023-04-13,0.0028628151741346,8.195710721255418e-06,7.776611038378793e-05,0.0001247595409689101,0.011169581056105467,0.0001556080262967349,0.012474294621209445,0.00017136958689727123,0.013090820711371432,0.00015366077158595208,0.012395998208532948
2023-04-17,0.0061518694043717,3.784549716844545e-05,7.779654964612657e-05,0.00011776571115405082,0.0108519911147241,0.00014887282939375727,0.012201345392773589,0.00015954147014243282,0.01263097265227159,0.00014729546624031427,0.012136534358716835
2023-04-18,-0.0042413062264629,1.7988678506633322e-05,5.011774725097033e-05,0.00011297049831491445,0.010628758079611863,0.00014461017621635063,0.012025397133415204,0.00015377388965276604,0.012400560053996193,0.00014275849629495754,0.011948158698935897
2023-04-19,-0.0037257639113595,1.3881316723189443e-05,8.03570522106675e-05,0.00010727158912641755,0.01035719986900019,0.000139718498514618,0.01182025797157651,0.0001475375564716011,0.012146503878548803,0.00013874815422641826,0.011779140640404048
2023-04-20,-0.0155252367264301,0.0002410329754116,0.0001576796734482,0.00010166817278222383,0.01008306366052619,0.000135166051442203,0.01162609355898201,0.00014105565020859385,0.011876685152372855,0.0001348793365785649,0.011613756350921304
2023-04-21,0.0021441453296683,4.597359194738539e-06,3.289004072844499e-05,0.00011003006093999205,0.010489521482889105,0.00014404955283143424,0.01200206452371567,0.0001569893701711621,0.01252953990261263,0.00014916564765843045,0.012213338923424275
2023-04-24,0.0007201226834611,5.185766792352899e-07,5.165983992216053e-05,0.00010370409883527683,0.010183520944902939,0.00013846281345869426,0.0117670222851278,0.00014588018366096727,0.012078086920575099,0.0001431849674991542,0.011965992123478696
2023-04-25,-0.0037272745692556,1.389257571461972e-05,2.7417172164261036e-05,9.751296750591433e-05,0.009874865442420689,0.00013329828141539878,0.011545487491457378,0.00013420526809276772,0.0115846997411572,0.0001377422097233097,0.011736362712668253
2023-04-26,0.0081381361313662,6.622925969264935e-05,7.395744103938795e-05,9.249574399843664e-05,0.009617470769305027,0.0001294979262861137,0.011379715562619028,0.0001291183399113566,0.011363025121478725,0.00013399009441413597,0.011575409038739666
2023-04-27,-0.0168085694593205,0.0002825280072688,0.0002459044270476,9.091975494008933e-05,0.009535185102560377,0.00012911531231852888,0.011362891899447468,0.00012901799056490404,0.011358608654448134,0.0001320337655533665,0.011490594656211946
2023-04-28,-0.0047298663144108,2.2371635352198387e-05,0.000143878130696,0.00010241625007981209,0.010120091406692535,0.0001410641018591957,0.011877040955524052,0.00014791866983046806,0.012162181951873113,0.00014988283840225105,0.01224266467735889
2023-05-02,-0.0022814655155136,5.20508489847816e-06,4.657560987202238e-05,9.761357319615524e-05,0.009879958157611562,0.00013683644257623194,0.011697710997294811,0.00014315761779251312,0.011964849259080246,0.00014539391218380322,0.012057939798481465
2023-05-03,0.0138932482884033,0.0001930223480032,8.23862730057405e-05,9.206906389829459e-05,0.009595262575786792,0.00013212848074659753,0.011494715339955032,0.00013467952455976996,0.01160515077712349,0.0001400834668276807,0.011835686157873598
2023-05-04,0.0083123193899865,6.909465364114689e-05,4.941307876483547e-05,9.812626094459018e-05,0.009905870024616221,0.00013864032100258523,0.011774562454825454,0.0001421734927629684,0.011923652660278576,0.00014211001210898426,0.01192099039966832
2023-05-05,-0.0023965448290038,5.74342711742493e-06,3.672270992287282e-05,9.638436450638351e-05,0.009817553896281065,0.00013735040384195297,0.011719658862012707,0.0001411632092066656,0.011881212446828212,0.0001393246193109894,0.011803585019433266
2023-05-08,0.0061989384726267,3.842683818741169e-05,5.042013529120023e-05,9.0945908263046e-05,0.009536556415344377,0.00013261286552769799,0.011515765954885415,0.00013310261361412692,0.011537010601283459,0.00013475496425066042,0.011608400589687642
2023-05-09,-0.0001988392351985,3.953704145436168e-08,3.556643152266312e-05,8.779476405850792e-05,0.009369886021639106,0.00013028637741154686,0.011414305822587147,0.00013005403039669682,0.011404123394487488,0.00013168338692501225,0.011475338205256185
2023-05-10,0.0027389463430346,7.501827070023123e-06,4.824483925031529e-05,8.252945043748468e-05,0.009084572110863817,0.0001260516425395437,0.011227272266207126,0.00011970283679614289,0.010940879160110622,0.00012754884544902815,0.011293752496359576
2023-05-11,0.0272543171015333,0.0007427978006709,0.0003126064478709,7.802779303543695e-05,0.008833334196974376,0.00012273644840020526,0.011078648311062377,0.0001135813924335692,0.01065745712792546,0.00012416443360419073,0.011142909566365095
2023-05-12,0.0118870867356939,0.0001413028310619,0.0001517507619363,0.0001179139934935666,0.010858820999241427,0.0001615769868046295,0.012711293671559536,0.00014178966379335507,0.011907546506033687,0.00014833576361653365,0.012179317042286635
2023-05-15,0.0147005728869627,0.0002161068432049,0.0001171382814945,0.0001193173237476672,0.010923246941622586,0.00016170416327072033,0.012716295186520338,0.00014588902970051306,0.012078453117039162,0.00014750132241107413,0.012145012244171437
2023-05-16,0.0051139790998935,2.615278223414771e-05,3.926218519607613e-05,0.00012512469491510132,0.011185915023595581,0.00016606561684711694,0.012886644902654723,0.0001538440015734536,0.012403386697731132,0.00014952664908738665,0.012228108974301245
2023-05-17,-0.0053019165321602,2.811031891399425e-05,3.700865004246336e-05,0.0001191863801542441,0.010917251492671774,0.00015912644675989215,0.012614533156636918,0.00014720902444294689,0.012132972613623871,0.00014430078443664358,0.012012526147178352
2023-05-18,-0.0129317485198982,0.0001672301197818,0.0001155450293454,0.00011372181647982906,0.010664043158194225,0.00015311066554935855,0.012373789457937231,0.0001435313154589649,0.011980455561411883,0.00014090198767036612,0.01187021430599996
2023-05-19,0.0052759459030773,2.7835605172198727e-05,0.0001223863909819,0.00011693231467795268,0.010813524618640893,0.00015570155214371696,0.01247804280100517,0.0001542651627566949,0.012420352762973156,0.00014874087756309247,0.012195936928464842
2023-05-22,-0.0012690915085348,1.6105932570353792e-06,5.4356539207990547e-05,0.0001115865121076074,0.010563451713696968,0.00015007103187581578,0.01225034823487952,0.00014781217615081267,0.012157803097221663,0.0001436676598707957,0.01198614449565813
2023-05-23,-0.0037214912511524,1.3849497132404514e-05,3.189143106803471e-05,0.00010498795697657306,0.010246363109736697,0.0001436098502251354,0.011983732733382175,0.00013708332859272435,0.011708258990675102,0.00013827573408772674,0.01175907029010911
2023-05-24,-0.0050924372088683,2.5932916726267317e-05,4.718130451025518e-05,9.95196493859229e-05,0.009975953557726845,0.00013860013357883257,0.011772855795380855,0.00013169125542190538,0.011475681043925254,0.0001344588301521495,0.01159563841071933
2023-05-25,-0.0067917163447189,4.612741090712188e-05,0.0001106620063272,9.51044454263435e-05,0.009752150810274803,0.00013486316353062498,0.011613060041635235,0.00012914343736756262,0.01136412941529454,0.00013202347771444116,0.011490146984022492
2023-05-26,0.0209928867030786,0.0004407012921282,0.0001498281243592,9.21658233551902e-05,0.009600303294958456,0.00013271071281112503,0.011520013576863745,0.00012970954582790462,0.0113890098703928,0.00013144297737099366,0.011464858366809145
2023-05-29,-0.0007731544885228,5.977678631230519e-07,6.056906824398052e-05,0.00011307795148157647,0.010633811709898595,0.00015322354518861617,0.012378349857255456,0.00014800560913858489,0.012165755592587946,0.00014361507345922445,0.0119839506615817
2023-05-30,0.0023554358624402,5.548078102069598e-06,1.0222050544916144e-05,0.00010632914046446926,0.010311602225865253,0.00014633584609061642,0.012096935400778844,0.00013641713922398478,0.011679774793376145,0.000138150238468644,0.011753732958879234
2023-05-31,0.0041322020956942,1.707509415965993e-05,8.999005418214458e-05,0.00010028227672272526,0.010014103890150394,0.00014053551278543522,0.011854767512922184,0.00012798505675070196,0.01131304807515207,0.00013347299854799094,0.011553051482097313
2023-06-01,0.0113130910334249,0.0001279860287305,0.0002930203140619,9.528984576894132e-05,0.009761651795108312,0.00013606885765668454,0.011664855663774178,0.00012274670346321142,0.011079111131458671,0.0001297601706977141,0.011391232185225359
2023-06-02,0.0069442895496104,4.822315734882939e-05,0.0001060377391377,9.725161674663837e-05,0.009861623433625843,0.00013842517865211493,0.011765423012034669,0.00012741695428758178,0.011287911865689853,0.00013057252571714456,0.011426833582280988
2023-06-05,-0.0077228468579694,5.9642363591648274e-05,7.072070359736023e-05,9.430990918276977e-05,0.009711328909205463,0.00013597485958943706,0.011660825853662212,0.0001258815192877483,0.011219693368704348,0.00012834444709226725,0.011328920826463007
2023-06-06,-0.0017266202475451,2.9812174792327277e-06,7.108419945481466e-05,9.222985644730246e-05,0.009603637667431152,0.00013445999326721692,0.011595688563738547,0.00012830434810509584,0.011327150926208047,0.00012924123167775938,0.011368431363990345
2023-06-07,0.0092652967927303,8.584572465738007e-05,0.0001120760274658,8.687493810921826e-05,0.009320672621072916,0.00012990385780919326,0.011397537357218587,0.00012057714544165867,0.010980762516403798,0.00012561722562214454,0.011207909065572603
2023-06-08,-0.0134544278148442,0.0001810216278248,0.0001078166645788,8.681318530210787e-05,0.009317359352418897,0.00013058802416079034,0.011427511722190021,0.00012266732535868576,0.011075528220301088,0.0001253496946239834,0.011195967784161556
2023-06-09,-0.0164410045427307,0.000270306630374,0.0002426585720351,9.24656918534726e-05,0.009615908269813758,0.00013659847853587058,0.011687535177952218,0.00013544882508229045,0.01163824836830227,0.00013605451934906547,0.011664241053281841
2023-06-12,0.002746406792212,7.54275026830835e-06,2.9695568078789812e-05,0.00010313614816470975,0.010155596888647646,0.0001469771807960668,0.012123414568349413,0.00015341748014911064,0.01238618101551526,0.0001524878136930019,0.012348595616223
2023-06-13,0.0122009005846774,0.0001488619750771,0.0002458305304904,9.740054429092565e-05,0.009869171408528967,0.00014121508789567217,0.011883395469968682,0.0001435551849628343,0.011981451705149684,0.00014623343871300978,0.012092701878116808
2023-06-14,0.0085031017669812,7.230273965964001e-05,0.0001263292923179,0.00010048823013810099,0.010024381783337115,0.00014415490586827494,0.012006452676301812,0.0001479769348591388,0.01216457705220937,0.00014592033762457054,0.012079749071258498
2023-06-15,-0.003359146534078,1.1283865437408828e-05,7.673509624762452e-05,9.879710070939325e-05,0.009939673068536674,0.00014240176769134412,0.01193322117834678,0.00014670755073523234,0.012112289244202863,0.000142814748740246,0.01195051248860257
2023-06-16,0.0096017351205233,9.219331732469112e-05,8.214242696210341e-05,9.354630659307415e-05,0.00967193396343638,0.00013738771272065942,0.011721250475979916,0.00013967859749277256,0.011818570027409093,0.00013827519510014355,0.011759047372136212
2023-06-19,-0.003868512852256,1.4965391688070236e-05,6.58856767228054e-05,9.346512723697114e-05,0.009667736407089879,0.00013755650177300444,0.011728448395802595,0.00014069093462230482,0.011861320947613921,0.00013678474090873008,0.011695500883191368
2023-06-20,-0.0026682137756974,7.119364752821512e-06,5.301210260778512e-05,8.875514310403706e-05,0.009420994804373743,0.00013331868468859448,0.011546371061445864,0.00013517541885964686,0.01162649641378033,0.00013322650976876888,0.01154237886090943
2023-06-21,0.0001868639659428,3.491814176787653e-08,7.362912750864502e-05,8.38569964029641e-05,0.009157346580913278,0.0001291311964111465,0.011363590823817377,0.0001282256013477698,0.011323674374855973,0.0001294662653238938,0.011378324363626386
2023-06-22,-0.008347627916485,6.968289183208046e-05,4.365193696985068e-05,7.882767170729232e-05,0.008878494901011788,0.0001250314069817694,0.011181744362207955,0.00011801225486129207,0.010863344552268056,0.0001255852110382243,0.011206480760623484
2023-06-23,-0.0048146855522072,2.3181196966633393e-05,5.652772931190226e-05,7.827898491477957e-05,0.008847541179038364,0.00012536775533354084,0.011196774327168554,0.000122072480348898,0.011048641561246252,0.00012758249497695802,0.011295242138925488
2023-06-26,0.0039668095796376,1.5735578241104996e-05,5.243428460211026e-05,7.497311763789075e-05,0.008658701844843183,0.00012302325651745449,0.011091584941632754,0.00011995459249309241,0.010952378394353092,0.00012572434906591665,0.011212686969050579
2023-06-27,-0.0002828501410203,8.000420227523966e-08,3.3690402638715904e-05,7.141886527408358e-05,0.0084509683039332,0.00012053022840147727,0.010978625979669645,0.000115321301595794,0.010738775609714266,0.00012285421200352285,0.011083961927195657
2023-06-28,0.003726962224528,1.3890247423058832e-05,0.000105618022918,6.713853360977508e-05,0.008193810689158927,0.0001174396977633216,0.010836959802607076,0.00010683055748402459,0.010335886874575621,0.000119739417516992,0.010942550777446363
2023-06-30,0.0063304000418444,4.007396468978474e-05,6.0456468271445225e-05,6.394363643857209e-05,0.007996476501470638,0.00011549537355320178,0.010746877386162075,0.00010319314593112261,0.010158402725385651,0.00011749020888889863,0.010839290054652962
2023-07-03,0.0085143364283014,7.249392481430046e-05,0.0001079063166482,6.251145613364477e-05,0.007906418666731783,0.0001152659604311503,0.010736198602445388,0.00010296676230222299,0.010147253929128955,0.00011646735138898342,0.010792004048784611
2023-07-04,-0.0003889492896109,1.5128154988883068e-07,5.005676853199635e-05,6.31104042544841e-05,0.007944205703182924,0.00011690498029279161,0.010812260646728399,0.00010540053696026399,0.010266476365348725,0.00011676004549911194,0.010805556232749517
2023-07-05,0.0204742929320509,0.0004191966710674,0.0001942446829977,5.933285689220839e-05,0.007702782412362976,0.0001142428145680809,0.010688443037602852,9.818516424468152e-05,0.009908842729838914,0.00011435249097219638,0.010693572413940833
2023-07-06,0.0004533461216763,2.055227060389573e-07,4.107465027035318e-05,8.092468574272168e-05,0.008995814901537363,0.00013569566941198642,0.01164884841570129,0.00011639346849224423,0.010788580466968036,0.00012769788289104838,0.011300348795105768
2023-07-07,-0.0216314627894025,0.0004679201824093,0.0002993245337924,7.608153596052072e-05,0.008722473041547375,0.00013083723421674503,0.01143841047596846,0.00010788973555229111,0.010386998389924353,0.00012402674343302484,0.01113672947651261
2023-07-10,-0.0155197214310088,0.0002408617532961,0.000182749769571,9.959185474744779e-05,0.009979571871951611,0.0001531154874817822,0.012373984301015668,0.0001364331148371547,0.0116804586740913,0.00015725167805118455,0.012540003112088312
2023-07-11,0.0104663978429896,0.0001095454838077,0.0002511323849803,0.00010806804866036776,0.010395578322554631,0.00015988837641367482,0.012644697561178551,0.0001525512752846982,0.012351164936340952,0.00016894868652104458,0.012998026254822099
2023-07-12,-0.0040500088617533,1.6402571780280658e-05,0.0001967817318365,0.00010815669476920994,0.01039984109345955,0.0001584092534040446,0.012586073788280625,0.00015371337257969508,0.012398119719525823,0.00016456757252061288,0.012828389319030386
2023-07-13,-0.0071129381906908,5.059388970458874e-05,6.651828241204854e-05,0.00010265144738987415,0.010131705058373647,0.00015181236973691,0.012321216244223214,0.00014714258641022494,0.012130234392221155,0.00015792247206055355,0.012566720815732063
2023-07-14,0.0083277040716217,6.935065510450568e-05,6.364065966714283e-05,9.952799392875696e-05,0.00997637178180309,0.00014792981783492927,0.012162640249342627,0.00014671994429815743,0.012112800844485037,0.0001547081841128018,0.012438174468659049
2023-07-17,0.0017915336233091,3.209592723447297e-06,5.5080069348057585e-05,9.771735359930182e-05,0.009885208829321807,0.0001455671561901127,0.012065121474320624,0.00014531714409542546,0.012054756077807026,0.0001504816948094704,0.012267098059829408
2023-07-18,0.0004101964466784,1.6826112486758938e-07,2.8250730647017537e-05,9.204688794675052e-05,0.009594106938467515,0.00013972395878653884,0.011820488940248574,0.00013512011126277316,0.011624117655236167,0.0001442982127899396,0.012012419106488901
2023-07-19,-0.0041834642671579,1.7501373274587083e-05,6.513578448604109e-05,8.653417033743754e-05,0.0093023744462066,0.00013439191706304094,0.011592752781934106,0.0001243555463802934,0.011151481801998037,0.00013871433317950613,0.011777704919868986
2023-07-20,0.0117771379487535,0.0001387009782639,0.0001686110241429,8.23922025136665e-05,0.009077015066290597,0.00013066855158841212,0.011431034580842284,0.00012099653015422809,0.010999842278606911,0.00013513164411042844,0.011624613718761946
2023-07-21,-0.0374059857959936,0.00139920777337,0.0003698883821986,8.577072905868471e-05,0.009261248785055107,0.00013426560111589562,0.01158730344454203,0.0001264136130704636,0.011243380855884211,0.00013572139902662614,0.011649952747828042
2023-07-24,-0.0091624640791629,8.395074800195177e-05,5.14856279264614e-05,0.0001645769517173682,0.012828754877904879,0.0002090433844543835,0.01445833269967127,0.0001913581217607723,0.01383322528410393,0.0002402068009278612,0.015498606418896546
2023-07-25,-0.004700559981056,2.2095264135505373e-05,3.213411482481074e-05,0.00015973937949444314,0.012638804512074832,0.00020035704646940216,0.014154753493770288,0.00019084560373691716,0.013814687971029862,0.0002301189250192619,0.01516967122317626
2023-07-26,0.0058820355211868,3.459834187250401e-05,3.788855142456179e-05,0.00015148073257290683,0.012307750914480957,0.00018917376326424423,0.013754045341798327,0.00018137990145887569,0.013467735572800487,0.000216370061454434,0.014709522815320489
2023-07-27,-0.0052202499598145,2.7251009642943708e-05,4.9223999400893585e-05,0.0001444677891308826,0.012019475409970379,0.00018000964814161448,0.013416767425189068,0.00017284121182521307,0.01314690883155478,0.00020375986774546196,0.014274448071482903
2023-07-28,0.0057231696653021,3.2754671017834876e-05,4.418496218158435e-05,0.00013743478236160624,0.011723258180284449,0.00017150078672780133,0.01309583089108138,0.00016637524037729922,0.012898652657440592,0.00019344795144883727,0.013908556770881632
2023-07-31,-0.0092509348627569,8.557979583497107e-05,4.566403109999769e-05,0.00013115397568097992,0.011452247625727446,0.00016430047208808876,0.012817974570426046,0.0001592580110487111,0.01261974686943883,0.00018340889577174614,0.013542854048233192
2023-08-01,-0.0037950210801713,1.4402184998944891e-05,4.567029549813777e-05,0.00012841952489021937,0.011332233887906629,0.00016094359121595307,0.012686354528230444,0.00016178569939301698,0.01271950075250664,0.0001799877430665002,0.01341595106828063
2023-08-02,0.0069725311168852,4.8616190175933246e-05,7.750760301653218e-05,0.00012157848449674288,0.011026263396851305,0.00015393644689243508,0.012407112754079214,0.0001538778932938377,0.012404752850977632,0.00017141120442822725,0.013092410184080977
2023-08-03,-0.006894118869622,4.752887498847855e-05,3.1573224867819085e-05,0.00011720074683749423,0.01082592937523122,0.00014969294189504673,0.012234906697439369,0.00014986416785145505,0.012241902133714967,0.0001644954775118584,0.012825579032225344
2023-08-04,-0.0020797002538967,4.325153146058296e-06,3.175815645488185e-05,0.00011302043452655326,0.010631106928563613,0.00014588435288540437,0.012078259513911943,0.00014879789700528813,0.012198274345385422,0.00016028541203031932,0.01266038751501388
2023-08-07,0.0090711021749714,8.228489466877236e-05,6.857999194456549e-05,0.00010649871764372355,0.010319821589723513,0.0001400673975142931,0.011835007288307562,0.00013933290413424454,0.011803935959426607,0.000153191754946866,0.01237706568403295
2023-08-08,-0.0013047021503694,1.7022477011786828e-06,4.7992982151695934e-05,0.0001050458882652264,0.01024918963944108,0.00013935970623954775,0.011805071208575903,0.000139631964369359,0.011816596987684695,0.0001496177326021906,0.01223183275728501
2023-08-09,-0.0053341232618254,2.8452870972347655e-05,4.3163039049876275e-05,9.884526983138352e-05,0.009942095847022575,0.0001341574348241864,0.011582635055296631,0.00012992888086818305,0.011398635044082386,0.00014354786065877317,0.011981146049471777
2023-08-10,-0.0060916676229876,3.710841442895572e-05,3.1678984900168655e-05,9.462172589984132e-05,0.009727369937441534,0.00013108360244538922,0.011449174749534973,0.00012795191694743162,0.011311583308601481,0.00014026246236483988,0.011843245432095034
2023-08-11,-0.0138534074941963,0.0001919168992002,8.065055772534413e-05,9.117092721158816e-05,0.009548346831341443,0.00012886121480785501,0.011351705370025026,0.0001274289336288527,0.011288442480203047,0.00013803016671186768,0.011748624034833512
2023-08-14,0.0124333188364837,0.0001545874172896,0.0001537200932814,9.721568553090812e-05,0.009859801495512377,0.00013569267738250304,0.011648719989016091,0.0001407405163561142,0.011863410823035431,0.00014812440066154717,0.012170636822350225
2023-08-16,0.0076686083123949,5.880755344893365e-05,5.2531139199799706e-05,0.00010065798943643327,0.010032845530378372,0.00013960409190259243,0.011815417550920172,0.00014570795367900395,0.012070954961352642,0.00014780510479227673,0.01215751227810512
2023-08-17,-0.0036699310212265,1.3468393700560751e-05,4.25120541973005e-05,9.814696327718319e-05,0.0099069149222744,0.0001376170226676218,0.011731028201637817,0.0001434711028118751,0.011977942344654824,0.0001439839138843328,0.01199932972646109
2023-08-18,0.0045118939162048,2.0357186711086565e-05,7.050023336632348e-05,9.306624910258583e-05,0.00964708500546076,0.00013328708655287823,0.011545002665780473,0.0001373242490198876,0.011718542956352876,0.00013948005722461381,0.011810167535840202
2023-08-21,0.0031264296128006,9.774562123796624e-06,7.090071122808175e-05,8.870370535909582e-05,0.009418264455784612,0.00012985525708289638,0.011395405086388827,0.00013161527845022094,0.011472370219367091,0.00013519683545869493,0.01162741740278962
2023-08-22,0.0011893370294443,1.4145225696074516e-06,2.6553953877529577e-05,8.396795676497786e-05,0.009163403121383336,0.00012622397031847058,0.011234944161786945,0.00012470644679953518,0.011167204072619752,0.00013101580124657831,0.011446213402107193
2023-08-23,0.0032101868445904,1.0305299577181417e-05,2.4025829254014334e-05,7.901475071325562e-05,0.008889024171035627,0.00012254282326054985,0.011069906199266092,0.00011613583263202356,0.010776633640985647,0.00012700730377244435,0.011269751717426802
2023-08-24,0.00279327549925,7.802388014710462e-06,3.334308390718973e-05,7.489218364509116e-05,0.00865402701897164,0.00011979756610063438,0.01094520744895383,0.00011095940989125342,0.010533727255404586,0.00012378882147668643,0.011126042489433807
2023-08-25,-0.0068807135052919,4.7344218341907427e-05,4.670259639588237e-05,7.086679590726831e-05,0.008418241853692986,0.00011723145151069925,0.010827347390321382,0.0001058109577375342,0.010286445340229744,0.00012084844358340821,0.010993108913469756
2023-08-28,-0.0030667957325658,9.405236065284235e-06,4.6520905038386446e-05,6.945544125334658e-05,0.008333993115748691,0.00011721181869906756,0.010826440721634583,0.00010833288262163305,0.010408308345818405,0.00012164950497310496,0.0110294834409008
2023-08-29,-0.0116297962294514,0.0001352521603385,7.568021624715441e-05,6.585242894206281e-05,0.008114950951303575,0.00011503940022026922,0.01072564218218514,0.00010475586635194978,0.01023503133126371,0.00011940045379430622,0.010927051468456905
2023-08-30,0.0022932590410112,5.2590370291796594e-06,1.4447851634350352e-05,7.001641282585276e-05,0.00836758106180351,0.00012026985265166924,0.010966761265372254,0.00011508871851090337,0.010727941019175272,0.00012722189969709564,0.011279268579881216
2023-08-31,-0.0106809181666684,0.000114082012883,0.0001351970847828,6.613097027805237e-05,0.008132095073107075,0.00011750398707297406,0.010839925602741655,0.00010891550640357288,0.010436259215043141,0.0001237922708583248,0.011126197502216325
2023-09-01,-9.987759843538972e-05,9.975534669220963e-09,1.2063065696101294e-05,6.900803283435325e-05,0.008307107368654462,0.00012124342493803608,0.011011059210540831,0.00011745586394101155,0.010837705658533616,0.00012945753123050184,0.011377940553127434
2023-09-04,-0.0013583140576086,1.845017079097366e-06,2.7864021847322497e-05,6.48681493963722e-05,0.00805407657005893,0.00011806544052073071,0.010865792217815078,0.00010844410081840032,0.010413649735726678,0.00012557697024574255,0.011206113074824052
2023-09-05,0.0022562349763121,5.090596268334391e-06,2.603768440358159e-05,6.108676145733569e-05,0.007815802035449446,0.0001153636599234934,0.010740747642668708,0.00010230805824177947,0.010114744595973715,0.00012228628475289763,0.01105831292525662
2023-09-06,0.006540056029167,4.277233286464381e-05,1.9805883759800893e-05,5.7726991545995595e-05,0.007597828080839655,0.0001131624701052138,0.010637785018753378,9.741414725612025e-05,0.009869860548970297,0.00011941871989795684,0.010927887256828597
2023-09-07,-0.006380585606701,4.071187268444075e-05,2.7312364207994955e-05,5.6829712025114475e-05,0.007538548403049123,0.00011335938890629093,0.010647036625572908,9.789402033255328e-05,0.009894140707133353,0.00011827350669782756,0.01087536237087425
2023-09-08,0.0025292592434406,6.397152320530105e-06,2.1746577873972952e-05,5.5862641664674e-05,0.007474131499022077,0.00011341621715365049,0.010649705026602873,0.00010019834960301953,0.01000991256720155,0.0001188539617509117,0.010902016407569368
2023-09-11,0.0088910792353292,7.905128996890235e-05,5.044742353372928e-05,5.289471230402534e-05,0.007272875105762874,0.00011151718271980226,0.010560169634991772,9.582419095394524e-05,0.009788983141978805,0.0001164298665705625,0.010790267214974916
2023-09-12,-0.0148558622976785,0.0002206966446075,0.0002116083363335,5.4464106963917947e-05,0.007379980146580202,0.00011396746130762298,0.010675554379404517,9.919639653134814e-05,0.009959738778268641,0.0001169691434521998,0.010815227387910057
2023-09-13,0.0030766538215112,9.465798737420048e-06,1.667101407830192e-05,6.443805922253802e-05,0.008027332011480403,0.00012417696166501052,0.01114347170611612,0.0001152129935188352,0.010733731574752332,0.00013173213224226495,0.011477461925106305
2023-09-14,-0.0022967842382481,5.275217837065248e-06,2.513596425022118e-05,6.11397235934309e-05,0.007819189446063505,0.00012119275031146846,0.011008757891400303,0.0001099691363246073,0.010486617010485665,0.0001279386167792918,0.011310995392948041
2023-09-15,-0.0125139200473444,0.0001565981949513,3.383305515801723e-05,5.778785324804894e-05,0.007601832229669959,0.00011831978358611172,0.010877489764927922,0.00010507169161010344,0.010250448361418316,0.00012464344357553299,0.011164382812118769
2023-09-18,0.0076436175802515,5.842488971313036e-05,5.6289478812214374e-05,6.37164737502457e-05,0.007982259940032377,0.0001243788233478527,0.011152525424667397,0.00011689358676179953,0.01081173375374179,0.00013352543535431893,0.011555320651298212
2023-09-20,-0.0087982702004912,7.740955852085248e-05,7.286396169788373e-05,6.339897870801874e-05,0.007962347562623647,0.00012415205430524152,0.01114235407376922,0.0001171714750059738,0.010824577359230881,0.00013133426908680905,0.011460116451712393
2023-09-21,0.0026314426517901,6.924490429660479e-06,9.561222447323188e-05,6.423961349678871e-05,0.008014961852484933,0.00012503023132057496,0.011181691791521306,0.00012204938333143431,0.01104759626938975,0.0001332720085076232,0.011544349635541329
2023-09-22,0.0036723627341383,1.348624805108808e-05,6.034304528732623e-05,6.080070611276099e-05,0.007797480754241141,0.00012180179295701519,0.011036384958717923,0.00011554647540228942,0.010749254644034135,0.00012920730101282632,0.01136693894647219
2023-09-25,-0.0026620782285468,7.086660494902947e-06,9.24404877386462e-05,5.796183862906059e-05,0.0076132672768700685,0.00011932395986588092,0.010923550698645607,0.00011099154789962969,0.010535252626284273,0.00012585303335799856,0.011218423835726594
2023-09-26,0.0012511784569627,1.5654475311675957e-06,4.5337268133680335e-05,5.4909327941011124e-05,0.007410082856555055,0.00011677262223447956,0.01080613817394908,0.0001065432504812084,0.010321979000230935,0.00012293922190037752,0.011087796079491069
2023-09-27,0.0091556111160333,8.382521490803323e-05,7.474465342026851e-05,5.1708695116420506e-05,0.007190875824016189,0.00011420627851530084,0.010686733762721931,0.0001000623227609211,0.010003115652681473,0.00011986623854295673,0.010948344100500162
2023-09-28,-0.0166869021460997,0.0002784527032335,0.0001343108544145,5.363568630391723e-05,0.007323638870392043,0.00011661299042547285,0.010798749484337195,0.0001034781995459433,0.010172423484398558,0.00012018622747475952,0.01096294793724569
2023-09-29,0.0021315802142499,4.5436342097817605e-06,2.9599167614079818e-05,6.712470731969262e-05,0.00819296694242645,0.00012979361717243323,0.011392700170391267,0.00012267736332901457,0.011075981370922153,0.0001390816995594206,0.011793290446665876
2023-10-03,0.0013374059140504,1.7886545789372008e-06,8.112825122040331e-05,6.336984293309795e-05,0.007960517755340915,0.00012587240772979523,0.011219287309352373,0.0001154908821904446,0.010746668422838987,0.00013426010119222523,0.011587066116676181
2023-10-04,0.0156530711863563,0.0002450186375651,0.0001227528745995,5.967497163184829e-05,0.007724957710683489,0.00012225366138113428,0.011056837765886514,0.00010813474779053161,0.01039878588059835,0.0001298918773143313,0.01139701177126405
2023-10-05,0.0046546316568907,2.1665595861329848e-05,4.9650113772710885e-05,7.079559158784568e-05,0.008414011622754373,0.0001328748909033841,0.011527137151235085,0.00011948888498949277,0.01093109715396825,0.0001350129249949245,0.011619506228533314
2023-10-06,-0.0080297321062016,6.447659769736541e-05,3.879362478643876e-05,6.784779184425468e-05,0.008236977105968832,0.00012956562954157105,0.011382689907994993,0.00011575805912504323,0.01075909192845954,0.00013129238939635026,0.011458289112967531
2023-10-09,0.0047498896881514,2.2561452049607124e-05,7.280148692541693e-05,6.76455201954413e-05,0.008224689671680099,0.00012907553316402178,0.011361141367134809,0.00011944265860765595,0.010928982505597488,0.00013222664430699945,0.01149898449024954
2023-10-10,0.0019494129558944,3.800210872609074e-06,1.7503313718308593e-05,6.494047610669123e-05,0.008058565387628945,0.00012626185465029776,0.011236630039753812,0.00011583532253826386,0.010762681939844913,0.00012886001939815407,0.011351652716593918
2023-10-11,0.0158500143343602,0.0002512229543994,0.0001271962542107,6.12720601926463e-05,0.007827647168379928,0.00012271178992171616,0.011077535372171743,0.0001091708155597557,0.010448483888093798,0.00012518787988312151,0.011188738976449559
2023-10-12,0.0002347307269254,5.50985141629394e-08,4.446347334876428e-05,7.266911384505295e-05,0.008524618105525487,0.0001336318275527155,0.011559923336800964,0.00012075107448824762,0.010988679378717336,0.00013107976938759593,0.01144900735381002
2023-10-13,0.0048572142745894,2.3592530509275463e-05,6.363660942634137e-05,6.831227292519954e-05,0.008265123890493085,0.00012900640942353544,0.011358098847233874,0.00011148180230329497,0.010558494319896894,0.00012701368167615344,0.011270034679456557
2023-10-16,-0.0043488199725909,1.891223515400636e-05,4.730015431494312e-05,6.562908838024407e-05,0.008101178209386835,0.00012625939079385478,0.011236520404193408,0.00010875870879384353,0.010428744353652722,0.0001242853717248798,0.01114833493060196
2023-10-17,-0.0008409963183482,7.072748074752846e-07,3.0565171455631806e-05,6.282607718666976e-05,0.007926290253748582,0.00012356803693165062,0.011116116090238111,0.00010709726891243065,0.010348781035099286,0.0001224740311556172,0.011066798595601945
2023-10-18,-0.0030952630262815,9.580653201865693e-06,5.5504102405687834e-05,5.909894904391808e-05,0.007687584083697432,0.0001201575783439868,0.010961641224925527,0.00010034856371034522,0.010017413024845547,0.00011945191530939995,0.010929405990693178
2023-10-19,-5.8929721658294664e-05,3.472712094724083e-09,4.833382907718587e-05,5.612785129339491e-05,0.007491852327254916,0.00011765033869363614,0.010846674084420355,9.756190457467995e-05,0.009877342991649118,0.00011746957104218185,0.010838338020295449
2023-10-20,-0.0209992356774609,0.0004409678990375,0.0001952680811744,5.276038857851689e-05,0.007263634667197745,0.00011489253659406235,0.010718793616543905,9.0747551156465e-05,0.009526150909809534,0.00011496879789790145,0.0107223503905581
2023-10-23,-0.0046798596505758,2.1901086349088025e-05,5.075870472918362e-05,7.60528392060587e-05,0.008720827896826006,0.00013750603639413903,0.011726296789444613,0.00011773670719540219,0.010850654689713529,0.0001471353549013291,0.012129936310687253
2023-10-25,-0.0024996440273592,6.2482202635128895e-06,3.6726082802908526e-05,7.280373403464042e-05,0.008532510418079805,0.00013366810078196864,0.011561492152052374,0.00011579478405162118,0.010760798485782604,0.00014292608825767887,0.01195516993846925
2023-10-26,-0.0003633428247314,1.3201800828379697e-07,6.959815368587697e-05,6.881040320837275e-05,0.008295203626697343,0.00012939023076523698,0.011374982670986227,0.00011061467752588512,0.010517351259983909,0.00013798111547410133,0.011746536318170618
2023-10-27,0.002278986629791,5.193780058766488e-06,5.6929501714793195e-05,6.468970009636741e-05,0.008042990743272518,0.00012526563839220688,0.011192213292830282,0.00010277905146147248,0.010138000367995283,0.0001331286631543689,0.01153813950142608
2023-10-30,-0.0012699457030586,1.6127620887172357e-06,5.149784368625165e-05,6.111994489411133e-05,0.007817924589947855,0.00012191133571443428,0.011041346644066306,9.786344859182195e-05,0.009892595644815467,0.00012901651806590083,0.011358543835628792
2023-10-31,0.0020553000769281,4.224258406221016e-06,3.434646727820142e-05,5.754951392578766e-05,0.0075861395930860425,0.00011874622046776799,0.01089707394063966,9.270227484923134e-05,0.009628202056938323,0.0001253116951746714,0.011194270640585362
2023-11-01,-0.004741372211298,2.2480610446069492e-05,4.321406022759116e-05,5.434999859461364e-05,0.0073722451529105865,0.00011609990846146293,0.010774966749900574,8.853929080865381e-05,0.009409531912303279,0.00012206377678734758,0.011048247679489611
2023-11-02,0.0131754624831609,0.0001735928116451,6.272498490371714e-05,5.243783530570095e-05,0.0072413973310198184,0.00011480036593457447,0.010714493265412716,8.91079867470367e-05,0.009439702683190648,0.00012078643599930696,0.010990288258244501
2023-11-03,0.0089871730801721,8.076927997297109e-05,4.1167935491150345e-05,5.970713388606972e-05,0.00772703914096918,0.0001222366960286351,0.011056070550997542,9.8005636668374e-05,0.009899779627263124,0.0001243170043959437,0.011149753557632728
2023-11-06,-0.0047337771626797,2.240864622590839e-05,4.08411450689556e-05,6.097086265128375e-05,0.0078083841254950916,0.00012352990098785685,0.011114400613072072,0.00010135183991514155,0.010067365092969538,0.00012401162793775416,0.011136050823238647
2023-11-07,-0.0003804037648507,1.447070243125903e-07,2.305597174428866e-05,5.865712966576119e-05,0.007658794269711205,0.00012135662935927671,0.011016198498541895,0.00010090598984095449,0.01004519735201626,0.0001225044007659293,0.011068170615143647
2023-11-08,0.0091313362106065,8.338130099113486e-05,4.262216152507531e-05,5.5146384307274274e-05,0.00742606115698452,0.00011817304824351921,0.010870742764113187,9.41728237880021e-05,0.009704268328318324,0.0001194349280738723,0.010928628828625863
2023-11-09,-0.0170741723493629,0.0002915273614157,0.0001385565887408,5.6840479308305825e-05,0.007539262517534844,0.00012009025472009641,0.010958569921303436,9.793599190026637e-05,0.00989626151131155,0.00011978817740025625,0.010944778545053173
2023-11-10,0.003969346824301,1.5755714211588834e-05,3.1777780331652896e-05,7.09216922347524e-05,0.00842150178024991,0.0001336065781770024,0.011558831176940098,0.00011787100213520474,0.010856841259556334,0.00013974883485410805,0.011821541137013737
2023-11-13,-0.0033841004326986,1.145213573859129e-05,1.5401285349308005e-05,6.761173355336256e-05,0.00822263543843229,0.00012987597214857762,0.011396313972007686,0.00011344861391567955,0.010651225934871514,0.00013526466116017138,0.011630333665040371
2023-11-15,0.0033237353726581,1.1047216827459077e-05,4.258201491867608e-05,6.424215768447625e-05,0.008015120565810364,0.0001263375535825087,0.01123999793516479,0.00010986661305154559,0.010481727579533136,0.00013160754433235353,0.011472033138565872
2023-11-16,0.0019284349215357,3.718861246598611e-06,5.391371941025609e-05,6.105046123305519e-05,0.007813479457517963,0.00012319028716947637,0.011099111999141029,0.00010545689631923776,0.010269220823374954,0.0001278868006082443,0.01130870463882775
2023-11-17,0.0149805658065438,0.0002244173518841,0.0002709759003247,5.761056523386778e-05,0.007590162398385675,0.00011999511215793706,0.010954228049385182,9.986635695266318e-05,0.00999331561358207,0.00012432371207040527,0.011150054352800495
2023-11-20,-0.0088775621017338,7.881110887014032e-05,6.775067636968672e-05,6.761897243288708e-05,0.008223075606662453,0.00012971045875045776,0.011389049949423252,0.00011064588227039525,0.010518834644122668,0.00012932474887724797,0.011372103977595702
2023-11-21,-0.0004786746445703,2.291294153545066e-07,2.0708279689772497e-05,6.829050061912226e-05,0.008263806666368851,0.0001300176675604121,0.011402528998446446,0.00011607516568404879,0.010773818528453539,0.00013160313523761274,0.011471840969853651
2023-11-22,0.0066239150783921,4.387625096575032e-05,2.3398906678574107e-05,6.420681834689619e-05,0.008012915720690952,0.00012582515334586566,0.01121718116756013,0.00010779109372737148,0.010382248972518984,0.00012749261534541388,0.011291262787899938
2023-11-23,-0.0007933675099348,6.294320058202413e-07,2.643982494231094e-05,6.298698430402743e-05,0.007936433979063105,0.00012460267907339596,0.0111625570132204,0.00010754296949272013,0.010370292642578613,0.00012545855816955355,0.011200828459071836
2023-11-24,-0.001866971498351,3.4855825756553334e-06,8.706750592578747e-06,5.924553116613499e-05,0.007697111871743517,0.000121066699328385,0.011003031369962779,0.00010067643010295848,0.010033764503064565,0.00012208673466800938,0.011049286613533445
2023-11-28,-0.0018503302729742,3.4237221190848407e-06,5.74427754652134e-05,5.5899934250706183e-05,0.007476625860019089,0.00011810682787279756,0.010867696530212719,9.60795201207865e-05,0.00980201612530741,0.00011932582041579089,0.010923635860636828
2023-11-29,0.0057589354369621,3.316533736709849e-05,2.401562897668133e-05,5.27513615228089e-05,0.007263013253657803,0.00011548987976798786,0.010746621783983461,9.191256353458168e-05,0.009587104022309431,0.00011687797518755081,0.010811011755962104
2023-11-30,0.0080858976674856,6.538174108904984e-05,8.2527140394099e-05,5.157620007346624e-05,0.007181657195485332,0.00011486867242870056,0.010717680366044723,9.19206026700514e-05,0.009587523281330345,0.00011567036592178358,0.010755015849443625
2023-12-01,0.0070851125525324,5.019881988205285e-05,8.77030884195595e-05,5.240453253440121e-05,0.0072390974944671945,0.00011615019270475468,0.01077729988006062,9.459744495624428e-05,0.009726121783950903,0.00011579206005746942,0.01076067191477695
2023-12-04,0.014963808094538,0.0002239155526901,5.990285507723612e-05,5.227218977526027e-05,0.007229950883322809,0.00011641926811422254,0.010789776091941044,9.592430058652767e-05,0.009794095189782855,0.00011533879792560948,0.010739590212182655
2023-12-05,-0.0151197477388053,0.0002286067716851,0.0003484208789344,6.257079155015433e-05,0.00791017013408399,0.00012652464413205608,0.01124831739115038,0.00010682289478159208,0.01033551618360651,0.00012135581921782595,0.011016161728016975
2023-12-06,0.0017150992861364,2.941565561305649e-06,2.3337813487001716e-05,7.253295035825156e-05,0.008516627874825315,0.00013571371915085056,0.011649623133425843,0.00012314865287590572,0.011097236271969058,0.00013623043163256738,0.011671779283064232
2023-12-07,-0.0194268186355915,0.0003774012823001,0.0002111994150132,6.83574672704348e-05,0.008267857477631965,0.000131008589337085,0.01144589836304189,0.00011539866201546469,0.010742376925776934,0.00013167793888804667,0.011475100822565643
2023-12-08,0.0016069806161035,2.582386700532441e-06,3.73340164072614e-05,8.690009617221865e-05,0.009322022107473177,0.00014812495643546936,0.012170659654902414,0.0001396501486951016,0.011817366402676258,0.0001569646903508816,0.01252855499851765
2023-12-11,-0.0074215808093013,5.5079861708990254e-05,5.4645048381550085e-05,8.184103360391746e-05,0.009046603429128386,0.00014194675429619698,0.01191414093823793,0.00012987747978318408,0.01139638011752785,0.00015001158303848291,0.012247921580353252
2023-12-12,-0.0003594629373433,1.2921360332351166e-07,2.5297425787969863e-05,8.023536329022178e-05,0.008957419454855387,0.00013947374127361794,0.01180990013817297,0.00013146738657069597,0.01146592283990678,0.00014805790030472017,0.012167904515762776
2023-12-13,0.0036491967139263,1.3316636656930572e-05,1.99541436098459e-05,7.542899430900787e-05,0.008684986718988572,0.00013416876813102238,0.011583124281946662,0.00012120062262351597,0.01100911543329054,0.00014204498741959522,0.011918262768524413
2023-12-14,0.0017700129360879,3.132945793918694e-06,3.18099915970366e-05,7.170225284988323e-05,0.008467718278844853,0.00013023381153841917,0.011412002959096145,0.00011604673141966944,0.010772498847513025,0.00013720632096353625,0.011713510189671423
2023-12-15,0.0025997347904363,6.758620980604988e-06,3.551182291068261e-05,6.758809442652535e-05,0.008221197870537197,0.00012618094702119667,0.011233029289608242,0.00010914485082006429,0.010447241301897085,0.0001325485349186385,0.011512972462341708
2023-12-18,0.0049817720114326,2.481805237389356e-05,4.904708638278445e-05,6.393832601977011e-05,0.007996144447155148,0.0001228084014451546,0.011081895209987983,0.0001039533582678322,0.010195751971670957,0.00012856100006771595,0.011338474327162184
2023-12-19,0.0098898026102759,9.780819567022135e-05,5.65788222713867e-05,6.15911096010175e-05,0.007848000356843614,0.00012085644127112623,0.010993472666592946,0.00010206030455002404,0.010102490017318702,0.00012569980955903047,0.01121159264150417
2023-12-20,-0.001250439801949,1.563599698298393e-06,3.7061554847353294e-05,6.376413476516965e-05,0.007985244815606448,0.00012327907524005584,0.01110311106132222,0.00010625036487165782,0.010307781762904073,0.00012586473228849782,0.011218945239571223
2023-12-21,-0.0016828198546988,2.831882663368577e-06,0.0001067186289176,6.0032102661157364e-05,0.0077480386331740345,0.00011995108071277189,0.010952218072736311,0.0001001885926174944,0.010009425189165179,0.00012251897339742246,0.01106882890812856
2023-12-22,0.0087351427735643,7.630271927455423e-05,5.959991594511165e-05,5.660008946129003e-05,0.007523303095136473,0.00011708465377495936,0.010820566240957973,9.537672970243474e-05,0.009766101049161572,0.00011965732601875864,0.0109387991122773
2023-12-26,0.0035462623946723,1.2575976971867335e-05,3.280693271969658e-05,5.7782247250085786e-05,0.007601463493965211,0.0001187271597417545,0.0108961993255334,9.859183792731024e-05,0.009929342270629523,0.00011972344492322912,0.010941820914419552
2023-12-27,0.0090698644550271,8.226244123256563e-05,5.17473991496084e-05,5.506987103339265e-05,0.007420907696056639,0.00011655748919308758,0.010796179379441951,9.552255720749595e-05,0.009773564201840388,0.00011742751867502769,0.010836397864374845
2023-12-28,0.0097290754704791,9.465490951027974e-05,5.759082369343841e-05,5.670142524534293e-05,0.007530034876768031,0.00011860023265503915,0.01089037339373812,9.912778119023868e-05,0.009956293546809408,0.00011797056419065743,0.010861425513746224
2023-12-29,0.0113821563783147,0.0001295534838204,0.0001084517180936,5.8978634301239046e-05,0.0076797548334070565,0.00012110782481548056,0.01100490003659645,0.00010330420985480806,0.010163867858980068,0.00011890893241678463,0.0109045372399192
2024-01-01,-0.0034593991594941,1.1967442544708608e-05,5.049840298757306e-05,6.321312527238931e-05,0.007950668228041547,0.00012530429304147666,0.011193940014198605,0.00010929119726434083,0.010454243026845169,0.00012102861080155561,0.01100130041411267
2024-01-02,-0.0155453259593054,0.000241657159181,0.0001149051642335,6.0138384308728455e-05,0.007754894216475712,0.00012233023674336404,0.011060300029536452,0.00010621890202829652,0.010306255480449557,0.0001190508095346863,0.01091104071730494
2024-01-03,-0.0027777039289811,7.715639117077303e-06,5.7742959247645614e-05,7.102951080106802e-05,0.008427900735121886,0.00013275155831672978,0.011521786246790459,0.0001233195723413736,0.011104934594196115,0.00013520828257950526,0.011627909639290513
2024-01-04,-0.0053854618816426,2.9003199678625854e-05,6.48978368045509e-05,6.723067850002855e-05,0.00819943159615522,0.00012866431990748097,0.011343029573596331,0.0001178019094190115,0.010853658803325793,0.00013126634462195483,0.011457152552966851
2024-01-05,0.0105513314229198,0.0001113305947962,6.436946964734295e-05,6.493702977074436e-05,0.008058351554179326,0.00012626468835691865,0.01123675613141616,0.00011698913798031596,0.010816151717700522,0.000129437947079902,0.011377079901270888
2024-01-08,-0.0160824789779917,0.0002586461300775,0.0001894495067225,6.772064367227739e-05,0.008229255353449509,0.0001288224411818191,0.011349997408890413,0.00012103651404439207,0.011001659604095741,0.0001296720554769298,0.011387363851082032
2024-01-09,0.0005815959570413,3.3825385724680737e-07,1.6495834580236775e-05,7.917617285659346e-05,0.008898099395747018,0.0001394489250740682,0.011808849439046473,0.0001387713372598018,0.011780124670808956,0.00014593112697945426,0.01208019565153869
2024-01-10,-0.0009113437547226,8.305474392718989e-07,4.653063651722993e-05,7.444589771663265e-05,0.008628203620489763,0.00013415873084566873,0.01158269100190749,0.00012778288891590874,0.011304109381809287,0.00014016551398942143,0.011839151742815928
2024-01-11,-0.0161142418620581,0.0002596687907889,0.0001797038830367,7.0028976699991e-05,0.008368331775210099,0.0001295156900307188,0.011380496036233166,0.0001188213950478451,0.010900522696084124,0.0001351160100383297,0.011623941243757631
2024-01-12,0.0030706973868748,9.429182441760142e-06,0.0001046355014753,8.140736554532589e-05,0.009022603036004958,0.00014011912397430073,0.011837192402520994,0.00013667624924573597,0.011690861783706792,0.0001508279949305042,0.012281204946197428
2024-01-15,0.0114127159316832,0.0001302500849372,0.0001259932476973,7.708867455911192e-05,0.008780015635470812,0.0001352668870567802,0.011630429358230082,0.00012914338806561796,0.011364127246102886,0.0001448344272831882,0.01203471758219478
2024-01-16,-0.0015947423694209,2.5432032248262416e-06,4.356456611562828e-05,8.027835918180293e-05,0.00895981914894508,0.00013784568176855848,0.011740770067102007,0.00013350161030300565,0.011554289692707451,0.00014399477827941752,0.011999782426336635
2024-01-17,-0.0024161634250664,5.837845696628769e-06,5.514849728968571e-05,7.561424982438432e-05,0.008695645451856021,0.000132868388479217,0.011526855099254826,0.00012497886370951781,0.011179394603891474,0.00013863789814190885,0.011774459568995465
2024-01-18,-0.005830617050304,3.399609518729631e-05,5.823566771077025e-05,7.142766557671898e-05,0.008451488956196948,0.00012866080965820656,0.011342874840983064,0.00011871202007753052,0.01089550458113485,0.00013415467347823996,0.011582515852708338
2024-01-19,0.0068056241669267,4.631652030145767e-05,9.738765203731782e-05,6.918177135335357e-05,0.008317558016230098,0.0001265452050888844,0.011249231311022295,0.00011854475010232621,0.010887825774796647,0.00013238298005129303,0.011505780288676342
2024-01-23,-0.0768853857539426,0.0059113625425325,0.00081349247568,6.780985629023977e-05,0.008234674024528219,0.00012537706948293918,0.011197190249475053,0.00011761388904018533,0.010844993731680316,0.0001298760034161127,0.011396315343834283
2024-01-24,0.0274449722030504,0.0007532264992262,0.0003862891150718,0.0004184230174647793,0.020455390914494383,0.0004575033665173499,0.02138932833254354,0.0003139793961494682,0.01771946376585556,0.0005868204921691952,0.02422437805536388
2024-01-25,-0.005482550692128,3.0058362091753915e-05,0.0001379624764257,0.0004385112263704651,0.02094065964506527,0.00045775360236676403,0.021395177081921152,0.00033324572205254045,0.01825501909208918,0.0005581068575686652,0.023624285334559122
2024-01-29,0.0066081914404975,4.3668194114264745e-05,9.294555125408331e-05,0.00041400405451374236,0.020347089583371437,0.00041689575166423517,0.020418025165628413,0.00030743493293063773,0.017533822541894215,0.0005072142692972167,0.022521418012576754
2024-01-30,0.0058125819016369,3.3786108363237205e-05,0.0001318941392732,0.0003917839028897736,0.019793531844766198,0.0003815931879134455,0.01953441035489542,0.00028443143273141166,0.016865095099981253,0.000461451339509875,0.021481418470619556
2024-01-31,0.0092711810456585,8.595479798137888e-05,0.0001158184069274,0.0003703040352181814,0.019243285458002784,0.00034986126078397816,0.018704578604822355,0.00026302114179291774,0.016217926556527432,0.00042059245656498283,0.02050835089823126
2024-02-01,-0.0032087726106506,1.0296221666862016e-05,0.0001085729330456,0.00035324308098397315,0.018794762062446367,0.0003248067745567567,0.018022396470967914,0.00025065701078195497,0.015832151173544137,0.00038636548042536345,0.019656181735661773
2024-02-02,-0.0085258407584983,7.26899606392723e-05,0.0001197262450117,0.00033266626942494645,0.018239141137261546,0.0002983870781167479,0.0172738842799397,0.00023066397182062556,0.015187625614974368,0.00035370647262362065,0.01880708570256489
2024-02-05,-0.0135878579123626,0.0001846298826465,0.0001639908360569,0.0003170676908978059,0.01780639466309241,0.00027860387719447,0.016691431250628868,0.00022479152032877918,0.01499304906711037,0.00032967229712935534,0.01815688015958015
2024-02-06,0.0028272823067326,7.993525241963768e-06,3.316878267922852e-05,0.00030912142240273083,0.017581849231600492,0.0002674948234509847,0.0163552689813095,0.0002309517853951073,0.015197097926745992,0.0003171327131153482,0.0178082203803566
2024-02-07,-0.0003711285316532,1.377363870070857e-07,4.9265506638978976e-05,0.00029105374857308475,0.017060297435070843,0.0002476523849440717,0.015736975088754244,0.0002114782505392053,0.014542291791158823,0.0002919377636501419,0.01708618634014454
2024-02-08,-0.0034693921650176,1.2036681994685966e-05,0.0001127850180359,0.00027359878784192007,0.016540821861138585,0.00022968615897081516,0.015155400323673907,0.0001908858358830655,0.013816144030917799,0.0002693591746756946,0.016412165447487255
2024-02-09,0.0029332389797625,8.603890912398453e-06,3.083315511163497e-05,0.00025790506149108594,0.016059422825590152,0.00021449869150167285,0.014645773844412348,0.00017900728280940793,0.013379360328857576,0.0002503079769752874,0.01582112439036137
2024-02-12,-0.0160094590881235,0.0002563027802943,0.0001426739381955,0.00024294699125636466,0.015586756919140193,0.00020089384056453166,0.01417370242965936,0.00016635331277477992,0.012897802633579874,0.0002328297841278767,0.01525876089752627
2024-02-13,0.0034940777198985,1.2208579112691689e-05,2.7437180569278685e-05,0.00024374833859864078,0.015612441788478853,0.00020295163760015482,0.01424610956016255,0.00018203821934736328,0.013492153992130511,0.00023702856822790992,0.015395732143289254
2024-02-14,-0.0025303635503129,6.4027396967525326e-06,3.661515398368332e-05,0.00022985595302948378,0.015161001056311676,0.00019090306861335593,0.013816767661553694,0.00016984304786642012,0.013032384580974431,0.00022121254561718206,0.014873215712050372
2024-02-15,-0.0156581578834518,0.0002451779083031,9.281691033396698e-05,0.00021644876022951988,0.014712197668245212,0.00017993492623593488,0.013413982489772934,0.00015870752985538354,0.012597917679338261,0.00020726570997544932,0.01439672566854871
2024-02-16,0.0103256220591963,0.0001066184709093,3.823622329888761e-05,0.0002181725091139349,0.014770663800721175,0.00018381391658883436,0.013557799105637845,0.00017406353582144696,0.013193314057561389,0.00021354060336173342,0.014613028548584083
2024-02-19,0.0049973567821551,2.497357480815238e-05,2.837839676321338e-05,0.00021147926682166048,0.014542326733424073,0.00017936817003483783,0.013392840252718533,0.0001730791108171987,0.013155953436265981,0.0002039170313144407,0.014279952076755744
2024-02-20,0.0070756824572495,5.006528223582905e-05,0.0001024424706359,0.00020028892530084996,0.014152346989133991,0.00017080502296760934,0.01306923957113073,0.00016415561297746602,0.01281232270033291,0.00019238508640248808,0.013870295108702196
2024-02-21,0.0012470369560171,1.555101169672502e-06,5.121672989035917e-05,0.00019127550671694867,0.013830238852490895,0.0001646694546691891,0.012832359668790035,0.00015924912465977356,0.012619394781833777,0.00018310796259802647,0.013531739082543178
2024-02-22,-0.0079246866612214,6.280065867854073e-05,0.0001874338254167,0.0001798922823841121,0.013412392865708642,0.0001564964528245429,0.012509854228748746,0.00014663408216654107,0.012109256053389122,0.00017310676270651775,0.013157004321140803
2024-02-23,0.0025094140288588,6.297158768233431e-06,2.9208256849724533e-05,0.0001728667849617778,0.013147881386815816,0.00015275904636374268,0.012359573065593434,0.000147734502737729,0.012154608292237516,0.0001690958438055372,0.013003685777714609
2024-02-26,0.0042304537241563,1.7896738712228065e-05,4.438833823535174e-05,0.00016287260739016512,0.012762155279973878,0.00014624946223723722,0.012093364388673535,0.00013821091497898436,0.011756313834658565,0.00016088319941612647,0.012683974117607086
2024-02-27,0.0004368046963539,1.907983427568579e-07,2.456820505697555e-05,0.0001541740552694889,0.012416684552226045,0.00014116069225166431,0.01188110652471664,0.00013203611539143055,0.011490696906255536,0.00015404471481651202,0.012411475126531577
2024-02-28,0.0067331551913789,4.53353788311938e-05,3.5680386306039875e-05,0.00014493505985388496,0.012038897784011831,0.000135661768692637,0.011647393214476663,0.00012167598652540634,0.011030683864811208,0.00014733945473008062,0.012138346457820382
2024-02-29,-0.0038273014733118,1.4648236567614874e-05,6.16599746224488e-05,0.00013895907899252343,0.011788090557529808,0.00013337085493040452,0.011548630002316488,0.00012037808553837057,0.010971694743218595,0.00014307413923281915,0.01196136025846639
2024-03-01,-0.0010784441951144,1.1630418819759538e-06,7.449997384931558e-05,0.00013150042844702888,0.011467363622342708,0.00012960492996776275,0.01138441610130984,0.00011682695114659711,0.010808651680325215,0.00013876701948656677,0.011779941404207695
2024-03-04,0.0050914671021723,2.592303725250329e-05,3.412002723500923e-05,0.0001236801852531257,0.011121159348427919,0.00012551377440669307,0.011203293016193635,0.00010936335400309632,0.010457693531706516,0.0001339044609469815,0.01157170950840806
2024-03-05,-0.009187343887444,8.440728770615566e-05,5.205817646425423e-05,0.00011781475637308831,0.010854250613150975,0.00012330793215655297,0.011104410482171171,0.00010711775632843052,0.010349770834585204,0.000130468848360143,0.01142229610718191
2024-03-06,0.0003957129651158,1.5658875076075514e-07,7.095213835658993e-05,0.0001158103082530723,0.010761519792904359,0.00012468240776836853,0.011166127698014587,0.0001132694216283697,0.010642810795479251,0.00013305180400097,0.01153480836429327
2024-03-07,0.0077796509356569,6.052296868066779e-05,3.2728218676081585e-05,0.00010887108508293359,0.010434130777546043,0.00012111023684334795,0.01100500962486394,0.00010505577365350644,0.010249671880285067,0.0001287624056774563,0.011347352364206212
2024-03-11,-0.0123508896414905,0.0001525444749362,5.438719376586549e-05,0.00010597019809879761,0.010294182730979552,0.00012138521767635546,0.01101749598031946,0.00010643710447179277,0.010316835971934068,0.00012719717017903117,0.011278172288940756
2024-03-12,-0.0049077546132979,2.4086055344346903e-05,3.751389633207411e-05,0.0001087646547090464,0.010429029423155656,0.00012685519736385078,0.01126300125916049,0.00011792833500193136,0.010859481341294866,0.00013546908104593595,0.011639118568256617
2024-03-13,-0.0279504267684293,0.0007812263565373,0.0003336659205148,0.00010368393874716441,0.010182531058001465,0.0001243880008595553,0.011152936871495118,0.00011633466530378845,0.010785854871255614,0.00013277341935852876,0.011522734890577356
2024-03-14,0.009468027100015,8.964353716661925e-05,0.0001062549226703,0.00014433648381457435,0.012014011978293278,0.00016521812709226517,0.012853720359968361,0.00015826861107374953,0.012580485327432703,0.00018941789215458777,0.01376291728357719
2024-03-15,-0.0029598321434009,8.760606317109739e-06,2.952899075175173e-05,0.000141054907015697,0.011876653864439134,0.00016198467607414984,0.012727320066461354,0.00015745396489003639,0.012548066181290103,0.00018194465963238118,0.01348868635680959
2024-03-18,-0.0119932019621161,0.0001438368933041,5.29469984384922e-05,0.0001331172489737817,0.011537644862526394,0.00015453521440143082,0.012431219344916686,0.0001485328678412436,0.012187406116202233,0.00017270296088582422,0.0131416498540261
2024-03-19,-0.0144521230356179,0.0002088638602366,0.0002267578929857,0.00013376042763360113,0.011565484323347688,0.00015563053772366258,0.012475196901198096,0.000157144920911011,0.012535745726162884,0.00017505645217769867,0.013230890075036474
2024-03-20,-0.0110894640080419,0.0001229762119856,4.603427892966384e-05,0.00013826663358978332,0.011758683327217521,0.00016029144703076756,0.012660625854623757,0.00017010977404854363,0.01304261377364766,0.000182208730670579,0.013498471419778574
2024-03-21,0.000178514641936,3.1867477385538415e-08,4.520166168383907e-05,0.00013734920829353573,0.011719607855791752,0.00015952806498744984,0.012630441994936275,0.00017538034028828447,0.013243124264624434,0.00018184134269638106,0.013484856050265464
2024-03-22,0.0063128458108608,3.985202223170382e-05,8.219033950192555e-05,0.0001291101678445667,0.011362665525507944,0.0001518703098870225,0.01232356725493972,0.00015921415434600613,0.012618009127671692,0.00017192970452619414,0.013112196784909618
2024-03-26,-0.0073615032649229,5.419173031947116e-05,5.272378273150851e-05,0.00012375467910779488,0.011124508038910973,0.0001473707960273512,0.012139637392745765,0.0001537120023207715,0.012398064458647225,0.00016463047871362947,0.01283084091997206
2024-03-27,-0.0001339089165922,1.7931597942921e-08,5.196135992088277e-05,0.00011958090218049541,0.010935305308060465,0.00014421247830430215,0.012008849999242316,0.00015315486221425558,0.012375575227610859,0.0001609243326443803,0.012685595478509486
2024-03-28,0.0109458854602686,0.0001198124085093,0.0001607852529964,0.00011240712394554225,0.010602222594604504,0.00013834653984869368,0.011762080591829562,0.0001398473151879398,0.011825705695134638,0.00015342130156821072,0.012386335275948682
2024-04-01,0.0094719517126219,8.971786924624265e-05,7.565881677124794e-05,0.00011285144101936889,0.010623155887935038,0.0001399719764005099,0.011830975293715641,0.00014274627837883002,0.011947647399334734,0.0001512073313058915,0.012296639024786062
2024-04-02,0.0003500225911967,1.2251581434810542e-07,3.025205919322164e-05,0.0001114634267129812,0.010557624103603102,0.00013969767588590572,0.01181937713612294,0.00014331543186137777,0.011971442346742425,0.00014813641249177472,0.012171130288176802
2024-04-03,-0.009446760182665,8.924127794878669e-05,3.0244258081217757e-05,0.00010478297205906322,0.010236355408985329,0.00013436611192287645,0.011591639742628152,0.00013147351275073044,0.011466189984067525,0.00014210891212359568,0.011920944263085691
2024-04-04,-0.0001103291536618,1.2172522147739056e-08,7.536613164134913e-05,0.00010385047041244652,0.010190705098885283,0.00013472087587524414,0.011606932233594032,0.00013650277245919707,0.011683440095245795,0.00014372850742109508,0.011988682472277556
2024-04-05,0.0008827453089999,7.792392805614093e-07,3.5142285698323773e-05,9.762017253902859e-05,0.009880292128223162,0.00012996555204585478,0.011400243508182393,0.00012522923927642745,0.0111905870836354,0.00013820495622505132,0.011756060404108653
2024-04-08,0.0008817405953008,7.7746647740156e-07,3.287786825258165e-05,9.180971654352055e-05,0.009581738701484223,0.00012581038608258923,0.011216522905187206,0.0001162226958601342,0.010780663052898657,0.00013334522777555123,0.011547520416762692
2024-04-09,-0.0021177570022984,4.4848947207840115e-06,2.49771700609286e-05,8.63477815395534e-05,0.009292350700417704,0.0001221414595731839,0.01105176273601564,0.00010824468372262755,0.010404070536219348,0.00012904498340448066,0.011359796802957378
2024-04-10,-0.0014365762337434,2.063751275356407e-06,2.586437799926604e-05,8.143600833042723e-05,0.009024190175878789,0.00011911255799132526,0.010913869982335563,0.00010325391138048137,0.010161393181079127,0.00012556080622302024,0.011205391837103253
2024-04-12,-0.0127303501492387,0.0001620618149222,9.389652924277682e-05,7.667367290712298e-05,0.008756350433092716,0.00011630064280690874,0.010784277574641184,9.777565993752865e-05,0.009888157560310648,0.00012228903527012296,0.011058437288790987
2024-04-15,-0.0172833666592816,0.0002987147630791,0.0001053482489614,8.179696142802892e-05,0.009044167260064849,0.0001229063674247619,0.011086314420255358,0.00011020634837838484,0.010497921145559478,0.0001318680800030285,0.011483382776996877
2024-04-16,0.0121183271022139,0.0001468538517562,0.0002608032585897,9.481202952709721e-05,0.009737146888442077,0.00013650135252928116,0.011683379328314269,0.0001304199432107721,0.011420155130766486,0.00015099821561300627,0.012288133121552934
2024-04-18,-0.0027052698310984,7.318484859051442e-06,5.988904974652276e-05,9.793453886084649e-05,0.009896188097487157,0.00013987881893457577,0.011827037622945813,0.00013567149685767522,0.011647810818247145,0.00015006230605877862,0.012249992084029222
2024-04-19,0.0075568259959939,5.7105619133729944e-05,0.0001668928577435,9.249757562073876e-05,0.009617565992533597,0.00013493481251459434,0.011616144477174616,0.00012872938118688903,0.011345897108069023,0.00014437911071499927,0.012015785896686046
2024-04-22,0.0044262095686305,1.9591331145436775e-05,4.30978260836006e-05,9.037405823151817e-05,0.009506527138314926,0.00013339758111682547,0.011549787059371505,0.00012788716581360677,0.011308720785907077,0.00014088950983915554,0.011869688700178937
2024-04-23,0.0094356186293372,8.903089891829605e-05,4.338991471803318e-05,8.612709460635325e-05,0.009280468447570588,0.00012990931523189023,0.01139777676706691,0.00012303551614040097,0.011092137582107472,0.00013641570846353892,0.011679713543727814
2024-04-24,-0.0011053760938301,1.2218563088112263e-06,3.648530148824257e-05,8.630132286506978e-05,0.00928985052974857,0.0001307737732612016,0.011435636110912308,0.00012516224339568084,0.011187593279865014,0.00013502251781650617,0.01161991901075503
2024-04-25,-0.0130926909242599,0.0001714185556381,4.452953659787482e-05,8.119655487169426e-05,0.0090109130986651,0.00012654915167785287,0.011249406725594593,0.00011680545257619881,0.010807657127064996,0.0001305956869533646,0.011427846995535274
2024-04-26,-0.0036826741755932,1.356208908358111e-05,9.551681360645768e-05,8.660987491768447e-05,0.009306442656444215,0.00013248684235967406,0.01151029288765816,0.0001291804845033812,0.011365759301664856,0.00013994779284515926,0.011829953205535483
2024-04-29,0.0015513005790612,2.4065334865957465e-06,1.4253878267615309e-05,8.222700776763826e-05,0.009067910882206456,0.00012876268892972754,0.011347364845184433,0.00012452877436776893,0.011159246137968681,0.00013591596040464558,0.011658300064959968
2024-04-30,0.0019519386367373,3.810064441588115e-06,1.6827749759500267e-05,7.74377793107757e-05,0.008799873823571319,0.00012484074843835337,0.011173215671343384,0.00011642298147085868,0.010789948168126605,0.00013137990874527084,0.011462107517610835
2024-05-02,-0.0018622723324791,3.4680582403174637e-06,0.000106121730213,7.302011641862443e-05,0.008545180888584187,0.00012145757638236925,0.011020779300138863,0.00010969810750802198,0.010473686433535329,0.00012741799298895542,0.011287957875052308
2024-05-03,-0.0041634301408771,1.7334150537963958e-05,7.332238004091923e-05,6.8846992927926e-05,0.008297408808051222,0.00011845095938777995,0.010883517785522287,0.00010417784159957493,0.010206754704585338,0.00012404187089956934,0.011137408625868468
2024-05-06,0.0175044833392109,0.0003064069369727,0.0001766548253393,6.575622238452827e-05,0.00810902104970312,0.00011658389962142001,0.01079740244787699,0.00010263464028509292,0.010130875593209746,0.00012213553310403032,0.011051494609510078
2024-05-07,0.0531662620958345,0.0028266514252429,0.0011393201347456,8.01952652598193e-05,0.008955180917202024,0.00013135584184319123,0.011461057623238409,0.00011668684022654021,0.010802168311341025,0.00013041768365501546,0.011420056201920175
2024-05-08,-0.0162486859710704,0.0002640197957864,0.0001459889926305,0.0002449826348588084,0.015651921123581235,0.00028755861728365923,0.016957553399109766,0.0001922962805830256,0.01386709344394223,0.0002308585465360759,0.015194029963642823
2024-05-09,-0.0066001418473565,4.3561872405226665e-05,0.0001197457980839,0.0002461248645144675,0.015688367171712535,0.0002799111183435952,0.016730544472419156,0.00020696276651077582,0.014386200558548314,0.00023588594921408824,0.015358579010249881
2024-05-10,0.0157420029814779,0.0002478106578688,0.0001638443316847,0.00023397108498791303,0.015296113394843575,0.0002606358404931315,0.01614422003359504,0.00019953450232585132,0.014125668208118556,0.0002231466945708098,0.014938095413097674
2024-05-13,-0.0008046209095565,6.47414808095559e-07,7.346783310841097e-05,0.00023480145936076978,0.015323232666796187,0.00025521876704186674,0.015975567815945283,0.00020512616295093476,0.014322226186977175,0.0002176335273860881,0.014752407511524622
2024-05-14,-0.0046918636949906,2.2013584932371007e-05,4.229191283834091e-05,0.0002207522166876093,0.014857732555393818,0.0002363958878826985,0.01537517114970427,0.00018624747303223798,0.013647251482706619,0.00020365007155275143,0.014270601653495602
2024-05-15,-0.0112563752949728,0.0001267059847812,9.61415369115614e-05,0.00020882789878229498,0.014450878823874172,0.00022098980957445087,0.014865726002266115,0.00017728794927583246,0.013314952094387439,0.00019294246614017505,0.013890373146182036
2024-05-16,0.0085075478675286,7.237837071829176e-05,0.0001458692811836,0.0002039005839422337,0.014279376174827586,0.00021333387164240546,0.014605953294544161,0.00018232641699432383,0.01350282996243098,0.00019162998323477123,0.01384304819159318
2024-05-17,-0.0097781417288385,9.561205566925408e-05,8.970320630980322e-05,0.0001960092511487971,0.01400033039427274,0.0002034879982714518,0.014264921951116725,0.0001777102989003076,0.013330802635261974,0.00018326417584085242,0.01353750995718387
2024-05-21,-0.0041677634491111,1.7370252167747195e-05,3.581054213304892e-05,0.00018998541942002442,0.013783519848718773,0.00019611429699254254,0.014004081440513782,0.00017970134108276286,0.013405272883562008,0.0001806418422257019,0.013440306626922688
2024-05-22,0.0240307416701971,0.0005774765452197,0.0002634340654577,0.00017962850938488774,0.0134025560765433,0.00018515920584436044,0.013607321773382168,0.00017047483538594482,0.013056601218768414,0.0001722213932111552,0.013123314871295103
2024-05-23,0.0065692750099289,4.315537415607765e-05,6.48868454321961e-05,0.00020349939153497935,0.014265321290983226,0.00020730259300712645,0.01439800656365757,0.0001922059445709472,0.013863835853433464,0.00018475152293750768,0.013592333241114554
2024-05-24,-0.0056612854854254,3.205015334748888e-05,2.202200252045119e-05,0.00019387875049224515,0.013924034993213898,0.00019650266756354598,0.014017940917393895,0.0001835066153259533,0.01354646135807995,0.00017609803659667623,0.013270193540287053
2024-05-27,0.0065003877630919,4.2255041070555886e-05,8.921422456403432e-05,0.00018416903466355973,0.01357088923628661,0.0001863359958894784,0.013650494345974375,0.00017674308961534123,0.013294475906004766,0.00016934526693518446,0.013013272721924507
2024-05-28,0.0047903133938859,2.2947102411643543e-05,5.8362353705273134e-05,0.00017565419504797945,0.013253459738799505,0.00017793895706341104,0.013339376187191478,0.00016964998732737599,0.01302497552118145,0.00016243239483256032,0.012744896815296714
2024-05-29,-0.0094562192524758,8.942008255089534e-05,4.1653330094795826e-05,0.00016649176948979922,0.012903168970830353,0.0001694279801888388,0.013016450368239368,0.000160811384136442,0.01268114285608525,0.00015560212520052987,0.012474058088710742
2024-05-30,-0.0093126313031168,8.672510178779122e-05,9.604127714269768e-05,0.0001618674682734649,0.01272271465817987,0.00016568909507345993,0.012872027620909611,0.00016360596809017775,0.012790854861586765,0.00015568205105467132,0.01247726136035754
2024-05-31,-0.0095502027659113,9.120637287002096e-05,0.0002344592229273,0.00015735892628432446,0.01254427862749885,0.00016223474112770657,0.012737140225643533,0.00016588796265323968,0.012879750100574145,0.00015554266251177742,0.012471674406902123
2024-06-03,0.0114620458049312,0.0001313784940343,0.0001199816057479,0.00015338977307946617,0.012385062498004045,0.00015943925484840132,0.012626925787712594,0.0001684411753829075,0.012978488948367891,0.0001557687014072724,0.012480733207919814
2024-06-04,0.0578870287462029,0.0033509080970637,0.0017298677587588,0.00015206909633675865,0.012331629914036451,0.00015925290008951814,0.012619544369331173,0.00016972326114484348,0.013027788037301017,0.00015371176900479954,0.01239805504927283
2024-06-05,0.0417587547932468,0.0017437936018825,0.0020745960816854,0.00034399943638037655,0.018547221796818426,0.00034197031599870906,0.01849243942801244,0.0002601644849429235,0.01612961515173017,0.00027083960410743203,0.016457205233800544
2024-06-06,-0.0206319833511173,0.0004256787370007,0.0003704042928635,0.00042798708631050476,0.020687848759851874,0.00041201119509090843,0.020298058899582208,0.0003146771594834563,0.01773914201655357,0.00031510528110791634,0.017751205060725212
2024-06-07,0.0109996885688792,0.0001209931486123,0.0002812216184541,0.0004278485853519213,0.02068450109023472,0.00039898004586131237,0.019974484870987595,0.00033121159789813805,0.01819921970574942,0.0003230360995910718,0.01797320504504057
2024-06-10,-0.0048412136283743,2.343734939555777e-05,0.0001240099067984,0.0004094372591475459,0.020234556064997963,0.0003701667824260902,0.019239718875963083,0.00031376516489425426,0.017713417651437406,0.0003013362893746907,0.017359040566076532
2024-06-11,-0.003514511759229,1.235179290575936e-05,3.5395634597230134e-05,0.0003862772645624265,0.01965393763504979,0.00033918440524652836,0.018416959717785352,0.0002890335786789555,0.01700098757951889,0.0002794920864544025,0.016718016821812405
2024-06-12,-0.0108752374442043,0.0001182707894678,0.0001451316396924,0.00036384173626302646,0.019074635940510804,0.00031119864786777077,0.017640823333046868,0.00026453005595780763,0.016264379974588874,0.00025929875170549314,0.016102756028254703
2024-06-13,-0.0164672731954417,0.0002711710864933,0.0002072305980955,0.00034910747945531424,0.018684418092499273,0.0002925050911587213,0.01710278021722554,0.0002604515345091791,0.016138510913624563,0.00024968835770128696,0.015801530232901085
2024-06-14,0.0066153454423237,4.376279532127324e-05,9.30497097017488e-05,0.00034443129587759415,0.018558860306538066,0.0002846848551364137,0.01687260664913438,0.0002705040204014651,0.016447006426747242,0.00025310523809129895,0.01590928150770169
2024-06-18,0.0026177444089675,6.852585790680952e-06,3.605157602477665e-05,0.00032639118584421484,0.01806629972750964,0.00026486224990514805,0.016274589085600536,0.0002523857734144753,0.01588665394016233,0.00023660394039645447,0.015381935521788358
2024-06-19,-0.0118345038811348,0.0001400554821125,0.0001115782171828,0.0003072188698410027,0.0175276601359395,0.0002452631303272287,0.015660878976839987,0.00022965573277960506,0.015154396483516097,0.00022063892828878205,0.014853919627114657
2024-06-20,0.0102040793549847,0.0001041232354828,0.0001112531632118,0.00029718906657729826,0.017239172444676636,0.00023552443284947832,0.015346805297829197,0.00023134414205355287,0.015210001382430997,0.0002171782536428354,0.014736968943539082
2024-06-21,-0.0166144983783147,0.000276041556363,0.0001587734911888,0.00028560511671162986,0.01689985552339516,0.00022488450520495728,0.014996149679332934,0.00022428747187283986,0.014976230229027592,0.00020704365386972162,0.014389011566807556
2024-06-24,0.0003685959616059,1.358629829122391e-07,0.0001002370661761,0.0002850313030907134,0.01688287010821067,0.0002252555622859393,0.01500851632527144,0.00023758375514777713,0.015413752143711703,0.00021575037109885557,0.014688443453914903
2024-06-25,-0.0041031044117716,1.6835465813900365e-05,2.1459463385828927e-05,0.00026793757668424527,0.016368798877261743,0.00020991065929807832,0.014488293871194024,0.0002131733309360965,0.0146004565317697,0.0002019382865041021,0.014210499164494614
2024-06-26,0.0054944686554055,3.0189185805234397e-05,7.1954481794783e-05,0.00025287145003202456,0.015901932273532815,0.00019731039908395302,0.014046722004935992,0.0001998637740651531,0.014137318489202721,0.00019102406882485882,0.013821145713176561
2024-06-27,0.0067442471540216,4.54848696745287e-05,0.0001328297461921,0.0002395105141784171,0.015476127234499499,0.00018694347643168668,0.013672727468639411,0.00018859589734172155,0.013733022148883382,0.0001811693154413583,0.013459915134998375
2024-06-28,0.004417394583458,1.951337490596489e-05,4.495445273940459e-05,0.00022786897550818375,0.015095329592565501,0.00017865880221008262,0.01336633091802244,0.00018057262164800281,0.013437731268633214,0.0001730143497540244,0.013153491922452546
2024-07-01,0.0128764596608363,0.0001658032133971,0.0003100532235909,0.00021536763947205056,0.014675409345979095,0.00016986852203271124,0.013033361885281603,0.00016992599916925205,0.013035566699198468,0.0001648388112352139,0.012838956781421686
2024-07-02,-0.0079956680338472,6.393070730748704e-05,7.351026954245194e-05,0.0002123937739075562,0.014573735756749407,0.0001704169364311823,0.013054383801282323,0.00017328063175292566,0.013163610133733286,0.0001630093925973903,0.012767513172007706
2024-07-03,0.0100890754691448,0.000101789443822,0.000120019863499,0.00020348598991155195,0.01426485155588911,0.00016511440234647393,0.012849684912342167,0.0001721248525308098,0.013119636143232395,0.00016024918902451086,0.012658956869525659
2024-07-04,-0.0057527887479715,3.309457837878851e-05,0.0001101603904267,0.00019738419714618479,0.014049348637790464,0.0001625830270845275,0.012750804958296849,0.00017095798086498202,0.013075090090128711,0.00015658318325222846,0.01251332023294491
2024-07-05,0.0202468956407243,0.0004099367830863,0.0001906530819583,0.00018752682002014094,0.0136940432312791,0.0001564457970287084,0.012507829429149903,0.00016570221019598756,0.01287253705358767,0.00015215878322965315,0.012335265835386489
2024-07-08,0.0156406683075881,0.0002446305051079,0.0001891393483891,0.00020087141780411534,0.01417291140888545,0.00017243301832710776,0.013131375340272158,0.00018123930388830976,0.01346251476835995,0.00016080904172144394,0.012681050497551217
2024-07-09,0.0011587664817749,1.342739759285044e-06,0.0001136889355956,0.00020349696304234789,0.014265236171979345,0.00017715897258806408,0.013310107910459031,0.00018813161587465988,0.013716107898185254,0.00016235594443408274,0.012741897207012885
2024-07-10,0.0078069219439467,6.094803023887716e-05,0.0001499397331065,0.0001913677096453641,0.013833571832515422,0.0001675120758938103,0.012942645629615697,0.00017171180986264522,0.013103885296454836,0.00015473628795132347,0.012439304158646636
2024-07-11,-0.0006130355538386,3.758125902702776e-07,3.8789840977000485e-05,0.00018354252888097485,0.013547786862841284,0.00016238011253871232,0.012742845543233752,0.0001671157346002942,0.012927325113893214,0.00015019612150152044,0.012255452725277857
2024-07-12,0.0051231852400416,2.6247027003780523e-05,7.786928275208253e-05,0.00017255252590353255,0.01313592501133942,0.00015440807782333426,0.01242610469227321,0.00015286558918130755,0.012363882447730873,0.00014395623949918396,0.011998176507252423
2024-07-15,-0.0007438963331833,5.533817545236047e-07,1.2772873290791797e-05,0.0001637741959695474,0.012797429271910332,0.0001488387143747493,0.012199947310326767,0.00014634817576504055,0.0120974450097961,0.00013937523425899064,0.011805728874533357
2024-07-16,0.0256759656271719,0.0006592552108877,0.0005087935400039,0.00015398094711664595,0.012408905959698702,0.0001424617151807386,0.01193573270397501,0.0001349125608482016,0.011615186647153011,0.00013439511421716808,0.011592890675632548
2024-07-18,0.0184089133917418,0.0003388880922646,0.0004569111147973,0.00018429740294290998,0.013575617958049275,0.00017424796757971187,0.013200301798811718,0.0001604883290890717,0.012668398836833,0.0001543019391924039,0.012421833165535748
2024-07-19,-0.0041715763002952,1.7402048829185375e-05,3.5424157457894486e-05,0.00019357284430221441,0.013913045831241066,0.00018411569375265303,0.013568923824410432,0.000173311063810139,0.013164765999065043,0.00016008048742453674,0.012652291785464669
2024-07-22,0.0030389764562025,9.23537790135364e-06,9.512989593958172e-05,0.00018300259657383263,0.013527845230258684,0.0001745667817037218,0.013212372296590866,0.00016481406460474267,0.012837993013113174,0.00015402995367095265,0.012410880455106826
2024-07-23,0.0112876060096633,0.0001274100494293,0.0002952867310878,0.00017257656345348384,0.013136839934074093,0.00016567162014030255,0.012871348808120403,0.00015402085478143633,0.012410513880635094,0.00014766055194896882,0.012151565822928699
2024-07-24,-0.0179820519865036,0.0003233541936453,0.00033155781158,0.00016986657261203804,0.013033287099271543,0.00016453037677197373,0.012826939493580443,0.00015627142444450237,0.012500856948405671,0.00014639057545537483,0.012099197306242048
2024-07-25,-0.0036318054334914,1.319001070673818e-05,0.0001491421899295,0.00017907582987403486,0.013381921755638645,0.00017465310884280937,0.013215638798136448,0.00017660876213286493,0.013289422942056775,0.00016576958043741834,0.012875153608303798
2024-07-26,0.0014211639670669,2.019707021289366e-06,7.776564901257168e-05,0.000169122680723997,0.01300471763338201,0.0001659724818605467,0.012883030771543888,0.0001667218012721368,0.012912079664877257,0.00015873561627080258,0.012599032354542256
2024-07-29,0.0002028051026491,4.112990966055064e-08,3.643125483268486e-05,0.00015909650230183455,0.01261334619765249,0.00015767335903025796,0.012556805287582426,0.00015341839829547256,0.01238621807879518,0.0001515578157646974,0.012310882005961124
2024-07-30,-0.0074773124114003,5.5910200897681295e-05,0.0002318110735985,0.00014955317995830411,0.012229193757492932,0.00015023321357589283,0.012256965920483455,0.0001401208893111917,0.011837266969667944,0.00014513336784909042,0.01204713110450328
2024-07-31,0.0052805364073486,2.788406474933467e-05,5.9567859826082655e-05,0.00014393460121466672,0.011997274741151288,0.00014683748094349638,0.012117651626594006,0.00014096418130071634,0.011872833751919394,0.0001438060998967283,0.011991918107489239
2024-08-01,0.0036525035545052,1.334078221567382e-05,4.346449181438626e-05,0.00013697156902674676,0.01170348533671687,0.00014224720593000647,0.011926743307793895,0.0001359074609218608,0.01165793553429855,0.0001393028633294276,0.011802663399819025
2024-08-02,-0.0085059191127743,7.235065995305959e-05,0.0002992348085308,0.00012955372181808233,0.011382166833168556,0.00013736808256682246,0.01172041307151,0.0001292174159014525,0.011367383863556844,0.00013478081736642623,0.011609514088299572
2024-08-05,0.0086347592954077,7.455906808963017e-05,0.0002834424612144,0.00012612153810618093,0.011230384592977255,0.00013641202815250776,0.011679555991239897,0.00013274570645001286,0.011521532296097288,0.00013592730847361242,0.011658786749641338
2024-08-06,0.0124956695579273,0.0001561417577009,0.000191270717131,0.00012302778990518786,0.011091789301334021,0.0001356933211189559,0.011648747620193163,0.00013300657024610462,0.01153284744744786,0.00013405567961870867,0.011578241646239237
2024-08-07,-0.0021840851724631,4.770228040573294e-06,0.0001018204927861,0.00012501462797293126,0.011180994051198276,0.00013969295294891164,0.011819177338076945,0.00013861140326465883,0.01177333441573197,0.00013541368384119323,0.011636738539693724
2024-08-08,-0.0039619522678842,1.5697065772993184e-05,7.25216536503935e-05,0.00011779996397698977,0.010853569181471585,0.00013462595013613994,0.011602842330056026,0.00013048084086022938,0.011422821055248542,0.0001312184596648842,0.011455062621604659
2024-08-09,0.0051091640013088,2.610355679227041e-05,7.467199519184812e-05,0.00011167379008474994,0.010567582035865629,0.00013077270055972173,0.011435589209119123,0.00012615983229336168,0.011232089400167792,0.00012835817495927368,0.01132952668734549
2024-08-12,0.0005458422799324,2.9794379456188066e-07,8.058951015964121e-05,0.00010653957608720113,0.010321801009862627,0.0001279615830932718,0.011312010568120584,0.00012235663226037942,0.011061493220193168,0.00012556783167541767,0.011205705318069794
2024-08-13,-0.002659339080358,7.072084344319623e-06,3.6360533579254176e-05,0.00010016507814964276,0.010008250503941375,0.00012401363159726962,0.011136140785625406,0.00011327377973462902,0.010643015537648577,0.0001221453610745472,0.01105193924497177
2024-08-14,-0.0070834307569003,5.017499128780152e-05,6.279516433776091e-05,9.457949852132335e-05,0.00972519915072814,0.00012091256475946686,0.010996024952657522,0.000108593862111328,0.010420837879524275,0.00011965731492474761,0.010938798605182728
2024-08-16,0.0095790391892471,9.175799178913348e-05,8.892847772428992e-05,9.191522808731201e-05,0.009587242986766947,0.00012062287619972414,0.01098284463150254,0.00011123962456915572,0.010547019700804381,0.00012081622161769471,0.010991643262847222
2024-08-19,-0.0020761834720815,4.310537809744787e-06,2.4604211065019026e-05,9.190579390942119e-05,0.009586750956889472,0.00012272917231847567,0.011078319923096448,0.00011442380657417762,0.010696906402048099,0.00012131991179412564,0.011014531846343977
2024-08-20,0.0030945577285059,9.576287535055896e-06,2.1502958984314043e-05,8.665007854344058e-05,0.009308602394744368,0.00011962157791520964,0.010937164985278847,0.00010873583059739422,0.010427647414320942,0.00011871160648278394,0.010895485601054408
2024-08-21,0.0144888449146519,0.0002099266269608,0.0001279374017638,8.202565108293748e-05,0.009056801371507354,0.00011717682628749454,0.010824824538416064,0.00010416742974353219,0.010206244644507215,0.00011642135763215161,0.010789872920111321
2024-08-22,0.0005731792501496,3.285344528020765e-07,3.591180539803114e-05,8.96997096356113e-05,0.009470993064912005,0.00012639890807084828,0.011242726896569546,0.00011412949424521133,0.010683140654564618,0.00012179690156458666,0.011036163353475095
2024-08-23,0.0081307276065388,6.610873141173296e-05,0.0001137222529481,8.433743912464274e-05,0.009183541752757632,0.00012263559707480402,0.011074095767817977,0.00010602512311704429,0.010296850155122404,0.00011880974639465422,0.01089998836672105
2024-08-26,0.001969142157386,3.877520835995047e-06,4.4598437308802765e-05,8.32437166618681e-05,0.009123799464141467,0.00012304933589413336,0.011092760517298359,0.00010776560078047377,0.010381021181968264,0.00011859683117884845,0.010890217223675955
2024-08-27,-0.0194171039250643,0.0003770239248367,0.0001928279517076,7.848174491231569e-05,0.008858992319237877,0.00011987967097183751,0.010948957528999622,0.00010198135430906222,0.010098581796918922,0.00011610925236395239,0.01077540033427772
2024-08-28,-0.000921992393804,8.500699742325534e-07,6.119758996012482e-05,9.639427570778161e-05,0.009818058652696143,0.00013827718359831772,0.01175913192367182,0.00012621048520906132,0.011234344004393907,0.0001431591634782899,0.011964913851686935
2024-08-29,0.0075319861879228,5.673081593506001e-05,0.0001975480602666,9.066162336376866e-05,0.009521639741334928,0.00013315320867091028,0.01153920312113927,0.00011744672479181813,0.010837284013617901,0.00013776649250929409,0.011737397177794321
2024-08-30,-0.0026062849927552,6.792721463461428e-06,0.0001465439738892,8.862577491804614e-05,0.009414126349165181,0.00013180321426406233,0.011480558098980307,0.0001175362316756889,0.010841412808102498,0.0001350244217106386,0.011620000934192673
2024-09-02,0.0039698864058059,1.5759998075003134e-05,4.130714058167551e-05,8.371579171077102e-05,0.00914963341947485,0.00012777454914365997,0.011303740493467636,0.00011234334903623511,0.010599214548080207,0.0001310316990738319,0.011446907838968212
2024-09-03,0.0018805712534139,3.5365482391670215e-06,0.0001288540399179,7.96384440926249e-05,0.008924037432273853,0.00012472679454756866,0.011168115084810358,0.00010846420369697885,0.010414614908722206,0.00012755137545754342,0.011293864505010826
2024-09-04,0.0166624320844113,0.0002776366429676,0.000238518619056,7.50723303414174e-05,0.008664429025701428,0.00012134142339330374,0.01101550831297874,0.00010250392699485518,0.010124422304252978,0.0001240201721114996,0.011136434443370985
2024-09-05,-0.0009859389311684,9.72075575993605e-07,4.3971468540253975e-05,8.722618909898951e-05,0.009339496190854703,0.00013392225668283617,0.011572478415742937,0.00011542195254323544,0.010743460920170717,0.00013102238509905462,0.011446500998080358
2024-09-06,0.0001760710970147,3.10010312039872e-08,6.543291384180359e-05,8.205094228760974e-05,0.009058197518690445,0.00012931493327092558,0.01137167240430912,0.00010797415027841784,0.01039106107567547,0.00012703665595314263,0.011271053897180274
2024-09-09,0.0287656149413341,0.0008274606029531,0.0003896134251883,7.71297458122254e-05,0.008782354229489118,0.00012519341590850455,0.011188986366445558,0.00010010983169224108,0.010005490077564471,0.00012343520239096233,0.011110139620678146
2024-09-10,-0.0079719203537919,6.355151412720263e-05,0.0001067250375943,0.00012214959724067814,0.011052130891401809,0.00016855555982863384,0.012982894893999328,0.0001304436269631871,0.01142119201148405,0.0001508184267814202,0.012280815395625007
2024-09-11,0.0019128106523756,3.658844591841744e-06,0.0001136320467457,0.00011863371225386953,0.010891910404234399,0.00016344935034528073,0.012784731140907137,0.0001329452179487714,0.0115301872469085,0.0001494323286702984,0.012224251660952437
2024-09-12,0.0178315295564812,0.0003179634463236,0.0002013664547105,0.00011173522019414785,0.010570488171988456,0.00015553865615609489,0.012471513787672084,0.00012433917944758752,0.011150747932205602,0.000143386268710236,0.011974400557449045
2024-09-13,-0.0079634995437724,6.341732498366335e-05,6.0042923184761816e-05,0.00012410891376191875,0.011140418024558986,0.00016640760579943615,0.012899907201194749,0.00013809971574942713,0.011751583542205159,0.0001496485715214828,0.012233093293255096
2024-09-16,-0.022707604033017,0.0005156352809202,0.0004646930724029,0.00012046741843522341,0.01097576505011033,0.0001615451804805627,0.012710042505065147,0.00013997875927699002,0.011831261947780128,0.00014838670871679066,0.01218140832238993
2024-09-17,0.0022296426946337,4.971306545733811e-06,0.000125258588982,0.00014417749018432743,0.012007393146904428,0.0001829396368502611,0.013525517988242117,0.0001708239498704457,0.013069963652223586,0.00018252689902331323,0.013510251626942898
2024-09-18,0.0008175404369494,6.683723660475228e-07,4.4185172595994955e-05,0.00013582511916601178,0.011654403423857087,0.00017282226091973793,0.013146188075626255,0.00015815544509633549,0.012575986843835974,0.0001727188171105168,0.013142253121535774
2024-09-19,0.012405953622325,0.0001539076852792,0.0001589103778618,0.0001277157143580139,0.01130113774617467,0.00016364464662087797,0.012792366732582286,0.00014509009804904917,0.012045335115680641,0.00016388106351630387,0.012801603943112123
2024-09-20,0.0223633474603232,0.0005001193096311,0.0003677796392445,0.0001292872326132898,0.011370454371452787,0.00016424581981590403,0.012815842532424624,0.00014969640551601017,0.012235048243305385,0.0001617224308437495,0.012717013440417113
2024-09-23,0.0169664096984978,0.0002878590580572,0.0001693109264301,0.0001515371572343611,0.012310042942019378,0.0001844428123975238,0.01358097243931832,0.00016946250342485519,0.013017776439348434,0.0001726033910550138,0.013137860977153542
2024-09-24,-0.0260924648307001,0.0006808167209413,0.0002213734951264,0.00015971647128373625,0.012637898214645355,0.00019021863593380323,0.013791977230760035,0.00017938080906089492,0.013393312101974437,0.00017438940257226762,0.013205657975741596
2024-09-25,-0.000542439998286,2.9424115174059956e-07,0.0001280153627502,0.0001909824862631914,0.013819641321799615,0.00021763997251498276,0.014752625953198392,0.00021754684724429305,0.014749469388567612,0.00021841386125235035,0.014778831525271216
2024-09-26,0.0125191180287257,0.0001567283162171,0.0001093042830004,0.00017954119155650435,0.013399298174027786,0.00020319543045528522,0.01425466346341734,0.000196458223683194,0.014016355577795321,0.0002043130228433585,0.014293810648086762
2024-09-27,-0.0066697348243387,4.448536262699766e-05,0.0002405570442901,0.000178172419036144,0.013348124176682805,0.00019932761694235325,0.014118343278952856,0.00019689223703151038,0.014031829425684678,0.00019760326101630994,0.014057142704558061
2024-09-30,-0.002683749726206,7.202512592910863e-06,0.0001250261402233,0.00017015119565159514,0.013044201610355275,0.00018953666876664064,0.013767231703092696,0.00019070204830273432,0.013809491239822499,0.0001893438776525011,0.013760228110482074
2024-10-01,-0.011747779386258,0.0001380103205081,0.0002140311048328,0.00016037427466807406,0.012663896504159928,0.00017877388649988787,0.01337063523172657,0.0001773261290300843,0.013316385734503349,0.00017912875690794612,0.01338389916683274
2024-10-03,-0.0104520090783442,0.0001092444937737,0.0001657694716253,0.00015903243741848092,0.012610806374632865,0.00017670122942591585,0.0132929014675471,0.00018337352525276055,0.013541548111377833,0.00018028811800617782,0.013427141095787212
2024-10-04,-0.0155346062677227,0.0002413239918931,0.0004129373739139,0.00015604516079979942,0.012491803744848037,0.00017323715365033038,0.013161958579570534,0.00018624826962806773,0.013647280667886468,0.00017907128861327563,0.013381752075616841
2024-10-07,-0.0054029428174234,2.9191791088348097e-05,7.633698649252074e-05,0.00016116189066540162,0.012694955323489784,0.00017768116516265667,0.013329709867909979,0.0001997222525679148,0.014132312357428093,0.00018829202314946103,0.013721954057256605
2024-10-08,-0.0051660613251141,2.6688189614839688e-05,0.0003402958930421,0.00015324368469077834,0.012379163327575025,0.00016955508437015393,0.013021331896935657,0.00019064737859056334,0.013807511672657147,0.00017991238714965203,0.01341314232943392
2024-10-09,-0.0178432325641708,0.000318380948339,0.0001962263488126,0.00014565035498622202,0.012068568887246823,0.00016223790384895656,0.012737264378545205,0.00018212281524418203,0.013495288631377323,0.00017230239218704764,0.013126400580016124
2024-10-10,-0.0051595998716131,2.662147083515029e-05,0.0001390681569027,0.00015601419058739385,0.012490564062018731,0.00017234645781038016,0.013128078984009053,0.00020095084917647976,0.014175713356881895,0.0001883101736800058,0.013722615409607813
2024-10-11,0.0102928061627927,0.0001059418587048,0.0001324175188905,0.0001482506274022592,0.012175821426181448,0.000164698771931243,0.01283350193560756,0.00019124339544875614,0.013829077895823574,0.00017972805514294851,0.013406269247741838
2024-10-14,0.0021176835794921,4.484583742850522e-06,7.330027349893892e-05,0.00014571210128041306,0.01207112676101171,0.00016245191752289518,0.012745662694536333,0.00018854565315714909,0.013731192707013805,0.00017397266503034378,0.013189869788225499
2024-10-15,-0.0027466470712575,7.544070134047693e-06,5.4020767776052595e-05,0.0001372384502281593,0.011714881571239177,0.0001547048727950099,0.012438041356862016,0.00017349478284950286,0.01317174183050605,0.00016513153605960345,0.012850351592839919
2024-10-16,-7.19902678239312e-05,5.182598661361343e-09,8.23332291531303e-05,0.0001294567874225126,0.011377907866673583,0.00014803836947194031,0.012167101933983307,0.00016232225587022343,0.012740575178155161,0.00015773085575307595,0.012559094543520085
2024-10-17,-0.0154353608646579,0.0002382503650222,0.0001631834731107,0.00012168969113308152,0.011031305051220436,0.0001417239065367763,0.011904785026903102,0.00014773677602868487,0.01215470180747701,0.00015059452793266933,0.012271696212531881
2024-10-18,-0.0078999247838198,6.240881159001083e-05,0.0001058972617521,0.00012868333156642938,0.01134386757532145,0.00014968178251290233,0.012234450642055913,0.00016318596326630414,0.012774426142348005,0.0001628544467586218,0.01276144375682555
2024-10-21,-0.0087051695339488,7.577997661479192e-05,0.000162760292734,0.00012470686036784425,0.011167222589697236,0.00014671973864074337,0.012112792355222777,0.00016278128787804437,0.012758577031865441,0.0001599934304466873,0.012648850953611845
2024-10-22,-0.0044090725441695,1.943992069974944e-05,6.540845903990782e-05,0.00012177124734266101,0.011035001012354327,0.00014486392113109573,0.01203594288500472,0.00016395805404752236,0.012804610655834965,0.00015850430254729536,0.012589849186836805
2024-10-23,-0.0083879377888889,7.035750035027199e-05,0.0002652436806379,0.0001156313677440863,0.010753202673812407,0.00014002498020284333,0.011833215125351322,0.00015693367100162904,0.012527316991344517,0.00015279413169299398,0.012360992342566756
2024-10-24,-0.0597342010620153,0.0035681747765172,0.0020985309877983,0.00011291493570045735,0.010626143971378205,0.00013864473068642754,0.011774749708016199,0.00015801293756683617,0.012570319708218888,0.00015171117327146118,0.012317108965640483
2024-10-25,0.0091193912788438,8.316329729665239e-05,9.041865167284076e-05,0.0003202305261494663,0.017894986061728752,0.00033611582652604054,0.018333461935107633,0.00029337978186238335,0.017128332722783714,0.00042345705309322916,0.02057807214228848
2024-10-28,0.0187121328243653,0.0003501439148366,0.0002669358337121,0.00030600649241829743,0.01749304125697694,0.0003125116023051364,0.017677997689363362,0.00027700473572186545,0.01664345924746011,0.0003887971129654285,0.019717938861996416
2024-10-29,-0.0109889455341464,0.0001207569239524,0.0001358580769391,0.00030865473776340094,0.01756857244523302,0.00030683567779312267,0.01751672565844207,0.00028114051359381503,0.016767245259547408,0.0003679917203412421,0.019183110288512707
2024-10-30,0.00286129411899,8.187004035367097e-06,4.965385845783058e-05,0.00029738086893474304,0.01724473452781292,0.0002887940058383833,0.01699394026817746,0.0002755393668730123,0.016599378508637373,0.00034606023725247453,0.01860269435464859
2024-10-31,-0.010505281146882,0.000110360931975,8.652791929379935e-05,0.00028002923704078045,0.01673407413156702,0.00026646960126350277,0.016323896632345562,0.0002500118111986811,0.015811761799327775,0.00031754171824427136,0.01781970028491701
2024-11-01,0.0036519693489456,1.333688012563872e-05,6.75303762588014e-05,0.00026984913873683567,0.016427085521687517,0.00025256203136996263,0.01589220033129342,0.00024659258239054097,0.015703266615279158,0.0003006085389183293,0.017338066181622716
2024-11-04,-0.0050174435458721,2.5174739736014383e-05,0.0001070300630123,0.0002544584032201638,0.015951752355780974,0.0002347709206387545,0.015322236150077915,0.0002264092751339557,0.01504690250961824,0.00027751359862160466,0.016658739406737975
2024-11-05,-0.0013672404874383,1.8693465504905895e-06,3.073545243833222e-05,0.00024070138341111477,0.015514553922401855,0.00021973460217540472,0.014823447715541912,0.0002134002883890441,0.014608226736638643,0.00025854779654232687,0.016079421523871026
2024-11-06,0.0033444961635339,1.1185654587893562e-05,4.2093900157733974e-05,0.0002263714611994773,0.01504564592164382,0.00020513436700312404,0.014322512593924435,0.00019452217615462288,0.013947120711982917,0.00023994873483286535,0.015490278720309242
2024-11-07,-0.0101282122599703,0.000102580683583,0.0001117842395141,0.00021346031280278222,0.014610281065153477,0.00019277221496596508,0.01388424340632089,0.0001805695444401076,0.013437616769357117,0.00022375869126088895,0.014958565815641851
2024-11-08,0.0129235337226768,0.0001670177238811,0.0001336208878795,0.00020680753504959603,0.014380804395081522,0.00018704858484111907,0.013676570653534425,0.00018302261890775707,0.013528585251524162,0.0002170171181993641,0.014731500880744097
2024-11-11,-0.0066616866144962,4.4378068549758413e-05,9.201403671108792e-05,0.00020442014637949015,0.014297557357097406,0.00018565515290992022,0.013625533123878868,0.0001853339706419863,0.013613741977942226,0.000209224755548143,0.01446460353926588
2024-11-12,-0.0119333543277485,0.0001424049455115,9.862186889217323e-05,0.00019481762170970622,0.0139577083258573,0.00017745839946709888,0.013321351262807346,0.00018034904859229138,0.013429409837825763,0.00019961890716098192,0.014128655532674788
2024-11-13,0.0014005665227129,1.9615865845441895e-06,2.9866704174922333e-05,0.00019167286113781946,0.013844596821064146,0.0001757893451836922,0.013258557432228146,0.00018654400243588572,0.013658111232373447,0.00019876165344027917,0.014098285478748087
2024-11-14,-0.0312129734119221,0.0009742497092133,0.0004027434899263,0.00018029018466462295,0.0134272180538123,0.00016633790905537575,0.012897205474651311,0.00017068749501672,0.013064742439739102,0.0001869731040685653,0.013673810883165135
2024-11-18,0.0140065289359534,0.0001961828528336,0.0001518445818278,0.00022792775613754697,0.015097276447675818,0.00021322250733394823,0.014602140505211839,0.00022162341044182305,0.01488702154367431,0.00025242591057182635,0.01588791712503015
2024-11-19,-0.005193011872127,2.6967372304052192e-05,7.571100105724494e-05,0.00022602306193931614,0.015034063387498277,0.00021042225064794322,0.014505938461469607,0.00022222091579578905,0.014907076031059513,0.00024163410387359864,0.015544584390507153
2024-11-21,-0.0114957178604313,0.0001321515291266,0.0001481603264625,0.0002140797205612003,0.01463146337729758,0.00019833764356198694,0.014083239810568695,0.00021008842632530222,0.014494427423161711,0.00022693923105471033,0.015064502350051604
2024-11-22,0.0258710065008983,0.0006693089773695,0.0003409970169078,0.00020916402907512663,0.014462504246330462,0.0001936423499799827,0.013915543466928726,0.00021282629948840133,0.014588567424130491,0.0002221369144607593,0.014904258266037907
2024-11-25,0.0106577474590567,0.000113587580901,0.0001355027715454,0.00023677272597279038,0.015387421030594775,0.00022000927382739244,0.014832709591554485,0.00023582302187116243,0.015356530267972724,0.0002323125845017866,0.015241803846716655
2024-11-26,0.0031308242047527,9.802060201065696e-06,7.013540380549774e-05,0.00022938161726848472,0.015145349691191839,0.00021172292541220245,0.01455070188726999,0.0002290672776986839,0.015134968704912604,0.00022078508382499331,0.01485883857591142
2024-11-27,0.0031009539575372,9.615915446766218e-06,7.189605184171498e-05,0.00021620684384443957,0.01470397374332665,0.00019851102391947034,0.014089394022436533,0.00021034174443501966,0.014503163256166554,0.00020675042684346594,0.014378818687342362
2024-11-28,-0.0099816756435692,9.963384865342358e-05,0.0004277023252759,0.00020381138814057912,0.014276252594451358,0.00018683493172612516,0.013668757504840196,0.00019400930885893857,0.013928722441736664,0.00019432484428677445,0.013940044630013724
2024-11-29,0.0136943981053865,0.0001875365394688,0.0001608604266883,0.00019756073577134972,0.014055630038221328,0.0001816388373127837,0.013477345336259055,0.00019495660352032736,0.013962686114080176,0.00019074253973648108,0.013810957234619224
2024-12-02,-0.0068338380191364,4.6701342071794995e-05,5.279377755527457e-05,0.00019695928399319753,0.014034218324979754,0.00018204413718257289,0.013492373296887872,0.00019748111057173168,0.014052797250787178,0.000186733517448135,0.013665047290373166
2024-12-03,0.0014913673607224,2.224176604628278e-06,3.8022388899430586e-05,0.0001879438074779133,0.01370925991722067,0.00017440200507866287,0.013206135130259075,0.00019156290548705306,0.013840625184111196,0.00017989844417233146,0.01341262256877198
2024-12-04,-0.0074182298456482,5.50301340428666e-05,7.824429879737847e-05,0.00017680062962551618,0.013296639787010709,0.00016512786590468034,0.012850208788369174,0.00017518913314791383,0.013235903185952738,0.0001702915080174425,0.013049578844447145
2024-12-05,0.0121395471792576,0.0001473686057174,0.0002469076150919,0.00016949439989055715,0.013019001493607608,0.00015993880188736276,0.012646691341507579,0.00017271915189897392,0.013142265858632367,0.0001659989159035687,0.012884056655555682
2024-12-06,-0.0043387859645589,1.8825063646253537e-05,2.5261301926054092e-05,0.000168166852240169,0.012967916264387622,0.00016060227910192894,0.01267289545060358,0.00017468117730210894,0.013216700696547113,0.00016335484232320716,0.012781034477819359
2024-12-09,-0.0340085695433245,0.0011565828023831,0.0005357713565444,0.00015920634492453404,0.012617699668502735,0.0001538863204755166,0.012405092521844269,0.00016634556256499847,0.01289750218317479,0.0001570382431060459,0.012531490059288476
2024-12-10,-0.0014169875424184,2.0078536953690312e-06,3.818182619301206e-05,0.00021904893237205037,0.014800301766249578,0.00021258554886710538,0.014580313743781558,0.0002244072929989708,0.014980230071630102,0.00024015318619177448,0.015496876659242483
2024-12-11,0.001667112750166,2.779264921766135e-06,3.721550645064057e-05,0.0002060264676514495,0.01435362210912108,0.00019882994024999798,0.014100707083334437,0.00020414796543855626,0.014288035744585616,0.00022368288017593122,0.014956031565088755
2024-12-12,-0.0237670763652493,0.0005648739189515,0.0002466749453118,0.00019383163548766848,0.013922343031532749,0.00018672817192008049,0.013664851697698021,0.00018638897019070073,0.013652434588405862,0.00020905510822822473,0.014458738127105863
2024-12-13,0.0190711211061146,0.000363707660244,0.0002409637805209,0.0002160941724955039,0.014700141920930693,0.0002079720411215265,0.014421235769570044,0.00021876908996165673,0.014790844802162476,0.00024004877917625523,0.015493507645986922
2024-12-16,-0.0100712288903664,0.0001014296513621,5.740435964525912e-05,0.00022495098176041905,0.014998365969678799,0.00021530239239617738,0.014673186170569001,0.00022868995246723745,0.015122498221763408,0.0002368714059737173,0.015390627211836342
2024-12-17,-0.001226300987206,1.503814111222576e-06,4.5733843919289374e-05,0.00021753970193652295,0.014749227164042289,0.00020687634123733008,0.0143831964888661,0.00022647459592110345,0.015049072925635766,0.00022853029456530716,0.015117218479776866
2024-12-18,-0.0017151995054968,2.9419093436565796e-06,6.992233588128123e-05,0.0002045775486670049,0.014303060814630024,0.00019376033368472895,0.013919782099039085,0.00020554380900028227,0.014336799119757599,0.0002133589523608813,0.014606811847931816
2024-12-19,0.0002754982245234,7.589927171555341e-08,0.000167907112147,0.00019247941030760399,0.013873694904660545,0.00018226117478093823,0.013500413874431341,0.00018839482852429064,0.013725699564112957,0.00020004655966699558,0.014143781660750974
2024-12-20,-0.0110572856574606,0.0001222635661106,0.0001559850497157,0.00018093519964545066,0.013451215545275105,0.0001719451308306166,0.013112785014275824,0.00017064059619219352,0.0130629474542384,0.0001880403979455305,0.013712782283166698
2024-12-23,0.0021399038151743,4.5791883381977856e-06,8.824749289091837e-05,0.00017741490163336466,0.013319718526806964,0.00016977726576435993,0.013029860542782486,0.00017580438156764765,0.01325912446459598,0.00018694599048230945,0.013672819405020657
2024-12-24,-0.0014331915634639,2.054038057584205e-06,4.386468710264939e-05,0.0001670447588356546,0.012924579638644138,0.00016117820175839113,0.012695597731433961,0.00016239094398794247,0.012743270537344111,0.00017661460687591886,0.013289642842300874
2024-12-26,-0.00119963005352,1.4391122653085765e-06,1.948598039058113e-05,0.00015714531558897038,0.012535761468254346,0.00015344217414523529,0.01238717781196489,0.00015018322654890268,0.012254926623562569,0.00016746373938713034,0.012940778160030808
2024-12-27,0.0036371737325394,1.3229032760675273e-05,1.9994629400122527e-05,0.00014780294338955066,0.012157423386127122,0.00014657667736143185,0.012106885535158571,0.0001390523250227067,0.011792044989004524,0.00015931856148308142,0.01262214567667009
2024-12-30,0.0009605804625804,9.227148250913394e-07,7.668444710153925e-05,0.00013972850875181809,0.011820681399640974,0.00014118446450178188,0.01188210690499719,0.00013200289918925185,0.011489251463400558,0.0001524877775456981,0.012348594152602883
2024-12-31,-0.0071302207498368,5.084004794140433e-05,5.703577533829664e-05,0.00013140016111621447,0.01146299093239694,0.0001357243342650844,0.011650078723557382,0.00012230256172981264,0.011059048861896426,0.00014598882456086222,0.012082583521783005
2025-01-01,-0.0020433647646494,4.175339561410834e-06,1.8995891563685845e-05,0.0001265665543257258,0.011250180190811426,0.00013373878441507516,0.01156454860403445,0.00012399664214854037,0.011135377952657932,0.00014416776937564062,0.012006988355771842
2025-01-02,0.0204180571145971,0.0004168970563349,0.0002693529064474,0.0001192230814398669,0.0109189322481581,0.00012933489346751313,0.011372549998461785,0.00011724363486104266,0.010827909995056418,0.00013891821905432104,0.011786357327619125
2025-01-03,0.0151794793968646,0.0002304165947598,0.0001566457898655,0.00013708351993357187,0.01170826716186353,0.00014889067328351511,0.012202076597182756,0.0001350327477327542,0.011620359191210666,0.00014935014981766457,0.012220889894670706
2025-01-06,-0.0125669497678716,0.0001579282264682,0.0002072818770173,0.00014268350442314776,0.011945020067925702,0.00015556472819404675,0.01247255900743896,0.00014437662230271727,0.012015682348610805,0.00015169128682513726,0.012316301669946919
2025-01-07,0.0061255232255575,3.752203478684484e-05,4.607972974785537e-05,0.00014359818774585138,0.011983246127233279,0.00015733999559312307,0.01254352405000776,0.00015435685467860146,0.012424043411007604,0.0001575626821694152,0.01255239746699471
2025-01-08,0.0042572909191635,1.812452597039208e-05,0.0001062803799944,0.00013723361856831094,0.01171467535052982,0.00015206793154613353,0.01233158268618159,0.00014909165438777502,0.012210309348569962,0.00015183159348762797,0.012321996327203964
2025-01-09,0.0142255453225805,0.0002023661397247,0.0004650688981011,0.0001300870730124358,0.01140557201601199,0.00014631107977563536,0.01209591169675256,0.00014178434701813487,0.011907323251601716,0.0001460437273892579,0.012084855290373066
2025-01-10,0.0027268982042645,7.435973816421499e-06,0.0001083422670548,0.0001344238170151772,0.011594128557816547,0.0001516936861370833,0.01231639907347449,0.00014930249116192667,0.012218939854256042,0.0001477292211092751,0.012154391021736757
2025-01-13,0.0036583251280305,1.338334274237938e-05,0.0001610642400344,0.0001268045464232518,0.011260752480329714,0.00014537348595831617,0.01205709276560134,0.00013989043696662818,0.011827528776825198,0.00014201880597648883,0.011917164342933634
2025-01-14,-0.0344716151402773,0.0011882922503793,0.0006672166269856,0.00011999927420239946,0.01095441802207673,0.00014013086569077238,0.011837688359252087,0.0001327780266851463,0.011522934812153815,0.00013718561856045154,0.011712626458674909
2025-01-15,0.0021304412780231,4.538780039104955e-06,7.792984717202919e-05,0.00018409685277301927,0.01356822953715846,0.0002022413186759605,0.014221157430953379,0.00019073376204270021,0.013810639450898,0.00022505859294947865,0.015001952971179407
2025-01-16,-0.0118695354280543,0.0001408858712778,0.0001896188989758,0.00017332336840898438,0.01316523332147913,0.00018984021396660532,0.013778251484372221,0.0001754226892717211,0.013244723072670153,0.0002103374279114381,0.014503014442226764
2025-01-17,0.0038306739641751,1.4674063019809047e-05,8.525088764221072e-05,0.00017137711858111548,0.013091108378633013,0.0001866356445143188,0.013661465679579142,0.00018186915140377402,0.01348588711964378,0.0002081276094933941,0.014426628486704512
2025-01-20,-0.0037454168201158,1.4028147156406356e-05,6.824478157999002e-05,0.00016197493524743706,0.012726937386796443,0.00017663682524716954,0.013290478744092312,0.00017019469267087314,0.013045868797089489,0.0001957303350509175,0.013990365794035462
2025-01-21,-0.00200621830726,4.02491189638537e-06,0.0001308373900318,0.00015309812796197522,0.012373282828820135,0.00016777162422293744,0.012952668613955096,0.00016125396768680754,0.01269858132575476,0.000185312031418196,0.013612936179171488
2025-01-22,0.0010462272687431,1.0945914978617635e-06,5.814294019147067e-05,0.00014415373499803983,0.0120064039161624,0.00015937582484622833,0.012624413841688982,0.0001501982474022323,0.012255539457822014,0.00017531339906442194,0.013240596627962878
2025-01-23,-0.0091110525750787,8.301127902584995e-05,0.0005226357886931,0.00013557018638802912,0.011643461100035037,0.00015179625555654535,0.012320562306832645,0.00013842574245653136,0.011765446972237449,0.00016619265205289593,0.012891572908411756
2025-01-24,0.019788310515923,0.0003915772330745,0.0002178597319737,0.00013241665194629827,0.011507243455593449,0.0001497570250957442,0.012237525284784674,0.00014234527411219954,0.011930853871881909,0.00016455352713669547,0.012827841873701729
2025-01-27,0.0103971498679782,0.0001081007253771,0.0001494143700537,0.0001479662868139957,0.012164139378270692,0.00016548423696819098,0.01286406766805084,0.000158295837867205,0.012581567385155357,0.00017109834636326552,0.013080456657290889
2025-01-28,-0.0016730399280303,2.799062600783871e-06,4.7797131395839254e-05,0.0001455743531277879,0.012065419724476554,0.00016326808016762305,0.012777639851225384,0.00015885625296659095,0.012603818983410979,0.0001664163426508351,0.012900245836837184
2025-01-29,-0.0020533880554004,4.216402506061371e-06,6.5203915446079e-05,0.00013700783569616765,0.011705034630284852,0.00015532976368949432,0.012463136189960146,0.00014749990694538746,0.012144953970492743,0.00015849778939477498,0.012589590517358973
2025-01-30,0.0103493397750818,0.00010710883378,0.0001048705978904,0.00012904034970476124,0.011359592849427362,0.00014840109557432183,0.012181998833291761,0.00013813968629788716,0.011753284064374822,0.0001516014806994218,0.012312655306611235
2025-01-31,0.0246242734027954,0.0006063548406156,0.0003638499547836,0.00012772445874928098,0.011301524620566952,0.0001481280865948503,0.01217078824870642,0.0001403294922398787,0.011846074971900131,0.0001491277016961474,0.012211785360713944
2025-02-01,0.0149755981955547,0.0002242685413147,0.0015840742696798,0.00015644228166126117,0.012507688901682084,0.00017624617091367294,0.013275773834834373,0.00016408058125302893,0.012809394257849547,0.0001653837714141886,0.01286016218459894
2025-02-03,-0.0259110101890414,0.0006713804490166,0.0006343723608954,0.00016051185724046756,0.012669327418630697,0.00017936917615010668,0.013392877814349934,0.0001711915767424163,0.013084019899954918,0.00016565165133329703,0.012870573077112651
2025-02-04,-0.0015983685162208,2.5547819136460536e-06,0.0001361976812497,0.00019116397274703597,0.013826206014197675,0.00020752436710114647,0.014405706060486813,0.0002090356243202899,0.014458064335182975,0.00020994648511813414,0.014489530189696771
2025-02-05,-0.0194659000255521,0.0003789212638047,0.0002683030003293,0.00017984742129703254,0.01341072038695284,0.0001943922106648627,0.013942460710536814,0.00019119715289584198,0.013827405862845062,0.00019699682217476307,0.01403555564182491
2025-02-06,-0.0077041391260313,5.935375967324699e-05,0.0001501303289897,0.00019179185184749794,0.013848893524303591,0.00020417620171742405,0.014289023819611472,0.00021324635231667846,0.014602956971677978,0.00021488125544831936,0.014658828583768874
2025-02-07,-0.0037368824803558,1.396429067199015e-05,0.0001362550792985,0.00018384556631704285,0.01355896627022292,0.0001946623358872046,0.013952144490622386,0.000207459875047026,0.014403467466100862,0.00020579168330148013,0.014345441202747307
2025-02-10,-0.001015911604841,1.032076388850776e-06,0.0001350129326961,0.00017365268977833967,0.013177734622397724,0.00018368371706741952,0.013552996608404339,0.00019410313169062384,0.013932089997219507,0.00019420993660268724,0.0139359225242783
2025-02-11,-0.0197580186399678,0.0003903793005773,0.0004375621877998,0.0001632954529749703,0.012778710927748944,0.00017325548670644772,0.013162655002181275,0.0001770983469048851,0.013307830285395329,0.00018295346493467726,0.013526029163604418
2025-02-12,0.0074228952761598,5.509937428083588e-05,8.097910387385772e-05,0.000176920483831111,0.013301145959319107,0.00018616428089252728,0.013644203197421507,0.00020046659327896266,0.014158622577036322,0.00020334816706678446,0.014260019883113224
2025-02-13,-0.0047270286158809,2.2344799535357244e-05,6.913082102100277e-05,0.00016961121725809448,0.013023487138938422,0.00017851694909969023,0.013361023504944905,0.00019218998053238266,0.013863260097552187,0.0001929947414572328,0.013892254729065143
2025-02-14,-0.0013578049195655,1.8436341995964415e-06,0.0001823072340749,0.00016077523219473023,0.012679717354686194,0.00016990410814525931,0.013034727006932647,0.00018262259705164563,0.013513792844780685,0.00018353981456724596,0.013547686686930944
2025-02-17,0.0047548943569175,2.2609020345445892e-05,8.699817554317769e-05,0.0001512393363150222,0.01229794032816155,0.0001611348076640705,0.012693888595070878,0.00016774893604414452,0.01295179277336325,0.00017357517408895522,0.013174793132681637
2025-02-18,-0.0144421157311359,0.0002085747067915,0.0001722414743049,0.00014352151735684763,0.011980046634168318,0.00015457146303195744,0.012432677227047979,0.00015907344801803852,0.01261243228001794,0.0001654494331441074,0.012862714843457714
2025-02-19,-0.0200606547736205,0.0004024298699463,0.0002316557565162,0.00014742470872292817,0.012141857713007848,0.0001593399063649851,0.012622991181371597,0.00017190662447433955,0.013111316656779348,0.0001736853210972068,0.013178972687474802
2025-02-20,-0.0010446962852457,1.0913903284062384e-06,5.613163911597516e-05,0.00016272501839633546,0.012756371678354918,0.000174561965276709,0.013212190025756859,0.00019616589723026186,0.014005923647880631,0.00019608666984768296,0.014003095009592806
2025-02-21,-0.0028509623791178,8.127986487145224e-06,5.298869242518581e-05,0.0001530270007122597,0.01237040826780829,0.0001652047568882356,0.012853200258621805,0.00017894460824174,0.013377017912888508,0.00018461873530045177,0.013587447711047567
2025-02-24,-8.919566026444354e-05,7.955865810010032e-09,7.487275250655529e-05,0.00014433305985875282,0.012013869479012697,0.00015734246652338835,0.012543622543882143,0.00016731591177354503,0.012935065201750822,0.00017501982160776587,0.0132295057204631
2025-02-25,0.007931991451408,6.291648838520982e-05,7.113103819781212e-05,0.00013567355361917625,0.011647899107529058,0.00014993916586709784,0.012244964918981917,0.00015211359326355406,0.012333433960724565,0.0001658930569005979,0.012879947860942523
2025-02-27,-0.006371879209566,4.060084466130005e-05,9.506224527562924e-05,0.00013130812970513824,0.011458975944871263,0.00014697583467833153,0.01212335905095331,0.00014964221787461685,0.012232833599563793,0.0001601410252188652,0.012654683924099614
2025-02-28,-0.0246674331526822,0.000608482258342,0.000298070721677,0.00012586569260250789,0.011218988038254961,0.00014309172926659408,0.011962095521546135,0.00014764789206733506,0.01215104489611223,0.00015589219418002384,0.0124856795642057
2025-03-03,-0.006136707701397,3.76591814123857e-05,0.0001246335041328,0.00015482268654688013,0.012442776480628434,0.00017192013822483882,0.013111831993464483,0.000182785403215074,0.013519815206395168,0.00019640693245421575,0.014014525766297472
2025-03-04,-0.0089983026185072,8.096945001423435e-05,0.0001499502216962,0.00014779287623881043,0.012157009346003252,0.000164949336217368,0.0128432603421938,0.0001770308868125269,0.01330529544251186,0.00018775309745283685,0.013702302633237847
2025-03-05,0.0060538386845544,3.664896281860765e-05,0.0001343593548683,0.0001437834706653358,0.011990974550274711,0.0001612546234409554,0.012698607145705209,0.00017751412615813774,0.013323442729194949,0.0001834723115470522,0.013545195146141387
2025-03-06,0.022099447755706,0.0004883855911071,0.0003261032372389,0.0001373554001945321,0.011719872021252284,0.0001554747790239589,0.012468952603324744,0.00016966512606206923,0.01302555665075659,0.000174725729482968,0.013218386039262432
2025-03-07,-0.0065105697160142,4.238751802708234e-05,0.0001040445924897,0.00015841721164929092,0.012586389937122197,0.00017603185403347794,0.01326769965116327,0.0001881124452190334,0.013715409043081194,0.00018367597768781895,0.013552711082577499
2025-03-10,0.0194063570027493,0.0003766066921181,0.0003809840950294,0.00015145543003195833,0.012306722960721848,0.00016884838561853237,0.012994167369190393,0.0001825353854988186,0.013510565698697394,0.00017685662644557863,0.013298745295913393
2025-03-11,-0.0137973480920281,0.0001903668143725,0.0001889808733496,0.00016496450575713027,0.01284385089282534,0.00018149066923971968,0.013471847283862732,0.00019565417411858906,0.013987643622804703,0.00018143176785170243,0.013469661014728709
2025-03-12,-0.0109075789574663,0.0001189752787133,0.0001495586140382,0.00016648864427405794,0.012903047867618641,0.0001820740821564223,0.013493482951277712,0.0002046530839490208,0.014305701099527448,0.0001864078865406678,0.013653127353858081
2025-03-13,-0.0082881782556113,6.869389879678814e-05,0.0001560959702308,0.00016363784234041617,0.012792100779012655,0.00017853388934268368,0.013361657432470107,0.0002066000791660774,0.014373589640937903,0.0001852450782495237,0.013610476782593757
2025-03-17,-0.0016336117234237,2.668687262907532e-06,0.0001155696458858,0.00015794120572779847,0.012567466161792459,0.00017255187696713935,0.013135900310490308,0.00020275137041354102,0.014239078987544842,0.00018029601370423803,0.013427435112642995
2025-03-18,0.0,0.0,0.0,0.000148624854619905,0.012191179377726544,0.0001635195354397354,0.012787475725870818,0.00018580691098158856,0.013631100871961463,0.00017076918926509335,0.013067868581566519
2025-03-19,0.0131771191523227,0.0001736364691545,2.796675225707049e-05,0.0001397073633427107,0.011819786941510861,0.00015539278967711934,0.012465664429829616,0.0001679976478921085,0.01296139066196635,0.00016213122248086965,0.01273307592378486
2025-03-20,0.0190664639271835,0.0003635300466865,0.000267776735329,0.00014174310969141863,0.011905591530512821,0.00015808047160656432,0.01257300567114182,0.00017198173700423865,0.013114180759934592,0.0001609029613585157,0.01268475310593453
2025-03-21,0.0016933129615632,2.8673087857981054e-06,6.210533237706817e-05,0.0001550503259111289,0.012451920571186154,0.0001712402775474718,0.013085880847213602,0.00018519233708989976,0.01360853912401694,0.00016683188275685718,0.01291634169402688
2025-03-24,0.0044420119856047,1.973147048025588e-05,4.439032744824849e-05,0.00014591934488360905,0.012079707980063468,0.00016237273426603525,0.012742556033466568,0.0001699413320287892,0.013036154802271611,0.0001587531926726033,0.0125997298650647
2025-03-25,0.0066703644112802,4.449376137927366e-05,0.0001660160843932,0.00013834807241940784,0.011762145740442423,0.0001555010407223208,0.0124700056424334,0.00016056302937342406,0.01267134678609279,0.000152227742782399,0.012338060738316982
2025-03-26,-0.0112237581842439,0.0001259727477783,0.0001252927916501,0.00013271681375699978,0.011520278371506472,0.00015084023812024313,0.012281703388384003,0.00015543642415374667,0.012467414493540618,0.00014736849516689554,0.01213954262593511
2025-03-27,-0.0005789153815944,3.3514301904667905e-07,0.0002689160604854,0.0001323121697982827,0.011502702717113171,0.00015135328502637887,0.012302572293076715,0.00016208044315145417,0.012731081774596146,0.00015124623727032628,0.012298220898582294
2025-03-28,0.0063062337468728,3.976858407019817e-05,0.0002175325629224,0.00012439354819152853,0.01115318556249866,0.00014466957184382017,0.012027866470983962,0.00014840972667998507,0.01218235308468709,0.00014488227407662239,0.012036705283283395
2025-04-01,-0.0111292139738997,0.0001238594036768,0.000297199339008,0.00011931605034424866,0.010923188652781232,0.00014100812659629833,0.01187468427354169,0.00014400509517304124,0.012000212296998802,0.00014069420918230732,0.011861458982026929
2025-04-02,0.0018112463853047,3.2806134682796265e-06,0.0002112576296865,0.0001195886515442044,0.010935659630045386,0.00014255192378531816,0.011939511036274398,0.00015126528255693242,0.012298995184848737,0.00014517566422845527,0.01204888643105475
2025-04-03,0.0029671966126197,8.80425573794205e-06,7.521328238594689e-05,0.0001126101692596489,0.010611793875667247,0.00013706567761372548,0.011707505183160308,0.00014038825057508363,0.011848554788457689,0.0001396057429675374,0.011815487419803612
2025-04-04,0.0,0.0,0.0001453065985519,0.00010638181444834646,0.010314156022106048,0.00013253533211371826,0.011512399059870981,0.00013230839223699422,0.011502538512736839,0.0001348812180475514,0.011613837352380625
2025-04-07,0.0021584440268895,4.6588806172150565e-06,0.00092362726564,9.999890558144567e-05,0.009999945278922564,0.00012803512315232772,0.01131526063121516,0.00012137083069580287,0.011016843045800502,0.00013037539553555742,0.011418204567074344
2025-04-08,0.0175607007910251,0.0003083782122719,0.000201340221373,9.427850408359182e-05,0.009709711843489066,0.00012432628256549944,0.011150169620481092,0.00011435985502550508,0.010693916729875219,0.00012656049967087386,0.011249911096131998
2025-04-09,0.0261912092655698,0.0006859794427928,0.0002796710222141,0.0001071244865748909,0.01035009596935656,0.0001383039960929353,0.01176027193958266,0.000128117614678204,0.011318905189027957,0.00013440598941074058,0.011593359711953242
2025-04-11,0.0068485776091161,4.690301526808755e-05,0.000163824956883,0.00014185578394796964,0.011910322579509323,0.0001720949290805366,0.0131184956866455,0.00015461507061534548,0.012434430852087501,0.00015529890897531277,0.01246189828939848
2025-04-15,-0.0019670585767232,3.869319444260495e-06,0.0001924270011294,0.00013615861782717665,0.011668702491158846,0.00016562875489167661,0.012869683558334937,0.00015035075914034845,0.012261760034364905,0.00015017505869393004,0.01225459337121922
2025-04-16,0.0021573748137829,4.654266087144803e-06,4.035445164037568e-05,0.00012822125992420166,0.011323482676464942,0.00015747492875029312,0.01254890149576022,0.00014051236594741243,0.011853791205661268,0.0001442099699533394,0.012008745561187455
2025-04-17,0.0035430467207266,1.2553180065251995e-05,8.758853305616301e-05,0.00012080724029397823,0.0109912347028884,0.00015032005280842824,0.0122605078527942,0.00013135599946006808,0.011461064499428842,0.00013880198944380881,0.011781425611691007
2025-04-21,-0.0101567410284828,0.0001031593883196,3.604919741529327e-05,0.00011431199668025463,0.01069167885227828,0.00014445130659602822,0.012018789730918343,0.00012500997545229748,0.01118078599438776,0.00013430851559434188,0.011589155085438363
2025-04-22,0.0200863388018328,0.000403461006462,0.0001649023730932,0.0001136428401786193,0.010660339590210965,0.00014441625543121963,0.012017331460487375,0.00013173054225863352,0.011477392659425463,0.0001379113620891809,0.011743566838451633
2025-04-23,0.010409558380656,0.0001083589056802,0.0001229489600288,0.00013103193015562298,0.011446917932597533,0.00016144362121249544,0.012706046639789083,0.00014857093118266315,0.012188967601181945,0.00014796281753101702,0.012163996774539897
2025-04-24,-0.0414874465260656,0.0017212082192531,0.0018141383737111,0.0001296715486871027,0.011387341598771097,0.00015971506273107952,0.012637842487192168,0.00014998843004443427,0.012246976363349212,0.00014595417937858152,0.0120811497540003
2025-04-25,0.0029629954910217,8.779342279815232e-06,0.0001514429729677,0.00022516374892106577,0.015005457304629731,0.00024980501470575893,0.015805221121697695,0.00022745450917472404,0.015081595047431954,0.0002743658502577923,0.01656399258203747
2025-04-28,-0.0058484527927419,3.420440006893143e-05,7.667092029053263e-05,0.0002121806845225907,0.014566423189053334,0.00023207771206889709,0.015234097021776416,0.00020866771877280034,0.01444533553687142,0.0002541241138732304,0.01594127077347444
2025-04-29,0.0013360214525191,1.784953321591443e-06,2.6478390876444553e-05,0.00020150210745537107,0.014195143798333677,0.000217869539658772,0.014760404454444058,0.0001994884331700606,0.014124037424548996,0.00023855536846138596,0.015445237727577584
2025-04-30,0.0087483113778284,7.653295196344337e-05,8.8190791437585e-05,0.00018951907820734425,0.013766592832191423,0.00020348280630261452,0.014264739966175848,0.00018183980509675038,0.013484799038055792,0.0002221784412722585,0.014905651319961114
2025-05-02,-0.0100843328303476,0.0001016937686332,8.156195465163642e-05,0.0001827399106327101,0.013518132660715759,0.00019502594449883053,0.013965168974947297,0.00017764749384271828,0.013328446790332259,0.0002104487757548726,0.014506852717073838
2025-05-05,0.0128558602335007,0.0001652731423433,8.463995489854697e-05,0.00017787714211274107,0.013337058975379132,0.0001889881470140978,0.013747295989179028,0.0001802639997954918,0.01342624295160384,0.00020517056005774065,0.014323776040476919
2025-05-06,0.0140371030547514,0.0001970402621697,0.0001605583964952,0.0001771209021265749,0.013308677700153945,0.00018726860050819144,0.013684611814304103,0.0001827070003362076,0.013516915341016515,0.00019867775631778498,0.014095309727628725
2025-05-07,-0.0046290638822471,2.1428232425925405e-05,6.406160429604411e-05,0.00017831606372916307,0.013353503799720995,0.00018755481530213718,0.013695065363193313,0.00018685268362972406,0.01366940684995966,0.00019410619462209133,0.013932199920403501
2025-05-08,-0.00672939061653,4.528469806984303e-05,6.201900113347342e-05,0.00016890279385096873,0.012996260764195551,0.00017783207538315824,0.013335369338085774,0.00017770211842832803,0.013330495805795373,0.00018445183559152387,0.013581304635104974
2025-05-09,-0.0093860504811007,8.809794363377174e-05,0.000109140423731,0.0001614857081041011,0.01270770270757469,0.00017060247183385698,0.013061488117127274,0.0001736351994103091,0.013177070972348487,0.00017776902800970245,0.013333005212993148
2025-05-12,0.0210382639121933,0.000442608548439,0.0001077331411995,0.00015708244223588128,0.012533253457737191,0.00016665101599893262,0.012909338325372553,0.0001751964360373,0.013236179057314841,0.00017519357529737368,0.013236070991701944
2025-05-13,-0.0094886921667496,9.003527903533604e-05,0.0001305999993765,0.00017421400860807412,0.013199015440860508,0.00018329965542052948,0.013538820311257901,0.00019154334709040846,0.013839918608518204,0.0001823986885711714,0.013505505861357856
2025-05-14,-0.0040336540088529,1.6270364663135227e-05,6.457188365737752e-05,0.0001691632848337098,0.01300627866969295,0.0001779721098137594,0.01334061879425986,0.00019168969662685463,0.01384520482430125,0.0001794412189150325,0.013395567136744621
2025-05-15,0.001997584817237,3.9903451020560355e-06,5.814366355028061e-05,0.0001599897096234753,0.012648703871285598,0.0001690779875906809,0.013002999176754603,0.00018081648293358392,0.01344680195933531,0.00017107325804765347,0.013079497622143346
2025-05-16,0.011062995952185,0.000122389879438,9.288316057167824e-05,0.0001506297477521901,0.012273131130733922,0.0001605273217747064,0.012669937717870061,0.0001665682826722581,0.012906133529150321,0.0001625477070440878,0.012749419870883844
2025-05-19,0.0005456806821622,2.977674068850355e-07,5.682934623615234e-05,0.00014893535565334238,0.012203907392853422,0.0001597030258451328,0.012637366254292577,0.00016740263353621807,0.012938416964073236,0.00015937814821825763,0.012624505860359748
2025-05-20,-0.0176133348345253,0.0003102295639931,0.0002026987509991,0.00014001710035855495,0.011832882166173841,0.0001520398966665198,0.01233044592326327,0.00015278987930506812,0.012360820333014638,0.00015206274817671967,0.012331372517960832
2025-05-21,0.0096918072268,9.393112732145452e-05,6.101679032697906e-05,0.0001502298481766278,0.012256828634546042,0.00016287904259705137,0.012762407398177328,0.00017248959871416617,0.01313352956041011,0.00016976540884774635,0.013029405544680323
2025-05-22,-0.0141440448282135,0.0002000540041025,0.0001649534712929,0.00014685192492531728,0.012118247601254782,0.00016016292102714812,0.01265554902116649,0.00017067838697745015,0.013064393861846409,0.00016471337327112666,0.012834070798898011
2025-05-23,0.0121538191626797,0.0001477153202391,7.975065790326376e-05,0.000150044049675949,0.012249246902399716,0.00016379290436900675,0.012798160194692312,0.0001821814062077277,0.013497459250085836,0.0001723697023805535,0.013128964253914072
2025-05-26,0.0146849998988982,0.0002156492220306,7.014458399161915e-05,0.00014990432590973927,0.01224354221251919,0.00016402497406264941,0.012807223511075671,0.00018332914219433606,0.01353990923877764,0.0001690049054930534,0.013000188671440633
2025-05-27,-0.005823010625363,3.3907452743090995e-05,0.0001535091763712,0.00015384901967699334,0.012403588983717307,0.0001680887943501353,0.012964906260753885,0.00018848350013211796,0.013728929314848917,0.00016853740049924752,0.01298219551921968
2025-05-28,-0.0076758007594793,5.8917917299223286e-05,8.322227017786817e-05,0.00014665252566095917,0.012110017574758476,0.00016135331787791725,0.012702492585233705,0.00018149897914075184,0.013472155697613944,0.00016279996582622093,0.012759308987018887
2025-05-29,0.0019878686258401,3.9516216735994306e-06,2.7082578291672103e-05,0.00014138844915925498,0.011890687497333994,0.00015682688610193282,0.012523054184260834,0.00017891948005750548,0.013376078650243706,0.00015967305805175528,0.012636180516744578
2025-05-30,-0.0078048913709036,6.091632931160568e-05,6.389317410142297e-05,0.00013314223951011562,0.011538727811596719,0.0001497079471483562,0.012235519896937613,0.000164896017529768,0.012841184428617479,0.00015245869644721192,0.012347416590008289
2025-06-02,0.0098732301717604,9.74806740245608e-05,0.0001053597781866,0.00012880868489820502,0.01134939138888976,0.0001466580619739891,0.012110246156622461,0.0001641524947179825,0.012812201009896095,0.00015067828774729632,0.01227510846173248
2025-06-03,-0.0081712183394792,6.676880915144273e-05,8.809926291035179e-05,0.0001269290042457863,0.011266277302010026,0.00014604214845394958,0.012084789963170629,0.00016340049747839158,0.01278282040390115,0.00014795508569235866,0.012163678953851037
2025-06-04,0.0051729656473773,2.6759573588946497e-05,4.22938151859608e-05,0.00012331939254012558,0.011104926498636791,0.00014375376949009896,0.011989736005855131,0.00016349578298274498,0.012786546953057537,0.0001471495064186139,0.012130519626900321
2025-06-05,0.0050201503879489,2.5201909917624458e-05,6.240082402170845e-05,0.00011752580340305479,0.010840931851231922,0.0001394605510346071,0.011809341685064714,0.0001558969298792651,0.012485869207999302,0.00014221976455209952,0.011925592838601338
2025-06-06,0.0056228448450555,3.161638415156824e-05,4.425584384909421e-05,0.0001119863697939289,0.010582361257957928,0.0001355813496177289,0.011643940467802509,0.00014890923714032384,0.012202837257798853,0.00013780008456197232,0.01173882807447031
2025-06-09,0.0014217760750176,2.0214472074924743e-06,2.7086542906995047e-05,0.0001071641706553872,0.010352012879405976,0.00013252055556364564,0.011511757275222825,0.00014350332670452654,0.011979287403870338,0.00013412627448218997,0.011581289845357898
2025-06-10,0.000835192001331,6.975456790874369e-07,3.002577089546561e-05,0.00010085560724851351,0.010042689243848657,0.0001281369022802702,0.011319757165251831,0.00013303459039143884,0.011534062180838061,0.00012978206012185755,0.01139219294613015
2025-06-11,-0.0078798129214042,6.209145167632858e-05,6.320568671101641e-05,9.484612355434794e-05,0.00973889745065364,0.00012419112956305178,0.011144107391938206,0.0001230549513175221,0.01109301362649132,0.00012588912646498268,0.011220032373615626
2025-06-12,-0.0185604262295074,0.0003444894218209,0.0002653378222712,9.288084324166678e-05,0.009637470790703689,0.00012419460424043018,0.011144263288366358,0.0001259599287622015,0.011223187103590562,0.00012725955781858994,0.011280937807584525
2025-06-13,-0.0058903033606446,3.469567368042171e-05,3.534017400674773e-05,0.00010797735795642596,0.010391215422481913,0.00014023898891367043,0.011842254384772792,0.00014838102585398185,0.012181175060476794,0.00015048909877671173,0.012267399837647412
2025-06-16,0.0036156402414695,1.3072854355734104e-05,3.685256805022203e-05,0.00010358045689986566,0.010177448447418717,0.00013680795863315237,0.011696493433211184,0.00014563882044443945,0.012068091002492459,0.00014689120013594535,0.012119867991688084
2025-06-17,0.0005155161517223,2.657569026865909e-07,2.6732775898721043e-05,9.815000074721773e-05,0.009907068221588955,0.00013255025098379765,0.011513046989559178,0.00013783926577992062,0.011740496828495829,0.00014148553358698797,0.011894769169134303
2025-06-18,-0.0135327580471588,0.0001831355403629,0.0001426020477605,9.227694611654585e-05,0.0096060890125246,0.00012806339188625572,0.011316509704244313,0.00012687932961002207,0.011264072514416005,0.00013622910817049136,0.011671722587968383
2025-06-19,-0.0013503306488314,1.823392861173507e-06,2.089767580586951e-05,9.772846177132959e-05,0.009885770671593064,0.00013448941964601155,0.011596957344321463,0.0001396178288097776,0.011815998849431969,0.0001458460855002983,0.012076675266823161
2025-06-20,0.0052170411705867,2.7217518575597378e-05,2.886583969337029e-05,9.197415763672022e-05,0.00959031582570252,0.00012986407098887923,0.011395791810527219,0.0001299916547495188,0.011401388281675123,0.00014021992631980205,0.01184144950248077
2025-06-23,-0.0031158572516184,9.708566412463525e-06,5.205966904553289e-05,8.808875929305279e-05,0.009385561213537142,0.00012722258121417723,0.011279298790890204,0.00012595247793314218,0.01122285515959028,0.0001361049760570038,0.01166640373281346
2025-06-24,-0.0052883894684618,2.7967063170138393e-05,0.0001148703870741,8.33859477202174e-05,0.009131590645677094,0.000123895686392277,0.011130843920937756,0.00012070554830163591,0.010986607679426616,0.00013221516949693584,0.011498485530579052
2025-06-25,0.0068693480820477,4.7187943072332955e-05,2.529060895133307e-05,8.006081464721262e-05,0.008947670906286877,0.00012199534149008717,0.011045150134338926,0.00011948219870726269,0.01093079131203513,0.0001301967427308266,0.011410378728632393
2025-06-26,0.0009213090478869,8.488103617183625e-07,2.6082790317504777e-05,7.80884423527198e-05,0.008836766510026153,0.0001214092435515188,0.01101858627735513,0.000118551333713857,0.010888128108809934,0.00012797368502653187,0.011312545470694555
2025-06-27,0.0113781870647759,0.000129463140881,6.666658579607772e-05,7.34540644332597e-05,0.008570534664375361,0.00011825950006546046,0.010874718390168108,0.00011035694265632856,0.010505091273107938,0.00012429455642969092,0.011148746854677925
2025-06-30,-0.005346040667469,2.858015081823318e-05,5.721669237903114e-05,7.681460902012615e-05,0.008764394389809608,0.00012278421777430228,0.011080804022014931,0.00011592093390551434,0.010766658437301442,0.0001257907957879102,0.01121564959277483
2025-07-01,0.0003921680591637,1.5379578662824166e-07,1.7536544306120757e-05,7.392054152801252e-05,0.008597705596728265,0.00012104879017625135,0.011002217511767859,0.00011520615847969757,0.010733413179399066,0.00012455987081687293,0.011160639355201517
2025-07-02,0.0050407133019087,2.5408790592040193e-05,3.1270221211133474e-05,6.949453678352946e-05,0.00833633833187746,0.00011790175628298793,0.010858257515963966,0.00010676677451202357,0.010332800903531605,0.000121248131264894,0.011011272917555626
2025-07-03,0.0027269012222125,7.435990275704476e-06,3.527914830916148e-05,6.684939201204005e-05,0.008176147748912078,0.00011655764917976358,0.010796186788851126,0.00010469365997622875,0.010231991984761752,0.00011925077040156779,0.010920200108128412
2025-07-04,0.0111335321262687,0.0001239555376066,6.448827800557604e-05,6.328458790785989e-05,0.007955161086229486,0.00011434993686143763,0.010693452990565658,0.00010009931131897207,0.01000496433371814,0.0001168193672832529,0.010808300850885532
2025-07-07,0.0299408010263424,0.000896451566099,0.0003558566382807,6.692484488978773e-05,0.008180760654718346,0.00011901939467192518,0.010909601031748374,0.00010595459559891327,0.0102934248721654,0.00011897281807279864,0.010907466161891068
2025-07-08,-0.007370230654489,5.4320299900370246e-05,6.601735407224413e-05,0.00011669644816234207,0.010802613024742768,0.00016702313342802685,0.012923743011528311,0.00013827515889239616,0.011759045832566355,0.00014941876459692745,0.012223696846573357
2025-07-09,0.0127490656308153,0.0001625386744588,0.0001119172272264,0.00011295387926662372,0.010627976254519188,0.00016157191701653476,0.012711094249376595,0.0001390836488938629,0.011793373092286315,0.00014747412048610095,0.01214389231202669
2025-07-10,-0.0062088902444242,3.855031806730691e-05,8.18859602837377e-05,0.00011592896697815646,0.010767031484032935,0.0001629059663987082,0.012763462163484805,0.00014462704997247552,0.012026098701261166,0.00014752346308581017,0.012145923723036061
2025-07-11,0.0451377161564319,0.0020374134198186,0.0002757737484788,0.00011128624804350543,0.010549229736976317,0.00015704084550465137,0.012531593893222497,0.00014280852286526215,0.01195025200007356,0.00014456755185623946,0.012023624738665103
2025-07-14,-0.0011915331788698,1.4197513163476604e-06,0.0001033078302776,0.00022685387835001198,0.015061669175427138,0.000265405500931263,0.016291270697255725,0.00020386052649023627,0.014277973472808956,0.00021422020849537707,0.014636263474513468
2025-07-15,0.0040845448664588,1.668350676611497e-05,2.249246851548258e-05,0.0002133278307279921,0.014605746496772841,0.0002454341903089084,0.015666339403603777,0.00018590595444672867,0.013634733383778675,0.00020068997702400008,0.014166508992126467
2025-07-16,-0.0036871764591478,1.35952702408939e-05,3.663667029711943e-05,0.00020152917129027945,0.014196097044268169,0.00022866745717154595,0.015121754434309067,0.00017412806349701693,0.013195759299752967,0.00018922331266493902,0.013755846490308732
2025-07-17,-0.0031030552160656,9.628951673952056e-06,2.100713428664654e-05,0.00019025313722731627,0.013793227948066264,0.00021368775729904552,0.01461806270676951,0.00016463053605356124,0.012830843154429145,0.00017952047932649035,0.013398525266852705
2025-07-18,-0.0080809892591265,6.530238740611858e-05,6.447086377239589e-05,0.0001794156860941144,0.013394614070368523,0.000200236049400433,0.014150478769300812,0.00015514678041476782,0.012455793046400852,0.00017062560067787348,0.013062373470310572
2025-07-21,-0.0099707823667983,9.941650100605676e-05,8.595834567186847e-05,0.0001725688881728346,0.013136547802708084,0.00019152126299726155,0.013839120745092932,0.00015580330676531168,0.012482119482095646,0.00016709540800621405,0.01292653890282368
2025-07-22,0.005986211957768,3.583473360332467e-05,6.212159276345118e-05,0.00016817974494282787,0.01296841335487221,0.00018576431214122836,0.013629538221863144,0.00015999408995213726,0.012648877023362084,0.00016663135791559886,0.01290857691287459
2025-07-23,-0.0118862348174813,0.0001412825781363,0.0001202558087675,0.00016023904426245767,0.012658556168159845,0.00017706948712324647,0.013306745925403643,0.00015394102997930593,0.012407297448651173,0.0001597937624772796,0.01264095575806195
2025-07-24,-0.0051552374589312,2.657647325796831e-05,0.0001223318203663,0.0001591016562948885,0.012613550503125142,0.00017538219808227492,0.013243194406270524,0.00016198425039621022,0.012727303343450656,0.0001634344751872415,0.012784149372846106
2025-07-25,-0.0092311772224486,8.521463291225432e-05,3.323159588867459e-05,0.00015115014531267323,0.012294313535642127,0.00016737663885238476,0.012937412370809889,0.00015654346730867421,0.012511733185641158,0.0001577130386434057,0.01255838519250806
2025-07-28,0.0107887564557476,0.0001163972658614,7.914357078367043e-05,0.0001471940145686481,0.012132354040690047,0.00016363896627047191,0.012792144709565785,0.0001592580303899705,0.01261974763574813,0.00015722203967101844,0.01253882130309777
2025-07-29,0.0049028148940966,2.4037593885775746e-05,4.668257561255477e-05,0.00014534620964621535,0.012055961581152096,0.0001621100647945937,0.012732245080683678,0.00016031913258266218,0.012661719179584665,0.00015444427707508098,0.012427561187742388
2025-07-30,-0.0066245661947743,4.3884877268947626e-05,0.0001814149340866,0.00013806769270058894,0.011750220963904847,0.00015551372008595563,0.012470514026532972,0.00015268311166963578,0.012356500785806464,0.00014857404907278642,0.012189095498550597
2025-07-31,0.033803144284395,0.0011426525635116,0.0009712233297123,0.00013241672377469038,0.01150724657660078,0.00015081684641651892,0.012280751052623733,0.00015086347014901254,0.01228264915028564,0.0001459130773389857,0.012079448552768695
2025-08-01,0.0128082353659698,0.00016405089319,0.0018927914850598,0.00019303087415890657,0.013893555130307957,0.00020908404806000352,0.014459738865553677,0.00019039046063419073,0.013798204978698886,0.00018235320017575982,0.013503821687794897
2025-08-04,-0.0039235438622854,1.539419643927794e-05,0.0001274195695756,0.00019129207530077695,0.013830837837990039,0.0002049429542684579,0.014315828801311431,0.0001918583954484502,0.013851295803947377,0.0001784424324190284,0.01335823462958442
2025-08-05,-0.0035444097103752,1.25628401950023e-05,7.152482695910745e-05,0.00018073820256908697,0.013443890901412693,0.00019284226782643774,0.013886765923944918,0.00018074974057506282,0.013444320011628064,0.00017012116226009104,0.013043050343385593
2025-08-06,0.0003551244683859,1.261133880463828e-07,7.419775337744923e-05,0.00017064768082664187,0.013063218624314678,0.00018199707042235974,0.01349062898542391,0.0001702159979415386,0.013046685323925713,0.00016253725978717724,0.012749010149308739
2025-08-07,-0.0071640802943335,5.13240464636582e-05,0.000136428580703,0.00016041638678032611,0.012665559078869204,0.00017171479084714488,0.013103999040260376,0.0001549737505459624,0.01244884534990946,0.00015485177746580757,0.012443945413967693
2025-08-08,-0.0075356538340201,5.678607870618183e-05,0.0001074895765258,0.00015387084636132598,0.012404468806092665,0.00016554424180437353,0.012866399721925848,0.00015393564881043505,0.012407080591760298,0.0001520479755815687,0.012330773519190461
2025-08-11,0.007893105447728,6.23011136089546e-05,0.0001219701825615,0.00014804576030201733,0.012167405652069686,0.00016040618776571558,0.012665156444581155,0.0001536814280722212,0.012396831372258848,0.00014999284608321615,0.012247156653003837
2025-08-12,-0.013834100576486,0.0001913823387603,0.0001830087544961,0.00014290108150043348,0.011954124037353532,0.00015618279142236473,0.012497311367744852,0.000151004038235655,0.012288370039824444,0.00014604883064017868,0.012085066430937758
2025-08-13,0.0045391250425116,2.060365615155621e-05,4.602891532536276e-05,0.0001458099569360273,0.012075179374900701,0.00015978604310469888,0.0126406504225336,0.00016307646934180265,0.012770139754200134,0.00015517811837628418,0.012457050950216274
2025-08-14,-0.0058283022226391,3.3969106798420726e-05,7.449282084840017e-05,0.00013829757888895902,0.011759999102421693,0.00015326665163396585,0.012380090938032962,0.00015461590626179237,0.012434464454160958,0.00014909652641869367,0.01221050885175117
2025-08-18,0.0346658622858259,0.0012017220080198,0.0003156295044231,0.00013203787056352667,0.011490773279615549,0.00014826953061113687,0.012176597661544742,0.0001511557857552588,0.012294542925837414,0.00014560232255907165,0.012066578742919288
2025-08-19,0.0141895793739536,0.0002013441628097,0.0001726996496091,0.00019621891881090592,0.014007816346986633,0.0002101902591131974,0.014497939823064427,0.00019226836423712535,0.013866086839376325,0.0001842605905908581,0.013574262064320775
2025-08-20,0.024647617603702,0.0006075050535383,0.0004352413004891,0.00019652643345083535,0.014018788587136741,0.00020803809374236412,0.014423525704291725,0.0001958536138020797,0.013994770944966541,0.0001815080335012116,0.013472491733202571
2025-08-21,-0.0081989012635016,6.722198192864954e-05,8.153134129673344e-05,0.0002211851506560845,0.014872294734037667,0.00022920936583557594,0.01513966201193329,0.0002174739981194534,0.014746999631092874,0.00019407832434597717,0.01393119967360949
2025-08-22,-0.0068588464349929,4.7043774418815496e-05,8.08217902130519e-05,0.0002119473605324383,0.014558412019600156,0.00021721244681280607,0.014738129013304438,0.00021229801979142792,0.014570450226105846,0.0001879974423797649,0.013711215933671415
2025-08-25,0.0006461731098516,4.175396878953791e-07,4.0327338058505745e-05,0.00020205314536562088,0.014214539928032172,0.00020547350194375803,0.01433434693119146,0.00020482320314529017,0.014311645717571762,0.0001810435380991506,0.013455242030493194
2025-08-26,0.022915337631987,0.0005251126987879,0.0003283690606663,0.00018995500902495736,0.01378241666127379,0.00019245998463163206,0.013872994796785302,0.0001854084244139013,0.013616476211336812,0.0001712380081715257,0.013085794136067008
2025-08-28,-0.0142887591904955,0.0002041686392039,0.0005077925655235,0.00021006447041073748,0.014493601015991073,0.0002107743816593908,0.014518070865627803,0.00020446062937295927,0.01429897301812124,0.00018194674342187568,0.013488763598709694
2025-08-29,0.0020323938242505,4.130624656851668e-06,0.0003338724655089,0.00020971072053833142,0.014481392216853026,0.00020871428922102293,0.014446947401476304,0.00021387669216739647,0.014624523656085228,0.00018793961451140593,0.013709106991755734
2025-09-01,-0.0038800594127264,1.5054861046286988e-05,5.909217565166433e-05,0.00019737591478544261,0.0140490538750993,0.0001955323727794266,0.013983289054418728,0.00019539736732941787,0.013978460835493223,0.00017747725242276013,0.013322058865759457
2025-09-02,0.0103259054847774,0.0001066243240805,0.0001133026834242,0.00018643665156109325,0.013654180735624282,0.00018451386944363552,0.013583588238887232,0.00018378362666097628,0.013556681993060702,0.00016924065720079406,0.013009252753359589
2025-09-03,-0.0046053290650763,2.1209055797636825e-05,4.130308906435927e-05,0.000181647911912261,0.013477681993290278,0.00017998652960049527,0.013415905843456687,0.00018187141193636504,0.013485970930428593,0.00016471800123609882,0.012834251097594234
2025-09-04,0.0007128697625933,5.081832984199018e-07,0.000441016575309,0.00017202158054538353,0.01311569977337784,0.00017113716731989565,0.01308194050284191,0.00017323803166097724,0.01316199193363137,0.00015843031355996617,0.012586910405654208
2025-09-05,-0.0125285639137865,0.0001569649137418,0.0001239792683644,0.0001617307767105657,0.012717341574030545,0.00016214768492708092,0.012733722351578148,0.00015810850013434275,0.012574120252898122,0.00015123182125993057,0.012297634783157717
2025-09-08,-0.0036140506040694,1.30613617687746e-05,3.466488589911593e-05,0.00016144482493244175,0.012706094007697321,0.00016309773217031506,0.01277097224843571,0.00016713924250232677,0.012928234314952942,0.00015708101570962186,0.012533196547953034
2025-09-09,0.0068745708047824,4.725972374996765e-05,6.357365165906331e-05,0.0001525418171426217,0.01235078204579053,0.00015576229302460568,0.012480476474261938,0.00015830203473799707,0.012581813650583014,0.0001510374236789537,0.012289728381008008
2025-09-10,0.0005675250549,3.220846879392902e-07,5.9655308190567566e-05,0.0001462248915390624,0.012092348470791867,0.00015122802977907504,0.012297480627310418,0.00015370197161437157,0.012397659924936301,0.0001464174200644241,0.012100306610347694
2025-09-11,-0.0081664759915256,6.669133012016494e-05,9.914138261309696e-05,0.000137470723127995,0.011724790963083095,0.00014455823529480798,0.01202323730510248,0.00014085645123134314,0.011868296054250717,0.00014059521786226098,0.011857285433954139
2025-09-12,-0.0159541172628088,0.0002545338576354,0.0001916061283424,0.00013322395954752514,0.011542268388298946,0.00014243913938830462,0.01193478694356563,0.00014287626396362933,0.011953085959852767,0.00014063101385802416,0.01185879478943894
2025-09-15,0.0001936876610016,3.751491002429424e-08,3.3842234794878085e-05,0.00014050255343280087,0.011853377300702145,0.00015123826764859162,0.01229789687908431,0.00015958613630439046,0.012632740648979953,0.00015530766031003498,0.01246224940811389
2025-09-16,-3.871526942263531e-05,1.4988720864672403e-09,1.6388321642096762e-05,0.00013207465112143426,0.011492373606937526,0.00014455111019203072,0.012022940995947319,0.00014549152087895619,0.012061986605818968,0.00014845132139332771,0.012184060135822038
2025-09-17,-0.0043491048806054,1.891471326250625e-05,3.2821577994805503e-05,0.00012415026198647338,0.011142273645287724,0.00013864460322497883,0.011774744295524164,0.00013298893564084088,0.01153208288388706,0.00014238315280525713,0.011932441192197728
2025-09-18,0.0066324746728224,4.398972028563101e-05,8.175729968976432e-05,0.00011783612906303531,0.010855235099390308,0.00013450376664838606,0.011597575895349254,0.00012906542953298466,0.011360696701038394,0.0001384882252787596,0.011768102025337799
2025-09-19,-0.0105704816253585,0.000111735081792,0.00013495400565,0.00011340534453639102,0.010649194548715457,0.0001322719521845827,0.011500954403204228,0.00012696938978337848,0.011268069478991442,0.00013519232478343378,0.011627223433968823
2025-09-22,0.0049104269645255,2.411229297394e-05,3.969485441914538e-05,0.00011330512877173007,0.0106444881874015,0.00013414956306751256,0.011582295241769335,0.00013430311929474976,0.01158892226631751,0.00013936200555870955,0.011805168595098909
2025-09-23,-0.0196300727270118,0.0003853397552677,0.0001813226292782,0.0001079535586238626,0.010390070193404018,0.00013083009011413414,0.01143809818606809,0.00012943118928907343,0.011376782905948124,0.0001352311114852306,0.011628891240579671
2025-09-24,0.0107658745899706,0.0001159040556869,0.0002429732472609,0.0001245967304224972,0.0111622905544739,0.00014841828612410785,0.012182704384663852,0.00015393984496108782,0.012407249693670545,0.00016072766616498455,0.012677841542036427
2025-09-25,-0.0044027870191763,1.9384533536227913e-05,7.071358249542075e-05,0.00012407516993836586,0.01113890344416208,0.00014864286831869564,0.01219191815583978,0.00015542441570521313,0.01246693289086025,0.00015752804339624242,0.012551017623931631
2025-09-26,-0.0104949412659645,0.000110143792176,0.0001199572227691,0.00011779373175423754,0.010853282072914052,0.0001433584754393526,0.011973239972511726,0.00014930234246930782,0.012218933769740625,0.00015192596089955772,0.012325824958174513
2025-09-29,-0.0055491971368649,3.079358886379036e-05,0.0003246018788339,0.00011733473537954597,0.010832115923472475,0.0001438480760112459,0.011993668163295411,0.00015498772582055284,0.012449406645320606,0.000154044865840169,0.012411481210563428
2025-09-30,0.0065837621827098,4.334592447848087e-05,6.899253178836144e-05,0.00011214226658860057,0.010589724575672428,0.00013977296742937224,0.011822561796386273,0.0001509825151943036,0.012287494260194126,0.0001497333333582543,0.012236557251051224
2025-10-01,0.0086327647517257,7.452462725863892e-05,0.0001536954421278,0.00010801448606199332,0.010393001783026563,0.00013688785080093627,0.011699908153525663,0.00014670807057923064,0.01211231070354582,0.00014511888457701365,0.01204652998074606
2025-10-03,0.0034243375455333,1.172608762574933e-05,9.162949982372654e-05,0.00010600509453379198,0.010295877550446683,0.00013611149487315023,0.011666683113599608,0.00014573862303170895,0.012072225272571289,0.0001421876643707271,0.011924246910003461
2025-10-06,-0.0012187961131802,1.4854639655033318e-06,4.851785606885217e-05,0.00010034835411930939,0.010017402563504642,0.00013185880296269633,0.011482978836638878,0.0001376704913826982,0.011733306924422381,0.00013727380605249356,0.011716390487368264
2025-10-07,-0.0097253169226831,9.458178924662698e-05,0.0001466970911433,9.441658071008101e-05,0.009716819475017584,0.00012752215835570263,0.011292570936491948,0.00012805536391631719,0.011316154997008356,0.00013260831358844296,0.011515568313741313
2025-10-08,-0.006816388137692,4.6463147243668815e-05,8.694064398381287e-05,9.442649322227373e-05,0.009717329531423421,0.00012898133287495155,0.011356994887511025,0.00013381452438646066,0.011567822802345334,0.0001357381767776495,0.011650672803647415
2025-10-09,0.0069753560511929,4.865559204091379e-05,3.490931983354561e-05,9.15486924635574e-05,0.009568108092175663,0.00012753639040937717,0.011293201070085362,0.00013402896497342653,0.011577087931488926,0.00013475614102445747,0.01160845127587903
2025-10-10,0.0044782229752386,2.0054481015955492e-05,4.578414657193575e-05,8.897510643819876e-05,0.009432661683649994,0.00012638511029961424,0.011242113248834234,0.00013193114435807485,0.011486128345011422,0.00013206233717586306,0.011491837850224961
2025-10-13,-0.0143777476805462,0.0002067196283654,0.0001223484616796,8.483986891286412e-05,0.009210856035834243,0.00012374392569822304,0.011124024707731597,0.00012673509824814839,0.011257668419710556,0.00012862200868287303,0.011341164344231726
2025-10-14,0.0038037576026434,1.4468571899667872e-05,4.190078926618176e-05,9.215265448001938e-05,0.009599617413210767,0.00013201519314906784,0.011489786470995352,0.00014105908252355398,0.011876829649513122,0.00014095358013595696,0.011872387297252266
2025-10-15,0.0066516598513959,4.4244578778672875e-05,4.8534780164666586e-05,8.749160952519826e-05,0.009353694966439641,0.0001283977355531242,0.011331272459575058,0.0001340129219249825,0.011576395031484651,0.00013628313752403432,0.011674036899206475
2025-10-16,0.016731020458578,0.0002799270455853,0.0002111433840535,8.48967876804067e-05,0.0092139452831242,0.00012689507663658984,0.011264771486212662,0.00013148227144434875,0.011466571913364027,0.000133250546971353,0.011543420072550119
2025-10-17,0.0163404737892797,0.0002670110836581,0.0001629715946429,9.659860315470364e-05,0.009828458839243498,0.00013895598813258703,0.011787959455842517,0.00014329998530404357,0.011970797187491047,0.00013927459439734297,0.01180146577325643
2025-10-20,-0.0035782230543952,1.2803680227005366e-05,8.124855333535591e-05,0.00010682335198490965,0.010335538301651716,0.0001488715563577302,0.012201293224807369,0.00015389088867803844,0.012405276646574169,0.00014412784256895408,0.012005325591959349
2025-10-21,-0.0010412973608787,1.0843001937730026e-06,2.497153537714805e-05,0.00010118217167943538,0.010058934917745286,0.00014318657837427312,0.01196605943384342,0.0001464633786923568,0.01210220553008239,0.00013955559016528787,0.01181336489596795
2025-10-23,0.0038127053825507,1.453672233413128e-05,0.0002632985887974,9.517629939029563e-05,0.009755834120683666,0.0001375012900040362,0.011726094405386484,0.00013551222852535317,0.011640971975112437,0.000134596096501798,0.011601555779368472
2025-10-24,-0.0332973539826925,0.0011087137822487,0.0006762308261689,9.033792476692577e-05,0.009504626492762657,0.00013324558505734064,0.011543205146636728,0.00012907389651989703,0.011361069338750513,0.0001306601730029563,0.011430668090840373
2025-10-27,-0.0018297402019153,3.34794920650532e-06,2.0576771538267744e-05,0.00015144047621583394,0.012306115399094628,0.00019164155331079225,0.013843466087320481,0.0001839533769343143,0.013562941308370921,0.00021308022481335217,0.01459726771739671
2025-10-28,-0.0058694672094788,3.4450645323147265e-05,0.0001118831834769,0.00014255492459527418,0.011939636702817811,0.00018041345108453134,0.013431807439229143,0.0001697935414246949,0.013030485080176214,0.0001998315813636929,0.014136179871651779
2025-10-29,-0.0036106734671387,1.3036962886299457e-05,5.06113568796702e-05,0.00013606866783894654,0.011664847527462437,0.00017226629433244548,0.013125025498354106,0.00016487996254681587,0.012840559277025898,0.00019053328137381872,0.013803379346153562
2025-10-30,-0.0074631799211612,5.5699054535624595e-05,0.0001042840667495,0.0001286867655417877,0.011344018932538315,0.0001638563376210559,0.012800638172413744,0.00015629138905092122,0.01250165545241594,0.00018063609019330505,0.013440092640800696
2025-10-31,-0.0016615838325293,2.760860832523053e-06,4.1959746988198506e-05,0.00012430750288141786,0.011149327463188884,0.00015885409656894633,0.012603733437713855,0.00015568948658658868,0.01247755932009897,0.0001752045737247505,0.01323648645693979
2025-11-03,-0.0022333553826933,4.987876265405406e-06,7.149160169177678e-05,0.00011701470435848415,0.010817333514248515,0.000151430243468659,0.01230569963344868,0.00014469286943508833,0.01202883491594628,0.00016627116437684613,0.012894617651440702
2025-11-04,-0.0058298909857316,3.398762890551564e-05,2.9028094031119368e-05,0.0001102930946728994,0.010502051926785518,0.00014500181627749177,0.012041669995374054,0.00013595971247105172,0.011660176348196957,0.00015853997582938043,0.012591265854924216
2025-11-06,-0.0039740946763578,1.5793428496655468e-05,5.895194075929255e-05,0.0001057147667268563,0.010281768657524653,0.00014097310256298005,0.011873209446606256,0.00013427558463414516,0.011587734232115662,0.00015395989640439622,0.01240805772086817
2025-11-07,-0.0012419514443935,1.5424433902311825e-06,3.688548177915654e-05,0.00010031948643304425,0.010015961583045546,0.0001363824262133279,0.011678288668008165,0.00012959478047150575,0.01138397032987638,0.00014848867343505965,0.01218559286350318
2025-11-10,-0.0021564515662991,4.650283357794181e-06,3.953098878318335e-05,9.439286385047546e-05,0.009715598995969084,0.00013151955213308442,0.011468197423007873,0.00012094932917560734,0.010997696539530782,0.00014253634246897648,0.011938858507787772
2025-11-11,0.0077332280001426,5.980281530218999e-05,5.7744224590233274e-05,8.900830902091456e-05,0.009434421499006421,0.00012740238924129814,0.011287266686018283,0.00011469982050879638,0.010709800208631177,0.00013751166335178785,0.011726536716003913
2025-11-12,-0.0012365761311578,1.5291205281492811e-06,2.121029432823321e-05,8.725597939779105e-05,0.009341090910476734,0.00012689999943322965,0.011264989988154879,0.00011527041521889076,0.010736406066225829,0.0001349124309225983,0.011615181054232357
2025-11-13,-0.0069948768312875,4.892830188488299e-05,4.1702013016284104e-05,8.211236786561254e-05,0.009061587491472591,0.0001231462363652755,0.011097127392495569,0.0001082176031256699,0.01040276901241539,0.0001305222310501642,0.01142463264399185
2025-11-14,0.0083138438003462,6.911999873655564e-05,9.05373743066426e-05,8.012132390676874e-05,0.008951051553128758,0.0001225242915141092,0.011069069134941259,0.00011074875911463487,0.010523723633516554,0.00013033295330485922,0.011416345882324134
2025-11-17,-0.001112798629286,1.238320789340852e-06,3.071863070304755e-05,7.946124439655592e-05,0.008914103678808988,0.0001231221099008289,0.011096040280245422,0.000112362845279237,0.010600134210435121,0.00012890450852295646,0.011353612135481661
2025-11-18,-0.0086975189272406,7.564683548970914e-05,2.7331282911783437e-05,7.476786898012302e-05,0.008646841560947154,0.00011979401021181422,0.010945045007299615,0.00010544150339786263,0.010268471327216267,0.00012518338944495465,0.011188538306899372
2025-11-19,0.0155196615703376,0.0002408598952578,9.620496520192114e-05,7.482060697069814e-05,0.008649890575648812,0.0001210821435840542,0.011003733165796697,0.0001108933975101645,0.010530593407313972,0.00012769191260777565,0.011300084628345738
2025-11-20,-0.0054210803059827,2.9388111683913993e-05,6.991898162502145e-05,8.478296426792509e-05,0.009207766518973268,0.00013160426011737033,0.011471889997614618,0.00012195165276330364,0.011043172223745477,0.00013291261657609674,0.01152877342027749
2025-11-21,0.0021802088339948,4.753310559828966e-06,5.579626104461073e-05,8.145927311288438e-05,0.00902547910711029,0.00012888238866274625,0.011352637960524693,0.00012083577962142798,0.010992532902904043,0.00013092467644622866,0.011442232144395107
2025-11-24,-0.0039112423077318,1.52978163897919e-05,6.22112040889157e-05,7.685691535970105e-05,0.008766807592259628,0.0001250797441305057,0.011183905584835098,0.00011390956897623608,0.010672842591186102,0.0001270500251124427,0.011271646956520715
2025-11-25,-0.0041749197790624,1.7429955161607074e-05,2.0482778888932363e-05,7.316336942150646e-05,0.008553558874615085,0.00012232114844069035,0.011059889169457817,0.00011110320937017706,0.010540550714748118,0.000124638567225119,0.011164164421268571
2025-11-26,0.0045873666899987,2.104393314851012e-05,2.156559868525898e-05,6.981936456591246e-05,0.008355798260244945,0.0001200065456352847,0.01095474991203746,0.00010896413151576141,0.010438588578718936,0.00012267099508079726,0.01107569388710239
2025-11-27,0.0108676609280939,0.000118106054048,7.28066575843989e-05,6.689283868086828e-05,0.008178804232946786,0.00011816814300245062,0.010870517145124726,0.00010614829327030522,0.010302829381791452,0.00012034854262134562,0.010970348336372261
2025-11-28,0.0060591351652017,3.67131189501847e-05,3.1018199202800204e-05,6.996563160289731e-05,0.008364546108600114,0.00012205842631903669,0.011048005535798608,0.0001113130306820376,0.010550499072652327,0.00012187953029081959,0.01103990626277323
2025-12-01,-0.0008518380550479,7.256280720279472e-07,5.026899061543583e-05,6.79704808437345e-05,0.008244421195192208,0.00012086993337922857,0.010994086291239876,0.00011007457459030169,0.010491643083440349,0.00012022711696259462,0.010964812673392766
2025-12-02,0.0053821957212382,2.8968030781715147e-05,3.513424196081282e-05,6.393578967743209e-05,0.007995985847750863,0.00011777631605170647,0.010852479719018437,0.00010301665615007418,0.010149712121536954,0.00011746514191665618,0.010838133691584368
2025-12-03,-0.012099729241572,0.0001464034477193,0.0004041083011422,6.183772414368905e-05,0.007863696595348083,0.00011664906992060786,0.010800419895569239,0.00010167813775659447,0.01008355779259456,0.00011603485358532031,0.010771947529825807
2025-12-04,0.0057838396301893,3.345280086774894e-05,0.0002143532856658,6.691166755822887e-05,0.008179955229598072,0.00012232455607697731,0.011060043222202042,0.00011292262443985593,0.010626505749297646,0.00012511321499263667,0.0111854018699659
2025-12-05,-0.0515027013477328,0.0026525282461137,0.0011918114293558,6.490413555680002e-05,0.008056310294222786,0.00012091971515426159,0.010996350083289527,0.00011120361202876325,0.01054531232485616,0.00012296802002050274,0.011089094643860821
2025-12-08,-0.0105749348518974,0.0001118292471218,0.0001875735836329,0.0002201615821902176,0.014837842908934492,0.0002684531017077412,0.016384538495415157,0.0002137728494422005,0.014620972930766286,0.00032663583920816534,0.018073069446227594
2025-12-09,-0.0032463325555472,1.053867506120597e-05,7.025995953639571e-05,0.000213661642086117,0.014617169427974658,0.0002543967796806415,0.015949820678635904,0.00021414362588283265,0.01463364704654423,0.0003087700378232839,0.017571853568229046
2025-12-10,-0.0020832615023232,4.339978487062095e-06,3.253161909755797e-05,0.0002014742640646223,0.014194163027971121,0.0002362319723167467,0.015369839697171428,0.00019896082182469747,0.014105347277706333,0.00028506427900350473,0.016883846688580915
2025-12-11,0.0016930138387629,2.8662958582429477e-06,3.0002668290491263e-05,0.00018964620692996865,0.013771209348854176,0.0002198411490182768,0.01482704114172065,0.00018338424242757986,0.01354194382013084,0.0002636047276646072,0.016235908587590876
2025-12-12,-0.0197106738420189,0.0003885106633064,0.0002876908539598,0.00017843941226566506,0.013358121584476803,0.0002052850737489909,0.014327772811884996,0.00016836423537297112,0.012975524473907447,0.0002443835659868018,0.01563277217856135
2025-12-15,0.0144487154349692,0.0002087653777207,0.0001538818734701,0.00019104368732811208,0.01382185542277563,0.0002143388285547216,0.014640315179487141,0.00019197837672348266,0.013855626175798864,0.00025755951408563846,0.016048660819072677
2025-12-16,-0.0054212538249926,2.9389993034997954e-05,4.905925509236616e-05,0.0001921069887516684,0.013860266546919955,0.00021212264934482718,0.014564430965363088,0.00019602051916235052,0.01400073280804796,0.000246641494615955,0.015704823928206102
2025-12-17,-0.0024140111984291,5.827450066141236e-06,2.228429615326895e-05,0.00018234396900866808,0.013503479885150644,0.0001999766339994642,0.014141309486729446,0.00018740078474138163,0.013689440629236157,0.00023155894779569434,0.015217061076163635
2025-12-18,-0.0044482638084741,1.9787050909780544e-05,3.713224821761933e-05,0.00017175297787211646,0.013105456034496338,0.00018791380016186044,0.013708165455736972,0.000173916062856791,0.013187723945275433,0.00021637597453205576,0.014709723808829851
2025-12-19,0.0063799603718273,4.070389434608739e-05,3.104654679800573e-05,0.0001626350222543763,0.012752843692854402,0.00017805581739494534,0.01334375574547681,0.00016587224139868548,0.012879139777123528,0.00020402951778987437,0.014283890149041134
2025-12-22,0.0041579895024169,1.7288876702209352e-05,1.5508792046167803e-05,0.0001553191545798789,0.012462710563111016,0.000170539818339757,0.013059089491222465,0.00015976764537604146,0.012639922680777816,0.00019306578960984444,0.013894811607569368
2025-12-23,0.005705432314564,3.2551957896071735e-05,5.8771287565575475e-05,0.00014703733790721873,0.01212589534455987,0.00016257346194129246,0.012750429872803993,0.00015113819909826756,0.012293827682958126,0.00018249934072916193,0.013509231685375817
2025-12-24,-0.0088990250620951,7.919264705579783e-05,4.970124121973054e-05,0.00014016821510654987,0.011839265817885409,0.00015640652845473184,0.01250625957090016,0.00014561595388457737,0.012067143567745325,0.0001737134196987062,0.013180038683505682
2025-12-26,0.0014011497765944,1.9632206964507213e-06,1.5576813471927875e-05,0.00013650968102350467,0.011683735747760845,0.00015361077665060425,0.012393981468866421,0.00014859098718814003,0.01218979028483017,0.00017091063673881207,0.013073279494404304
2025-12-29,0.0034508099331093,1.1908089194446092e-05,2.4064450232284813e-05,0.00012843689340388142,0.011333000194294599,0.00014675531725968582,0.01211426090439222,0.00013748602039201049,0.011725443291919095,0.0001623289163383745,0.01274083656352182
2025-12-30,-0.0013527056009136,1.8298124427431309e-06,1.546819284132593e-05,0.00012144516515131529,0.011020216202566775,0.00014126716075065724,0.011885586260284228,0.00013036142128040244,0.01141759262193228,0.00015510271661973405,0.012454024113503798
