date,log_return,realized_var_proxy,parkinson_var_proxy,ewma_forecast_variance,ewma_forecast_volatility,garch_forecast_variance,garch_forecast_volatility,egarch_forecast_variance,egarch_forecast_volatility,gjr_garch_forecast_variance,gjr_garch_forecast_volatility
2022-01-03,0.0275096742830099,0.0007567821791572,0.0003641937190851,0.00038951840944980505,0.01973622074891252,0.00045147629771690183,0.021247971614177713,0.0005165739388348461,0.022728262996429053,0.0005063357653818961,0.02250190581666131
2022-01-04,0.0055427089368212,3.072162235831825e-05,0.0001472856773784,0.00041155423563225455,0.020286799541382926,0.0004690026274191089,0.02165646848909371,0.0005134196789587346,0.022658766051105575,0.0005022010701006064,0.02240984315207508
2022-01-05,0.0247607507905618,0.0006130947797123,0.0004186092102197,0.0003887042788358183,0.01971558466888107,0.000452441476567786,0.021270671746980302,0.0004875096056010952,0.0220796196887785,0.0004848845704986145,0.02202009469776673
2022-01-06,-0.0122607683586042,0.0001503264407433,0.0001987955541751,0.0004021677088884076,0.020054119499205336,0.0004634033818005276,0.021526806121682975,0.00048312271634051333,0.02198005269194124,0.00047952646119221373,0.0218980926382234
2022-01-07,-0.0024960519571164,6.230275372624888e-06,0.0001830145445042,0.00038705723279970416,0.01967377017248357,0.0004526541310360101,0.02127566993154411,0.00048820511581085935,0.022095364124876046,0.00047270959212418684,0.021741885661648273
2022-01-10,0.0074696937992671,5.5796325454810785e-05,0.0001018122056407,0.0003642076153540794,0.01908422425340049,0.00043617127959489656,0.020884714017551126,0.00046552412798251595,0.021576008156805,0.0004571992695231751,0.021382218536044734
2022-01-11,-0.0337524981383584,0.0011392311305798,0.0006883262007654,0.0003457029379601232,0.018593088445982373,0.0004231237484150621,0.02056997200812539,0.0004451456619948817,0.02109847534763784,0.0004433689491861668,0.021056328008134912
2022-01-12,0.0148852967542596,0.0002215720594623,9.370072508096386e-05,0.00039331462951730907,0.01983216149382888,0.0004599917482325767,0.021447418218344526,0.0005159936355450623,0.022715493293016163,0.0005017821018191456,0.022400493338744696
2022-01-13,0.0624687394573318,0.003902343409388,0.0013739008266691,0.00038301007531401276,0.019570643201336353,0.00045271003387347504,0.02127698366483076,0.0004995325363643346,0.022350224526038538,0.0004880316353449615,0.022091438055159774
2022-01-14,-0.0062017851319565,3.846213882295718e-05,9.9500627735774e-05,0.0005941700753584523,0.024375604102431028,0.000612321431171935,0.02474512944342654,0.0005356314345863765,0.023143712636186455,0.0005434369284670613,0.023311733707878986
2022-01-17,0.0132197392885417,0.000174761506857,0.0007267371059332,0.0005608275991663225,0.023681798900554885,0.0005857194868723074,0.024201642235028336,0.0005200516975355159,0.022804642017262976,0.0005252250277812683,0.022917788457468325
2022-01-18,-0.0287901461563197,0.0008288725157022,0.0004701639842039,0.0005376636336277639,0.023187574983765852,0.0005672067119969852,0.023816101947988576,0.0005015710910545419,0.022395782885501946,0.000509032883427928,0.022561757099745755
2022-01-19,0.0122689412998724,0.0001505269206197,0.0003586663249732,0.0005551361665522332,0.023561327775663093,0.0005796009266777958,0.024074902423017124,0.0005566413230949001,0.02359324740460499,0.0005433274830219416,0.023309386157124377
2022-01-20,-0.0024004388260873,5.762106557787748e-06,0.0001794526926449,0.000530859611796282,0.023040390877680048,0.0005604363832037261,0.023673537614892416,0.0005345248203177631,0.023119792826013022,0.0005254707158446241,0.022923148035220296
2022-01-21,-0.0311419216701835,0.0009698192853118,0.0005953984439609,0.0004993537614819722,0.022346224770237417,0.0005361181282092422,0.023154224845786615,0.0005080494481130779,0.022539952265102026,0.0005063883565083946,0.022503074379035294
2022-01-24,-0.0621647608298663,0.0038644574890344,0.0015419000423127,0.0005275816929117646,0.0229691465429555,0.000557136850296178,0.02360374653092551,0.0005707518355874095,0.02389041304765176,0.000549811624966684,0.023448062285969046
2022-01-25,0.0089663358576622,8.039517871239957e-05,0.0003411174080295,0.0007277942406791276,0.026977661883104836,0.0007074648894277448,0.026598212147205397,0.0007494129474014708,0.027375407712059208,0.0007741495678255396,0.027823543408874787
2022-01-27,-0.0188862181455888,0.0003566892358427,0.0005470975997013,0.0006889502969611238,0.02624786271225,0.0006758603268291711,0.025997313838725167,0.000708342041587278,0.026614695970220627,0.0007394956710008422,0.0271936696861759
2022-01-28,-0.003405394648957,1.1596712715145496e-05,0.0005947884279497,0.0006690146332940224,0.02586531718912456,0.0006590351687895822,0.0256716802876162,0.0007237925226990193,0.026903392401312873,0.0007283303499460289,0.026987596223932743
2022-01-31,0.0008294336311648,6.879601485073332e-07,0.0003482118415544,0.0006295695580592896,0.02509122472218703,0.000627832189808019,0.025056579770751215,0.0006852884345951824,0.026178014336369793,0.0006959988302685201,0.026381789747257862
2022-02-01,0.072649467520247,0.0052779451309754,0.0021904292433804,0.0005918366621846426,0.024327693318205133,0.0005983983766359453,0.024462182581199605,0.0006399951431611107,0.025298125289457924,0.0006651142811786187,0.025789809638278035
2022-02-02,0.0001284526433436,1.6500081581983422e-08,0.0001231237525783,0.0008730031703120898,0.029546627054743316,0.0008096224040295471,0.028453864483221732,0.0006849163146440447,0.02617090588122705,0.0007341308238964076,0.02709484865978047
2022-02-03,-0.0007711151516264,5.94618577067931e-07,0.0003336432222806,0.0008206239700982592,0.028646535045241672,0.0007669784011676005,0.027694374901188878,0.0006388437584920755,0.025275358721333224,0.0007006737012721467,0.026470241806076246
2022-02-04,0.0082803009567621,6.856338393455617e-05,0.0001945877826512,0.0007714222090069877,0.02777448845626122,0.0007274522303528633,0.026971322369377132,0.0005990360264279633,0.024475212489945074,0.0006695002975619178,0.02587470381592643
2022-02-07,0.0056797569460606,3.225963896632363e-05,0.0007346915049445,0.0007292506795026417,0.027004641814003787,0.000693863801151119,0.02634129459899644,0.0005693585449990112,0.023861235194327455,0.0006416530669402806,0.02533087181563794
2022-02-08,0.0304693094628316,0.0009283788191417,0.0006524216886114,0.0006874312170704626,0.026218909532443612,0.0006610696690880632,0.025711275135396595,0.0005392003161120237,0.023220687244610648,0.0006150024752830818,0.024799243441748012
2022-02-09,0.0022522607930025,5.072678679696623e-06,0.0001616527443941,0.0007018880731947428,0.026493170312266195,0.0006711563248312815,0.025906684944841583,0.0005379816439430564,0.02319443131320655,0.0006067530415081056,0.024632357611647848
2022-02-10,0.0210473972795095,0.0004429929322415,0.0001871800212181,0.0006600791495238401,0.025692005556667626,0.0006387796824181273,0.025274091129418034,0.0005067379542139465,0.022510840815348203,0.0005819416062218041,0.024123465883280622
2022-02-11,0.0048746968370853,2.3762669253490273e-05,0.0002345522709666,0.0006470539764869,0.025437255679158867,0.0006285436752430681,0.025070773327583416,0.0004973246419784521,0.022300776712447755,0.0005669139537771183,0.023809954930178224
2022-02-14,-0.0553945813191026,0.0030685596395186,0.0005651383414992,0.0006096564980528953,0.024691223097548152,0.0006001012204263054,0.024496963493998707,0.0004719825247162633,0.021725158796111557,0.0005451237236800033,0.023347884779568433
2022-02-15,0.0174563976239453,0.0003047258180052,0.0009441190418872,0.000757190686540842,0.02751709807630234,0.0007113409761813287,0.02667097628849249,0.0006181675545297103,0.024862975576742826,0.0007192312489537563,0.02681848707428807
2022-02-16,-0.0132943191712545,0.0001767389222271,0.0002460761940285,0.0007300427944287084,0.027019304107039996,0.0006895947949625715,0.026260136994360323,0.0005973431650040673,0.024440604841207744,0.0006924230337080748,0.026313932311763568
2022-02-17,-0.000713488300262,5.090655546108701e-07,0.0001370656898357,0.000696844562096617,0.02639781358553426,0.0006636404076898379,0.025761219064513192,0.0005996693991987721,0.024488148137390302,0.000672989979912218,0.025942050418427183
2022-02-18,-0.0001259975238992,1.5875376028751583e-08,0.000122454461891,0.0006550644323040966,0.02559422654240789,0.0006316024030735851,0.02513170115757358,0.0005630036722539818,0.02372769841880965,0.0006436697875497993,0.025370648149974397
2022-02-21,-0.007544285594547,5.691624513208951e-05,0.0001946215584531,0.0006157615188884124,0.02481454248799305,0.0006018648712039971,0.02453293441893972,0.0005276946918300746,0.022971606209189522,0.0006162867889557586,0.024825124147841812
2022-02-22,-0.0371937555397861,0.0013833754511533,0.0006204986969557,0.000582230802463033,0.024129459224421772,0.0005768551275188692,0.024017808549467397,0.0005165593905541303,0.022727942945944983,0.0005943558217538684,0.02437941389274706
2022-02-23,0.0002634290058335,6.939484111443153e-08,9.546396276892026e-05,0.0006302994813844531,0.025105765899180472,0.0006136125064596173,0.02477120316939848,0.0005996255880130418,0.024487253582487396,0.0006581368319035179,0.025654177669602235
2022-02-24,-0.0587606326176119,0.0034528119456219,0.0008427850160606,0.0005924856761918527,0.02434102865927923,0.0005851816660595438,0.024190528436963583,0.0005611224067073379,0.023688022431333052,0.0006297828153192521,0.02509547400068889
2022-02-25,0.0643202383018534,0.0041370930552072,0.0008683940126313,0.000764105252357659,0.027642453804929457,0.0007148707049365469,0.026737066124325363,0.0007255092811584158,0.026935279489146122,0.0008226091987905386,0.028681164529888576
2022-02-28,0.0637550868843062,0.0040647111036254,0.0023916565142685,0.0009664845205286322,0.031088334154930723,0.0008660857029470036,0.02942933405544549,0.0007566845901466743,0.027507900504158335,0.0008599031326074778,0.029324104975386338
2022-03-02,0.0546728730889267,0.0029891230517978,0.0014956080207357,0.0011523781155144404,0.03394669520755209,0.0010030660193232996,0.0316712175219599,0.0007858302601442816,0.028032664164226017,0.0008933514204162086,0.0298889849345241
2022-03-03,0.0107612745580775,0.0001158050301143,0.0002570380532584,0.0012625828116914473,0.035532841311826546,0.0010815003046934866,0.03288617193735821,0.0008013225349785923,0.02830764092923662,0.0009046152453713886,0.030076822394850634
2022-03-04,-0.0203076758188706,0.0004124016971643,0.0004711216032252,0.0011937761447968198,0.034551065754862324,0.0010243785418450496,0.03200591416980696,0.000758155539162359,0.027534624369370993,0.0008618584864919417,0.02935742642828117
2022-03-07,0.0115221947904367,0.0001327609727887,0.0003131651078082,0.001146893677938871,0.033865818725358925,0.0009848038342602486,0.03138158431724327,0.0007763194218587308,0.02786250925273477,0.0008460160412309271,0.02908635489763073
2022-03-08,-0.0174909148815731,0.0003059321033944,0.000560070103697,0.0010860457156298645,0.03295520771638171,0.0009354589746649692,0.030585273820336628,0.0007361880137621791,0.027132784850843805,0.0008075078692819888,0.028416682939463374
2022-03-09,-0.0112086402479073,0.000125633616207,0.0001799071443514,0.0010392388988957387,0.03223722846176046,0.0008975186989059977,0.029958616438447182,0.0007452747627480467,0.02729972092802501,0.0007885528709035528,0.02808118357376613
2022-03-10,0.0416196859984911,0.0017321982626129,0.0011720858237744,0.000984422581934415,0.03137550926972206,0.0008541798902074456,0.029226356088425488,0.0007316711293964768,0.027049420130503293,0.000759420251132267,0.027557580647296798
2022-03-11,-0.0053630593089108,2.8762405150895275e-05,0.000396547565233,0.0010292891227751298,0.03208253610260775,0.000886597400094803,0.029775785465622952,0.0007328486331339489,0.02707117716564887,0.0007563756819393379,0.02750228503123582
2022-03-14,-0.0036172255685695,1.3084320813913607e-05,0.0002487622144383,0.0009692575197176756,0.031132900920371614,0.0008396719593145047,0.02897709370027479,0.000700145913027511,0.026460270463990177,0.0007232513828571377,0.02689333342776863
2022-03-15,-0.0499955766504568,0.0024995576846117,0.0009595068293619,0.0009118871277834498,0.030197468896969656,0.0007954400007290928,0.02820354588928656,0.0006642688613446336,0.025773413847308503,0.000691355331264738,0.026293636706715525
2022-03-16,0.0252114377945178,0.0006356165956668,0.0002198426634328,0.001007147361193145,0.03173558509297008,0.0008667996306148309,0.029441461081522957,0.0007975591757238341,0.028241090200695762,0.0008195094218286739,0.028627074978570095
2022-03-17,0.0297448281366333,0.0008847548008778,0.0004695389599152,0.0009848555152615667,0.031382407735251396,0.000848738406586092,0.02913311529147015,0.0007732428686253214,0.027807244894547202,0.0007921025891551968,0.028144317173369064
2022-03-21,-0.0003837014377428,1.4722679332591053e-07,0.0003258498436556,0.0009788494723985438,0.03128657016035065,0.0008432472887265686,0.029038720507738775,0.000756512126612877,0.02750476552550261,0.0007711542292094928,0.027769663829608972
2022-03-22,-0.0007293162801746,5.319022365277732e-07,0.0003704746376125,0.0009201273376622307,0.030333600802776955,0.0007981713810845003,0.02825192703311582,0.0007051596270532945,0.02655484187588573,0.0007352204533640801,0.0271149488910468
2022-03-23,0.0220290631174192,0.0004852796218312,0.0006365725241404,0.0008649516115366885,0.029410059699645094,0.0007563808759302824,0.02750237945942646,0.0006594906450061896,0.025680549935820876,0.0007017236483024363,0.026490066974291255
2022-03-24,0.0145811366072907,0.0002126095447604,0.0002252005980152,0.0008421712921543615,0.029020187665732996,0.0007395300428694204,0.027194301661734584,0.0006410628076326707,0.025319218148131484,0.0006794378973666158,0.026066029566595213
2022-03-25,-0.0086260619353328,7.440894451219874e-05,0.0002084806724234,0.0008043975873107281,0.02836190380264922,0.0007115766331221127,0.02667539377632714,0.0006152668985591917,0.02480457414589478,0.0006535937372736516,0.025565479406294174
2022-03-28,0.0,0.0,0.0001505205477132,0.0007605982687428163,0.027578946113708123,0.0006794033994215582,0.026065367816732573,0.0006017165455752012,0.024529911242709403,0.0006302689465493978,0.025105157767865108
2022-03-29,-0.0032166832379801,1.034705105350275e-05,7.404302682948126e-05,0.0007149623726182473,0.02673878031283864,0.0006461995645743852,0.025420455632706215,0.0005627478355695948,0.02372230670844627,0.000603784652625678,0.024572029884111692
2022-03-30,-0.0201315043571371,0.0004052774676814,0.0002625198492037,0.0006726854533243625,0.02593618039196139,0.0006158706876640717,0.024816742084005944,0.0005364656222346948,0.023161727531311106,0.000579735586572382,0.024077698946792694
2022-03-31,-0.000649990325803,4.224874236375477e-07,8.70036580417282e-05,0.0006566409741857865,0.025625006813380296,0.0006055909081340248,0.02460875673686147,0.0005631616514266112,0.02373102718861135,0.0005823820211914897,0.024132592508710905
2022-04-01,0.0075448561702887,5.6924854630344615e-05,0.0002589190363469,0.0006172678649800575,0.024844876030684023,0.0005777575950675421,0.024036588673677098,0.000529355941573262,0.023007736559106852,0.0005591396163600457,0.02364613322215803
2022-04-04,0.0186541730602704,0.0003479781725625,0.0003169640661903,0.0005836472843590747,0.02415879310642555,0.000554496024695372,0.023547739269309316,0.0005042842759050831,0.02245627475573549,0.0005384860903934264,0.023205303066183524
2022-04-05,0.0022331861661036,4.987120452476554e-06,0.0001651456793251,0.0005695071376512812,0.02386434867435693,0.0005460760854557,0.023368270912836064,0.0004925285357570889,0.02219298393089782,0.0005246146345451581,0.022904467567379908
2022-04-06,0.0190382306899103,0.0003624542278022,0.000307429184219,0.000535635936619353,0.023143809898531247,0.0005227639278373198,0.022864031312026314,0.00046492475699482476,0.021562113926858487,0.0005053162657526441,0.02247924077349242
2022-04-07,-0.0156238217436983,0.0002441038058788,0.0003115880328116,0.0005252450340903263,0.022918224933234387,0.0005172988697417925,0.02274420519037305,0.00045604654566625333,0.02135524632651783,0.0004939401343813815,0.022224763989329144
2022-04-08,0.0156238217436983,0.0002441038058788,0.0001082419237316,0.0005083765603976383,0.022547207374698054,0.0005068807734185045,0.022514012823539577,0.0004719819644655836,0.021725145902055147,0.0004921110799469624,0.022183576806884917
2022-04-11,-0.0094185905428203,8.87098478133052e-05,0.0001850899850083,0.0004925201951265116,0.02219279601867488,0.0004972179919555277,0.02229838541140429,0.0004592313157611299,0.021429683053212193,0.0004794275956691773,0.021895835121528873
2022-04-12,-0.0281183557053111,0.0007906419275704,0.000834046906108,0.0004682915742877192,0.021640045616581293,0.0004812321976949694,0.02193700521253914,0.0004575054462480955,0.02138937694857182,0.0004687042737702554,0.021649579066814566
2022-04-13,-0.0005681467188587,3.227906941499838e-07,0.0001958164461058,0.0004876325954846801,0.022082404658113664,0.0004981316248124746,0.022318862534019844,0.0005107152936530115,0.022599010899882577,0.0005032785638415349,0.022433870906322317
2022-04-18,0.0147448158627841,0.0002174095948274,0.0001704005248595,0.0004583940071972483,0.021410137953718288,0.0004780846333224787,0.02186514654244235,0.00048097452977175815,0.021931131520552198,0.0004853407180175839,0.02203044979154043
2022-04-19,-0.0093784166555223,8.795469896457925e-05,0.0006699601070334,0.000443934942455058,0.021069763701927414,0.0004693030428195994,0.02166340330648902,0.0004667444522223394,0.021604269305448388,0.0004726169400116862,0.021739754828693128
2022-04-20,-0.0093531633050335,8.74816638106254e-05,0.0002310327402173,0.0004225761278456292,0.0205566565337272,0.00045530695851716207,0.021337923013197934,0.00046449385151326936,0.021552119420448407,0.00046230291826870174,0.021501230622192342
2022-04-21,-0.0092493797758471,8.555102623784952e-05,0.0002887135790605,0.0004024704600035289,0.020061666431369276,0.0004423042137325208,0.021031029782978314,0.0004622971013549694,0.02150109535244587,0.00045265132377762986,0.021275603957999167
2022-04-22,-0.0190726101331847,0.0003637644572924,0.0003084593012427,0.0003834552939775881,0.019582014553604747,0.00043015690969617376,0.0207402244369769,0.00045993285940819313,0.021446045309291714,0.00044352511405330684,0.021060035946154194
2022-04-25,-0.0458065193002941,0.0020982372104082,0.0005921361364079,0.00038227384377648036,0.019551824563873325,0.00043146510633974757,0.020771738163662366,0.0004857665378039965,0.022040112018862256,0.0004526801501320459,0.02127628139812138
2022-04-26,0.010799085827514,0.00011662025471,6.612826657012586e-05,0.00048523164577438457,0.022027974164102893,0.0005110739504060744,0.02260694473842218,0.0005980283208580758,0.02445461757742443,0.0005713718478464914,0.02390338569840037
2022-04-27,0.010563291113388,0.0001115831191461,0.0004722413990841,0.0004631149623105223,0.021520106001377465,0.000495345102655865,0.022256349715437728,0.0005712131135015712,0.023900065135927375,0.0005510036756751904,0.02347346748299429
2022-04-28,0.0112861141914259,0.0001273763735419,0.0001504733102109,0.0004420230517206619,0.02102434426374963,0.0004805289299560702,0.0219209700961447,0.0005461737293905451,0.023370360061208836,0.000531909616523765,0.023063165795782783
2022-04-29,0.0080572583961341,6.491941286207475e-05,0.0001497056775432,0.0004231442510299365,0.020570470364819966,0.0004675007645970816,0.021621765991636337,0.000523775086917661,0.022886133070435053,0.0005143902732143967,0.022680173571081787
2022-05-02,0.0188217972057181,0.0003542600500531,0.000646397491056,0.0004016507607398647,0.02004122652783169,0.0004525941865765184,0.021274261128803474,0.0004996582236668876,0.022353036117424577,0.000496889352430808,0.022291015060575594
2022-05-04,-0.0264825448630515,0.0007013251824235,0.0012318643871189,0.0003988073180986635,0.019970160692860322,0.00045184608990907584,0.021256671656425325,0.0004883739985475999,0.022099185472491966,0.00048592709151655273,0.02204375402504194
2022-05-05,0.0179923792072918,0.0003237257095389,0.0003177242420722,0.0004169583899581558,0.020419559004987247,0.0004668390388964911,0.02160645826822367,0.0005362128841186961,0.023156270945873303,0.0005136728202090103,0.022664351307924307
2022-05-06,-0.0004284463641467,1.835662869505913e-07,0.0004968199169775,0.0004113644291330056,0.020282120922946043,0.00046367808142741,0.0215331855847529,0.0005216599070145505,0.02283987537213263,0.0005010177091956089,0.022383424876359043
2022-05-09,-0.024804629421306,0.0006152696407283,0.0002075146036748,0.0003866935773622423,0.019664525861617977,0.0004461226886185242,0.02112161661943811,0.0004906404133333266,0.022150404360492534,0.0004832228121096594,0.02198232954237697
2022-05-10,-0.0723066871352391,0.0052282570044733,0.0022903060029307,0.0004004081411642069,0.020010200927632057,0.0004576410080844462,0.021392545619548092,0.0005331774493718017,0.02309063553416843,0.0005056849651289364,0.022487440163987904
2022-05-11,0.000686557839209,4.71361666579465e-07,0.0012279740535566,0.0006900790729627559,0.026269356158131394,0.0006768241569210366,0.02601584434380396,0.0007510735769039923,0.02740572160889022,0.0008195964460807807,0.02862859490231368
2022-05-12,-0.0420488466662953,0.0017681055059656,0.0009923297000402,0.0006487026102849852,0.025469640953201228,0.0006438286226873771,0.02537377825014196,0.0006997666664543823,0.026453103153588283,0.0007804097185865537,0.02793581426388989
2022-05-13,-0.0186938042246927,0.0003494583163911,0.0010252147139844,0.000715866784025823,0.026755686947372945,0.0006931196095491458,0.026327164859687148,0.0008018604652783983,0.028317140838693414,0.0008561324284088881,0.029259740744047753
2022-05-16,0.0059077523029503,3.4901537273015144e-05,0.0004835596717995,0.000693882275967742,0.02634164527829919,0.0006747163223448963,0.025975302160800677,0.0008118334585185364,0.02849269131757364,0.0008366770713619702,0.028925370721253865
2022-05-17,0.07437337943068,0.0055313995679399,0.0018088071390292,0.0006543434316460582,0.02558013744384612,0.0006434297975095603,0.025365918030096215,0.0007616081303426337,0.027597248600949944,0.0007969818276105273,0.028230866575621218
2022-05-18,-0.0071339763284603,5.0893618255033176e-05,0.0002934804321953,0.0009469667998236887,0.030772825671746308,0.0008628447839094753,0.029374219715755434,0.000805102925633324,0.02837433568620284,0.0008618434066114723,0.029357169594691385
2022-05-19,-0.0504799289326171,0.002548223225042,0.0004413208277549,0.0008932024089295692,0.02988649208136628,0.0008186417110441635,0.028611915543076866,0.000772885477271424,0.02780081792450402,0.0008230436476601483,0.0286887372963703
2022-05-20,0.0422700819320952,0.001786759826546,0.0003711138809304,0.0009925036578963195,0.03150402605852654,0.0008905188178585687,0.029841561920559197,0.000910027150322515,0.03016665626685389,0.0009454469840836581,0.030748121635047206
2022-05-23,-0.1348259048370312,0.0181780246151242,0.0029887330233858,0.0010401590280153029,0.03225149652365457,0.0009227678439543805,0.03037709406698377,0.0009011357343132428,0.03001892293726147,0.000930924291119986,0.030511051950399645
2022-05-24,-0.016360643138458,0.0002676706439039,0.0004971460751051,0.0020684309632418374,0.04548000619219216,0.0016935386824477228,0.04115262667737896,0.0014969690800962997,0.0386906846682286,0.0020386878836816304,0.04515183145434557
2022-05-25,-0.0072302853994786,5.227702695791353e-05,0.0002517078574483,0.0019603853440815656,0.04427623904626008,0.0015989080596078046,0.03998634841552558,0.0014490673540875213,0.03806661731868911,0.0019346433854870004,0.04398458122441318
2022-05-26,0.0515935079763489,0.0026618900653055,0.0017737493351815,0.0018458988450541463,0.042963924926083585,0.0015014027239351486,0.0387479383185112,0.0013618789278458398,0.03690364382883945,0.0018239052609273266,0.04270720385283174
2022-05-27,-0.008112635188176,6.581484969643289e-05,0.0004159909504078,0.0018948583182692323,0.04352997034537506,0.0015289170345608968,0.039101368704444306,0.0013361924370254568,0.036553966091594725,0.0017666269558523115,0.042031261649542614
2022-05-30,0.0037782542057033,1.4275204842914837e-05,0.0001338875654552,0.001785115710154864,0.042250629701282134,0.0014370979562296669,0.03790907485325469,0.001263331190975609,0.03554337056295603,0.0016680289564227691,0.040841510212316696
2022-05-31,0.0077980142128036,6.080902566308776e-05,0.0003951792121118,0.001678865279836147,0.040973958557065815,0.0013496062740140679,0.03673698781900971,0.0011678277590338156,0.0341734949783281,0.001572135600585173,0.03965016520249535
2022-06-01,0.0074556352455024,5.558649691397811e-05,0.0002095975090427,0.0015817819045857633,0.03977162185008003,0.0012705610198156874,0.03564492979114543,0.0010877244731738239,0.03298066817355015,0.0014835430086111196,0.038516788659117465
2022-06-02,0.0167828405135808,0.0002816637357042,0.0002065380961133,0.001490210180125456,0.03860324053917567,0.0011970105181336244,0.03459783978998724,0.0010146346391133902,0.03185333011026304,0.0014008015807006771,0.03742728390760779
2022-06-03,-0.0132631673865619,0.0001759116091239,0.0002394911324562,0.001417697393460186,0.037652322550676555,0.0011390107904758575,0.033749233924281266,0.0009615580570612337,0.031008999614002927,0.0013278062149439255,0.03643907538541456
2022-06-06,0.0100681783294928,0.0001013682148744,0.0003604891959085,0.0013431902464000123,0.03664955997553057,0.0010804362261501613,0.032869989749772684,0.0009407018176386517,0.03067086268168295,0.0012656619232073846,0.03557614261281547
2022-06-07,-0.0089444545269778,8.00032667851752e-05,0.0001010294466402,0.0012686809245084796,0.035618547478925636,0.0010227390875180212,0.03198029217374383,0.0008846407591140496,0.02974291107329694,0.0011983973947829593,0.03461787680928684
2022-06-08,0.0169358260238043,0.0002868222031085,6.800619839575651e-05,0.0011973602650450811,0.03460289388252204,0.0009682593446831258,0.031116865919997884,0.0008528879807622993,0.029204245937231442,0.0011388505622665168,0.033746860035661345
2022-06-09,-0.0393182557181888,0.0015459252327208,0.0006755253424323,0.0011427279813288902,0.03380425981039801,0.0009270772950351347,0.030447944019837116,0.0008134807020895149,0.028521583092274434,0.0010835378303211875,0.03291713581588148
2022-06-10,-0.0204498519074775,0.0004181964430377,0.0001489726723977,0.0011669198164124099,0.03416020808502796,0.000945790469422295,0.03075370659647866,0.0009038853201251003,0.030064685598307862,0.00112479893934706,0.033538022293317475
2022-06-13,-0.0315060462330241,0.0009926309492374,0.0001742310394252,0.001121996414009931,0.033496214920643363,0.0009121753323614246,0.030202240518899002,0.0009150430825518853,0.030249679048741745,0.001091671064016763,0.03304044588102229
2022-06-14,0.004225054165365,1.785108270026865e-05,0.0002860587743535,0.0011142344861235823,0.03338015107999936,0.0009069608553117929,0.030115790796719798,0.0009705997746540353,0.03115445031859871,0.0010972480097240604,0.03312473410797527
2022-06-15,0.0151208320990572,0.0002286395633678,0.000216883205674,0.0010484514819181835,0.032379800523137624,0.0008580658834671461,0.029292761622406755,0.0009038197916035775,0.030063595786325652,0.0010397423401202466,0.0322450358988829
2022-06-16,-0.0621825647642413,0.003866671360659,0.0024278159248746,0.000999262766805165,0.03161111777215676,0.0008222431246495242,0.028674782033165033,0.0008577989300134986,0.029288204622569453,0.0009900050242648282,0.03146434528581245
2022-06-17,0.0055297575237958,3.057821827197692e-05,0.000441893358163,0.001171307282436399,0.034224366793797645,0.000953450949264816,0.030878001056817393,0.0010486968631609076,0.03238358941131924,0.0011849296225165875,0.03442280672049546
2022-06-20,-0.0512526089713005,0.002626829926365,0.0018378384787731,0.0011028635385865336,0.033209389313664496,0.0009017606796597861,0.030029330323198784,0.0009764701182775152,0.031248521857481757,0.001121773067867934,0.033492880853517724
2022-06-21,0.0268026061860093,0.0007183796983623,0.0004624984830978,0.0011943015218532436,0.03455866782521056,0.0009711645399016608,0.03116351295829244,0.001117900605375053,0.03343502064265929,0.0012291122307004029,0.03505869693386226
2022-06-22,-0.0542242291970001,0.0029402670320088,0.0007186952445164,0.001165746212443787,0.034143025824372786,0.0009492775956632841,0.030810348840337464,0.00107097689554575,0.032725783345028576,0.001175739491573062,0.03428905789859299
2022-06-23,0.0038108251288615,1.4522388162762769e-05,0.0004269885454148,0.0012722174616176878,0.03566815753045968,0.001029403339895493,0.0320843161045314,0.0012262174620510473,0.035017387995837826,0.0012993609061329916,0.036046649027794406
2022-06-24,0.0136356330426091,0.0001859304884726,0.0001994895899573,0.0011967557572103921,0.034594157847971846,0.0009714808022503185,0.031168586786223057,0.001134416530380246,0.03368110049241631,0.0012282239662826197,0.03504602639790451
2022-06-27,0.0174350861245806,0.0003039822281715,0.0001187044748189,0.0011361062410861302,0.03370617511801258,0.0009255050462198244,0.03042211442716999,0.0010661897325148861,0.032652560887545805,0.0011650405469949613,0.03413269029823113
2022-06-28,0.0126522545834094,0.0001600795460434,0.000272998988296,0.0010861788003112551,0.03295722682980556,0.0008881983016705273,0.029802655949940558,0.0010096287076561943,0.03177465511466953,0.001108287563015798,0.0332909531707309
2022-06-29,0.003067204200922,9.407741610154004e-06,0.0001925364383909,0.001030612845055184,0.032103159424816494,0.0008470921272216753,0.02910484714307353,0.0009510985610774762,0.030839885879773876,0.0010526772846922421,0.032444988591340915
2022-06-30,-0.0166416623257097,0.0002769449249629,0.0004546054939995,0.0009693405388484822,0.031134234194026392,0.0008021560287071567,0.028322359165633727,0.0008845468761799106,0.02974133279091424,0.0009980075093279867,0.03159125684945103
2022-07-01,0.0066670274700795,4.444925528679555e-05,0.0001212949819051,0.00092779680201535,0.03045975709055064,0.000772570077604583,0.02779514485669364,0.0008819667974894099,0.029697925811231495,0.0009644217523250481,0.03105514051369029
2022-07-04,-0.0211887865585127,0.0004489646758222,0.000382106924026,0.0008747959492116366,0.02957694962655271,0.0007346206706128949,0.027103886632970094,0.0008265330829063373,0.028749488393819068,0.0009163269090243298,0.030270892108167705
2022-07-05,0.0065318875778933,4.26655553302375e-05,0.0002190010339892,0.0008492460728082709,0.02914182686120194,0.0007177060789230773,0.026790036933962546,0.0008446351765632508,0.029062607876156794,0.0008991495419006403,0.029985822348247183
2022-07-06,-0.0023279781094565,5.419482078109015e-06,0.0002655255726944,0.0008008512417595888,0.02829931521714949,0.0006836537065003707,0.026146772391642734,0.0007923283417465451,0.0281483275124215,0.0008554039138919299,0.029247289000725006
2022-07-07,0.047615794468816,0.0022672638828965,0.0010697000202434,0.0007531253361787,0.027443129125132578,0.0006503866754436259,0.025502679769852148,0.0007443966247524869,0.027283632909722393,0.0008141485630031506,0.028533288681873853
2022-07-08,-0.0157906396667865,0.0002493443010862,0.0006241225593205,0.0008439736489817698,0.029051224569401027,0.0007217633900742288,0.026865654469493738,0.000752641635064207,0.027434314918805738,0.0008173484338154629,0.028589306284264104
2022-07-11,0.0298579042354889,0.0008914944453356,0.0012909815017126,0.0008082958881080411,0.02843054498436569,0.0006967584218625848,0.02639618195615769,0.0007547493160173745,0.027472701287230103,0.000794139027665178,0.028180472452838296
2022-07-12,-0.0117365866997693,0.0001377474673612,0.0002201064745808,0.0008132878015416962,0.028518201232575945,0.0007025905163933523,0.026506424058958845,0.0007394219271755445,0.027192313751785532,0.0007731788808774448,0.0278060943118131
2022-07-13,0.0030438250442439,9.264870899966856e-06,8.042388636698756e-05,0.0007727553814908664,0.027798478042707058,0.0006739315821345405,0.025960192259198323,0.0007280412895412572,0.02698224026172136,0.0007458477637521931,0.027310213542779065
2022-07-14,0.0034751949497317,1.2076979938641125e-05,0.0001132402753475,0.0007269459508554124,0.026961935220888956,0.000641543213420076,0.02532870335054829,0.0006816139916145553,0.02610773815585248,0.0007117754252829454,0.026679119649698813
2022-07-15,-0.0270135909882934,0.0007297340980828,0.0004857149959022,0.0006840538126004061,0.026154422429111413,0.0006116301133704831,0.02473115673336941,0.0006397099706793108,0.025292488424022475,0.000680042783476924,0.026077629943630307
2022-07-18,0.0229303903332335,0.0005258028008344,0.0001104319383024,0.0006867946297293502,0.026206766869061704,0.0006163227156849467,0.024825847733460114,0.0006863989555503714,0.02619921669726733,0.0006965600360245367,0.026392423837619323
2022-07-19,0.0166145772643971,0.0002760441776746,0.0001896623499546,0.0006771351199956561,0.026021820074615384,0.0006114577230789356,0.024727671202095347,0.0006671699180920504,0.025829632558208224,0.0006753721639192031,0.025987923424529383
2022-07-20,0.0097407609265611,9.488242342842031e-05,6.809160049108587e-05,0.0006530696634563939,0.025555227712865208,0.0005956567394066744,0.024406079968046373,0.0006417948260106818,0.025333669809379806,0.0006509768954628718,0.025514248871226285
2022-07-21,0.0062810448159255,3.945152397966523e-05,8.556768494660157e-05,0.0006195784290547154,0.024891332408184086,0.0005728130996659791,0.023933514152041674,0.0006103885597422766,0.0247060429802564,0.0006248611901294358,0.024997223648426155
2022-07-22,0.0018714179507506,3.5022051463918293e-06,5.903186854390644e-05,0.0005847708147502124,0.024182034958832813,0.0005491202389928383,0.023433314724827948,0.0005775959725395068,0.024033226427999776,0.0005994713006319838,0.02448410301873409
2022-07-25,0.0259932192236381,0.0006756474456081,0.0003909801503515,0.000549894698173983,0.023449833649175064,0.0005255202635218796,0.022924228744319396,0.0005426871655249831,0.023295646922225258,0.0005751196380100706,0.023981652111772254
2022-07-26,-0.0117266761997707,0.0001375149346942,0.0003666586698887,0.0005574398630200306,0.0236101644005295,0.0005340112204961416,0.023108682794485313,0.0005363642720474194,0.023159539547396434,0.000564862852926818,0.02376684356255197
2022-07-27,0.0103725727483279,0.0001075902654193,0.0001280766365955,0.0005322443673204849,0.023070421914661313,0.0005175638216239489,0.02275002904666165,0.000537128815773367,0.02317603969131411,0.0005515030018330004,0.023484101043748734
2022-07-28,0.0449410846613304,0.0020197010905368,0.0008559903660157,0.000506765121206417,0.022511444227468327,0.00050095631483622,0.022382053409734773,0.0005144312061370014,0.02268107594751628,0.0005323014008297658,0.02307165795580729
2022-07-29,0.069756529766798,0.0048659734451061,0.0016508310222325,0.000597541279366244,0.024444657481057983,0.0005719773156650899,0.023916047241655337,0.00053038050311619,0.023029991383328608,0.0005498348642518642,0.023448557828827432
2022-08-01,0.0060227509005545,3.627352841013102e-05,0.0008562085450733,0.0008536472093106401,0.02921724164445782,0.0007664963927718834,0.027685671253771027,0.000574278039136631,0.023964098963587824,0.0006189541426050588,0.024878789010019334
2022-08-02,-0.011614557604505,0.0001348979483483,0.0002226005177505,0.0008046047884566095,0.02836555637488201,0.0007286177993685985,0.026992921282599232,0.0005440967590005805,0.02332588174111711,0.0005939019313108938,0.024370103227333566
2022-08-03,0.0004672192309821,2.1829380979950887e-07,0.0001883177812442,0.0007644223780501147,0.027648189417213465,0.0006979430860444645,0.02641861249279501,0.0005441014111225152,0.023325981461077158,0.0005784262417694414,0.02405049358681525
2022-08-04,0.0060536007614974,3.664608217960221e-05,0.0003696494576867,0.0007185701329956957,0.026806158490087603,0.0006634049853409087,0.025756649342274875,0.000510502634502351,0.02259430535560567,0.0005554266378749246,0.023567491123896167
2022-08-05,-0.0032550948689847,1.0595642606090975e-05,0.0001424842551173,0.00067765468994673,0.02603180151174194,0.0006330173862997312,0.025159836770132893,0.0004853381026859032,0.02203039043425929,0.0005346464765979106,0.02312242367482074
2022-08-08,-0.0013983131441365,1.955279649064938e-06,6.571367618822655e-05,0.0006376311471062916,0.02525135931205074,0.0006036554569090663,0.024569400825194463,0.0004649485394720915,0.021562665407414073,0.000515255033911269,0.02269922980876816
2022-08-10,0.0184848700318254,0.0003416904200934,0.0003561965622389,0.0005994905950588579,0.024484497035039497,0.0005760317444342472,0.024000661333268447,0.0004410689465815202,0.02100164152111735,0.0004966167800226585,0.02228490026952462
2022-08-11,-0.0009162462846992,8.395072542252659e-07,0.0001261332722739,0.000584022584560935,0.0241665592205621,0.000565766262857388,0.02378584164702582,0.0004331022647536786,0.02081110916682911,0.0004854398087685867,0.02203269862655473
2022-08-12,0.0320209239583061,0.0010253395711436,0.000493525458943,0.0005490315999225324,0.02343142334393138,0.0005408390962235688,0.023255947545167212,0.00041040301751152207,0.020258406095039216,0.00046873244604046555,0.021650229699485074
2022-08-16,0.0031020363679002,9.622629627776042e-06,0.0001930042450324,0.0005776100781957977,0.0240335198877692,0.0005640249780741244,0.023749210051581177,0.00041727699496387177,0.020427358981617565,0.00047210078531491,0.021727880368662515
2022-08-17,-0.0044345917853918,1.9665604303064724e-05,4.423315568474958e-05,0.0005435308312817163,0.02331374768847163,0.0005396210386463098,0.023229744696106967,0.00039632486941257626,0.019907909719821825,0.00045641405066784507,0.02136384915383567
2022-08-18,0.000444307887008,1.9740949845756698e-07,7.334705559473823e-05,0.0005120989176629971,0.02262960268460313,0.0005174403185243451,0.022747314534343283,0.00038514513130422556,0.019625114809962912,0.0004428510255365185,0.021044025887090107
2022-08-19,-0.0224626568430087,0.0005045709524467,0.0003272386469642,0.0004813848271731247,0.021940483749751844,0.0004959877743717253,0.02227078297617139,0.0003642279927773021,0.01908475812729368,0.0004289533562692175,0.02071118915632846
2022-08-22,-0.0464983207787962,0.0021620938352478,0.0007545257239979,0.00048277599468954315,0.021972164087534555,0.0004988874514553897,0.022335788579214966,0.00040143910197777693,0.020035945247923216,0.00044802892962930106,0.02116669387574028
2022-08-23,0.0239840721714484,0.0005752357179252,0.0007262073551645,0.0005835350651230405,0.024156470460790426,0.0005764943777906751,0.02401029732824388,0.0005122208065092943,0.022632295652657383,0.0005710882519128126,0.023897452833153844
2022-08-24,-0.0098062382605542,9.61623088227571e-05,0.0001816404005833,0.0005830371042911728,0.024146161274438072,0.0005767512422546856,0.024015645780504958,0.0005055655743353128,0.022484785396692422,0.0005592407383073109,0.023648271359812137
2022-08-25,-0.0028195472922458,7.949846933210654e-06,0.0001461085383205,0.0005538246165630679,0.023533478632855532,0.0005553361051229897,0.023565570333072564,0.0005023562642265529,0.022413305517628428,0.0005436321628318464,0.023315920801715004
2022-08-26,0.0102997039723442,0.0001060839019179,0.0001359961985354,0.0005210721303852765,0.02282700441111966,0.0005314865041869081,0.023053991068509333,0.000479508655553094,0.02189768607759948,0.0005234694075267386,0.02287945382929275
2022-08-29,-0.0235637380780783,0.0005552497522122,0.000190440321494,0.0004961728366772352,0.02227493741129782,0.0005138015137628775,0.022667190248526117,0.00046091830646919913,0.02146900804576679,0.0005061220167270882,0.022497155747495907
2022-08-30,0.0323743958828211,0.0010481015087776,0.000188142249433,0.0004997174516093378,0.02235436090809437,0.0005177002933704005,0.02275302822418151,0.0005001349444317062,0.022363697020656183,0.000523235062166441,0.02287433195016722
2022-09-01,-0.0176996338467665,0.0003132770383096,0.0001081765652889,0.000532620495039435,0.023078572205390762,0.0005435925492753638,0.02331507129037704,0.0005030712770406822,0.022429250478798488,0.0005233661266074774,0.02287719665097709
2022-09-02,-0.0084946138961508,7.215846524467941e-05,0.0001284069638922,0.000519459887635645,0.02279166267817346,0.000534394677292342,0.023116978117659368,0.0005233982229043413,0.022877898131260687,0.0005239544447864494,0.022890051218519572
2022-09-05,0.0131829280082489,0.0001737895908706,7.148328107068426e-05,0.000492621802292187,0.022195085093150397,0.0005149654661265435,0.02269285055092338,0.000515311282701344,0.022700468777127576,0.0005091905252039028,0.022565250390897566
2022-09-06,0.0157774925072785,0.0002489292698172,0.000236383208436,0.0004734918696068961,0.021759868326965952,0.0005015384481905826,0.022395054101086307,0.0004971260490860794,0.02229632366750356,0.0004940568969419237,0.02222739069126027
2022-09-07,-0.009250748996897,8.557635700359114e-05,0.000100192133909,0.00046001811361951606,0.021448032861302598,0.0004924810903058908,0.022191914976087367,0.00048286735825512153,0.02197424306444073,0.0004813322257539917,0.021939284987300557
2022-09-08,-0.0163975911489117,0.0002688809954868,0.0002937797079828,0.00043755160822256053,0.02091773429945415,0.0004766970937735618,0.021833394004908212,0.00047935409545196846,0.02189415665085021,0.0004702820308931264,0.02168598697069438
2022-09-09,-0.0014181426678985,2.011128626514469e-06,0.0001089913041607,0.0004274313714584189,0.020674413448957117,0.00047034252815734685,0.02168738177275779,0.0004966650613993003,0.02228598351877925,0.0004716148741449461,0.021716695746474557
2022-09-12,0.0192089303002919,0.0003689830032814,6.595836222294662e-05,0.00040190615688850457,0.020047597284674902,0.0004523865641179128,0.02126938090584474,0.0004703830608011312,0.021688316227894022,0.00045591010357583846,0.021352051507427534
2022-09-13,0.0,0.0,4.0800131741944315e-05,0.00039993076767208264,0.01999826911690316,0.0004523189749035317,0.021267791961168223,0.00046133921560024367,0.021478808523757636,0.0004479720573507976,0.021165350395181214
2022-09-14,0.0129092606198048,0.00016664900975,0.0006532954152854,0.00037593492161175764,0.019389041276240495,0.00043557882354143627,0.020870525233961802,0.0004340489519376458,0.020833841506972397,0.0004337269100024657,0.020826111254923847
2022-09-15,-0.0198942638072368,0.0003957817324319,0.0001941775311177,0.0003633777669000547,0.019062470115387847,0.00042758461586658424,0.020678119253611637,0.000421127835752402,0.0205213994589161,0.00042352742946268746,0.02057978205576258
2022-09-16,-0.0122239271128599,0.0001494243940605,0.0001996994014762,0.00036532200483196736,0.01911339856833335,0.0004305264359547632,0.0207491309686638,0.00045032828826152614,0.021220939853397777,0.0004360584048193848,0.020882011512768226
2022-09-19,-0.0249055532304897,0.0006202865817167,0.0003376121518952,0.00035236814818567997,0.018771471657429525,0.0004221200017246156,0.02054555917283868,0.0004568663597062728,0.021374432383253428,0.00043210263113469764,0.020787078465592457
2022-09-20,0.0258512579926571,0.0006682875398029,0.0001800780633193,0.00036844325419754456,0.019194875727587938,0.0004356052806097161,0.020871159062441073,0.0005002133366683671,0.022365449619186444,0.00045831552967692146,0.02140830515657233
2022-09-21,-0.0128421355626071,0.0001649204458083,0.0002712703958965,0.000386433911333867,0.01965792235547457,0.000450282442288804,0.021219859619912757,0.0004962346853433525,0.022276325669718346,0.0004557643668264975,0.021348638523955046
2022-09-22,-0.0081711891287886,6.676833177843351e-05,0.0001072214159027,0.0003731431034023376,0.019316912367206555,0.0004411440897716021,0.02100343042866098,0.0005023707225745983,0.022413628054703646,0.0004514696728221025,0.02124781571884749
2022-09-23,0.0067341050493902,4.534817081622266e-05,0.0005548119839054,0.00035476061710490334,0.018835090047698295,0.00042823194623608965,0.02069376587854636,0.0004946320238200959,0.022240324274166865,0.0004412299631461001,0.021005474599401466
2022-09-26,-0.0436023744449221,0.0019011670572351,0.0012407345490057,0.0003361958703275825,0.018335644802612818,0.00041528777844964456,0.02037861080764939,0.00047136276480362567,0.02171089046546976,0.00042827811524221555,0.020694881377824218
2022-09-27,-0.0222793769700922,0.0004963706381754,0.0008672806714372,0.0004300941415420393,0.020738711183244714,0.0004871622164234195,0.022071751548606636,0.0005754308203120698,0.02398813915901085,0.0005360927779276888,0.023153677416939383
2022-09-28,-0.0254097297470095,0.000645654365816,0.0003151285515457,0.00043407073134004543,0.020834364193323622,0.0004903311073439789,0.022143421310718423,0.000607801758723234,0.024653635811442375,0.0005474543890861884,0.023397743247719177
2022-09-29,0.0171835585351453,0.0002952746839307,0.0001303270637522,0.00044676574940860625,0.021136833949496937,0.0005000176469329399,0.022361074368932723,0.0006497498976579552,0.02549019218558297,0.0005675337734236723,0.023822967351353867
2022-09-30,0.024982192457623,0.0006241099399897,0.0008290529668227,0.00043767628547993577,0.020920714267919624,0.0004931652887634372,0.02220732511500287,0.0006263263321314462,0.025026512584286415,0.0005507351037612638,0.02346774603069634
2022-10-03,-0.0096130566429767,9.241085802107984e-05,0.0001005471499174,0.0004488623047505226,0.02118637073097992,0.0005016725746139,0.022398048455477097,0.0006136047832415766,0.024771047277851954,0.0005411600802972657,0.02326284763947152
2022-10-04,0.0280720675079724,0.0007880409741721,7.995083447140309e-05,0.00042747521794675593,0.020675473826414617,0.0004855311018310135,0.02203477029222255,0.0006032795160505274,0.02456174904298404,0.0005265271700379894,0.02294617985717861
2022-10-06,0.0234499944148678,0.0005499022380573,0.0001435084185337,0.00044910916332028015,0.021192195811672754,0.0005020012981313815,0.022405385471608863,0.0005955975005707946,0.024404866329705528,0.000521616315616806,0.02283892106945523
2022-10-07,-0.0024171680450093,5.8427013578144795e-06,8.754480098227271e-05,0.00045515674780450323,0.02133440291652202,0.0005065138972424676,0.022505863619120853,0.0005831272116111014,0.024148027074920662,0.0005126206542011612,0.0226411274940353
2022-10-10,-0.0009686844962081,9.383496531940088e-07,0.0001902498725534,0.0004281979050177019,0.020692943362839947,0.0004861086801310302,0.022047872462689685,0.0005528921713401718,0.023513659250320267,0.0004944061475547709,0.02223524561489643
2022-10-11,-0.0280047036395403,0.0007842634259384,0.0005167541139523,0.00040256233169583136,0.020063956033041723,0.0004669611777655803,0.021609284526924538,0.0005208517796283884,0.02282217736387982,0.00047710307514479657,0.02184268928371222
2022-10-12,0.0019910385637608,3.9642345623829155e-06,0.0001742310394252,0.0004254643973503904,0.020626788343084106,0.0004846069593374576,0.0220137902083548,0.0005731799874148926,0.02394117765304983,0.0005107084018953139,0.02259885842017941
2022-10-13,-0.0044853825267094,2.011865641091005e-05,0.0003227155749729,0.0004001743875831099,0.02000435921450897,0.000465705097472995,0.021580201516042313,0.0005387663840683968,0.023211341711938945,0.000492324715404919,0.022188391456005076
2022-10-14,0.0,0.0,0.0002953403211591,0.0003773710437127779,0.019426040350848082,0.0004489037807535697,0.02118734954527276,0.000517972896220007,0.022759017909830974,0.0004763794727748887,0.02182611904977357
2022-10-17,-0.0055096067007909,3.035576599740086e-05,0.0001937087393773,0.0003547287810900112,0.018834244903632617,0.0004324112319104247,0.020794500039924613,0.00048606423143730327,0.02204686443549974,0.00046022709309400387,0.02145290407133738
2022-10-18,0.0109890238919586,0.000120758646098,5.152496818070719e-05,0.0003352664001844545,0.018310281269943794,0.00041848643119492404,0.020456940905104165,0.0004718498936219621,0.02172210610465666,0.00044708696693152044,0.02114443110919564
2022-10-19,-0.0059789999040525,3.574843985266027e-05,8.583825176267577e-05,0.0003223959349392694,0.017955387351412652,0.0004096572530597563,0.020239991429339993,0.0004544860636212451,0.021318678749426407,0.00043513981566703605,0.020860005169391405
2022-10-20,0.0084598137780779,7.156844915975684e-05,0.0002077669750433,0.00030519708523407284,0.01746989081918009,0.0003976258626312797,0.01994055823268947,0.00044362036764650334,0.021062297302205744,0.00042402648565117334,0.020591903400394372
2022-10-21,-0.0069618137652239,4.846685090166224e-05,0.0001578035497818,0.0002911793670696139,0.017063978641266925,0.0003880857604793997,0.019699892397660443,0.00042577925924355305,0.02063441928534828,0.000412715714435453,0.020315405839791953
2022-10-24,0.0099306395597293,9.861760206526104e-05,4.232016547430009e-05,0.0002766166160995367,0.01663179533602842,0.00037819316177390095,0.01944718904556391,0.00041930079924228976,0.02047683567454429,0.0004039156150625633,0.0200976519788398
2022-10-25,0.0,0.0,0.0001132130127042,0.0002659366752574802,0.016307564970205704,0.00037128451577315394,0.019268744530278922,0.0004045438011133759,0.02011327425143345,0.000394456483979957,0.019860928577988417
2022-10-27,0.0292132560861341,0.000853414331154,0.0002282893048081,0.00024998047474203135,0.01581077084591486,0.0003604193850750191,0.018984714511285628,0.0003817402199715071,0.019538173404172333,0.0003838042939740736,0.01959092376520499
2022-10-28,-0.0252684826935302,0.0006384962176332,0.0004938998702553,0.00028618650612675256,0.01691704779584052,0.00038891499024917603,0.01972092772283231,0.00038719518231630464,0.01967727578493285,0.000389687508234016,0.019740504254806057
2022-10-31,-0.000492287838082,2.423473155235125e-07,0.0001204774800942,0.0003073250888171415,0.01753068991275419,0.0004056306890803555,0.020140275298027966,0.0004321406941530491,0.020787993990595846,0.00041990453709431024,0.02049157234314415
2022-11-01,-0.0034524855545218,1.1919656504181935e-05,0.0003033678783284,0.00028890012432704446,0.016997062226368546,0.0003922864050577361,0.019806221372531817,0.00040843117606923656,0.020209680256481954,0.00040755919278679065,0.020188095323402617
2022-11-02,0.000493989971609,2.440260920502618e-07,0.0001681295551234,0.00027228129625767267,0.016500948344191392,0.00038043738166817966,0.01950480406638784,0.00039397432478420626,0.019848786481399972,0.00039678428877049733,0.019919444991527684
2022-11-03,0.0073800567008909,5.4465236908366034e-05,0.0002113063175232,0.00025595906004773533,0.015998720575337747,0.0003689196952679789,0.019207282349879142,0.00037242737202118024,0.019298377445297835,0.0003859803370067114,0.019646382288011993
2022-11-04,0.0266036730425945,0.0007077554193572,0.0002634904843194,0.0002438694306593731,0.015616319369793033,0.00036068775937447893,0.018991781363907886,0.00035853217277299735,0.018934945808557185,0.00037690687650508654,0.019414089638844428
2022-11-07,0.0184446962762545,0.0003402068207232,0.0002606390978105,0.0002717025899812469,0.016483403470801985,0.00038258034928543167,0.0195596612773696,0.0003626151039285492,0.019042455301996882,0.0003805530103484831,0.019507767948909047
2022-11-09,-0.0056391055695775,3.179951162484082e-05,0.0001270846536461,0.0002758128438257687,0.016607614031695483,0.000386273090874648,0.01965383145533328,0.00035914155912798094,0.018951030555829435,0.000377140888540994,0.019420115564563308
2022-11-10,-0.013283071164359,0.0001764399795574,7.826318248843001e-05,0.000261172043893713,0.01616081816906907,0.00037575857319948464,0.019384493111750035,0.00035320187348019647,0.018793665780794243,0.00036967073674219823,0.019226823365865675
2022-11-11,0.0268568251672655,0.000721289058065,0.0001192928058347,0.00025608812003353576,0.01600275351411549,0.0003725438869205143,0.01930139598372393,0.0003664677812987167,0.019143348225916925,0.0003718878152378761,0.019284393048210672
2022-11-14,0.0106358870029744,0.00011312209234,9.276000149986395e-05,0.00028400017631542755,0.016852304777549794,0.0003941886038967458,0.019854183536392168,0.0003704221292151997,0.019246353660244315,0.0003761218023523663,0.01939385991370378
2022-11-15,-0.0013808575371488,1.9067675379007757e-06,0.0001422211737996,0.00027374749127690427,0.01654531629425392,0.00038677586450416347,0.019666618024056996,0.00035953518778487876,0.018961413127319356,0.000368797585283455,0.019204103344948313
2022-11-16,-0.0185965152810099,0.0003458303805968,0.0004083526816458,0.00025743704785256404,0.01604484489961072,0.00037487378969567144,0.019361657720754995,0.0003434045769382584,0.018531178509157437,0.000359989189473868,0.018973381076494194
2022-11-17,-0.0065913528883574,4.344593289885792e-05,0.0001709490387418,0.0002627406478172203,0.01620927659759128,0.00037937943521202874,0.019477665034906746,0.00037054329996171636,0.019249501291246907,0.00037361376435346373,0.01932909114142369
2022-11-18,-0.0033120803697186,1.0969876375475844e-05,8.296015519851186e-05,0.00024958296492211854,0.015798194989368835,0.0003698911097464599,0.019232553386029114,0.0003662874126542476,0.019138636645650797,0.0003671200488399892,0.019160377053700932
2022-11-21,-0.0119191181866951,0.0001420653783484,0.0004779313512448,0.00023526617960931994,0.015338389081299246,0.0003596228228550028,0.018963723865712736,0.0003542916823359723,0.018822637496800822,0.0003589998520435625,0.01894729141707496
2022-11-22,0.0090714689776592,8.229154941263334e-05,0.0001130980732281,0.0002296741315336651,0.015155003514802135,0.0003560243039992804,0.01886860630781406,0.0003640769110772753,0.019080799539780174,0.0003597503272389044,0.018967085364886838
2022-11-23,0.0023736435853114,5.634183870090044e-06,3.574405239424778e-05,0.00022083117660640317,0.014860389517317612,0.00034998499392116734,0.018707885875244357,0.0003522221915359128,0.01876758352947744,0.00035295374358113084,0.01878706319734755
2022-11-24,0.0004740056237245,2.2468133132251193e-07,5.9311993976298345e-05,0.00020791935704222438,0.01441940903928536,0.0003409187408560208,0.018463984966848864,0.0003354111082103708,0.018314232394789874,0.0003451924309814849,0.01857935496677656
2022-11-25,0.0066131480250521,4.373372680125157e-05,6.315575203517402e-05,0.00019545767649957024,0.013980617886902217,0.00033226529247411875,0.01822814561259918,0.0003182324678067323,0.017839071382970927,0.0003378519225040109,0.018380748692695053
2022-11-28,-0.0123164986917141,0.0001516961400229,0.0001170988883968,0.00018635423951767104,0.013651162570186871,0.0003262057632075406,0.018061167271456752,0.00030727481521573255,0.017529255980096033,0.00033181079720696606,0.0182156744922324
2022-11-29,0.0113745157370157,0.0001293796082516,0.0002327146513909,0.00018427475354799048,0.01357478373853486,0.00032546528597093155,0.018040656472837445,0.000319643986537643,0.017878590171980648,0.0003349983274357698,0.01830295952669321
2022-11-30,0.0145031989523462,0.0002103427798513,0.0001325831782577,0.00018098104483020813,0.013452919565291696,0.0003237698207381945,0.01799360499561426,0.0003125169169818444,0.01767814800769143,0.00033073645525313216,0.018186161091696403
2022-12-01,0.0283900733073431,0.0008059962623963,0.0003267318815831,0.0001827427489314758,0.013518237641478114,0.00032585668762807863,0.01805150097992072,0.00030838573992710743,0.017560915122142907,0.00032826157976803723,0.018117990500274506
2022-12-02,0.0112234867321943,0.0001259666544277,0.0001607298539683,0.00022013795973936618,0.01483704686719585,0.0003547148743725497,0.01883387571299518,0.00031611393183722015,0.017779593129124752,0.00033699483465621124,0.018357419063044
2022-12-05,0.033797303503096,0.0011422577240803,0.0003282128798164,0.0002144876814206687,0.014645397960474434,0.00035074454565722134,0.01872817518225471,0.0003090702362380466,0.017580393517724415,0.00033253565201218243,0.018235560095927476
2022-12-06,-0.0253509791289857,0.0006426721427982,0.0002676743186059,0.0002701538839802517,0.016436358598553746,0.00039299685501760777,0.019824148279752343,0.0003214269154405023,0.017928382956655692,0.00034721542386155057,0.01863371739244616
2022-12-07,-0.0156148807128524,0.0002438244996766,0.0002013052229971,0.0002925049795093327,0.017102776953153914,0.0004096053628996474,0.020238709516657613,0.0003663746667105553,0.019140916036348817,0.00038054916721700933,0.01950766944606683
2022-12-08,0.0058283370636902,3.3969512927985336e-05,0.0001394204559514,0.00028958415071936934,0.017017172230408006,0.00040698245135174804,0.020173806070044098,0.00038523992093483886,0.019627529669697073,0.00038631527858681153,0.019654904695439547
2022-12-09,-0.0125957433252977,0.0001586527499167,0.0004740450990931,0.0002742472724518862,0.016560412810430972,0.00039506458003372725,0.019876231535020095,0.0003690855088960948,0.019211598291034894,0.0003768393895855645,0.019412351469761835
2022-12-12,0.011253800601096,0.0001266480279692,0.0003421395672967,0.0002673116010997799,0.016349666696901802,0.0003896462475951304,0.019739459151535292,0.0003800347677194973,0.019494480442409777,0.00037744556001673434,0.019427958205038797
2022-12-13,-0.0044863943394885,2.0127734169394968e-05,0.0001212179225984,0.0002588717867119468,0.016089493053292474,0.00038317418170782285,0.019574835419686746,0.00036908409329575734,0.019211561448663077,0.0003702832058343052,0.01924274423865539
2022-12-14,0.016499909755803,0.0002722470219496,0.0001264676206048,0.00024454714355939366,0.015638003183251807,0.00037235678947229094,0.019296548641461533,0.00035975114956162253,0.018967107042499196,0.0003625322282024827,0.019040279099910344
2022-12-15,-0.018750526156287,0.0003515822311376,0.0002171731077132,0.0002462091362628086,0.015691052745523754,0.0003737190639327739,0.0193318148121891,0.0003547047997854072,0.01883360825188331,0.0003590701855195059,0.018949147356002748
2022-12-16,0.0009009754269018,8.117567198810403e-07,0.0002064261542969,0.00025253152195529627,0.015891240415879946,0.0003785684021547862,0.019456834330249775,0.00038206355441440136,0.019546446081433865,0.00037312174427118615,0.01931635949839374
2022-12-19,0.00673096396555,4.530587590553317e-05,4.9073596816134886e-05,0.00023742833604117135,0.01540870974615238,0.00036721187783374405,0.019162773229199997,0.0003617812581215492,0.01902054831285232,0.0003639169854931478,0.01907660833306455
2022-12-20,-0.0076319393924519,5.824649889006005e-05,0.0001854703916328,0.00022590098843303303,0.015030002941883712,0.0003586897701919661,0.018939106900589746,0.00034803931509874795,0.018655811831671865,0.000356155033812165,0.01887207020472754
2022-12-21,-0.0140687800685483,0.0001979305726171,0.0003225992145319,0.00021584171906045458,0.014691552642946033,0.0003513704138982362,0.018744877004083976,0.00034752511156324394,0.01864202541472476,0.00035177341281565156,0.018755623498451113
2022-12-22,-0.0161256072317632,0.000260035208593,0.0005537888793693,0.00021476705027385822,0.014654932626042954,0.00035089521754816757,0.018732197349701597,0.0003629611608198238,0.019051539591849888,0.0003565568964985095,0.018882714224880637
2022-12-23,-0.0514644430338261,0.0026485888967819,0.0007634241085534,0.00021748313977301237,0.014747309577445385,0.0003532615067794658,0.01879525224037884,0.00038325357438313286,0.019576863241672116,0.00036496330879281667,0.019104012897630085
2022-12-26,0.0265394819357924,0.0007043441014202,0.0005112427504178,0.00036334948519354767,0.019061728284537782,0.00046341518040614695,0.02152708016443816,0.0005095217160135567,0.022572587711947353,0.0005244954210914129,0.02290186501338729
2022-12-27,0.0569203371837113,0.0032399247851073,0.0009922130945252,0.00038380916216714986,0.019591048010944946,0.00047770581761808444,0.021856482279133678,0.0005057359324420456,0.02248857337498414,0.0005181694383034254,0.022763335394959706
2022-12-28,-0.0104002234350175,0.0001081646474982,0.0001979051248676,0.0005551760995435643,0.02356217518701455,0.0006055647140286502,0.02460822452003903,0.0005353900091967704,0.02313849626049131,0.000559271688758305,0.023648925742162263
2022-12-29,0.0157838098280218,0.0002491286526871,0.0002935351889783,0.0005283554124208476,0.022985982955289242,0.0005826030794245085,0.024137172150533886,0.0005322279519362966,0.023070066145035144,0.0005444232689182391,0.02333287956764529
2022-12-30,0.0080214979980884,6.434443013333647e-05,0.000196892302621,0.0005116018068368262,0.022618616377595387,0.0005676775251880778,0.023825984243847676,0.0005155953881672294,0.022706725615271553,0.0005283207692393563,0.022985229371040795
2023-01-02,0.0569363907178702,0.0032417525879779,0.0009375801649947,0.0004847663642346167,0.02201741047976843,0.0005454821160295635,0.023355558568134555,0.0004920575727272657,0.02218237076435397,0.0005098739165374437,0.02258038787393706
2023-01-03,-0.0067312617107287,4.530988421832312e-05,0.0001922262457261,0.0006501855376592184,0.025498736001206383,0.0006685098259587586,0.02585555696477565,0.0005221133617720089,0.02284980003789987,0.0005515669992255011,0.023485463572718787
2023-01-04,-0.0230581378432014,0.000531677720796,0.0003595307081697,0.0006138929984527646,0.02477686417714648,0.0006381437150464873,0.02526150658702856,0.0005089758903738693,0.022560494018834545,0.0005332441378609207,0.023092079548211346
2023-01-05,0.0068876638043213,4.7439912681358066e-05,0.000168262110769,0.0006089600817933633,0.02467711656157103,0.0006319622312779686,0.02513885898918184,0.0005456698340150256,0.02335957692286026,0.0005470392526244503,0.02338887027251317
2023-01-06,-0.0077520395784825,6.0094117626359774e-05,0.0001795032047521,0.0005752688716466429,0.023984763322714753,0.000604342105072138,0.02458337049861426,0.0005186564631358307,0.022774030454353722,0.0005270222995664675,0.022956966253546384
2023-01-09,0.0162954383606554,0.0002655413113659,6.295161565274096e-05,0.0005443583864054258,0.023331489159619148,0.0005792963961805865,0.024068576945481975,0.0005087000058089617,0.022554378861076217,0.0005112862370890549,0.02261163941621781
2023-01-10,0.0109983345227232,0.0001209633622737,0.000124007540575,0.0005276293619030553,0.022970184193929644,0.0005653524042389727,0.023777140371351906,0.0004942018017862223,0.02223065005316359,0.0004977127601564275,0.02230947691355464
2023-01-11,0.0,0.0,0.0001402515076709,0.0005032294019252956,0.022432775172173763,0.0005458846553575163,0.023364174613230322,0.00047526842396748974,0.021800651916112274,0.0004823704621042563,0.021962933822790076
2023-01-12,-0.0063303565868199,4.007341451629472e-05,7.001813031024032e-05,0.0004730356378097778,0.021749382469619175,0.0005223609663251036,0.02285521748584125,0.0004468549418151547,0.021138943725152272,0.0004658158561601804,0.02158276757415926
2023-01-13,0.0197030157416474,0.0003882088293156,0.0002987821773273,0.00044705790441216874,0.02114374385987895,0.000502354007743763,0.02241325517955308,0.00043741682180084747,0.020914512229570345,0.00045291764819749877,0.021281861953257257
2023-01-16,-0.0041598043816512,1.7303972493605068e-05,0.0001755386365889,0.0004435269599063749,0.02106007976970588,0.0004995327427384919,0.02235022914286321,0.00043085956372696026,0.020757156927839616,0.00044553691123464027,0.02110774529016873
2023-01-17,-0.0050146303442075,2.5146517489047415e-05,9.20263118183982e-05,0.00041795358066160863,0.02044391304671414,0.0004801516930262599,0.021912363930581748,0.00041670711653559557,0.02041340531453769,0.0004325541809755999,0.020797936940369827
2023-01-18,0.0256423309014694,0.0006575291340604,0.0002199118504837,0.0003943851568712549,0.01985913283281158,0.00046253024570233977,0.021506516354406164,0.0004057009421993712,0.02014201931781844,0.0004209411494534984,0.020516850378493733
2023-01-19,0.0089432069074605,7.998094978965084e-05,0.000237638973288,0.00041017379550260677,0.020252747850664776,0.00047476907663843686,0.02178919632842012,0.0004066293944151951,0.02016505379152744,0.00042069981309148934,0.02051096811687565
2023-01-20,-0.0048681579701686,2.369896202251612e-05,0.000115203514611,0.0003903622247598293,0.019757586511510692,0.0004600163022160209,0.021447990633530707,0.0003918181238457335,0.019794396273838045,0.0004097683371647355,0.020242735417051114
2023-01-23,-0.0077567490277144,6.01671554789488e-05,0.000132362250614,0.00036836242899559047,0.019192770227238965,0.00044378924901264947,0.021066306012508446,0.0003820124236655641,0.019545138108122032,0.0003995931838418661,0.019989827008802905
2023-01-24,-0.0132014265954911,0.0001742776641561,0.0001470880030262,0.00034987071258459193,0.018704831263194863,0.0004303869677190139,0.020745769875302626,0.00038004498400580073,0.01949474247087662,0.0003924171642812181,0.01980952206089834
2023-01-25,0.0049710064991579,2.471090561467014e-05,0.0001135504396875,0.0003393351296788848,0.018421051264216295,0.00042311397443264007,0.02056973442785881,0.0003921581270469237,0.019802982781564088,0.0003929697585341442,0.019823464846846127
2023-01-27,-0.0028967846905411,8.391361543353473e-06,0.0004231262013298,0.0003204576762350319,0.01790133168887253,0.000409608088472715,0.02023877685218934,0.00037474615654382436,0.019358361411643918,0.0003828754653563025,0.01956720382058465
2023-01-30,-0.0158733296753895,0.0002519625949836,0.0004493748383441,0.00030173369735353114,0.01737048350949193,0.00039634376476448114,0.019908384283122554,0.00036118654644391957,0.019004908482913554,0.00037353371895976954,0.019327020436678014
2023-01-31,0.0079681247680085,6.349101231855097e-05,0.0001853765450907,0.0002987474312113353,0.017284311707769427,0.0003950501520937489,0.019875868587152335,0.00038086726786048483,0.019515820963015747,0.0003802876640188844,0.019500965720160742
2023-02-01,0.0194422644856494,0.0003780016483299,0.000572734175074,0.0002846320460777682,0.016871041641753133,0.00038533170198587024,0.019629867599804902,0.0003669222002020054,0.019155213394843853,0.00037176371724223755,0.019281175203867566
2023-02-02,-0.0173558552582332,0.0003012257117447,0.0004179768227302,0.0002902342222128988,0.01703626197887608,0.00039053323763257446,0.019761913815027492,0.0003641107072010294,0.019081685124774213,0.00036964232015688955,0.019226084368817526
2023-02-03,0.0033291708730435,1.1083378701921403e-05,0.0003672253212539,0.00029089371158480933,0.017055606456083856,0.000391887506644962,0.01979614878315886,0.0003876067635967237,0.01968773129633589,0.0003797860852350959,0.019488101119275215
2023-02-06,-0.0243914944563533,0.0005949450018143,0.0002311887789154,0.00027410509161183603,0.01655611946114898,0.00038002960503425115,0.019494348027934948,0.0003690576620035046,0.019210873535669963,0.000370324303308212,0.019243812078385405
2023-02-07,-0.0524366631045934,0.0027496036375446,0.0006515600729996,0.0002933554862239847,0.017127623484417934,0.00039542104899438024,0.019885196730089955,0.00041156798424478913,0.020287138394677284,0.00039907553844714466,0.019976875092144533
2023-02-08,0.0,0.0,0.0002040245646028,0.00044073037530322336,0.020993579382830918,0.0005070838545788621,0.02251852247770404,0.0005431652319202492,0.023305905515989916,0.0005627325577685726,0.02372198469286608
2023-02-09,-0.0017961366867819,3.2261069976041e-06,0.0002613661771295,0.0004142865527850299,0.02035403038184403,0.00048637323431742816,0.02205387118665175,0.000509160170401003,0.02256457778025113,0.0005407825582318535,0.023254731953558472
2023-02-10,-0.0222684445600709,0.0004958836231249,0.0002604971963693,0.00038962292603778433,0.01973886840823922,0.00046730995480222427,0.021617353094267214,0.0004829482541583541,0.02197608368564231,0.0005205111302351286,0.022814713021099536
2023-02-13,-0.0004597024439513,2.1132633697480175e-07,0.0001455994334994,0.0003959985678630143,0.019899712758304183,0.0004718961278435723,0.021723170299097053,0.0005177884445653847,0.02275496527277914,0.000532887941526607,0.0230843657380186
2023-02-14,0.004587158178074,2.104202015067153e-05,8.253712817053229e-05,0.00037225133337145196,0.019293815935979383,0.0004537461791115935,0.02130131871766613,0.0004871721808952784,0.02207197727652143,0.0005129550866045103,0.02264851179668347
2023-02-15,0.0095651182668101,9.149148745806524e-05,9.710991546454028e-05,0.0003511787745782051,0.01873976452835534,0.0004378536218919571,0.02092495213595379,0.0004623260726606374,0.02150176905886205,0.0004947371417118545,0.022242687376121045
2023-02-16,0.0152948504502568,0.0002339324502957,6.979496695032103e-05,0.0003355975373509966,0.018319321421684718,0.0004262974866736954,0.020646972821062544,0.00044422943520383036,0.021076751059018333,0.000479048285253735,0.021887171705218905
2023-02-17,0.0022296152659518,4.971184234165724e-06,9.283040788524776e-05,0.00032949763212768005,0.01815206963758348,0.0004220172861748191,0.020543059318777694,0.00043295215154273513,0.02080750228986495,0.00046705326564782713,0.021611415169947273
2023-02-20,0.0008905456918445,7.930716292628159e-07,7.845648940164408e-05,0.00031002604525406913,0.01760755648163791,0.0004076987054696561,0.02019155034834265,0.0004100017685410499,0.02024850040227794,0.0004516191875745708,0.021251333783425707
2023-02-21,0.0070954389183667,5.0345253444273747e-05,5.889252455553624e-05,0.00029147206683658073,0.017072553026322126,0.00039422938157692534,0.01985521043899876,0.00038758135348338646,0.019687085957129015,0.00043714387886053537,0.02090798600679978
2023-02-22,-0.0178337838300229,0.0003180438456959,0.0002666700774189,0.0002770044580330423,0.016643450905177156,0.00038397626954177807,0.019595312437972967,0.0003723971604726951,0.01929759468101388,0.0004245589984725299,0.020604829493896082
2023-02-23,0.0080645498278973,6.503696392663932e-05,0.0001507636290177,0.00027946682129281893,0.016717261177980648,0.0003865660742545633,0.019661283636999982,0.0003969790758787089,0.019924333762480213,0.0004320838088188689,0.02078662571989184
2023-02-24,-0.0207401988718096,0.0004301558492422,0.0003272386469642,0.0002666010298508481,0.016327921786034132,0.0003775325967600202,0.019430198062809864,0.00038202366243731344,0.019545425614125506,0.00042011100281299016,0.0204966095443366
2023-02-27,-0.0338229259941115,0.0011439903228031,0.0007482255906422,0.0002764143190143299,0.016625712586663163,0.00038565685909329174,0.019638148056608896,0.00041431629641707195,0.020354761025791288,0.00043505435219188756,0.020857956567983536
2023-02-28,-0.0204721262624255,0.0004191079537046,0.0003985417703594,0.0003284688792416588,0.018123710415962255,0.0004254563268775713,0.02062659271129314,0.00048491919221938244,0.022020880822968512,0.0004943279771581852,0.0222334877416519
2023-03-01,0.0148009611920717,0.0002190684522092,0.0002178377387888,0.00033390722370944077,0.01827312845982977,0.00042960675771287066,0.020726957270976138,0.0005142352002112409,0.022676754622547753,0.0005035868877069614,0.022440741692443266
2023-03-02,-0.0080894542242736,6.543926964661936e-05,0.0002102348425548,0.0003270168974194271,0.018083608528704304,0.00042441480437239635,0.020601330160268688,0.0004978070752872562,0.02231159060415138,0.0004896688397411792,0.022128462209136432
2023-03-03,0.0222073190389536,0.0004931650188978,0.0001918804260187,0.00031132223975305855,0.017644325993164445,0.0004126554670904509,0.020313922986229197,0.0004901122172572824,0.022138478205542548,0.00047678008898680956,0.021835294570644325
2023-03-06,-0.0126970356368594,0.0001612147139636,0.0002157930812735,0.0003222328065017473,0.017950844172398894,0.00042108122886720835,0.020520263859590313,0.0004829264844044445,0.021975588374476905,0.0004697428958336817,0.02167355291210192
2023-03-08,0.0080131918491016,6.421124361050895e-05,0.0002728177196024,0.0003125717209494631,0.017679697988072736,0.0004138924790255463,0.020344347594001295,0.0004892789445916263,0.022119650643525685,0.00046427436358591635,0.021547026792249468
2023-03-09,0.0158364402675843,0.0002507928403487,6.474504553112162e-05,0.00029767009230912577,0.01725311833580022,0.0004028405083549912,0.02007088708440639,0.0004676929587861399,0.021626209995885545,0.0004501250239519947,0.021216150073752653
2023-03-10,-0.0009247182709442,8.551038806181247e-07,9.563017293797348e-05,0.00029485745719150415,0.017171413954345873,0.0004010230088754341,0.02002555889046381,0.0004554349737565565,0.021340922514187538,0.00044038442055449595,0.020985338228260604
2023-03-13,-0.0120987839410341,0.0001463805728518,0.0002184846278754,0.000277217315992851,0.016649844323381856,0.00038804047859126545,0.019698743071355225,0.00043103820912127413,0.020761459705937686,0.0004267030012047447,0.020656790680179355
2023-03-14,-0.0037523451863773,1.4080094397729151e-05,0.0001727749782974,0.00026936711140438936,0.016412407239780196,0.000382576711980298,0.019559568297390872,0.00043810970495123584,0.020931070325027237,0.00042318203141103103,0.02057138866024924
2023-03-15,0.0209261439178825,0.0004379034992719,9.42221818653665e-05,0.00025404989038398974,0.015938942574210805,0.000371529292479206,0.019275095135412586,0.00042239861328549405,0.02055233838971843,0.0004114954359780693,0.020285350279895815
2023-03-16,-0.0336951584668515,0.0011353637041062,0.0004086532439038,0.00026508110691726624,0.016281311584674812,0.000380438977856834,0.01950484498417852,0.00041789939176244486,0.02044258769731574,0.0004078169444237655,0.020194478067624463
2023-03-17,0.018392265467498,0.0003382754290269,0.000176701662567,0.00031729806274860436,0.01781286228399592,0.0004202268336179454,0.02049943495850423,0.0004881680907711012,0.02209452626265386,0.0004683713976687911,0.021641889882096504
2023-03-20,-0.0236416545779332,0.0005589278311823,0.0002205395359631,0.00031855670472530324,0.017848156899951974,0.0004211028987728665,0.020520791865151464,0.0004771762179222282,0.021844363527515016,0.00045902747443231075,0.021424926474373506
2023-03-21,0.0023893641269299,5.7090609310598166e-06,3.9698106393359046e-05,0.00033297897231272366,0.018247711426716603,0.00043188859705907444,0.020781929579783358,0.0005163453192638499,0.02272323302841939,0.00047953596266934665,0.02189830958474527
2023-03-22,0.0004773326760429,2.2784648361830869e-07,7.833684286901878e-05,0.0003133427776298238,0.017701490830713207,0.0004168876944770302,0.020417827858933237,0.00048699348682805483,0.02206792892022391,0.0004632774930153051,0.02152388192253677
2023-03-23,0.0009537422936182,9.096243626361456e-07,4.332734991317477e-05,0.00029455588176105144,0.01716263038584271,0.0004027266190393948,0.020068049706919572,0.0004580976019793246,0.021403214758052694,0.0004480089848181621,0.02116622273383142
2023-03-24,-0.0270549195502464,0.0007319686718703,0.0004141265474815,0.00027693710631714654,0.016641427412248822,0.0003896230407895596,0.019738871314985557,0.0004319793425493511,0.02078411274385681,0.00043377822044312426,0.02082734309611104
2023-03-27,0.0019571096457971,3.83027816567205e-06,5.7736601529736894e-05,0.0003042390002503361,0.017442448229831042,0.00041051221645869887,0.02026110106728405,0.0004820362734017271,0.021955324488645737,0.0004669712269288744,0.021609517045248244
2023-03-28,0.0019530411647344,3.8143697911474448e-06,1.922598706692015e-05,0.0002862144769252562,0.01691787448012475,0.00039697618929117995,0.019924261323601936,0.000454993219921717,0.02133057007962321,0.0004515215071839216,0.021249035441259955
2023-03-29,0.0106744371789685,0.0001139436090877,0.0002757734490619,0.00026927047049720966,0.016409462833901958,0.0003844208087971892,0.019606652156785698,0.00043007508498915783,0.020738251734154396,0.0004371087641284623,0.020907146245445894
2023-03-31,0.0086498924641548,7.482063964144284e-05,6.436680080578137e-05,0.0002599508588126418,0.016122991621055995,0.0003777533685359665,0.019435878383442476,0.00041528754762578003,0.020378605144262943,0.00042570520055265745,0.02063262466465809
2023-04-03,-0.0038351714812276,1.470854029042189e-05,6.941003899599091e-05,0.0002488430456623698,0.015774759765599278,0.0003698010216850631,0.01923021117109906,0.0003996102323525907,0.019990253433926013,0.0004143420105967473,0.020355392666238283
2023-04-05,0.0071788131045771,5.153535759044822e-05,0.0001078403344043,0.00023479497534005286,0.015323021090504733,0.00035970824804289713,0.01896597606354329,0.00038670975649413106,0.019664937235957074,0.00040328883200476653,0.02008205248486236
2023-04-06,-0.0047801178787982,2.284952693520634e-05,2.667644456509927e-05,0.00022379939827507655,0.014959926412756066,0.00035201171859269956,0.018761975338239298,0.00037166040381977574,0.01927849589101224,0.0003929989916021435,0.019824202168111166
2023-04-10,0.0057333256324562,3.287102280778019e-05,5.0995609880739154e-05,0.00021174240599468433,0.01455137127540509,0.0003435766343713932,0.018535820304788057,0.0003628851313650634,0.019049544124861973,0.00038389576246860153,0.019593258087122763
2023-04-11,0.024471859459506,0.0005988719054058,0.0002406206733169,0.00020101012300347001,0.014177803885068731,0.0003362060522350556,0.018335922453889677,0.00034820259135939357,0.018660187334520347,0.0003745619528990495,0.01935360309862351
2023-04-12,0.0004647524453699,2.1599483547734958e-07,6.54088729678011e-05,0.00022488182994761063,0.01499606048092667,0.0003549522058575222,0.018840175313874396,0.000350839712021161,0.018730715737022997,0.0003763470852248653,0.01939966714211523
2023-04-13,-0.0009297990714153,8.645263132048669e-07,0.000159419370894,0.0002114018798408826,0.014539665740342265,0.0003452809347715754,0.018581736591922065,0.00033251727246429153,0.018235056140969007,0.00036691473779112364,0.01915501860586733
2023-04-17,-0.0032610043115034,1.0634149119644296e-05,7.495071509620139e-05,0.00019876963862922191,0.014098568673068267,0.00033634014613207136,0.01833957867924101,0.00031725631538824425,0.017811690413552676,0.0003581665639016193,0.0189252890044411
2023-04-18,0.0041908033829187,1.756283299428365e-05,3.449024173635501e-05,0.00018748150925864722,0.013692388734572476,0.0003284891390135683,0.018124269337371046,0.00030826167623245886,0.017557382385551067,0.000350626169930556,0.018725014550877016
2023-04-19,0.004636071504932,2.149315899884271e-05,0.0002129114772642,0.00017728638868278536,0.013314893491229487,0.00032152049789888873,0.017930992663511097,0.00029600174904102777,0.01720470136448255,0.0003432422554449825,0.018526798305292323
2023-04-20,-0.0009254187185437,8.563998046311646e-07,5.22106542406027e-05,0.00016793879490174877,0.0129591201438118,0.0003152347298600239,0.017754850882505994,0.00028490458822375795,0.016879116926656973,0.00033642694489217353,0.018341944959359504
2023-04-21,-0.0172780568408338,0.000298531248195,0.0002394945760918,0.0001579138511959217,0.012566377807304765,0.0003084719320679751,0.017563369040932184,0.00027291187958328916,0.016520044781515853,0.00032972516074591984,0.018158335847371032
2023-04-24,0.0032917535627373,1.083564151779405e-05,5.847581649545607e-05,0.00016635089501587143,0.012897708905688305,0.00031565388279964116,0.017766650860520705,0.00029763998664042305,0.017252245843380018,0.00034237778799836105,0.018503453407360503
2023-04-25,0.0051510630187398,2.6533450223029e-05,5.749553635267668e-05,0.00015701997980598675,0.012530761341833414,0.00030931174263056397,0.017587260805212505,0.0002853792929240873,0.01689317296792072,0.0003354229520007785,0.01831455574128891
2023-04-26,-0.0018700309955486,3.4970159243127926e-06,4.583510322626745e-05,0.00014919078803100926,0.012214368097900491,0.00030413892610584926,0.017439579298419137,0.00027536896105745623,0.016594244817329178,0.0003292260528217966,0.018144587424953937
2023-04-27,0.0074593109725867,5.56413201857524e-05,7.558130293696011e-05,0.00014044916170460745,0.01185112491304549,0.0002982999289239677,0.01727136152490497,0.0002659720827430931,0.01630865054941987,0.00032317542388534884,0.017977080516183623
2023-04-28,0.0027828518149656,7.744264224057677e-06,4.461088940969176e-05,0.00013536069121347614,0.011634461363272309,0.00029524110274085154,0.017182581375941496,0.00025891478114534986,0.0160908291006197,0.00031834039514505304,0.017842096153340644
2023-05-02,0.021535857774315,0.0004637931700755,0.0002446920179632,0.00012770370559411098,0.011300606425945069,0.0002902391692793722,0.01703640717050905,0.0002488184903735969,0.015773981436961213,0.00031294208791761446,0.017690169245024607
2023-05-03,-0.0054547049409841,2.975380599319641e-05,0.0001512558435459,0.00014786907346299577,0.012160142822475227,0.00030621258420753347,0.017498930944704408,0.00025325183757555483,0.015913888197909235,0.00031636025574467594,0.017786518932738804
2023-05-04,0.0122313580789168,0.0001496061204546,0.0001695416320044,0.0001407821574148078,0.011865165713752497,0.0003014100126358967,0.017361163919389067,0.0002525079271603156,0.01589049801486145,0.0003128409099429281,0.01768730929064475
2023-05-05,-0.0218489689358798,0.000477377443561,0.0001801617437677,0.00014131159519720034,0.011887455370986691,0.00030237276850342065,0.017388869097886173,0.000249767599860134,0.01580403745440177,0.0003104416048491679,0.017619353133675703
2023-05-08,0.0082494261251532,6.805303139436131e-05,7.764579359564207e-05,0.00016147554609903078,0.012707302864850226,0.0003180804823374034,0.01783481097004965,0.0002851451103511525,0.01688624026689045,0.00033574690328626907,0.0183233977003794
2023-05-09,0.0,0.0,0.0001248760860424,0.00015587019521675054,0.012484798565325375,0.0003141485507641546,0.017724236253338382,0.0002775542104900916,0.016659958297969766,0.00033029792682386723,0.018174100440568365
2023-05-10,-0.002742228594016,7.519817661839498e-06,5.917566178081e-05,0.0001465179835037455,0.012104461305805619,0.0003074257933068052,0.017533561911568487,0.00026413894363777266,0.01625235194172747,0.0003239532485289671,0.017998701301176347
2023-05-11,-0.0064280068060845,4.131927149906992e-05,4.754313095436747e-05,0.0001381780935532311,0.011754917845447969,0.00030153032177631365,0.017364628466405886,0.000257230584816864,0.01603840967231053,0.0003185121043948438,0.017846907418229183
2023-05-12,-0.0167212240047054,0.0002795993322155,0.0001068719686271,0.00013236656422998137,0.011505066893763868,0.00029758995671853633,0.017250795828556327,0.0002583253246186553,0.0160725021268829,0.0003155827756809677,0.01776464960760464
2023-05-15,0.0088599602727789,7.849889603522046e-05,0.0002051521191858,0.00014120053030911465,0.011882782936211308,0.00030470516027886327,0.01745580591891601,0.00028187793101053655,0.01678922067907074,0.0003279825910933556,0.018110289646865278
2023-05-16,-0.0027893986042088,7.780744573162359e-06,6.510618553810751e-05,0.00013743843225268098,0.0117234138480513,0.00030221508021148827,0.01738433433328663,0.0002749556514083003,0.01658178673751114,0.0003232485401929,0.01797911399910741
2023-05-17,-0.013121150636653,0.0001721645940297,0.000120865838283,0.00012965897099190984,0.011386789318851466,0.0002967091803130685,0.017225248338211804,0.0002675050047687692,0.016355580233326155,0.00031787127985485495,0.01782894500117309
2023-05-18,-0.0075757847753335,5.73925149621749e-05,0.0001345907354438,0.00013220930837417962,0.011498230662766321,0.000299032356018548,0.01729255203891398,0.0002827793064931668,0.01681604312830955,0.00032329458084785995,0.017980394346283398
2023-05-19,-0.0052418050152376,2.747651981777046e-05,8.927979664354604e-05,0.0001277203007694593,0.011301340662481568,0.00029599957997051196,0.017204638327221876,0.0002852149211436382,0.016888307231443838,0.0003210649285786179,0.017918284755484213
2023-05-22,0.0033388571489401,1.1147967061028645e-05,2.9651697915027505e-05,0.00012170567391235794,0.011032029455741946,0.00029183452420516353,0.0170831649352561,0.0002824265774492961,0.016805551982880425,0.0003170850941039754,0.017806883334934707
2023-05-23,0.0056980937915282,3.2468272857052865e-05,3.571018520251864e-05,0.00011507221150127816,0.010727171644999355,0.0002872334107443248,0.01694796184632019,0.0002712137538273534,0.01646856866358924,0.00031183416234802194,0.017658826754572966
2023-05-24,-0.0037951459252305,1.4403132593793964e-05,2.6323111480283608e-05,0.00011011597518262459,0.010493615925057702,0.0002839295242033692,0.01685020843204526,0.0002625111954949404,0.01620219724281063,0.0003073309972305415,0.01753085842822711
2023-05-25,-0.0033324989308677,1.1105549124234891e-05,2.6625082122534925e-05,0.00010437320462729473,0.010216320503356125,0.0002800486538847187,0.016734654280406235,0.0002578665802196119,0.016058224690781105,0.0003034429860439682,0.017419614979785523
2023-05-26,0.0146747620360546,0.0002153486408148,0.0001043038286648,9.877714529711111e-05,0.009938669191451695,0.0002763001020513951,0.01662227728235199,0.00025252797288253154,0.01589112874790622,0.00029960659031273614,0.017309147590587357
2023-05-29,0.0190836766967424,0.0003641867162657,0.0002026801921984,0.00010577143502817421,0.010284524054528446,0.00028205479384564244,0.016794487007516557,0.0002516145505050479,0.015862362702480606,0.0002993145249607013,0.01730070879937297
2023-05-30,-0.0129932065472314,0.000168823416379,0.0001301374635876,0.0001212763519024311,0.01101255428601517,0.00029411952023959936,0.0171499131262989,0.00025407159019204365,0.015939623276352663,0.0003018011653722421,0.017372425431477382
2023-05-31,-0.0117454415816744,0.0001379553979485,5.820101710847584e-05,0.00012412917577102624,0.011141327379223099,0.00029647943094135285,0.017218578075478615,0.0002693418329405566,0.01641163711945145,0.00030809120188289487,0.017552526937250228
2023-06-01,0.0014166446512435,2.006882067896876e-06,2.587861276211169e-05,0.00012495874910167622,0.011178494939019127,0.00029727306066378804,0.017241608412900115,0.00028149309496069286,0.01677775595723972,0.0003119985965128768,0.017663482004205082
2023-06-02,0.0191640371897876,0.0003672603214115,0.0001013147757686,0.00011758163707964944,0.01084350667817609,0.00029186448887146894,0.017084041936013532,0.00026887693119209954,0.016397467218814604,0.00030691971122267424,0.017519124156837127
2023-06-05,0.0128796469494446,0.0001658853055423,0.0001342525560595,0.00013256235813956422,0.011513572779097035,0.0003033569318770094,0.01741714476821644,0.0002706560422803732,0.016451627344441437,0.0003089527277339405,0.01757705116718787
2023-06-06,-0.0036630032535329,1.3417592835392726e-05,7.283490299967728e-05,0.00013456173498373062,0.011600074783540432,0.0003049143296080857,0.01746179628812814,0.00026746767447133725,0.016354438983692998,0.00030711624611570303,0.01752473241209985
2023-06-07,0.0226766810438245,0.0005142318631633,0.0002407155969405,0.00012729308645483033,0.011282423784578841,0.00029946751022647954,0.017305129592883134,0.0002622748917478298,0.016194903264540664,0.0003031800642427453,0.017412066627564497
2023-06-08,-0.003143908936377,9.88416340023166e-06,0.0001208942634813,0.00015050941305734148,0.012268227787962754,0.000317051618985149,0.01780594336128106,0.0002670741377673408,0.016342403059750446,0.0003081886510991835,0.017555302649034096
2023-06-09,-0.0204506232662039,0.0004182279919762,0.0002675726611807,0.00014207189807791487,0.011919391682376868,0.0003105651372139255,0.017622858372407284,0.0002608245842003219,0.016150064526196852,0.0003039560717023444,0.017434335998320796
2023-06-12,0.0054945125598061,3.018966826986768e-05,6.281502744448417e-05,0.00015864126371181202,0.012595287361224118,0.000323005438113817,0.017972352047348088,0.0002930201519674631,0.017117831403757403,0.00032594038980149115,0.01805381925802657
2023-06-13,0.0149561107063979,0.000223685247462,0.000142331097413,0.0001509341679852953,0.012285526768734636,0.0003170050802991071,0.017804636483205915,0.00028278902987632096,0.016816332236142366,0.0003204479133972972,0.017901059002117647
2023-06-14,0.0235618891460508,0.0005551626201307,0.0001919779819306,0.00015529923275389937,0.01246191128013273,0.0003201854516865928,0.017893726601426345,0.0002805955884376262,0.01675098768543593,0.00031891113255619807,0.01785808311539058
2023-06-15,-0.0004395002074761,1.9316043237154237e-07,2.516819901986629e-05,0.00017929103599651262,0.013389960268668186,0.00033811751102451733,0.018387971911674145,0.00028538229142891067,0.016893261716699668,0.00032362231544857636,0.017989505703286467
2023-06-16,0.0043860400865541,1.9237347640859732e-05,2.490511295331918e-05,0.00016854516346266415,0.012982494500775425,0.00032966572788294227,0.018156699256278445,0.00027233778146738065,0.01650265983008135,0.0003177380949969136,0.01782520953584876
2023-06-19,-0.0013138815689239,1.726284777158187e-06,0.0001794514351025,0.00015958669451335587,0.012632762742700263,0.0003226874692284719,0.017963503812688433,0.00026257386584942807,0.016204131135282386,0.00031259327921160995,0.01768030766733458
2023-06-20,0.0013138815689239,1.7262847771581513e-06,8.443944623601447e-05,0.00015011506992918398,0.012252145523506647,0.00031542366323266834,0.017760170698297592,0.00025284474740731936,0.01590109264822136,0.00030754689639144725,0.017537015036529085
2023-06-21,-0.0030681922191059,9.413803493382222e-06,0.0001168934674178,0.0001412117428200624,0.01188325472335178,0.00030868648517740164,0.017569475950562716,0.00024207590316325912,0.015558788614903769,0.0003027616901446535,0.01740004856730732
2023-06-22,0.0072267206351286,5.222549113819472e-05,7.916253182340321e-05,0.00013330386646046157,0.011545729360263974,0.0003027852183752089,0.017400724650864657,0.00023708327293933383,0.015397508660148038,0.00029886359778170127,0.017287671843880578
2023-06-23,-0.0135932838791426,0.0001847773666189,7.16483351756798e-05,0.00012843916394112548,0.011333100367557214,0.00029924681726619014,0.017298751899087694,0.00023152175702130227,0.01521583901798722,0.00029559750831010287,0.01719294937787298
2023-06-26,0.0022783808688778,5.191019383668424e-06,0.0001335155466763,0.00013181945610179544,0.011481265439915386,0.0003019560914505545,0.01737688382451107,0.0002484628537030686,0.01576270451740654,0.00030331723823954696,0.01741600523195681
2023-06-27,0.0081596461423434,6.657982516825962e-05,5.352003115963441e-05,0.0001242217498987078,0.011145481142539687,0.0002963519167263633,0.017214874868158737,0.00023867396651042455,0.015449076558500982,0.00029888023283235535,0.017288152961850937
2023-06-28,0.0071975354105051,5.180451598547537e-05,3.838522620871508e-05,0.0001207632344148809,0.010989232658146832,0.0002939287255119117,0.01714434966722015,0.00023369098745086266,0.015286954812874363,0.00029587912104530326,0.017201137202095193
2023-06-30,0.0040259317105778,1.6208126138236098e-05,9.433784651857932e-05,0.00011662571130911652,0.010799338466272668,0.00029101339515381875,0.017059114723625573,0.00022829915431514408,0.015109571612562154,0.00029280560111941963,0.01711156337449678
2023-07-03,0.0097734986716018,9.552127628380288e-05,0.000136356843886,0.00011060065619886368,0.010516684658145061,0.0002867005251580978,0.016932233318676475,0.00022099665985244194,0.014865956405574515,0.00028927856209576654,0.017008191029494187
2023-07-04,-0.0062084570445528,3.854493887405758e-05,4.794902855514711e-05,0.00010969589340395998,0.010473580734589292,0.0002862851714294484,0.016919963694684702,0.00021809069287373272,0.014767893989114789,0.000287458596750126,0.01695460399862309
2023-07-05,0.0048812270187392,2.3826377208469896e-05,5.1594194809099104e-05,0.00010542683613216581,0.010267757113029399,0.00028332468842796193,0.016832251436690277,0.00022039494450100646,0.014845704580820894,0.00028643796533929695,0.016924478288541038
2023-07-06,-0.0026594677472431,7.07276869862636e-06,5.223955106541789e-05,0.00010053080859674403,0.010026505303282097,0.0002799135849859752,0.016730618188996342,0.00021414673175711,0.014633753167151277,0.000283479663968111,0.016836854337081823
2023-07-07,-0.0093646703724131,8.769705118395227e-05,0.0001202490226963,9.492332620285696e-05,0.009742860268055627,0.0002759925502327042,0.016613023512675355,0.00020988736946799054,0.014487490102429425,0.0002807274663397331,0.016754923644700177
2023-07-10,0.0326164572425878,0.0010638332830575,0.0004579157519286,9.448974970172265e-05,0.00972058381486023,0.0002759998847418227,0.016613244256972286,0.00021861423289492232,0.014785608979508497,0.00028328026080601433,0.016830931667795885
2023-07-11,-0.0013018184577678,1.6947312969849605e-06,4.5731925905703135e-05,0.00015265036170307282,0.012355175502722445,0.00032012653893830317,0.017892080341265607,0.00023223445934234896,0.015239240773160223,0.0002998131686730122,0.0173151138798742
2023-07-12,-0.0039156547535531,1.5332352149023038e-05,0.000114567664291,0.00014359302387870752,0.011983030663346711,0.00031304697492710214,0.017693133553079346,0.0002243748733319498,0.014979147950799798,0.0002956228199168619,0.0171936854663816
2023-07-13,0.0013069225863286,1.7080466466560344e-06,0.0001616678678606,0.00013589738357492644,0.011657503316530793,0.00030709708068048567,0.017524185592502885,0.00022196727390347387,0.014898566169382673,0.0002925798906647292,0.01710496684196521
2023-07-14,0.0198282916739124,0.0003931611507057,0.0002560684677802,0.0001278460233592302,0.011306901580858932,0.0003009627578242143,0.017348278238033144,0.00021318883976036759,0.014600987629621757,0.00028879920920607283,0.016994093362285405
2023-07-17,0.0051085671471848,2.6097458297296693e-05,0.0001306433076769,0.00014376493100002103,0.011990201457858039,0.00031296625133576153,0.01769085219359886,0.0002176683421771634,0.014753587434151852,0.00029252894828038603,0.01710347766626384
2023-07-18,-0.0098145213543627,9.632482941524195e-05,8.031485291898337e-05,0.00013670488263785752,0.011692086325282479,0.00030750877575847684,0.01753592814077649,0.00021173194375856945,0.014551011777830759,0.0002892038075561792,0.01700599328343332
2023-07-19,0.0008572769058186,7.34923693250029e-07,3.207271169641019e-05,0.00013428207944450057,0.011588014473778524,0.00030562113747687863,0.017482023266111923,0.0002212984225132177,0.014876102396569396,0.0002917354379571136,0.017080264575149696
2023-07-20,0.0021399129684491,4.5792275125367106e-06,2.1415077822056644e-05,0.0001262692500994255,0.011236959112652564,0.00029954983725453423,0.017307508117997063,0.00021225775740796248,0.014569068515452952,0.0002879934124791202,0.016970368660672055
2023-07-21,-0.0029971898742677,8.983147142412929e-06,0.0001589094669201,0.00011896784874421216,0.010907238364692144,0.0002940924645754801,0.017149124309289967,0.0002046419246478774,0.014305311064352197,0.0002845738851886358,0.016869317863761883
2023-07-24,-0.0094787313392935,8.9846347802506e-05,0.0001251461339641,0.0001123687666481042,0.010600413513071281,0.000289229803294413,0.017006757577340045,0.00020150269760227317,0.014195164585247794,0.0002818695457234613,0.016788970954869784
2023-07-25,0.0319516135284534,0.0010209056070716,0.0008101479703012,0.00011101742151736824,0.01053648050903945,0.0002883745781918568,0.016981595278178573,0.00021065707595925738,0.014514030314122173,0.0002844821582238958,0.01686659889319408
2023-07-26,0.0058528023470858,3.425529531405365e-05,7.706131747351656e-05,0.000165610712650625,0.012868982580244057,0.00032966379898157015,0.018156646138028084,0.00022392024937361536,0.014963965028481433,0.0003001385974609258,0.017324508577761327
2023-07-27,-0.001251252636325,1.5656331599104154e-06,0.0001318450109819,0.00015772938761043068,0.012559036094001429,0.00032336446823417564,0.017982337674345227,0.00021813820057825045,0.014769502380860718,0.00029645378253007065,0.017217833270480657
2023-07-28,0.0066556203294088,4.429728196924025e-05,0.0001445200942898,0.00014835956234339945,0.012180294017116313,0.00031604431841830667,0.01777763534383318,0.00021103351428874628,0.014526992609922615,0.00029248077940024206,0.017102069447883846
2023-07-31,0.0209237879761844,0.0004378049032723,0.0002550423903211,0.00014211582552094986,0.011921234228088544,0.0003111862860740574,0.01764047295494249,0.00020651401968051748,0.014370595661993885,0.0002894962532527396,0.017014589423572337
2023-08-01,0.0004059979788867,1.648343588600948e-07,6.068586400862066e-05,0.00015985717018603203,0.012643463535994874,0.00032446639969224754,0.018012950887965236,0.00021198717237520305,0.014559779269453333,0.0002940067807014229,0.017146625927611032
2023-08-02,-0.035105882883131,0.0012324230130041,0.0005365545249071,0.00015027563003640172,0.012258696098541709,0.00031700304559709186,0.017804579343446782,0.00020323684313321958,0.014256115990451942,0.0002901016925193204,0.017032371899395587
2023-08-03,-0.006325148427983,4.0007502636016974e-05,0.0001185849595091,0.00021520447301446428,0.014669849113554791,0.00036577695495793917,0.019125296205756898,0.00026822109563000247,0.01637745693415197,0.00036472332992007765,0.019097731014968183
2023-08-04,0.0067454104471389,4.5500562100371235e-05,7.816732896522046e-05,0.00020469265479175735,0.014307084077189081,0.0003571194013248393,0.018897603057658908,0.0002685998507204908,0.016389016160846592,0.00035860814047390487,0.018936951720747056
2023-08-07,-0.0012613162893843,1.590918781866321e-06,6.54235247422053e-05,0.00019514112923027415,0.013969292366840712,0.0003493378005325061,0.01869058052957441,0.00026084780646388003,0.01615078346285034,0.0003512062258944587,0.018740496948972795
2023-08-08,-0.0059072012011703,3.489502603110884e-05,6.147628936334285e-05,0.00018352811660336967,0.013547254947160685,0.0003401357198237784,0.018442768767833597,0.0002511224508825003,0.01584684356212619,0.00034355882959571124,0.01853534001834634
2023-08-09,0.0172020455708504,0.0002959103718216,0.000331806067194,0.00017461013116903395,0.013214012682339682,0.00033310608676485415,0.018251194118874912,0.00025141063105551945,0.015855933622953882,0.0003385399152410466,0.018399454210411965
2023-08-10,-0.001665234008395,2.773004302715376e-06,4.913386361262743e-05,0.00018188814560818876,0.01348659132650607,0.0003383835949105703,0.018395205758853863,0.000252451531698555,0.015888723413117714,0.000337127342480196,0.01836102781655199
2023-08-11,0.0024968460749072,6.234240321779646e-06,0.0001262275559426,0.00017114123712986035,0.013082096052615589,0.0003300291255758582,0.018166703761988805,0.00024406380391816444,0.01562254153197118,0.0003305002526385506,0.018179665911081826
2023-08-14,-0.0180336576373624,0.0003252128077816,0.0002374552017503,0.0001612468173213755,0.012698299780733462,0.00032243680010208924,0.01795652527918721,0.0002347125188485176,0.015320330246065769,0.0003242575581791741,0.01800715297261547
2023-08-16,-0.0187959153658545,0.0003532864344403,0.0001722948562744,0.00017108477674898892,0.013079937948973188,0.0003298122593669888,0.01816073399857475,0.0002612665054242909,0.01616374045276312,0.00033897174048098965,0.01841118520033378
2023-08-17,0.0008621506640302,7.433037674877871e-07,0.0001187237178165,0.00018201687621047152,0.013491363022707214,0.00033792188040412057,0.018382651615153907,0.00028958686401577276,0.01701725195252667,0.00035448090843606916,0.01882766338226996
2023-08-18,-0.0021565964650476,4.650908313056214e-06,7.351402175027152e-05,0.00017114046186389247,0.013082066421781098,0.0003295091461663877,0.018152386789796755,0.00027598918480396855,0.01661292222349724,0.00034652639916654665,0.018615219557301672
2023-08-21,0.0094542904285555,8.93836075074771e-05,4.154105132068836e-05,0.00016115108865084226,0.012694529871202094,0.00032188295517977973,0.017941096822094788,0.0002671513585016861,0.016344765477108752,0.00033938753062198566,0.018422473520729666
2023-08-22,0.0055449115658258,3.074604427282916e-05,4.108124627590767e-05,0.0001568450397822403,0.012523778973705992,0.0003186394524013336,0.01785047485086415,0.0002615337874080928,0.01617200628889603,0.00033408954490918026,0.018278116558036833
2023-08-23,0.0118394146438895,0.0001401717391099,6.581073725398733e-05,0.0001492791000516756,0.012217982650653733,0.00031298077709322107,0.01769126273314658,0.0002533114034833733,0.01591575959492268,0.000328060260008883,0.0181124338510561
2023-08-24,-0.0059022203284277,3.483620480530593e-05,0.0001069056352274,0.00014873265839517177,0.012195599960443592,0.00031267822986347585,0.017682709912891628,0.00025023753428123844,0.015818898010962663,0.00032446425945861334,0.01801289147967681
2023-08-25,-0.0114821058812874,0.000131838755469,5.499753177795976e-05,0.00014189887117977977,0.011912131261020413,0.00030763661378019504,0.017539572793548737,0.0002505557906277451,0.015828954186166092,0.00032072359105684623,0.017908757384498965
2023-08-28,0.005970108625139,3.56421969959602e-05,4.073272594545373e-05,0.00014129526423713865,0.01188676845223876,0.00030734488186414115,0.017531254429279757,0.0002626170306817976,0.016205462988813295,0.0003233944153846037,0.017983170337418364
2023-08-29,0.0164456743112194,0.0002704602035507,0.0001468378958931,0.00013495608020266787,0.011617059877725856,0.000302726364586894,0.01739903343829461,0.00025464502890252606,0.015957600975789753,0.0003181739486377528,0.01783743111094624
2023-08-30,0.0211057020811327,0.0004454506603375,0.0001467240393498,0.00014308632760354992,0.011961869736941208,0.00030905610264498555,0.017579991542801876,0.0002549682686713074,0.015967725845320222,0.00031765693270210645,0.01782293277499824
2023-08-31,0.006530656852664,4.2649478927247664e-05,5.022636426261328e-05,0.0001612281875675887,0.012697566206466053,0.0003228362315714813,0.01796764401838709,0.00025883410591102647,0.016088322035284677,0.0003204185271025481,0.01790023818563731
2023-09-01,0.0332096839014869,0.0011028831048366,0.0006378342463132,0.00015411346504916822,0.012414244441333037,0.00031741130549326054,0.017816040679490507,0.00025150604245599356,0.015858942034574487,0.00031552775515478535,0.01776310094422664
2023-09-04,0.0363254633777992,0.0013195392896118,0.0003454442028355,0.0002110396434364189,0.014527203565601292,0.0003603006119379277,0.018981586128085495,0.00026492466223905487,0.016276506450680836,0.0003306195023886977,0.01818294537165796
2023-09-05,-0.0003796455013206,1.4413070667300894e-07,0.0002738756761169,0.00027754962220694366,0.0166598205934801,0.0004098729570595868,0.020245319386455397,0.0002805590621228179,0.016749897376486158,0.00034871429196326576,0.018673893326333044
2023-09-06,-0.016073730246861,0.0002583648040488,0.0003747994190726,0.00026090529271692743,0.016152563038630354,0.0003962166681978396,0.01990519199098164,0.00026772115592953833,0.016362186771013778,0.0003411423191641879,0.01847003841804851
2023-09-07,0.0042347793297783,1.79333559719176e-05,0.0001037766262535,0.00026075286339684306,0.016147843924092253,0.0003952216400340251,0.019880182092577147,0.0002897044208126271,0.017020705649667615,0.00035047756110874657,0.018721045940565034
2023-09-08,-0.0050066924733556,2.506696952275562e-05,0.0001272768787319,0.00024618369295134753,0.015690241965991076,0.00038343162123457284,0.01958141009311058,0.0002787050958720524,0.016694463030359867,0.0003431104925994934,0.018523241957052048
2023-09-11,0.0126608082300951,0.0001602960650392,0.0001486797149231,0.000232916689545632,0.01526160835382798,0.00037281881037868394,0.019308516524546467,0.0002757481116571829,0.016605665047121205,0.0003374975276651962,0.01837110578232013
2023-09-12,-0.0165292740595526,0.0002732169009357,0.0004263299815952,0.0002285594520752487,0.015118182829799641,0.00036908757769086345,0.019211652133298257,0.0002721215782240998,0.016496107972006603,0.00033364097895685624,0.018265841862801075
2023-09-13,0.0042544968824818,1.8100743723047793e-05,0.0001696731540227,0.00023123889900688167,0.015206541322959724,0.0003707307079418564,0.019254368541758424,0.00029511029212359085,0.01717877446512384,0.00034442306336888236,0.018558638510647336
2023-09-14,0.0164596123374139,0.0002709188382979,0.0002375126415033,0.0002184506096898516,0.014780074752512303,0.00036072385415011974,0.018992731613702116,0.00028377225690165013,0.01684554115787469,0.00033746558794755437,0.01837023646956006
2023-09-15,0.001896479810659,3.5966356722373236e-06,0.000248001867137,0.0002215987034063374,0.014886191702592621,0.0003628694877822148,0.019049133517885133,0.00028272266860580045,0.016814359000741016,0.00033566186153386455,0.01832107697527262
2023-09-18,-0.0114330818742757,0.0001307153611438,0.0005033032933902,0.00020851857934229138,0.014440172413869974,0.00035277701131971554,0.01878235904565014,0.000270388210323804,0.01644348534599049,0.0003290237294079857,0.01813901125772807
2023-09-20,-0.0166187131267591,0.0002761816259895,0.000308692496775,0.0002038503862503874,0.01427761836758454,0.00034916181242686066,0.018685872000708467,0.0002818146880938828,0.016787337135289883,0.0003310659510792015,0.01819521780796266
2023-09-21,-0.0039046552643869,1.5246332733704395e-05,9.219272655389544e-05,0.00020819026063473506,0.014428799694871887,0.00035238356715950356,0.018771882355254187,0.00030490365257391947,0.017461490559912675,0.00034220920015861836,0.018498897268718974
2023-09-22,-0.0082498823850405,6.806055936700189e-05,0.0002286485598219,0.00019661362496067321,0.014021898051286539,0.0003435778711687183,0.01853585366711548,0.000298089946156236,0.01726528152554241,0.0003360330666156864,0.0183312047235223
2023-09-25,0.005115041441828,2.6163648951618625e-05,0.0001078969434165,0.0001889004410250529,0.01374410568298472,0.00033779771211704944,0.018379273982316317,0.000301368830149672,0.017359977826877315,0.00033362566749594745,0.01826542272973575
2023-09-26,0.0117051342853849,0.0001370101686388,9.94588187084744e-05,0.00017913623350064678,0.013384178476867632,0.00033054294049155407,0.018180839928109867,0.00029029960141397916,0.017038180695543147,0.0003275425801518773,0.018098137477427816
2023-09-27,-0.0058354092531543,3.405200115179983e-05,9.291597686104687e-05,0.00017660866960894156,0.01328941946094492,0.0003288242334589907,0.018133511338375444,0.0002851284170658058,0.01688574597303317,0.0003239227280218509,0.017997853428168897
2023-09-28,-0.0105903616568097,0.000112155760022,0.0001987628505111,0.000168055269501513,0.012963613288798498,0.0003225765828613842,0.017960417112678206,0.0002836372058270213,0.016841532169818197,0.00032016861475682516,0.01789325612505519
2023-09-29,0.0164257709099642,0.0002698059499866,8.730676116817819e-05,0.00016470129893274372,0.012833600388540378,0.000320312058039281,0.017897263981940956,0.00029276592518897833,0.017110404004259464,0.00032162668961697283,0.01793395354117359
2023-10-03,-0.0070066139026175,4.909263838035412e-05,7.513966881101444e-05,0.00017100757799597667,0.013076986579329989,0.00032533725721438605,0.018037107784076304,0.0002912420259292451,0.017065814540456168,0.0003208657334265524,0.017912725460592322
2023-10-04,-0.021319367755353,0.0004545154414879,0.0001540743615414,0.00016369268161903924,0.012794244081579781,0.0003200222269514982,0.017889165071391627,0.00029203596888825343,0.017089059918212395,0.00031827204941184807,0.017840180756142805
2023-10-05,-0.000399192199147,1.5935441185983944e-07,5.876473544476245e-05,0.00018114204721117602,0.013458902154751554,0.00033341702295804077,0.018259710374429295,0.00032645470530094325,0.01806805759623716,0.00034159972402612437,0.018482416617588846
2023-10-06,0.0051763353466766,2.6794447621254405e-05,8.195080019771346e-05,0.00017028308564321701,0.013049256133711875,0.00032530449851932456,0.018036199669534726,0.00031043326263994407,0.01761911639782041,0.00033450637972821636,0.018289515568440197
2023-10-09,-0.0164168750695219,0.0002695137870482,0.0001245965339764,0.0001616737673618992,0.012715099974514522,0.0003189839994560694,0.017860123164638853,0.0002988196228957867,0.01728639994029372,0.00032837585613008035,0.018121143896842724
2023-10-10,0.0116397319219922,0.0001354833592158,0.0001070065601937,0.00016814416854308263,0.012967041626488388,0.0003240922779312028,0.018002563093382086,0.00032119131131871714,0.017921811050190133,0.00033927625920249357,0.018419453281856485
2023-10-11,-0.0027972422378029,7.824564136949054e-06,5.8624903361936186e-05,0.00016618451998344833,0.012891257502022382,0.0003227722362856038,0.01796586308212338,0.0003141931781945096,0.017725495146666836,0.00033484032167515763,0.018298642618379036
2023-10-12,0.0075743853853326,5.737131396554139e-05,7.360964318144366e-05,0.00015668292263265834,0.012517304926886552,0.0003157779174717857,0.01777014117759861,0.0003043509515388839,0.017445657096793,0.000328687588931574,0.018129743211959017
2023-10-13,-0.0067743745735387,4.58921508626085e-05,7.083597209823403e-05,0.00015072422611263125,0.012276979519109383,0.00031153012534190566,0.017650216014029562,0.00029505295173710186,0.017177105452814274,0.00032351455137899477,0.01798651026127622
2023-10-16,0.0154734437226879,0.0002394274606391,0.0001199955914172,0.00014443430159762983,0.012018082276204878,0.00030707145885525085,0.017523454535429105,0.0002951495630701778,0.01717991743490573,0.0003205397759511385,0.017903624659580487
2023-10-17,0.0031446350759066,9.88872976062244e-06,5.307604040665542e-05,0.0001501338911401234,0.01225291357759955,0.0003116835442848911,0.01765456157158515,0.0002927351053915351,0.017109503364841863,0.00031928865004321087,0.01786864992223002
2023-10-18,-0.0023575327636083,5.5579607314866754e-06,9.76181276794628e-05,0.00014171918145735335,0.011904586572298651,0.00030558645580423,0.017481031314090997,0.0002806881608687388,0.01675375065078679,0.0003138664315583074,0.017716275894168826
2023-10-19,-0.0086922594678164,7.555537465584513e-05,0.0001059851793903,0.00013354950821380134,0.011556362239641044,0.0002997356638446096,0.01731287566652662,0.0002719816652213936,0.016491866638479517,0.00030897790974125037,0.017577767484559876
2023-10-20,-0.0232849257502768,0.0005421877671959,0.0002174406467509,0.00013006986020032389,0.0114048174119678,0.0002974728310166942,0.01724740070319856,0.00027730947970350044,0.016652611798258568,0.0003088629282020647,0.017574496527697877
2023-10-23,-0.0255052319676721,0.0006505168577247,0.000334253702116,0.0001547969346200587,0.01244174162326395,0.0003164651182934469,0.017789466498280573,0.000316491998971836,0.017790222004568576,0.0003383901317419193,0.018395383435577506
2023-10-25,0.0111871376431301,0.0001251520486463,0.0001022180964025,0.00018454013000634094,0.013584554832836479,0.00033897676723139685,0.01841132171332077,0.000361797966834128,0.019020987535722955,0.0003728145873228983,0.01930840716690267
2023-10-26,-0.012020829578224,0.0001445003437487,0.0001003589946465,0.0001809768451247408,0.013452763475388273,0.00033611063670542095,0.018333320394991765,0.0003519431693348976,0.018760148435843935,0.0003659354180471911,0.019129438518869054
2023-10-27,0.0,0.0,0.0001310819865567,0.00017878825504217863,0.01337117253804537,0.0003343268145170319,0.018284605943717572,0.00036207179737884025,0.019028184290121857,0.0003663748870496636,0.01914092179205755
2023-10-30,-0.0062748747622903,3.937405328242894e-05,0.0001322854002624,0.0001680609597396479,0.012963832756544181,0.0003261411273655351,0.018059377823323126,0.000342516234363402,0.01850719412453984,0.00035760805439909085,0.018910527607634082
2023-10-31,-0.0033628059018958,1.1308463533825424e-05,7.764390424555373e-05,0.0001603397453522147,0.012662533133311624,0.0003203285512446665,0.017897724750500173,0.0003390337715290521,0.018412869725522203,0.00035193034562185744,0.01875980665203822
2023-11-01,-0.0182711387930457,0.0003338345127947,0.0002508664533549,0.00015139786844311132,0.012304384114741839,0.0003136688671479838,0.017710699228093277,0.0003289107058394905,0.01813589550696327,0.000344851465973369,0.018570176788963777
2023-11-02,0.0127824825214942,0.0001633918594123,0.0004141732110088,0.00016234406710420902,0.012741431124650364,0.0003220696917360122,0.01794630022416911,0.00035543011803006424,0.018852854373544187,0.0003587305428164256,0.01894018328360171
2023-11-03,-0.006796989783202,4.6199070112953674e-05,5.843184905826168e-05,0.00016240693464269476,0.012743897937550142,0.0003221577092924002,0.017948752304614384,0.00034736410930578775,0.01863770665360381,0.00035350582903806796,0.01880175069077526
2023-11-06,0.017744477511299,0.0003148664821489,0.0001185849595091,0.00015543446277091022,0.012467335832923978,0.00031694241231113344,0.01780287651788703,0.00034487064273539794,0.018570693114027755,0.00034853697463169863,0.018669144989305178
2023-11-07,0.0020916414191822,4.374963826438813e-06,8.210941258091809e-05,0.00016500038393359536,0.012845247523251366,0.0003242485782545431,0.01800690362762413,0.00034174062183686275,0.018486227896379045,0.0003468046142304578,0.018622690842906076
2023-11-08,-0.0050273088751642,2.527383452630476e-05,9.600285782753052e-05,0.00015536285872716596,0.012464463836329502,0.0003169913076292115,0.017804249707000053,0.00032544535918852435,0.018040104190068424,0.0003394328022983291,0.01842370218762584
2023-11-09,0.0050273088751642,2.527383452630538e-05,6.856305052229426e-05,0.00014755751727511427,0.012147325519434897,0.0003112047878356194,0.017640997359435757,0.00031998713232353503,0.0178881841538915,0.000334079889507528,0.018277852431495555
2023-11-10,0.0033374851950379,1.1138807427097448e-05,6.861974382573998e-05,0.0001402204963101857,0.011841473570049705,0.00030583779232496323,0.017488218672150783,0.0003076199752424452,0.01753909847291032,0.00032794981136052587,0.018109384621254415
2023-11-13,0.0078821938299527,6.212897957294516e-05,4.521428110024169e-05,0.00013247559497720038,0.011509804297954,0.00030022102405723037,0.017326887315880782,0.00029472216468483275,0.017167474033323388,0.00032196926857760945,0.01794350212688731
2023-11-15,0.0248941672488775,0.000619719563015,0.0002006754291875,0.00012825479805294503,0.011324963490137398,0.00029731615013989384,0.01724285794582481,0.00028626381476742874,0.01691933257452636,0.00031733548481065464,0.017813912675508844
2023-11-16,0.0052260821953141,2.731193511217975e-05,0.000118518144985,0.00015774268395067346,0.0125595654363785,0.00031982411435808715,0.017883626991135975,0.0002919110963162529,0.017085405945316396,0.00032334918353155964,0.017981912677230965
2023-11-17,0.0040016598689539,1.6013281706796586e-05,4.851373626860717e-05,0.00014991683902036378,0.01224405321045134,0.0003139243342959595,0.01771790998667618,0.00028154104655872276,0.01677918491937921,0.00031797733073430154,0.01783191887415097
2023-11-20,-0.0068123149147646,4.640763449792466e-05,5.9236373545211825e-05,0.00014188262558154972,0.011911449348486092,0.0003079416082181196,0.017548265105648466,0.00027089344832646186,0.01645884103837393,0.0003127566866487348,0.017684928234198035
2023-11-21,0.0151639717945651,0.0002299460405863,4.801369698775578e-05,0.0001361541261165322,0.011668510021272303,0.00030376640927877186,0.017428895813526794,0.0002721930005246061,0.016498272652753866,0.00031053691539373757,0.0176220576379076
2023-11-22,-0.0011889055790886,1.4134964759882072e-06,4.438760969068834e-05,0.00014178164098472223,0.011907209622103837,0.00030818956615940717,0.017555328711232016,0.00027069552260036223,0.016452827191712743,0.0003097816043855699,0.01760061375025229
2023-11-23,0.0047468440000665,2.2532527960967988e-05,5.059374417442859e-05,0.00013335955231419817,0.011548140643159753,0.00030196272459102815,0.01737707468450971,0.0002601884234809591,0.016130357202522178,0.0003049041290270106,0.017461504202874692
2023-11-24,-0.0059371002178642,3.5249158996963674e-05,4.75579913247237e-05,0.0001267099308530043,0.011256550575243034,0.00029714187839098013,0.017237803757758127,0.0002514575122721235,0.01585741190333793,0.0003006820516012484,0.017340186031333357
2023-11-28,0.0071203148681825,5.069888382206161e-05,2.2539175225815827e-05,0.00012122228454164182,0.011010099206712073,0.0002932453169719414,0.017124407054608968,0.0002517920760221208,0.015867957525217944,0.0002985643113783071,0.017279013611265753
2023-11-29,0.0070699105834172,4.998363565751469e-05,4.6703437110779474e-05,0.00011699088049846695,0.010816232269069805,0.0002903295610539874,0.017039059864147065,0.00024531266559907247,0.015662460394174106,0.00029529001596123225,0.017184004654364832
2023-11-30,0.0011735588781279,1.3772404404330476e-06,0.0001221983374936,0.00011297044580800981,0.010628755609572074,0.0002875928701318827,0.016958563327472132,0.00023917052781797393,0.015465139114084099,0.00029222229298440114,0.017094510609678218
2023-12-01,0.0162857083814304,0.0002652242974849,0.0001094320623686,0.00010627485348595519,0.010308969564702147,0.00028285765599624785,0.01681837257276244,0.00022919746477112252,0.015139268964224213,0.00028845948776638433,0.016984095141230938
2023-12-04,0.0076628512658802,5.871928952300286e-05,7.946569703066226e-05,0.00011581182012589743,0.010761590037066894,0.000290391226038905,0.017040869286480225,0.0002305257510380856,0.015183074492278749,0.0002898403962842329,0.017024699594537136
2023-12-05,0.0045697570823662,2.088267979183647e-05,0.0001257296519717,0.0001123862682897237,0.010601238997858867,0.0002880449024634241,0.016971885648431176,0.00022563817160682148,0.015021257324432649,0.0002873004906387279,0.016949940726702493
2023-12-06,0.0018979193232952,3.602097757737602e-06,0.0001397270855515,0.00010689605297985042,0.010339054743053178,0.0002841585316194954,0.016857002450598842,0.00021887009508306541,0.014794258855483954,0.0002842297115697942,0.016859113605696897
2023-12-07,-0.0141305276715417,0.0001996718122762,0.0001210644201682,0.00010069841566652363,0.010034860022268553,0.00027977286809202124,0.016726412289909072,0.00021068553573554128,0.01451501070394167,0.0002810447600391568,0.01676438964111598
2023-12-08,-0.0061728794340929,3.8104440507847646e-05,0.0002553234620952,0.00010663681946310455,0.010326510517261122,0.00028456721492973026,0.01686912015873176,0.00022895432204256543,0.015131236632957843,0.0002906874431096395,0.01704955844324537
2023-12-11,0.0065574885476306,4.300065605230696e-05,6.57394852401318e-05,0.00010252487672578909,0.01012545686504017,0.00028171137440243703,0.01678425972160932,0.00023074689938160957,0.015190355472523004,0.0002894220569062224,0.017012408909564288
2023-12-12,0.0003843362828509,1.4771437831564782e-07,0.0001263065425562,9.895342348538013e-05,0.009947533537786145,0.0002792838844894318,0.016711788787841707,0.00022506918706995384,0.015002306058401617,0.00028661885261469373,0.01692982139937376
2023-12-13,0.0099427297093468,9.88578740731282e-05,0.0001172790980055,9.302508093895626e-05,0.009644951059438106,0.00027509550142656167,0.016586003178178932,0.00021546510471918783,0.014678729669804122,0.0002832094617583482,0.016828828294279678
2023-12-14,0.0045558159734648,2.0755459184077257e-05,6.30363922361325e-05,9.337504852700653e-05,0.009663076555994294,0.0002756723241945797,0.016603382914170826,0.00021295422094236454,0.014592951070375195,0.0002818588193650992,0.016788651505260904
2023-12-15,0.0331562262257837,0.0010993353375353,0.0002788496646812,8.901787316643075e-05,0.009434928360429175,0.00027267721851656794,0.016512940940867193,0.0002069139593627169,0.014384504140314218,0.00027915102778683647,0.016707813375389267
2023-12-18,0.0010988933578903,1.2075666120156052e-06,0.0001212574904508,0.00014963692102856578,0.012232617096458377,0.00031864940501240746,0.01785075362589511,0.00022111348936785328,0.014869885317911946,0.00029661928830309345,0.017222638831000708
2023-12-19,-0.0088236447606606,7.785670686233468e-05,0.0001524431468381,0.00014073115976357276,0.011863016469834843,0.0003116549145266974,0.017653750721212117,0.00021224809059850304,0.014568736753696356,0.0002925581299076817,0.01710433073545065
2023-12-20,-0.0426238575650227,0.0018167932337233,0.0011264174797029,0.0001369586925894984,0.011702935212565197,0.00030863194939755983,0.017567923878408623,0.00021985056697271,0.014827358732178499,0.0002936916992882768,0.017137435610040285
2023-12-21,0.0095877429286891,9.192481446662812e-05,0.0002781185562907,0.00023774876505752918,0.015419103899303914,0.0003844253978011148,0.019606769183144752,0.00030556841455949674,0.017480515283008587,0.00040518396113055393,0.020129181829636144
2023-12-22,0.0192787517271564,0.0003716702681573,0.0001828349903283,0.0002289993280220751,0.015132723747629674,0.000376762409295346,0.019410368602768624,0.00029781661431054705,0.017257364060323552,0.00039551560709838587,0.019887574188381697
2023-12-26,0.0122790861103363,0.000150775955705,5.366151498144874e-05,0.00023755958443019077,0.01541296806037665,0.0003822990524143684,0.019552469215277347,0.00029836753405114837,0.01727331855930262,0.0003916821744274317,0.019790961937900635
2023-12-27,0.0146845110154367,0.0002156348637624,0.0002215170060287,0.00023235256670668254,0.015243115387173403,0.000377450205309289,0.01942807775641453,0.0002932036747952992,0.017123191139367076,0.00038401126803078216,0.01959620544980028
2023-12-28,0.0069003701298769,4.761510792929868e-05,6.85700183756986e-05,0.00023134950453003052,0.015210177662671482,0.0003758844235211329,0.019387738999716624,0.00029025472960231887,0.01703686384292364,0.0003780577019175583,0.019443705971793502
2023-12-29,0.0104412206869861,0.0001090190894343,0.0003129449179787,0.00022032544073398653,0.01484336352495574,0.00036683792764635064,0.019153013539554307,0.0002812988096985233,0.016771964992168428,0.0003693891707740873,0.01921949975348181
2024-01-01,0.0017891951355007,3.201219232899709e-06,6.64318305573935e-05,0.0002136470596560081,0.014616670607768655,0.0003612226704344425,0.019005858844957323,0.0002756400983533674,0.016602412425709926,0.00036244091302214943,0.019037881001365393
2024-01-02,-0.0017891951355006,3.2012192328992464e-06,0.0002358761023769,0.00020102030923062157,0.01417816311200508,0.0003512317164715062,0.01874117703004553,0.00026370238373325995,0.016238915719137777,0.0003539975444755452,0.018814822467287468
2024-01-03,-0.0309171743970267,0.0009558716726961,0.0005299767867238,0.0001891511638307582,0.013753223761386208,0.00034196510942980366,0.01849229865186596,0.0002548686895214236,0.015964607402671183,0.0003462650086246938,0.018608197350218902
2024-01-04,-0.0081602713083819,6.659002782640189e-05,0.0001090138378283,0.00023515439436268254,0.015334744678757535,0.0003764295684238407,0.01940179291776512,0.00031254851521660663,0.01767904169395521,0.00039955295222720053,0.01998882068125082
2024-01-05,-0.0044794117006398,2.0065129183828855e-05,0.0001919001584756,0.00022504053237050564,0.015001351018175185,0.00036820118649293315,0.01918856916221043,0.00031498394060497527,0.017747786921331214,0.0003927875316910651,0.019818868072901265
2024-01-08,-0.0124224424504241,0.0001543170764341,0.0003551787968133,0.000212742008179305,0.014585678187156914,0.0003584665108964077,0.01893321184840036,0.0003088724158433745,0.017574766452029298,0.0003835216706679322,0.019583709318408814
2024-01-09,0.0124224424504241,0.000154317076434,0.0001068205655932,0.00020923651227459263,0.014465009929985968,0.0003555055828253249,0.018854855682962014,0.0003214441374391431,0.017928863250054175,0.00038340385651204655,0.01958070112411827
2024-01-10,0.003361393013103,1.1298962988537878e-05,0.0001370168606839,0.000205941346124163,0.014350656644354746,0.0003527593228570318,0.018781888160060795,0.00031508273087630273,0.017750569874691424,0.00037635438806477,0.019399855361954894
2024-01-11,0.0059479924730113,3.5378614458999414e-05,4.16554911644237e-05,0.0001942628031360255,0.013937819167144675,0.00034374796945297123,0.01854044145787719,0.0003016960585181138,0.017369400062124018,0.00036712700167765896,0.019160558490755403
2024-01-12,0.0029606915293168,8.76569433176836e-06,5.032802955900883e-05,0.00018472975181540392,0.013591532357148104,0.0003364783047491705,0.01834334497165581,0.0002912671145432331,0.01706654957931547,0.00035896550685455875,0.01894638506033694
2024-01-15,-0.0029606915293167,8.765694331768067e-06,0.0001045397996175,0.00017417190836638576,0.013197420519419155,0.0003285328298195072,0.018125474609496636,0.0002791755867102479,0.016708548312473107,0.0003508586238682026,0.018731220565360994
2024-01-16,0.0172704288022858,0.0002982677110148,0.0003935007084582,0.00016424753552430867,0.012815909469261581,0.0003211634040163229,0.01792103244839211,0.0002718343436740604,0.016487399542500947,0.0003436902141783548,0.018538883843919916
2024-01-17,-0.0416572673279114,0.001735327921229,0.0003825786303846,0.00017228874605373955,0.013125880772494452,0.0003274133080531934,0.018094565705017444,0.0002719975512433835,0.016492348263463984,0.0003419755572290153,0.018492581140257716
2024-01-18,-0.0049496292242332,2.4498829457384235e-05,0.0003489044777026,0.00026607109656425973,0.016311685889700663,0.00039816299634923757,0.019954022059455522,0.00035956836504350323,0.018962287969638666,0.0004450524865138395,0.02109626712273618
2024-01-19,0.0245064939643841,0.0006005682464263,0.0001955204804202,0.0002515767605378471,0.015861171474322037,0.00038645647767530667,0.019658496322844905,0.00035193739262510477,0.01875999447294974,0.0004325592042515002,0.020798057703821773
2024-01-23,-0.0314003998338758,0.0009859851097272,0.0007180759847665,0.00027251624969115994,0.016508066200835274,0.0004016361335736777,0.020040861597588007,0.00035443141898507065,0.01882634906149014,0.00043048193197672916,0.020748058511020476
2024-01-24,0.0380819079849975,0.0014502317157778,0.0006073922835879,0.0003153243812933264,0.017757375405541394,0.0004331355077265,0.020811907834855026,0.0004166263084618644,0.02041142592916684,0.0004800280912505092,0.02190954338297604
2024-01-25,-0.0104129057886569,0.0001084286069634,0.0004053146694652,0.0003834188213623959,0.019581083253037763,0.0004833343987868196,0.02198486749532095,0.0004292247775398282,0.020717740647566478,0.00049051452723919,0.022147562557518378
2024-01-29,0.0093023363876928,8.653346226979362e-05,7.202973568568767e-05,0.0003669194084984588,0.019155140524111505,0.0004692464263511392,0.02166209653637291,0.0004317879975310182,0.020779509078200527,0.00048029912598021747,0.021915727822279085
2024-01-30,-0.0022246647140288,4.949133089845076e-06,0.0001994056465437,0.00035009625172473886,0.0187108591925849,0.0004551902090527525,0.021335187110797797,0.00041558074117727627,0.020385797535963028,0.0004654877070245302,0.021575164125089065
2024-01-31,0.0092370320195295,8.5322760529814e-05,9.49420026897096e-05,0.0003293874246066452,0.018149033709998038,0.00043846558560080897,0.020939569852334812,0.0003975143515407413,0.019937761949144175,0.00045038088961048137,0.02122217919089558
2024-02-01,-0.0084948466710838,7.216241996522482e-05,9.92704529324044e-05,0.00031474354476203526,0.017741013070341708,0.00042658626590624213,0.02065396489554105,0.000383590440654479,0.019585465035440924,0.0004375556938226349,0.02091783195798826
2024-02-02,0.0285211536247068,0.0008134562040841,0.0004415480075215,0.00030018867727422656,0.017325953863329618,0.00041497337308361995,0.020370895245021017,0.0003834118355591519,0.019580904870795727,0.0004285927111951754,0.02070248079808735
2024-02-05,0.0203396661435143,0.0004137020188296,0.0002888689325292,0.00033098472888282057,0.018192985705563026,0.00043770775337684633,0.020921466329510613,0.0003881411687621408,0.019701298656741917,0.00043072816985485296,0.02075399166075897
2024-02-06,0.0216639694439257,0.0004693275720673,0.0003826437317268,0.0003359477662796287,0.018328877932913098,0.0004407256124931595,0.02099346594760283,0.00038499791603528776,0.01962136376593859,0.000425309783922848,0.020623040123193475
2024-02-07,-0.001729884510708,2.99250042038753e-06,0.0001906215177141,0.00034395055462689176,0.018545903985163186,0.00044603886516281254,0.021119632221296196,0.0003832508426006827,0.019576793470859388,0.0004212863433405169,0.02052526110285852
2024-02-08,-0.005207454984491,2.711758741550055e-05,0.0001170167686215,0.00032349307137450147,0.017985913137077623,0.0004298892798925064,0.020733771482595885,0.00036626916217473925,0.019138159842961373,0.0004090228808031472,0.020224314099695623
2024-02-09,-0.0164944330194303,0.0002720663206324,0.0005039825361215,0.0003057105423369614,0.01748458013041667,0.000416000960719532,0.020396101605932738,0.00035886299866026163,0.01894367964943088,0.0003991148832811212,0.019977859827346903
2024-02-12,-0.0279890553580433,0.0007833872198356,0.0007327043661348,0.0003036918890346921,0.017426757846331947,0.0004141908532919037,0.02035167937276685,0.0003802212171473973,0.019499261964171805,0.00040542807548970606,0.02013524460963179
2024-02-13,0.0032699790082355,1.0692762714301224e-05,0.0003350286199298,0.00033247360888274735,0.018233858858802965,0.00043562289479641056,0.020871581032504714,0.0004329562290696703,0.020807600271767774,0.00044378991160969576,0.021066321738967525
2024-02-14,0.0240111021845999,0.0005765330281193,0.0006207141920665,0.00031316675811264057,0.017696518248306377,0.0004205765102276518,0.02050796211786173,0.0004109788038838456,0.02027261216232002,0.0004300237652972415,0.02073701437761091
2024-02-15,0.0,0.0,0.000107032393764,0.0003289687343130401,0.018137495260179673,0.00043219609956437533,0.020789326577943197,0.00041007172738429,0.020250227835367434,0.00042767116403465236,0.0206802118953035
2024-02-16,0.0077602841722235,6.022201043366277e-05,6.756451259780808e-05,0.00030923061025425763,0.017584954087351425,0.0004169148622211374,0.020418493142764903,0.00038683836982303203,0.01966820708206602,0.00041478898897838695,0.020366369067126005
2024-02-19,-0.0024627124015195,6.06495237259836e-06,7.119899234684756e-05,0.0002942900942650219,0.017154885434331,0.00040546346075033877,0.020136123280074015,0.0003723017383234585,0.01929512213808087,0.00040388807432763924,0.02009696679421149
2024-02-20,-0.006360416076873,4.0454892670944944e-05,8.762227288665146e-05,0.00027699658575147646,0.016643214405621182,0.0003923944735917595,0.01980894933083932,0.00035785871783386176,0.018917154062751136,0.00039298782861389654,0.019823920616616093
2024-02-21,0.0200041599449559,0.0004001664151033,0.0003934703205656,0.0002628040841666445,0.0162112332709959,0.00038182736384672386,0.01954040336960125,0.0003537412113378704,0.018808009233777786,0.00038500341449470844,0.019621503879537584
2024-02-22,0.01380280307219,0.0001905173726496,0.0001207651080833,0.0002710458240228485,0.016463469379898288,0.0003882847782327456,0.01970494298983749,0.0003521306555610877,0.018765144698645084,0.00038240400451265314,0.01955515288901248
2024-02-23,-0.0030890564144951,9.542269531933537e-06,7.457057398547547e-05,0.00026621411694045707,0.01631606928584385,0.000384798215075323,0.019616274240418924,0.0003451522898342744,0.018578274673237943,0.00037609273035721895,0.019393110383773383
2024-02-26,-0.0194383437174405,0.0003778492064773,0.0002378137992495,0.00025081380609594565,0.01583710220008527,0.0003733846333046059,0.019323163128861846,0.00033400098128425203,0.01827569372922002,0.0003672794576877069,0.019164536458983476
2024-02-27,0.0108072359879032,0.0001167963496982,0.0001098569026328,0.00025843593011883043,0.016075942588813584,0.0003794454445932783,0.019479359450281685,0.00036344857750842134,0.01906432735525755,0.00038244799707909665,0.019556277689762352
2024-02-28,-0.0242159979223847,0.0005864145553769,0.000426541696933,0.0002499375552935944,0.015809413502517872,0.00037326765908438195,0.01932013610418886,0.0003531563127857458,0.01879245361270704,0.00037476716036654906,0.019358903904057922
2024-02-29,0.000710352282375,5.046003650754538e-07,0.0001094833164717,0.0002701261752985952,0.016435515668776417,0.00038876378297717727,0.019717093674707163,0.0003951964820628878,0.019879549342550193,0.00040267836474888714,0.02006684740433552
2024-03-01,0.0626062441420684,0.0039195418055762,0.0009795650431587,0.00025394888080258396,0.015935773617951027,0.0003766542077378644,0.01940758119235533,0.00037374881085820515,0.01933258417434682,0.00039148352375760015,0.019785942579457774
2024-03-04,0.0207895159103044,0.0004322039717848,0.0002284751001042,0.0004738844562890056,0.02176888734614164,0.0005425570144028618,0.0232928532902876,0.00041195394826476554,0.020296648695406972,0.0004536897324651258,0.021299993719837707
2024-03-05,-0.0081981677810731,6.720995496662528e-05,0.0001640917559691,0.0004713836272187532,0.021711370919837217,0.0005388095328654173,0.02321227116990962,0.0004079135852618207,0.020196870679930114,0.0004470727221278817,0.02114409426123242
2024-03-06,-0.0016476868209441,2.7148718599130313e-06,0.0003604131720345,0.0004471332068836255,0.02114552451190619,0.0005188365784227378,0.022777984511864472,0.000405690799590303,0.02014176753888057,0.0004371562634955985,0.020908282174669408
2024-03-07,0.036591335386006,0.0013389258253311,0.0007085604949092,0.0004204681067822028,0.020505318987574975,0.0004973965904560543,0.02230238979248758,0.0003868887396019008,0.019669487527688687,0.00042380968634296383,0.020586638539182734
2024-03-11,-0.0244621307860099,0.0005983958425918,0.0005163575703198,0.00047557556989514117,0.02180769519906084,0.000537905680777082,0.023192793725144066,0.0003991504625958349,0.019978750276126753,0.0004360072025867007,0.020880785487780402
2024-03-12,-0.006210109256693,3.856545698006452e-05,0.0002060267167813,0.0004829447862569439,0.02197600478378506,0.0005420070383279402,0.02328104461419075,0.0004417368412365079,0.021017536516835363,0.0004605677367696425,0.02146084193990633
2024-03-13,-0.0597849025359554,0.0035742345712336,0.0017896941050512,0.0004562820265003311,0.021360759033806152,0.000520507576747526,0.022814635143861624,0.0004322946807774279,0.020791697400102473,0.0004479261138736397,0.021164265020870432
2024-03-14,-0.0083886101533218,7.036878030441521e-05,0.0005678601054336,0.0006433591791843326,0.02536452599959898,0.0006603736202738036,0.02569773570324443,0.0005918261277778808,0.024327476806645622,0.0006606732879805512,0.025703565666664832
2024-03-15,-0.0052790425925587,2.786829069404897e-05,0.0002660038981361,0.0006089797552515374,0.024677515175793883,0.0006317300099560827,0.025134239792682863,0.0005790769144794682,0.02406401700629943,0.0006366166075017023,0.025231262503126996
2024-03-18,0.0549212166194181,0.003016340034957,0.0010936612659881,0.000574113067378088,0.023960656655819933,0.0006032421127466278,0.02456098761749266,0.0005577149953790678,0.023615990247691662,0.0006114759749510174,0.02472804025698392
2024-03-19,-0.0063661690618512,4.052810852407256e-05,0.0003770029602712,0.0007206466854328256,0.02684486329696662,0.0007118939073930332,0.0266813400599189,0.0005834057950727904,0.024153794630922702,0.0006421690419945624,0.02534105447676877
2024-03-20,-0.0210607343626303,0.0004435545318932,0.0007694397240023,0.0006798395708183003,0.026073733350218575,0.0006781663097138145,0.026041626479807563,0.0005650252264319576,0.023770259284070876,0.0006174596153024383,0.024848734682120906
2024-03-21,0.0300954948381944,0.0009057388095557,0.0001865631546484,0.0006656624684827989,0.025800435432038717,0.0006651001446211972,0.025789535564278727,0.0005937483234147434,0.024366951459194548,0.0006200041787597854,0.024899883107351837
2024-03-22,0.011262061320223,0.0001268340251804,0.0003081193626078,0.000680067048947178,0.026078095193997165,0.0006738712962769462,0.025959031112060906,0.0005889665923318566,0.02426863391977094,0.0006109992470611477,0.0247183989582891
2024-03-26,0.0039447243195048,1.5560849956892774e-05,0.0001313813408506,0.0006468730675211751,0.025433699446230293,0.0006468012426607093,0.025432287405200288,0.0005633507684538316,0.02373501144836108,0.0005881598877838896,0.024252007912416027
2024-03-27,0.0019665953795781,3.8674973869782285e-06,6.790513295947447e-05,0.0006089943344673182,0.024677810568754233,0.0006166643995882035,0.0248327283959738,0.0005318234459572523,0.02306129757748363,0.0005647911949077928,0.023765335994001702
2024-03-28,0.0204188043384385,0.0004169275706114,0.0002781541114503,0.0005726867242424978,0.02393087387126717,0.0005881839644679148,0.024252504292709955,0.0005007862755554597,0.022378254524324716,0.0005427746755050293,0.023297525093988615
2024-04-01,0.0457759190631643,0.0020954347660773,0.0007698511154112,0.000563341175024634,0.023734809353029022,0.0005804380466906504,0.024092281890486223,0.0004910888073674683,0.022160523625751,0.0005298934449314616,0.02301941452190871
2024-04-02,0.0091520100522565,8.375928799660484e-05,0.0001843835847473,0.0006552667904877981,0.02559817943697946,0.0006491196452844615,0.025477826541611855,0.0005088719769782204,0.022558190906591342,0.0005489924936495049,0.02343058884555625
2024-04-03,-0.0060919908903704,3.711235300835633e-05,0.0001319790803348,0.0006209763403383265,0.024919396869473517,0.0006218971815464561,0.02493786641929209,0.0004869941276035963,0.02206794343847193,0.0005295176759735826,0.0230112510736288
2024-04-04,-0.0015288888650232,2.3375011615919955e-06,0.000330741047702,0.0005859445010985283,0.024206290527433737,0.0005945399844643941,0.024383190612887275,0.00047434135571481414,0.021779379139792165,0.0005121545725773243,0.02263083234389147
2024-04-05,-0.0003058992301838,9.357433902707341e-08,0.0001533414189188,0.000550928081102312,0.023471857214594504,0.0005675944220815518,0.023824240220446734,0.0004500896331270592,0.021215316003469268,0.000493748752905021,0.02222045798144181
2024-04-08,0.0112616269167061,0.000126824240811,9.949709279362797e-05,0.0005178780106965149,0.02275693324454143,0.0005425009983824038,0.02329165082990907,0.00042449471656027935,0.020603269559957695,0.0004764361677885762,0.021827417799377375
2024-04-09,0.0048309922456005,2.333848607705239e-05,0.0002720547644856,0.0004944147845033888,0.02223543983157043,0.0005249548854019644,0.022911893972388325,0.00041063971557360457,0.020264247224449385,0.00046263099550902494,0.02150885853570628
2024-04-10,-0.0057394565373386,3.2941361343998934e-05,0.0002862297197219,0.00046615020659780855,0.021590511957751454,0.0005040034740288514,0.02245002169328242,0.00039176609695032384,0.019793082047784367,0.00044783430741399024,0.02116209600710644
2024-04-12,-0.0094353477715041,8.902578756922907e-05,0.0001199635549867,0.00044015767588257993,0.020979935078130722,0.0004850050809100788,0.02202283090136413,0.00038415466270429617,0.019599863844024432,0.00043569041839717424,0.02087319856651525
2024-04-15,-0.0163407051246337,0.0002670186439702,0.0005137177546241,0.00041908976258377877,0.02047168196762979,0.0004699190060622647,0.021677615322314967,0.00038634856606499187,0.019655751475458574,0.00042792361103971896,0.02068631458331133
2024-04-16,-0.004985952630592,2.4859723634508025e-05,0.0001661951941156,0.00040996549546696583,0.020247604684677293,0.0004639716782620058,0.021540001816666723,0.0004065784284846344,0.020163790032745193,0.0004319820641359584,0.020784178216517447
2024-04-18,0.0,0.0,0.0003250244482892,0.00038685914915701826,0.01966873532174904,0.00044751032383678955,0.02115443981382607,0.00039614236012095876,0.019903325353341304,0.0004203892302587327,0.020503395578750677
2024-04-19,0.0127270805172874,0.0001619785784935,0.0003815050996476,0.00036364760020759715,0.019069546408019177,0.0004311188010049029,0.02076340051641115,0.0003739889508649058,0.019338793935116682,0.0004079959535881038,0.020198909712855883
2024-04-22,-0.0015433184543974,2.3818318516838044e-06,0.0001388460809396,0.0003515474589047523,0.01874959889983656,0.0004232368499095218,0.02057272101374832,0.0003647389618505708,0.01909814027204143,0.0003994374333689395,0.019985930885724076
2024-04-23,-0.0043345308102754,1.8788157345226777e-05,0.0001000062746501,0.00033059752128156817,0.018182340918637737,0.0004087128157646651,0.020216646996093716,0.00034862377059123416,0.01867146942774548,0.0003886020929144787,0.019712992997373044
2024-04-24,0.0269376208742742,0.0007256354183661,0.0003975326598091,0.0003118889594453877,0.01766037823619267,0.0003959833187023243,0.019899329604344068,0.00034018368889877026,0.018444069206624936,0.0003795361393650252,0.019481687282292187
2024-04-25,0.0129034325345848,0.0001664985711745,0.0001938508811533,0.00033671374698063245,0.018349761496559907,0.00041612511918066755,0.020399145060042773,0.0003453724300947209,0.018584198397959512,0.0003833372001596557,0.019578998957036995
2024-04-26,-0.0113943844379529,0.0001298319967198,0.0003797466746927,0.0003265008364322694,0.01806933414468473,0.0004095345108524791,0.020236959031743853,0.0003380141144181433,0.01838516016841146,0.00037651802228956733,0.019404072312006245
2024-04-29,0.009603849514691,9.223392550083212e-05,9.288690620538548e-05,0.000314700706049525,0.017739805693680104,0.00040176445086149667,0.020044062733425492,0.0003471094291443359,0.018630873010794097,0.0003753154466816583,0.01937305981722191
2024-04-30,-0.0144405849167295,0.0002085304927372,0.0001980225088337,0.0003013526992166033,0.01735951321945991,0.0003928583475625796,0.019820654569478267,0.00033680721584787647,0.018352308188559728,0.00036765815120290993,0.019174413972867854
2024-05-02,0.0141419962075363,0.0001999960567339,0.0001968380585904,0.0002957833668278436,0.01719835360805922,0.000389854364598377,0.019744730046226944,0.0003534899375889138,0.018801328080455215,0.00037204832685995386,0.019288554296783205
2024-05-03,-0.0050921376081121,2.5929865419949907e-05,0.0004010624757933,0.00029003612822221125,0.01703044709401991,0.0003866824278904249,0.0196642423675672,0.0003467278388804725,0.01862062939001989,0.00036660802957249423,0.019147010982722455
2024-05-06,0.0065849664255732,4.33617828259263e-05,0.000202585248696,0.00027418975245407554,0.01655867604774233,0.00037587293421735356,0.019387442694108824,0.00034019678734381137,0.01844442428876031,0.00035947227437280416,0.018959754069417783
2024-05-07,-0.0201906532586902,0.0004076624790126,0.0004223471786496,0.00026034007427638655,0.01613505730626286,0.00036663502758874284,0.019147715988826,0.0003277768833360164,0.018104609449972026,0.0003519726953266798,0.018760935353192808
2024-05-08,0.0108992400283555,0.0001187934331957,0.0001710840930871,0.00026917941856056276,0.01640668822646919,0.0003745327010705115,0.019352847363385873,0.000359227394746574,0.018953295089418464,0.0003700622625449631,0.019237002431381118
2024-05-09,-0.0253100807590754,0.0006406001880309,0.0003622231977174,0.0002601562594386714,0.01612936016829779,0.0003688013559160909,0.01920420151727457,0.00034928182907173775,0.018689083152250614,0.00036325000702213815,0.019059118736765825
2024-05-10,0.0021594738266725,4.6633272080837575e-06,8.474295755411962e-05,0.0002829828951542062,0.01682209544480729,0.0003870703950060531,0.019674104681180617,0.00039430800806726523,0.019857190336683213,0.000395375628092872,0.019884054619037635
2024-05-13,0.0098130519419728,9.629598841585663e-05,0.0005770524011562,0.00026628372107743883,0.016318202139863288,0.0003752715588983898,0.019371927082724366,0.00037422095087004197,0.019344791311100826,0.0003847481748711513,0.01961499872218072
2024-05-14,0.0066910136270396,4.476966335723028e-05,0.0001232084035505,0.00025608445711774384,0.016002639067283365,0.0003684697965583366,0.019195567106973854,0.00036235891385862426,0.019035727300490104,0.00037653288060906517,0.019404455174239374
2024-05-15,0.0039328479964364,1.546729336307388e-05,8.821809566598658e-05,0.00024340556949211298,0.015601460492278054,0.00035983225348188797,0.018969244937052397,0.000348543159234327,0.0186693106255782,0.00036791397609761456,0.019181083809253704
2024-05-16,0.0018098815697952,3.275671296684509e-06,0.0004297272205188,0.00022972927292437063,0.015156822652666047,0.00035049651275532697,0.01872155209258375,0.000333314044587646,0.018256890331807496,0.0003593305373630647,0.0189560158620704
2024-05-17,0.0087023962100321,7.573169979638125e-05,0.0001164682632331,0.00021614205682670944,0.014701770533738766,0.00034128657330446683,0.018473943090322294,0.00031738803478807324,0.0178153875845594,0.0003510973750507187,0.018737592562832577
2024-05-21,0.0409772290370298,0.0016791332995531,0.0006441868086902,0.00020771743540488972,0.014412405607839717,0.000336019257691037,0.018330828068885405,0.0003081940874554901,0.017555457483514638,0.0003447601342485497,0.018567717529318184
2024-05-22,-0.0060405173199024,3.648784949204092e-05,0.000191722925412,0.0002960023872537883,0.01720471991209936,0.00040360510207394817,0.020089925387465932,0.00032685577943213627,0.01807915317242863,0.00036857154325247517,0.019198217189428688
2024-05-23,0.0126148290789142,0.0001591339126902,0.0003379789183232,0.00028043151498808347,0.016746089543176444,0.0003920459144379396,0.019800149353930124,0.0003236658467072251,0.01799071556962716,0.0003619744674609929,0.01902562659838022
2024-05-24,-0.0037105828402784,1.3768425014569128e-05,0.0001348394718292,0.00027315365885021163,0.016527360916075248,0.0003868681839035124,0.01966896499319454,0.00031733634621841417,0.01781393685344186,0.0003564530293205726,0.018879963700192133
2024-05-27,0.0037105828402783,1.3768425014568205e-05,9.428420521961014e-05,0.000257590544820073,0.016049627560167028,0.00037549554452773876,0.019377707411552553,0.00030934953030017226,0.017588335063335934,0.0003492267282972383,0.01868760895077908
2024-05-28,-0.0034247069613607,1.1728617771192996e-05,0.0001921468698633,0.00024296121763174266,0.015587213273441236,0.00036494742464717074,0.019103597165119734,0.0002966325621832617,0.01722302418808212,0.0003418664311556957,0.01848963036828199
2024-05-29,-0.0037232427101952,1.386253627902224e-05,7.382016484739162e-05,0.00022908726164010964,0.015135628881553275,0.0003550718502308715,0.018843350292102292,0.00028925076631715883,0.017007373880677724,0.00033548991078140755,0.01831638367094901
2024-05-30,-0.0597105361953796,0.0035653481327397,0.0009602895242952,0.00021617377811844436,0.014702849319721819,0.0003460087075105975,0.018601309295600606,0.0002829497601907435,0.016821110551647398,0.00032967701961581706,0.01815701020586311
2024-05-31,0.0184100602275192,0.0003389303175808,0.0002042978139868,0.00041712423939572216,0.020423619644806407,0.0004981243139354039,0.02231869875094433,0.0004268918289428795,0.020661360771809766,0.000549798913150393,0.023447791221144754
2024-06-03,0.0413004759678603,0.0017057293151718,0.0004616134650049,0.0004124326040868319,0.020308436771126228,0.0004933823902086574,0.022212212636490255,0.00041970592242544644,0.02048672551740386,0.0005350002056380633,0.023130071457694707
2024-06-04,-0.0919015259351645,0.0084458904692117,0.0097668892162904,0.0004900304067519304,0.022136630429040696,0.0005507614628961312,0.02346830762743942,0.00043541709418950186,0.020866650286749472,0.0005465322000521628,0.02337802814721898
2024-06-05,0.0624918601629905,0.0039052325866307,0.0015022874912541,0.0009673820104995178,0.03110276531917247,0.0009086254206404781,0.030143414216715368,0.0007269761529441384,0.026962495302626174,0.0010620437956655726,0.03258901341964148
2024-06-06,0.0167036716679249,0.0002790126471898,0.0003423151737352,0.0011436530450673924,0.03381793969282269,0.0010353134128541878,0.03217628649882065,0.0007556595086106683,0.027489261696354603,0.0010789643100372237,0.03284759214976379
2024-06-07,0.0390418740378344,0.0015242679283861,0.0009204342105888,0.001091774621194739,0.033042012971287615,0.0009889169448704658,0.03144704985957293,0.0007236616841152215,0.02690096065413318,0.0010275274832720897,0.03205506954090241
2024-06-10,0.0077396074002602,5.9901522710162664e-05,0.0002508888846114,0.0011177242196262224,0.03343238279910994,0.001002167850830694,0.03165703477634464,0.0007220095087169156,0.02687023462340654,0.0010026280624790733,0.03166430265265719
2024-06-11,0.0057520414339439,3.3085980657807576e-05,0.0001148590421639,0.0010542548578112588,0.03246929099643629,0.0009482709605222704,0.030794008516629827,0.0006817347631680599,0.026110050998955553,0.0009522545509418405,0.030858621987085562
2024-06-12,0.0049509375119345,2.451178224708063e-05,6.070379813499176e-05,0.0009929847251820517,0.031511660146397426,0.000897069588521692,0.02995111998776827,0.0006424716429769969,0.025347024341665768,0.000904765948199558,0.030079327588886658
2024-06-13,0.0018093473536218,3.273737846058299e-06,0.000139874053022,0.0009348763486059534,0.030575747719490908,0.0008491927895923595,0.02914091264172005,0.0006055610518222765,0.024608150109715208,0.0008603067159622802,0.02933098559479855
2024-06-14,0.0032264776571732,1.0410158072238442e-05,4.7783452994822534e-05,0.0008789801919603597,0.02964760010456765,0.0008038271449709006,0.02835184553024548,0.0005682399973391094,0.023837785076200126,0.0008184387097346064,0.02860836782716914
2024-06-18,-0.0111456394802729,0.0001242252794242,0.0001730882911929,0.0008268659899270724,0.028755277601286905,0.0007620730772941316,0.027605671107475936,0.0005355507707579864,0.02314196989795783,0.000779513952145282,0.02791977707907572
2024-06-19,-0.0060917409470323,3.710930776575052e-05,0.0001114592667823,0.000784707547296901,0.02801263192377505,0.0007284904589152188,0.026990562404574286,0.0005346123284435412,0.023121685242290215,0.0007508987527912538,0.02740253186826454
2024-06-20,0.0124759446123642,0.0001556491939707,0.0001408590347607,0.0007398516529250319,0.027200214207337262,0.0006934050821487864,0.026332585937366395,0.0005187807831167816,0.022776759715042474,0.0007186722542196016,0.02680806323141606
2024-06-21,0.0070269619957052,4.937819488908557e-05,8.27841034480153e-05,0.0007047995053877766,0.026548060294262116,0.0006662212248284554,0.025811261589245408,0.0004996154494554017,0.022352079309437896,0.0006891380500279036,0.026251439008707765
2024-06-24,-0.0110645737553883,0.0001224247923884,0.0001706078324333,0.0006654742267578551,0.02579678714022068,0.0006362049194947698,0.025223102891888022,0.00047626599413711217,0.021823519288536215,0.0006596167225485755,0.025683004546753783
2024-06-25,-0.0128947869603566,0.0001662755307529,0.0001616775808368,0.0006328912606956894,0.025157330158339326,0.0006116663980780274,0.02473189030539371,0.00047826309760865763,0.021869227183617113,0.0006389369041764081,0.025277201272617348
2024-06-26,-0.0179191438758968,0.000321095717245,0.0002063689446727,0.000604894316899127,0.024594599344147223,0.0005908889119497525,0.024308206679015884,0.0004854070199761051,0.02203195452010795,0.0006224303313618125,0.02494855369278573
2024-06-27,0.0092294600680081,8.518293314695773e-05,0.0001190652198963,0.0005878664009198848,0.024245956382866914,0.0005786154328355032,0.024054426470724744,0.0005070179930230879,0.022517060043955293,0.0006168641652386308,0.024836750295451914
2024-06-28,-0.0008617152675668,7.425532023578775e-07,0.0001462028133233,0.000557705392853509,0.02361578694122872,0.0005565688905332355,0.023591712327282126,0.0004853559235330749,0.02203079489108541,0.0005928589337063687,0.02434869470231143
2024-07-01,0.0003448484610172,1.189204610659569e-07,7.264437085226856e-05,0.0005242876224744398,0.02289732784572121,0.0005323041537591589,0.023071717616145505,0.0004584477798061605,0.021411393691354155,0.0005689334507348835,0.02385232589780048
2024-07-02,0.0026963542980001,7.270326500343652e-06,5.464349244679809e-05,0.0004928375003536373,0.02219994370158711,0.000509770429864111,0.022578096240917014,0.0004317191905122107,0.020777853366317964,0.0005465693368086378,0.023378822399955004
2024-07-03,0.0104301511390062,0.0001087880527825,7.191000756807448e-05,0.00046370346992243965,0.021533775096866773,0.0004891936396918666,0.02211772229891375,0.00040929913205839326,0.02023114262859103,0.0005258392865120085,0.022931185894148793
2024-07-04,-0.0004537060404372,2.058491711292302e-07,6.466232768764243e-05,0.000442408544894044,0.02103351004692379,0.000474697117068963,0.02178754499866754,0.000395682117419908,0.01989176003826479,0.0005083829139009735,0.022547348267611726
2024-07-05,-0.0090028605726612,8.105149849077841e-05,9.254805500533996e-05,0.00041587638315066904,0.020393047421870744,0.00045634384828522836,0.021362206072529782,0.0003746729774830585,0.019356471204304223,0.0004900949428620811,0.02213808805796203
2024-07-08,-0.0140064218528447,0.0001961798531198,0.0001364510891652,0.00039578689007107557,0.019894393433102592,0.0004429752951557646,0.021046978290380894,0.0003762275396565913,0.01939658577318677,0.0004781690713907812,0.021867077339936886
2024-07-09,-0.0027900271381416,7.784251431566922e-06,5.80642305693534e-05,0.00038381046785400174,0.019591081334474666,0.00043577958979877104,0.020875334483518367,0.0003905807229936091,0.01976311521480379,0.00047435535227937113,0.021779700463490564
2024-07-10,-0.0224861737278156,0.0005056280089175,0.0004303367972986,0.0003612488948686556,0.019006548736387036,0.0004205903845771067,0.020508300382457507,0.0003756841877938347,0.01938257433350469,0.0004588332242456243,0.02142039271922026
2024-07-11,0.0055803493447117,3.114029880902443e-05,6.502349579335057e-05,0.0003699116417115866,0.01923308716019315,0.0004290041705626312,0.020712415855293927,0.00041287114133242524,0.020319230825314852,0.00047596983754240595,0.021816732971332027
2024-07-12,-0.0013625056876632,1.8564217489147592e-06,7.136476890509914e-05,0.00034958536113743286,0.018697201960117798,0.00041536184240818005,0.020380427925050546,0.00039452422979821826,0.019862634009572302,0.0004604222257834225,0.021457451521171438
2024-07-15,-0.0115071060572359,0.0001324134898124,0.0001309899210231,0.00032872162477412173,0.018130681861808776,0.00040138500075588557,0.020034595098376348,0.00037583054695025983,0.019386349500363904,0.0004454590882751367,0.021105901740393295
2024-07-16,0.0018572316668918,3.449309464505753e-06,0.0001240194304719,0.0003169431366764229,0.017802896861927358,0.0003943224620017076,0.01985755428046736,0.00038371527169533536,0.019588651604828124,0.00043979185342107315,0.020971214877089816
2024-07-18,-0.004258733751961,1.8136813170092616e-05,0.0001314958278071,0.00029813350704370787,0.01726654299631828,0.0003819429773055557,0.019543361463820796,0.0003641503108021634,0.01908272283512401,0.00042615985483442217,0.02064363957335097
2024-07-19,-0.0530158258240255,0.0028106777878034,0.0010914717058263,0.0002813337054112909,0.016773005258786836,0.0003711248611721227,0.01926460124612297,0.00035457232179421063,0.018830090859956322,0.0004145309630956653,0.020360033474816915
2024-07-22,0.0160335881447875,0.0002570759487966,0.0002640711035296,0.00043309435035481815,0.02081091901754505,0.0004873096044333684,0.022075090134207116,0.0004838089801811429,0.021995658212045917,0.0005810289693679953,0.024104542504847407
2024-07-23,-0.0018730568785479,3.508342070275911e-06,0.0006978208665427,0.00042253324626132926,0.020555613497566284,0.0004796520589692888,0.02190096022938923,0.00047069505342558083,0.021695507678447648,0.0005626161400822395,0.023719530772809135
2024-07-24,0.0018106284339016,3.278375325653298e-06,0.0001119933702555,0.00039739175200986603,0.019934687156057052,0.0004610888231126014,0.02147297890635115,0.0004476448298665765,0.021157618719188993,0.0005408967612546315,0.023257187303167844
2024-07-25,-0.0183825930231344,0.0003379197262541,3.712803010390885e-05,0.0003737449494088132,0.019332484305148504,0.00044386103283960694,0.021068009702855345,0.000423164148264523,0.020570953995002833,0.0005204735582933282,0.02281388959150386
2024-07-26,0.032258846743707,0.0010406331932339,0.0003143037753936,0.0003715954360195358,0.019276810836327044,0.00044300753480810956,0.021047744173856485,0.00044802104169942923,0.021166507546107584,0.0005228210646823015,0.02286528076981128
2024-07-29,0.0019665427762702,3.867290490900635e-06,7.577212416226335e-05,0.0004117377014524022,0.02029132084050721,0.00047397747999614406,0.021771023861916646,0.0004534089124675066,0.021293400678790285,0.0005228414798527291,0.022865727188364885
2024-07-30,0.0073409144440914,5.388902487547059e-05,0.0002153306154661,0.0003872654767947121,0.019679061888075663,0.00045584187659673093,0.02135045377964438,0.0004286273249693185,0.020703316762521858,0.0005036413991420306,0.022441956223601154
2024-07-31,0.0076504032809878,5.852867036174933e-05,0.0001152607181017,0.00036726288967955755,0.01916410419715875,0.000441282014659286,0.021006713561604204,0.0004107894967991046,0.020267942589199936,0.00048665766540614803,0.022060318796566565
2024-08-01,-0.0138253451915116,0.0001911401696644,0.0008596193173772,0.000348738836520489,0.018674550503840488,0.0004279874515496096,0.02068785758723241,0.0003944987217541696,0.01986199188787896,0.0004709002024928544,0.021700235079207195
2024-08-02,-0.0301317152387555,0.0009079202632294,0.0006053101729728,0.00033928291650912683,0.018419633994982823,0.0004216505830771973,0.020534132148138068,0.0004077303577689024,0.02019233413374745,0.0004672544489791074,0.02161606923053096
2024-08-05,-0.054551902487296,0.0029759100649834,0.0003929236232572,0.0003734011573123463,0.019323590694080288,0.00044817049351143654,0.02117003763604204,0.0004669880007644027,0.021609905153989053,0.0005093740839938112,0.022569317313419365
2024-08-06,0.003331758007011,1.1100611417282476e-05,0.0002751683753856,0.0005295516917726128,0.023011990174094304,0.0005662376511173337,0.02379574859333771,0.0006097571278609148,0.024693260778214668,0.0006799978829250837,0.026076769027720513
2024-08-07,0.0232767958175194,0.0005418092235304,8.863551234461202e-05,0.0004984446269512929,0.022325873486860326,0.0005417400947791418,0.023275310841729735,0.0005737566688354465,0.023953218339827456,0.0006503806393416726,0.025502561427073803
2024-08-08,-0.0235429368201686,0.0005542698741184,0.0001854315321289,0.0005010465027460447,0.02238406805623242,0.0005430058283911346,0.023302485455228474,0.00056250650442661,0.02371721957621951,0.0006325899046577213,0.025151340017138674
2024-08-09,0.0101295058885488,0.0001026068895461,4.773083603755531e-05,0.000504239905028389,0.022455286794614514,0.0005447429981457468,0.023339730035836892,0.0005994092771751034,0.024482836379290357,0.0006411498518239445,0.02532093702499859
2024-08-12,0.0016454292712641,2.707437486732712e-06,0.0001943607740491,0.0004801419240994543,0.02191214102043555,0.0005259397526550709,0.02293337639021064,0.0005717466329655236,0.02391122399555329,0.0006158371126974266,0.024816065616802083
2024-08-13,-0.0211345627920253,0.00044666974441,0.0003144318252142,0.000451495854902691,0.021248431822200223,0.0005039844465728632,0.022449597915616733,0.0005370837792492263,0.023175068052742075,0.0005903719403197493,0.0242975706670389
2024-08-14,-0.0183702542318096,0.0003374662405413,0.0009632772087827,0.0004512062882731332,0.02124161689403924,0.000503687317455663,0.02244297924642945,0.0005669387209317289,0.023810475025327172,0.0005949329687481342,0.024391247789896566
2024-08-16,0.0226599113441616,0.0005134715821252,0.0002057256638779,0.0004443818854092243,0.02108036729777791,0.0004984759004144938,0.022326573861981013,0.0005869171934688165,0.02422637392324358,0.0005922525796401552,0.02433624004730713
2024-08-19,0.029262653803869,0.000856302907645,0.0002376074981596,0.0004485272672121866,0.02117846234296028,0.0005015974824002204,0.02239637208121486,0.0005741229764446749,0.02396086343278712,0.0005778391667454798,0.024038285436891703
2024-08-20,-0.0001949313809928,3.799824329577946e-08,0.0001274922998258,0.0004729938056381608,0.021748420761934895,0.0005199881957332549,0.022803249674843602,0.0005695567088875166,0.023865387256181633,0.0005707487105790484,0.023890347644583334
2024-08-21,-0.0131438480277473,0.0001727607409765,8.952029473765305e-05,0.00044461645719446886,0.021085930313706078,0.0004983437246366617,0.02232361361062903,0.0005338959555069978,0.023106188684138235,0.0005482629314221915,0.023415015084816655
2024-08-22,0.0145071568420709,0.0002104575996404,5.1873494594552186e-05,0.0004283051142213917,0.02069553367810049,0.00048607528512104015,0.022047115120147582,0.000539072682965403,0.02321793881819407,0.0005382559333792566,0.023200343389253024
2024-08-23,0.0003891904345492,1.5146919434459752e-07,5.1845596603018286e-05,0.0004152342633465349,0.02037729774397319,0.00047640015070112495,0.021826592741450164,0.0005206089585358077,0.022816856894318456,0.0005218506320605596,0.022844050255166216
2024-08-26,0.0096806519617624,9.371502240477444e-05,0.000109375368312,0.0003903292956974035,0.019756753166889632,0.00045792095361774066,0.02139908768190225,0.0004888773681062371,0.022110571410667728,0.0005026481931073672,0.022419816973101435
2024-08-27,-0.0064433783599857,4.151712468993229e-05,5.381331062183594e-05,0.00037253243929984576,0.019301099432411765,0.0004450104316564664,0.021095270362251024,0.00046899525413890436,0.021656298255678517,0.0004864694191714546,0.022056051758450664
2024-08-28,-0.0064851648765205,4.205736347565582e-05,5.781114476665473e-05,0.0003526715204232509,0.018779550591620953,0.00043067666167043736,0.020752750701303127,0.0004584748463091646,0.021412025740437653,0.00047227624702111476,0.021731917702336227
2024-08-29,-0.0047607892918183,2.266511468109204e-05,8.651675420188971e-05,0.0003340346710063951,0.018276615414413992,0.0004174065119260421,0.02043052891939027,0.0004487309099703494,0.02118326957696449,0.00045907029268807306,0.021425925713678583
2024-08-30,-0.0013737433731926,1.8871708553906564e-06,0.0001177540707624,0.0003153524976268769,0.017758167068334416,0.0004042219519805007,0.02010527174599987,0.0004349681176973892,0.020855889280905506,0.00044551942152739325,0.02110733099014163
2024-09-02,0.0007852570639431,6.166286564726013e-07,4.7714499390874944e-05,0.0002965445780205877,0.01722046973867402,0.0003910541452725682,0.019775089007955646,0.00041330248999047197,0.02032984235035953,0.000431558789291361,0.020773993099338438
2024-09-03,-0.0047864902524081,2.291048893639797e-05,3.20626016794653e-05,0.0002787889010587408,0.01669697281122362,0.00037878358164027896,0.019462363208004287,0.0003905318997016451,0.01976187996374953,0.0004184270355597812,0.020455489130299015
2024-09-04,-0.0063956979685479,4.090495250488898e-05,0.0001449108115762,0.00026343619633140017,0.016230717677644453,0.0003684102853435761,0.01919401691526753,0.0003806021618844813,0.0195090277021814,0.00040762047625663003,0.020189613078427978
2024-09-05,0.0035656255019939,1.2713685220469477e-05,5.008878146687556e-05,0.0002500843217018094,0.015814054562376133,0.0003596023778795963,0.01896318480318104,0.00037529217806547247,0.019372459267358713,0.00039868222956185567,0.0199670285611519
2024-09-06,-0.0033010686553006,1.0897054267008516e-05,0.000166487024767,0.000235842083512929,0.015357150891780968,0.0003501588443586239,0.018712531746362487,0.0003578458632308195,0.018916814299210622,0.0003879820100646085,0.019697258948001076
2024-09-09,-0.0116399443536193,0.0001354883045553,0.0001311265626839,0.00022234538175817372,0.014911250174219924,0.0003413178607097562,0.018474789869163767,0.0003463733864435168,0.01861110922120218,0.00037845654697696513,0.01945395967346918
2024-09-10,-0.0003346328736467,1.119791601250707e-07,0.0001235630749124,0.00021713395712600453,0.014735465962296697,0.00033874918307772204,0.018405140126544053,0.0003557601337338869,0.018861604749699504,0.00037748303730739157,0.019428922700638642
2024-09-11,-0.0084009176417921,7.057541722417484e-05,0.0001082751018369,0.00020411263844805175,0.014286799447323804,0.0003302479342696208,0.018172725009464617,0.00033745570742305266,0.018369967540065296,0.00036797753116212515,0.019182740449740887
2024-09-12,0.0238083798809429,0.0005668389525552,0.0002165659636942,0.00019610040517461906,0.014003585439972831,0.0003255478670186513,0.018042945076085868,0.0003393109736937343,0.018420395590044592,0.0003635851387083138,0.01906790860866272
2024-09-13,0.0114669114405095,0.0001314900579844,0.0001279897030251,0.00021834471801745914,0.014776492074151399,0.0003436189019724887,0.01853696042970607,0.00034177263095141146,0.018487093631812748,0.0003655134250356945,0.019118405399920112
2024-09-16,0.0046799038183881,2.1901499749363693e-05,7.042567848122097e-05,0.00021313343841548085,0.014599090328355423,0.0003407026836380345,0.018458133265258286,0.0003333970055650648,0.018259162236123123,0.00035924193644050223,0.018953678704686915
2024-09-17,-0.0090545160661152,8.198426119153847e-05,5.959779142966877e-05,0.0002016595220955138,0.01420068738109229,0.00033304465820790485,0.018249511177231705,0.00031984018865533636,0.017884076399281468,0.00035136000034845764,0.01874459923147085
2024-09-18,-0.0146334897190132,0.0002141390213564,0.0001789616042311,0.00019447900644127525,0.013945573005125148,0.00032865748984188065,0.018128913090471824,0.0003240422335760024,0.018001173116661103,0.0003488078270958573,0.018676397594179057
2024-09-19,-0.0070634687468331,4.989259073748873e-05,0.0003104269411029,0.00019565860733618663,0.013987802090971498,0.0003305615836302507,0.0181813526347808,0.00034154328878383667,0.018480889826624602,0.0003548197672816055,0.018836660194461372
2024-09-20,0.0164482661537067,0.0002705454594631,0.0001129754273195,0.00018691264634026472,0.013671599991963806,0.0003249039448717232,0.018025092090519904,0.00033999341645909184,0.018438910392403664,0.0003499972617298936,0.018708213750379635
2024-09-23,0.012875528388367,0.0001657792312796,3.865096922882569e-05,0.00019193061512763924,0.013853902523391711,0.00032962965567069434,0.018155705870901696,0.0003360028776817415,0.018330381274860093,0.0003473452555250265,0.018637200850047907
2024-09-24,0.0415931927900551,0.0017299936864706,0.000637689550668,0.00019036153209675956,0.013797156667109334,0.00032927747927873454,0.01814600449902773,0.00032917407994961475,0.018143155181765236,0.00034292918937118915,0.018518347371490503
2024-09-25,0.0070145485783996,4.9203891758728624e-05,0.0001396505141968,0.00028273946135919553,0.016814858350851353,0.00039965091546613084,0.019991270981759283,0.00034790116639866206,0.018652108899496114,0.00036780635355213823,0.019178278169641252
2024-09-26,0.024140226972876,0.0005827505583019,0.0003979290306295,0.00026872732718316746,0.016392904781739187,0.0003889531529399096,0.019721895267440948,0.00033533398385435096,0.018312126688463874,0.0003598555351465051,0.01896985859584897
2024-09-27,0.0056598865172498,3.203431538814715e-05,0.0001252210145283,0.0002875687210502956,0.01695785130994772,0.0004031464671827458,0.020078507593512665,0.0003382694397170653,0.018392102645349316,0.00036232918418147546,0.019034946392923607
2024-09-30,0.0119369825769635,0.0001424915530427,0.0001080359478065,0.00027223665671056665,0.01649959565294152,0.0003914192378335839,0.019784317977468515,0.00032520069998678586,0.018033321934318863,0.0003544278126159945,0.018826253281415146
2024-10-01,-0.0090591342697104,8.206791371664141e-05,0.0002483861411785,0.00026445195049049644,0.016261978676978286,0.0003855347325501617,0.019635038389322332,0.00031821448263954317,0.017838567281021848,0.0003491045368636682,0.018684339347797882
2024-10-03,-0.0002993519582122,8.961159488553637e-08,0.0003858411806627,0.00025350890828406515,0.0159219630788438,0.0003773458002646695,0.019425390607775934,0.0003224971101697272,0.01795820453635962,0.0003467091046598101,0.01862012633307868
2024-10-04,-0.0013783464109918,1.8998388286942376e-06,0.0003382474470349,0.00023830375048271437,0.01543709009116402,0.00036604527507293774,0.019132309716104266,0.0003065379543530994,0.017508225334199334,0.00033926829485403826,0.01841923708664499
2024-10-07,-0.0144365620510766,0.0002084143238545,0.0004177973754759,0.00022411951578347314,0.01497062175674321,0.00035564586055582894,0.018858575252543044,0.0002940631290689934,0.017148268981707553,0.0003324420124022293,0.018232992414911747
2024-10-08,-0.0298897917034678,0.0008933996480766,0.0006678211566535,0.00022317720426773984,0.01493911658257408,0.00035533454252130025,0.018850319427566743,0.0003117935404299334,0.01765767652976839,0.00033918917057551074,0.01841708909071981
2024-10-09,-0.0028877881441934,8.339320365744318e-06,0.0002352483567001,0.000263390550896277,0.0162293114732658,0.000386006074809793,0.01964703730361891,0.00036875342911750036,0.019202953656078544,0.0003889847591030254,0.01972269654745581
2024-10-10,0.0041407951501476,1.714618447548611e-05,0.0002997160335074,0.000248087477064445,0.01575079290272223,0.00037445055142870036,0.01935072482954322,0.0003555739266767287,0.018856667963262456,0.0003792295386739577,0.01947381674644079
2024-10-11,0.0058679949411905,3.4433364629837934e-05,0.0002901434818736,0.00023423099950910744,0.015304607133445388,0.0003641308633519179,0.0190822132718382,0.00034002885103014206,0.018439871231387222,0.00036991751218351965,0.019233239773463015
2024-10-14,-0.0146719933372009,0.0002152673884868,0.0003982841978803,0.0002222431414163512,0.014907821484588257,0.00035534070937817447,0.018850483001190566,0.00032701658440581873,0.018083599874079793,0.00036155114392630934,0.01901449825597061
2024-10-15,-0.0171368732847896,0.0002936724259789,0.0002926349829693,0.00022182459624058218,0.014893777097854733,0.00035536126283496164,0.018851028163868452,0.0003445368431007022,0.01856170366913291,0.00036677917576709263,0.01915147972787201
2024-10-16,-0.0025090995143477,6.295580372899965e-06,9.574483433484895e-05,0.0002261354660248834,0.015037801236380384,0.0003589241128712104,0.018945292630920495,0.0003678796332584006,0.01918018856159659,0.00037663548097345074,0.019407098726328228
2024-10-17,-0.0184637060089122,0.0003409084395835,0.000267606973808,0.00021294507288576437,0.014592637626068989,0.0003492396653150713,0.018687955086500806,0.00035384959567823167,0.01881089034783393,0.0003675795810403274,0.019172365035131356
2024-10-18,0.0194293553507163,0.0003774998493444,0.0003974366906118,0.00022062287488763095,0.014853379241358882,0.0003553813277887401,0.01885156035421843,0.00038046811998179746,0.01950559201823409,0.0003803819699779824,0.019503383552039948
2024-10-21,-0.0023193941758915,5.379589343159553e-06,0.0001647949848235,0.00023003549335503758,0.015166921024223658,0.0003627315932954501,0.019045513731465742,0.00037690707899609206,0.01941409485389654,0.00037767265386996583,0.019433801837776515
2024-10-22,-0.0303866448289846,0.0009233481839628,0.0003573772007345,0.00021655613911432487,0.014715846530673145,0.0003527297009760361,0.018781099567811148,0.0003618011619404301,0.0190210715245075,0.0003684889477403497,0.019196065944363436
2024-10-23,-0.0107632151518363,0.0001158468004047,0.0002438421720295,0.00025896366180523677,0.016092347927050197,0.0003849437126054529,0.019619982482292204,0.00042122316405016156,0.020523721983357734,0.000418219336439147,0.020450411644735832
2024-10-24,0.0013432902306592,1.80442864378449e-06,5.387230849448714e-05,0.00025037665012120564,0.015823294540682913,0.0003783243829845192,0.019450562536454292,0.00042512167599237214,0.020618478993184055,0.0004133288364552362,0.02033049031517037
2024-10-25,-0.0211647957469251,0.000447948579009,0.0004293288363475,0.00023546231683256038,0.015344781420162374,0.0003670304173599107,0.019158037930850608,0.00040195034627903283,0.020048699366268945,0.00040144303403098937,0.020036043372656923
2024-10-28,0.0238461883822445,0.0005686407003614,0.0004160499243551,0.0002482114925631503,0.01575472921262534,0.000376720294529946,0.01940928372016716,0.0004351201124758989,0.020859532892083154,0.0004187696880285379,0.020463862979128302
2024-10-29,0.0045418251464307,2.0628175660750983e-05,0.0002487937250503,0.0002674372450310508,0.01635350864588547,0.00039116275057899476,0.019777834830410398,0.00043275542924690766,0.020802774556460193,0.00041702636444302337,0.02042122338262386
2024-10-30,-0.0072902913148533,5.314834745542678e-05,0.0001310388712761,0.00025262870086883277,0.01589429774695418,0.00037978880407752114,0.01948817087562404,0.00041198589793265886,0.02029743574771599,0.0004052412620104858,0.02013060510790686
2024-10-31,-0.002756041058813,7.595762317863581e-06,4.9703961200187486e-05,0.0002406598796640283,0.015513216290119477,0.0003707093334226833,0.019253813477404503,0.0004071690133166465,0.020178429406587782,0.00039724029466715996,0.019930887954809236
2024-11-01,0.0079782508156827,6.365248607794296e-05,2.517278686091788e-05,0.00022667603262325838,0.015055764099615083,0.0003602292203398195,0.018979705486119103,0.000391040094694695,0.01977473374522891,0.0003868835884441283,0.019669356584396152
2024-11-04,-0.0188747753675091,0.0003562571451739,0.0003978386897396,0.00021689461983053935,0.014727342592285255,0.0003530425957643788,0.01878942776575111,0.0003764128567604299,0.019401362239812696,0.0003779197942783817,0.019440159317206784
2024-11-05,0.0356941321055852,0.0012740710667709,0.0005044976224647,0.0002252563713511427,0.015008543278784344,0.0003596022825389951,0.018963182289346774,0.0004037102192178884,0.020092541382759135,0.0003910027080478301,0.019773788409099307
2024-11-06,0.008695378530782,7.560960779358571e-05,0.0004469976599407,0.00028818525307633224,0.016976019942151702,0.0004071701632228255,0.02017845790001866,0.00041445561397410587,0.02035818297329371,0.00040420058691877965,0.02010474040913684
2024-11-07,-0.0175333297183197,0.0003074176510113,0.0006909326311723,0.0002754307143593674,0.016596105397332455,0.0003971207507769652,0.019927888768682078,0.0003988780152292852,0.019971930683569006,0.00039429581083287254,0.019856883210435432
2024-11-08,-0.0226459381878977,0.00051283851641,0.0004134186344523,0.00027734993055848414,0.01665382630384033,0.00039827728936759477,0.019956885763254616,0.0004220075570425699,0.020542822518888924,0.00040317760864166425,0.02007928307090829
2024-11-11,-0.0174999318600892,0.0003062476151077,0.0002184064934979,0.0002914792457095801,0.017072763271057795,0.0004086346847297886,0.020214714559691132,0.00045911002286338364,0.021426852845515685,0.00042450877693597203,0.020603610774230133
2024-11-12,-0.0058095805895994,3.3751226627050794e-05,0.0002127093627117,0.0002923653478734712,0.017098694332418226,0.00040890357611195747,0.02022136434843004,0.0004803641114246388,0.021917210393310523,0.0004312878148042845,0.020767470110831614
2024-11-13,-0.035297041392521,0.0012458811310653,0.0004529928990145,0.00027684850059868593,0.01663876499619746,0.00039683655651434564,0.01992075692624017,0.00046736029282986474,0.021618517359658702,0.0004203062652934961,0.02050137227830118
2024-11-14,-0.0085873863680853,7.374320463477862e-05,0.0001944507215264,0.0003349904584266853,0.01830274455994743,0.0004404308004579639,0.020986443254109637,0.0005434731742374584,0.023312511109647934,0.000487040843987106,0.022069001880173602
2024-11-18,0.0231394571136747,0.0005354344755155,0.0005028158783622,0.0003193156231991708,0.017869404668291858,0.00042788562408510014,0.020685396396615176,0.0005344186426688745,0.02311749646196306,0.0004748558917721522,0.021791188397426886
2024-11-19,-0.0124703474559252,0.0001555095656715,0.0002141394530164,0.000332282754338156,0.018228624587120004,0.00043711770948876125,0.02090736017503791,0.0005255048604143303,0.02292389278491614,0.00046873145961053475,0.021650206918423082
2024-11-21,0.0054348167348919,2.953723294186113e-05,0.0003511425191766,0.0003216763630181567,0.01793533838593955,0.00042850844647428763,0.020700445562216473,0.000529077902174758,0.023001693463194358,0.000462968516345306,0.021516703194153747
2024-11-22,0.0180923640666589,0.0003273336375205,0.0002260200003529,0.0003041480152135789,0.017439839884975404,0.0004148296023495669,0.020367366112228818,0.000501839629846183,0.022401777381408444,0.0004482640773271296,0.02117224780997827
2024-11-25,0.0062138951341971,3.861249273879941e-05,0.0001892789289417,0.00030553915255199595,0.017479678273698174,0.0004156024161696283,0.020386329148957355,0.0004896587913880503,0.022128235162074048,0.0004400672959002553,0.020977781005155318
2024-11-26,0.0055530084171879,3.083590248135973e-05,8.491041555695113e-05,0.00028952355296320406,0.01701539164883383,0.0004032694505450178,0.020081569922319763,0.0004662435115449501,0.021592672635524997,0.0004270686446404779,0.02066563922651506
2024-11-27,0.0004152352003088,1.7242027157549105e-07,6.967339455342888e-05,0.0002740022939342934,0.016553014647921187,0.00039147913845396983,0.019785831760478757,0.0004439397973871865,0.021069878912494646,0.00041479854469705934,0.020366603661314257
2024-11-28,-0.0079189933991861,6.27104564563531e-05,8.096363247530064e-05,0.0002575725015145303,0.01604906544053361,0.00037915768516511456,0.019471971784211135,0.0004184311782477063,0.020455590391081514,0.0004027838147336488,0.020069474699992745
2024-11-29,0.0079880171193361,6.380841749880713e-05,0.000103172436071,0.00024588077881103966,0.015680586048073576,0.00037055616337761295,0.019249835411701912,0.0004148989689249056,0.020369068926313388,0.00039555509852472675,0.019888567030450603
2024-12-02,0.0128547743409345,0.0001652452233563,0.0002336515111308,0.00023495643713230567,0.01532828878682502,0.0003626278804398418,0.019042790773409285,0.00039863377293899435,0.019965815108304353,0.00038601200244251156,0.019647188156133477
2024-12-03,0.0008874911181966,7.876404848779744e-07,5.7533886654376e-05,0.0002307737643057482,0.01519123972247651,0.0003598591873058016,0.018969954857769207,0.00038795362104360604,0.019696538301021478,0.00037899000822976203,0.019467665710859176
2024-12-04,-0.0047196858224848,2.2275434262964312e-05,0.0001584424928953,0.00021697459687649597,0.014730057599225332,0.0003498579962110993,0.018704491337940717,0.00036721414444806813,0.019162832370191733,0.0003693908157339664,0.019219542547468875
2024-12-05,0.0083299561791687,6.938816994687185e-05,0.0001597800074043,0.00020529264711968405,0.014328037099326762,0.0003415531093542676,0.018481155519995702,0.0003585637713947766,0.01893578018975655,0.00036183614605187864,0.01902199111691199
2024-12-06,0.0082610333738387,6.824467240367762e-05,7.158827659810727e-05,0.00019713837848931524,0.014040597511833862,0.0003359797520428917,0.01832975046319212,0.00034642373518672194,0.01861246182499032,0.00035466032620992563,0.018832427517713312
2024-12-09,0.0106652623749327,0.0001137478215261,0.0002664400258019,0.00018940475612417692,0.01376244004979411,0.000330758780351164,0.01818677487492392,0.0003350168383277752,0.018303465200004483,0.00034794508274826815,0.01865328611125311
2024-12-10,0.0029313476794553,8.592799217848504e-06,0.0001611839048421,0.0001848653400482956,0.013596519409330302,0.00032797300267494036,0.018110024921985622,0.00032637159177002095,0.018065757436930813,0.00034252420893334244,0.018507409568422655
2024-12-11,0.0018610063848191,3.4633447643374953e-06,6.640399320530161e-05,0.00017428898759846875,0.013201855460444518,0.0003206363499019677,0.01790632150671845,0.00031185668007747134,0.017659464320229856,0.00033551796559190084,0.01831714949417351
2024-12-12,0.0011944292838751,1.426661314178567e-06,0.0001373226743115,0.00016403944902842088,0.012807788608047092,0.0003135997630547637,0.017708748206882487,0.00029748909173039277,0.0172478720928233,0.00032888702353900715,0.01813524258285527
2024-12-13,-0.0122111793039561,0.0001491128999933,0.0003343934744762,0.0001542826817655663,0.012421057997029332,0.0003069812757478614,0.017520881135030322,0.00028359849096673757,0.01684038274406902,0.00032266351806804685,0.017962837138604994
2024-12-16,-0.0078183115172817,6.112599498126114e-05,0.0001193176272896,0.00015397249485923426,0.012408565382800473,0.00030751782069752734,0.017536186036237394,0.00029641226278078245,0.01721662750891656,0.00032630112918528305,0.0180638071619823
2024-12-17,-0.0143798889273889,0.000206781205564,0.0001679322036171,0.00014840170486655577,0.012182023841158568,0.00030403859365294204,0.01743670248794026,0.00029878858090968936,0.01728550204390053,0.00032410672410889974,0.018002964314492758
2024-12-18,-0.0084097718768496,7.072426302065058e-05,0.0002220378855488,0.00015190447490840493,0.012324953343051849,0.0003073950022930719,0.01753268383029455,0.0003162805917579411,0.017784279343227297,0.0003313097867594521,0.01820191711769538
2024-12-19,-0.0083415881097164,6.958209219216282e-05,0.0001295812496368,0.00014703366219513965,0.012125743779048757,0.00030435850652137624,0.01744587362448141,0.0003191280950852559,0.01786415671352152,0.0003293886658104736,0.018149067904729258
2024-12-20,-0.0181732441563971,0.000330266803168,0.0003453733551041,0.00014238656799496098,0.011932584296578884,0.00030149053317262564,0.017363482748936794,0.00032168827905345123,0.017935670577189224,0.0003275239901671417,0.018097623881801216
2024-12-23,0.0072950323218638,5.321749657703809e-05,0.0001815111296895,0.0001536593821053446,0.012395942162875099,0.0003106130353668875,0.017624217297993336,0.0003480608049381591,0.018656387778403383,0.0003423398335419195,0.01850242777426572
2024-12-24,-0.0094297481184747,8.892014957787814e-05,9.266562127085832e-05,0.00014763286897364616,0.012150426699241724,0.0003065519524794931,0.017508625088209898,0.00033572228055488216,0.018322725794894225,0.00033617320254972926,0.018335026658004325
2024-12-26,-0.0001424841136881,2.0301722653495004e-08,4.926185845810935e-05,0.00014411010580990001,0.012004586865440228,0.0003043990040470764,0.017447034247890854,0.00034013141361243686,0.01844265202221299,0.0003350811267828185,0.0183052212983842
2024-12-27,-0.0103842808611456,0.0001078332890031,0.000180983041134,0.0001354647175646652,0.011638931117790206,0.0002983840090255104,0.017273795443547152,0.00032253744696062776,0.01795932757540292,0.0003284166007402845,0.018122268090398744
2024-12-30,-0.0147216874184157,0.0002167280804455,0.0001900418475449,0.0001338068318509746,0.011567490300448693,0.00029767808346688174,0.017253349920142515,0.0003297806727478772,0.01815986433726522,0.0003290464103258433,0.018139636444147476
2024-12-31,0.0085113458079456,7.244300746243345e-05,8.559302392314646e-05,0.00013878210676664847,0.011780581766901348,0.0003019452142478965,0.0173765708426,0.0003473529323599146,0.018637406803520565,0.00033654952674599427,0.018345286226875673
2025-01-01,-0.0095346882966107,9.091028091352548e-05,6.669737401369297e-05,0.00013480176080839554,0.011610416048031851,0.000299381514211029,0.017302644717239878,0.00033609971696208727,0.018333022581180858,0.0003311280428268843,0.01819692399354584
2025-01-02,0.0104757832785362,0.0001097420352988,8.026167292668444e-05,0.00013216827201470332,0.011496446060183265,0.0002978383753986082,0.017257994535826236,0.0003407457475875185,0.01845929975886189,0.00033050107915643247,0.018179688643000257
2025-01-03,0.0013019485999646,1.6950701569499638e-06,6.689078070237999e-05,0.00013082269781175264,0.011437775037644019,0.00029725828081585294,0.017241179797677794,0.0003315871809683174,0.01820953544076063,0.0003261771126740876,0.018060374101166555
2025-01-06,-0.0456944267542384,0.0020879806363984,0.0009831631247745,0.00012307504015246447,0.011093919061921467,0.0002918366871493609,0.017083228241446664,0.0003153670317304798,0.017758576286698205,0.0003201405223049432,0.01789247110672372
2025-01-07,0.009037671133264,8.167949951303417e-05,7.136296516545153e-05,0.00024096937592722417,0.015523188329954132,0.00038110504884554097,0.019521912018179495,0.0004180732123961999,0.02044683868954318,0.0004470793716547999,0.02114425150377284
2025-01-08,-0.0055635236531554,3.09527954392197e-05,0.0001243935551612,0.0002314119833423727,0.015212231372891115,0.00037321971412919934,0.019318895261613674,0.00040256507726785153,0.020064024453430362,0.00043440829773203494,0.020842463811460366
2025-01-09,-0.0206429344350819,0.000426130742091,0.0001531079705469,0.0002193844320681835,0.014811631647734948,0.00036361329960761117,0.019068647031386658,0.0003938526828853025,0.01984572202983057,0.0004230395233389097,0.020567924624008853
2025-01-10,-0.0194285741741307,0.0003774694944397,0.0002972467674551,0.0002317892106695579,0.015224625140526709,0.0003725647861958952,0.019301937368976597,0.00042569139959760974,0.02063229021697809,0.0004375306332895323,0.020917232926214984
2025-01-13,-0.0359521055174215,0.0012925538911358,0.0003500180292669,0.00024053002769576634,0.01550903052082129,0.0003786678742281605,0.019459390386858486,0.00045345804426169376,0.021294554333483803,0.00044795849706990334,0.02116503005124026
2025-01-14,0.0320206299276025,0.0010253207409604,0.0005076667831697,0.000303651459502169,0.01742559782337952,0.0004256888893908524,0.020632229384893248,0.0005314912871192403,0.023054094801558362,0.0005158005965348031,0.022711243835043537
2025-01-15,-0.0031563346141612,9.962448196552756e-06,0.0001430436998065,0.00034695161638966725,0.018626637280777958,0.00045722234193935267,0.02138275805267769,0.0005323966324429374,0.023073721685998933,0.000516008499944996,0.022715820477037494
2025-01-16,0.0100653510555373,0.0001013112918712,8.092386954823104e-05,0.0003267322662980803,0.018075736950345353,0.0004405769823989374,0.020989925735908105,0.0005082445726084961,0.022544280263705384,0.0004978281714228638,0.022312063360945884
2025-01-17,0.0191412365631653,0.000366386937167,0.0002669229595451,0.0003132070078324678,0.017697655433205492,0.0004292672427987861,0.02071876547477639,0.0004873483487526182,0.02207596767420668,0.0004821138231064326,0.02195709049729569
2025-01-20,0.0105368186605284,0.0001110245474848,0.0002155189657688,0.00031639780359254315,0.017787574415657217,0.00043075847258177574,0.02075472169367192,0.00047717584047142145,0.021844354887966398,0.000472368372699561,0.021734037192835596
2025-01-21,-0.0149987570821739,0.00022496271401,0.0002091194710436,0.0003040754082260821,0.017437758119267573,0.00042059960182024535,0.020508525101046282,0.0004589874557154271,0.02142399252509735,0.00045854341824085395,0.021413626928683847
2025-01-22,-0.0060320609284239,3.638575904421879e-05,0.0002270767971828,0.0002993286465731209,0.01730111691692536,0.00041632708130742236,0.020404094719134746,0.0004730154708838974,0.02174891884402297,0.0004578752525234017,0.021398019827156944
2025-01-23,0.0111844754755373,0.0001250924916628,0.0002009381263129,0.00028355207332138673,0.016839004522874467,0.00040384093233320596,0.020095793896564674,0.0004611054708188326,0.021473366545999083,0.00044527597280942424,0.0211015632788053
2025-01-24,-0.0048439890146146,2.3464229573707495e-05,0.0003168440111207,0.00027404449842187726,0.016554289426667555,0.00039626944004188475,0.019906517526726886,0.00044468271939527784,0.021087501497220523,0.0004335307480274983,0.020821401202308607
2025-01-27,-0.0263183655202551,0.0006926563636577,0.0003049692543655,0.000259009682290987,0.01609377775076402,0.0003846534424048375,0.019612583776872375,0.0004314102949175619,0.020770418746803396,0.0004217453140113494,0.02053643868861759
2025-01-28,0.0176481468169855,0.0003114570860738,0.0007324785473632,0.00028502848317299293,0.016882786593835537,0.00040412605965933155,0.02010288684889142,0.00047925588292394646,0.021891913642346265,0.0004532495819408419,0.021289659037684042
2025-01-29,0.0168071668458072,0.0002824808573828,0.0001662781132827,0.0002866141993470459,0.01692968397067842,0.0004049572876532567,0.020123550572730863,0.00046807515415053027,0.021635044583973712,0.00044442376826790757,0.021081360683502085
2025-01-30,0.0024433736098047,5.970074597090458e-06,8.815841779021108e-05,0.0002863661988291912,0.016922357957128528,0.00040441857056338585,0.02011016087860527,0.00045676311898706283,0.02137201719508626,0.0004356533578191481,0.020872310792510448
2025-01-31,0.0263432344162728,0.0006939659995107,0.0005284884604998,0.0002695424313752651,0.016417747451318195,0.000391421049902848,0.019784363773011453,0.00043217662978318333,0.020788858308795684,0.00042234594064728003,0.020551056922875767
2025-02-01,-0.0123324631033981,0.0001520896461966,0.0005631960692194,0.0002950078454633912,0.017175792426068474,0.0004104622072646195,0.02025986691132544,0.00043242890927306163,0.020794925084574402,0.00042268573976916613,0.02055932245403934
2025-02-03,-0.0086862178120333,7.545037987808619e-05,0.0004703802060154,0.0002864327535073883,0.016924324314648083,0.00040363090043898475,0.02009056744940234,0.00044007990884222485,0.02097808162922017,0.0004197970496691342,0.02048894945254964
2025-02-04,0.0120646902522801,0.0001455567508834,0.0001242067213263,0.0002737738110896301,0.016546111660738605,0.0003938308886662097,0.01984517293112382,0.0004373977280114363,0.02091405575232686,0.0004122351652087509,0.02030357518292655
2025-02-05,0.0073182650931651,5.3557003973840194e-05,0.0001068138297985,0.00026608078747726,0.016311982941299933,0.000387910080244073,0.019695432979350138,0.00042344404947563516,0.02057775618175206,0.0004030876096662651,0.020077041855469276
2025-02-06,-0.0139358700362817,0.0001942084736681,0.0001645242365906,0.00025332936046705475,0.015916323710802528,0.0003782602854685853,0.019448914763260834,0.00040595352223962136,0.020148288320341788,0.0003928487554578013,0.0198204125955491
2025-02-07,0.0426130547985614,0.0018158724392652,0.0007512341619615,0.0002497821072591195,0.015804496425356914,0.0003756673328751815,0.019382139532961307,0.00041905923829680997,0.02047093642940669,0.0003946381210252475,0.019865500774590292
2025-02-10,-0.0313592979657689,0.0009834055689058,0.0005106923550505,0.00034374752717948424,0.01854042953060916,0.00044655907897666724,0.021131944514801927,0.00043611737397943886,0.020883423425756584,0.0004176356069309639,0.020436134833450376
2025-02-11,-0.0297579707641589,0.0008855368240005,0.0004456155961973,0.0003821270096830679,0.01954806920601285,0.00047468493591793247,0.02178726545296432,0.00049935419081858,0.02234623437670383,0.00046788043055234687,0.021630543926409868
2025-02-12,0.0165405665815634,0.0002735903428391,0.0005229521719086,0.00041233159854211604,0.020305949831074536,0.0004963481442121151,0.02227887214856522,0.0005575705146944728,0.023612931090706904,0.0005085365309881915,0.022550754554741433
2025-02-13,0.0295705685303301,0.0008744185232069,0.0006751009328184,0.000404007123199937,0.020099928437681987,0.0004887817272461311,0.022108408519071,0.0005399985302643257,0.023237868453546372,0.0004952968748235634,0.022255266226750992
2025-02-14,-0.0131502811777134,0.0001729298950529,0.0006807165337602,0.0004322318072003578,0.020790185357527666,0.0005089203842366697,0.022559263823021123,0.0005377481865889804,0.023189398150641607,0.000494084007012904,0.022228000517655746
2025-02-17,-0.0013395185227863,1.79430987288774e-06,0.0003390047344916,0.0004166736924715117,0.020412586618836714,0.000495892779482627,0.02226865014954043,0.0005427500245403927,0.023296996041129264,0.000487725245214315,0.022084502376424852
2025-02-18,0.0018600174291142,3.459664836608604e-06,0.0002013498054344,0.0003917809295155942,0.019793456734880702,0.00047607461529351665,0.021819134155449813,0.0005125950106645491,0.02264056118263302,0.00047092507836104,0.021700808242114854
2025-02-19,0.0090269386376142,8.14856211672536e-05,0.0002935744976941,0.00036848165363485505,0.019195875953830682,0.0004577685449553551,0.0213955262836733,0.0004830086756373595,0.02197745835253384,0.00045520303254026437,0.021335487633055504
2025-02-20,0.0166549420018216,0.000277387093084,0.0002179852275004,0.00035126189168679884,0.01874198206398669,0.00044431632259898685,0.021078812172392134,0.0004628961022234382,0.0215150203863124,0.0004419829538702589,0.021023390636865855
2025-02-21,0.0195128409944825,0.0003807509636759,0.0003677400981235,0.0003468294037706334,0.018623356404543018,0.0004406938343205662,0.02099270907530913,0.0004517636159895108,0.021254731614149137,0.0004332819900955093,0.02081542673344722
2025-02-24,-0.0223421200738546,0.0004991703293945,0.0003001873287901,0.00034886469736495284,0.01867792004921728,0.0004420058648964754,0.02102393552350452,0.0004441618548852477,0.02107514780221595,0.0004270813117647381,0.02066594570216273
2025-02-25,-0.0042224761621183,1.782930493965758e-05,0.0001329598320264,0.00035788303528672783,0.018917796787330386,0.0004485751454953007,0.021179592665943808,0.0004800129614716816,0.021909198101977206,0.0004459395936007786,0.021117281870562287
2025-02-27,0.0117495425575989,0.0001380517503128,0.000184704653134,0.0003374798114659036,0.01837062360035455,0.0004329122798706676,0.020806544159726947,0.00046265689475534033,0.021509460587270438,0.00043296319017147456,0.02080776754415222
2025-02-28,-0.0108016060670366,0.0001166746936274,0.0002730757859432,0.000325514127796719,0.018042010081937072,0.00042381884534909234,0.020586860988239374,0.00044668278561149454,0.021134871317599606,0.00042228486083500277,0.020549570818754408
2025-03-03,0.0099359710651506,9.872352100751112e-05,0.0004338597474769,0.0003129837617465624,0.01769134708682644,0.0004144184773653683,0.020357270872230597,0.0004494417247596572,0.021200040678254775,0.00041717398457747794,0.020424837443110237
2025-03-04,0.0055413418915728,3.070646995930004e-05,0.0004958317531947,0.00030012814730221923,0.01732420697469928,0.0004048882733536632,0.020121835735182395,0.00043261267069241553,0.02079934303511569,0.0004068266694331111,0.020169944705752445
2025-03-05,0.0473743867088134,0.0022443325160362,0.0009934736170076,0.000283962846661644,0.016851197187785917,0.00039297474601168904,0.019823590643768072,0.0004127933549991017,0.02031731662890308,0.0003959131867410595,0.01989756735736958
2025-03-06,0.0292729876406329,0.0008569078054086,0.000583440398985,0.00040158502682411724,0.020039586493341553,0.0004819774342107718,0.021953984472317816,0.00043486888060976494,0.02085351003092201,0.00042676767722362076,0.020658356111356507
2025-03-07,0.0074172254288165,5.5015233061882355e-05,0.0001602694475375,0.000428904393539189,0.02071000708689374,0.000501817946900976,0.02240129342026875,0.0004378884835847654,0.02092578513663861,0.00042983115329532726,0.02073236969801878
2025-03-10,-0.0033706038454994,1.1360970283295809e-05,0.000228042542565,0.00040647104391055053,0.020161127049610855,0.0004839757100427707,0.021999447948591135,0.00041946095311537197,0.020480745912084646,0.00041782380870407956,0.0204407389471144
2025-03-11,-0.0019881214614217,3.952626945365812e-06,0.0002199114921597,0.0003827644394929152,0.019564366575305095,0.0004654539349674457,0.021574381450401903,0.00040404239260809243,0.020100805770120075,0.00040632427284847884,0.020157486769150534
2025-03-12,-0.0029894540225543,8.936835352966308e-06,0.0003363479227601,0.0003600357307400622,0.018974607525323473,0.0004479401480123833,0.021164596570981062,0.0003862093533261208,0.019652209884033926,0.0003951263166872195,0.019877784501478517
2025-03-13,0.0038515114723937,1.4834140621980955e-05,0.0001961880128075,0.0003389697970168364,0.018411132420816392,0.0004319213939769306,0.020782718637775248,0.000372102428380743,0.019289956671302892,0.0003849967075006184,0.019621332969516073
2025-03-17,0.0061448090286855,3.7758677999015586e-05,4.740819837369391e-05,0.000319521657633145,0.017875168744186584,0.0004173305531307449,0.020428669881584188,0.0003551353063410025,0.018845033996812064,0.00037525462204290785,0.01937148992831754
2025-03-18,0.0,0.0,0.0,0.00030261587885509715,0.0173958580948195,0.0004048337059904939,0.02012047976541548,0.00034133798141059725,0.018475334405920703,0.00036659157127853765,0.01914658119034669
2025-03-19,0.0437556785697103,0.0019145594070958,0.0001055293123255,0.0002844589261237913,0.016865910177745858,0.00039153624973726526,0.01978727494470285,0.0003233310692070013,0.017981408988369106,0.0003578101907656869,0.018915871398528985
2025-03-20,0.0027703016841983,7.674571421472373e-06,0.0001711657648338,0.0003822649549821122,0.019551597248872333,0.0004657379936499439,0.02158096368677599,0.0003441550651719247,0.01855141679688979,0.0003851096670825339,0.01962421124739881
2025-03-21,-0.0111280606170921,0.0001238337330976,0.0001235927167537,0.0003597895319684738,0.018968118830513313,0.00044837183850908626,0.021174792525762473,0.0003282555244298756,0.01811782339106648,0.0003752272766357076,0.01937078409966173
2025-03-24,0.0072220550847168,5.215807964668429e-05,5.1574110418187585e-05,0.0003456321840362259,0.01859118565439617,0.00043751494927836085,0.020916858016402962,0.00033706720192158875,0.018359390020411592,0.00037373042753542385,0.019332108719315226
2025-03-25,-0.0107251680929533,0.0001150292306221,0.0001264981231703,0.0003280237377728533,0.018111425614038595,0.00042420555857894583,0.02059625108069296,0.00032538957921607374,0.018038558124641606,0.00036543663894336243,0.019116397122453867
2025-03-26,-0.0058872056682258,3.465919057999068e-05,9.453555134215898e-05,0.0003152440673438083,0.017755113836408043,0.00041470278139048094,0.020364252536994355,0.000333338696377468,0.01825756545592725,0.00036403797060947376,0.01907977910274314
2025-03-27,-0.0025061974187678,6.28102550183862e-06,5.409202274089447e-05,0.0002984089747379792,0.01727451807541904,0.00040225635637840035,0.020056329583909422,0.0003294400423870619,0.01815048325491809,0.0003576291394497311,0.018911085094455344
2025-03-28,-0.007621282112635,5.808394104037041e-05,0.0001878076536158,0.0002808812977838107,0.016759513649978353,0.0003894296513444298,0.01973397201134201,0.00031796387042201587,0.017831541448288083,0.0003498483731567942,0.018704234097037874
2025-04-01,-0.0072879804614414,5.311465920635198e-05,0.0001632540243793,0.00026751345637920427,0.01635583860213851,0.0003798742978146086,0.019490364229911367,0.0003188984387960046,0.017857727705282232,0.000345879848558703,0.018597845266554485
2025-04-02,0.010201284473782,0.000104066204915,0.0002401160992462,0.0002546495285488331,0.015957741962722455,0.0003707871061833484,0.019255833043089785,0.00031901399202102223,0.017860962796585805,0.00034186218027005487,0.018489515414689885
2025-04-03,-0.0069412143858651,4.818045715054083e-05,0.0001720918075283,0.0002456145291308046,0.015672093961267734,0.0003646616696993123,0.01909611661305283,0.00031095400373724674,0.017633887935938765,0.00033667022994282066,0.018348575692484163
2025-04-04,-0.0900576622749058,0.008110382534421,0.0028396002446492,0.00023376848481198876,0.015289489357463472,0.0003564543794881153,0.018879999456782707,0.00031065812374971594,0.017625496411440896,0.00033295752516676375,0.01824712375051925
2025-04-07,-0.0808978940163736,0.0065444692562844,0.0005562894198278,0.0007063653277885293,0.026577534268410405,0.000713241213493099,0.026706576221842797,0.0005727910728116115,0.02393305398004215,0.0008415010795134875,0.029008638015485793
2025-04-08,0.0061596428584122,3.794120014318941e-05,0.0013836511434447,0.0010566515634982828,0.03250617731290904,0.0009733840396394972,0.0311991031864619,0.0008320380897658508,0.02884507045867371,0.0012164551676342615,0.03487771735125826
2025-04-09,-0.024082614475295,0.0005799723199656,0.0004890645588232,0.0009955289416969772,0.03155200376674954,0.0009205814108969781,0.03034108453725704,0.0007803604298498488,0.027934932071688463,0.0011513185258104578,0.033931084948914586
2025-04-11,0.0478986670916123,0.0022942823091531,0.0003636600972155,0.0009705955443930999,0.031154382426764615,0.0008961059575472944,0.02993502893847431,0.0008115670673812524,0.02848801620649027,0.0011266840794121383,0.033566115047948854
2025-04-15,0.0221629683527573,0.0004911971662053,9.109091886941956e-05,0.0010500167502787002,0.03240396195342014,0.000950889147547668,0.030836490519312795,0.0008164862113667912,0.028574222847993457,0.0011094016287524272,0.03330768122749506
2025-04-16,0.0040969687431697,1.678515288250958e-05,0.0001729039459394,0.0010164875752342974,0.03188240228142004,0.0009202038749572317,0.03033486236918229,0.0007867941900255657,0.028049851871722348,0.0010598546712604232,0.03255540924731899
2025-04-17,0.0012403506548377,1.5384697469563526e-06,0.0003548260761939,0.00095650542989319,0.03092742197295452,0.000870300602148372,0.02950085765106452,0.0007364951523202036,0.027138444176485203,0.0010048397759687979,0.031699207812953274
2025-04-21,0.0147656623437536,0.0002180247844497,0.0001981183305822,0.0008992074122844159,0.02998678729514744,0.0008233262038473991,0.028693661387968583,0.0006871595287287688,0.02621372786783232,0.0009532358637753741,0.03087451803308635
2025-04-22,-0.0073555783213941,5.410453244216382e-05,0.0004844046631184,0.0008583364546143355,0.029297379654404855,0.0007895423097674589,0.028098795521649303,0.0006580851797119,0.025653170948479253,0.0009091096939910442,0.030151445968494516
2025-04-23,0.021481527543065,0.0004614560255834,0.0003242968951118,0.0008100825392840051,0.02846194897198723,0.0007507988148859429,0.027400708291683683,0.0006375423816562042,0.025249601613811734,0.0008673404614371625,0.029450644499520933
2025-04-24,0.0025471142263711,6.4877908821825175e-06,4.63912658610328e-05,0.0007891649484619723,0.028092079817307446,0.000733275893003139,0.027079067432301634,0.0006199929452295908,0.024899657532375635,0.0008334938081502478,0.028870292831044298
2025-04-25,-0.0190467960017307,0.0003627804379315,0.0005370522821444,0.0007422043190071849,0.027243427078970532,0.0006964595256316561,0.02639051961655276,0.0005822679542771014,0.02413022905562857,0.0007934855620934751,0.028168875769073128
2025-04-28,0.0229256798564967,0.0005255867968825,0.0003254723925025,0.0007194388861426464,0.026822357952697717,0.0006784162329258917,0.02604642457086753,0.000603820786919253,0.024572765145975187,0.0007790822732176866,0.027912045306958188
2025-04-29,-0.0040202201246754,1.6162169850845095e-05,0.0001011675572343,0.0007078077607870424,0.02660465675003236,0.0006690396801279745,0.025865801362570898,0.0005902144529496743,0.02429432964602387,0.0007523499745867863,0.027428998789361347
2025-04-30,-0.0100860527437538,0.0001017284599497,0.0002339757441731,0.0006663090253308706,0.025812962350936604,0.0006373177229294603,0.02524515246397732,0.0005642328935094024,0.02375358696090766,0.0007186957513313947,0.02680850147493132
2025-05-02,0.0093789588935559,8.796486992701175e-05,0.0002407798465361,0.0006324341914080053,0.02514824430070627,0.0006117630806659226,0.02473384484195538,0.0005584313810474499,0.02363115276594542,0.0006927350895071581,0.026319861122489952
2025-05-05,0.0047976449922664,2.301739747181887e-05,4.0274890958372544e-05,0.0005997660321191456,0.02449012111279047,0.0005874390639922512,0.02423714224062423,0.000533083305727882,0.02308859687655103,0.0006636875654230233,0.02576213433361109
2025-05-06,0.0164739911873645,0.0002713923856413,0.0002611076133375,0.000565161114040306,0.023773117465749123,0.0005619430197073469,0.02370533736750749,0.0005048705546883451,0.022469324749274176,0.0006353862810169312,0.02520686971872809
2025-05-07,0.0107423619099038,0.0001153983394033,0.0003893978284711,0.0005475349903363695,0.02339946559937576,0.0005495216118807128,0.023441877311356975,0.0004908134519274922,0.02215431000793056,0.000613589373327198,0.02477073622901019
2025-05-08,-0.0160877432184535,0.0002588154818628,0.0002498888699491,0.0005216067912803884,0.022838712557418563,0.0005309500693702133,0.023042353815750104,0.0004718625342936386,0.021722397066015496,0.0005903641268819926,0.024297409880108468
2025-05-09,-0.0062138951341971,3.861249273879936e-05,0.0001364770416404,0.0005058393127153389,0.022490871764236683,0.0005202072023576372,0.022808051261728548,0.0004885464692124064,0.022103087323095984,0.0005829956023199323,0.024145301868478106
2025-05-12,0.0601383860998551,0.0036166254826952,0.0009115211108891,0.0004778057035167464,0.021858767200296232,0.0005002903608486333,0.02236717149861898,0.00047613323516018137,0.02182047742741165,0.0005621373386563918,0.023709435646096507
2025-05-13,-0.0146153315185663,0.0002136079153976,0.0002505990871563,0.0006661348902674565,0.025809589114657687,0.0006435381618966298,0.025368053963531177,0.0005101497812182992,0.02258649554973722,0.0006072707658471527,0.02464286440021031
2025-05-14,0.0385949764818273,0.0014895722096328,0.0005747975720953,0.000638983271775265,0.025278118438192054,0.0006225893148394776,0.024951739715688717,0.0005208924000024296,0.022823067278576508,0.0005958961532711236,0.024410984274934995
2025-05-15,0.0130496239716754,0.0001702926858021,0.0001855742894947,0.0006900186080467173,0.0262682052688553,0.0006608308821853728,0.025706631093656996,0.0005295487826487215,0.023011926965135307,0.0005993326543435053,0.024481271501772643
2025-05-16,0.0012701749754262,1.6133444681989723e-06,1.921033148147854e-05,0.0006588350527120417,0.025667782387889332,0.0006366705265924413,0.02523233097818038,0.0005102174308838616,0.02258799306897055,0.0005780821912038202,0.024043339851273163
2025-05-19,0.0001270400628008,1.6139177556440097e-08,5.9016066625847165e-05,0.0006194017502174111,0.0248877831519284,0.0006066377575061862,0.0246300174077524,0.00048022795887807146,0.0219141041084976,0.0005551315472168006,0.02356122974754927
2025-05-20,0.0070826828521837,5.016439638461814e-05,0.000236711677768,0.0005822386135550197,0.024129621081878175,0.0005787101812574408,0.02405639584928384,0.00045153661237611216,0.021249390870707617,0.0005336921675950831,0.02310177845091332
2025-05-21,0.0184190365886862,0.0003392609088553,0.0001549362028204,0.0005503141605247956,0.023458775767818654,0.000555073985842558,0.023560008188507873,0.00043180295025984706,0.020779868870131186,0.0005146218236288877,0.022685277684632552
2025-05-22,-0.0021675589850054,4.6983119534777325e-06,0.0001443152396419,0.0005376509654246295,0.023187301814239395,0.0005462181373918365,0.02337131013426155,0.0004243315302606801,0.020599308975319537,0.000502190982829393,0.022409618087539846
2025-05-23,0.0103621096442143,0.0001073733162787,5.627694244489161e-05,0.0005056738062163605,0.02248719204828296,0.0005228826272703548,0.02286662693250482,0.0004054887115102241,0.020136750271834432,0.00048460403222702815,0.022013723724691108
2025-05-26,-0.0028266666189484,7.990044174677332e-06,0.0001646856941297,0.000481775776820102,0.021949391263087502,0.0005058796998381259,0.022491769602192842,0.00039206309770745037,0.01980058326684975,0.0004698899085085939,0.021676944169061144
2025-05-27,-0.0052440582897487,2.7500147346282457e-05,0.0001473901892368,0.0004533486328613765,0.021291985178967614,0.0004856175187954694,0.02203673112772104,0.000377155459465822,0.019420490711251917,0.0004546806531382526,0.02132324208787802
2025-05-28,-0.0026013916718973,6.767238630616795e-06,5.742899008082449e-05,0.0004277977237304708,0.02068327159156575,0.0004677061780316868,0.021626515623920716,0.00036918631649804703,0.019214221725015225,0.0004417315548131556,0.02101741075425695
2025-05-29,0.0115920820050481,0.0001343763652117,8.176237356226431e-05,0.0004025358946244795,0.020063297202216775,0.00045015631893757937,0.02121688758837119,0.0003552890942968289,0.018849113886250168,0.00042833515331326314,0.020696259403893816
2025-05-30,-0.0129574731425399,0.0001678961102396,0.0001566314443061,0.0003864463228597163,0.019658238040570073,0.0004396465650866329,0.020967750596729087,0.00034619326863407615,0.018606269605540928,0.00041789941087866546,0.020442588164874462
2025-06-02,-0.012372945599317,0.0001530897828036,0.0001138740048365,0.00037333331010251186,0.01932183506043129,0.00043141381204425607,0.02077050341335655,0.0003588736068403921,0.01894395963995891,0.0004163358904372864,0.020404310584709456
2025-06-03,-0.0106830318209027,0.0001141271688864,0.0001729833287205,0.00036011869846458064,0.018976793682405377,0.00042310871271784416,0.020569606528026835,0.0003696333259339277,0.01922585046061494,0.0004139370357018582,0.020345442627327088
2025-06-04,0.0052608796434623,2.7676854622996843e-05,6.812558073523169e-05,0.000345359206689891,0.01858384262443833,0.0004136446853586791,0.020338256694187904,0.0003756743153447729,0.01938231965851283,0.0004092248343338783,0.02022930632359593
2025-06-05,-0.0013283652658626,1.7645542795502964e-06,6.007380975120749e-05,0.00032629826556587727,0.018063727897803302,0.00040095938179001464,0.02002397018051152,0.000359689191489562,0.018965473669000782,0.0003980941806369062,0.01995229762801533
2025-06-06,0.020009671314636,0.0004003869461197,0.0001951448438673,0.00030682624288869766,0.017516456345068702,0.00038802257024180177,0.019698288510472218,0.0003434241356787803,0.018531706226863738,0.00038730982270431273,0.01968018858406374
2025-06-09,-0.0010800163903124,1.1664354033436323e-06,2.768569760115779e-05,0.00031243988508256184,0.01767596914125395,0.000394040798115072,0.019850460904348593,0.0003423505281303684,0.018502716777013272,0.00038455965195779437,0.019610192552797497
2025-06-10,-0.0104794975043833,0.0001098198679443,0.0002102399114031,0.0002937634781018087,0.01713952969313361,0.00038157855174353355,0.01953403572597157,0.0003267373168846401,0.018075876656047422,0.0003746459977003707,0.019355774272820262
2025-06-11,0.0046782865956702,2.188636547122805e-05,7.265257332300023e-05,0.0002827268614923627,0.01681448368200352,0.00037493078916707787,0.019363129632553665,0.0003340444165837734,0.01827688202576614,0.00037229819502118477,0.019295030319260574
2025-06-12,-0.0227621117165836,0.0005181137297982,0.0002955950541815,0.00026707643173109455,0.016342473244007304,0.0003647905325882604,0.019099490375092745,0.00032044216272461025,0.01790089837758458,0.0003635394002668652,0.019066709214409946
2025-06-13,-0.0049832954606838,2.4833233648472248e-05,0.0001150927267912,0.0002821386696151228,0.016796983944003842,0.0003778141585692115,0.019437442181758677,0.00035857854988029974,0.018936170412211118,0.00038786683336192477,0.019694335057623163
2025-06-16,0.0133204695239208,0.0001774349083377,0.0002073059603534,0.0002667003434571237,0.01633096272291146,0.0003675980508069295,0.019172846705873634,0.00035108787214477505,0.018737338982490952,0.0003792341492690114,0.019473935125418576
2025-06-17,-0.0102357215125844,0.0001047699948831,9.860613502818777e-05,0.00026134441734995846,0.016166150356530726,0.0003650199739005125,0.01910549590825929,0.0003437510861702949,0.018540525509550557,0.0003728931774017072,0.019310442185556165
2025-06-18,-0.0032161990559932,1.034393636777208e-05,8.992194500717246e-05,0.0002519499520019519,0.015872931424344778,0.00035934446632009744,0.01895638326052988,0.0003497772638993085,0.01870233311379381,0.00037034235377091226,0.019244281066615927
2025-06-19,-0.0073240993351417,5.364243107102339e-05,5.9774023936282495e-05,0.00023745359106390105,0.015409529229145874,0.000349812522466938,0.018703275714883155,0.000338625646471431,0.0184017837850419,0.00036196606450481715,0.019025405764524897
2025-06-20,0.0064032529272658,4.1001648050538257e-05,0.0001008519657893,0.00022642492146432834,0.01504742241928259,0.0003429286723235973,0.018518333411071237,0.0003378472634425164,0.018380621954724938,0.00035690190845512386,0.01889184767181664
2025-06-23,0.0030222989134222,9.134290722073555e-06,0.0001243316252309,0.00021529952505950094,0.014673088463561478,0.00033597255932956273,0.018329554258889186,0.000325430443028423,0.01803969076864742,0.0003495311488437697,0.018695752160417876
2025-06-24,0.0153639078854949,0.0002360496655139,0.0001658310665196,0.00020292961099925525,0.014245336464936701,0.00032808041107055294,0.01811299011953998,0.0003110554138865838,0.017636763135183954,0.00034206450774184835,0.018494986016265282
2025-06-25,0.0102835444666726,0.000105751286798,2.8560096347575965e-05,0.00020491681427013827,0.014314915796823195,0.0003310166705356219,0.018193863540645287,0.00030771525848910606,0.01754181457230426,0.00033930562668721696,0.018420250451261975
2025-06-26,0.0261902594971101,0.0006859296925259,0.0003093997808019,0.00019896688262181192,0.014105562116477737,0.00032785076471925393,0.018106649737575805,0.000300398996221421,0.017332022277317238,0.00033431655696025626,0.01828432544449634
2025-06-27,0.0056523921638575,3.194953717403795e-05,9.290774056931156e-05,0.00022818465121606117,0.015105782045828053,0.00035113755663606966,0.01873866475061843,0.00030657031508534495,0.01750914946778812,0.00034041754654104547,0.018450407760834054
2025-06-30,-0.0105228179443877,0.0001107296974907,0.0001016294013319,0.00021641054437353976,0.014710898829559659,0.0003431771558189207,0.018525041317603606,0.0002955910593472826,0.017192761830121497,0.0003339857187037707,0.01827527615943931
2025-07-01,0.0018760040521113,3.5193912035382883e-06,0.0001046689402307,0.00021006969356057102,0.014493781203004654,0.00033935462794280435,0.018421580495245362,0.00030415750988973633,0.01744011209510238,0.00033442556832748285,0.01828730620751681
2025-07-02,0.0357159369296044,0.0012756281507594,0.0005424185734729,0.00019767667541914903,0.014059753746746386,0.0003309634939813078,0.018192402094866632,0.00029033799501847733,0.017039307351488127,0.0003278690071945998,0.018107153481279153
2025-07-03,0.0001808979895639,3.272408262828013e-08,0.00016484477272,0.0002623537639395689,0.016197338174514013,0.00038067807253754207,0.01951097313148532,0.0003048710616873351,0.017460557313194076,0.00034533445498351753,0.018583176665562796
2025-07-04,-0.0176340047980092,0.0003109581252162,0.0002695740356741,0.00024661450154815244,0.015703964516903125,0.00036913338545807405,0.019212844283397344,0.000289665442201016,0.017019560576025928,0.0003379808528004106,0.018384255568295677
2025-07-07,-0.0037491035245559,1.4055777237837658e-05,0.0001502288402046,0.000250475118968236,0.01582640575014542,0.0003724790397336948,0.019299716053188316,0.0003150875255081482,0.017750704929893578,0.00035086839975865603,0.01873148151531683
2025-07-08,-0.0026512888139564,7.029332375010677e-06,2.315412277925829e-05,0.00023628995846441205,0.015371725942925603,0.0003621626051607676,0.019030570279441644,0.0003073227373388466,0.017530622845148617,0.0003440352915014571,0.018548188361709537
2025-07-09,-0.0185069337984239,0.0003425065986192,0.0002787173073584,0.00022253432089904793,0.014917584284965443,0.00035227653047762233,0.01876903115447418,0.00029758968689449724,0.017250788007928716,0.0003372147190740314,0.018363407066065693
2025-07-10,0.0103861727128526,0.0001078725836212,7.222581234863467e-05,0.00022973265756225976,0.015156934306193312,0.00035827025371075477,0.018928028257342463,0.00032505766726243006,0.018029355708466956,0.000352157254872628,0.018765853427772157
2025-07-11,-0.0051170492969808,2.6184193507732033e-05,7.409565946578667e-05,0.0002224210531257964,0.014913787350160133,0.0003532243349314473,0.018794263351657264,0.00031678509157613755,0.017798457561714092,0.0003463446693197678,0.018610337700315054
2025-07-14,0.0037467197345047,1.4037908768927324e-05,4.6546136854109294e-05,0.0002106468415487125,0.01451367774028046,0.0003448520574742062,0.018570192715052964,0.0003120188297275861,0.01766405473631652,0.0003405855181339297,0.01845495917453977
2025-07-15,-0.0090158431503765,8.128542771219092e-05,0.0001193879794683,0.00019885030558192536,0.01410142920352137,0.00033653777911683624,0.01834496604294585,0.00029915047614931684,0.017295967048688455,0.0003338103747822503,0.01827047823080311
2025-07-16,-0.0105587254363753,0.0001114866828407,7.432360983818204e-05,0.00019179641290974127,0.013849058195767006,0.0003318657723253949,0.018217183435575185,0.0003041285480821885,0.01743928175362129,0.0003323920768473309,0.018231622989940608
2025-07-17,0.0162030849865511,0.0002625399630813,0.0001830692279491,0.00018697782910560232,0.013673983658963555,0.0003288975374458515,0.01813553245553743,0.000312474157483599,0.017676938577808065,0.0003329869951917786,0.018247931257865332
2025-07-18,0.0153290548970131,0.0002349799240356,9.720356551372563e-05,0.00019151155714415005,0.013838770073389833,0.0003329718755969266,0.018247516970725814,0.000309754625692888,0.017599847320158433,0.0003313286309226842,0.01820243475260066
2025-07-21,0.0039953400227015,1.5962741897000767e-05,0.000129638944365,0.00019411965915763953,0.013932683128444411,0.00033550515186895285,0.018316799716897952,0.00030645511430677316,0.017505859427825107,0.0003292707105266228,0.01814581799001144
2025-07-22,0.0001225587888485,1.5020656724015105e-08,3.804850029132734e-05,0.00018343024412200118,0.013543642202967457,0.0003279555262362866,0.018109542408252247,0.00029415997633391953,0.01715109256968545,0.0003232909085501615,0.017980292226495137
2025-07-23,-0.0016572953691397,2.7466279405721676e-06,6.932896579867885e-05,0.00017242533071408454,0.01313108261774651,0.00032023243815502945,0.017895039484589842,0.00027967099491453166,0.016723366733840755,0.0003174169496626212,0.01781619908012428
2025-07-24,0.0043523675529793,1.894310331622747e-05,5.060664302495128e-05,0.0001622446085476738,0.012737527568082975,0.00031319274052652026,0.017697252343980414,0.0002695566444806361,0.016418180303573112,0.00031211151168702685,0.017666678003717247
2025-07-25,-0.0126190343230651,0.0001592400272466,8.831883723531788e-05,0.00015364651823378695,0.012395423277717746,0.00030739547861483626,0.01753269741411276,0.0002599440587321421,0.016122780738202145,0.0003073390019015122,0.017531086729051116
2025-07-28,-0.0108997413654467,0.0001188043618336,0.0001430423737412,0.00015398212877456145,0.012408953572907002,0.0003083597242673261,0.017560174380322254,0.00027426607787805704,0.016560980583228066,0.00031264862300846074,0.017681872723454967
2025-07-29,0.012509141471113,0.0001564786203443,0.0002534783052104,0.00015187146275810555,0.012323614029906388,0.0003074264321618374,0.017533580129620915,0.00028438920898980963,0.01686384324493707,0.00031503381247255857,0.017749191882239557
2025-07-30,-0.0020430391127219,4.174008816111662e-06,4.1650051940827056e-05,0.00015214789221327838,0.012334824368967658,0.00030826362234265866,0.017557437806885682,0.00028017949985721164,0.016738563255465258,0.0003126146785887565,0.017680912832451736
2025-07-31,-0.0214226529334806,0.0004589300587083,0.0004407960031556,0.00014326945920944837,0.011969522096117638,0.0003021561825786739,0.01738264026489284,0.00027084235501400185,0.016457288811162117,0.000307722306876733,0.01754201547362027
2025-08-01,-0.0317120311361552,0.0010056529187804,0.0004398511896365,0.00016220909517938338,0.012736133446983953,0.00031704580562213943,0.017805780118325044,0.00030541910710668867,0.017476244078940092,0.00033203863527183004,0.018221927320451865
2025-08-04,0.0419167388755624,0.001757012997962,0.0006054976239894,0.00021281572459544903,0.014588204981951996,0.0003555669565309237,0.018856483143230175,0.00036714926058994995,0.019161139334338915,0.00038944317885789595,0.019734314755214987
2025-08-05,0.0003759920762955,1.413700414370357e-07,4.922774254853663e-05,0.00030546756099744725,0.017477630302688268,0.00042525562954483036,0.02062172712322686,0.0003851635961802271,0.019625585244273026,0.000411698334301915,0.020290350768331113
2025-08-06,-0.0060324130447339,3.639000714227644e-05,5.721172040997726e-05,0.0002871479895400866,0.016945441556362188,0.000410483967902294,0.020260403942229138,0.00036418493201650876,0.019083629948636837,0.00039989117233516484,0.01999727912329987
2025-08-07,0.006345648075946,4.026724950375791e-05,0.0002017766900425,0.0002721025105962179,0.01649553001865105,0.0003984216382709549,0.019960501954383685,0.00035891312743239963,0.018945002703414947,0.00039118512876158413,0.019778400561258336
2025-08-08,-0.0108307318771628,0.0001173047529949,0.0001241326249872,0.0002581923949306702,0.01606836628069793,0.0003874090762407133,0.019682710083743886,0.0003450321593912649,0.01857504130254533,0.0003814990299020009,0.01953200015108542
2025-08-11,0.0036023679409255,1.2977054781808306e-05,0.0001165091639296,0.00024973913641452943,0.01580313691690765,0.00038067690428280113,0.01951094319305966,0.00035246860589771176,0.018774147274848777,0.00037916646793084805,0.01947219730618114
2025-08-12,0.0102925165744348,0.000105935897435,0.0001396738157528,0.0002355334115165661,0.015347097820648897,0.0003697173656758138,0.01922803592871133,0.0003366830710033508,0.018348925608965522,0.0003697813903652772,0.019229700735198068
2025-08-13,0.0001247472059775,1.5561865399216604e-08,8.680633066019898e-05,0.00022775756067167302,0.015091638766935585,0.00036375399289082487,0.01907233580059938,0.000327620003052406,0.018100276325305257,0.00036274964466190447,0.019045987626319212
2025-08-14,-0.0309393095518677,0.0009572408755462,0.0004828560639617,0.00021409304074329657,0.014631918559891472,0.0003534355305534547,0.018799881131365027,0.0003107249177238812,0.017627391120749583,0.0003542264939634401,0.018820905768943217
2025-08-18,0.0169830739883593,0.000288424802094,0.0001308646063266,0.0002586819108314763,0.016083591353658434,0.00038713026670462346,0.019675626208703587,0.0003705121886358471,0.019248693166961935,0.0004070668691708021,0.020175898224634316
2025-08-19,0.0080077681030821,6.41243499927394e-05,0.0001051836968797,0.0002604664843072329,0.016138974078522862,0.0003881526706853866,0.019701590562322287,0.0003652869532529878,0.01911248160896402,0.00040091473262027276,0.020022855256438148
2025-08-20,0.0167527210297052,0.0002806536618991,0.0003137020549234,0.0002486859562483632,0.015769779841467768,0.00037896291576989134,0.019466969866157684,0.00035242190803185436,0.018772903558902505,0.0003910176551642261,0.019774166358262138
2025-08-21,-0.0025353426061907,6.427962130765899e-06,2.5088537026707413e-05,0.00025060401858740904,0.015830477522406235,0.0003802262114033144,0.019499390026442222,0.00034800992475301,0.018655024115583715,0.00038579898128310015,0.01964176624652427
2025-08-22,-0.0184969767870599,0.000342138150261,0.0001430342477904,0.00023595345520001043,0.01536077651683047,0.0003690033392723784,0.019209459629890124,0.0003353779292322964,0.01831332654741613,0.0003761362645188263,0.019394232764376792
2025-08-25,0.0067886638524377,4.608595690139551e-05,4.050024502166586e-05,0.00024232453690367176,0.01556677670244138,0.00037376771095166625,0.01933307298262918,0.0003623810366587965,0.019036308377907638,0.00038844226558659494,0.019708938722990513
2025-08-26,-0.0292400735449534,0.0008549819009142,0.0002993687190329,0.0002305502221035351,0.015183880337500526,0.00036480556205579796,0.01909988382309688,0.0003486485814186595,0.018672133820714212,0.00037904818327210186,0.019469159798822903
2025-08-28,-0.009071483709069,8.229181668390486e-05,0.0001109510374809,0.00026801612283218007,0.016371197965701228,0.0003930540199219454,0.019825590027082306,0.000404586758428699,0.0201143421077772,0.000423727896641738,0.020584651967952675
2025-08-29,0.0055174222796201,3.0441948611649148e-05,6.385163144371879e-05,0.0002568726644632835,0.01602724756354888,0.0003843300572942327,0.01960433771628699,0.00040482072036857205,0.020120157066200354,0.00041633658060702763,0.020404327497053846
2025-09-01,0.0108806301909312,0.0001183881133518,0.0001061863858147,0.00024328682151218537,0.015597654359299842,0.0003738950503368109,0.01933636600648661,0.00038699548364135397,0.019672200782864992,0.0004047797128005116,0.02011913797359399
2025-09-02,0.0141151746227915,0.0001992381546318,0.0001858298261983,0.00023579289902256247,0.015355549453619772,0.0003681916152051552,0.019188319759821472,0.00037526013218395327,0.01937163215074954,0.0003956290647866276,0.01989042646065256
2025-09-03,0.0580104340437213,0.0033652104579409,0.0012487279305791,0.00023359961435912257,0.015283965923775235,0.0003665559778046808,0.01914565166832095,0.00036717693216202003,0.019161861396065363,0.00038859154156919946,0.019712725371424406
2025-09-04,-0.0062153533263531,3.8630616971409354e-05,9.183186601655875e-05,0.0004214962649740317,0.020530374204432603,0.0005081359873832751,0.022541871869551453,0.0004008412652762051,0.02002102058527999,0.00044071595503730146,0.020993235935350737
2025-09-05,0.005201938372666,2.706016283301548e-05,5.490123021305236e-05,0.00039852432609387427,0.019963074064228543,0.0004890951314806278,0.022115495280020922,0.00039389720328607194,0.019846843660543907,0.00042941128985978617,0.02072224142943485
2025-09-08,0.0067757108753539,4.591025786639033e-05,0.0002025674192424,0.0003762364762982227,0.019396816138176457,0.00047091177621578063,0.021700501750323207,0.00037656835664998117,0.01940536927373404,0.00041691391508660115,0.020418469949695085
2025-09-09,0.0019527550950382,3.8132524611979302e-06,3.7860325134139914e-05,0.00035641690319231263,0.018879006944018867,0.0004548987144374513,0.021328354705355292,0.00036185742490418827,0.019022550431111708,0.0004056050308236614,0.020139638299226267
2025-09-10,0.0016539397567818,2.735516719063453e-06,4.9077735796072174e-05,0.00033526068414844567,0.018310125181124397,0.0004381438843739311,0.020931886784853655,0.00034398844714946425,0.01854692554439857,0.00039427503213662683,0.01985635999211907
2025-09-11,-0.0001179362517779,1.3908959483431964e-08,7.458359153249038e-05,0.00031530917410268274,0.017756947206732432,0.00042255507212419585,0.020556144388581138,0.00032716558124071184,0.018087719072362656,0.0003836857343873492,0.01958789765103313
2025-09-12,0.0021816361937219,4.759536481757571e-06,7.025406167287103e-05,0.00029639145819409076,0.01721602329790741,0.00040797344059616866,0.02019835242281332,0.0003104651425875446,0.017620021072278676,0.0003737575600770226,0.019332810454691336
2025-09-15,-0.0032447931357102,1.0528682493552326e-05,3.097504557281041e-05,0.00027889354289135074,0.01670010607425446,0.0003946634764217287,0.019866138940965068,0.0002964504845392063,0.01721773749768553,0.0003645832958172403,0.01909406441324739
2025-09-16,0.0163521176322589,0.0002673917510592,0.0001308339244315,0.0002627916512674828,0.01621084980090442,0.00038257924482295344,0.01955963304417937,0.0002886872805802653,0.016990799880531385,0.0003566053939697676,0.018883998357598096
2025-09-17,-0.0038441630283683,1.4777589388674031e-05,0.0001552288701006,0.0002630676572549878,0.016219360568622544,0.0003829809376954061,0.019569898765589108,0.00028730830648632857,0.016950171281917142,0.00035345126532440287,0.01880029960730421
2025-09-18,0.0039021929242825,1.5227109618320914e-05,7.045416350805162e-05,0.000248170253183009,0.015753420364575086,0.0003719357374156573,0.019285635520139264,0.00028137992361877776,0.016774382957914658,0.00034649058743922305,0.01861425763868178
2025-09-19,-0.0032021954167806,1.0254055487250928e-05,5.2462709690686135e-05,0.00023419366456912765,0.015303387356044008,0.00036171163482697486,0.019018718012184074,0.000270666664278584,0.01645195016642659,0.00033934103126855887,0.018421211449537157
2025-09-22,-0.0005249749045126,2.755986503681098e-07,3.549824163215775e-05,0.00022075728802421502,0.01485790321762176,0.00035200400812628475,0.01876176985591404,0.0002643312444183509,0.016258266956178043,0.00033304041739010967,0.018249394986960793
2025-09-23,0.0110247968881356,0.0001215461464246,8.25674694216507e-05,0.0002075283866617842,0.014405845572606426,0.0003425491761904342,0.018508084076706434,0.00025289038879759,0.015902527748681655,0.0003265291147571401,0.018070116622676793
2025-09-24,-0.0036421112803474,1.3264974578434474e-05,5.089907370422543e-05,0.0002023694522475558,0.014225661750778267,0.00033926106381214897,0.01841904079511604,0.00024923215682473755,0.015787088294702652,0.00032269063974677757,0.017963592061355033
2025-09-25,-0.0016229737664845,2.6340438466971023e-06,4.780450019898159e-05,0.00019102318358740848,0.013821113688390256,0.0003313171986064613,0.018202120717280754,0.0002449961167013512,0.0156523517945819,0.0003176991235178463,0.017824116346058964
2025-09-26,-0.0293153101271304,0.0008593874078498,0.0004736165741384,0.0001797198352029658,0.013405962673488458,0.0003234687641569378,0.017985237395067594,0.00023698153736262782,0.015394204668076485,0.0003123675909140324,0.017673924038368854
2025-09-29,0.0093942441065373,8.825182233321101e-05,9.352105072646632e-05,0.00022049988956177795,0.014849238686268666,0.00035491327340108735,0.01883914205586569,0.0002898705112313826,0.017025584020273214,0.00036180392267604,0.019021144094823528
2025-09-30,-0.0012434799374959,1.5462423549548558e-06,3.8106979149280865e-05,0.0002125650055280639,0.014579609237838438,0.00034922390848708077,0.018687533504641023,0.00028289660272964195,0.01681953039563358,0.00035497995262724543,0.018840911671871016
2025-10-01,-0.0074938056586048,5.615712324893821e-05,0.0001666786919347,0.00019990387973767735,0.014138736850853309,0.0003400280656775389,0.01843984993641594,0.00027170518456764265,0.016483482173607695,0.00034707635656395917,0.018629985415022716
2025-10-03,0.0334617608693038,0.0011196894404744,0.0005379800762115,0.00019127907434835292,0.013830367831274514,0.00033396725155944207,0.01827477090306311,0.00027443863830631693,0.0165661896133757,0.00034317157451545704,0.018524890674858435
2025-10-06,-0.018353497691335,0.0003368508775058,0.0002145545315083,0.00024698369631592006,0.01571571494765415,0.0003764158677801199,0.019401439837808943,0.00028750047556755744,0.016955838981529563,0.0003567189048401165,0.01888700359612706
2025-10-07,0.0080236924270692,6.437964016420827e-05,3.982486570778131e-05,0.0002523757271873152,0.015886337752525445,0.0003804038525257454,0.019503944537599193,0.00031467385380506497,0.017739048841611125,0.0003699927797363558,0.019235196378939202
2025-10-08,0.0029705584098984,8.824217266618507e-06,0.0001556718889684,0.00024109596196592872,0.015527265115464756,0.000371787427788419,0.019281790056642018,0.0003050940183530662,0.01746694072678631,0.00036217648944159904,0.01903093506482535
2025-10-09,0.0257219603415965,0.0006616192438146,0.0002981762736113,0.0002271596572839701,0.0150718166550675,0.00036128467683443314,0.019007490019316942,0.0002920761593508387,0.017090235789796425,0.0003538551106529087,0.018811036937205473
2025-10-10,-0.0146171257300191,0.0002136603646071,0.0001243198843879,0.0002532272324758117,0.01591311510911084,0.00038104870612119015,0.01952046890116091,0.00029817985867923913,0.0172678851825937,0.00035819365355333485,0.01892600469072474
2025-10-13,-0.0047854082774477,2.2900132381865785e-05,0.000101410426831,0.0002508532204036942,0.015838346517351304,0.0003791327877154311,0.019471332458653956,0.00031624957374458645,0.017783407259144308,0.0003635450449779512,0.019066857239145397
2025-10-14,-0.0146710742745772,0.0002152404203701,0.0006259880273557,0.00023717603512238443,0.015400520612056738,0.0003687337057815652,0.019202440099673927,0.0003107591500910678,0.01762836209325948,0.0003564225245560959,0.01887915582212552
2025-10-15,0.0158840481964847,0.0002523029871082,0.0001843809372476,0.00023585989823725104,0.0153577308948051,0.00036778204438347767,0.019177644390891122,0.00032867570930196125,0.018129415580816752,0.00036199317173540467,0.01902611814678456
2025-10-16,0.0043773873938681,1.916152039599619e-05,6.184542050485387e-05,0.0002368464835695109,0.015389817528791915,0.0003685745495262432,0.01919829548491853,0.0003248206839392012,0.01802278235842627,0.00035819760648223584,0.018926109121587455
2025-10-17,-0.010282573470074,0.0001057313171674,0.0001333773955111,0.00022378538577909996,0.01495945807103653,0.0003587719632838165,0.01894127670680666,0.0003115970062642433,0.017652110532858197,0.0003503349926049171,0.018717237846565853
2025-10-20,-0.0015690667093159,2.4619703382835825e-06,7.493273552194621e-05,0.00021670214166240212,0.01472080642024757,0.00035359288848231855,0.01880406574340556,0.0003190203176492704,0.017861139875418656,0.0003493597432963554,0.018691167520953723
2025-10-21,0.0048153927999493,2.3188007817804003e-05,1.5997417682955723e-05,0.00020384773138295496,0.014277525394232536,0.00034412168290848434,0.018550517052321865,0.0003061253782311059,0.017496439015728484,0.00034189163508886386,0.018490311925137008
2025-10-23,0.0079553754516433,6.328799857660886e-05,7.023089654273801e-05,0.00019300814796904586,0.013892737238177575,0.0003362739272666491,0.018337773236318772,0.0002945061383725036,0.01716118114735998,0.0003351984215981777,0.0183084248803161
2025-10-24,0.0016063994948463,2.580519337042476e-06,0.0001542525869994,0.00018522493900549963,0.013609736919040707,0.0003308075937814398,0.018188116828892424,0.00028611884525291543,0.016915047893899544,0.0003296979372430916,0.0181575862174214
2025-10-27,0.0126461259914173,0.0001599245025908,6.487474404331684e-05,0.0001742662738253922,0.013200995183144042,0.00032299368659720887,0.017972025111189026,0.0002733316160635531,0.01653274375485065,0.0003234413779409506,0.017984476026310876
2025-10-28,0.0287351499143008,0.0008257088405973,0.0002842556207642,0.00017340576755131668,0.013168362371658698,0.00032285799509302335,0.017968249639100167,0.00026982196520686463,0.016426258405579302,0.0003205216507047579,0.017903118463126973
2025-10-29,0.0184201574743324,0.0003393022013792,0.0002534041923408,0.0002125439519340782,0.01457888719807099,0.0003528245659912932,0.018783624942787087,0.00027916746383933996,0.016708305235401344,0.0003301399765008735,0.01816975444250344
2025-10-30,-0.0045461253587139,2.0667255777141787e-05,6.933867778869783e-05,0.00022014944690078574,0.014837433972920849,0.00035863372268768484,0.018937627166244583,0.00027989634257934864,0.016730102886095728,0.00033009574262041143,0.018168537162369772
2025-10-31,-0.0082247749148157,6.764692239938189e-05,5.1067265063193275e-05,0.00020818051543336708,0.014428461991264595,0.00034961990605191607,0.018698125736338285,0.000275888529632762,0.016609892523215253,0.0003250771559516018,0.01802989617140381
2025-11-03,-0.0009301218456892,8.651266478283354e-07,5.700565799557528e-05,0.00019974849985132794,0.014133240953557962,0.00034338300205008786,0.018530596375996317,0.00028003980802537696,0.016734389980676827,0.00032337905177329967,0.017982743165971638
2025-11-04,-0.0186767438613167,0.0003488207612612,0.000193307525216,0.00018781549745911796,0.01370457943386509,0.000334579841191189,0.018291523752579746,0.0002683822047932952,0.016382374821535955,0.00031755383830805507,0.017820040356521506
2025-11-06,-0.0113305447022616,0.0001283812432499,0.0001947645675489,0.00019747581328724475,0.014052608771585607,0.00034214196969265404,0.018497080031525354,0.0002964148596100194,0.017216702925067256,0.00033421737098764,0.018281612920845906
2025-11-07,0.0228651264794206,0.0005228140089199,0.0005926557231431,0.00019333013908500696,0.013904320878238065,0.0003391923157274256,0.018417174477303122,0.00030681700581824045,0.0175161926747293,0.0003357626661223062,0.01832382782396479
2025-11-10,0.0006062858628186,3.675825474537338e-07,5.8518109357602554e-05,0.00021309917127510062,0.014597916675851409,0.00035428426486300117,0.018822440459807573,0.0003099329446224971,0.01760491251391205,0.00033874279689973343,0.018404966636746
2025-11-11,-0.00242743809379,5.892455699183251e-06,0.0001658226238255,0.0002003352759514418,0.014153984454966798,0.0003446682712142757,0.018565243634659785,0.00029470204727188886,0.017166888106814493,0.00033183795646541834,0.018216419968408126
2025-11-12,-0.0135132908111069,0.0001826090285455,0.0001915759893158,0.00018866870673630624,0.013735672780621495,0.000335999155501694,0.018330279744229055,0.0002852733403564214,0.01689003671862265,0.00032576409554717996,0.01804893613338969
2025-11-13,-0.0110343654350481,0.0001217572205541,0.0008865454881438,0.00018830512604486063,0.013722431491716787,0.0003359458694800878,0.018328826189368697,0.0003010412342519252,0.01735053988358648,0.0003313207800795644,0.018202219097669503
2025-11-14,-0.0136219255633686,0.0001855568560539,0.0003671365695969,0.00018431225171542005,0.01357616483825311,0.00033314603888670683,0.01825228859312461,0.00031060205489851975,0.017623905778757436,0.0003326398756862079,0.018238417576264886
2025-11-17,-0.0062745912813558,3.937049574806677e-05,8.246511249858683e-05,0.00018438692797573215,0.013578914830564781,0.0003334328418622496,0.018260143533451473,0.00032599095443690984,0.01805521958982803,0.0003379221383413473,0.018382658630931144
2025-11-18,-0.0041664787503599,1.7359545177200982e-05,8.068095944783903e-05,0.0001756859420420722,0.013254657371734367,0.0003270914536317578,0.018085669841942757,0.00032339159051285896,0.01798309179515188,0.0003335658872536527,0.018263786224484033
2025-11-19,0.0043974865329504,1.933788780748044e-05,4.080983987656213e-05,0.0001661863582301799,0.012891328800018247,0.00032021495679757274,0.017894551036490767,0.0003160775420171102,0.017778569740479973,0.00032810425707339573,0.018113648364517728
2025-11-20,-0.0043394207196242,1.883057218190404e-05,5.2956473524158767e-05,0.00015737545000481788,0.012544937226021416,0.0003139264259169368,0.017717969012190332,0.0003034603248496293,0.01742011265318423,0.00032226533609513514,0.01795175022372847
2025-11-21,-0.0262013902613535,0.0006865128516277,0.0002206893810973,0.00014906275733544302,0.012209125985730634,0.00030807088537821754,0.017551948193241042,0.00029769485816432355,0.017253836042003052,0.0003176558290398155,0.017822901813111566
2025-11-24,-0.0158390562263289,0.0002508757021408,0.0001327872977747,0.00018130976299298145,0.01346513137674421,0.0003328180819008611,0.018243302384734546,0.0003445601757242889,0.01856233217363295,0.0003557583562125427,0.018861557629542232
2025-11-25,0.0058488120031154,3.420860184778793e-05,6.26447855125599e-05,0.00018548371934185107,0.01361924077699822,0.0003360809729004926,0.018332511363708264,0.0003645753678259059,0.019093856808562956,0.0003636366877326356,0.019069260282785896
2025-11-26,0.0198815780878936,0.000395277147265,0.0001182839297092,0.0001764072122922072,0.01328183768505726,0.0003293142847993014,0.0181470186201288,0.0003498766069785975,0.01870498882594153,0.0003556878382880274,0.01885968818109216
2025-11-27,-0.0091177800972959,8.313391390264702e-05,0.0001840958734684,0.00018953940839057544,0.013767331200729335,0.00033935792455547437,0.018421669971950817,0.000348358270510271,0.01866435829355703,0.000354965998058342,0.01884054134196632
2025-11-28,-0.0010116336873391,1.0234027173594569e-06,3.73035159591918e-05,0.0001831550787212996,0.013533479919122782,0.00033456500516445,0.01829111820432119,0.000351444540419641,0.018746854147286714,0.0003522447344906887,0.018768184102109845
2025-12-01,0.0039811199943465,1.584931640938556e-05,4.8204842798678186e-05,0.0001722271781610632,0.013123535276786632,0.0003264083053488911,0.01806677351794977,0.0003350268104453978,0.018303737608625123,0.00034449157294952993,0.018560484178747328
2025-12-02,-0.0050534600939162,2.5537458920803736e-05,4.3776287264969654e-05,0.00016284450645596252,0.01276105428465699,0.0003195130769439322,0.017874928725562296,0.0003207776834748381,0.017910267543362886,0.0003374877618934143,0.018370839988781522
2025-12-03,-0.0051389301839538,2.640860343555188e-05,0.0001163267136342,0.00015460608360385298,0.01243406947076672,0.00031355564359449907,0.017707502466313512,0.00031564300452022567,0.017766344714662766,0.0003322821782894132,0.018228608786449208
2025-12-04,-0.0008989665757417,8.081409043008854e-07,4.047588735953721e-05,0.00014691423479375488,0.012120818239448806,0.00030806950019583273,0.017551908733691408,0.00031098995507692614,0.017634907288583235,0.0003274814138098389,0.018096447546682715
2025-12-05,0.0020365670088974,4.1476051817295435e-06,9.156038735478523e-05,0.00013814786916038763,0.011753632168839878,0.00030182400230522943,0.01737308269436456,0.0002971637745336679,0.017238438865908593,0.0003213771547574326,0.017926995140218914
2025-12-08,-0.0220227104209994,0.0004849997742871,0.0003556898287494,0.00013010785332166812,0.011406482951447748,0.0002961822433686755,0.017209946059435384,0.00028395289232880646,0.016850901825386275,0.00031570829059494084,0.01776818197213606
2025-12-09,-0.0172769178820428,0.0002984918915028,0.0001529254862802,0.00015140136857959977,0.012304526345195079,0.00031268328957147874,0.01768285298167348,0.00032007926223545977,0.017890759129658523,0.00034114406349636825,0.018470085638576998
2025-12-10,0.0096624738412308,9.33634007324708e-05,0.0001128643788822,0.0001602267999549948,0.012658072521319935,0.0003195581368594495,0.017876189103370146,0.00034422532438909467,0.01855331033506136,0.00035302754288654757,0.01878902719372527
2025-12-11,0.0252592605710352,0.0006380302445954,0.000161539548101,0.00015621499600164325,0.012498599761639032,0.00031666306456390626,0.017795029209414247,0.0003341556418135755,0.01827992455710842,0.00034688756240923245,0.01862491778261672
2025-12-12,0.0325804197073916,0.0010614837483097,0.0003248469594204,0.0001851239109172719,0.013606024802170246,0.0003385959866967686,0.018400977873384027,0.00033812473743983904,0.018388168409056924,0.0003512566134782543,0.01874184125101518
2025-12-15,0.0056850809947324,3.2320145916668196e-05,8.708246238835474e-05,0.0002377055011608231,0.015417700903857978,0.0003780782108709903,0.019444233357759064,0.0003484349746294269,0.01866641300918382,0.0003631821337503258,0.01905733805520398
2025-12-16,-0.0177418581022047,0.0003147735289187,0.0001468642951798,0.00022538237984617377,0.015012740584122998,0.00036818135612566095,0.01918805243180404,0.00033470000452652223,0.018294808130355514,0.0003552287950027636,0.018847514292414363
2025-12-17,0.0029984110213691,8.99046865306798e-06,3.337810899139785e-05,0.00023074584879052932,0.015190320891624684,0.00037176848315072523,0.019281298793149937,0.000359778343480466,0.018967823899447876,0.00036720064552913935,0.019162480150782656
2025-12-18,-0.0131184174707486,0.0001720928769368,0.0001054707716156,0.0002174405259822816,0.014745864707852219,0.00036127461999433476,0.01900722546807752,0.0003429565746469071,0.01851908676600731,0.00035854503414482693,0.0189352854254914
2025-12-19,0.0033847276384289,1.1456381186345104e-05,4.059444728652558e-05,0.00021471966703955525,0.01465331590594959,0.00035891354199176536,0.01894501364453891,0.0003561469802848648,0.01887185683193005,0.00036123300420651873,0.019006130700553407
2025-12-22,0.0031369104615972,9.840207244078414e-06,7.532342045232356e-05,0.0002025238698883626,0.01423108814842922,0.0003494631210606337,0.018693932733928238,0.0003399152643966902,0.018436791054754896,0.0003530237635718404,0.018788926621067004
2025-12-23,0.0098789670023062,9.759398903265649e-05,5.484503988730528e-05,0.0001909628501297055,0.013818930860587785,0.00034062480968833335,0.01845602366947803,0.00032462228895894206,0.01801727751240298,0.00034533571940435504,0.018583210686110057
2025-12-24,-0.0048684024645464,2.3701342556802344e-05,4.855001123685898e-05,0.00018536071846388244,0.013614724325666034,0.0003363936138584108,0.018341036335453097,0.00031595406940818516,0.01777509688885507,0.00033979058155429097,0.018433409384980604
2025-12-26,-0.005601669597817,3.137870228310797e-05,5.472591352794416e-05,0.00017566115590945757,0.013253722341646424,0.00032912934729484447,0.018141922370433747,0.00031066880383439456,0.01762579938142933,0.0003343137835982557,0.018284249604461643
2025-12-29,0.0186286722806732,0.0003470274309407,0.0002865983554752,0.00016700420869187655,0.012923010821471773,0.0003227387468760867,0.017964931028982178,0.0003073369185909981,0.0175310273113414,0.00032969225662419165,0.018157429791250512
2025-12-30,0.0201098225911944,0.0004044049646493,0.0003688082532477,0.00017780560202680727,0.01333437670184877,0.00033107830222195276,0.018195557211087347,0.00030689301792677837,0.01751836230721292,0.00032982128902065436,0.0181609826006374
