date,log_return,realized_var_proxy,parkinson_var_proxy,ewma_forecast_variance,garch_forecast_variance,egarch_forecast_variance,gjr_garch_forecast_variance,ewma_rmse,garch_rmse,egarch_rmse,gjr_garch_rmse,ewma_weight,garch_weight,egarch_weight,gjr_garch_weight,static_ensemble_variance,static_ensemble_volatility
2022-01-03,0.0044941941383541,2.01977809532167e-05,5.7799536880342694e-05,0.0004290610783059,0.000700269607998,0.0007865587972322,0.0007124547123845,0.0017455018221904635,0.0018171751949425396,0.0018274665906981068,0.0018831770749399284,0.26024058031219616,0.2499761214037515,0.24856837846174515,0.24121491982230736,0.0006540781356696504,0.025574951332693684
2022-01-04,0.0010768262597204,1.1595547936236391e-06,9.625610681026594e-05,0.0004045292804647,0.000668234327577,0.0007047890935289,0.0006757200116829,0.0017449678598249864,0.0018192572411754834,0.0018299879196800935,0.0018851232255016558,0.2605281022174085,0.249889435458196,0.2484241344227284,0.24115832790166705,0.0006104180732604852,0.024706640266545454
2022-01-05,-0.0020673020559523,4.273737790544811e-06,0.0002152030554724,0.0003803270969244,0.0006432084761665,0.0006270136475919,0.000648836928065,0.0017454979822956423,0.0018209905198516842,0.0018317367925199928,0.0018867941746040892,0.26064908676382836,0.2498433957089024,0.24837763640023539,0.24112988112703396,0.0005720234394337795,0.023917011507163254
2022-01-06,-0.0013708192540615,1.8791454273059687e-06,0.0002906766880996,0.0003577638953764,0.0006270297702027,0.000580224085034,0.0006316878955751,0.0017459259328237683,0.0018206063379442548,0.001830982040368761,0.0018867271402697471,0.26055919836105923,0.24987118410672848,0.24845522862841685,0.24111438890379547,0.0005463640935548745,0.02337443247556771
2022-01-07,-0.0082059281898349,6.733725745672786e-05,0.0002103727448974,0.0003364108103795,0.0006157443668575,0.0005377217269882,0.0006194182581679,0.0017453412239510353,0.001818638028242639,0.00182840165553543,0.0018852667870346883,0.26041338331047814,0.24991790895274307,0.2485833524512102,0.2410853552855685,0.0005244927623489597,0.02290180696689586
2022-01-10,0.0310017846996024,0.0009611106545605,0.0005379024136127,0.0003202663972041,0.0006204546838481,0.0005621903975388,0.0006291113918803,0.0017448968167137612,0.0018175351870376307,0.0018265900492379277,0.0018844179997093047,0.26033051139028157,0.24992631991831854,0.24868737284969092,0.241055795841709,0.0005299036710235443,0.02301963663969404
2022-01-11,0.0507825122271616,0.0025788635481018,0.0014327028681876,0.0003587170526455,0.0007911366433539,0.0006565418621389,0.0007186800218951,0.0017461776845662284,0.0018160065213728733,0.0018250655455463126,0.0018830721976501106,0.26003568522533,0.25003682827531387,0.248795727824361,0.24113175867499517,0.0006277339196654291,0.025054618729197
2022-01-12,-0.007512430283318,5.643660876171453e-05,0.000445727527912,0.0004919258423729,0.0012086882796169,0.000852357911784,0.0009502092015825,0.0017538237077873,0.001819687362221641,0.0018311799504884367,0.0018874533969844155,0.2596888552288302,0.25028940707287933,0.24871857668984582,0.24130316100844473,0.0008715552623149622,0.0295221148008567
2022-01-13,0.012624218521298,0.0001593708932734,0.000323888960536,0.0004657964883562,0.0010155678450816,0.0008056607113661,0.0008500832578903,0.0017545316457834796,0.0018231884159737306,0.0018327077955739728,0.0018896504072906822,0.2598629861948966,0.25007718832133635,0.24877824710946328,0.24128157837430367,0.000780553907422867,0.027938394861245466
2022-01-14,0.0090774024669574,8.239923554712568e-05,0.0003669793037382,0.0004474109526512,0.0009055087379766,0.0007593194981273,0.0007836055084089,0.0017545808439351533,0.0018264070300549262,0.0018345226865996791,0.0018917334122120282,0.2601053441789998,0.24987631277783037,0.24877089699421157,0.2412474460489583,0.0007205785847303595,0.026843594854831936
2022-01-17,0.0040287122782393,1.62305226208367e-05,0.0002139467578593,0.000425510249625,0.0008173632773068,0.0007060592357647,0.0007304646608451,0.0017544526418808073,0.0018261189118149702,0.0018321415494029574,0.0018905768097179055,0.25998673090488894,0.2497835184438714,0.2489624270781251,0.24126732357311473,0.0006668103687027793,0.025822671602736602
2022-01-18,-0.0198191487295463,0.0003927986563638,0.0006354494516436,0.0004009534660047,0.0007459205510609,0.0006413410079925,0.0006874949887352,0.0017539173286334681,0.0018253393092634701,0.0018296614875874288,0.0018892819375812765,0.2598870569860577,0.24971818139353227,0.24912827636572266,0.24126648525468733,0.0006161182191894895,0.024821728771169213
2022-01-19,0.0045255231581522,2.0480359854972755e-05,0.0002244315568533,0.0004004641774263,0.0007686510326279,0.0007663847609558,0.0007647041148208,0.0017522526930641967,0.0018255198266400533,0.0018297067469388122,0.0018892847278967416,0.260077855481971,0.24963964566378904,0.24906839494202537,0.24121410391221454,0.0006713772760204896,0.025910948960246316
2022-01-20,0.0089095487389266,7.938005873131015e-05,0.0001397398038448,0.000377665148372,0.000714089462707,0.0006896615887785,0.0007111264981892,0.0017517738478731804,0.0018244249245575985,0.0018268938821868227,0.0018873950829862564,0.25992907309978996,0.24957834462195916,0.2492410517096276,0.24125153056862336,0.0006198397537997619,0.02489658116689442
2022-01-21,-0.0203028743909045,0.0004122067085328,0.0004120554297312,0.0003597680429935,0.0006885839243073,0.000651285939716,0.0006810721923711,0.0017512022208910243,0.0018234912429299925,0.0018244510494547796,0.001885953346467605,0.2598240438676072,0.2495237881870701,0.2493925188060346,0.24125964913928813,0.0005920355362014885,0.02433178037467642
2022-01-24,-0.0635344093638223,0.0040366211732097,0.0019924209888764,0.0003629143629259,0.0007338845197734,0.0007803068988104,0.0007656925077084,0.0017508575660471952,0.0018224401072014999,0.0018226388754289324,0.0018846828931904295,0.25971789000203205,0.24951658545648625,0.24948937437804672,0.2412761501634349,0.0006567933325597277,0.02562797948648562
2022-01-25,0.0148099361801528,0.0002193342096602,0.0008415776500595,0.0005833367715429,0.0014435795272239,0.0015745984306624,0.001819677762054,0.0008536316200522696,0.0010270976509024693,0.0010411062224048998,0.0011350581312454743,0.293849915055386,0.24422174349298562,0.2409356256285981,0.22099271582303032,0.0013054793583405066,0.036131417884446584
2022-01-27,-0.032330457827305,0.0010452585033231,0.0006376538612828,0.00056149661783,0.001203432179107,0.0013316945778596,0.0014464253357577,0.0008470008287663368,0.0009745858190165828,0.0009939141479905103,0.0010360244400470296,0.2825797350819202,0.24558665346523556,0.24081080875130428,0.23102280270153994,0.0011090581303244166,0.03330252438366222
2022-01-28,0.0045564874222252,2.0761577628896717e-05,0.0004442639047408,0.0005905223309595,0.001197389942306,0.0014910513846973,0.0014579773891858,0.0008407374356546968,0.000936040320180862,0.0009565274570751753,0.0009688226569651037,0.27435403021569477,0.24642069241259423,0.2411427943013521,0.23808248307035892,0.0011637490145326274,0.03411376576299702
2022-01-31,0.0124684223482691,0.0001554615558548,0.0001025951361725,0.0005563366857597,0.0010013133193398,0.0012107894233128,0.001180552524385,0.0008383836906418221,0.0009296699845604807,0.0009558971687638763,0.0009534517286938514,0.27335946660016597,0.246517713044674,0.23975394631254382,0.24036887404261623,0.0009729809926215182,0.03119264324518713
2022-02-01,0.0184589039090168,0.0003407311335223,0.000522985913946,0.0005322841779654,0.0008952282381654,0.0010597682470283,0.0010069442386778,0.0008303696272494134,0.0009186590254625455,0.0009467277611189282,0.0009367113229290643,0.27266820715096274,0.24646293266504454,0.2391557603287271,0.24171309985526554,0.0008626188436859618,0.029370373570759393
2022-02-02,0.0184053885874991,0.0003387583290568,0.0001758133141067,0.0005207909952988,0.000858898531842,0.0009833577111221,0.0009089690244919,0.000820742010523752,0.0009085676874202123,0.000937020194498462,0.0009228792422881275,0.2725857626029906,0.24623656546070521,0.23875962135338577,0.2424180505829184,0.0008085890488903382,0.028435700253208785
2022-02-03,-0.0155758102828328,0.0002426058659668,0.0001904928575334,0.0005098690353243,0.0008341949617426,0.0009256490066774,0.000842424304819,0.0007906073135639264,0.0008854486036535054,0.0009174990857486554,0.0009051194021170207,0.2756285492120282,0.24610569821319456,0.2375086255876015,0.24075712698717566,0.0007685038746850338,0.027721902436251264
2022-02-04,0.0031062404660566,9.648729832967905e-06,0.00015486961641,0.0004938332451628,0.0007996257938747,0.0009501778537525,0.0008283004339812,0.0007859392051166609,0.0008872402803021562,0.0009187159994065296,0.000906038707080613,0.27710458842572233,0.24546604205945494,0.23705623947136822,0.24037313004345462,0.0007574711936748049,0.02752219456501979
2022-02-07,-0.0146172293749458,0.0002136633945997,0.0002234323189374,0.000464782174243,0.0007328062320661,0.000819657788346,0.0007530416667709,0.0007791559792552416,0.0008775781990885271,0.0009163504143303586,0.0009016566898037376,0.27760290335221094,0.24646916050346288,0.23604066591005224,0.23988727023427395,0.0006837566978191369,0.026148741801836985
2022-02-08,-0.009165378046697,8.400415473887634e-05,0.0006022683175317,0.0004497150474644,0.0007262902766027,0.0008555315813923,0.0007598229036839,0.0007690383253559317,0.0008673648006306584,0.0009098499948071089,0.0008949593017541956,0.27846048116702793,0.2468935584644346,0.23536493195221472,0.23928102841632284,0.0006877175976186782,0.026224370299755117
2022-02-09,0.0383854932116954,0.0014734460891051,0.000637972007726,0.0004277723939009,0.0006976228120039,0.0008251579848426,0.0007287588185547,0.0007687621471628846,0.0008695994300071108,0.000914194682807451,0.0008982296508210474,0.27926543201176013,0.24688228365096299,0.234839140042285,0.23901314429499204,0.0006596550835548924,0.025683751352847433
2022-02-10,0.0016530379211667,2.7325343688151674e-06,0.0002087378699039,0.0004905128156132,0.0009388552392188,0.0009177405030243,0.0008402670218612,0.0007796396785130393,0.0008744306612582982,0.0009174614261569423,0.0009029947797758059,0.27741024785013235,0.24733812071373923,0.23573747111750787,0.2395141603186205,0.0007858896477531216,0.028033723401523415
2022-02-11,-0.0122805414255079,0.0001508116977036,0.0001160231097334,0.0004612459987385,0.0008247663500624,0.0007886378180594,0.0007604133511901,0.000780028539298364,0.0008804957737526415,0.0009233902424239061,0.0009082504474498377,0.2785929296971816,0.2468046326723126,0.2353397578039193,0.23926267982658642,0.000699592399446065,0.026449809062563476
2022-02-14,-0.0585597064980798,0.0034292392251412,0.0009047774093658,0.0004426199406764,0.0007761047675807,0.0008055345347159,0.0007475302480831,0.000772486056760029,0.0008766857393284571,0.0009179636267144328,0.0009044756263617946,0.27958454067063804,0.24635413770864178,0.23527638031448095,0.23878494130623926,0.0006829685295540136,0.026133666592233352
2022-02-15,0.0471304120880466,0.002221275743589,0.0019302207742315,0.0006218170977443,0.0013580124588197,0.0014966485593825,0.001640354382341,0.0008580551793953183,0.0009366944775135172,0.0009733912071680293,0.0009643660729776392,0.2711998314633991,0.2484315063498908,0.23906566889517522,0.2413029932915348,0.0012596294843633588,0.03549125926708376
2022-02-16,-0.003532200805153,1.2476442527923804e-05,0.0002483797715543,0.000717784616495,0.001521358621248,0.0014963240877902,0.0015364773073049,0.0008772927609620065,0.0009388721707280762,0.0009724460236515249,0.0009630212952212466,0.26684160808456303,0.24933981259079133,0.24073131608581375,0.24308726323883187,0.0013045802054352054,0.036118972928852855
2022-02-17,-0.0041222189500569,1.6992689072208482e-05,0.000171443637354,0.0006754661260569,0.0012167559708646,0.0012283932214649,0.001234940544793,0.0008805083610710874,0.0009577525143019772,0.0009894378024566902,0.0009818071864389662,0.26982685125100475,0.2480649176276496,0.24012100404703698,0.24198722707430875,0.0010778962193449457,0.032831329844295765
2022-02-18,0.0030861924128331,9.52458360902863e-06,0.0001044045819315,0.0006359577198379,0.0010135783352714,0.0010471029257563,0.0010320202119729,0.0008846019701778794,0.0009701960086693581,0.0010016971093239973,0.0009943134152622906,0.2714042337294072,0.24746001604452272,0.2396779601706889,0.2414577900553812,0.0009235785417550403,0.030390435037278427
2022-02-21,-0.0298722463788987,0.0008923511037216,0.0005654071414625,0.0005983717316641,0.0008760892848548,0.0008900369889104,0.0008909616277117,0.0008834615308111365,0.0009731587370319133,0.0010051871487105975,0.0009985201019729402,0.27236807594051904,0.24726358420045072,0.23938499176313427,0.24098334809589617,0.0008073707472334908,0.028414270133746016
2022-02-22,-0.0104388427974462,0.0001089694389497,0.0003151291941055,0.0006160104939876,0.0009494736439315,0.0011009437027049,0.0010398395739471,0.0008340498654486153,0.0009303447462634637,0.0009630168298419676,0.0009548004522527898,0.27501926467541266,0.24655352934442984,0.23818875599084455,0.24023844998931276,0.0009155526894654683,0.030258101220424726
2022-02-23,0.0125135839471133,0.0001565897832014,0.0002837004879314,0.0005855880306853,0.000851791420319,0.0010251342003701,0.0009252157224571,0.0008298413140580322,0.0009225918311589376,0.0009556974307773469,0.0009432206594401029,0.27415492489970444,0.24659342891478392,0.23805137045226052,0.24120027573325115,0.0008377848982963266,0.02894451413128793
2022-02-24,-0.0896149524668641,0.0080308397056383,0.0020528428122947,0.0005598481358363,0.0007952893065736,0.0009243150393745,0.0008341818684445,0.0008255828933154008,0.0009171957472391408,0.000951297372124692,0.000935745942755218,0.2739547186008271,0.24659112288808646,0.23775144959638508,0.2417027089147014,0.0007708655794666928,0.027764466129689813
2022-02-25,0.0472792873180018,0.0022353310092981,0.0004903499369099,0.0010081076300244,0.0022333764720796,0.002335789860851,0.0029644349798902,0.001268510042914484,0.0013071004662065977,0.0013192498407133498,0.0013157668265991016,0.2566669600757401,0.24908920542680454,0.24679526689528028,0.2474485676021751,0.002125064963320374,0.04609842690722075
2022-02-28,0.0157826878267456,0.0002490932350365,0.0004750888321526,0.0010817410327808,0.0021103156504418,0.002095324364322,0.0024344606372761,0.0012781238482355317,0.0013063726299167612,0.0013184216896171626,0.0013181767595837732,0.25526966765507203,0.24974975936375424,0.24746729557812844,0.24751327740304538,0.001924272084644854,0.043866525787265784
2022-03-02,-0.0016126730576232,2.600714390784057e-06,0.0003187911610089,0.0010317821649162,0.0016555928389817,0.0016927819782891,0.001865821433069,0.0012810033952016923,0.0013254846586513807,0.001336883883266815,0.0013453208332294166,0.25794242123793865,0.24928626311566426,0.2471606708018024,0.24561064484459472,0.0015555116764954875,0.03943997561479327
2022-03-03,0.0012173959295047,1.4820528491746649e-06,0.0002458747507728,0.0009700312778846,0.0013048155356967,0.0013395761807553,0.001455214656952,0.0012845041520389024,0.0013404795844218162,0.001353082905182713,0.001364724333906754,0.25982275076322553,0.2489731332189474,0.24665406744198365,0.24455004857584334,0.0012631849358190938,0.035541313085184316
2022-03-04,-0.0176757448528343,0.0003124319561024,0.0004011437063808,0.0009119183243825,0.0010696537260501,0.0010867943552474,0.0011766454403343,0.0012899110675126467,0.0013487095717543678,0.0013599281172167975,0.0013742291081178283,0.2601753659967659,0.24883272953778898,0.2467800171528335,0.2442118873126116,0.0010589734734300616,0.032541872617138395
2022-03-07,-0.032056287563774,0.0010276055723713,0.000408721623374,0.0008759491422857,0.000970425128585,0.001100374195121,0.001073794133936,0.0012919312087688237,0.0013509349419945323,0.0013611880209951673,0.0013770963315367767,0.260172746960807,0.24880938453891963,0.24693524060257213,0.24408262789770135,0.00100316463418807,0.0316727743367718
2022-03-08,0.0237244832093277,0.0005628511035496,0.0004211652476901,0.0008850485280908,0.001038012001009,0.0013039483046411,0.0012008245770482,0.001289233906357663,0.0013459747434990512,0.0013548250442447876,0.001372165708698809,0.25980825258048373,0.2488557901967286,0.2472301569868062,0.24410580023598152,0.001103761796659466,0.03322291071925315
2022-03-09,0.0337340139543977,0.0011379836974754,0.0005154128796974,0.0008657166826184,0.0009961693945872,0.0011951822845885,0.0010637028198408,0.0012880917385501755,0.0013443377037079375,0.0013544925164786959,0.0013716207329813755,0.2598590398630269,0.24898675497378253,0.2471200677470929,0.24403413741609772,0.0010279306181456426,0.03206135708521463
2022-03-10,0.0507845104743727,0.0025790665041216,0.000625236103856,0.0008820527035098,0.0010759446590058,0.001178132467993,0.0010316132201867,0.0012871875363928964,0.0013421294325527083,0.0013517911279606967,0.0013693979719685693,0.25965672885248703,0.24902732703192187,0.24724744689194963,0.2440684972236415,0.0010400450753141246,0.032249729848699886
2022-03-11,-0.0050331333864252,2.5332431685548755e-05,0.0001528492674514,0.0009838735315465,0.0013994919418603,0.0012802710751464,0.0011621091263159,0.0013035512036645904,0.0013528015691060393,0.0013597221346687755,0.001380575556475101,0.2586323911390943,0.24921656839798562,0.24794813306333652,0.24420290739958347,0.0012044693935528668,0.03470546633533206
2022-03-14,0.0011527061805418,1.328731538659282e-06,0.0001075360379573,0.0009263610655548,0.0011375388495699,0.0010942477473436,0.0009850014326534,0.0013087005299700413,0.0013630115794995457,0.00136782251204572,0.0013869549156372183,0.2590332344735726,0.2487117030655655,0.24783692931651893,0.24441813314434285,0.001034824740607622,0.032168691931870996
2022-03-15,-0.0201896862889306,0.0004076234324454,0.0005561659981005,0.0008708591255139,0.0009575823517844,0.0009137935770017,0.0008582607663894,0.0013124919956429687,0.001368085805723238,0.0013716646725605325,0.0013897963559585474,0.2590269811704056,0.24850110864354294,0.24785273415774745,0.244619176028304,0.0008999695643497347,0.029999492734873612
2022-03-16,0.0327252527712727,0.0010709421689436,0.0002446572466242,0.0008430649839298,0.0009132017315115,0.0009955023942837,0.0008844016596728,0.001311126519463144,0.00136848364088739,0.0013719182840534676,0.0013896872980902833,0.25925243899524963,0.2483864167946919,0.24776457311864603,0.24459657109141236,0.0009083653983979535,0.03013910082265152
2022-03-17,0.0344674485592479,0.0011880050101844,0.0004545070181988,0.0008567376150306,0.0010078064449319,0.0010187872536223,0.0009031316640758,0.0013088742841598285,0.0013680269187566914,0.0013717358391470069,0.0013896476307955852,0.25955086975063557,0.2483280512905933,0.2476566180986956,0.2444644608600755,0.0009457266048154269,0.030752668255216928
2022-03-21,-0.0092200510628159,8.500934160093408e-05,0.0002281734908088,0.0008766136587398,0.0010931150924363,0.0010476500659334,0.0009281786912965,0.0013092924756155976,0.0013658407421559059,0.00136723437319791,0.001386233532941028,0.25901933718787407,0.24829547014663014,0.24804238093122663,0.24464281173426924,0.0009854092762249555,0.03139122928820971
2022-03-22,0.01573843389014,0.0002476983013143,0.0002422834587246,0.0008291173997115,0.0009435120443791,0.0009716293776618,0.0008430243252125,0.0013132677514058146,0.001371061678662599,0.00137073705331346,0.0013890352865375268,0.25897513268386996,0.2480586362106789,0.24811738279609602,0.24484884830935502,0.0008962587729361173,0.029937581280659886
2022-03-23,-0.0112835156530685,0.000127317725493,0.0002414262031754,0.0007942322538076,0.0008738013560777,0.000902029636905,0.0007881562035266,0.0013141861046767932,0.0013701570483479002,0.0013685977242158932,0.001387127639707493,0.2586112244471884,0.2480469505971923,0.24832956512233229,0.24501225983328703,0.0008392496974431487,0.028969806651808167
2022-03-24,0.0119658188272676,0.0001431808202069,0.0001690714414979,0.0007542173821088,0.0008045449634538,0.0008836574732612,0.0007598534780996,0.0013161781392178763,0.0013709022452084135,0.0013686769258158136,0.001387066150379869,0.25835668107522514,0.24804351801203778,0.24844680971691685,0.24515299119582012,0.0008002414959257429,0.028288540010501476
2022-03-25,0.0184878551798167,0.0003418007891498,0.0003305319719675,0.0007175551883947,0.0007611300814822,0.0008154660185884,0.0007208032268681,0.0013183762246318834,0.0013724138975448193,0.0013704159730584865,0.0013882475749994053,0.2582430190944674,0.24807491177433572,0.24843657929020144,0.24524548984099548,0.0007534862246681757,0.02744970354426757
2022-03-28,0.0226133447306527,0.0005113633599073,0.0005446861404839,0.00069500992444,0.000769279509931,0.0007972880907184,0.0007153437815754,0.0013184631143580137,0.0013709764408688305,0.0013688786856672385,0.0013868663454014779,0.25802826415086605,0.2481448539911797,0.2485251266652001,0.24530175519275427,0.0007438461649622258,0.027273543315129146
2022-03-29,0.0039457162969276,1.556867709584018e-05,0.000204183153665,0.000683991130568,0.0008065204764686,0.0008050793939549,0.0007295583902205,0.001318589023818187,0.0013704698706513935,0.0013683210753843674,0.0013863549511419376,0.25793685924154325,0.24817233761759228,0.2485620645275061,0.24532873861335838,0.00075567643183702,0.02748956950985264
2022-03-30,0.0398775017753576,0.0015902151478436,0.0008909405157931,0.0006438857833597,0.0007385339420226,0.0007161333292796,0.0006868114664022,0.0013208014981081885,0.0013720603735873377,0.001369048386816175,0.0013871457157769663,0.25776039897602965,0.24813071470781978,0.24867661683766132,0.2454322694784893,0.0006958725217167239,0.026379395779978054
2022-03-31,0.0097257505183486,9.459022314515848e-05,0.0002307303633076,0.0007006655452287,0.0009881446301586,0.0008366492427408,0.0008242000425333,0.0013254642011494703,0.0013736681968388024,0.0013696477428770703,0.0013890870382767743,0.2572779032878615,0.24824965107266966,0.248978361281805,0.24549408435766396,0.0008362161142232185,0.028917401581456424
2022-04-01,0.0142423378237655,0.0002028441866862,0.0001130064642656,0.0006643010259037,0.0008749982020412,0.0007683622080891,0.0007592378517493,0.0013267220194389173,0.001375704672090726,0.0013694246891510456,0.0013894056212636716,0.25719528466930913,0.2480377179704232,0.24917518295815985,0.24559181440210787,0.0007658070440785451,0.027673218896227904
2022-04-04,0.0108043785833176,0.0001167345965716,0.0001618193240762,0.0006366136155506,0.0008195031339162,0.000738638425729,0.0007266886990825,0.0013270375169948875,0.0013757458762225976,0.0013683576217503528,0.0013885329243753942,0.25706213702598696,0.24796083777406128,0.2492996674334323,0.24567735776651953,0.0007295272135147787,0.027009761448683303
2022-04-05,0.0351939801741869,0.001238616240501,0.0011892311576185,0.0006054208744119,0.0007661921042448,0.0006984756547862,0.0006955547257727,0.0013278464542017907,0.0013762645637969157,0.0013683512843174822,0.0013882723269432295,0.256957639353365,0.24791766007118993,0.24935138674248772,0.24577331383295734,0.0006906347353856604,0.026279930277412464
2022-04-06,0.0093725368435622,8.784444688393095e-05,0.0002675510108034,0.0006434125963772,0.0009407672395847,0.0007946732201443,0.0007929801497293,0.0013295666886406167,0.0013752491909629033,0.001368091025363236,0.0013876614619111201,0.2566235859028469,0.24809916164868523,0.24939727328840483,0.2458799791600631,0.0007916856880939787,0.028136909711160157
2022-04-07,-0.0286234567545164,0.0008193022765776,0.0013981333265339,0.0006100785074076,0.0008420002104289,0.0007346192529278,0.0007373871560319,0.0013310466443393046,0.0013778325198617477,0.001369785436886,0.0013888165399629487,0.25666254601530036,0.24794727637545325,0.2494038930490396,0.24598628456020694,0.0007299599902475283,0.027017771748379403
2022-04-08,0.0336799475627581,0.0011343388678301,0.000394062699175,0.0006226319335578,0.0009129485213184,0.0009527956336861,0.0009157705434142,0.0013287475518184684,0.0013771335923645504,0.0013688606115387252,0.001388195288117113,0.2568886661635468,0.2478627986037582,0.24936080662809548,0.24588772860459962,0.0008489996890084456,0.029137599232065183
2022-04-11,0.0042516875272007,1.807684682895408e-05,0.0001308045592907,0.0006533343496142,0.0010195197849728,0.0009912232332488,0.0009310673262057,0.0012991471363495222,0.0013579571794470212,0.0013463803308059639,0.0013675565731034092,0.25829197681160015,0.24710593757712734,0.24923067749807115,0.24537140811320127,0.0008961809518786207,0.029936281530587944
2022-04-12,0.0076535104234067,5.857622180119522e-05,0.0003089149464114,0.0006152188994471,0.0008816719110231,0.0008555061453372,0.0008235125807937,0.0013005184744001367,0.0013559625493726598,0.0013483194656044235,0.001367768139501084,0.2580984059137643,0.24754499691703938,0.24894823049491896,0.2454083666742772,0.000792114106178896,0.028144521779182818
2022-04-13,0.0011372729108193,1.293389673683497e-06,0.00014292803017,0.0005818203387883,0.0007969319345835,0.0007722163227422,0.000754968198381,0.001301901510359741,0.0013556208873390955,0.0013496624865358296,0.0013684262558911085,0.2579732128561152,0.24775047255945698,0.2488442249823288,0.24543208960209892,0.000724989320356303,0.026925625718937397
2022-04-18,0.015519273437395,0.0002408478480246,0.0005173486201294,0.0005469887218414,0.0007294357666077,0.0006782286148606,0.0007025078389806,0.0013032052188459778,0.0013553475006590175,0.0013505025655940338,0.0013688910386934186,0.2578301902099246,0.2479110702563343,0.24880045252622598,0.24545828700751526,0.0006630453648370984,0.025749667276240645
2022-04-19,-0.0297831284828943,0.0008870347422285,0.0009864481268943,0.0005286202694124,0.0007291281201607,0.0006740040521357,0.0006922927247513,0.0013027332989099512,0.001352866803717901,0.001348745522465749,0.0013670818074274932,0.25761523796455554,0.2480687292206022,0.24882673804135655,0.24548929477348574,0.0006547152052004284,0.025587403252390197
2022-04-20,0.0071917557910829,5.172135135857512e-05,0.0001602263182571,0.0005501251377814,0.0008500419431726,0.0009152175085763,0.0009038643423492,0.0013035543545676185,0.0013522521630283542,0.0013486442441494884,0.0013667835638035456,0.25744712038047785,0.24817583881049332,0.24883976356159582,0.24553727724743304,0.0008022629029047202,0.028324245848825706
2022-04-21,0.0458214738706288,0.0020996074676767,0.000573401640572,0.000520220910596,0.0007744611853295,0.0008145660953493,0.000808648086236,0.0013042191530531243,0.0013527300245343892,0.0013498131356759527,0.0013678335504040094,0.2574762652889538,0.2482427909161145,0.24877923304419308,0.2455017107507385,0.0007273705603189247,0.026969808310756023
2022-04-22,-0.0057241667953282,3.276608550073875e-05,0.0001160761792075,0.0006149841040209,0.0011076882547809,0.0009551238148796,0.0009604998527472,0.0013194995506720332,0.0013610404586120379,0.0013576856402058935,0.001375533774318248,0.2563697403708014,0.24854496799466874,0.24915911843471952,0.24592617319981028,0.0009071635177691049,0.030119155329608845
2022-04-25,0.0047832307987389,2.287929687400455e-05,0.0001924073550343,0.0005800510229096,0.0009434808466146,0.0008650082726137,0.0008505415306964,0.0013216213014126993,0.0013676314141813617,0.0013625478753634004,0.001380301845925388,0.2568179924852227,0.24817807337197278,0.2491040025760507,0.24589993156675383,0.0008077439251812077,0.028420836109819284
2022-04-26,0.0474928382760251,0.0022555696875126,0.0009186137410356,0.0005466207193475,0.0008316408675415,0.0007650796149959,0.0007694980602791,0.0012356866543561636,0.001304890665373769,0.0013006267804252605,0.0013184589589769803,0.26080677590865176,0.24697506151878862,0.2477847274916226,0.24443343508093707,0.0007256230399537832,0.02693739111261117
2022-04-27,-0.0258822229400668,0.0006698894643193,0.0005898425647488,0.0006491576574374,0.0011752206732736,0.0009244190425334,0.0009504668756976,0.0012543477666100095,0.0013082633246760348,0.0013030900510268204,0.0013162278867150361,0.2581064745849009,0.24746950696896214,0.24845196207893538,0.24597205636720162,0.0009218450918305117,0.030361901979792237
2022-04-28,0.0188647143065023,0.0003558774458659,0.0001855730060082,0.0006504015658503,0.0011081353878592,0.0010759788143613,0.0010189533951303,0.0012527948982304319,0.0013097297197041313,0.0013029796656541682,0.001315707286609943,0.2583847434841702,0.24715258694035894,0.24843295482668204,0.24602971474878882,0.0009599337788723971,0.030982798112378376
2022-04-29,-0.0197648823031953,0.0003906505724591,0.0005618052438636,0.0006327301186513,0.0010043436388318,0.0009977862182933,0.0009187000137886,0.0012512115499463486,0.0013045111090833033,0.0012924276537498115,0.0013053685320489233,0.25734966324579883,0.24683490143232245,0.24914266581476247,0.2466727695071163,0.0008859493411418969,0.02976490116129897
2022-05-02,0.0032110074162165,1.0310568626997582e-05,0.0001738591910787,0.0006182053458797,0.0009413412840392,0.0010569589580072,0.0009206559868873,0.0012505313683927656,0.0013023447316105688,0.0012876144039478822,0.0013004309861640734,0.2568684091949413,0.24664898275449518,0.24947065073405678,0.2470119573165067,0.0008820715702744449,0.029699689733639387
2022-05-04,-0.0373195147726655,0.0013927461828672,0.0011522270833592,0.0005817316592446,0.0008278519239527,0.0008978024800278,0.0008156429894096,0.0012527474186192567,0.0013059189558264558,0.0012913527124404388,0.0013028950703824057,0.2570099752945458,0.2465456081123213,0.24932660148378427,0.2471178151093487,0.0007790200499895859,0.027910930654307928
2022-05-05,0.000709659962241,5.036172620079424e-07,0.0003218293776047,0.0006303925306619,0.0010109570350727,0.0012140143484344,0.0011264488860103,0.0012568954766764304,0.001306228788308878,0.0012902517233809984,0.0013029456481649367,0.25634212055182687,0.24666065752567637,0.24971503309365808,0.24728218882883862,0.0009926678644230503,0.031506632070455426
2022-05-06,-0.0034199837785678,1.1696289045666933e-05,0.0002785830516644,0.0005925991958579,0.0008726426562398,0.0009962912636996,0.0009539438002557,0.0012590505999820483,0.0013105028125096187,0.0012967332734211824,0.001308739930320678,0.25682436464297415,0.24674107320267322,0.24936112693448131,0.24707343521987132,0.0008516411814941677,0.029182891931646658
2022-05-09,-0.0225188455046323,0.0005070984028615,0.0003038333300131,0.0005577450214492,0.0007820970272377,0.0008717876579407,0.0008403085459795,0.0012597322357096835,0.0013112476385819857,0.001297278325155078,0.0013101250072201959,0.2568510927424978,0.2467601021992241,0.24941725690691927,0.2469715481513589,0.0007612189493760507,0.02759019661720537
2022-05-10,-0.0409376367416122,0.0016758901019881,0.0011620242272303,0.0005547062243339,0.000814306289689,0.0009901873521766,0.0008996016941765,0.00125933198415967,0.0013100148672116037,0.0012957728210257905,0.001308980214719391,0.25672231112834354,0.24679003692489493,0.2495025456664353,0.2469851062803262,0.0008126106283097118,0.028506326110351574
2022-05-11,0.0046350788042469,2.1483955521578986e-05,0.0005246979150942,0.0006219772569932,0.0010549560007024,0.0013478820145237,0.0012611578175917,0.0012667434073909464,0.001312111100111846,0.0012949682487328194,0.001309908679147052,0.25571031637267894,0.2468688493217784,0.2501369109118412,0.24728392339370145,0.0010685008716801504,0.03268793159072856
2022-05-12,-0.0355904280613937,0.0012666785695932,0.0008921770945313,0.0005859476589049,0.0009060458602305,0.0011120027582028,0.0010473676957143,0.0012619131661778197,0.0013150684079360113,0.0013035568026133028,0.0013161425772287901,0.2573055207021765,0.24690519698053243,0.2490855969247983,0.24670368539249277,0.0009098483403750815,0.030163692419448277
2022-05-13,0.0043666069961051,1.9067256658434813e-05,0.0008248886841477,0.0006267915135462,0.0010397018231475,0.001365800615635,0.0012486755295832,0.0012634011985402174,0.001310330907860097,0.0012983470599335866,0.0013119991759228161,0.2563952657076208,0.2472124285948931,0.24949421922025639,0.24689808647722977,0.0010667885464672247,0.03266172907956994
2022-05-16,0.0248808066573151,0.0006190545399186,0.0005814750046196,0.0005903280581329,0.000895375566352,0.0011229592628435,0.0010386610027235,0.0012652003439872163,0.0013140618030270635,0.0013073457452835717,0.0013192221987863432,0.25709390791888775,0.24753424837910407,0.24880587396981213,0.24656596973219597,0.0009089031834373204,0.030148021219266123
2022-05-17,0.0368043670601871,0.0013545614347009,0.0004119367143983,0.00059205164704,0.0009111655554088,0.0010684375841482,0.0009598431313887,0.001205023133152368,0.0012691383966444752,0.001264379080351892,0.0012741359106745907,0.25985542861783756,0.24672786166396002,0.24765658308153102,0.24576012663667146,0.0008791545344607988,0.029650540205210407
2022-05-18,-0.0017179753418114,2.9514392750722545e-06,0.0001510025506652,0.0006378022342997,0.0010596035925592,0.0011009170433396,0.0009841699778413,0.0011912738161484417,0.0012655309333581505,0.0012614545164984072,0.0012729471843144784,0.2616754511201143,0.24632121193674808,0.24711720412522475,0.24488613281791285,0.0009409651501104429,0.030675155258131016
2022-05-19,-0.03089270255578,0.0009543590711998,0.0002606152338279,0.0005997111865982,0.0009056851419211,0.0009301675328422,0.0008583690832314,0.0011906131068636506,0.001257867911328279,0.0012548557318473718,0.0012640139979962946,0.2606020886292892,0.24666839785302253,0.24726050535011887,0.24546900816756936,0.0008203865924521585,0.028642391528155578
2022-05-20,0.0483677929470741,0.002339443394571,0.0004976224643019,0.0006209900596743,0.0009809197153784,0.0011483555826516,0.0010348238566099,0.0011884567168459047,0.001248311113465017,0.0012450760916885026,0.001254257418597221,0.2594629249109543,0.2470221185702436,0.24766394434955943,0.24585101216924266,0.0009422515291435695,0.030696115864121465
2022-05-23,-0.022277780703635,0.0004962995130792,0.0005949087302762,0.0007240972597681,0.0012909293884741,0.0012400955088633,0.0011389713521125,0.0012062781980056183,0.0012538892881132952,0.001247363818921521,0.0012586119017604042,0.25723401094459813,0.2474666480761662,0.24876124710454658,0.246538093874689,0.0010950119425541163,0.03309096466641787
2022-05-24,-0.0048258675042172,2.328899716825981e-05,0.0001020801688368,0.0007104293949668,0.0011531002493314,0.0012771291866751,0.0010988484626145,0.0012060396165495706,0.0012580770578070938,0.0012510543349077338,0.0012613435978961703,0.25781098991529255,0.2471472359266096,0.24853458298646638,0.24650719117163145,0.0010564268628223596,0.03250272085260494
2022-05-25,-0.0406494096888856,0.0016523745080548,0.0010626058256363,0.0006692009710989,0.0009721216286537,0.0010896719576697,0.000941607440571,0.0012075247733553606,0.0012618471853447996,0.0012549655985614097,0.001263260129405264,0.25806269514226404,0.246953118477644,0.24830728254252418,0.2466769038375679,0.0009156105646714266,0.030259057564164596
2022-05-26,-0.0134692405834195,0.000181420441894,0.0029929763547136,0.0007281913833162,0.0011562536736626,0.0014262087097721,0.0012831321161743,0.001212913540498257,0.00126171138943261,0.0012520555363745574,0.0012626953529548282,0.257027329371199,0.24708656090726663,0.24899209261526783,0.24689401710626654,0.0011447721640791809,0.033834481879868955
2022-05-27,0.0163577853749613,0.0002675771423733,0.0001826268604312,0.0006953851268309,0.0010038736246247,0.00130033779837,0.0011098660001293,0.0007388369106211493,0.0008574385115543579,0.0008670389165583632,0.0008668511776349469,0.2804152416295282,0.24162797451337628,0.23895251627116287,0.23900426758593266,0.0010135422383537821,0.03183617813673278
2022-05-30,0.0402806612260379,0.0016225316688068,0.0004203645793713,0.0006697166477634,0.0009179578466795,0.0011472570724874,0.0009709272035729,0.0007237603341657371,0.0008626913000928471,0.0008771344591083838,0.0008685593030030859,0.28592779180390937,0.23988093321562012,0.2359309818401487,0.2382602931403217,0.000913698074819584,0.030227439104555054
2022-05-31,0.0008769426492109,7.690284100051008e-07,0.0004283616322599,0.000726885549026,0.0011143808642555,0.0011844115633877,0.001019980639883,0.0007262264957520653,0.0008335311646500602,0.0008463569786688235,0.0008257569604745869,0.27710086281131474,0.24142827179571655,0.23776963343038568,0.24370123196258314,0.0010006513007544777,0.031633072894590525
2022-06-01,-0.0077111951145143,5.946253009411038e-05,0.0003104723558803,0.0006833185577891,0.0009419661251407,0.0009763420333357,0.0008818851063394,0.0007200963608127428,0.0008184762316193501,0.0008319004854975211,0.0008008295108696494,0.2743790409013153,0.24139900610848328,0.2375035864033242,0.24671836658687735,0.0008643399643399614,0.02939965925550773
2022-06-02,0.0268345947600059,0.0007200954759337,0.0004349309013402,0.0006458871961274,0.0008374833834478,0.0009017812004165,0.0008046549961202,0.0007137160368255712,0.0008090563941129961,0.0008223308052378554,0.0007857344201283882,0.2733420763600154,0.24113105694100231,0.23723861759126774,0.24828824910771452,0.0007922151061841704,0.028146316032194522
2022-06-03,-0.0088192846897632,7.777978243909222e-05,0.0003239250017911,0.0006503396929157,0.0008913280213937,0.0009107415444692,0.0008120771284031,0.000709572146159902,0.0008032717477422697,0.0008165685291904941,0.0007778496009790453,0.27288527596525547,0.24105390419411385,0.23712864750501775,0.2489321723356129,0.0008104412603910889,0.028468250040897997
2022-06-06,0.0158778385239374,0.0002521057561922,0.0002848783237665,0.0006159860982871,0.0008069991126219,0.0008639030023136,0.0007624270578332,0.0007131430783820876,0.0008100753172515275,0.0008235652149486709,0.0007835821517627234,0.27349530964355845,0.24076932464010556,0.23682555249061313,0.2489098132257229,0.0007571398224030142,0.027516173832911692
2022-06-07,0.001122918338126,1.260945594099801e-06,0.0001645588061738,0.0005941532777614,0.000783190537483,0.0008209313212242,0.0007340515676684,0.0007134771748000415,0.0008109197446495058,0.0008217932688669648,0.0007820217067712663,0.27319552979613626,0.24036752841823492,0.23718711524090386,0.24924982654472494,0.0007282501510817781,0.026986110336278145
2022-06-08,-0.0228627623779136,0.0005227059035489,0.0005555415172106,0.0005585797378314,0.0007202256391182,0.0007145697218368,0.0006883423348703,0.0007167097591052529,0.0008169736075491572,0.0008285452960019844,0.0007876647069947185,0.2738065780139707,0.24020341019158178,0.2368486641789546,0.24914134761549292,0.0006666828821973143,0.025820202985207423
2022-06-09,0.0191071425889757,0.0003650828979154,0.0003582570317063,0.0005564273077745,0.0007757900071578,0.0008638426144729,0.0008010015047691,0.0006824197610992056,0.0007940024274793716,0.000808944106050241,0.0007622091270349686,0.27790286517768126,0.23884864869416916,0.2344369721528815,0.24881151397526804,0.0007417441820254406,0.027234980852305378
2022-06-10,-0.0072811204981385,5.30147157084131e-05,0.0001452017252628,0.0005449466431829,0.0007834627390654,0.0008381576219379,0.0007721031465157,0.0006715605639526426,0.00077574434427809,0.0007951658554332607,0.0007500614305783126,0.2773468785117612,0.24009872262387302,0.23423443659106669,0.24831996227329917,0.0007273016558782497,0.02696853084389748
2022-06-13,-0.0576179594159939,0.0033198292472631,0.0008981263725379,0.0005154307275344,0.0007301085765972,0.0007924156130889,0.0007285515335546,0.0006639016953545268,0.0007675647436674445,0.0007890849306518385,0.0007450392066514981,0.2779786713430332,0.24043640969653116,0.23387914786889563,0.24770577109154004,0.0006846193414013677,0.026165231537316227
2022-06-14,0.0545946684469565,0.0029805778228331,0.0037664058052526,0.0006836946387182,0.0013066964427485,0.0014667492703914,0.001597417360125,0.0007538345465662073,0.0008342015791800555,0.0008513803804203158,0.0008146231373022723,0.2692178131388377,0.24328135208583376,0.23837252156887842,0.24912831320645024,0.0012495522673552184,0.03534900659644084
2022-06-15,-0.0054096206993879,2.9263996111247022e-05,0.0001547134470431,0.000821507629765,0.001629308889015,0.0015295348878558,0.001587611599739,0.0008095238905865262,0.0008614961144368031,0.0008734691261140401,0.0008336164870979508,0.26058207628987035,0.24486171519554234,0.24150529183987388,0.2530509166747134,0.0013841628731079362,0.03720433943920973
2022-06-16,-0.0476235032449253,0.0022679980613194,0.0015626883526867,0.0007739730117458,0.0012922081425386,0.001273715700813,0.0012741786433773,0.0008148378944488864,0.0008856090695840432,0.0008944185910033547,0.0008567601889686998,0.2643976693592955,0.24326900841147728,0.24087294513438073,0.2514603770948465,0.001146199948217771,0.033855574846954985
2022-06-17,0.0061260598906515,3.7528609783849354e-05,0.0004887399897089,0.0008636145147202,0.0014860401412923,0.0016940036428453,0.0016775995581251,0.0008310948713156858,0.000885005595165908,0.0008949953184627693,0.0008594477273935247,0.2607767851885896,0.2448913881587378,0.242157969161986,0.25217385749068655,0.0014223922836531177,0.03771461631321626
2022-06-20,-0.0076393684579133,5.835995043576178e-05,0.0008104090828301,0.000814049360424,0.0011977952272416,0.001358914953142,0.0013310237887203,0.0008345407006450482,0.0009000752107497544,0.0009154309598587133,0.0008818015971877894,0.2641846632593608,0.24494936794503117,0.24084050424749737,0.2500254645481107,0.0011685301436440802,0.034183770178903325
2022-06-21,0.0386451374797538,0.001493446650829,0.0005769222374611,0.0007687079958247,0.0010086321392954,0.0011804186755671,0.0011084512777718,0.0008358008371045397,0.0009069104884135623,0.0009253116169292312,0.0008929110552886697,0.2658940905436743,0.2450456867538305,0.24017260714295124,0.24888761555954406,0.0010109398950188188,0.03179528101808221
2022-06-22,-0.034159848336012,0.0011668952383393,0.0004285910831215,0.000812192315125,0.0011509194722356,0.0011990168607725,0.0010994590504655,0.0008373137882175704,0.0009050491756463884,0.0009212471270423711,0.0008907426249080648,0.26496610727362746,0.24513560257329814,0.24082547290303805,0.24907281725003644,0.0010599339401007883,0.03255662666955513
2022-06-23,0.0100725414246694,0.0001014560907516,0.0001877341263776,0.0008334744905179,0.0011850160366286,0.0014141925369019,0.0012565053693798,0.0008371607331882807,0.0009034310413638575,0.0009192247566480317,0.0008894403691959446,0.2646488012793684,0.24523574503480536,0.2410222123741907,0.24909324131163557,0.001165025124584755,0.0341324643790154
2022-06-24,0.0239254377225742,0.0005724265702167,0.0002783585581015,0.0007895533865319,0.0010081504311886,0.001190331254293,0.001052665180362,0.0008421441926067069,0.0009135903550083134,0.000933987626786707,0.000901468996000054,0.266123596790144,0.24531174209954232,0.23995440102720897,0.2486102600831047,0.0010047585130730566,0.03169792600586128
2022-06-27,0.0092793091804243,8.610557886590702e-05,0.0001304400767008,0.000776525777553,0.0009779627930158,0.0011128619467204,0.0009643996209434,0.0008381802306836079,0.0009096069731844098,0.0009318302084787051,0.000898884761405183,0.26642220625697954,0.24550144500094767,0.23964647665188252,0.2484298720901903,0.0009532541087199241,0.03087481350097396
2022-06-28,0.0104876270174944,0.000109990320458,0.0001907534443973,0.0007351005656317,0.0008665880206731,0.0009708774957694,0.0008532669005574,0.0008340054629237567,0.0009102484931235784,0.0009344219412680907,0.0008984699129621622,0.2675924341842301,0.24517871068468217,0.23883594989630497,0.24839290523478263,0.0008530021766361737,0.029206200996298264
2022-06-29,0.0070061981960592,4.908681316246421e-05,0.0003673096194562,0.0006975939509213,0.0007964656290638,0.0008731282002856,0.0007805449505073,0.0008342395964168271,0.000908177109706603,0.0009361190896412523,0.0008986565960353523,0.2675174653521974,0.24573803935883004,0.23840306730140098,0.24834142798757158,0.0007843385564112371,0.028006044997665003
2022-06-30,-0.0132400658196321,0.0001752993429081,0.0003401333842866,0.0006586835226558,0.0007380817300079,0.0007822044351947,0.0007248736194029,0.0008363109603794333,0.000909156420624843,0.0009393115437614082,0.0009007448561425558,0.2674736272771412,0.24604250823040838,0.23814369959572823,0.24834016489672212,0.0007240722433718674,0.026908590512545755
2022-07-01,0.0186753390998179,0.0003487682904931,0.0008096837524735,0.0006296804718709,0.000722632951979,0.0008106397854134,0.000730201218639,0.0008359460450880586,0.000907531121853413,0.0009391480180898817,0.0009000968987674912,0.2673824607389071,0.24629162041751515,0.23800008760622293,0.24832583123735488,0.0007206041192926158,0.02684407046803103
2022-07-04,0.0131955361318746,0.0001741221738076,0.000168234537034,0.0006128257409883,0.0007447999423156,0.0007945152155136,0.0007224428875966,0.000832729675023771,0.0009067648946349637,0.0009384518582787713,0.0008987124206343417,0.2679329386349462,0.24605684476510575,0.23774869957299952,0.24826151702694849,0.0007157090519609239,0.02675273914874744
2022-07-05,-0.0068319890517451,4.667607440316615e-05,0.0001953831374564,0.0005865035269574,0.0007269121931133,0.0007536230556754,0.0006987419054926,0.0008315660682414979,0.0009030646919767358,0.00093743261117712,0.0008968879542236507,0.267733133866458,0.24653581459371302,0.23749738041195534,0.24823367112787365,0.0006886710868755996,0.02624254345286675
2022-07-06,0.0116832997218022,0.0001364994923894,0.000116166526696,0.0005541138798042,0.0006910426789885,0.0007225829288235,0.0006771375627529,0.0008340440300525997,0.0009073198283470104,0.0009418014374036658,0.0009007678197607256,0.26804271461152224,0.24639539326294888,0.23737426706115014,0.24818762506437878,0.0006583756778593952,0.0256588323557288
2022-07-07,0.0006378728690428,4.068817970609955e-07,0.0001056830805745,0.0005290570165593,0.0006838534346906,0.000690254622739,0.0006640927943244,0.0008331698949791732,0.0009096909797194303,0.000944545152426426,0.0009030271066222934,0.2687731868962929,0.24616461292016814,0.23708101971021983,0.2479811804733191,0.0006388656413342719,0.025275791606481326
2022-07-08,0.0082103959972513,6.741060243168019e-05,0.0001089995206387,0.0004973380084735,0.0006535291411503,0.0006139974665253,0.0006408849525339,0.0008319279145867104,0.0009047695097581271,0.0009403794333017595,0.0008993924309659689,0.2681574124134992,0.2465684734996973,0.23723151420575997,0.24804259988104355,0.0005991308747215795,0.024477150053091954
2022-07-11,0.0343776703544971,0.0011818242190024,0.000577689513541,0.000471542364111,0.0006457768340499,0.0005885545974289,0.0006322492235884,0.000830674723823999,0.0009016884197168819,0.0009373941594618286,0.0008970149561150859,0.26784948556058025,0.24675463561381428,0.23735564724680303,0.24804023157880245,0.0005821708082681798,0.024128216019179284
2022-07-12,-0.0032075741096812,1.0288531669097523e-05,0.0001009571029419,0.0005141592754045,0.0008494676045626,0.0006972152396787,0.0007441187372294,0.0008323532761869032,0.0008984878637638895,0.0009352371828110405,0.000894540448572648,0.2668896777283417,0.24724485059492038,0.23752958257064452,0.24833588910609325,0.0006976509273421895,0.026413082503603958
2022-07-13,-0.005149186308843,2.6514119643176812e-05,0.0001682346951918,0.0004839270307804,0.0007663104120017,0.0006447907045448,0.0006978546258857,0.0008339552553396318,0.0009027950103434048,0.0009377338077667062,0.000897566466167422,0.2672219243364334,0.24684576851789425,0.23764860165709203,0.2482837054885804,0.0006449759366811902,0.02539637644785551
2022-07-14,0.0129106784792619,0.0001666856187948,0.0002925448720507,0.0004564822561121,0.0007136526600506,0.0006213387384436,0.0006709923994395,0.0008347619192666693,0.0009076039324778132,0.0009407228206210632,0.0009013906597885968,0.26786763922604057,0.24636925494505563,0.23769563119786694,0.24806747463103695,0.0006122397920871631,0.024743479789374072
2022-07-15,0.0092515205416362,8.55906323323175e-05,0.0001322201859488,0.0004390944578731,0.0007046557190095,0.0006159953105906,0.0006631206608991,0.0008331188737523816,0.0009044938830810049,0.000935936690878106,0.0008970180687994072,0.2673798361426933,0.24628048029745167,0.23800668370240075,0.2483329998574542,0.0006022336971577102,0.024540450223207198
2022-07-18,0.007600281491647,5.7764278752272456e-05,7.867744251047032e-05,0.0004178842283407,0.0006834292592419,0.0005948486637041,0.0006492247850781,0.0008090707275029684,0.0008917565062259735,0.0009236580098899948,0.0008845474337622571,0.27042437908201256,0.2453499891403986,0.23687603720827363,0.2473495945693151,0.0005821763258807136,0.02412833035833009
2022-07-19,0.0113644434099351,0.0001291505740176,0.0001797919935303,0.0003962770313654,0.000663995974131,0.0005706224325417,0.0006368769454956,0.0008069121708002364,0.0008845882185286591,0.0009185710189351257,0.000879721408005375,0.26969672697607894,0.24601454876253928,0.236913169407706,0.24737555485367577,0.0005629630450851033,0.023726842290644225
2022-07-20,-8.162140425071672e-05,6.662053631858918e-09,4.9500071536805305e-05,0.0003802494439245,0.0006643599712044,0.0005680062493448,0.0006360571615711,0.000804439259101795,0.0008792831490312634,0.0009138934948863866,0.0008756649534037538,0.2692678039004493,0.24634794026053056,0.23701842050705627,0.24736583533196393,0.0005580193983464213,0.023622434217210157
2022-07-21,0.0179521956799613,0.0003222813297316,0.0001339651421478,0.0003574348770122,0.0006403973200415,0.0005176452750417,0.0006218616472066,0.0007751497628676563,0.0008641192375790835,0.0008964108254090432,0.0008583268413396292,0.2728617019992937,0.2447679375741945,0.23595061282744284,0.24641974759906907,0.0005296567301695675,0.02301427231457835
2022-07-22,0.0015616530367961,2.438760207334724e-06,5.534275623714148e-05,0.0003553256641754,0.0006847535070391,0.0005543792127761,0.0006462912931416,0.0007751584274251818,0.0008626312611017817,0.0008961633392744559,0.0008584338712318555,0.2727349411233316,0.24507897823577335,0.23590876662754748,0.2462773140133476,0.0005546782140220782,0.023551607461531756
2022-07-25,0.0202778902979693,0.0004111928349364,0.0002174848862957,0.0003341524499373,0.0006545128643712,0.000512727210141,0.0006290466734666,0.0007755645252141225,0.0008616614083681123,0.0008941720203801716,0.000858189946402306,0.2723937181863789,0.24517624053353923,0.2362620389605888,0.24616800231949304,0.0005274811708183603,0.022966958240445343
2022-07-26,0.0035613519227266,1.2683227517509012e-05,7.025515432381027e-05,0.0003387748730373,0.0007108735405796,0.0005610631395883,0.0006605478809298,0.0007749984159174416,0.0008585861286369329,0.0008908265044211392,0.0008559402542315041,0.27188268637550256,0.24541352839104003,0.2365316368682945,0.24617214836516288,0.0005618826801312015,0.0237040646331215
2022-07-27,-0.0043066227039925,1.8546999114544412e-05,0.0001098224420546,0.0003192093743061,0.0006739283749512,0.000526345866615,0.0006397815505132,0.0007721631129662018,0.0008548962893969277,0.0008833606222425222,0.0008519489710601512,0.27146668662813245,0.24519531130643887,0.2372944373287334,0.24604356473669517,0.000534211868477667,0.023113023784820257
2022-07-28,0.0006667312859526,4.445306076681113e-07,6.437909094063886e-05,0.0003011696317946,0.000650281438605,0.0005190690964787,0.0006294818047844,0.0007660157275133494,0.0008559719539945718,0.0008834822178608174,0.0008524661012749965,0.27318397008990136,0.24447438565811697,0.2368618330543105,0.24547981119767107,0.0005187246031566299,0.022775526407892967
2022-07-29,0.0073444577349354,5.394105942025296e-05,0.0002065401790267,0.0002831261257234,0.0006310495321521,0.0004811667207946,0.0006174547776084,0.0007626760040708435,0.0008501230406922219,0.0008720551674275973,0.0008438981215512784,0.27207458183358146,0.2440879083963171,0.23794911449717404,0.24588839527292733,0.0004973811422181524,0.022302043453866563
2022-08-01,0.0347878882466431,0.0012101971686609,0.0005279405826908,0.0002693750217452,0.0006281951940422,0.0004777181322977,0.0006149624945847,0.0007595564367730422,0.0008461124491959432,0.0008645028186174742,0.0008382477727544853,0.2715597778741902,0.24377962698576458,0.23859375910753042,0.2460668360325149,0.0004915950514476957,0.02217194288842761
2022-08-02,0.0087951886159106,7.73553427894448e-05,0.0001645746240771,0.0003258243505601,0.0008430095121316,0.000602468648105,0.000735411427718,0.0007691785669439221,0.000848699776679134,0.0008683838887054773,0.0008406627844486476,0.2697578889798836,0.24448219755548556,0.23894039164715308,0.24681952181747768,0.0006194624987332503,0.02488900357051785
2022-08-03,0.0102874292505466,0.000105831200585,0.0001042413274529,0.0003109162100939,0.0007745556134887,0.000582021894019,0.0006973009795402,0.0007561175352975351,0.0008471656498537529,0.0008665159203395628,0.0008389800270589087,0.27275041680418477,0.24343689211308026,0.23800067380705411,0.24581201727568075,0.0005832845005867826,0.02415128362192748
2022-08-04,0.0044893881928164,2.0154606345800155e-05,0.0001742309532628,0.0002986111095233,0.0007340423546678,0.0005723597900972,0.0006745053711515,0.000752598734243312,0.0008410361285320532,0.0008516495384223855,0.0008271063450704057,0.2711158456520987,0.2426072261927785,0.23958381125767475,0.24669311689744805,0.000562566155349055,0.023718477087474547
2022-08-05,-0.0092955543020106,8.640732978162874e-05,0.0003315206069964,0.0002819037193327,0.0006908473644271,0.0005392305803665,0.0006500209929296,0.0007483140465793025,0.0008447887895396599,0.000854394738358061,0.0008309269124231463,0.27305851189299435,0.24187527405390177,0.2391558735254486,0.24591034052765534,0.0005328821498989354,0.023084240292869408
2022-08-08,0.0340634137935193,0.0011603161592685,0.0005977012692995,0.0002701739359596,0.0006743334446136,0.000573303518715,0.0006550758141308,0.0007446176289925717,0.0008380904761528131,0.0008385580907339924,0.0008188619733486411,0.27131333316026834,0.24105355758157376,0.2409191361746184,0.2467139730835395,0.0005355884121884042,0.023142783155627678
2022-08-10,0.0125645243657617,0.0001578672725378,0.0001301797220616,0.0003235824693581,0.0008645635192131,0.0006823981756986,0.0007573020796538,0.0007534238821468374,0.0008396781592012609,0.0008394585969789287,0.0008196675556438827,0.2692535898008725,0.24159504768197956,0.24165823739230527,0.24749312512484273,0.000648334204815798,0.02546240767908247
2022-08-11,0.0024199921886886,5.8563621933140425e-06,4.9876745918743454e-05,0.0003136395575489,0.0008040835626139,0.000662961027781,0.000720627088336,0.0007472716275617946,0.0008426781151154219,0.0008413749656863805,0.000821734077581525,0.2714204424175848,0.24069071229071842,0.24106350204212418,0.24682534324957273,0.0006163483684041832,0.02482636438152359
2022-08-12,0.0107044756707901,0.0001145857993865,6.100837149740651e-05,0.0002951725658276,0.0007350812312744,0.0006009803452569,0.0006797384061391,0.0007438255629394468,0.0008379243922944373,0.0008336762765691669,0.0008171385136157566,0.2709876941046722,0.24055580189655326,0.24178158810825556,0.24667491589051896,0.0005697965844848788,0.023870412323311024
2022-08-16,0.0381184540392954,0.0014530165383458,0.0005563286286558,0.0002843373598411,0.0007092431887445,0.0005894729139034,0.0006635389906319,0.000742781086448001,0.0008417212787073327,0.000836031921944154,0.0008202957232728041,0.27200380531176105,0.24003109715574825,0.24166455457541297,0.2463005429570777,0.0005534659874522267,0.023525857847318272
2022-08-17,0.0109616949236998,0.0001201587556002,9.41962076923505e-05,0.0003544581105514,0.0009428093458089,0.000718685408928,0.0007939504729234,0.0007247545987107771,0.0008288274334903556,0.0008292966888292586,0.0008092624942573093,0.2744277248832201,0.23996883740355107,0.2398330516713291,0.24577038604189988,0.0006910120244953821,0.02628710757187603
2022-08-18,0.0470690124576055,0.0022154919337342,0.0012479190287557,0.0003404001492543,0.0008494249466043,0.0006837131968087,0.0007414575252197,0.000724789142618725,0.0008292829455325968,0.0008273348934741163,0.0008096842518572759,0.27433350108875054,0.23976610651025737,0.24033066248514176,0.2455697299158503,0.0006434432466872072,0.025366183132020614
2022-08-19,-0.0074636312518331,5.5705791463341096e-05,0.0012134523980224,0.0004529056563231,0.0011796204368579,0.0008526677527996,0.0009272479486646,0.0007589791976663619,0.0008351873818978682,0.0008350969248702431,0.0008200738232634334,0.26715781802402516,0.2427805194008141,0.24280681719152106,0.24725484538363973,0.000843686240628675,0.029046277569228642
2022-08-22,-0.0254307866308797,0.0006467249086653,0.0009860378669906,0.0004290736644315,0.0009959610975048,0.0008054003428456,0.0008343358531009,0.0007500455861511653,0.0008431361883179947,0.0008382693147518407,0.0008226548531398591,0.27055670495572237,0.2406845598223881,0.24208194047484316,0.24667679474704646,0.0007565853870256688,0.02750609726998123
2022-08-23,-0.0068890580502315,4.7459120819459954e-05,0.0008612133123309,0.0004421327390856,0.0009837246467047,0.0009718722862946,0.0009339541576803,0.0007472451235485305,0.0008349090170882748,0.0008229763737479201,0.0008106282511823808,0.2684714708146558,0.24028246584015783,0.24376641150041295,0.24747965184477347,0.0008231162800240028,0.02869000313739967
2022-08-24,0.0337404620616021,0.0011384187801304,0.0010681359643862,0.0004184523219896,0.0008632035255564,0.000889704730732,0.0008366086607976,0.0007469411408472683,0.0008382406638718971,0.0008208263299135979,0.0008114135056326018,0.26870077213782106,0.2394344129764602,0.24451416088016148,0.24735065400555722,0.0007436001965033218,0.02726903365547305
2022-08-25,-0.0220294603081157,0.0004852971214668,0.0005536735014194,0.000461650309478,0.0009869651051844,0.0009417191667491,0.0008778999513828,0.0007425828720299506,0.0008340479982154014,0.0008191593716449727,0.0008079811631096174,0.2691128144819128,0.23960079888163915,0.24395566185947642,0.24733072477697152,0.0008075829956277613,0.028418004779149453
2022-08-26,0.0235914947223506,0.0005565586232347,0.0003329191643662,0.0004630691181974,0.0009474414144721,0.0010406219975777,0.0009190585886936,0.000736648641711691,0.0008241126869202939,0.0008069349003279679,0.0007988049226761071,0.2681716836064106,0.23971030856524853,0.24481318925964016,0.24730481856870073,0.0008333391064353464,0.028867613452368147
2022-08-29,0.0009709965592901,9.42834318153377e-07,0.0006200037485439,0.0004686784884996,0.0009343253813733,0.0009987028941175,0.0008722621161712,0.0007323320879719517,0.0008177579104457357,0.0008006485426302254,0.0007930992539875306,0.2678387098298096,0.23985935092020608,0.2449849979930175,0.24731694125696668,0.0008100293462659785,0.028461014498186436
2022-08-30,0.0163332153617703,0.0002667739240539,0.0003644814226296,0.0004406143492487,0.0008213967744651,0.0008441898555782,0.000781887304423,0.0007347549137615237,0.0008264492630536088,0.0008106047203929934,0.0008009622606487087,0.269337155291605,0.23945426193237526,0.2441347716469181,0.24707381112910165,0.0007146407475859602,0.0267327654309456
2022-09-01,0.0121040449572436,0.0001465079043269,0.000128175798326,0.000430183923737,0.0007955835225734,0.0008081753691114,0.0007487769789106,0.0007313718005701018,0.0008228694594041358,0.0008068909945419926,0.0007981079895744569,0.2694258901936032,0.23946750748750384,0.24420956456819537,0.2468970377506977,0.0006886540627629781,0.026242219089912693
2022-09-02,0.0372025059130759,0.0013840264462124,0.0006919849256614,0.0004131633625724,0.0007557512917676,0.000758618753333,0.0007136550759791,0.0007307797869487819,0.0008240170038131854,0.0008075466197891258,0.0007991754291001677,0.26981771947056216,0.23928794507547094,0.24416836219460922,0.24672597325935766,0.0006536289115771348,0.025566167322794688
2022-09-05,-0.0027603597825759,7.619586129262824e-06,0.0004476715068914,0.0004714151475908,0.0009610293161404,0.0008561626626437,0.0008205952133798,0.0007374889787923005,0.00082182274181051,0.0008046445161850223,0.0007982616286539423,0.2675377033371401,0.24008353332723703,0.2452090378469388,0.24716972548868418,0.0007696137561305754,0.027741913346605626
2022-09-06,0.0263198985840242,0.0006927370614733,0.0002673629350969,0.0004435874139031,0.0008405346596275,0.0007614449972585,0.0007489008072829,0.000739901108496398,0.0008305975078696579,0.0008116894056383296,0.0008048477248316105,0.26869668923526896,0.23935657924666676,0.244932331053576,0.24701440046448825,0.0006918697524348627,0.026303417124679117
2022-09-07,0.0109848441131064,0.0001206668001892,0.000203377217777,0.0004585363927573,0.0008882437766154,0.0007966655586611,0.0007714376018874,0.0007401878352255363,0.0008291230005774684,0.0008091800479406054,0.0008029105486140125,0.2681428969993395,0.23938077983943307,0.2452805293039225,0.24719579385730497,0.0007216844449838181,0.026864185172526974
2022-09-08,-0.0031570687791529,9.967083276302344e-06,7.91858958176426e-05,0.0004382642172032,0.0008129719229972,0.0007441549988428,0.0007262683428758,0.0007387471457955614,0.0008296818376653842,0.0008075360253817648,0.000801938644884604,0.26835436307192967,0.2389422195127377,0.24549495446652364,0.24720846294880913,0.0006740894088349264,0.025963231864213794
2022-09-09,-0.0033556334161805,1.1260275623787756e-05,0.0002592518018088,0.0004125663891676,0.0007418051976204,0.0006804427211653,0.0006856802171355,0.0006463181376424818,0.0007663819840180817,0.0007447379645946725,0.0007346734276137344,0.2784802857991045,0.23485267587341505,0.24167810457438152,0.2449889337530989,0.0006215387140187398,0.02493067817005265
2022-09-12,0.0036443357365755,1.3281182960881556e-05,4.218582400780578e-05,0.000388488022355,0.0006943798153843,0.0006331248115112,0.0006585547300887,0.0005766137115093692,0.0007413085022907195,0.0007238117436386127,0.0007179416423174954,0.29606683944595186,0.23029035633646208,0.23585718337420983,0.2377856208433763,0.0005808492761797932,0.024100814844726582
2022-09-13,0.0262137779454969,0.0006871621541758,0.000643422594257,0.0003659756119913,0.0006629928871289,0.0005832765421157,0.0006384952053213,0.0005695339108326478,0.0007173568314989442,0.0007019924001130466,0.0006941942908065328,0.2919137905027867,0.23176025574836814,0.23683276728389258,0.2394931864649524,0.0005515429780343337,0.023484952161636048
2022-09-14,0.0045736163089154,2.0917966141177413e-05,0.0002678759834183,0.0003852468045224,0.0007682805933723,0.0006496981310474,0.0006960961141431,0.0005374815110219585,0.0007062160624266912,0.0006902873145409269,0.0006822638082117398,0.3005260868195144,0.22872209206093536,0.23399997630362368,0.2367518448159266,0.0006083308456909455,0.024664363881741314
2022-09-15,0.0482554625694756,0.002328589667794,0.0009966042197319,0.0003633870742195,0.0007139233649016,0.0006002853039289,0.0006647201272713,0.000528890348773867,0.0006878085107721536,0.0006613275733652605,0.0006544089834306154,0.29613083364490306,0.22770980212693473,0.23682777824030773,0.23933158598785448,0.0005714302225176195,0.023904606721668095
2022-09-16,-0.0124819357087221,0.0001557987190366,0.0016425819211967,0.000481299229834,0.0011100596977113,0.0007874112213961,0.0008872377780714,0.0005784239335036793,0.0007034873532279865,0.0006774565449370408,0.0006688778620231994,0.282421388349848,0.23221354244011225,0.24113619032209813,0.24422887888794162,0.000800262521416704,0.028288911633654344
2022-09-19,0.0204395992658929,0.0004177772181502,0.0003785634972651,0.0004617691991862,0.000968130222205,0.0008066981511159,0.0008347709888073,0.0005723512801806256,0.0007114449647715873,0.0006811484181943783,0.0006736794158214255,0.28617582729689495,0.23022596155798783,0.2404660962794544,0.24313211486566277,0.0007519790851297433,0.027422237055531106
2022-09-20,0.0146853127567511,0.0002156584107635,0.0001297786733701,0.000459129680324,0.0009221699438163,0.0008008092366484,0.0008005336872307,0.0005705447748442238,0.0007149809959933696,0.0006829838669396883,0.0006757708374321099,0.28755099046712995,0.2294616444796018,0.2402116990660773,0.24277566598719091,0.0007303396725535085,0.027024797363782556
2022-09-21,-0.0520409534943285,0.0027082608405988,0.002221239704443,0.0004445214041504,0.0008535008379348,0.0007660865458797,0.0007560025549411,0.0005635410030575674,0.0007070705512644866,0.0006659221959305238,0.000663424370675673,0.2863108420228192,0.22819207901000887,0.24229241807196022,0.24320466089521167,0.0006915137348285457,0.02629664873759669
2022-09-22,0.0207173728044388,0.0004292095359181,0.0004376606033777,0.0005803457703373,0.0012747140335313,0.0013396671604627,0.0014478262322741,0.0006341934498426103,0.0007443924284541252,0.0007070758688009849,0.0007069723830960397,0.27427762612875245,0.23367388930925287,0.2460062372432542,0.24604224731874053,0.0011428361434138493,0.03380585960175912
2022-09-23,-0.011365874104857,0.0001291830941674,0.0001814217419905,0.0005712775962721,0.001129663934136,0.0012023285343948,0.0012168241855862,0.0006282016929298475,0.0007434903475885743,0.0007044156147900388,0.0007101030039998424,0.27613598481974644,0.23331720943687095,0.24625957957266517,0.24428722617071746,0.0010146598627887198,0.03185372604246982
2022-09-26,-0.0242696128551218,0.0005890141081374,0.0004431459407934,0.0005447519261458,0.0009762724475117,0.0011110807932905,0.0010506057770831,0.0006256053967979824,0.0007482779747372878,0.0007092554301151186,0.0007174640484209461,0.27854477330652055,0.2328801853236564,0.24569302684386357,0.2428820145259594,0.000907250361061655,0.030120596957259247
2022-09-27,-0.0075853052647899,5.7536855960050254e-05,0.0005885823473672,0.0005474076570653,0.000959719916465,0.0012039398933209,0.0010645144851446,0.0006200043599738656,0.0007437135377681058,0.0007044632155634747,0.0007137146431259779,0.2791370412146661,0.23270543535172358,0.24567099993271918,0.24248652350089112,0.0009300373288782599,0.030496513388882013
2022-09-28,-0.0029123710516546,8.48190514251616e-06,0.0002526432979293,0.000518015408999,0.0008490140041798,0.0010683446201723,0.0009277787915962,0.0006200892075572852,0.0007492640815605384,0.0007155651782326636,0.0007219797731358763,0.2814488328531406,0.23292639808428584,0.24389585888300605,0.24172891017956752,0.0008283883910796559,0.02878173711018249
2022-09-29,-0.0222390438172072,0.0004945750699036,0.0013973036095441,0.0004874433987676,0.000765667958333,0.0009190871212723,0.0008217090008605,0.000622513055521022,0.0007555408577018352,0.0007260853388185971,0.0007300103110665557,0.2829629839264412,0.23314179495096138,0.24259979138265328,0.24129542973994403,0.0007376826111196775,0.027160313163137082
2022-09-30,-0.0043167931792837,1.8634703352710738e-05,0.0007078453968675,0.0004878712990358,0.0008009546827616,0.0010250456176838,0.0008835646145527,0.0006199319895295406,0.000752754248278693,0.0007237324334125959,0.0007277964946721324,0.28313204947473425,0.23317386136552815,0.24252417969277856,0.24116990946695904,0.0007865812426105551,0.028046055740701847
2022-10-03,-0.0903223513152355,0.0081581271471128,0.0040982331705131,0.0004597171032948,0.0007353806391054,0.0009021382698371,0.0007945647497565,0.0006189737420752773,0.0007544052941565043,0.0007296164175390824,0.0007314845425871585,0.2844932024816149,0.23342071363896527,0.24135123319863092,0.24073485068078887,0.0007114510748578826,0.026673040225251462
2022-10-04,0.0251459474401228,0.0006323186726614,0.0009684447896682,0.0009216217059239,0.0022171078768307,0.0023385344601176,0.0029726145603764,0.001169606949854682,0.0012174925629301553,0.0011849492801891013,0.0011974552171116182,0.25481181635811584,0.24478972635387217,0.25151259745901183,0.24888585982900022,0.002105577938459007,0.04588657688757146
2022-10-06,0.0145035310625068,0.0002103524132811,0.0004154685032491,0.0009042635239281,0.0017989536808911,0.001922960028362,0.002270671148652,0.0011682112416637463,0.0012314066893760417,0.0012019537581574025,0.0012320068024084284,0.25847638428448383,0.24521144836295652,0.2512201619874546,0.24509200536510506,0.001714464478902767,0.04140609229211043
2022-10-07,-0.0022551784441442,5.085829814932777e-06,0.0002313375921676,0.0008626288572893,0.0014397797705214,0.0015683216274676,0.0017508318338728,0.0011703256339155256,0.0012460729320845432,0.0012200808569391047,0.0012582162382511577,0.26119361025811166,0.24531595994837757,0.25054206511107163,0.24294836468243933,0.001396806372245376,0.0373738728558518
2022-10-10,-0.0096109337351664,9.237004726176064e-05,0.0001419283791288,0.0008111762756408,0.0011607288289697,0.0012628207132179,0.0013780417440466,0.001171968465834075,0.0012578610484271283,0.0012342850505679824,0.0012762711478302284,0.26319233022366645,0.24522033801525672,0.24990427562059864,0.2416830561404782,0.0011467633257578043,0.033863894131623495
2022-10-11,0.0084966373117256,7.219284560700877e-05,0.0002634098954526,0.0007680479019381,0.0009901796876589,0.001134598786577,0.0011496384083555,0.0011738356057680633,0.0012607539675334606,0.0012403337025615102,0.0012835272202564455,0.2637141731493648,0.24553330321381114,0.24957564689979642,0.2411768767370277,0.001006101633720606,0.031719105184740096
2022-10-12,-0.0154829024580665,0.000239720268526,0.0008034919000639,0.0007262965985582,0.0008721631757913,0.0009823012908336,0.0009772173885708,0.0011757861869849686,0.001262705001752684,0.0012453386558855346,0.001288129900111778,0.2639845998386228,0.24581311203818346,0.24924099529079147,0.2409612928324022,0.0008864215781120236,0.029772832886912584
2022-10-13,0.0030972260159576,9.592808993924977e-06,0.0001887834521658,0.0006971020187563,0.0008245161949835,0.0009932835737505,0.0009187716131312,0.001176868471015533,0.0012633701382532671,0.001247643239512351,0.0012900019059856002,0.264054007701379,0.24597449860473777,0.24907507728772438,0.24089641640615878,0.0008556135114814201,0.02925087197813802
2022-10-14,-0.0074963877708682,5.619582961122363e-05,0.0004143995250635,0.0006558514661705,0.0007494674469431,0.0008510810205569,0.0008142913140127,0.001179327971368033,0.0012652213568996196,0.0012522189477350565,0.0012931831541509308,0.2641407807474171,0.2462087834794069,0.24876529114805293,0.2408851446251231,0.0007656326855102417,0.027670068404509623
2022-10-17,0.0009655276334475,9.32243610950784e-07,0.0003477019952665,0.000619872127977,0.0007079346464694,0.0008045181230183,0.0007579907710433,0.0011809513703467227,0.001265808528075249,0.001254502028789559,0.0012946315012627577,0.26409446732227043,0.24639012628510465,0.24861077617080596,0.24090463022181902,0.0007207482678080017,0.026846755256604134
2022-10-18,0.0220729728672266,0.0004872161311973,0.0001752367037033,0.000582735734915,0.0006697573119454,0.0007016004105641,0.0007045161918468,0.0011831490352985404,0.0012672152315247984,0.0012574933616653233,0.0012966597792621853,0.2640613495720802,0.24654369931294773,0.2484497656449559,0.24094518547001606,0.0006630646720266599,0.02575004217524041
2022-10-19,-0.0021489312876852,4.617905679192432e-06,8.474375954602613e-05,0.0005770045586919,0.0007353339800662,0.0007258330080991,0.0007196766323255,0.0011821945539631051,0.00126452904635017,0.001255658594563148,0.0012943611942305582,0.26387139538306836,0.2466905188685757,0.2484332348929903,0.24100485085536566,0.0006874215207605175,0.026218724621165642
2022-10-20,0.0240728785833891,0.0005795034832905,0.0004755865332638,0.0005426613595112,0.0006888003347546,0.0006572328667714,0.0006797461605385,0.001184493059736683,0.0012673776781335607,0.001258853277913736,0.0012970724387618194,0.2639402206840203,0.24667892213945397,0.24834932320604736,0.24103153397047825,0.0006402062805692214,0.025302297930607436
2022-10-21,-0.0135555393745155,0.000183752647734,0.0002927919090462,0.0005448718869379,0.0007653872211585,0.000700125339712,0.0007126539208007,0.0011836261845768322,0.0012643915739059953,0.0012568750807241743,0.0012944710450856494,0.2636981236718579,0.24685391016770272,0.2483301712227093,0.24111779493773014,0.0006783163099876679,0.02604450633027372
2022-10-24,-0.0006342798543574,4.02310933643732e-07,9.122582995784702e-05,0.0005232047325857,0.0007425067554544,0.0007477197396208,0.000724252201451,0.0011845022060831924,0.0012662296873668388,0.0012585734625651668,0.001295965492439242,0.2638108417218579,0.24678344468295105,0.24828469159941843,0.2411210219957725,0.0006815452516587924,0.026106421655577243
2022-10-25,-0.0028137467519489,7.917170784103214e-06,8.513862653377387e-05,0.0004918365872866,0.0006928145281862,0.0006602559713189,0.0006816848908926,0.0011856764256727354,0.001266645876343444,0.0012602790197125211,0.0012966355406105075,0.26376136934305233,0.24690060850789836,0.24814793608525976,0.2411900860637895,0.0006290406144215373,0.0250806820964171
2022-10-27,0.0073956469671313,5.4695594062439205e-05,0.0001096852064343,0.0004628014222964,0.000660939032163,0.0006126127982678,0.0006549302714786,0.0011866865306500612,0.0012669061146868377,0.0012613873227026767,0.0012970726918929596,0.2636883583605863,0.24699180115101327,0.24807243383838248,0.2412474066500179,0.0005952544466948686,0.024397836926557007
2022-10-28,-0.0005113682043361,2.6149744040601914e-07,0.0002632222353312,0.0004383150726024,0.0006483567366702,0.0005838029799461,0.0006404158258947,0.001187220915290069,0.001266545888792943,0.0012616667470646719,0.0012968451967430813,0.26358576376487697,0.24707713670967363,0.2480326381292257,0.2413044613962238,0.000575065128445335,0.0239805156000728
2022-10-31,0.0072405420010136,5.242544846844258e-05,3.708797554802849e-05,0.0004120318580927,0.0006297260512631,0.0005334698605094,0.0006248828574097,0.0011881987434924847,0.0012671180065731303,0.0012627099015938778,0.001297437845091809,0.2635384606602483,0.24712462942998853,0.24798733851947238,0.2413495713902908,0.0005473160393785871,0.02339478658544649
2022-11-01,0.0659620983451445,0.0043509984180945,0.0019454795230339,0.0003904554735152,0.000627024638045,0.000519868231999,0.0006198317483314,0.0011828859179984557,0.0012670821615193891,0.0012606946228345538,0.0012972670046448788,0.26429426621713076,0.24673219717740852,0.2479823107463247,0.24099122585913607,0.0005361944478038883,0.023155872857741473
2022-11-02,0.0013973642245671,1.95262677610027e-06,0.0002773722562989,0.00062808805019,0.0014309305205067,0.00082904060121,0.0010704739725055,0.0012882631024495558,0.0013516137678709845,0.0013525461818488258,0.0013811991636922928,0.2605309440610089,0.24831975691459823,0.24814857103168453,0.2430007279927083,0.0009848158868169354,0.03138177634897259
2022-11-03,0.0027053702309443,7.319028086479988e-06,0.0001470278210098,0.0005905199247851,0.0011542142828012,0.0007219027109486,0.0009161977816449,0.0012905250544856133,0.0013614108621222158,0.0013553608829568247,0.0013859687896553288,0.2610126970510462,0.24742231346542565,0.24852674244839368,0.24303824703513457,0.0008417947982212253,0.029013700181487113
2022-11-04,0.0654493216158719,0.0042836136999778,0.0021033866915327,0.0005555278709832,0.0009698744362492,0.0006473993018851,0.0008123084617457,0.0012922195391202815,0.0013663339339167432,0.0013566250197814495,0.0013883590723055492,0.261162401976991,0.24699610420333531,0.2487637731851801,0.2430777206344936,0.0007431417828987404,0.027260626971857056
2022-11-07,0.0326825692627201,0.0010681503336125,0.0008824228807051,0.0007792130207229,0.0016479423269227,0.0009418582930001,0.0011936767670803,0.0013787088485673641,0.0014296131486690059,0.0014343575385891267,0.0014570790101825755,0.2582771225822306,0.24908063738652936,0.24825675935506145,0.24438548067617852,0.0011372633801238659,0.03372333583920585
2022-11-09,0.0091985053527803,8.46125007251287e-05,0.0002488749943309,0.0007965492594963,0.001499415526071,0.0009765878605876,0.0011122384532481,0.0013744175550643224,0.0014301958190366907,0.0014324469667309386,0.0014557085536719585,0.25875591419746885,0.24866432009936892,0.24827353417581677,0.24430623152734549,0.001093150678835295,0.033062829262410304
2022-11-10,-0.0012391112509331,1.5353966921892043e-06,0.000103984622391,0.00075383305397,0.001215579420434,0.0008705392727231,0.0009532068041908,0.0013773211279035581,0.001438922356388423,0.001435471735029006,0.0014596913863572833,0.2590506021989871,0.24796047265561516,0.24855652598244662,0.24443239916295104,0.0009460693976358294,0.030758241133651148
2022-11-11,0.0041494897139496,1.7218264886173756e-05,0.0001220449125671,0.0007086951945333,0.0010098929950468,0.0007576035656855,0.000837015364729,0.0013801692567216419,0.0014437600740829287,0.0014373478314767254,0.0014619434432815719,0.2590513279588094,0.24764133956867385,0.24874610788839788,0.24456122458411866,0.000826832126256775,0.028754688769951502
2022-11-14,0.003411595321579,1.1638982638219806e-05,0.0001716495032733,0.0006672065787545,0.000875062915415,0.0006812274716725,0.0007597418842775,0.0013828567013974774,0.0014472213469833742,0.0014391532120106715,0.001463952342673935,0.2589994165349632,0.24748051122930617,0.24886792860158297,0.24465214363414772,0.0007447752826491813,0.027290571314085407
2022-11-15,0.0087248782371948,7.612350025387575e-05,4.078915887323903e-05,0.0006278725229875,0.0007837073857402,0.0006194666703895,0.0007068327852223,0.0013772043980881583,0.0014483282300752646,0.0014374303415688823,0.0014635901683322356,0.25974222111836065,0.24698692041292586,0.24885945353217045,0.244411404936543,0.0006835686085747153,0.02614514502875659
2022-11-16,-0.0252558624180099,0.0006378585864774,0.0012311286660261,0.0005947675816235,0.0007346039030067,0.0005952155469729,0.0006778210438288,0.001378713458525489,0.0014473147589208442,0.0014370649884258267,0.0014632701378199614,0.2594565274482443,0.24715854245962707,0.24892138433281838,0.24446354575931026,0.000649744375012688,0.025490083856525226
2022-11-17,0.015436592676913,0.0002382883934729,0.0004055872582456,0.0005973530419147,0.0008070046014632,0.0007891927454302,0.0008255440899922,0.0013573069885968701,0.0014365840347061168,0.0014234044821453034,0.001450852561626277,0.26083079596635633,0.24643700170233582,0.2487188052638716,0.24401339706743622,0.000752414758334371,0.027430179699272313
2022-11-18,0.0004104839419816,1.684970666247597e-07,7.794489540296187e-05,0.0005758091630082,0.000780604317091,0.0007609279064932,0.0007753268384923,0.0013571299088318103,0.0014311223760941898,0.0014214614921778507,0.001448468575519027,0.26041792399215963,0.24695369127705424,0.24863209829494945,0.2439962864358367,0.0007210921157874314,0.026853158395008795
2022-11-21,-0.0044753551424048,2.002880365064989e-05,0.0002196959043679,0.0005412707230517,0.0007182886114869,0.0006664096238089,0.0007161732924256,0.0013588726055013363,0.0014339560051074948,0.0014247031469180266,0.0014517193567386282,0.26058794367548754,0.24694329304614898,0.2485470876866951,0.2439216755916684,0.0006587495404764502,0.02566611658347344
2022-11-22,0.0080016103044845,6.402576746483264e-05,0.0001031024371827,0.0005099962078876,0.0006802718600326,0.0006322678737244,0.000681612045092,0.0013595833390693942,0.001431693420972225,0.0014221463349133729,0.001449989018019618,0.26019361539847013,0.24708844732118992,0.24874718989416658,0.24397074738617336,0.000624353331739355,0.024987063287616552
2022-11-23,-0.0329360346997021,0.0010847823817399,0.0008175146721057,0.0004832379814623,0.000663054774726,0.0006020607388534,0.0006594668777991,0.0013576238389516446,0.0014334618871201515,0.0014236751284815092,0.0014516565973904405,0.26069342334690404,0.24690130192767698,0.24859857358831916,0.2438067011370997,0.0006001399356857329,0.024497753686526708
2022-11-24,0.0045498534657645,2.0701166559929552e-05,0.0003117246863602,0.0005193306454789,0.000842851128835,0.0008928274966673,0.0009360182175395,0.0013598397318506335,0.0014330326951270999,0.0014238196947442812,0.0014518101855997216,0.2603732592037706,0.24707454629660616,0.24867327252438476,0.24387892197523844,0.0007937643222589583,0.02817382335180936
2022-11-25,-0.0051135857165313,2.614875888031371e-05,0.0002597971055031,0.0004894128767438,0.0007638303903668,0.000784615776654,0.0008271419028283,0.0013613090320770363,0.0014360716296096196,0.0014268966230587513,0.0014558592421632095,0.2606182592722008,0.24705034411680799,0.24863888843672305,0.24369250817426816,0.000712908772262795,0.026700351538187565
2022-11-28,-0.003839677929642,1.474312660338036e-05,6.819164562456946e-05,0.000461617029672,0.0007119230485703,0.0007299043869554,0.0007584287970166,0.0013612835477933949,0.0014341726693606499,0.001424440155838472,0.0014551859028158847,0.26039567337906555,0.2471615542956395,0.24885029015406437,0.24359248217123056,0.0006625475562021996,0.025739999149226863
2022-11-29,-0.0019962940349955,3.9851898741586305e-06,6.189012677559957e-05,0.0004348045954879,0.0006750174429364,0.0006758025415073,0.0007087685604733,0.0013623206282014416,0.0014352092069907362,0.0014254813919295126,0.0014568326790620556,0.260414593289526,0.24718916977049454,0.24887604589688853,0.24352019104309106,0.0006208769827836485,0.02491740321108218
2022-11-30,0.0101331516126398,0.0001026807616047,0.0001258045813391,0.000408955431151,0.000648281466674,0.0006174628645845,0.0006721866113807,0.0013629635781246153,0.0014353774950415562,0.001425560513413578,0.0014575989323099181,0.26036820703466274,0.2472327902003093,0.24893533438303114,0.24346366838199685,0.000584116771115291,0.024168507837996348
2022-12-01,-0.0007148634281162,5.110297208581373e-07,4.231645925580175e-05,0.0003905789509783,0.0006488728823694,0.0006000363707887,0.0006571683374887,0.001357764166830197,0.001434813946451977,0.0014248229859382218,0.0014568837633064703,0.26101483962870925,0.24699829349662203,0.24873026316699107,0.24325660370767752,0.0005713251391511882,0.023902408647481287
2022-12-02,0.0018883740696511,3.565956626930725e-06,0.0001454287148394,0.0003671748757028,0.000630118539644,0.0005478034983862,0.000636294143375,0.001357377733131353,0.0014319732692726016,0.0014227124197424004,0.0014555691179999142,0.2607884635506138,0.24720325517036776,0.24881237316058197,0.24319590811843642,0.0005425667463197811,0.023293062192845774
2022-12-05,0.0020118945105869,4.047719521730013e-06,0.0003995766999386,0.0003453583405582,0.0006181294100449,0.0005088837675865,0.0006223969443216,0.0013578082493685415,0.0014341290658092863,0.0014244186619973359,0.0014578413152584258,0.2610010654607253,0.24711123163560444,0.2487958135002407,0.24309188940342957,0.0005207934147656326,0.022820898640623963
2022-12-06,0.0254717802167592,0.0006488115874108,0.0004981008923255,0.0003248797032961,0.0006101893406356,0.0004784515325596,0.0006130384210311,0.0013578225927420584,0.0014328962078708353,0.0014232357300224196,0.0014576060919416964,0.26087938024235513,0.24721114797279647,0.248889139726724,0.24302033205812437,0.000503662214011555,0.022442419967809955
2022-12-07,-0.0080936271217458,6.550679998585942e-05,0.000120010816617,0.0003443156163429,0.0007257242052739,0.0005563532499824,0.0006748090182388,0.0013573406906660173,0.0014291499073293417,0.0014202463826491045,0.0014546770740205637,0.26051510012610646,0.24742523098565936,0.24897633977742065,0.24308332911081357,0.0005718155148597089,0.023912664319554792
2022-12-08,0.0064055639922077,4.1031250058268214e-05,3.863639063429894e-05,0.0003275870873615,0.0006937765505062,0.0005765811115569,0.0006661115921404,0.0013568291024270082,0.0014285794727418224,0.0014190320194750437,0.001454198119907331,0.2604856490380417,0.2474027634605923,0.24906732514052238,0.24304426236084353,0.0005624760866310298,0.02371657830782151
2022-12-09,-0.0070308442179163,4.943277041660714e-05,0.0005197478639609,0.0003103937371233,0.0006677902308226,0.0005508407939626,0.0006465430143186,0.0013564687419124783,0.001428358846581897,0.0014184599622361692,0.001454051109830483,0.2604943018159796,0.2473834769919852,0.24910987075210742,0.24301235043992778,0.0005403938856012523,0.02324637360108566
2022-12-12,0.0049666067617757,2.4667182726116948e-05,8.988503888396163e-05,0.0002947360791209,0.0006519592463012,0.0005625356363727,0.000642553199153,0.0013562533360843843,0.0014305845045056245,0.001419872867863559,0.00145607949629257,0.2607781757746712,0.24722850678060543,0.24909361878614641,0.24289969865857697,0.0005342436637995941,0.02311371159722285
2022-12-13,0.0107715994072933,0.0001160273537912,8.054777264535281e-05,0.0002785319453372,0.0006367135768607,0.0005334687506644,0.0006288637211319,0.0013558858629737548,0.0014296227119321764,0.0014192502459124553,0.001455655451272576,0.2607401137102016,0.24729170230656203,0.24909901203683774,0.24286917194639857,0.0005156965853641913,0.0227089538588679
2022-12-14,-0.0010842980317655,1.17570222169073e-06,5.910559551090996e-05,0.0002687816698445,0.0006436263171787,0.0005351501966435,0.000629245409372,0.0013321034426375365,0.0014159403988253227,0.0014026373787560716,0.0014412408245499317,0.2621383580132125,0.24661730779519192,0.2489562979324244,0.24228803625917106,0.0005148750215218466,0.022690857663866446
2022-12-15,-0.0029754664075554,8.853400342491156e-06,5.079389140399199e-05,0.0002527253117871,0.0006267289527461,0.0004997944298214,0.0006175710752925,0.0013318886169933317,0.0014130072042678708,0.001401961075212019,0.0014404280343062394,0.26196817414715273,0.2469289810464225,0.24887454818127056,0.24222829662515416,0.0004949428327019062,0.022247310684707627
2022-12-16,-0.0156896799335839,0.0002461660564183,0.0002436294000657,0.0002380929971004,0.0006168501174325,0.000486577182976,0.0006117780225052,0.001332248572272837,0.0014134723398305335,0.001402494533482545,0.0014415652877107228,0.26201210155192495,0.24695583944190116,0.2488888476049821,0.24214321140119194,0.00048395951447130546,0.02199907985510543
2022-12-19,0.0234615580931712,0.0005504447081592,0.0003887575861557,0.0002385773806595,0.0006547146069245,0.0005888622147761,0.0006731151917102,0.0013318781376597867,0.0014113379671710667,0.0014008024545931063,0.0014403600345322997,0.2618363334807269,0.2470946692569971,0.2489530819028118,0.24211591535946433,0.0005338156798269552,0.023104451515388875
2022-12-20,0.021843967705888,0.0004771589251358,0.0002370636755468,0.0002572894203095,0.0007371097411364,0.000640480306233,0.0007050947686864,0.001300042995496663,0.0013909423004988374,0.001378188943997347,0.0014182263417045998,0.26353131778063654,0.24630931394627464,0.24858858813728896,0.24157078013579988,0.0005789072030250464,0.024060490498430124
2022-12-21,-0.0653119617818223,0.0042656523517902,0.0020848035144778,0.000270481590599,0.0007785618225502,0.000674998949443,0.0007190060189676,0.001300206444160531,0.0013870587921346084,0.001373329450088503,0.0014124230489538693,0.2628335697335925,0.2463759308885654,0.24883898112525749,0.2419515182525846,0.0006048411845514317,0.02459351915752261
2022-12-22,-0.0085966726263647,7.390278024488912e-05,0.0004103732587846,0.0005101918362705,0.0015164336877337,0.0015190062356247,0.0018510497531125,0.0013976059870869674,0.0014525538660020276,0.0014428165593075816,0.0014781298387903884,0.2579739921913401,0.24821523279663366,0.24989039228408372,0.2439203827279425,0.0013391119939374996,0.0365938791867916
2022-12-23,-0.0602918151930505,0.0036351029792729,0.0013848141994283,0.000484014492909,0.0012249708504763,0.0013052881406691,0.0014648207767834,0.0013987288199655504,0.0014635897103576745,0.0014532661364534143,0.0014946418395593553,0.2594716868544099,0.24797286001665456,0.24973438605955825,0.24282106706937726,0.0011110122586914812,0.03333185051405759
2022-12-26,0.0202617210171469,0.0004105373385766,0.000415000212127,0.0006730798020908,0.0016972515315145,0.0019577180489687,0.0021826233638083,0.001455311673120532,0.0014917578725533135,0.0014766671090660113,0.001515109317323599,0.25499543535734714,0.24876546019685025,0.25130771274692904,0.24493139169887354,0.0016204324586131425,0.04025459549682672
2022-12-27,0.0141324716363371,0.0001997267545518,0.0002718509060919,0.00065732725428,0.0014091814713418,0.001631487379864,0.0017123628101089,0.0014542193100815796,0.0014970506127287028,0.0014838194198067668,0.0015276810133981122,0.25618994094367864,0.24886022957493156,0.25107931207523476,0.2438705174061551,0.0013463173884095195,0.03669219792284893
2022-12-28,0.0074135174827813,5.496024146750533e-05,0.000161136932216,0.0006298712242963,0.0011767170355867,0.0013668417018763,0.0013716941715271,0.0014554184705521812,0.0015047642206344246,0.0014942831739788508,0.001539532439571687,0.2572968080393263,0.24885927090735319,0.2506047938942091,0.24323912715911133,0.0011310875750238408,0.033631645440326596
2022-12-29,0.0033910087074135,1.1498940053754312e-05,0.0001487676751486,0.0005953765653265,0.0009938766426881,0.0011413732938411,0.0011257449601622,0.0014560501085752278,0.0015083392375781048,0.0014982272985090196,0.0015448586366875923,0.2577521932372654,0.24881677781666114,0.2504961091832382,0.2429349197628353,0.0009601451300991423,0.03098620870805498
2022-12-30,0.0124530511744182,0.0001550784835526,0.0001396424079197,0.0005603439078102,0.0008632630764801,0.0009593214115188,0.0009546286373653,0.0010667732576907824,0.001171702006808607,0.0011783345856762968,0.0012262054304130186,0.27131522328137464,0.24701828871088688,0.2456278786341968,0.23603860937354168,0.0008262368995928828,0.02874433682645823
2023-01-02,-0.0044548880413846,1.9846027461271974e-05,6.447112009278253e-05,0.0005360279823547,0.0008026897959108,0.0008749884341943,0.0008539369065101,0.0010674022579647599,0.0011573180502175951,0.0011622103805670947,0.0011928752453691373,0.2676985037467518,0.24690013890247917,0.24586081154570677,0.23954054580506218,0.0007613559901413562,0.027592680010128705
2023-01-03,-0.0026720196035233,7.139688761613236e-06,9.446043730345788e-05,0.0005050570650611,0.0007367698732684,0.0007921093459256,0.0007748377476907,0.0010657218680279134,0.0011434763846848457,0.0011463145424535882,0.0011678175896664461,0.2649518018789602,0.24693551438198694,0.24632412726041938,0.24178855647863345,0.0006982129709255565,0.026423719854054548
2023-01-04,-0.0010185180476443,1.0373790133772134e-06,0.0001245739604496,0.0004751820224831,0.0006902347797443,0.0007124249731428,0.0007177877134183,0.0010619033828400254,0.001132300814290377,0.0011329511096986203,0.001150142067768589,0.2632688941657625,0.24690093461284177,0.24675921751428803,0.24307095370710774,0.0006457910307779182,0.02541241882973595
2023-01-05,0.0007182764409314,5.159210455971629e-07,0.0001826401536464,0.0004467333438749,0.0006579215722631,0.0006369202228158,0.0006774826030593,0.001059610450576059,0.0011273856971867914,0.001126578970199043,0.0011418580318426652,0.26257683451286634,0.24679145621883392,0.24696818002900964,0.2436635292392902,0.0006020480805147538,0.024536668080950882
2023-01-06,-0.0014501801270036,2.103022400756326e-06,0.0001244802903646,0.0004199602985052,0.0006361803074519,0.0005734885148968,0.0006499623427254,0.0010573658634173162,0.0011243471658504262,0.0011212129935742768,0.0011367188221725907,0.2622144047505748,0.24659337338200132,0.24728268586657415,0.2439095360008498,0.0005673432814946686,0.02381896894272858
2023-01-09,0.008086530506933,6.539197563955824e-05,0.0001152787403347,0.0003948888619389,0.000621915398658,0.0005330762352858,0.000631852949911,0.001056875917704791,0.00112436250777808,0.0011195398565477027,0.0011358080863254998,0.2621568224636054,0.2464216215029475,0.2474831339887981,0.24393842204464902,0.0005428367991761535,0.023298858323449103
2023-01-10,-0.0555714571245024,0.0030881868469404,0.0024752953237844,0.0003751190487609,0.00062422344775,0.0005231706974689,0.000625920672924,0.0010540011196233262,0.0011217328940019266,0.0011139513040672269,0.0011320915192334915,0.2619980602765598,0.24617825718335354,0.2478979537636668,0.24392572877641985,0.0005343218052790877,0.02311540190606877
2023-01-11,-0.0030482534848458,9.29184930787501e-06,0.0003013058498842,0.0005379031166517,0.001192355578123,0.0011830701145928,0.0014642286173275,0.0011079730111416277,0.0011625229117907612,0.0011575888436044508,0.0011717929170254383,0.2593528168803287,0.2471830176872086,0.24823660236064848,0.24522756307181431,0.0010869872596771205,0.03296948983040412
2023-01-12,0.0031306077657657,9.80070498307253e-06,0.0001218356538065,0.0005061864406111,0.0009957914195079,0.0010030323263399,0.0011851471951588,0.0011071931094483814,0.0011689550790848675,0.0011628465146693678,0.0011827201825201973,0.26072584477842803,0.24695034390866077,0.24824760202842627,0.24407620928448487,0.0009161535254618576,0.030268028106598843
2023-01-13,0.0200730043021739,0.000402925501715,0.0002334447498632,0.0004764032964734,0.0008642272886001,0.0008583416139962,0.0009946688754398,0.0011089775298327668,0.0011756290161835266,0.0011695673661312066,0.001192083902696217,0.26165782860439374,0.24682331622700218,0.2481025555517709,0.24341629961683306,0.000793041462413834,0.028160991857777914
2023-01-16,-0.0276139397550925,0.0007625296687978,0.000524613084478,0.0004719946287879,0.0008497915429477,0.0008391279728715,0.0009072273606547,0.001106553524885674,0.0011733503908237487,0.0011673368697346397,0.0011909568499169118,0.2617711000678626,0.24686891124648272,0.24814065331384633,0.24321933537180837,0.0007622186652897119,0.027608307903414
2023-01-17,0.0053862935563979,2.9012158275694084e-05,0.000221844710637,0.0004894267311885,0.000907525853116,0.0010282249634213,0.0010151525783443,0.001107178813272752,0.0011733196297380268,0.0011673356236150385,0.0011910330385113007,0.26166425465285814,0.24691406467574017,0.24817979772198773,0.24324188294941398,0.0008542586660868303,0.029227703742970134
2023-01-18,-0.0117883948466527,0.0001389662530605,0.0004096875101517,0.0004618018568137,0.0008087075903165,0.0008883819414459,0.0008815995059036,0.0011077926246040731,0.0011763943836056432,0.001172548030022573,0.0011958701037387601,0.26227395402689074,0.24697937693838506,0.2477895527155028,0.2429571163192214,0.0007551753333593996,0.02748045365999986
2023-01-19,-0.0377226919338878,0.001423001486739,0.0003665444526825,0.0004424317205885,0.0007631282572357,0.0008785796968072,0.000826324647182,0.0011065198477102005,0.001175670441343903,0.0011725703496831762,0.0011960620370281491,0.2624680077435465,0.2470301623176,0.2476832712303025,0.24281855870855104,0.000722896322715315,0.026886731350525207
2023-01-20,-0.0021388678309044,4.574755598077869e-06,3.9938341814876137e-05,0.0005012659065576,0.0009732758370232,0.0012036886394774,0.0011420011616276,0.001111984033662479,0.0011754318886252322,0.0011716521289190816,0.0011953794662184266,0.26141532858662386,0.24730456469318923,0.24810237131659102,0.24317773540359597,0.0009480814109675086,0.030790930660951264
2023-01-23,-0.0057452843421642,3.30082921723177e-05,6.877396416988774e-05,0.0004714644375,0.0008481667149117,0.0010079189898242,0.0009656786509882,0.0011125845376091623,0.0011794720440853966,0.0011796378340533222,0.0012018692473016036,0.2623184879793711,0.24744248506642214,0.24740770873043297,0.24283131822377377,0.0008174102657277373,0.02859038764563603
2023-01-24,0.0016428099094581,2.698824398613899e-06,0.0001823609095535,0.0004451570687803,0.0007696976137724,0.0009044813469933,0.0008541145582656,0.001112587180526265,0.0011811979369958114,0.0011839387327785163,0.0012050550311813867,0.26281798084774616,0.24755200389757934,0.24697892568880214,0.24265108956587234,0.0007381751282246699,0.027169378502731156
2023-01-25,-0.0155326193937254,0.0002412622652303,0.0004052345131486,0.0004186095741174,0.0007114575343311,0.0007788535389918,0.0007697855775029,0.001113084801983969,0.0011829956687628759,0.0011880268190722332,0.0012077986791221933,0.26319918564871153,0.24764504315261407,0.24659629625947482,0.24255947493919952,0.0006651478143419655,0.025790459754373624
2023-01-27,-0.2047641569366337,0.0419283599659703,0.0159403687931341,0.0004079687355842,0.0007171639011657,0.0008328815098279,0.0007787492621044,0.0009889642581726106,0.0010826035594443302,0.0010824040315035297,0.0011096875771391954,0.2689336743960832,0.24567237884685095,0.24571766554427277,0.23967628121279305,0.0006772053201301386,0.026023168910225724
2023-01-30,0.0464862775062822,0.002160973996391,0.0061750943838509,0.0028991922094074,0.0085347262584894,0.0099012098695243,0.0122485077453688,0.005450128225697147,0.005426236466290867,0.005413640463783308,0.005425300474543413,0.2490213916480284,0.2501178346823915,0.2506997877865773,0.25016098588300284,0.008402978116319232,0.09166775941583405
2023-01-31,0.0276319751754985,0.0007635260520993,0.001133982432157,0.0028548991166264,0.0063170492274686,0.0065727528524487,0.008712597289874,0.005450441424686877,0.005486273599417011,0.005504317707943227,0.005578179797049923,0.25247545213579853,0.25082647412694375,0.25000422142269607,0.24669385231456165,0.006097835278469294,0.07808863731983863
2023-02-01,-0.3312435783985686,0.1097223082302886,0.069472331640999,0.0027294167327548,0.004569705070659,0.0045140629893858,0.006170915589957,0.0054358592095810725,0.005516358448909015,0.005535304668922396,0.005654059256232338,0.2545274220327002,0.25081314855836007,0.24995466625629,0.2447047631526498,0.004479217067243302,0.06692695321948626
2023-02-02,-0.310585059245446,0.0964630790264972,0.073676306428337,0.0091489902226068,0.0238223270249772,0.0189755797856572,0.03454230464699,0.01484380300945791,0.014652955574844521,0.014666932639818313,0.014514922393434637,0.24705133550121022,0.25026905586877624,0.2500305583628076,0.2526490502672059,0.02169381681828919,0.14728821004509896
2023-02-03,0.0136739329174156,0.0001869764414299,0.0906866676073842,0.0143878355508402,0.034232533628614,0.0242078020327237,0.0501055895312021,0.018638469409942023,0.01739598785565599,0.01775323994008542,0.016570105918946,0.2355095985491545,0.2523305077428508,0.24725280924046486,0.2649070844675297,0.031285158662767515,0.1768761110573373
2023-02-06,-0.0089256444280522,7.966712845602051e-05,0.0050246416036528,0.0135357840042756,0.0231595480664475,0.0131794035506816,0.034136073962599,0.018728165493182028,0.017941966479802816,0.018021698309059482,0.01777876395415041,0.24175490104482286,0.25234835884082235,0.2512319159886977,0.2546648241256571,0.02112096014623259,0.1453305203535465
2023-02-07,0.1366303093082989,0.0186678414216814,0.022892101945991,0.0127284169917264,0.0157227013992493,0.0079145529477836,0.0233257104048277,0.018808349167959214,0.018187241485326116,0.018100622236313493,0.018314035438888408,0.2438880849982438,0.2522170426038984,0.25342400944367394,0.25047086295418386,0.014917991048932239,0.12213922813302956
2023-02-08,0.1826497278172015,0.0333609230716977,0.0127812728445902,0.0130847824575237,0.0142255973946227,0.0066403897730397,0.0179563029090771,0.018823782341813595,0.018190873865576145,0.01815357466394328,0.018323650349991377,0.24396159961561903,0.2524496670616456,0.25296836220616636,0.250620371116569,0.012963455609236247,0.11385717197101045
2023-02-09,-0.1167843798605939,0.0136385913794234,0.0182387846200256,0.0143013508943742,0.0159768704828018,0.0065285621296487,0.0158728679947636,0.019004782008019305,0.018357620367488992,0.01847828818854079,0.018431076228784912,0.24420783702725585,0.25281690188845146,0.25116594459388647,0.2518093164904062,0.01316841338045489,0.1147537074802156
2023-02-10,-0.0417538866696852,0.0017433870520249,0.0068880028156932,0.0142615853234771,0.0134531690838289,0.0071799843445664,0.0146888133224202,0.01900497379796493,0.018360097913191997,0.018501071482587974,0.018433332422576533,0.24429739970780245,0.2528780457658554,0.25095117786703974,0.25187337665930243,0.012387625856484657,0.11129971184367306
2023-02-13,-0.0725785636897203,0.0052676479072627,0.0075871492453685,0.01351049342719,0.0095331715559721,0.0054777427103397,0.0106160160753287,0.019073506103240715,0.01842208243749285,0.018514243100356573,0.018508783430280618,0.24413590069645233,0.2527687956968931,0.2515105568568596,0.25158474674979503,0.00975662261027494,0.09877561748870486
2023-02-14,0.0184872147839648,0.0003417771104684,0.0091153567865361,0.0130159226959943,0.007568120432215,0.005200555913805,0.0088275863041573,0.019103023863737186,0.01843003567185708,0.018514002466463644,0.018521387644085383,0.24391824955476732,0.252825128773948,0.2516784877006526,0.2515781339706321,0.008617927840652333,0.09283279507077406
2023-02-15,0.0166633175152512,0.000277666150614,0.000625230058451,0.0122554739608628,0.0053286261689775,0.0036332658643104,0.0062042217717543,0.01917285125617962,0.018453412224211173,0.01852443753666509,0.018553540702640006,0.2434648216742402,0.25295672991839,0.25198685805349735,0.25159159035387246,0.00680815390516125,0.08251153801233649
2023-02-16,0.0097883286329816,9.581137742724815e-05,0.0007753901871519,0.0115368054922479,0.003816586562661,0.0026805333688826,0.0044212414939096,0.01923502123203093,0.018464758235108528,0.018529357028481238,0.018569138826285275,0.24297448339004873,0.25311023774809066,0.2522278209473526,0.25168745791450814,0.005558042609749878,0.07455228104994426
2023-02-17,-0.0420031439693009,0.0017642641033058,0.0014793913855905,0.0108503458453586,0.0027697295326054,0.0020306159924826,0.0031948249604911,0.019291490783274846,0.018470924951873698,0.01853225659983345,0.018577452039773918,0.242493095420939,0.253265785417329,0.252427613988621,0.2518135051731111,0.004649695297522939,0.06818867426136792
2023-02-20,-0.0605719007036798,0.0036689551548564,0.0021250851898753,0.0103051809408355,0.0023812714414926,0.0021788224079829,0.0028394928382125,0.01932701272336067,0.01847107610330002,0.018531946479848176,0.018577994220972067,0.2421565919571009,0.2533779573873552,0.2525457074295895,0.2519197432259544,0.0043644057430461455,0.06606364918051488
2023-02-21,-0.0315448690069103,0.0009950787606631,0.0009710320547594,0.0099070073936767,0.0024780917660758,0.002649699207228,0.0031226852510901,0.019345899706645985,0.01847157866380596,0.018532686279158994,0.018578015042062655,0.24198156307426394,0.25343535251077315,0.2525997030099501,0.2519833814050128,0.00448152721624438,0.06694420972903019
2023-02-22,-0.1118454325436734,0.0125094007808814,0.0053448117201036,0.0093722916756959,0.0020417567733394,0.0024331604498063,0.0025791278927572,0.019379995228435514,0.018472351577299213,0.018533687327178746,0.01857979736846274,0.24167042727015547,0.25354496463272463,0.25270587793295485,0.2520787301641651,0.004047700114408172,0.06362153813299527
2023-02-23,-0.0159285780868582,0.0002537195998691,0.0014382782750135,0.009560518222007,0.0039077175695465,0.004169747789068,0.0053774661774518,0.019384146766291854,0.018521513461604997,0.018579080187652454,0.018623750882149227,0.24208761359995726,0.25336276336438635,0.25257772639582227,0.25197189663983405,0.0057127089310683365,0.07558246444161726
2023-02-24,-0.049671090166285,0.0024672171983072,0.0054738242458681,0.0090021103046787,0.0028603674473665,0.0031364500623738,0.0039019091183058,0.01942130764900946,0.01852738589023374,0.018585838476879044,0.01863534914139416,0.24181596398273592,0.25348326303421403,0.2526860564721279,0.2520147165109221,0.00467778497312432,0.06839433436421703
2023-02-27,-0.0974408276797676,0.0094947148989181,0.0080910798685558,0.0086100167182964,0.0025737411232912,0.0031122699311486,0.0035115478050789,0.01943955766076692,0.01852726633440756,0.018585878131577038,0.018636076750658058,0.2416459160523829,0.25354467484851156,0.25274510493040403,0.25206430416870157,0.004404880577730414,0.06636927434988583
2023-02-28,0.1334215437056144,0.0178013083247891,0.0201441622259875,0.0086630986091337,0.0036989766927796,0.0042487522685682,0.0051797624902874,0.019439836505743248,0.018548622221712288,0.018604001077086776,0.018651898626725897,0.24182512763084096,0.2534442120785224,0.25268978025990224,0.25204088003073444,0.005411567333756146,0.07356335591689755
2023-03-01,0.1371268468434033,0.0188037721252141,0.0046157337290167,0.0092113911920731,0.0060096343254932,0.0042884111780007,0.0055786465496078,0.019475550906229815,0.018637588292017324,0.018685978825845304,0.018722767070418207,0.2422819539015364,0.2531751669228155,0.2525195265844866,0.2520233525911616,0.006242100796490327,0.07900696675920629
2023-03-02,0.0270861746716292,0.000733660858342,0.0088053823811533,0.0097869340480615,0.0077452223038928,0.0043615127892867,0.0059546111741669,0.01951483787026762,0.018710634369668307,0.01877969424745601,0.018800453484406215,0.24271108219243892,0.2531430695893936,0.25221216894648163,0.25193367927168586,0.006936240405024671,0.08328409455006802
2023-03-03,0.1564811785122269,0.0244863592285754,0.0054493860015576,0.0092437376566784,0.0055207036055426,0.0032162243260949,0.0043004041416556,0.01954977316460965,0.01873232340893109,0.01878542668358965,0.018812367450769567,0.24251097899348129,0.2530937847778974,0.25237833077231037,0.25201690545631095,0.005534443509644425,0.07439384053565473
2023-03-06,0.0535546093363704,0.0028680961811712,0.0071280982577514,0.0101582949509922,0.0084828663696949,0.0038646454244408,0.0056894051653277,0.019648525494040538,0.018891473576983297,0.01898493576768473,0.018991836932176737,0.24333240998986938,0.2530836486486382,0.2518377264857791,0.25174621487571336,0.007024266896284489,0.08381089962698461
2023-03-08,0.0282178847870314,0.0007962490218541,0.0019222077116137,0.0097208830248029,0.0064148547194362,0.0031578718163537,0.0043463027803895,0.0196710244364967,0.018905206387356443,0.01898526133020695,0.018995172828574214,0.24317828338644729,0.25302902580948866,0.25196208109651447,0.25183060970754956,0.005877248121183982,0.0766632123067119
2023-03-09,-0.0433348269881862,0.001877907230096,0.0024445653136138,0.009185404984626,0.0046413491285803,0.002480312768267,0.0032180738813455,0.01970470683946385,0.01891894330539475,0.018987582269440008,0.01900053356522892,0.24293296143839033,0.25302273544111015,0.2521080735218553,0.2519362295986442,0.00484186076155226,0.06958348052197634
2023-03-10,-0.0295916282269009,0.0008756644611191,0.0014553286822553,0.0087469551193542,0.0036561912337151,0.0025284927177697,0.0028864851893207,0.01972726599296981,0.01892218734913587,0.018987665058065876,0.019001205922834167,0.24273554874398398,0.25306317116877824,0.2521904995363252,0.2520107805509126,0.004413531525916532,0.06643441522220642
2023-03-13,-0.0115631936619218,0.0001337074476631,0.0015921721176065,0.0082746776798601,0.0028084700487387,0.0023163497126221,0.0023863651281921,0.019753390855376158,0.018925410180886577,0.018988738844344488,0.01900280616109141,0.24251142804928957,0.2531212258739345,0.2522770503307968,0.25209029574597924,0.0039035286463161537,0.06247822537745573
2023-03-14,-0.0754385797174257,0.0056909793097824,0.0058114017469516,0.0077862194659283,0.0021015919606879,0.0018888693626238,0.0018437140431394,0.019781305543335535,0.018928392085111267,0.018990723646948177,0.0190048688714141,0.24227479423256387,0.2531916978797578,0.2523606693067355,0.2521728385809428,0.003360121296109119,0.05796655325365757
2023-03-15,0.0563718591859734,0.0031777865080832,0.0029423460747594,0.0076605050565595,0.0026697651319567,0.0027561763187803,0.0030045146509393,0.019783154831853566,0.018934002883054482,0.018997040699639645,0.019011299371295323,0.242316818901715,0.25318424087624847,0.2523441004569613,0.25215483976507524,0.003985319418981149,0.0631293863345839
2023-03-16,0.0026067678382806,6.7952385626944566e-06,0.0006857407975522,0.0073915419436509,0.0025792624693489,0.0024593623177933,0.0025611499190748,0.019791576663831998,0.018934111687655932,0.018997118026985397,0.019011305935411952,0.24223930693360823,0.25320954546263047,0.2523697440506365,0.25218140355312474,0.0037101588950648762,0.060911073665343284
2023-03-17,0.0176062760943827,0.0003099809579116,0.0005555486843616,0.0069484571413456,0.001924279596495,0.0018377339627472,0.0019260051124706,0.01981450502019481,0.01893699427807225,0.018999744740073668,0.01901414297098998,0.24205373178977857,0.25327012372069513,0.252433648415787,0.25224249607373916,0.003118988738775782,0.05584790720139638
2023-03-20,-0.0389021669099337,0.0015133785902883,0.0005772785466167,0.0065501485703396,0.0015423977627776,0.0015314845067303,0.0015279917675419,0.01982632279250091,0.01893278958887635,0.018995113077080912,0.019009774156616054,0.24190183459284198,0.2533183942187618,0.2524872496033006,0.2522925215850956,0.0027473918874430766,0.052415569132110706
2023-03-21,0.0106361576630708,0.0001131278498337,0.0003373037388068,0.0062479423715365,0.0015121739577498,0.0017497690241101,0.001641933859942,0.019836902997543912,0.01893187402402502,0.018994197031590495,0.01900838971406864,0.24179366081775844,0.2533524884528658,0.25252119829470226,0.2523326524346736,0.0027499931904704294,0.05244037748215043
2023-03-22,-0.0048630788079655,2.3649535492484085e-05,0.0002075424237722,0.0058798535002343,0.0012294699281482,0.0014254343651402,0.0013148611394428,0.019848538914575383,0.018930178655974614,0.018992990728882077,0.019007349409413864,0.24167347225937819,0.2533977838210665,0.25255976729701507,0.25236897662254026,0.0024243870985643855,0.04923806554449906
2023-03-23,-0.0118581050585213,0.0001406146555789,0.0003221442684519,0.0055284812623498,0.0010233419429712,0.0011947054835285,0.001087962845627,0.019862903454654825,0.018930089895116735,0.01899280260265366,0.019006703568661458,0.24153794995245992,0.25344015834698047,0.2526033193158464,0.25241857238471327,0.0021711025735732057,0.046595091732640745
2023-03-24,-0.0301891947033361,0.0009113874768359,0.0019038157559902,0.0052052092659436,0.0009072002328413,0.0011112932991708,0.0009665009052649,0.01987499087097959,0.018929788972667737,0.018992390674156596,0.019006093862046238,0.24142226715556125,0.25347695965845546,0.2526414624724991,0.25245931071348415,0.0020113686955108285,0.044848285312939544
2023-03-27,-0.0101625350871123,0.0001032771193967,0.000693571608473,0.0049475799585971,0.0009738800262139,0.0012858285961578,0.0010962200298567,0.019882581199888574,0.01892923502249534,0.01899165305274884,0.019005334989077027,0.24134575458510346,0.2535008180248231,0.25266766139096863,0.2524857659991047,0.0020426240600637654,0.045195398660303525
2023-03-28,-0.0735613622386329,0.0054112740144033,0.0033844464547149,0.0046569217882451,0.0008670719628373,0.0011578573363093,0.0009618240308676,0.019892271726781378,0.018929143842094643,0.018991706502444215,0.019005222911194802,0.24125606553584253,0.253531340424433,0.2526961550693463,0.2525164389703782,0.0018788030213177543,0.04334516145220541
2023-03-29,0.0835802822083912,0.0069856635740343,0.0035073741254094,0.0047021829218146,0.0017904510242907,0.0021195282817991,0.0023304939143629,0.01989244130917711,0.018938011793986527,0.018999359506418987,0.019013621520267934,0.24133463947051598,0.25349731554518606,0.2526787889832136,0.25248925600108435,0.0027126586624465765,0.0520831898259561
2023-03-31,0.0057578507445565,3.315284519659047e-05,0.0008204610259415,0.0048391917609478,0.0027040344514658,0.0022590714613246,0.0025070184983116,0.019894513948331694,0.01894961513752614,0.019009422095106664,0.019022812224592157,0.2414147799021072,0.25345262535621627,0.2526552191890265,0.2524773755526501,0.003057328690791267,0.05529311612480587
2023-04-03,-0.0190322648940171,0.000362227106996,0.000428363086939,0.0045508294260027,0.0020127928142327,0.0017308167803562,0.0018921383901168,0.019904082999378108,0.018952517897793134,0.01901132392361577,0.019025234885490704,0.24134995779171428,0.2534676193257706,0.2526835906370185,0.25249883224549646,0.0025236320254491975,0.05023576440594089
2023-04-05,-0.0113895440321973,0.0001297217132613,0.0005473156415801,0.0042995132868623,0.0016114771987581,0.0015937785331488,0.0015719281406875,0.019911332945089257,0.018953506911240675,0.01901192310328077,0.01902603507669508,0.24129095902610495,0.2534847321030245,0.252705872820388,0.25251843605048263,0.00224561658132173,0.04738793708658069
2023-04-06,0.0324764060520667,0.0010547169500587,0.0013253718175278,0.0040493257924462,0.0012990939796429,0.0013932156339355,0.0012911850431404,0.019918525226026253,0.018954282221174287,0.01901268508875071,0.019026745351333148,0.24123206859858262,0.25350403606102245,0.2527253263427975,0.25253856899759747,0.001984327703261457,0.044545793328455346
2023-04-10,0.0243303412328688,0.0005919655045078,0.000306741257346,0.003869649261903,0.0012632374942746,0.0013172362171757,0.0011768396522004,0.01992220365497015,0.018954131711988547,0.01901259221192548,0.01902658601156496,0.24119697733486464,0.25351598144636217,0.2527364627541104,0.25255057846466283,0.0018837237555419171,0.04340188654358146
2023-04-11,0.0032773472818887,1.074100520610331e-05,0.0001437340489408,0.0036729882364593,0.0011524835290897,0.0012086911718943,0.0010505386658013,0.019926651563012193,0.018954193654302676,0.01901272689807983,0.019026595296698964,0.24115678359973036,0.25352949782475737,0.2527489730751816,0.25256474550033053,0.0017487790829132707,0.04181840603027895
2023-04-12,0.0241629730084666,0.0005838492646078,0.0004110188989833,0.0034532534025841,0.0009693565781037,0.0010065382363144,0.0009036284566514,0.019929182065807866,0.018952097458877194,0.019010472036403565,0.019024413324079715,0.24111257193266594,0.2535432479084547,0.25276470437976284,0.25257947577911655,0.00156105196625516,0.03951015016745899
2023-04-13,0.012641348980039,0.0001598037040351,0.0003641001695481,0.0032810891543055,0.000954119550515,0.0009761393990356,0.0008646975323316,0.019932507752815142,0.018951547369343878,0.019009946402415965,0.019023530848775172,0.24107575746632,0.25355419856038747,0.25277527369054076,0.2525947702827518,0.00149807404944506,0.038704961561084904
2023-04-17,0.004267243663785,1.8209368486113985e-05,0.0003436358592522,0.0030938120272893,0.0008644315339647,0.0008885717941269,0.0007935461510298,0.019936477431676876,0.018951397319425606,0.01900980607838883,0.019023143358023686,0.2410371518022022,0.2535660909908001,0.25278699410633654,0.2526097631006611,0.0013899910623719127,0.03728258390149364
2023-04-18,-0.014907707867766,0.0002222397538706,0.0005481415467373,0.0029092758677611,0.0007778179802487,0.0007800546880189,0.0007304147630134,0.01994042872982516,0.018951618626623378,0.019010047236129975,0.019023253305757694,0.24100273833256236,0.2535771757596515,0.2527977899118306,0.2526222959959556,0.0012800954929851358,0.03577842217014517
2023-04-19,0.0015655598584262,2.4509776703156934e-06,0.0001908481219503,0.0027480537009276,0.0007580468714309,0.0008269812059367,0.0007468612925026,0.019943410619476163,0.018951751003829714,0.01901018106410095,0.019023357259134163,0.24097657591453495,0.2535857927939101,0.2528063665955527,0.2526312646960023,0.001252193114938635,0.03538634079611277
2023-04-20,-0.0059241078650733,3.5095053997023855e-05,0.0001847785932299,0.0025833175375322,0.0007036073616832,0.0007211699393289,0.000697141152422,0.01994647169340862,0.01895166268234016,0.01901004141204568,0.01902317400711909,0.2409471865236162,0.25359496505170515,0.2528161896877518,0.2526416587369268,0.00115932471016182,0.034048857692466274
2023-04-21,-0.021888462449758,0.0004791047884144,0.000354501313631,0.0024304241885201,0.0006732622821128,0.0006885478759977,0.0006728690290487,0.01994914083194045,0.01895166195911719,0.01901000155362776,0.01902312441880324,0.24092242663750996,0.25360284649085263,0.25282456737344877,0.25265015949818875,0.0011003672108110681,0.03317178335288997
2023-04-24,-0.0005825338527606,3.393456896121221e-07,0.0001933911965828,0.0023133450245137,0.0007361612512972,0.0008302531334803,0.0007785349215936,0.019950329707505488,0.01895148706795517,0.019009890853385322,0.01902298490446324,0.24091016350121958,0.25360739104559193,0.2528282370901924,0.25265420836299607,0.0011506158227952803,0.03392072851215434
2023-04-25,0.0233930894514984,0.0005472366340858,0.0013105061699685,0.0021745646837843,0.0006885524804343,0.0007215658924942,0.0007184209169402,0.019952461259813453,0.018951312521522063,0.01900956246131844,0.01902268344637151,0.24088804712210016,0.25361353851864,0.2528364047271434,0.25266200963211644,0.0010624086697040415,0.03259461105311799
2023-04-26,0.0017873740302933,3.1947059241670556e-06,0.0002387473502026,0.0020769250008024,0.0007591731782512,0.0007488402128164,0.000735431160924,0.01995348698525789,0.018951029111993808,0.019009159124865734,0.019022315211400128,0.24087526291285805,0.25361690888651806,0.252841348322199,0.25266647987842483,0.0010679755821061405,0.032679895686891974
2023-04-27,0.0027831251894467,7.745785820132926e-06,0.0001107816445709,0.0019525011831097,0.0007045011696125,0.0006636230369171,0.0006894806844991,0.01995520114334825,0.018951021731701753,0.019009046361128455,0.019022232528275097,0.24085890575237331,0.25362157141190544,0.25284739803065226,0.252672124805069,0.0009909618998647934,0.03147954732623697
2023-04-28,0.0380669924181941,0.0014490959117668,0.0007534164548088,0.0018358158592723,0.0006687346702812,0.0006030992732346,0.0006588496118425,0.01995676734918782,0.018951137989137435,0.01900910824848742,0.01902231376005843,0.24084538861757257,0.25362568678042713,0.2528522287808048,0.25267669582119545,0.0009307270124575841,0.030507818874144117
2023-05-02,-0.0026529785627841,7.038295254592267e-06,0.000323426944135,0.001812612662422,0.0009149416939588,0.0007301628961106,0.0007903612837833,0.019223492765437653,0.01818927529597919,0.018254063084208533,0.018265741738429955,0.24024598119307225,0.2539060411280598,0.253004871303738,0.2528431063751299,0.0010523543026942723,0.0324400108306744
2023-05-03,-0.0430250933857977,0.0018511586608566,0.0024890848007119,0.0017042782003919,0.0008095560182949,0.0006651120197188,0.0007282703913942,0.01922466973224567,0.018171031762239,0.018226930991782696,0.018219538291382377,0.239929437190398,0.2538416227203068,0.25306312900995126,0.25316581107934394,0.0009670940159774125,0.031098135249198022
2023-05-04,0.0385355933974044,0.00148499195849,0.0009329018137489,0.0017130910280198,0.0010846262115802,0.0010971369097275,0.0011933518415259,0.019222783058743084,0.018157380058194676,0.018212138989041334,0.01819119186016106,0.2397577185394937,0.25382574993598006,0.25306256518891607,0.25335396633561025,0.0012660175611066411,0.03558114052565827
2023-05-05,0.0047240120057567,2.231628943053355e-05,0.0002605947875831,0.001699405083848,0.0012002358957658,0.0011342800997483,0.0011560498168882,0.013368804801721867,0.012058549785766334,0.012132803989074731,0.012337180805595408,0.23287498451764788,0.2581786588380027,0.2565985747419842,0.25234778190236523,0.0012884054904623403,0.035894365720295716
2023-05-08,-0.0172283104996096,0.0002968146826709,0.000258483351259,0.001598779756183,0.0010035109629219,0.000961441911339,0.0009762898712388,0.0071909190798339455,0.0075820248168513285,0.006866852606489064,0.009398106959871005,0.26590404910176146,0.2521878451045502,0.2784528239741247,0.2034552818195637,0.0011445428242589529,0.033831092566734416
2023-05-09,0.0045459267782514,2.0665450273223993e-05,0.0001654751663829,0.0015206618517722,0.0009231951561909,0.0009976217718072,0.0009338442210236,0.006955321399679669,0.006178761303648254,0.00612734519785482,0.006841123956724329,0.2337812502359093,0.2631633838403178,0.26537165446121064,0.23768371146256226,0.0010851534906333013,0.03294166800016814
2023-05-10,-0.0020852909181746,4.348438213421695e-06,9.576632778369484e-05,0.0014306620676823,0.0008176384671301,0.000861694862572,0.0008256661766657,0.006737671029615637,0.005414116010648866,0.005890688838812873,0.005242540205680734,0.2139751900603525,0.2662843641123519,0.24474123121680208,0.2749992146104935,0.0009618003388505746,0.03101290600460677
2023-05-11,0.04772877428943,0.0022780358951713,0.0010091380454869,0.0013450832499142,0.0007438777219513,0.0007590986375207,0.0007514346723689,0.0066964297231307925,0.005401769342115704,0.005725840156156665,0.005209018602152232,0.2130048320746155,0.2640564226898799,0.24911137051935395,0.27382737471615065,0.0008777984075091323,0.029627662876256917
2023-05-12,-0.0101030396497257,0.0001020714101639,0.0003710891564381,0.0014010604086296,0.0011206475627601,0.0009208796861466,0.0009406097771846,0.006164790865123094,0.004807874918745287,0.004574266790534777,0.004818472574016453,0.2036930881669066,0.2611809396962777,0.27451946874162364,0.2606065033951921,0.0010760065321595046,0.032802538501760875
2023-05-15,-0.0250737869640271,0.0006286947927174,0.0007004167169929,0.0013231210687217,0.0009651514876866,0.0008853762244954,0.0008561330339794,0.006166477799205671,0.004800190312670497,0.004482471288845632,0.004811049489442739,0.20234512459859152,0.2599390101932341,0.2783635718358508,0.2593522933723234,0.0009871041739687387,0.031418214048044464
2023-05-16,-0.0141388094967107,0.0001999059339842,0.0002889371000649,0.0012814554921614,0.0009597087126952,0.0010335489809408,0.0009437542626873,0.005951615812498879,0.004556138405394366,0.004427305852238047,0.00451153982993128,0.2012161152848758,0.26284561769264486,0.27049430363020555,0.2654439633922739,0.0010401877092599287,0.03225194117041529
2023-05-17,0.0054636875004054,2.985188110208701e-05,0.0003911814078079,0.0012165625186708,0.0008756918545675,0.0010170218645393,0.0008851659569889,0.00585737298049306,0.004523800832654272,0.004428530695876332,0.004459424040722289,0.20280203780564932,0.2625860908944498,0.26823505541868653,0.26637681588121437,0.0009852544641692686,0.031388763342464904
2023-05-18,-0.0050139514207204,2.513970884934495e-05,0.0002187104892192,0.0011453598804166,0.0007875424384968,0.0008806235722491,0.0007936778301843,0.005626282683043372,0.004427907417483585,0.004385734109161166,0.004324176937088779,0.20598919251595288,0.26173840540804155,0.26425528723360275,0.2680171148424028,0.0008874905361402388,0.029790779381215236
2023-05-19,0.0343504388244589,0.0011799526474328,0.0011945551830348,0.0010781466701226,0.0007276163451167,0.0008019125254809,0.0007354937087828,0.0054115469492933225,0.004380736061979075,0.004365683649742155,0.004257105746686954,0.21070153760455873,0.2602807489205928,0.26117816922046233,0.2678395442543861,0.0008229880334343181,0.02868776801067518
2023-05-22,0.1732659068892676,0.0300210744901603,0.0102191236867357,0.0010842550287612,0.0009039332539001,0.0008748210855581,0.000813825050837,0.00520609329085641,0.004354712671031959,0.004353186094380091,0.00422071312766788,0.21622098725575573,0.2584938929685536,0.2585845416872394,0.2667005780884514,0.000911362739528599,0.03018878499589871
2023-05-23,0.1241966192506519,0.0154248002332914,0.0070251052330805,0.0028204641964452,0.0064279491072964,0.0022734678105746,0.0039133751148243,0.006299453786247857,0.005751243778345668,0.005753907215296792,0.005656680525138424,0.23235473121630357,0.2545028428153638,0.2543850355149752,0.2587573904533575,0.0038822304438618626,0.06230754724639594
2023-05-24,-0.0619068625457624,0.0038324596302599,0.0056920261625202,0.0035767243586559,0.0073920640781583,0.0027863716945875,0.0044701776668329,0.0064495695910032035,0.005865000001016256,0.005996087534695945,0.005847659039211278,0.2337413927851139,0.25703859826161796,0.2514191746438624,0.25780083430940587,0.004589037125835547,0.06774243224032886
2023-05-25,0.024676799934096,0.0006089444549874,0.0017495595286266,0.0035920684749522,0.0058649889208679,0.0031250420182475,0.0042717399280311,0.006346205957264031,0.005879859631213594,0.005993803014462986,0.005841784757600804,0.23671697345288295,0.25549158676125305,0.2506346410596531,0.257156798726211,0.004230509652979116,0.06504236813784624
2023-05-26,0.0027155681039763,7.37431012733375e-06,0.0002297595262941,0.0034130810337543,0.0042379387108904,0.0024300341266317,0.0031478042663245,0.006344968319465777,0.005762550635099586,0.005859949661770987,0.005718963630316483,0.232921115258667,0.25646231865610997,0.25219962329919343,0.2584169427860296,0.00330814987530079,0.057516518282149084
2023-05-29,-0.0040563841383807,1.6454252278106898e-05,0.0002025252880629,0.0032087386303367,0.0030353765398663,0.0018197716467409,0.0023232738497316,0.006245664784733743,0.005769120908353074,0.005846472734503113,0.0056950303212705425,0.23542881206709104,0.25487582323160063,0.2515036856601535,0.2581916790411549,0.0025866028707400572,0.050858655809410236
2023-05-30,-0.0149491990355116,0.0002234785518033,0.0003560287888406,0.0030172015676531,0.0022315972062895,0.0014551826073042,0.0017687527782456,0.0062021307734176955,0.005782047918589568,0.0058504681965294075,0.005699803062915621,0.2369167399616382,0.2541294407003646,0.2511574380535116,0.25779638128448557,0.002103398110287511,0.04586281838578514
2023-05-31,-0.0012423840880042,1.5435182221262405e-06,0.0012135015073103,0.0028495781867022,0.0017320265797792,0.0013403343403322,0.0014502321476075,0.006211558802282752,0.005718474957683995,0.005794336571500737,0.005650744613652618,0.23488085420585428,0.25513379847359813,0.25179349170118887,0.25819185561935876,0.0018231354718441662,0.042698190498476236
2023-06-01,-0.0004814673671728,2.318108256523402e-07,0.0003163039759685,0.0026786961065933,0.0013558130218879,0.0010941342502281,0.0011735398271001,0.006109571984351749,0.005425520197281699,0.005526573325666655,0.005413948283240134,0.22935475741872074,0.25827189826060704,0.25354940897923894,0.25882393534143316,0.0015456973873948466,0.03931535816185383
2023-06-02,-0.0190802973898445,0.0003640577484849,0.00075984967969,0.0025179882488473,0.0011035777165862,0.0009125967456231,0.0009858383339544,0.005992735308877131,0.005170950594504259,0.005201092325267284,0.005139913854703575,0.22336127792094967,0.2588585971514431,0.2573584418661527,0.26042168306145447,0.0013396898072761518,0.03660177328048672
2023-06-05,-0.0045501183445986,2.0703576949853376e-05,0.0004369720383782,0.0023887524188255,0.0010028241896054,0.0009811290449722,0.0009588006430164,0.005884230691841344,0.005092001405679832,0.005180446036066419,0.00509616057263142,0.22491737612233023,0.2599107153095421,0.25547331609931484,0.25969859246881283,0.001297568146788106,0.036021773232145386
2023-06-06,-0.000123206929812,1.5179947553699218e-08,0.0003895502434237,0.002246669488313,0.0008709814788762,0.0008722091680713,0.0008460739284793,0.005553858107991098,0.0044664996858335086,0.004394551638612073,0.004381130748746644,0.2094271615394645,0.2604116916964388,0.26467517844820826,0.2654859683158885,0.0011528002475777192,0.03395291221055595
2023-06-07,0.0024213570559902,5.862969992593981e-06,6.128998158545806e-05,0.0021118702298111,0.0007787948815291,0.0007483106540306,0.0007640605826927,0.005481211621681993,0.004408722612875875,0.00439411094197742,0.004367330285347263,0.21071648055760864,0.261976477889336,0.2628476243234159,0.26445941722963945,0.0010477864963763144,0.032369530370030306
2023-06-08,-0.0042720904183241,1.825075654233668e-05,0.0007019152207288,0.001985509794222,0.0007181440036446,0.0006661424625685,0.000709146731983,0.005365642280584129,0.004349786964882982,0.004384568820618462,0.004344318917103303,0.2131109532766433,0.262881182593159,0.2607958018538876,0.26321206227631,0.000972303561393267,0.03118178252430844
2023-06-09,0.0090158660939003,8.12858414231413e-05,5.768108770480383e-05,0.0018674742519612,0.000679841727747,0.0006302202821713,0.0006763656019605,0.005288159115231554,0.004336073565302668,0.004384676909029697,0.004341788613397816,0.21535036600453056,0.26263553507672516,0.2597242680777866,0.2622898308409577,0.0009217991804377791,0.030361145901263
2023-06-12,0.013634863984081,0.0001859095158643,0.000310227954488,0.0017603029473289,0.0006660018615452,0.0006050602888121,0.0006577378524272,0.005194726271408848,0.004321880335068146,0.0043800551434294175,0.004334701876958192,0.21803783839649615,0.262072708975552,0.25859192411734244,0.26129752851060944,0.0008866825411345049,0.029777215133966188
2023-06-13,-0.0089947274194179,8.090512134962926e-05,0.0002324996119414,0.001665839341441,0.000676342297487,0.0006062765584149,0.0006561770084437,0.005091355714095931,0.004308509238563446,0.0043713170091758905,0.004325364295023463,0.2210672868509803,0.2612347175757016,0.25748125604841815,0.26021673952489993,0.0008717997640723062,0.02952625550374287
2023-06-14,-0.0021953333715601,4.819488612285564e-06,6.232502651321846e-05,0.0015707432882355,0.0006635865669144,0.0006258399665314,0.0006577308107268,0.0050882809238771524,0.004284207346787502,0.004344200576207374,0.004297394685139653,0.22011871855376072,0.2614312954402713,0.25782094011487905,0.260629045891089,0.0008520106977940009,0.029189222288269364
2023-06-15,0.0115321533100662,0.0001329905599668,0.0002380981577292,0.0014767878602581,0.0006407813964483,0.0005804054130351,0.000637859777649,0.005059304163912432,0.004284549458540796,0.00434459938709639,0.004298163047260344,0.2211208125053046,0.2611050375916989,0.25749611132350136,0.26027803857949505,0.0008093328108288195,0.028448775207885833
2023-06-16,0.0095890818401938,9.195049053793606e-05,8.952948857303728e-05,0.0013961600222407,0.0006495305070385,0.0005766780252693,0.0006371282314933,0.004971694588140714,0.004272162035864821,0.004333431521004495,0.004285989772781328,0.22366272489446873,0.2602857170658638,0.2566055915587369,0.25944596648093055,0.0007946116243489653,0.028188856385972193
2023-06-19,-0.0440714497148374,0.0019422926799674,0.001791536961973,0.0013179074503385,0.0006476982359184,0.0005649347748228,0.0006322978216104,0.004900163978768845,0.004267682905709974,0.004329393060567232,0.004281487639914199,0.22601224582016563,0.25950781494258685,0.2558088513181851,0.2586710879190625,0.0007740184578014183,0.02782118721049514
2023-06-20,0.0055646974525752,3.096585773869734e-05,0.0001254960671788,0.0013553705641162,0.0009932951454536,0.0010215164353299,0.0011534327280965,0.004857498029185492,0.004270952617554111,0.004333042509499756,0.004284826051755691,0.2276856088518544,0.2589544992201659,0.25524383706068593,0.2581160548672937,0.0011242718989846836,0.03353016401666839
2023-06-21,-0.0036716555541504,1.3481054508323868e-05,0.0001358607791635,0.0012759062817336,0.0008665224244688,0.0008844303883494,0.0009754315739981,0.004795545371875576,0.004268939999831061,0.00432977682154124,0.004282730324000418,0.2298496045497668,0.25820325592997,0.25457529400642503,0.2573718455138382,0.0009932082161478312,0.03151520610987387
2023-06-22,-0.0036226416435112,1.3123532477302015e-05,0.0005046572974784,0.0012001607681,0.0007783322025704,0.0007914587478178,0.0008553481275396,0.004738378621076892,0.004267521919664418,0.00432745420059499,0.004281286533824722,0.23190784888408336,0.25749538347976003,0.25392924853166227,0.2566675191044943,0.0008992582579640997,0.02998763508454943
2023-06-23,-0.0707299503243542,0.0050027258728856,0.0036516295875473,0.0011289385339627,0.0007191950035738,0.0007208845800737,0.000773944602949,0.004689551983269315,0.004267143730361593,0.004326481036841036,0.0042809203386613695,0.2337342398695434,0.2568717946712519,0.25334882062455144,0.25604514483465324,0.0008294125175059796,0.02879952286941538
2023-06-26,0.0274019752115788,0.0007508682454959,0.0018958400557738,0.0013613657742981,0.0016148250201851,0.0016804714960945,0.0020909377395316,0.004683451702568832,0.00430282766737795,0.0043615755797030715,0.00431558472341205,0.23543267990675817,0.2562588304219892,0.2528071714911599,0.2555013181800927,0.0016933957579671347,0.041150890123630796
2023-06-27,-0.0048690102404998,2.37072607220925e-05,0.0003595768938076,0.0013247359225699,0.0014177627388325,0.0014892545785847,0.0016862344531634,0.004642177341601105,0.004302805340698017,0.004360554678891331,0.004317148250335052,0.2370373563393403,0.2557330294037905,0.25234620954031495,0.2548834047165542,0.0014821815876302291,0.03849911151741335
2023-06-28,0.0501764960676071,0.0025176807576225,0.00101149807813,0.0012466742028591,0.0011494720885544,0.0012392802636594,0.0013394254054297,0.004644193967651656,0.0042664224794452706,0.004329977871305023,0.004284142334298821,0.23556261843073373,0.2564205717532424,0.2526568319829587,0.255359977833065,0.0012435663969118124,0.03526423679752353
2023-06-30,-0.0058245464129281,3.392534091635439e-05,0.0004869050152104,0.0013229345961449,0.0014372349142931,0.0013234456506466,0.001364036082621,0.004637731899545135,0.0042170752264099965,0.004287340934075764,0.004244506672446413,0.23396623474032605,0.25730455636083105,0.2530875633536683,0.2556416455451748,0.0013629811819736038,0.036918575026314376
2023-07-03,-0.0010685071650842,1.1417075618363953e-06,0.0001253095144323,0.0012455940408311,0.0011644298895648,0.0011339798757755,0.0011240836328179,0.004599052375442615,0.0042068576497509376,0.004280937759501767,0.004235956005559357,0.23511406275665145,0.25703315368537827,0.2525852861142247,0.2552674974437456,0.001165522409483059,0.03413974823403153
2023-07-04,0.000921830532611,8.497715308538832e-07,0.0001055763313471,0.001170926900835,0.000975559029408,0.0009470552608058,0.0009526031170266,0.004569976727414945,0.004204140715525907,0.004279789657341067,0.004233831532814653,0.23617116816121292,0.25672231621489205,0.25218452975412964,0.2549219858697655,0.0010086591115711992,0.031759394068073765
2023-07-05,0.0047838441692688,2.2885165035847793e-05,9.119033361848258e-05,0.0011007222730767,0.0008489978038584,0.0008064481724493,0.0008362741624259,0.004540673878159678,0.004201671112337631,0.004277358634175007,0.004231519904137467,0.23723087717910366,0.2563713385222008,0.25183486801728633,0.25456291628140926,0.0008947601724196305,0.029912542058802533
2023-07-06,0.0015619246902685,2.439608738070401e-06,8.78837596432737e-05,0.0010360520465943,0.0007683568234401,0.0007211851795867,0.000759838636368,0.004526325232792167,0.0042029060385535355,0.0042783314558144615,0.0042327125393548815,0.23785263426307948,0.25615570994815373,0.25163977856084846,0.25435187722791835,0.0008179919585609814,0.02860055871064377
2023-07-07,-0.0092595829585106,8.573987656554103e-05,0.000110683592448,0.0009740353003229,0.0007105108804345,0.0006416541275534,0.0007059265551361,0.004508477848525786,0.004203175730385534,0.004278313102804364,0.004233168438981094,0.23857976383322832,0.2559092575103829,0.2514148811697687,0.25409609748662004,0.0007549060027844924,0.02747555282036182
2023-07-10,0.0127979583835034,0.0001637877387858,0.0007212250098093,0.0009207375748975,0.0006873790452943,0.0006571277521296,0.0006927443916466,0.0044850852177260965,0.00420136473074831,0.004276119222671871,0.004231797006608491,0.23944913614502594,0.2556192689155214,0.2511505701775774,0.2537810247618753,0.0007370205371884254,0.02714812216689076
2023-07-11,0.0052347591997018,2.7402703878862737e-05,0.0002003442399962,0.0008753205847308,0.000686514367649,0.0006440516818901,0.0006775422325556,0.004470829262309292,0.0042016137138287755,0.004276245344520893,0.004232146600165171,0.24003982856963318,0.25542021775030704,0.2509624689948794,0.25357748468518043,0.0007189037077227491,0.02681237974747391
2023-07-12,-0.0145508560880503,0.0002117274128951,0.000165551634211,0.0008244455118796,0.000660371484374,0.0005988412116014,0.0006528427916668,0.004453978370389521,0.004201223945739683,0.004275687677219005,0.004232000505700495,0.24071368484606456,0.2551955238778321,0.2507511368226196,0.25333965445348366,0.0006825302458667437,0.026125279823702247
2023-07-13,-0.0108844845869121,0.0001184720047227,0.0001600681308599,0.0007876824259406,0.0006774102981646,0.0006740448234959,0.000691448610546,0.004436949949360573,0.004200202669881769,0.004274503154614442,0.004231199854387205,0.2413712063680996,0.2549762585390161,0.2505441973334183,0.25310833775946595,0.0007067368284369591,0.026584522347353905
2023-07-14,0.0059306942072937,3.5173133780427766e-05,0.0001308646063266,0.0007475298006675,0.0006713433743815,0.000699257143728,0.0006919429015969,0.004424212115730066,0.004200210099775103,0.004274498287878804,0.004231337835753766,0.24190007431547408,0.2548008823748668,0.2503725975554462,0.25292644575421297,0.0007019718847035689,0.026494752021930097
2023-07-17,0.0135644107760069,0.0001839932397002,0.0002852155214552,0.0007047884006543,0.0006516663612579,0.0006448517431895,0.0006634138873457,0.004410949044527839,0.004199880316460469,0.004274032627896969,0.004231095982185488,0.24243612544088217,0.2546199689741934,0.2502024408734273,0.25274146471149705,0.0006658091155405144,0.025803277224812248
2023-07-18,0.0034608183081602,1.1977263362097158e-05,0.0006560648633877,0.000673540690997,0.0006663811357087,0.0006379143333853,0.0006598176780179,0.004399178101606675,0.004199427520108395,0.004273528959520511,0.00423068538921083,0.24290745368135244,0.2544616250275135,0.2500493529057398,0.2525815683853942,0.0006593443311154366,0.0256777010480969
2023-07-19,0.0028301791337705,8.009913929229951e-06,4.1611417050448496e-05,0.0006338468853389,0.0006439948484677,0.0005861946558855,0.0006392125785086,0.0043927897304311785,0.004200202449673126,0.004274207366830955,0.004231438062036027,0.24320679333884515,0.2543582879518391,0.24995425173816338,0.25248066697115246,0.0006258719603001086,0.025017433127723327
2023-07-20,-0.0016517827798006,2.728386351646018e-06,7.095620289998372e-05,0.0005962966670543,0.0006282567865601,0.0005430711019722,0.0006248423559834,0.004383373460383011,0.004199930713822543,0.004273516229018337,0.004231030041688525,0.2435821991337837,0.2542212764583884,0.24984384986178454,0.25235267454604343,0.000598327110287664,0.02446072587409589
2023-07-21,-0.0014266461888596,2.035319348187658e-06,0.0002396792782502,0.0005606825702122,0.000616725407532,0.0005106530152372,0.0006150168669583,0.004379006546988196,0.004200667398691217,0.004274026277295943,0.004231734543014961,0.24379426903040213,0.25414454392055713,0.24978243720058696,0.25227874984845383,0.0005761364358261394,0.024002842244745505
2023-07-24,0.0007859131522003,6.176594828014134e-07,4.585119288547688e-05,0.0005271637351603,0.0006088717338055,0.0004829815322591,0.000608173708743,0.004371410202914941,0.00420028319703867,0.004273446583027951,0.004231418616934598,0.24409596444705736,0.2540408680601651,0.2496915706661707,0.2521715968266067,0.0005573173968229239,0.023607570752259197
2023-07-25,0.0198375201054108,0.0003935272039325,0.0002390001689081,0.0004955709706197,0.0006033455866045,0.0004528565522273,0.0006030459379191,0.004364723754037314,0.004200054049401448,0.004273061435350634,0.004231230263539117,0.24436689452936416,0.2539476817934397,0.2496088589854607,0.2520765646917354,0.0005393701078152529,0.02322434300072346
2023-07-26,0.0016607717605649,2.7581628406900875e-06,0.0002118157621931,0.0004894483446185,0.0006732902722426,0.0005078424007255,0.0006410774592173,0.004364458094570994,0.004198933001688454,0.004271672294461133,0.00423008664503598,0.24432508630518876,0.2539565647279068,0.24963211761682114,0.25208623135008335,0.0005789515682505873,0.02406141243257734
2023-07-27,-0.0172891011672419,0.0002989130191711,0.000294467623805,0.0004602469337118,0.0006468946090788,0.0004762107502864,0.000625550268299,0.00435868182690907,0.004198189343610856,0.004271149830305276,0.004229680520028423,0.24454530561241472,0.2538940224434904,0.2495569628266993,0.2520037091173955,0.0005532765978153823,0.023521832365174748
2023-07-28,0.0142287287863336,0.000202456722875,0.0001527547870973,0.0004505668988393,0.0006847253128534,0.0005956498685478,0.0006969450843084,0.004358690343929696,0.004196275692028166,0.004268465727919716,0.004227405926249366,0.2444451365582748,0.25390625748475654,0.24961209114741853,0.25203651480955014,0.0006083319480497354,0.024664386228928047
2023-07-31,0.0117044676856781,0.000136994563805,0.0001510131864382,0.0004356802882815,0.0006919849178343,0.0006014333569514,0.0006844710464842,0.004358708563190583,0.004196419249931957,0.0042684738676652435,0.0042277202617546856,0.24445118504445326,0.25390491513749985,0.24961883487367897,0.25202506494436777,0.0006048338883691632,0.024593370821608885
2023-08-01,-0.0044637449512944,1.9925018990207085e-05,0.0002016736042492,0.0004177591448129,0.0006845773454029,0.0005944118294567,0.0006691103898826,0.00435349860584852,0.004194275048535494,0.0042664805742234965,0.0042257770399593796,0.24458355921129477,0.2538684687385088,0.24957202207199414,0.25197594997820233,0.0005929179092938888,0.024349905734804986
2023-08-02,-0.0030476850139649,9.288383944346664e-06,0.0002323077783585,0.0003938890972635,0.0006576724574105,0.0005752144137389,0.000649718504362,0.004350555837297352,0.004194160492177449,0.004266262406283163,0.004225697675336726,0.24470253722446805,0.25382720897518307,0.24953740542435873,0.2519328483759903,0.0005705437715833965,0.023886058100561436
2023-08-03,0.0235921277359165,0.0005565884911078,0.0004448432717975,0.0003708130544644,0.0006376577408998,0.0005477627188458,0.00063366378283,0.004346527529938314,0.004193377270739325,0.004265023493043765,0.004224861942266204,0.24483224412851637,0.2537739918482348,0.2495109560490889,0.2518828079741599,0.0005488897552157509,0.023428396343235933
2023-08-04,0.0036260499732945,1.3148238408829305e-05,0.0001760954462144,0.000381959580663,0.000726836557207,0.0006066218556681,0.0006790322751051,0.004342691630878157,0.004192075674486562,0.004263587219653989,0.004223542911754023,0.24493637958801082,0.2537366327158987,0.2494808035897934,0.2518461841062971,0.0006003330527945169,0.024501694896364147
2023-08-07,0.0034168585587315,1.1674922410377272e-05,0.0001543577345251,0.0003598309001277,0.0006847076320474,0.0005625040974814,0.0006523459463963,0.004341282178538644,0.004188407846571394,0.0042597644678970875,0.0042198178750243965,0.24483278488219823,0.25376903221140384,0.24951806930672563,0.2518801135996723,0.0005665239019626305,0.023801762581007118
2023-08-08,-0.0302308942115505,0.0009139069648299,0.0005941190123656,0.0003389415414647,0.000656213343546,0.0005268783483098,0.0006341217373904,0.004338274805704297,0.004187244704661314,0.004259046382123596,0.004219239834122047,0.24492491717378792,0.2537591357585108,0.24948110495440504,0.2518348421132962,0.0005406755000306345,0.023252429981200556
2023-08-09,0.0130682312272745,0.0001707786674095,0.0001168635846668,0.0003734394668666,0.000806240187365,0.000788805114298,0.0008718680541947,0.004337983507679153,0.004187151569380059,0.0042592105506720985,0.004219292275351478,0.24493907503560597,0.25376240871260436,0.24946915754680815,0.2518293587049816,0.0007124078898384859,0.026690970192903927
2023-08-10,0.017907334859093,0.0003206726417556,0.0002539944408428,0.0003612798188992,0.0007674384309753,0.0007485671043006,0.0007995604101425,0.004335814757587134,0.0041868062748323265,0.0042585981004251965,0.0042191702467874485,0.24501587065765434,0.2537359882702151,0.2494584844093293,0.2517896566628013,0.0006713034945671449,0.025909525170622963
2023-08-11,-0.0050668832238047,2.567330560367359e-05,0.0001391426084684,0.0003588433882706,0.0007695446546154,0.0007417890433515,0.0007664363249179,0.004333110398493865,0.004185779420427029,0.004257049165700702,0.004218178172325284,0.24507929829433733,0.25370559440192225,0.24945816093716106,0.2517569463665795,0.0006611838691164984,0.0257134958556105
2023-08-14,-0.0334331800043646,0.0011177775252042,0.0004358602357375,0.0003388531833105,0.0007156613691327,0.0006964584861084,0.0007171959684191,0.004330909936343897,0.0041857238482926155,0.004256620382926842,0.0042180953533866574,0.2451650924828793,0.25366889301879836,0.2494438873002552,0.2517221271980672,0.0006188774062151102,0.0248772467571295
2023-08-16,-0.0044479981284689,1.9784687350863705e-05,0.0001224320158915,0.0003855886438242,0.0008842717885273,0.0009839264420911,0.0009841784582909,0.004332057269698229,0.00418563841670243,0.004256688111000137,0.004218022100564863,0.2451147090107843,0.25368912728890036,0.24945472381124145,0.25174143988907377,0.0008120471876068903,0.02849644166570434
2023-08-17,0.0140515892988594,0.0001974471618238,0.0001210460915775,0.0003636404064358,0.0007914023415556,0.0008732252262745,0.000863003862355,0.0021939215394269173,0.0018444220481327392,0.001994112594019972,0.0018945943364644699,0.22483634263481414,0.2674405760069235,0.24736481602480115,0.2603582653334612,0.0007341080631205522,0.0270944286361708
2023-08-18,0.0386434670517532,0.0014933175457799,0.0023008601116465,0.000353668811759,0.0007624986641354,0.000818435286306,0.0007963757263897,0.001471710096761006,0.001434822951159845,0.0010495096772408714,0.0011782707629498224,0.21381070225672358,0.21930745466011584,0.29982321852813415,0.26705862455502655,0.0007009047260376692,0.026474605304662602
2023-08-21,0.0239031466129801,0.0005713604180016,0.0002921658068388,0.0004220477358003,0.0009860340242226,0.0009138238492251,0.0008881476158788,0.0014786775355156065,0.001362511935622173,0.0010444248804352208,0.001178829667189637,0.21028722339167571,0.22821597749397554,0.29772078304535277,0.263776016068996,0.0008201163569349697,0.028637673734697267
2023-08-22,0.0218451130161429,0.000477208962688,0.000223510148894,0.0004310064967324,0.0009629492922502,0.0009033872843423,0.0008528966713282,0.0014277750791638817,0.0011827388923959235,0.0009936123833954689,0.0010806066699326452,0.2013935442635325,0.24311763606713616,0.2893932165190355,0.2660956031502958,0.0008092980877221088,0.02844816492714616
2023-08-23,-0.0641914781283861,0.004120545864307,0.0029015614401847,0.0004337786446897,0.0009298394936543,0.0008837509470015,0.00081908391926,0.0013584046830834825,0.0010509562770315074,0.0009447070223227283,0.0010028416911525137,0.1966565206085505,0.2541867291645184,0.28277458750835766,0.2663821627185735,0.0007897499138779015,0.0281024894605069
2023-08-24,0.0036489782648869,1.3315042377617702e-05,0.0003657597264476,0.0006549846778667,0.0015905616665716,0.0016791762003683,0.0018789063842318,0.001379114268668094,0.00105938080294688,0.0010064224526598758,0.001048170801684344,0.20048680458332555,0.2609960574246881,0.27472977391331943,0.26378736407866676,0.0015033975695174576,0.038773671086414524
2023-08-25,-0.0173976435239369,0.0003026780001859,0.0002258926082857,0.0006164844997374,0.0012632656504051,0.0013334987206478,0.0014647654185387,0.0013336930031211311,0.0010471582777703539,0.0010167855207338459,0.0010568213377081174,0.20630075853667143,0.26275099384668227,0.27059972097199236,0.26034852664465397,0.0012012994253786354,0.03465976666653478
2023-08-28,-0.0093796632450681,8.797808259088159e-05,0.0009079290679342,0.0005976561097643,0.001098278958659,0.001283003070302,0.0012661899929573,0.0012826495665922166,0.0010305385689822267,0.0010107868074162763,0.0010509046009121053,0.21123245155581694,0.26290836713259663,0.2680458534385074,0.25781332787307915,0.0010853354016771887,0.032944428993035964
2023-08-29,0.0136578078822722,0.000186535716149,0.0004884163082219,0.0005670754281339,0.0009475272783905,0.0011465017767122,0.0010726988926171,0.001236911444879499,0.0010239115519255488,0.00101269327683765,0.0010509960388267352,0.21709266309586112,0.26225351113351336,0.26515866721379283,0.25549515855683275,0.000949674527246702,0.030816789697285178
2023-08-30,0.0026498263809445,7.021579849149601e-06,0.0001456929552432,0.0005442430454148,0.0008650265930813,0.0010199386657791,0.0009372018944697,0.0012062503141308017,0.0010241737348107933,0.0010177876348824975,0.0010541523806407254,0.22186563295543957,0.2613086826492084,0.2629482617739065,0.25387742262144536,0.000852913287973673,0.02920467921367521
2023-08-31,-0.0380596414907118,0.0014485363104015,0.0006852406206178,0.0005120097574809,0.0007761195382632,0.0008681326203929,0.000826498350768,0.0011689264362795704,0.0010223137324186571,0.0010186353954067288,0.0010540354501389366,0.22727503911816044,0.2598691508360715,0.26080754971764286,0.25204826032812516,0.0007527895760458609,0.027437011062538517
2023-09-01,0.0126509902876628,0.0001600475552585,0.0004497996957465,0.0005682013506561,0.000986763644923,0.0011998207848559,0.0011491406873095,0.0011388076162447555,0.0010198127611730937,0.0010151619757209664,0.0010514320363693933,0.23139666440303652,0.2583967310751104,0.259580530100786,0.25062607442106705,0.0009859111322197283,0.03139922184099039
2023-09-04,0.0083525408232604,6.976493820423314e-05,5.3244506409205626e-05,0.0005437121229322,0.0008863423942343,0.0010528968424165,0.0009861605685788,0.0011071306016855232,0.001020515554545251,0.0010195025749717014,0.0010546247455074536,0.23693247208977897,0.2570418346053382,0.25729723182982306,0.24872846147505978,0.0008728437764400823,0.02954392960389803
2023-09-05,0.0094467414485886,8.924092399648187e-05,8.185089617394576e-05,0.0005152752918486,0.000802157433121,0.0009221519194721,0.0008662745645946,0.0010793424538725123,0.0010219594578429977,0.0010239621957603246,0.0010574847905343537,0.24207777862189622,0.2556704393707026,0.25517038098437994,0.24708140102302123,0.000779170831107794,0.02791363163595511
2023-09-06,0.000981970781341,9.642666154075522e-07,6.347884085227406e-05,0.0004897132297774,0.0007494205250185,0.0008313410648114,0.000787160305376,0.0010558554526113163,0.0010231817108771915,0.0010271508036548075,0.0010594503786548093,0.24651877491145155,0.2543909746375043,0.25340796281827416,0.24568228763276995,0.0007154291134349784,0.02674750667697792
2023-09-07,0.0051937752326955,2.697530116776192e-05,7.05531848293575e-05,0.0004603882919877,0.0006975507322229,0.0007216400336127,0.0007242694661821,0.0010380270153878134,0.0010258634324214891,0.0010313111772839022,0.0010625565751375958,0.25029513246627166,0.25326286239366974,0.2519250397385534,0.24451696540150517,0.0006507920097851795,0.025510625429126185
2023-09-08,0.0038975252438547,1.5190703026485113e-05,5.988010527172807e-05,0.0004343835125385,0.0006676835768722,0.0006586615804715,0.0006844353731119,0.0010191976862471345,0.0010266358726181378,0.001032978772023424,0.0010637737065949892,0.2539676079667343,0.25212756082768684,0.2505793975943828,0.24332543361119596,0.0006102483292554903,0.024703204837743024
2023-09-11,0.0372638649004216,0.0013885956273168,0.0003822615188535,0.0004092319439678,0.0006454695493408,0.0006042239028318,0.0006562199832799,0.0010004119208640255,0.0010265690899281049,0.0010332077634176186,0.0010639428647289833,0.2575285041659799,0.25096663055379004,0.2493540937765798,0.2421507715036503,0.0005769500872662096,0.024019785329311535
2023-09-12,-0.0307752053737071,0.0009471132657938,0.0005064124647301,0.0004679937649687,0.0008880185733772,0.0007266185007786,0.0007821901340591,0.0009933344747566457,0.0010289560293318535,0.0010365500140257881,0.0010661452865461816,0.2593767514128218,0.2503973559453678,0.2485628919419709,0.24166300069983945,0.0007133810160496653,0.026709193474338856
2023-09-13,-0.0066475224296736,4.4189554453013754e-05,0.0002833533391179,0.0004967409350182,0.0009677284343761,0.0009742432638012,0.00098125262848,0.000980912803786098,0.001026463405142251,0.0010350508284868918,0.0010640326372784684,0.26142415069680025,0.24982312603912088,0.247750438509644,0.2410022847544349,0.0008494743408930377,0.029145743100717773
2023-09-14,0.0003572847753862,1.276524107228085e-07,8.579110219388728e-05,0.0004695878521843,0.0008518763539735,0.0008889319164477,0.0008677340480389,0.0009793394164347292,0.0010197595845258538,0.0010267075058692232,0.0010574491939522005,0.2603921935347129,0.2500710390273164,0.24837876162651426,0.2411580058114565,0.000765359437025807,0.02766513034536087
2023-09-15,0.008004284401351,6.406856877771194e-05,0.00010758521392,0.0004414202401979,0.0007660192691836,0.000761166882049,0.0007787353652639,0.0009662012092714739,0.001018118974764742,0.0010251543032595639,0.001053444642194466,0.2625579952456937,0.2491691627384729,0.2474591890251781,0.2408136529906553,0.0006826546406381287,0.026127660450911572
2023-09-18,-0.0149135762804708,0.0002224147574734,0.000232106110195,0.0004187791399127,0.0007204967767748,0.0007022841614035,0.0007252309354016,0.0009536016239975715,0.0010161941252659096,0.0010229359221194615,0.0010501598027454898,0.26464274307601826,0.24834206703411763,0.24670533522137006,0.24030985466849408,0.0006372939093123493,0.025244680812249325
2023-09-20,-0.0129305619875042,0.0001671994333126,0.000323457355185,0.0004069972769663,0.0007196856877705,0.0007638187331929,0.0007433995898832,0.0009415489455270353,0.0010134230064708296,0.0010198720751735863,0.0010465309241999273,0.26652688933344576,0.24762424970044333,0.24605842018352575,0.23979044078258507,0.0006528914927830409,0.025551741482392955
2023-09-21,0.0036165586566426,1.307949651693701e-05,0.0001072212979973,0.0003926094063471,0.0007087929749353,0.0007926284352627,0.0007405172210285,0.0007983539280712318,0.0008522340812601543,0.0008605243819448426,0.000895944883999295,0.2662686552014149,0.24943455263836437,0.24703149761062743,0.23726529454959341,0.0006528402632417565,0.02555073899600081
2023-09-22,-0.0058049281462011,3.369719078255778e-05,8.475116865689352e-05,0.0003698376117573,0.0006726090790425,0.0007051949719488,0.0006939684557744,0.0007959635187179124,0.0008496643620787562,0.0008580371695490953,0.0008840853418841802,0.26561990433489124,0.2488320837402831,0.24640395684375768,0.23914405508106806,0.0006053242117819406,0.0246033374114558
2023-09-25,0.0069537062558922,4.835403069323484e-05,0.0002525564164083,0.0003496691864988,0.0006522374880339,0.0006749313214801,0.000670336479577,0.000779249534182853,0.0008344717831869473,0.000841395144872355,0.0008618620827587518,0.2656670535606499,0.24808619285391514,0.24604483279526634,0.24020192079016867,0.0005817861718529913,0.02412024402556888
2023-09-26,-0.0097772495085474,9.55946079523906e-05,0.0001266901851459,0.0003315902771505,0.0006413397563512,0.0006307070333017,0.0006501770817448,0.00076277042584164,0.000819280880651327,0.0008290058169000885,0.0008521243206792429,0.2669324045859855,0.24852056080585816,0.2456052053752041,0.2389418292329523,0.000558157737615704,0.023625362168984924
2023-09-27,0.0102605302972923,0.0001052784819816,0.0001652413104109,0.0003174305369986,0.000642895081815,0.0006532070940746,0.0006577079412435,0.0007450198257779635,0.0008020996373302471,0.0008150513413870259,0.0008377083681948759,0.26793354070238823,0.2488665877952251,0.2449119333690893,0.23828793813329746,0.000561747474539751,0.02370121251201615
2023-09-28,-0.0032468351743594,1.0541938649457786e-05,0.0002427087161461,0.0003047014136976,0.0006457519700119,0.0006289857525507,0.0006476396265971,0.0007280066315265981,0.0007909658853404857,0.0008049371072160015,0.0008281455019961358,0.2699850077325102,0.24849475771944118,0.24418165628098404,0.2373385782670645,0.0005500274439091516,0.023452663897927495
2023-09-29,-0.0250978333695514,0.0006299012398457,0.0003356575460446,0.0002870518451947,0.0006299083113305,0.0005919692963557,0.000632600951361,0.0007131744602017355,0.000785186342563551,0.0007996102458637224,0.0008230994004565082,0.27272929535004337,0.24771644315339614,0.2432479686179711,0.2363062928785893,0.0005278090083747543,0.022974094288453557
2023-10-03,-0.0111015268858701,0.0001232438991976,0.0001754681028446,0.0003076228088737,0.0007353875407394,0.0007844331611493,0.0007927385853262,0.0007008671000623073,0.0007779095219553407,0.0007932009052268817,0.0008163737196619252,0.274493898815443,0.24730863605320488,0.2425410026386037,0.23565646249274838,0.0006433794499506801,0.025364925585356645
2023-10-04,0.0320295398807587,0.0010258914249731,0.0007354298887474,0.0002965600742932,0.0007110712117915,0.0007898018524588,0.0007618358065597,0.0006884586943265266,0.0007756361273070249,0.000792366041335173,0.0008150923552679837,0.27769226500095345,0.24648111073796902,0.24127694047183773,0.23454968378923977,0.0006268673829036394,0.025037319802719286
2023-10-05,0.0005678255453845,3.2242584999130737e-07,9.534104923027884e-05,0.000340319955334,0.000863974348004,0.0008515499484761,0.0008153869350664,0.0006853390631267058,0.0007725008854189383,0.0007896975606676793,0.0008118664371918761,0.27784169588958824,0.246492620465076,0.2411249281275624,0.23454075551777337,0.000704089762502303,0.026534689794725376
2023-10-06,0.0047528256909452,2.258935204850959e-05,0.0001390545951192,0.0003199201035649,0.0007741590649722,0.000734640766681,0.0007433131447974,0.0006797548964211186,0.000777573189103676,0.0007947592734698466,0.0008158039156142885,0.28068360864736397,0.2453737603056107,0.2400677333278497,0.2338748977191756,0.0006299604793744909,0.02509901351397084
2023-10-09,-0.0144291679137634,0.0002082008866835,0.0001424478298485,0.0003020802584739,0.0007181740711799,0.0006665608688014,0.0006968660338112,0.00067198020798778,0.0007789697545779941,0.0007960873007086695,0.0008167917227643639,0.28332921281350315,0.24441465440282245,0.2391592268661326,0.2330969059175418,0.0005829719276105932,0.02414481160851319
2023-10-10,0.0225474382652232,0.000508386972324,0.0003293469517204,0.0002964474961665,0.0007154657122172,0.0007292898644664,0.0007202857679489,0.0006674183328725518,0.0007795984421361877,0.0007967176015903756,0.0008172426603240423,0.2848608225230755,0.24387085067551056,0.23863077066396218,0.23263755613745182,0.0006005240326317174,0.024505591864546292
2023-10-11,-0.003890172335722,1.5133440801617352e-05,0.0001763201499308,0.000309163864736,0.0007699178781019,0.0007505878158097,0.0007325900751182,0.0006623683468804682,0.0007767120170684269,0.0007939948901161403,0.0008143477232318879,0.28568324507164633,0.2436263822513814,0.238323371000379,0.23236700167659333,0.0006250076211181236,0.025000152421897823
2023-10-12,0.0071072945234196,5.051363544263121e-05,5.5541520537049664e-05,0.0002915220392999,0.0007139357861526,0.000692179502633,0.0006913812044556,0.0006570503720706456,0.0007784801476731712,0.0007950425428583784,0.0008152006946573007,0.2876498080529514,0.24278128860723291,0.23772364775315963,0.2318452555866561,0.0005820273971134705,0.024125243980392622
2023-10-13,-0.0208841584177063,0.0004361480728158,0.0003149528575889,0.0002770615350685,0.0006830703306108,0.0006448244566705,0.0006646540088276,0.0006543415129903121,0.0007808466689081759,0.0007971292578388375,0.0008170475041045503,0.28904045322420563,0.24221294014430025,0.23726536897027378,0.23148123766122028,0.0005523799099826615,0.02350276387965172
2023-10-16,-0.0103196478370894,0.0001064951314815,0.0001109406698011,0.0002866067273333,0.0007346790092446,0.0007813801681549,0.0007611599303535,0.0006490687084207064,0.0007769171705524344,0.0007934802228128856,0.0008132907966787333,0.28972736269559174,0.24205021104791444,0.23699767138784872,0.2312247548686452,0.0006220513191143997,0.024940956659967952
2023-10-17,-0.0003912267625652,1.5305837974725918e-07,8.959751064418407e-05,0.0002758000315822,0.0007074572812734,0.0007792847118923,0.0007358489596522,0.000644440061438772,0.0007768113835982924,0.0007947517857440965,0.0008135998647251788,0.2913285242472268,0.2416851452344787,0.2362294434972199,0.2307568870210746,0.0006052225410231794,0.024601271126167026
2023-10-18,-0.0091215845064324,8.320330390798903e-05,0.0001019036381667,0.00025926121319,0.0006692915218971,0.0006817984425785,0.000689468194944,0.0006408566859708425,0.0007779797450826237,0.0007980486612125314,0.0008151779668758214,0.293003386864437,0.24135998484669252,0.2352903884318016,0.23034623985706898,0.0005567416317232404,0.023595373099894824
2023-10-19,-0.0017260165448666,2.97913311315346e-06,6.479808273669324e-05,0.0002486977386331,0.0006592946938378,0.0006881370957962,0.0006809033458232,0.000637191064408663,0.0007776117767485659,0.0007990882733805169,0.0008150942460965305,0.2942425044168274,0.24110835276643688,0.23462826427231148,0.23002087854442416,0.0005502173012552312,0.02345671121993088
2023-10-20,-0.0035238023880023,1.241718326969106e-05,0.0002373708947689,0.0002339546223019,0.000637561729313,0.0006245821536716,0.0006530431794751,0.0006343484060701184,0.0007782628263918175,0.0008015536023594385,0.0008160185321258146,0.2955212686450535,0.24087421288503147,0.23387512098129806,0.22972939748861684,0.0005188081894094907,0.022777361335534253
2023-10-23,-0.0361982261183018,0.0013103115741117,0.0007936789375051,0.00022066237596,0.0006247739450957,0.000590925018534,0.0006367752292856,0.0006348561506829089,0.0007819672154929027,0.0008054037975527313,0.0008197527905156223,0.2963345231121977,0.2405852712621465,0.23358443954338087,0.22949576608227487,0.0004998693973408228,0.022357759220029694
2023-10-25,-0.0226266052763321,0.0005119632663309,0.0008734073304439,0.0002860413278491,0.0008594831745262,0.0009276407081585,0.0009826734326925,0.0006472120719618487,0.0007821840373531168,0.0008081143025146869,0.0008202223066255061,0.29261986154199326,0.24212601873935194,0.23435683083005546,0.23089728888859926,0.000736100180956506,0.02713116622920043
2023-10-26,-0.0241255262417638,0.000582041016442,0.0004969396901188,0.000299596644158,0.0008670517199606,0.0010368039396968,0.0009973308614089,0.0006475340410085957,0.0007821806163655414,0.0008095706352332043,0.0008213886017527704,0.2927360333657131,0.24234370255161197,0.23414454327326703,0.2307757208094079,0.0007707489906908249,0.027762366446159176
2023-10-27,0.0262059288374087,0.0006867507062313,0.0002844464911382,0.000316543306495,0.0008852563871147,0.001143410299266,0.0010265259445018,0.0006477684285287087,0.0007805664514239976,0.0008101078659914864,0.0008206572672874449,0.29249976898153185,0.24273668866054998,0.23388504624169196,0.23087849611622624,0.0008119023850541817,0.02849390083955129
2023-10-30,0.0164009717890458,0.000268991875625,0.0002103610696937,0.0003387557504792,0.0009170765103646,0.0010918310951242,0.0009587776241941,0.0006483835872990441,0.0007776934841525133,0.00081003415425738,0.000818783831204924,0.2918811186743672,0.24334899371978058,0.23363326817305002,0.23113661943280214,0.0007987427392593821,0.028262037068466635
2023-10-31,-0.0019375317248754,3.754029184898708e-06,0.0001322349907334,0.0003345699179879,0.0008600859448361,0.0009954265408666,0.0008687788474245,0.0006464089467111383,0.0007774603987382711,0.0008135964309733484,0.000819336931790021,0.29283553301272075,0.24347414834446354,0.23266020012881342,0.23103011851400232,0.0007396928714805179,0.02719729529715258
2023-11-01,-0.034289938167668,0.0011757998595424,0.0007827860714682,0.0003147209646598,0.0007721978083582,0.0008561471640358,0.0007804616206249,0.0006459127008465245,0.0007808070903389494,0.000820360604132722,0.0008227686761248818,0.2941490379246081,0.24333103770204428,0.231598882954833,0.23092104141851477,0.000658982300045953,0.025670650557513205
2023-11-02,-0.0009023957779177,8.143181400037687e-07,0.0006257527360013,0.0003663856983527,0.0009330157179937,0.0011341974514759,0.0010429696729773,0.0006549699404965506,0.0007824736963829608,0.0008213970943892779,0.0008242900924158291,0.29162830895755126,0.24410760009950974,0.2325401166740849,0.2317239742688542,0.0008400321547732351,0.028983308209609805
2023-11-03,0.0065464422983808,4.285590676602997e-05,0.0002926355446096,0.00034445141554,0.0008204954675646,0.0009454841107594,0.0008975930493563,0.0006549396664973371,0.0007862946178688692,0.0008308021986090351,0.0008307620559921965,0.2932872569218225,0.24429196623132862,0.23120480248836006,0.23121597435848892,0.0007276019804301489,0.026974098324691945
2023-11-06,0.0072166198056838,5.2079601419788144e-05,5.210023543381296e-05,0.0003263556850135,0.0007530091103361,0.0008337103977589,0.0008034655007269,0.0006545546230222873,0.0007879012609844238,0.0008359152916349765,0.0008339669442143286,0.2942331443894514,0.24443629480408585,0.23039614998525423,0.23093441082120847,0.0006577189141470321,0.025646031157803582
2023-11-07,-0.0056482265939302,3.19024636563813e-05,7.971506261287054e-05,0.0003098991199979,0.0007095353306918,0.0007536160815969,0.0007407086263146,0.0006512954706219099,0.000792382483376031,0.0008405000301321779,0.0008388121843686194,0.29644684725614373,0.24366324716752552,0.22971383935311515,0.2301760662232157,0.0006083657410718498,0.02466507127643968
2023-11-08,0.0118399448852652,0.0001401842948861,0.000278702028062,0.0002932193206174,0.0006766344486874,0.0007111467073637,0.00070148942853,0.0006517586228103338,0.0007929646372612553,0.0008418761973156414,0.000838920265248479,0.29647179267650325,0.2436780131385435,0.22952073940689202,0.2303294547780611,0.000576608791414848,0.02401267980494572
2023-11-09,-0.0202483641467427,0.000409996250619,0.0002804861832751,0.0002840372190735,0.0006748934122141,0.0006820724045482,0.0006809700038426,0.0006520369227878943,0.000793890778108139,0.0008432895538878709,0.0008397714237122219,0.2966504893417476,0.2436444376830495,0.22937207193205128,0.23033300104315163,0.0005619920311886513,0.023706371109654283
2023-11-10,-0.0043214440478114,1.8674878658365302e-05,0.0001087007761888,0.0002915947609663,0.0007243002330352,0.0008058161871808,0.0007650154566484,0.000650819896929583,0.0007888026789196545,0.0008389421909511113,0.0008350415116345183,0.29583856451260654,0.24408845102756274,0.22950046634990415,0.2305725181099265,0.0006243850284468637,0.02498769754192778
2023-11-13,0.0038698632201991,1.4975841343050189e-05,0.0001574113069484,0.0002752195680278,0.0006840446929247,0.0007384785390839,0.0007143094141315,0.0006439688712214075,0.0007923466172706562,0.0008433220192819671,0.0008389896527360534,0.29905210978230945,0.24305051018740087,0.22835909079768082,0.2295382892326088,0.0005811620527397123,0.024107302892271303
2023-11-15,0.0052938432158116,2.8024775993594775e-05,6.282304463830098e-05,0.0002596049444267,0.0006563880212681,0.0006653816782958,0.0006764241811164,0.0006431131145819482,0.0007891884533501431,0.0008392993955551416,0.0008345980104666252,0.2983542222602261,0.2431301577106558,0.22861390600613474,0.22990171402298326,0.0005446685375250092,0.023338134833893843
2023-11-16,-0.008801024898677,7.745803926713382e-05,9.906805018365397e-05,0.0002457101343207,0.0006403093292586,0.0006157085578267,0.0006521514997461,0.000643450048160882,0.0007896324303808823,0.0008387983105935249,0.0008343728823836555,0.2982261246516365,0.24301637937713386,0.22877205622189056,0.22998543974933922,0.0005197250982836483,0.02279748008626498
2023-11-17,0.0013138403706296,1.7261765194961448e-06,9.996819294321864e-05,0.0002356150086175,0.000638805417818,0.0006317058891392,0.0006540573233173,0.0006267799640388026,0.0007873358860045066,0.0008371499657354325,0.0008328188186848219,0.30327066777461537,0.24142679334282122,0.22706084455824965,0.22824169432431363,0.0005183986889545045,0.02276837036229217
2023-11-20,-0.0270511479329989,0.0007317646044929,0.0004441339302217,0.0002215816786916,0.0006236030735658,0.0005720307914821,0.0006342295686472,0.0006272107182856357,0.0007898078205427278,0.0008399285400599781,0.0008360663139735446,0.3038528877415226,0.2412989375599818,0.22690000265965007,0.22794817203884557,0.0004921682509864285,0.022184865358762684
2023-11-21,0.0215352476403806,0.0004637668909325,0.000412057046133,0.0002521926542397,0.0007502573163154,0.0007902395534968,0.0008218530614024,0.0006306312850081493,0.0007874382394029021,0.0008383782367723221,0.0008347533039814085,0.3022482608213692,0.24205988428729566,0.2273522865372535,0.22833956835408165,0.0006251563329996572,0.025003126464497538
2023-11-22,-0.0109859648637822,0.0001206914239882,0.00038478056676,0.0002648871084412,0.0007848579501653,0.000793714350413,0.0007966452440315,0.0004146134783114115,0.0006721236056032757,0.0007280387711323619,0.0007192282836642916,0.36194712527764134,0.22327464074332418,0.2061266000198989,0.20865163395913555,0.0006009409765716794,0.024514097506775145
2023-11-23,0.0011960464874655,1.4305272001787698e-06,6.588418925552722e-05,0.0002562353673741,0.000743728272017,0.0007959249057645,0.0007637789834151,0.0004066799039817314,0.00064625096690465,0.0007009552244153037,0.0006832988847421358,0.3565517603833734,0.22437480654264416,0.20686404869609215,0.21220938437789016,0.0005849643747996144,0.024186036773304023
2023-11-24,0.0228155227691008,0.0005205480792273,0.000614355688607,0.0002409470769636,0.0006938254318291,0.0006962627345436,0.0007084878658518,0.000405991864564852,0.0006414397353053804,0.0006958079662994097,0.0006738517388143848,0.3547463654184679,0.2245326106516932,0.20698834350780312,0.21373268042203591,0.0005368068160405532,0.023169091825976977
2023-11-28,0.085253765849799,0.0072682045915723,0.0035534394213636,0.0002577231370994,0.0007577025780315,0.0007253834163217,0.0007258866280054,0.0004022472016611631,0.0006284373904436685,0.0006788681079166777,0.0006569082636596144,0.3515018283127646,0.22498761048856789,0.20827407440230794,0.21523648679635965,0.0005683796936267996,0.023840715040174435
2023-11-29,-0.0111617535077337,0.0001245847413674,0.000467878008081,0.0006783520243678,0.0020652540308326,0.0011620239748787,0.0014504279773358,0.00098919334498507,0.0010448567807198501,0.0010765584716327659,0.0010638636126006277,0.26347779854922615,0.2494413489824424,0.24209598618542788,0.2449848662829035,0.0013305446937141123,0.03647663215970071
2023-11-30,-0.0160040316493594,0.0002561290290336,0.0002779055710994,0.0006451259873878,0.0016020727693672,0.0010788843729463,0.0012075079797728,0.0009893454041808168,0.0010687497853513763,0.0010769475978501795,0.0010708327915038454,0.26537424198554055,0.24565786145168128,0.24378789387753197,0.24518000268524623,0.0011238373490420413,0.03352368340505025
2023-12-01,0.0017579320770972,3.090325187687506e-06,0.0001546213772769,0.0006217861698865,0.0013164883690545,0.0010738852717726,0.0010792073625005,0.0009832132387882237,0.0010792975065446282,0.0010795757316609583,0.0010748578411917216,0.2676334647043062,0.24380744330863885,0.24374460996375405,0.24481448202330086,0.0010133397885170067,0.031832998421716524
2023-12-04,0.0688884450280725,0.0047456178583857,0.0006462182446053,0.0005846644192046,0.0010777736906141,0.0009023832034976,0.0009222310966184,0.000985043919522169,0.001087309687460524,0.0010800810083208417,0.0010762503223414473,0.26786593829043687,0.24267208947283028,0.24429622567876405,0.24516574655796872,0.0008647055627472409,0.029405876330203813
2023-12-05,0.1562762969087059,0.024422280975498,0.0104094283751635,0.0008343216255555,0.0018068107753883,0.0011880787672641,0.0013169042900175,0.001120324350299035,0.0011812480933606462,0.0011817952681096025,0.001178115661831016,0.25991880186203475,0.24651329764109395,0.2463991612459069,0.2471687392509644,0.0012804979445621596,0.03578404595014599
2023-12-06,-0.0258087796876432,0.0006660931089653,0.003851355326707,0.002249599186552,0.0059832744609024,0.0023005420031653,0.0036625905944634,0.003244271669687785,0.0031482060127082886,0.003222144252073691,0.003205547382425287,0.24694637801785008,0.25448180166777307,0.24864223183667652,0.2499295884777003,0.0035655664939317068,0.059712364665383225
2023-12-07,0.0011089120113085,1.2296858488243346e-06,0.00036992399119,0.0021545888218968,0.0043278786900173,0.002096427607096,0.0028542140107142,0.0032500936805808333,0.003220725323758098,0.0032272659027703854,0.0032272096673639757,0.2485532384503287,0.2508196845028403,0.25031135763615125,0.25031571941067987,0.0028602614707701076,0.0534814123857075
2023-12-08,-0.0227709198750113,0.0005185147919541,0.00124477479014,0.0020253872737339,0.0030944669853364,0.0015937194514877,0.0021238428771546,0.0032614813727846583,0.0032676559306388103,0.003237339462351136,0.003246911955055692,0.24937314490760085,0.24890192977871706,0.2512328028764048,0.2504921224372772,0.002207696513211264,0.046986131073022644
2023-12-11,0.0118531183591903,0.0001404964148369,0.0005205727953457,0.0019349749248271,0.0023652813891169,0.0015480730092915,0.001771787023739,0.0032668297240752045,0.0032834542269143717,0.0032392489303322554,0.003252372017635002,0.2495074267316384,0.2482441422033837,0.2516318737939126,0.2506165572710653,0.0019035415399996244,0.04362959477235177
2023-12-12,0.0006475517751016,4.193233014372956e-07,0.0001345629643611,0.0018273062142277,0.001806014820373,0.00129463157821,0.0014056721219348,0.003272592210732012,0.003294595907008236,0.0032427612997428714,0.0032578115339197264,0.24955968294521763,0.24789294273752285,0.25185544017193895,0.25069193414532054,0.0015821709569288959,0.039776512629049014
2023-12-13,0.0060705057513095,3.6851040076682414e-05,0.0003926984756184,0.0017176930007722,0.0014051599435359,0.0010523626472173,0.0011429892914953,0.0032804967786419117,0.0033028230711138074,0.003246938091612776,0.0032627894385558855,0.24943858965487725,0.24775244456429754,0.25201665900114534,0.25079230677967973,0.0013284565700354039,0.036447998162250334
2023-12-14,0.0065867305717504,4.3385019624832553e-05,8.99340591934891e-05,0.0016168424831304,0.0011434943244657,0.0009095542571438,0.0009689822666783,0.0032871466193483087,0.0033053939743431866,0.003247364783348507,0.003263671628313875,0.2491328410499072,0.24775750866084656,0.25218484243750383,0.2509248078517423,0.001158635352454071,0.03403873312058002
2023-12-15,0.0332183559496778,0.0011034591719994,0.000467621459274,0.0015224350353201,0.00096945429467,0.0008072748307331,0.000851857072586,0.0032928593181202233,0.003306615903935216,0.003247262843011479,0.003263937140054616,0.24883406801568872,0.24779883824912352,0.25232807417934217,0.25103901955584573,0.0010366108187591986,0.032196441088406004
2023-12-18,-0.0037505851291548,1.406688881103736e-05,0.0001786991759617,0.0014972964835208,0.0010515795683931,0.0008725548782753,0.0008845314174544,0.0032929432018231363,0.0033054191531755495,0.0032462407422582033,0.0032627945441500088,0.24876535459551713,0.24782641634948022,0.2523442493345658,0.2510639797204369,0.0010753428702143224,0.032792420926401916
2023-12-19,-0.0132899774238144,0.0001766234999254,0.0002601610268022,0.0014083027078383,0.0009023940724239,0.0007833414612577,0.000793963225245,0.003298408471990506,0.0033075068494590916,0.0032475412863299407,0.0032640837883111595,0.24854425542807296,0.2478605533054597,0.25243727653882675,0.2511579147276406,0.000970848175130369,0.031158436660563844
2023-12-20,-0.0549996920293383,0.003024966123322,0.0017882580276683,0.0013344019553635,0.0008329382551498,0.0008120836290324,0.0007773440308009,0.0033020938749812184,0.0033080648810033643,0.0032475724689904023,0.0032642091445018485,0.24834913203769737,0.24790086568974654,0.25251850592683606,0.2512314963457201,0.0009382431306461021,0.030630754653552073
2023-12-21,0.0056951246814741,3.243444513753606e-05,0.0004408082272873,0.001435835805441,0.0013203036872199,0.0014346215040418,0.0015493679191517,0.003308935885862297,0.0033189319676327073,0.003258559929545307,0.003275734827919571,0.248596474458649,0.24784774242353688,0.2524396706583991,0.25111611245941506,0.0014354046359515284,0.03788673430043197
2023-12-22,0.0030671118577517,9.4071751479615e-06,0.0001433094268691,0.0013516317238228,0.001085829405878,0.0011785445346779,0.0012436635614839,0.003313608171365284,0.003322070045243379,0.0032624325999279185,0.003280476207280295,0.24855595847097461,0.24792284443557314,0.2524548875122045,0.25106630958124765,0.0012149293821642805,0.03485583713188195
2023-12-26,0.0201282038143353,0.0004051445887914,0.0003903511574302,0.0012710982509023,0.0009244613525498,0.0009840259000437,0.0010342471333386,0.0033179077813090636,0.003324061202602826,0.0032649202930762466,0.003283362035709785,0.24845340148018744,0.247993470583013,0.2524856351966592,0.25106749274014034,0.0010531873023543821,0.03245284736898108
2023-12-27,-0.0077423883523228,5.994457739818447e-05,0.0001646808288879,0.0012191410311756,0.0008905525161711,0.0009358443069308,0.0009342591178319,0.0033196508463625035,0.0033239906359000685,0.003265044740564359,0.0032835859050326273,0.24836067896820613,0.24803642020992692,0.25251437687725614,0.25108852394461084,0.0009945720372777583,0.03153683619638721
2023-12-28,-0.0118341587701066,0.000140047313796,0.000203153570947,0.001149589243949,0.0008031366833334,0.0008715985879174,0.0008402485629072,0.0033229094491357,0.003324995495717793,0.003266236376538661,0.0032847512116645143,0.2482411750545985,0.24808543269181207,0.25254845368161344,0.251124938571976,0.0009157501406983395,0.030261363827467188
2023-12-29,0.0138017267115005,0.0001904876602189,0.0001642189406129,0.0010890167281398,0.0007595994717432,0.0008660177006938,0.0007986243426338,0.003325247553544687,0.0033250862107136077,0.0032666259314497073,0.0032849652958013586,0.24812314971930347,0.24813518937448684,0.2525758730555827,0.25116578785062693,0.000878015908501449,0.029631333221801698
2024-01-01,0.0236736230600174,0.0005604404287877,0.0004742633702782,0.0010351049840646,0.000739892492571,0.000811628881463,0.0007520509806931,0.003326975819769314,0.003325897840620467,0.0032677862041562305,0.0032859033324521654,0.24808129078215724,0.24816169808012534,0.2525748026965895,0.25118220844112804,0.000834301988684126,0.028884286189624384
2024-01-02,0.005196929286512,2.700807400900704e-05,0.0004947956871101,0.0010066251107479,0.0007960358277746,0.0008221754173513,0.0007595958836818,0.003327454976348252,0.003325039523524367,0.003266832117314531,0.003284859545658083,0.24800045162392517,0.24818060990083035,0.25260261539579826,0.2512163230794462,0.0008457106849833703,0.029081105291638595
2024-01-03,0.02379065307911,0.0005659951739305,0.0022587532767678,0.0009478480885436,0.0007336554557496,0.0007350235869689,0.0007083573833916,0.0033285260063504315,0.0033262730943689894,0.0032683025099194143,0.0032860439579412387,0.2480139128376268,0.2481818946899714,0.25258395032628866,0.2512202421461131,0.0007807683888341617,0.027942233068138304
2024-01-04,-0.0015662831912184,2.4532430350934667e-06,0.0001174674990856,0.0009249369136668,0.0007928994034953,0.0007617762477904,0.0007305989000615,0.0033286016479031465,0.0033244743374625974,0.003266527361204532,0.0032844102221855744,0.24791137516538672,0.24821915531442285,0.25262247048962405,0.2512469990305664,0.0008021177812058895,0.028321683940152453
2024-01-05,0.0027643705280397,7.641744416294763e-06,0.0002903901273084,0.0008695878934289,0.0007269521605555,0.0006792752477122,0.000686546059878,0.0033305102371163227,0.0033246246036859675,0.003266704798157569,0.003284437505794657,0.24781121052144658,0.2482499144711932,0.2526514712867104,0.25128740372064984,0.0007400997078724788,0.02720477362288609
2024-01-08,-0.0144389246096223,0.0002084825438823,0.0002212455470092,0.0008178711244882,0.0006837529382351,0.0006150625810369,0.0006568516680057,0.0033323466311283483,0.0033252695633885724,0.0032673195231664636,0.003285001017787191,0.2477428635697909,0.24827012699734374,0.25267351140570454,0.25131349802716085,0.0006928628756785239,0.02632228857220671
2024-01-09,0.0170962579791512,0.0002922820368896,0.0003109745845655,0.0007813078096518,0.0006924630841472,0.0006865348751244,0.0006932705922209,0.003333162863058065,0.0033257281420643763,0.003267616667712466,0.003285397071343769,0.24771890133579327,0.2482726810909694,0.25268797609238647,0.25132044148085103,0.0007131765580844374,0.026705365717107066
2024-01-10,0.0273541237385643,0.0007482480855046,0.0003244376672265,0.0007519662632861,0.0007140043742249,0.000688426618313,0.0006914714786836,0.0033335445915131457,0.003324701755593855,0.0032666334948727588,0.003284499157109129,0.24764273042043647,0.24830139522488953,0.25271524519549743,0.25134062915917665,0.0007112780390849786,0.02666979638251816
2024-01-11,-0.005599585605501,3.135535895333431e-05,0.0001540362712528,0.0007517431726192,0.0008138981204474,0.0007429994981932,0.0007384174587089,0.003333399419487832,0.0033236013336455815,0.003265592102800289,0.0032834651288060103,0.24759093966432366,0.24832084588262862,0.2527319605653691,0.25135625388767874,0.0007616182343305892,0.02759743166185196
2024-01-12,0.0075021695739222,5.628254831588406e-05,0.000121357356571,0.0007085199037992,0.0007464345411458,0.0007024533066365,0.000699787691431,0.0033346332918480826,0.0033249835891144223,0.003266773123588558,0.0032846012365156853,0.24759171673314315,0.24831027260018967,0.2527349008238458,0.2513631098428214,0.0007142063008453396,0.02672463846051691
2024-01-15,-0.0047146389315795,2.2227820255165313e-05,0.0001469715529681,0.0006693856624702,0.0007059194476309,0.0006546339808951,0.0006709551861484,0.0033356151977484414,0.003325188332665633,0.003266676357033796,0.0032845644811389015,0.24753810976530694,0.2483143203781077,0.25276207089729075,0.2513854989592947,0.0006751234144120521,0.025983137116446352
2024-01-16,-0.0107388054394242,0.0001153219422658,0.0001848907757943,0.0006305561919373,0.0006723991204144,0.0006251791157377,0.0006516008211697,0.0033364715815412125,0.003325106017957321,0.0032661479776507516,0.003284258994511206,0.24747286972933574,0.24831875813740661,0.25280122110335984,0.25140715102989786,0.0006448780148241393,0.02539444850403606
2024-01-17,-0.0283550638437266,0.0008040096455818,0.0003916019620102,0.000599642136957,0.0006673964252517,0.0006579914133256,0.0006640968089006,0.003337057153667337,0.0033250229007294268,0.003265897005193791,0.003284056095997552,0.24743000311722438,0.24832552634543653,0.2528212189855236,0.25142325155181533,0.0006474245946361399,0.025444539583889897
2024-01-18,-0.0177085312751664,0.0003135920799235,0.0004179241988145,0.0006119041874745,0.0007931317451894,0.0008827667250525,0.0008619422821289,0.003337010676378945,0.0033239899480374175,0.003264753372008238,0.003282939386340668,0.2473704438994921,0.24833944302406527,0.25284538164223724,0.25144473143420526,0.0007882672414632201,0.02807609733319822
2024-01-19,-0.0011141154877334,1.2412533200074936e-06,9.06867893656098e-05,0.0005940054610215,0.0007854269804606,0.0009410630372688,0.0008610362830632,0.0033371103431278247,0.0033235866747294337,0.003264623736941263,0.0032826608798870644,0.24734966983464232,0.24835613521095676,0.2528417386157382,0.2514524563386625,0.000796442366884253,0.02822131050968847
2024-01-23,-0.0065723771491557,4.3196141390744325e-05,0.0006946202569874,0.0005584396085594,0.0007217199270619,0.0008083078395083,0.0007745283450941,0.003335022140265193,0.0033239501813359497,0.0032655572178860457,0.003283385811998098,0.2475045655378142,0.24832899437547307,0.2527694818404287,0.2513969582462842,0.0007164699601958772,0.026766956498561378
2024-01-24,0.0023792494640087,5.660828011986092e-06,0.0001435169241563,0.0005275250005292,0.0006869126059145,0.0007623711526007,0.000727493522878,0.0033355579135323932,0.0033248015302203304,0.003266609977668518,0.003284180826723974,0.24752561767569656,0.24832641146716794,0.2527501105073602,0.25139786034977535,0.0006767342021509711,0.02601411544048675
2024-01-25,-0.0033982131942891,1.1547852913840867e-05,0.0006535032454695,0.0004962131501782,0.0006565629754644,0.000676574292774,0.0006843668261997,0.0033360389762482207,0.0033257610302132408,0.00326754302693217,0.0032850651919998147,0.2475511158057594,0.24831614882708491,0.2527404120266826,0.251392323340473,0.0006289155405117264,0.025078188541274794
2024-01-29,0.0574319583133879,0.0032984298357107,0.0011479753111391,0.0004671332323423,0.000637338115191,0.0006305002218294,0.0006577445510504,0.0033362833862308253,0.003326704640251065,0.0032681390427198405,0.0032859205638085614,0.24758252266171044,0.2482953993219678,0.2527448943512378,0.2513771836650841,0.0005985998306656936,0.024466299897321898
2024-01-30,0.008593658274098,7.385096253197308e-05,0.0004531638818102,0.0006370110285444,0.0012405473331885,0.000872290582455,0.0009849599100731,0.0033562344560841796,0.0033433496707626193,0.0032845211528127506,0.0033023573688434824,0.24740213488901064,0.24835558687879714,0.2528038429322367,0.2514384352999556,0.000933869939414874,0.03055928564961678
2024-01-31,0.0163324812459483,0.0002667499436492,0.0002342153463288,0.0006032214245837,0.0010401712838397,0.0007895792264067,0.000865893242133,0.003356750148482077,0.003344914292202545,0.0032836434125645196,0.003302563910740184,0.2473894417138899,0.24826482016051407,0.252897297565401,0.251448440560195,0.0008248785061742015,0.02872069821877946
2024-02-01,0.0036534673049662,1.3347823348457256e-05,0.0008558325524829,0.0005830331357276,0.0009421151248952,0.0007658420300595,0.0008056525623812,0.0033551901330981146,0.0033459985636692304,0.0032840777910647045,0.0033030752929161275,0.24751382404226663,0.24819375275562455,0.25287340710731476,0.2514190160947939,0.000774353307338125,0.027827204447053697
2024-02-02,0.0012517431770456,1.5668609812802296e-06,0.0001679759646034,0.0005488520169849,0.000828939542363,0.0006851457661618,0.0007380981526623,0.003355664237960066,0.0033459826472331624,0.003282254576938615,0.003301918741318587,0.24743066954859383,0.24814660944679806,0.2529646100617683,0.25145811094283976,0.0007004197576508818,0.02646544459575319
2024-02-05,0.0050546103457598,2.5549085747462816e-05,0.0002153239777935,0.0005160149076246,0.0007509258573506,0.0006128217454649,0.0006911144807132,0.0033561821311983747,0.003346181442586221,0.0032813722965527514,0.003301443990178028,0.24737980962322806,0.24811915041733143,0.2530196581317382,0.2514813818277023,0.0006428291285072728,0.025354075185407034
2024-02-06,0.0095026433839148,9.03002312818608e-05,0.0001644442396216,0.000486586958312,0.0007031671360074,0.00057359541995,0.000661836389295,0.003356592615582341,0.0033462682799570826,0.0032806965505059503,0.003301137030737176,0.24733995805522982,0.24810308298331607,0.2530619531448569,0.2514950058165972,0.0006064140560179697,0.024625475752114306
2024-02-07,0.0081137636470808,6.583316052069071e-05,0.0001582594363561,0.0004628097546902,0.0006833149571428,0.000562070579328,0.000648852719238,0.0033567906305676295,0.0033460601300316297,0.0032799667048187334,0.0033006933340990387,0.2473028726832851,0.2480959497664089,0.2530952417035552,0.25150593584675074,0.0005894295546308085,0.024278170331201002
2024-02-08,-0.0191458714859012,0.0003665643949546,0.0003496697623771,0.00043899115904,0.0006654318279963,0.0005466807031067,0.0006374773532752,0.0033571236968204772,0.003346292995313081,0.003279764088524584,0.0033007560686877523,0.24728598949544758,0.2480863619502618,0.25311871001073194,0.25150893854355877,0.0005723472913024049,0.023923780873900447
2024-02-09,0.0145996961824468,0.0002131511286197,0.000385662568691,0.0004346455531949,0.0007098220497715,0.0006772063451283,0.0007236242888707,0.0033570973347614433,0.0033463406876397465,0.0032796584299625248,0.003300755985515014,0.24728630741460433,0.24808119705531284,0.25312520229554913,0.25150729323453375,0.0006369901770063789,0.0252386643269088
2024-02-12,-0.0142367580613402,0.0002026852800971,0.0002364257817342,0.0004213558877204,0.0007107993554785,0.0006686957528724,0.0007036644640637,0.003357034220413663,0.003345715007608921,0.003278631118922046,0.0033000074826778137,0.2472446223579494,0.24808109960987704,0.25315707316954306,0.2515172048626305,0.0006267826418473706,0.025035627450642625
2024-02-13,0.0027408812365308,7.512429952766794e-06,0.0003795500737447,0.000408235651263,0.0007094922627925,0.0007290447671311,0.0007233720415378,0.003356984796557425,0.0033452430442690246,0.0032778525247610405,0.003299406198698266,0.24721251307053485,0.2480802252375297,0.25318059358300116,0.25152666810893426,0.000643459307933554,0.02536649971780801
2024-02-14,0.0090046203187242,8.10831870843822e-05,0.0002549063446722,0.0003841922579844,0.0006720339860043,0.0006529963533686,0.0006817718706222,0.003357250276602236,0.00334548700199617,0.0032781433147886768,0.0032996386393953497,0.24721220147182532,0.24808143964556445,0.25317783637663677,0.2515285225059736,0.0005985054478348804,0.024464370987926105
2024-02-15,-0.0041868322222716,1.752956405745194e-05,0.0001643540239137,0.0003660057137304,0.0006607342178131,0.0006229893099392,0.0006613768821069,0.0033574080566366456,0.003345567759747261,0.003278238313959346,0.003299715804319267,0.24720820399144297,0.24808309840068707,0.2531783037899784,0.25153039381789155,0.0005784803715044202,0.024051618895708875
2024-02-16,0.0092872304459414,8.625264935602216e-05,0.0001235899828723,0.00034509714475,0.0006412532301736,0.0005954911341835,0.0006438236233147,0.0033575736853846067,0.003345587293661453,0.0032781613079393345,0.0032996880327296036,0.2471973883362931,0.24808303395527098,0.25318566361075995,0.2515339140976759,0.0005571044537230638,0.023603060261819096
2024-02-19,0.0108603529170041,0.0001179472654818,0.0001785393783205,0.0003295664750264,0.0006410860895246,0.0005786652588016,0.0006362292196184,0.0033570939243693265,0.0033463253156720864,0.0032787556140392708,0.0033004490581033602,0.247263197510518,0.2480589003690383,0.25317098185920195,0.2515069202612419,0.0005470340741617044,0.023388759568683935
2024-02-20,-0.0093104714280712,8.668487821293141e-05,0.000122258425949,0.0003168693224537,0.0006469149088946,0.0005722348838372,0.0006344351884234,0.0033570939716131044,0.0033468024156495454,0.003279024192412556,0.003300803512244211,0.24728374574924197,0.2480441535033289,0.25317128615690326,0.2515008145905258,0.0005432545021531083,0.02330782062212399
2024-02-21,-0.0016739576393882,2.802134178466255e-06,0.0003077435112857,0.0003030582557992,0.0006449593220698,0.0006008347538822,0.000644599417415,0.003357173882244356,0.003346485532307592,0.0032784721497827744,0.0033004074153103373,0.2472555039760324,0.24804521405389562,0.253191023826297,0.25150825814377503,0.0005491599380309817,0.02343416177359416
2024-02-22,0.0122876803551365,0.00015098708851,0.0001383556075767,0.000285042888502,0.000627926660012,0.000556418280233,0.0006284141116001,0.003357236504352484,0.0033461402764693978,0.0032777766852719356,0.0032999799873287216,0.24722437001688422,0.24804419755587018,0.25321757992716043,0.25151385250008523,0.0005251728575661066,0.022916650225678854
2024-02-23,0.0031363805574847,9.836883001368106e-06,0.0003030279828716,0.0002769995405025,0.0006442935806053,0.0005606240368258,0.0006326338198196,0.003357087058265587,0.0033466319668750094,0.003278116071571866,0.0033004663564542526,0.2472573115746132,0.24802975916224412,0.25321382849956797,0.25149910076357457,0.0005293587388301622,0.02300779734851127
2024-02-26,0.0164976766399616,0.0002721733345167,0.000216860014503,0.0002609697810524,0.0006287993217823,0.0005242118523915,0.0006205810433118,0.003232972153371446,0.003240402830244509,0.003168221257739049,0.0031915791334209583,0.24807038867589723,0.2475015301121344,0.2531403565032402,0.2512877247087282,0.0005090112428617234,0.022561277509523334
2024-02-27,-0.0076771099717415,5.893801751821399e-05,0.0001481006007058,0.0002616419942603,0.0006675929832786,0.0005531851817839,0.0006401312780329,0.003232181935845611,0.0032310308338029344,0.003165556295320619,0.003187303378349973,0.2478017668431266,0.24789004985083044,0.2530172644994322,0.25129091880661086,0.0005311495848333793,0.023046682729481467
2024-02-28,-0.0255485093634058,0.000652726330692,0.0004196772167779,0.0002494797556557,0.0006536087721928,0.0005702226860523,0.000640825871468,0.0032318977249003898,0.003227311861943101,0.003164417148633873,0.0031858197093700166,0.24769585690627033,0.24804782142146176,0.2529779225688457,0.2512783991034222,0.0005292007834679585,0.023004364443904086
2024-02-29,0.0204176612479306,0.0004168808908352,0.0003363865529671,0.0002736745501579,0.000755540496346,0.0007704776975308,0.0008045842094433,0.003231329957115207,0.003222854577367163,0.003161414131017518,0.0031827895180683934,0.24752499451287324,0.24817592935193225,0.2529991000093345,0.25129997612585997,0.0006523704130467379,0.025541542886966282
2024-03-01,0.0100997547371152,0.0001020050457498,0.0001353730786199,0.0002822669305985,0.0007796084353008,0.0007721653885018,0.0007800003669287,0.0031864205938063354,0.0031881789658589777,0.0031225708867240773,0.003144680626372002,0.24794395760585353,0.24780720940873396,0.25301386622930777,0.2512349667561048,0.000654510887225627,0.025583410390829973
2024-03-04,-0.0004821616496102,2.3247985635485586e-07,5.191136836158015e-05,0.0002714512175076,0.0007367095899565,0.0007209388754784,0.0007300946980717,0.0009384139109030058,0.0012836715641875174,0.0008722375363483655,0.000999518387277587,0.26696747136454363,0.19516361963323126,0.2872222054738875,0.2506467035283378,0.0006063130384932139,0.02462342458906181
2024-03-05,-0.0020974243610556,4.399188950349812e-06,4.980761815790369e-05,0.0002551780932485,0.0006888997292986,0.0006386610523925,0.0006855939826457,0.0009165452179832299,0.0010888735929584258,0.0008514291290710663,0.0009264261264607222,0.25591483267557125,0.2154129897323434,0.27548683512353195,0.25318534246855334,0.0005632268686809797,0.02373240124136156
2024-03-06,-0.0233043269647405,0.0005430916552795,0.0006667849008707,0.0002401313589906,0.0006576574802408,0.0005895612081096,0.0006566095874408,0.0008739683698177649,0.0009388591611720088,0.000811462953478279,0.0008545996027026455,0.24810352390601909,0.23095544177627725,0.26721445680882894,0.25372657750887473,0.0005356055916138287,0.023143154314263833
2024-03-07,-0.0022906934101331,5.247276299227438e-06,6.0571345659124e-05,0.000258308976768,0.0007377026497386,0.0007612219086786,0.0007851220851453,0.0008529396515512057,0.0008781133857751939,0.0007995250866558113,0.0008292188785855422,0.2458968389975994,0.23884747410723306,0.26232468208023174,0.25293100481493574,0.0006379847884890522,0.025258360764092595
2024-03-11,-0.0059685255182464,3.562329686195872e-05,0.0001203849376968,0.0002431252747398,0.0006905048476583,0.0006854793397344,0.0007242305547456,0.0008215255124129848,0.0008351827124343573,0.0007846936517633666,0.000808324734486295,0.2471017089451752,0.24306101531677052,0.25870014062574115,0.25113713511231306,0.0005871262684938888,0.024230688568298856
2024-03-12,-0.0268110536431917,0.0007188325974581,0.0004488028402159,0.0002306751560672,0.0006645851751841,0.0006609838311342,0.0006913557838915,0.0007873985798322433,0.0008064376865313374,0.0007712757304488668,0.0007927039917321333,0.25058873139222554,0.24467260709117972,0.25582707121533516,0.24891159030125964,0.0005615944074411867,0.023697983193537518
2024-03-13,-0.0717876496264783,0.005153466638894,0.0033399167267635,0.0002599646025506,0.0007752833546679,0.000865945741356,0.0008569754345271,0.0007595268198255694,0.0007868839184087506,0.0007600883479163661,0.0007797434434320456,0.25389941350191575,0.2450722521851233,0.2537118410265463,0.24731649328641456,0.000687650145497328,0.026223084210239802
2024-03-14,0.0604991530400188,0.0036601475185596,0.0019749867086329,0.0005535747247312,0.0016806477623423,0.0018302507322562,0.0021886084000886,0.0009668113672643715,0.0009583790694944071,0.0009336009505948345,0.0009494129472114596,0.24614195017462728,0.24830763000176204,0.2548978075031181,0.2506526123204925,0.0015686829367095641,0.0396066021858675
2024-03-15,0.014390146867369,0.0002070763268644,0.0002529326168107,0.0007399690923609,0.0020071601605082,0.0018457890513015,0.0020596744074328,0.0010452966639635983,0.0009917147475325605,0.0009622667785114382,0.0009676881420919841,0.23693789691742007,0.24973954842412838,0.25738225484356797,0.25594029981488364,0.0016788210259770465,0.04097341852929832
2024-03-18,-0.0065503976886095,4.290770987894187e-05,0.0008490001253612,0.0007079955264311,0.001578623293772,0.0015153333493005,0.0016076256710213,0.0010299086659384033,0.0010097339391828789,0.0009789945432839462,0.0009904513413357366,0.2432010409596412,0.24806025620201527,0.2558490865632207,0.25288961627512274,0.0013580274400382963,0.03685142385360837
2024-03-19,-0.0191587866710635,0.0003670591067073,0.0005662788773834,0.000668090257438,0.0012608160636565,0.0012776279561733,0.0012914815575418,0.0010211759540110484,0.0010247392929177452,0.0009941977463077732,0.001007694278494966,0.24770641945534574,0.246845066789371,0.25442809555883605,0.2510204181964473,0.0011259691593744103,0.03355546392727137
2024-03-20,-0.0004095432688677,1.6772568907486184e-07,0.0001493186004522,0.0006500283883942,0.001108705671595,0.0012642583410062,0.0011665686419924,0.0009983372200042388,0.000991625369702231,0.0009594967102765544,0.0009723649634739979,0.24546147741680371,0.2471228918396981,0.2553977792292729,0.25201785151422523,0.0010504283758055956,0.03241031280018129
2024-03-21,0.0049199864814449,2.4206266977600832e-05,8.5599901865059e-05,0.0006110367486318,0.0009380521500587,0.0010320041306864,0.0009811007126951,0.000985337639201046,0.0009880072673740536,0.0009562934762009171,0.0009642702012789768,0.2469429919491622,0.24627574385271203,0.25444304573851184,0.25233821845961396,0.000892066214123879,0.02986747753198919
2024-03-22,0.013346031777646,0.0001781165642099,0.0002474941840773,0.0005758269197326,0.0008282534279229,0.000888684602357,0.0008580362708619,0.0009729355842732735,0.000985274336604203,0.0009532279119402087,0.0009590036445665006,0.24859055244448844,0.2454774121296873,0.2537300800341703,0.252201955391654,0.0007883470807523016,0.028077519134572796
2024-03-26,0.0007236896612884,5.237267258558478e-07,0.0002526471355963,0.0005519642984012,0.0007835583927991,0.0008264909935246,0.0007909703977331,0.0009678543007660234,0.000986567442724936,0.000954711217161438,0.000959581507858572,0.24978644038749515,0.24504850873076817,0.25322513892825976,0.2519399119534768,0.0007384483219984198,0.027174405642045235
2024-03-27,0.0038992757013048,1.520435099478621e-05,3.835919736826585e-05,0.0005188778641007,0.00072033384745,0.0007168158059878,0.0007268026405933,0.0009588610182252412,0.0009859188006035205,0.0009539691825915215,0.0009583682333141444,0.2513701029569413,0.24447144402270543,0.25265909766383116,0.25149935535652224,0.000670431868298286,0.0258926991311892
2024-03-28,0.0237382490450099,0.0005635044677229,0.0007076205519708,0.0004886574533143,0.0006807374827208,0.0006489856025869,0.0006849071398076,0.0009521850243464956,0.0009864048609114712,0.0009535942834627393,0.000958508133977338,0.2527017695250639,0.2439351731755312,0.25232831691679014,0.2510347403826147,0.0006252333497104898,0.0250046665586744
2024-04-01,0.0170568844261225,0.0002909373063261,0.0002407042605621,0.0004931482741789,0.0007569878673895,0.0006916325449276,0.0007144582876856,0.0009451422011620902,0.0009837812113098433,0.0009496621297072144,0.0009554159561706951,0.2534718487066626,0.24351648340617416,0.252265446336266,0.25074622155089715,0.0006629609369301929,0.025748027826033453
2024-04-02,0.005106593554369,2.6077297729524e-05,6.862025150729511e-05,0.0004810156161077,0.0007569712951485,0.000692300553843,0.0007056750410872,0.0009435147910917544,0.0009853470487248574,0.0009505169704909975,0.0009566594167238414,0.25403671815485507,0.24325175720543707,0.2521653042509072,0.2505462203888006,0.000657708620356185,0.025645830467274502
2024-04-03,-0.0108578863015169,0.0001178936949366,4.9972754543814774e-05,0.000453719317005,0.0007073154028861,0.0006356912091665,0.0006717507409122,0.0009368433611103715,0.000984863194689568,0.0009488634692317562,0.0009560073445523288,0.2551978458886983,0.24275494198547407,0.2519650249409067,0.250082187184921,0.0006156573478335813,0.02481244340716128
2024-04-04,-0.007029645109536,4.941591036602342e-05,0.0001749645286093,0.0004335697796809,0.0006912655436092,0.0006677652707702,0.0006784469827359,0.0009365494843256084,0.0009875612952702478,0.0009509649192257288,0.0009585013754030635,0.25573585958914413,0.24252599668381805,0.2518592248563559,0.24987891887068198,0.0006162416472748735,0.02482421493773516
2024-04-05,0.0043509133316852,1.8930446819836715e-05,0.0001063152563185,0.000410520547522,0.0006676799504698,0.0006569090074168,0.0006641498647874,0.0009302696228169661,0.000985763701689026,0.0009492614775167891,0.0009573311617123778,0.2567110813988075,0.24225939792327683,0.251575068115603,0.24945445256231275,0.0005980739857235697,0.024455551225101627
2024-04-08,-7.755483189257723e-05,6.014751949885913e-09,7.455662915119774e-05,0.0003870251414799,0.0006461680899191,0.0006048908960294,0.0006428802544828,0.0009249728456494592,0.0009849473165080016,0.0009488744757419471,0.000956942824997956,0.2576980164521207,0.24200651507029394,0.2512067440844134,0.24908872439317195,0.0005681993939119488,0.023836933399914276
2024-04-09,-0.0081270777415944,6.60493926179197e-05,0.0001517262722736,0.0003638039938762,0.0006282121992302,0.000546322458698,0.0006264811982884,0.0009229744965202803,0.0009865674200429727,0.0009506343902526241,0.0009587893984564289,0.2584586615033399,0.2417987337975949,0.2509384842567684,0.2488041204422969,0.0005388936408517654,0.023214082813063395
2024-04-10,0.0135240236876775,0.0001828992167048,0.0001338619486193,0.0003459387178007,0.0006285642963919,0.0005686035212056,0.0006335393602106,0.0009216147683075678,0.00098788324721741,0.0009512936065642796,0.0009601208137768118,0.25895901757479317,0.2415877135841588,0.2508799106148748,0.24857335822617319,0.0005415695686200816,0.023271647312128156
2024-04-12,-0.0099506867697976,9.90161671906265e-05,6.170415411115453e-05,0.0003361563477349,0.000650702213049,0.000576176016751,0.000639474892361,0.0009218549680203524,0.000989547399399166,0.000952564615095987,0.0009618538660550579,0.2592172194992171,0.2414848260294229,0.25086033829599697,0.24843761617536297,0.0005476815528343106,0.02340259713865772
2024-04-15,-0.0196471599796637,0.0003860108952665,0.0002172324751178,0.0003219279369023,0.000649807424871,0.0006100756698468,0.000651402689571,0.0009176625358937654,0.0009869500802901774,0.000950122842032334,0.0009600514777813194,0.2596405040254813,0.24141278075047728,0.25077006130608337,0.24817665391795793,0.0005551090021673323,0.02356075130736141
2024-04-16,-0.0131280452806665,0.0001723455728912,8.942789079277534e-05,0.0003257729144041,0.0007030017684058,0.0007376879681283,0.0007384004173276,0.0009138286203718526,0.0009835099261904742,0.0009468955703718957,0.0009570637764770805,0.259804086863184,0.24139706569588046,0.25073135591066975,0.24806749153026583,0.0006224743423828452,0.02494943571271393
2024-04-18,-0.0284394699260955,0.0008088034496772,0.0007122590837635,0.0003165672739133,0.0006985825961313,0.0007737071138161,0.00073854757438,0.0009102169294644977,0.000981934046082915,0.0009461883863096199,0.0009561889215903362,0.26035782675984487,0.2413421783069377,0.2504597446600326,0.24784025027318485,0.0006278425147780229,0.025056785803011985
2024-04-19,0.0025304435598066,6.403144609366989e-06,0.0003559929795326,0.0003461014444592,0.0008149189154873,0.0009838492245879,0.0009136691195528,0.0009100047769263159,0.0009794001727719901,0.0009439069971725876,0.0009537223222579057,0.25991651455367987,0.24150013081624339,0.25058111715919384,0.2480022374708828,0.000759886529591232,0.02756603942519186
2024-04-22,0.0119536799508336,0.0001428904643669,0.0001067822331297,0.0003257195464682,0.0007424412844518,0.0008413247519892,0.0008104996283835,0.0009106787807094057,0.0009847886108647684,0.0009521178557457794,0.0009607178915252441,0.26115543273817443,0.2415022964702997,0.24978915123417184,0.24755311955735412,0.0006751602114167475,0.025983845200754016
2024-04-23,0.0005710711688475,3.261222798889278e-07,8.79750926495571e-05,0.0003147498015421,0.0007194783493899,0.0007832295796156,0.0007550636756911,0.0009101701934053567,0.0009858838621649676,0.0009535508669464989,0.0009619749310439685,0.2615161281821779,0.24143227625564317,0.2496187599602358,0.24743283560194318,0.0006383537878193531,0.025265664206969764
2024-04-24,-0.0070555842714655,4.9781269411752615e-05,8.797141643289715e-05,0.0002958843807864,0.0006773757231917,0.0006838606826827,0.0007024703107099,0.000907855345507215,0.0009850571223009102,0.0009511854725305391,0.0009605044452333447,0.26169383602146273,0.24118413291955138,0.24977268343503395,0.24734934762395178,0.0005853686859742331,0.02419439368891548
2024-04-25,0.0232847430134221,0.0005421792572011,0.0003465063780441,0.0002811181941039,0.0006584449717759,0.0006699286377929,0.0006805158727511,0.0009059725033808493,0.0009844942214358842,0.0009495778797350466,0.0009595596520560703,0.2618846390384541,0.24099713016153043,0.24985868678076117,0.2472595440192544,0.0005679554194273839,0.023831815277636403
2024-04-26,-0.0112499974168154,0.0001265624418783,0.0001532178258436,0.0002967818578897,0.0007380590969797,0.0007064282493154,0.0007092324797148,0.0009040923743091571,0.000980672779727682,0.0009446833540912782,0.0009551908895700927,0.2614073653509736,0.24099415267515636,0.25017526198437434,0.24742321998949557,0.0006076603464535409,0.024650767664588884
2024-04-29,0.0002597178057264,6.745333861137015e-08,0.0001322701111688,0.000286568692929,0.0007134826520519,0.0007290911788755,0.0007062086909675,0.0009021922880429746,0.0009803148278725768,0.0009437476936726824,0.0009542029582609882,0.2616589010215356,0.2408069692383698,0.2501374511239905,0.247396678616104,0.0006038815379798416,0.0245740012610857
2024-04-30,-0.0086377157006965,7.461013252605916e-05,0.000153401837957,0.0002693786185536,0.0006733112952542,0.0006417576553816,0.0006693646169752,0.0008256603214023554,0.0009227547688447803,0.0008836780119338462,0.0008958758638719603,0.26661359841856125,0.2385598826393462,0.24910913974058152,0.24571737920151107,0.0005567872832725968,0.02359634046356758
2024-05-02,-0.0049553657286023,2.45556495042062e-05,0.0004210823247593,0.000257692509392,0.000660376469516,0.0006512726911017,0.0006649286964955,0.0008228374027665165,0.0009136542422829323,0.0008806944249902994,0.0008914335569798301,0.26610215610335597,0.23965171600533142,0.24862063479176372,0.24562549309954884,0.0005520761553269398,0.023496300886031822
2024-05-03,-0.0153662056722769,0.0002361202767627,0.0001945177726464,0.0002437042977987,0.0006423305632332,0.0006247065885606,0.0006481605886917,0.0008222410759772028,0.0009118838742971822,0.0008818237163577502,0.0008919111702572328,0.2662396781213077,0.24006697078069456,0.2482505237106557,0.24544282738734202,0.0005332562116231579,0.02309234097321356
2024-05-06,-0.0404288898705436,0.0016344951361645,0.0009514010059672,0.0002432492565365,0.0006698985585299,0.000704202717885,0.0006949863033154,0.0008189458608854375,0.0009054863344137813,0.000877890803711208,0.0008876219405142634,0.2659636828918233,0.24054461008637695,0.24810586502254411,0.24538584199925567,0.0005710925793772303,0.023897543375360368
2024-05-07,-0.0135539535903708,0.0001837096579299,0.0003055910478235,0.0003267240093142,0.000950472104352,0.0010921994113135,0.0011112349930691,0.0008354278688121775,0.0009077465791021007,0.0008816622525882873,0.0008908101281073177,0.26276230440586557,0.24182845413871626,0.24898304461774254,0.2464261968376756,0.00086147850118304,0.029350954008056367
2024-05-08,0.0086369941468308,7.459766789239114e-05,0.000222382876929,0.0003181431482311,0.0008664693397461,0.0010547439456565,0.0009941086923876,0.0008332294584082234,0.0009083133114070625,0.0008861918914988124,0.0008947056034683861,0.2639314949684507,0.2421141404046641,0.24815787496937353,0.24579648965751164,0.000799843919224048,0.02828151196849362
2024-05-09,-0.0333769007862152,0.0011140175060928,0.0007393661889023,0.0003035304194108,0.0007897522131652,0.000925035502936,0.0008721665069006,0.0008322514749414068,0.0009106173656969606,0.0008930031410911502,0.0008995251891684816,0.26517298251500243,0.24235273137341534,0.24713306779981012,0.24534121831177216,0.0007144719276060071,0.026729607696447905
2024-05-10,0.0109996288606875,0.0001209918350728,0.000109635517733,0.0003521596446117,0.0009331933811605,0.0011791838001627,0.001088070778213,0.0008372360275920671,0.0009080868480269391,0.0008910362807953095,0.0008969142848016832,0.2635003618045723,0.24294151673451822,0.24759036297536793,0.24596775848554148,0.0008790904846815249,0.02964946010775786
2024-05-13,0.0290147688705921,0.0008418568126138,0.0004427274145926,0.0003382895760394,0.0008431402832017,0.0010285375128121,0.0009406863165654,0.0008377155729910144,0.0009133058361661077,0.00090114804159408,0.0009048863824458667,0.2650683042249305,0.24312977927271062,0.2464099527562053,0.2453919637461536,0.0007789410976396284,0.02790951625592297
2024-05-14,0.0533998683399669,0.0028515459387258,0.0012105090551004,0.0003685036102339,0.0009179397207858,0.0010217667454518,0.0009170419660699,0.0008397476114437905,0.0009110522548668963,0.0008994773483528126,0.0009025736011693886,0.26415046063340875,0.24347639467846952,0.2466095658605458,0.24576357882757582,0.0007981900211604725,0.02825225692153589
2024-05-15,0.0040082216353414,1.606584067801944e-05,0.0002513106943094,0.0005174861499434,0.0013447325229852,0.0011746944950196,0.0011133183240133,0.0008984082723162599,0.0009423518960411312,0.0009280310352873497,0.0009342525694294016,0.2575274429574783,0.24551845873439385,0.249307163558182,0.24764693474994584,0.0010319931643577615,0.03212465041611755
2024-05-16,-0.0026594578778903,7.0727162042732765e-06,0.0004098959858152,0.0004874009313875,0.0010991238478836,0.0009864123172184,0.000946697308719,0.0008992505087796148,0.0009535390677654339,0.0009353814515342387,0.0009404004451811393,0.2590216329589617,0.2442745589534371,0.2490164144705054,0.24768739361709577,0.0008748532256948772,0.029577917872880728
2024-05-17,0.0061781936318625,3.817007655278665e-05,0.0002205606237737,0.0004585812384765,0.0009329284603875,0.0008568263693374,0.0008341306918738,0.000900536217464008,0.0009608811759070974,0.0009409952973386143,0.0009450154083235994,0.25993368381650844,0.24360941007573234,0.24875756242102778,0.24769934368673127,0.0007662265265047238,0.027680797071340336
2024-05-21,0.0184531081910344,0.00034051720191,0.0007388600521336,0.000433356568761,0.0008274389053083,0.0007658593137504,0.000760001910416,0.0009010478960266407,0.0009642305947540588,0.0009436802565720719,0.0009469447471590226,0.2603604990944544,0.2432999753314628,0.2485982707423394,0.24774125483174342,0.0006928199257695226,0.02632147271277811
2024-05-22,0.0074938880100182,5.615835750669465e-05,0.0001907452026738,0.00042778620675,0.0008134528494013,0.0007582419847312,0.0007417485486801,0.0009005077949994259,0.0009636173643457449,0.0009429876075211819,0.0009457566924601789,0.2603071605857324,0.24325903192993292,0.24858081414007765,0.24785299334425714,0.0006815645734616306,0.02610679171138481
2024-05-23,0.0755078510999513,0.0057014355777324,0.0024687793157035,0.0004054885357954,0.0007507853175715,0.0006975858253032,0.0006993526134176,0.0009013710103666952,0.0009662067257265346,0.0009454645950233449,0.0009475297797100502,0.26058327406228976,0.24309726145775792,0.24843046504601052,0.24788899943394171,0.0006348407754777942,0.025196046822424233
2024-05-24,-0.0006940251058217,4.816708475108328e-07,0.0003249617261785,0.0007232453583116,0.0017669489958218,0.0010602630118225,0.0012669632808276,0.001130945416398742,0.0011562036046295727,0.001143364563933157,0.0011444763328395747,0.25281449075557894,0.2472915569319711,0.25006843708330945,0.24982551522914065,0.0012014565438218917,0.034662033174958036
2024-05-27,-0.0287402977611205,0.0008260047153978,0.0002719291233488,0.0006798795370637,0.0013790051743359,0.0008905091798413,0.0010491615022482,0.0011341258432653863,0.0011755597778487373,0.001148930263621575,0.0011531235587267828,0.2541041976694482,0.24514800768916672,0.25082996469319024,0.24991782994819484,0.0009963911674045586,0.03156566437451552
2024-05-28,-0.0137761918872989,0.0001897834629156,0.0003384747284557,0.0006886470477638,0.0012738930215974,0.0010859963261763,0.0011287075312383,0.0011341506903991864,0.0011761149719200328,0.0011477676261235962,0.0011518354836997043,0.2539939174467714,0.24493130663847737,0.25098057330851176,0.2500942026062395,0.0010417756342525357,0.03227654929283079
2024-05-29,0.0045364434179984,2.057931888470121e-05,0.000415568270038,0.0006587152326729,0.0010842365070977,0.0010526745208308,0.0010076091269262,0.001135454067049108,0.0011815776449628575,0.0011513909155314401,0.0011554018151863114,0.2544621041460726,0.24452902633547563,0.2509399954134363,0.25006887410501527,0.0009488751808744879,0.03080381763474274
2024-05-30,-0.0200067522201711,0.0004002701343993,0.0003455791824619,0.0006204270778456,0.0009254885048367,0.0009016648830873,0.0008756012732968,0.0011384378787587086,0.0011886387759660372,0.0011586181389446027,0.0011615366343954601,0.2550719683983233,0.24429927451945466,0.2506292460591968,0.24999951102302528,0.0008292332063229597,0.02879640960819525
2024-05-31,0.0657558213531731,0.0043238280418304,0.0014245385002483,0.0006072176612388,0.0008903268498634,0.0009835591861066,0.0008941203306641,0.001138491900169681,0.0011879753213844028,0.001158669322600388,0.0011607339292311416,0.25498690136403257,0.24436578490032582,0.2505464813729584,0.25010083236268327,0.0008424455016100491,0.029024911741640992
2024-06-03,0.0663167976171179,0.0043979176461897,0.0006692604851361,0.0008302142840743,0.0016021987051357,0.0012324998227731,0.0012533172175022,0.0012343717249810458,0.0012679777305460212,0.0012362676700810257,0.0012423160402463733,0.252170684646276,0.24548724752636927,0.2517839546641822,0.25055811316317245,0.0012270275312451936,0.03502895275690088
2024-06-04,-0.2145902776686586,0.046048987269912,0.0230341203010879,0.0010442764858012,0.0020929006990428,0.0014382128570918,0.0015043457311542,0.0013173737292431504,0.001317620365017947,0.0013012577532292378,0.0013060062954419961,0.24870043422244592,0.24865388179663708,0.2517805697471966,0.25086511423372043,0.0015196218147682608,0.03898232695425275
2024-06-05,0.0575069021668208,0.0033070437968242,0.0066515666147117,0.0037445591328479,0.0102285621652926,0.0093035685105766,0.0138729357812762,0.005957516136450842,0.005825011882464016,0.005903767699877325,0.005896474312085336,0.24738980171354633,0.25301729257218064,0.24964206090501345,0.24995084480925941,0.009304482882614385,0.09645974747330818
2024-06-06,0.0223146847693558,0.0004979451563557,0.0002592761681917,0.0037183082126865,0.0076664045903043,0.0063848663228952,0.0099335133632098,0.005957680996033514,0.005892383252756849,0.005953580539166942,0.0060514597871842235,0.25023311899762757,0.2530061324393418,0.25040546404348485,0.2463552845195457,0.006916070161875595,0.08316291338015759
2024-06-07,0.0105853744057022,0.0001120501513088,0.0002388180456333,0.0035250864293066,0.0054237291198859,0.0043519682600462,0.0069695108265755,0.005972081740880746,0.0059639599449646885,0.006001334333421852,0.006172217125141906,0.25226647152783244,0.25261001119227017,0.25103683693435724,0.24408668034554012,0.005053018496761872,0.0710845869141959
2024-06-10,0.0001708320847764,2.9183601189057748e-08,0.0002132525675927,0.0033203042526268,0.003849244215996,0.0030618155704307,0.004921903555337,0.005988186496315716,0.006003235102350465,0.0060262420200319616,0.006235366515538079,0.25306610690335346,0.25243173358986365,0.2514680026119849,0.24303415689479788,0.003778067188152858,0.06146598399239093
2024-06-11,0.000356982795558,1.2743671632446196e-07,0.0001691654051658,0.0031210877484852,0.0027736505587147,0.0021974140311891,0.0035236919508427,0.006003419632716594,0.006023025080385411,0.006038402950109832,0.006266849790231247,0.25323405553716744,0.25240975762083223,0.25176695116986575,0.2425892356721346,0.002898508141675685,0.05383779473265677
2024-06-12,-0.0006831075844221,4.666359718951274e-07,4.743120690854152e-05,0.0029338301297791,0.0020532317672971,0.0016542008669613,0.0025770115982571,0.006016865426152884,0.006033066422917105,0.006044480080723099,0.006282708684064125,0.25313683490525496,0.2524570696323869,0.25198036054161205,0.24242573492074607,0.002302573409921827,0.04798513738567211
2024-06-13,0.0017846770889783,3.1850723119243305e-06,7.553006122029574e-05,0.0027578283201506,0.001570755774558,0.0013024853943106,0.0019361551551294,0.0060284416132823405,0.006038880042001924,0.006048244727746059,0.006291506885604169,0.25296061882746734,0.25252336699101313,0.25213237719457293,0.2423836369869467,0.0018919655623972056,0.04349673047939587
2024-06-14,0.0117837495706472,0.0001388567539437,9.932647252517436e-05,0.0025925497252803,0.0012481008398013,0.0010641664525427,0.001502456953257,0.006005786368617654,0.0060157752600109825,0.006025198756171729,0.00627197479555967,0.2529931136942727,0.25257303138954446,0.2521780035924665,0.24225585132371627,0.0016034721997751516,0.04004337897549546
2024-06-18,0.0143973328995271,0.0002072831946198,0.0001095816205119,0.0024453281470001,0.0010574152008638,0.0009491114880462,0.0012231429187672,0.006000747188201718,0.006012050567949284,0.006021750685185882,0.006271568182805268,0.25307168285721243,0.2525958775887171,0.25218898435215054,0.24214345520192,0.001421473544700646,0.03770243420126406
2024-06-19,-0.0143513329715906,0.0002059607580614,0.000259435832573,0.0023110454498573,0.0009425188539515,0.0008777774944759,0.0010412549937302,0.006007305107827755,0.00600855992801749,0.006018795295704801,0.006268378178903937,0.2527657062022583,0.2527129189262362,0.2522831635487125,0.24223821132279294,0.0012960199563341627,0.036000277170240826
2024-06-20,-0.0007513973262908,5.645979419570719e-07,0.0001888815676343,0.0021847403683495,0.000865312917289,0.0008986253503572,0.0009528460665016,0.0060128361572942615,0.006006040903385888,0.006016417966918516,0.0062660504224321956,0.2525172460411637,0.25280294486185034,0.25236691261899563,0.2423128964779904,0.0012281084703907037,0.035044378584741714
2024-06-21,-0.0217569611709871,0.0004733653593958,0.0003513298410055,0.0020536898221251,0.0007751010365919,0.0007736833764764,0.0008365041555885,0.006019318792175516,0.006005970124448924,0.0060163866324190055,0.006266119954319841,0.2523135048898777,0.2528742884219164,0.2524364729686039,0.24237573371960194,0.0011122310112827217,0.033350127605193985
2024-06-24,0.0016604008635103,2.75693102754588e-06,0.0002278801434909,0.0019588703543613,0.0008032974960523,0.0009001938680844,0.000887749471199,0.006022190949364978,0.006004391193379171,0.006014297898165472,0.006264485793746714,0.25216869449731394,0.25291623760114457,0.2524996359389055,0.24241543196263599,0.0011396355558258011,0.03375848864842443
2024-06-25,-0.0073833297247425,5.4513557824266425e-05,9.66712677995772e-05,0.0018415035489613,0.0007339737698151,0.0007757878398598,0.0007925649924618,0.0060270073275044715,0.006004121594213409,0.006014006552754653,0.006264309619342446,0.25201029972780153,0.25297087995851,0.2525550828291593,0.2424637374845292,0.0010378492841654702,0.03221566830232566
2024-06-26,-0.0001892818393734,3.582761471658869e-08,2.0256669400926776e-05,0.0017342841494931,0.0006972415941944,0.0007452472497206,0.0007428178604199,0.006031202477186299,0.006004175707128202,0.006014027794315061,0.006264419272808208,0.25188102849921534,0.25301482787007046,0.25260034289776945,0.24250380073294478,0.0009816316024503415,0.031331000661490874
2024-06-27,0.0014656131777944,2.148021986924683e-06,9.761387517975082e-05,0.0016302292501804,0.0006624270377457,0.0006544335376223,0.0006941544088078,0.006034936798601591,0.006003999372524931,0.006013851977983078,0.0062643220552858,0.2517597303350236,0.25305699863287884,0.2526424106491572,0.24254086038294034,0.0009117563485002897,0.03019530341792064
2024-06-28,0.0006296715367781,3.964862442285224e-07,0.0001073977149937,0.0015325443764888,0.0006395040049016,0.0005902179691082,0.0006614227654841,0.006038245732087989,0.0060039143740961,0.0060137594378025985,0.0062642854732922896,0.251654249739581,0.2530932496319288,0.2526789132767617,0.24257358735172832,0.000857104780021338,0.029276351890584626
2024-07-01,0.0020909036744644,4.371878175888958e-06,4.5335339298525066e-05,0.0014406155030741,0.0006238217558724,0.0005369319418382,0.0006390760511405,0.006041476870140755,0.006004462206738786,0.0060142313680453235,0.006264847120490525,0.25156978561107624,0.2531205940958142,0.25270943999109075,0.24260018030201888,0.000811045202281308,0.02847885535412735
2024-07-02,-0.0096576797376524,9.327077791506256e-05,0.0002115206595265,0.0013544408855802,0.0006140628576921,0.0005011067743842,0.000624365628005,0.006044265150842415,0.006004693301291882,0.006014401882772702,0.006265144379757783,0.2514900662688037,0.2531474243662941,0.25273878815540846,0.24262372120949388,0.0007742118898517071,0.027824663337616632
2024-07-03,0.0119009206839004,0.0001416319131244,7.855780641823255e-05,0.0012787706791203,0.0006241893253238,0.0005445550049992,0.0006395926751707,0.0060461724173069805,0.006004328323398146,0.006014017344536317,0.006264905232855544,0.25142041915982793,0.25317256512242053,0.2527646856311343,0.24264233008661734,0.0007723732044252183,0.02779160312801725
2024-07-04,-0.0147433694364735,0.0002173669423403,0.0001144468420367,0.0012105423531605,0.0006400367839155,0.0005492067665075,0.0006392143229123,0.006047798993177762,0.0060041693300238435,0.0060138707861842776,0.00626482702859492,0.2513658012979087,0.2531923662457362,0.252783921380753,0.24265791107560195,0.0007602824288252349,0.02757321941350402
2024-07-05,0.0011602292289879,1.3461318637980518e-06,4.375956291219152e-05,0.0011509518285113,0.0006648470905904,0.000633821856483,0.0006837719832086,0.006048954707101971,0.00600384548915557,0.006013493537748576,0.006264537409119283,0.2513196080792144,0.25320786969346254,0.2528016230058094,0.24267089922151347,0.000783764033982973,0.02799578600402162
2024-07-08,-0.0109559171564931,0.0001200321207399,0.0002570692632144,0.0010819754867125,0.0006409746620279,0.0005730030745125,0.0006543084054644,0.0060505639315205735,0.006003872357435888,0.006013483849665245,0.006264603118528417,0.25127038372559,0.25322449084821735,0.2528197562073808,0.24268536921881184,0.000737836452733985,0.02716314511859746
2024-07-09,-0.0009157896290202,8.386706446211335e-07,0.0001217850995216,0.0010242588847541,0.0006472310550825,0.000616954135312,0.0006672253093969,0.006051631990077756,0.006003669506736283,0.0060132611473537505,0.006264433065357774,0.2512310211743583,0.25323807097188905,0.2528341356516191,0.24269677220213356,0.0007391496438863737,0.027187306668487295
2024-07-10,-0.0047528928818145,2.2589990746003856e-05,0.0001534814816809,0.0009628536719075,0.0006290802490542,0.0005626354761929,0.0006431935424308,0.006052952056272522,0.006003810802121747,0.006013467543251354,0.006264605980113418,0.2511953537563287,0.25325139035163097,0.2528447060052452,0.2427085498867952,0.0006995477899921561,0.026448965764130666
2024-07-11,-0.0057334676964635,3.287265182639103e-05,0.0001162995164395,0.0009064378510378,0.0006209997827549,0.0005522298414158,0.0006329037681824,0.006054132513750723,0.0060040456665077045,0.006013665541830664,0.006264848172400499,0.25116561235362045,0.2532608818364678,0.25285574821363777,0.24271775759627393,0.0006781924436417245,0.026042128247163756
2024-07-12,-0.0041831980056784,1.749914555471209e-05,6.226780403295757e-05,0.0008540239390851,0.0006175148119942,0.0005522835968148,0.0006287645112986,0.006055105435821995,0.006004103316287864,0.006013723812121233,0.006264938545988533,0.25113749597802515,0.25327079447650813,0.25286562278936414,0.2427260867561027,0.000663146985585451,0.025751640444551315
2024-07-15,0.0081062414455611,6.571115037373375e-05,7.746070708871304e-05,0.0008038324514733,0.0006122989866998,0.0005390167614232,0.0006217343165449,0.00605606277136103,0.006004506402348264,0.006014050541155738,0.0062653418523967355,0.2511194087528747,0.2532755901333904,0.2528736484848732,0.2427313526288617,0.0006441558638311273,0.02538022584279201
2024-07-16,0.0060970518254613,3.7174040962361595e-05,6.440250038068257e-05,0.0007595451734073,0.0006178421595351,0.0005280638079107,0.0006191033384964,0.006056780030877126,0.006004530220890804,0.006013918080686023,0.006265326880695663,0.25109584578280014,0.25328081442278805,0.25288543744180514,0.24273790235260675,0.0006310256958655285,0.025120224837081543
2024-07-18,-0.0055147609299714,3.0412588114739955e-05,0.0001099663368909,0.0007162029054606,0.0006162060656842,0.0005106593636465,0.0006143075744653,0.006057164606406442,0.006004981289511274,0.006014250274532202,0.006265770717607124,0.2510965084837801,0.2532785383755911,0.2528881929674083,0.24273676017322043,0.0006141625746517895,0.024782303659098955
2024-07-19,-0.0283723106694144,0.0008049880127217,0.0003469218166382,0.0006750554864199,0.0006138428508381,0.0005164030926347,0.0006154970365045,0.006057652869952491,0.0060045503210612895,0.0060132459592813145,0.006265129372092232,0.2510599443220083,0.2532802476345177,0.25291398398646103,0.24274582405701312,0.0006049685609359044,0.024596108654336042
2024-07-22,-0.0016149135663674,2.6079458268375e-06,0.0001201716342577,0.000682851437998,0.0007574447162419,0.0007559287441272,0.0008293057539026,0.006057630110803437,0.0060041021376728764,0.006012685324670886,0.006264584274285296,0.2510446816897625,0.25328280367168937,0.25292123915435566,0.24275127548419242,0.0007557794074529434,0.027491442440383942
2024-07-23,-0.001834432474656,3.365142504072772e-06,0.0009457299549761,0.0006420368284677,0.0007032334573504,0.0006752920904033,0.0007534203058511,0.0060581306557349135,0.006004175140961904,0.006012622338620094,0.006264735653200256,0.25103072684829364,0.25328657245122066,0.2529307274270091,0.24275197327347672,0.0006929869493599977,0.02632464528459971
2024-07-24,-0.0082635301724927,6.828593091169764e-05,9.414638741816236e-05,0.0006037165273099,0.0006670644528242,0.0006156493405438,0.0007022485744692,0.0060586084173655085,0.006004308298020132,0.006012690845666053,0.006264917328574175,0.2510198009157083,0.25328990505947285,0.25293678284649196,0.24275351117832686,0.0006466991651503308,0.025430280477225
2024-07-25,0.0009420953329578,8.875436163809751e-07,0.0002135977613837,0.000571590691526,0.0006550069130887,0.0006266179321002,0.0006854544066364,0.00605890899192149,0.00600478712676023,0.00601308345628007,0.00626542645482115,0.25102464158803084,0.25328715673093,0.25293769314362713,0.24275050853741212,0.0006342778871487598,0.025184874173772635
2024-07-26,0.0353522051585989,0.0012497784095756,0.0005674056413158,0.0005373485026514,0.0006342977124743,0.000566498836187,0.0006553990871309,0.006059317092677293,0.006004861988772988,0.006013160086144086,0.006265598198447503,0.2510152506745417,0.25329158301700083,0.2529420433092525,0.24275112299920484,0.0005979351783604416,0.02445271310837392
2024-07-29,0.0028688350774879,8.230214701825265e-06,8.07793886439908e-05,0.0005800942970669,0.0008545160278685,0.0006835077667849,0.0007669709382032,0.006059902214817036,0.006004681375803647,0.006013070553218207,0.0062654048797008925,0.2509923594080211,0.2533005599277541,0.2529471658809631,0.24275991478326167,0.000721129776691604,0.026853859623741313
2024-07-30,0.0126728230098074,0.0001606004430379,0.0002909617214008,0.000545782452125,0.0007693060608916,0.0006187815193646,0.0007113673081044,0.0060602997518745105,0.006005177852057763,0.00601325673288951,0.006265700084565588,0.2509901199454293,0.25329397381744817,0.2529536703977258,0.24276223583939663,0.0006610627670840794,0.02571114091369886
2024-07-31,0.0129086138216318,0.000166632310796,0.0001405440231791,0.0005226715315797,0.0007407920113745,0.000612830750075,0.0006898146215887,0.00606042902405831,0.0060051310234176015,0.006013003336917607,0.006265558128216851,0.2509815582877199,0.2532927115859375,0.2529610969964979,0.24276463312984467,0.0006413030651004921,0.02532396227094986
2024-08-01,0.014984743791334,0.0002245425464919,0.0003968676577411,0.0005013091783327,0.0007228237800538,0.0006091499840526,0.0006758590403403,0.006060603247956239,0.006005359507792026,0.006013069988938588,0.00626569637257175,0.2509806208979303,0.2532894099369791,0.2529646202332944,0.24276534893179608,0.0006270710477159212,0.025041386697144414
2024-08-02,-0.0176701498359767,0.0003122341952258,0.0003899968548268,0.0004847031804223,0.0007216431526783,0.0006159294028678,0.0006725272101373,0.006058046630197973,0.0060044128309933035,0.006012075515729369,0.006264793255069882,0.25103063691478916,0.25327294222481245,0.2529501334538037,0.24274628740659468,0.0006235009407055325,0.024970000815088742
2024-08-05,-0.0395915879770243,0.0015674938385424,0.0007183639038257,0.0004743550413105,0.0007372890980515,0.0007211598880798,0.0007324151228234,0.00605805941269608,0.0060038294692429705,0.006011059248802848,0.00626382149002696,0.2510038762336781,0.25327108353601674,0.25296646266520745,0.2427585775650977,0.0006660282821300766,0.025807523750450694
2024-08-06,0.0112914306064262,0.0001274964051397,0.0002747133726501,0.0005399433691444,0.0009830519948736,0.0010946455663235,0.0011181520852386,0.006059621370039488,0.006003915773492425,0.006010720411602071,0.0062636243973606485,0.2509508308424841,0.25327920556715644,0.2529924723277836,0.24277749126257575,0.0009328851116385452,0.03054316800265724
2024-08-07,0.0361938680682306,0.0013099960857404,0.0002210300402925,0.0005151965513041,0.0008777549974571,0.0009687361201964,0.0009617406282475,0.006058951906167151,0.006004785736252927,0.0060119675859758364,0.006264852142766279,0.25100592539170336,0.2532701243492382,0.2529675698283818,0.24275638043067665,0.0008301540004303714,0.02881239317429865
2024-08-08,-0.0057920691452436,3.3548064983283014e-05,0.0002612043595917,0.0005628845233703,0.0010288718252444,0.0010192115547112,0.0009807472423825,0.0060597471891966,0.006004129502968948,0.006010576710292379,0.00626376934231671,0.25094908238745395,0.2532736837000074,0.2530020112753652,0.24277522263717333,0.0008978052152419065,0.029963397925500814
2024-08-09,0.0062941921360484,3.9616854645494425e-05,8.225008908532762e-05,0.0005311243358671,0.0008908358393432,0.0009133306656014,0.0008644655223641,0.006059783792819388,0.006005504326651472,0.006011875229146761,0.006264949855393387,0.25098769698490875,0.2532561955931933,0.2529878150185883,0.24276829240330958,0.0007998417176278892,0.028281473045580374
2024-08-12,-0.0112947698533973,0.0001275718260412,0.000916758074192,0.0005016338869938,0.0007995162696329,0.0008085976573703,0.000780693616694,0.006051631814838604,0.006001320235025549,0.006008291368568691,0.006260875699053652,0.2511189866635802,0.2532242222526363,0.252930418280526,0.2427263728032576,0.0007224405524842309,0.02687825426779483
2024-08-13,-0.0190750433079504,0.0003638572772001,0.0003418374096297,0.0004791901633366,0.0007548361245684,0.0008108948537126,0.0007548706412693,0.006051478273172745,0.005999495573215895,0.006007072617619581,0.006259840887489704,0.25108146234821554,0.2532569606318118,0.25293751397977343,0.24272406304019914,0.0006998142671524246,0.02645400285689152
2024-08-14,-0.0169923587175296,0.0002887402547852,0.0001296384953065,0.0004722701901684,0.0007691980116396,0.0008991062613437,0.0008023636242962,0.006051178871263062,0.005998051234591553,0.0060060192342654565,0.006258869004963138,0.2510548563689501,0.2532785704841056,0.2529425536502749,0.24272401949666955,0.000735562255301675,0.02712125099072082
2024-08-16,0.0223463043465926,0.0004993573179505,0.0002571594939879,0.0004612583940454,0.0007647378910854,0.0009456882166551,0.0008138631123487,0.006050981850924887,0.005997259601765062,0.006005606229568952,0.0062583766917386555,0.2510434253597486,0.2532922220340068,0.252940194974269,0.24272415763197558,0.0007462448472019009,0.027317482446263253
2024-08-19,-0.002012376376561,4.049658680941085e-06,6.361327891542582e-05,0.0004635443294797,0.0008012280940821,0.0009191406334061,0.0007949949179883,0.00605097197976395,0.005997028011108434,0.00600563161601575,0.006258274090375477,0.2510405459617835,0.2532986850462669,0.2529358120049254,0.2427249569870242,0.0007447671339341016,0.02729042201824848
2024-08-20,-0.0103351443534129,0.0001068152088058,0.0001700752368701,0.0004359746492318,0.0007328299816707,0.0008009676759514,0.0007305858417938,0.006051072552431603,0.005997114162205526,0.006006109579017135,0.006258481226715323,0.25104540439949624,0.25330415844830523,0.2529247820058046,0.2427256551463939,0.0006749948158408929,0.025980662344153062
2024-08-21,0.0145645851596236,0.0002121271408719,0.000268674970211,0.0004162250828062,0.0007062787893451,0.0007948530742183,0.0007152361020385,0.006012473191837238,0.0059635079902254666,0.00597194060002336,0.006225597015186011,0.2512080278715135,0.2532706480191489,0.25291302012378825,0.24260830398554933,0.0006579896780820399,0.025651309480844053
2024-08-22,-0.0053582218407053,2.871054129421165e-05,0.0001289424962315,0.0004039792062902,0.0007082341305022,0.000760854024058,0.0006978768880457,0.006011806857586816,0.005959487438824565,0.005970847099079491,0.006223788549707172,0.2511566248321165,0.2533615742953705,0.2528795486534658,0.2426022522190472,0.0006426122952344211,0.025349798721773335
2024-08-23,-0.0073517362191484,5.404802543593947e-05,0.0001155447519848,0.0003814630863904,0.0006751646121809,0.0007139657577041,0.0006716114746635,0.006011972465531948,0.005959705494417167,0.00597158937258831,0.006224321407907417,0.2511668838377417,0.2533696323250343,0.252865409135034,0.24259807470219005,0.0006103459983864688,0.02470518161006854
2024-08-26,-0.002392114467587,5.722211626039504e-06,4.68032752788823e-05,0.0003618181827331,0.0006577637118142,0.0006965453515879,0.0006607955322187,0.006011776098243498,0.005958601439781927,0.0059710762179103405,0.006223651695406028,0.2511492227976763,0.2533904826436519,0.2528610990056823,0.24259919555298948,0.0005939791074406478,0.024371686594092085
2024-08-27,-0.0006192805114405,3.835083518500544e-07,3.8330414715856505e-05,0.0003404524244667,0.0006370504277948,0.0006369532027057,0.000640183059666,0.006011387385926927,0.005957613698165574,0.005970255561406749,0.006222921766551477,0.25113495877239467,0.2534017141451281,0.25286514250554704,0.24259818457693028,0.0005632996864259136,0.023733935333734975
2024-08-28,-0.0128301780110452,0.0001646134677951,0.0001211565863554,0.0003200482894998,0.0006221759069392,0.0005756284208548,0.0006247588100124,0.00601148051094576,0.005957794822784508,0.005970470266782804,0.0062231673641475445,0.25113866825101755,0.25340167874902847,0.2528637012289112,0.2425959517710427,0.0005351564116687889,0.023133447898417325
2024-08-29,-0.0025958928317543,6.738659593953594e-06,0.0001462858532283,0.0003107222001975,0.0006429958010464,0.0006372877599913,0.0006594776784897,0.00599233516429046,0.005941576084360038,0.005955113278597045,0.006207680137382774,0.25124975698733754,0.25339619192587,0.2528201703947016,0.24253388069209078,0.0005620664453650509,0.02370794055511889
2024-08-30,-0.0002647840043204,7.011056894397279e-08,4.910918708514667e-05,0.0002924831877613,0.00062734933916,0.0005928048093867,0.0006395702938404,0.005974736733369411,0.005931172397774084,0.005941633013219204,0.006194964511136019,0.25142261311753233,0.2532693068838806,0.2528234104750196,0.24248466952356748,0.0005373861446571254,0.023181590641220575
2024-09-02,0.0075228603581063,5.659342796756777e-05,0.0001489973356018,0.0002749384031298,0.0006156193338897,0.0005384721504857,0.0006242577406599,0.0013934983233495522,0.001727157073207807,0.001462932628536648,0.002305207829828146,0.2972780728297396,0.23984876794525686,0.28316853966898226,0.1797046195560212,0.0004940490696816782,0.022227214618158485
2024-09-03,-0.0019906688724411,3.9627625597061254e-06,3.342534826633567e-05,0.00026183770462,0.0006183571358716,0.0005251153931007,0.000619848766408,0.0013926384400937395,0.0014798050928548666,0.0012428744304957033,0.0018597632361264734,0.2624382874753435,0.24697958471371453,0.2940616029446896,0.19652052486625243,0.0004976671065575993,0.02230845370162619
2024-09-04,-0.0078532639138383,6.16737541003953e-05,0.0001965594947959,0.0002463652080964,0.0006103259482124,0.0004990644843169,0.0006119752900931,0.0013295504927152747,0.0011574401104747108,0.0009857312872690858,0.0014075541780596886,0.22511989785063816,0.25859503951748347,0.3036408349546714,0.21264422767720692,0.0004949583428107318,0.0222476592658808
2024-09-05,0.0009953703455675,9.90762124835229e-07,5.096966975859543e-05,0.0002352837208567,0.0006157638490613,0.0005268520518581,0.0006225145345546,0.0012546418151476266,0.0009351215814447368,0.0008217296323827173,0.001096590099034912,0.19949531488246222,0.26766055766874797,0.3045955191512502,0.2282486082975396,0.0005143185456197245,0.022678592231876397
2024-09-06,-0.0133206691603187,0.0001774402268786,0.0001305154385674,0.0002212261433327,0.0006080318882847,0.0004886588404774,0.0006127951289491,0.0011795354432680562,0.0007961221839624611,0.0007236063564030694,0.0008973296977386978,0.18429188293168106,0.2730470425313195,0.30041030720774775,0.24225076732925177,0.000502039733960513,0.022406243191586427
2024-09-09,-0.0038049589800512,1.4477712839872544e-05,8.468234548675382e-05,0.0002185989883455,0.0006359262973955,0.0005677418155848,0.0006549046761428,0.00110860088741303,0.0007132275300636581,0.0006668977706367514,0.0007755219983144209,0.17711155670436238,0.2752922744247333,0.294416982000238,0.25317918687066626,0.0005467430691798205,0.023382537697602897
2024-09-10,0.0074783244042658,5.592533589543821e-05,0.0001454922084161,0.0002063517118152,0.0006240647470839,0.0005482196204542,0.0006386022302867,0.0010422475694597925,0.0006670077990211706,0.0006358252177217699,0.0007054268795656488,0.17607967973782873,0.27513714008640233,0.2886306065298536,0.2601525736459153,0.0005324047083795498,0.0230738966882395
2024-09-11,-0.0163905914417709,0.000268651487811,0.0001736138058967,0.00019732612926,0.0006238886838146,0.0005327820203894,0.0006294904557575,0.0009798925828409277,0.0006397847127655428,0.0006165846087564346,0.0006640878953749741,0.1786872446628681,0.27367691381146225,0.28397449953635306,0.2636613419893166,0.0005232723978222691,0.02287514803935199
2024-09-12,0.0179297349520847,0.000321475395452,0.0002828734656913,0.000201605650773,0.0006636436896804,0.0006362853820138,0.0006912911465695,0.0009273245255715109,0.0006252364851894538,0.0006058624938223512,0.0006420223675261787,0.18321312509644638,0.2717340211792902,0.28042340636843066,0.2646294473558327,0.000578636678067755,0.024054868074212234
2024-09-13,-0.0076015377454182,5.778337609501867e-05,8.562769399494757e-05,0.0002087978354538,0.0007001729617319,0.0006521005334948,0.0006932149714669,0.0008812998930594902,0.0006171114763997729,0.0005996242962048461,0.0006302956440547687,0.18881851183896758,0.2696526327174224,0.2775166639253157,0.26401219151829425,0.0005922143474638095,0.024335454535796316
2024-09-16,0.0055600083417613,3.0913692760456124e-05,0.0001186653053706,0.0001997369678922,0.00067521455686,0.0006497884089104,0.0006764498653384,0.0008385781010903925,0.0006153554665038727,0.000598259043004541,0.0006263972752590839,0.19595611907993304,0.2670399779962935,0.2746711682114027,0.2623327347123707,0.0005753820459073058,0.023987122501611273
2024-09-17,-0.0032550010764104,1.0595032007433395e-05,7.680104699818834e-05,0.0001896075713843,0.0006534609152602,0.0006047744678687,0.0006524740487469,0.0007900492748334641,0.0006108337874992101,0.0005923305067199055,0.0006198425840736331,0.20400712677017901,0.26386176708643005,0.2721043078773139,0.26002679826607705,0.000545327123523099,0.023352240224935573
2024-09-18,-0.0063727392395588,4.061180541541282e-05,0.0001019000568665,0.0001788668190217,0.0006350817473608,0.0005729644860371,0.0006358888063528,0.0007636021158697598,0.0006152141508178972,0.0005960171144366129,0.0006235974747208716,0.21066454240163168,0.26147625197300806,0.2698981059775067,0.2579610996478537,0.0005224162968907309,0.02285642791187483
2024-09-19,-0.0044581619905545,1.987520833402535e-05,0.0003022906274565,0.0001705715182053,0.0006283975821537,0.0005747514533125,0.0006329138172921,0.0007208562756135607,0.0006113078384036091,0.0005886735139652525,0.0006178399407125437,0.21879525218284418,0.25800410317382855,0.26792428548053304,0.2552763591627943,0.0005150072003609097,0.022693770078171447
2024-09-20,0.0219613113413237,0.0004822991958305,0.0002788325065256,0.000161529739613,0.0006200336765662,0.0005594343347477,0.0006251971001428,0.0006832203445798937,0.0006100610583838048,0.0005856597621481753,0.0006155575786266667,0.22745755167136583,0.2547345461483975,0.26534796630076757,0.2524599358794691,0.0005009671391095058,0.0223822952154042
2024-09-23,0.0117143666305555,0.000137226385555,0.0001167909991551,0.0001807759069861,0.0007011072577171,0.0006084639668429,0.0006654524702989,0.0006468214353922856,0.0006036464832390679,0.0005777896270268002,0.000608322318883147,0.23505703549849186,0.25186915408563076,0.2631406345637592,0.24993317585211822,0.0005455101843348703,0.023356159451735
2024-09-24,0.0162763826864687,0.0002649206333563,0.0001411828296828,0.0001781629357002,0.0006907309796393,0.0006001040184367,0.0006562579210794,0.0006117451298293693,0.0006020151972466112,0.0005748483807361221,0.000605578409130273,0.24446705979631791,0.2484182025937129,0.2601582230128133,0.24695651459715587,0.0005333342814189822,0.02309403129423233
2024-09-25,0.0036135706110601,1.3057892561117912e-05,7.158025633234339e-05,0.0001833683975596,0.0007077156404456,0.0006147053615637,0.000663521004071,0.0005789930335320509,0.0005988627262507639,0.0005714236340066595,0.0006016602267504185,0.25365304063444694,0.2452370752493125,0.25701307177619365,0.24409681234004693,0.0005400207405955123,0.02323834633952064
2024-09-26,0.0056359952253553,3.176444218022845e-05,0.0001473977873322,0.0001731497672597,0.0006718834264186,0.00056877484784,0.0006418341468646,0.0005489411913063621,0.0006002364135525762,0.000572565245563505,0.0006019406750870931,0.2641844649753587,0.24160769265876014,0.2532842083097104,0.2409236340561709,0.0005067703851823635,0.022511561144939803
2024-09-27,0.0024469340586814,5.98748628753529e-06,0.0001445084255104,0.0001646666477549,0.0006513891725653,0.0005412991908301,0.0006291265605506,0.0005245573635687302,0.0006021565833581194,0.0005743388605083632,0.0006031870617014255,0.2736653542628751,0.23839841778639367,0.2499450874787985,0.23799114047193273,0.0004853753258467344,0.022031235231977673
2024-09-30,0.0017714712199879,3.138110283245482e-06,0.0002884230279767,0.0001551458980669,0.0006328304567991,0.0005060348884112,0.0006177997589549,0.0005040125686859393,0.0006046932381171055,0.0005761382820766935,0.0006051227873962944,0.28238834537049484,0.23537103831412792,0.24703665724856172,0.2352039590668155,0.00046307947164070796,0.02151928139229347
2024-10-01,0.0158973212717509,0.0002527248236172,0.0002627374008683,0.0001460254307998,0.000619865669092,0.0004752099354874,0.0006098297100429,0.0004878256029650509,0.0006076882066454318,0.0005781998890955327,0.0006078688043680143,0.28994151048588745,0.2327524059717392,0.24462282827246648,0.23268325526990677,0.0004447584203710809,0.02108929634603964
2024-10-03,-0.0222475411692411,0.000494953088077,0.0004609546357279,0.0001524273943689,0.0006579637975164,0.0005093212500028,0.0006307974811522,0.0004649053781354535,0.0006034851043168794,0.0005731256521301487,0.0006032148298457936,0.29830659995306275,0.2298057427754826,0.2419789484836858,0.22990870878776884,0.00046494481187587795,0.02156257897089024
2024-10-04,-0.0017184240743099,2.952981299167841e-06,0.0002357464498417,0.0001729789359914,0.0007288848325342,0.0006778535283605,0.0007544076129651,0.00045018902416406645,0.0006000950984081555,0.0005701374767967804,0.0005995149484856395,0.30388365467846984,0.22797234358688648,0.23995104957444013,0.22819295216020363,0.0005535332206516945,0.023527286725240855
2024-10-07,-0.0302373592318657,0.0009142978933168,0.0008476735032845,0.0001627773787098,0.0006841685984438,0.0006166064981989,0.0007028037113025,0.00043092399444466577,0.0006016089755257405,0.0005712456714571724,0.0006011891454804242,0.3137323464562276,0.2247220394331217,0.2366666439266862,0.22487897018396447,0.0005087922571223052,0.02255642385490894
2024-10-08,0.0461991234174223,0.0021343590045382,0.0011651533356919,0.0002078686095863,0.0008250380108289,0.000870277281874,0.0009184782379856,0.0004247041447300419,0.0005972315383629683,0.0005682761662825715,0.0005964517910006233,0.3154049080219867,0.22429118876124185,0.23571949635228545,0.22458440686448605,0.0006620287487753589,0.02572991933091433
2024-10-09,-0.0022012718209738,4.8455976298137145e-06,7.507753722345775e-05,0.0003234580332834,0.0011480785812359,0.0010034195213196,0.0010385336729825,0.0004790731627775525,0.0006160297418057774,0.000587429978537648,0.000611877071493234,0.2961930841676735,0.23034303053144295,0.24155756908812742,0.23190631621275612,0.0008434840308769465,0.02904279654022571
2024-10-10,0.0064633896351756,4.17754055760957e-05,0.0008816992764214,0.0003043412871442,0.0009653011027351,0.000864626254598,0.0008956981318981,0.00046855106216902497,0.0006287092786308261,0.0005974333191920272,0.0006212685775480749,0.3045329892181851,0.22695586086216338,0.23883712370890656,0.22967402621074506,0.0007239861486328441,0.026906990701913214
2024-10-11,-0.0117249337054782,0.0001374740703978,0.0001986872131174,0.0002885873342501,0.0008497980140241,0.0007731217252106,0.0008020683697562,0.00046000948647120327,0.0006360118299827848,0.0006037198518509132,0.0006268771940889047,0.3106514689855334,0.2246854790789476,0.23670353439835126,0.2279595175371677,0.0006464271166957018,0.025424931006704853
2024-10-14,-0.0115737729114182,0.000133952219405,0.0001213305396982,0.0002795205384189,0.0007903711063358,0.0007873480611464,0.0007720659552171,0.0004508794891493055,0.0006382383672973022,0.0006059666485446722,0.0006282455048723379,0.3156375715948897,0.22298018158901858,0.2348553462122424,0.2265269006038493,0.0006242708861580634,0.024985413467822848
2024-10-15,0.001160228156069,1.3461293741352783e-06,4.968889002558644e-05,0.0002707864392781,0.0007499065825352,0.0007970510746333,0.0007507836563047,0.00044250085876126687,0.0006393828347995187,0.0006086600571406017,0.0006291237378063327,0.3202619693110154,0.2216452940797739,0.23283308110353307,0.2252596555056777,0.0006076369886065378,0.024650293884790456
2024-10-16,-0.0060738027579527,3.689107994251464e-05,0.0001119237945075,0.0002546200206839,0.0006979478711523,0.0006969369520818,0.0006996801712454,0.00044354887403527275,0.0006461737491482883,0.0006161424214864654,0.00063604966295865,0.32220092477183393,0.2211663002157554,0.23194614169056993,0.22468663332184072,0.0005552619736521301,0.023563997403923852
2024-10-17,-0.0236582024016292,0.0005597105408764,0.0004450092507319,0.0002415562842394,0.0006698081745291,0.000670981076709,0.0006750820248886,0.00043567592892103954,0.0006444590545118083,0.0006143568092117224,0.000632842931258902,0.3253478044517364,0.219946024397635,0.2307229362506858,0.22398323489994273,0.0005319292317698206,0.023063591042372836
2024-10-18,-0.0039063641386919,1.525968078405851e-05,0.0001621234177021,0.0002606455396376,0.0007489562447506,0.000836157989685,0.0008021993548423,0.0004297699289743537,0.00063825222557838,0.0006083714962959149,0.0006255682532695267,0.32607400950566684,0.2195633611440087,0.23034741890252852,0.224015210447796,0.0006217447786313878,0.024934810579416634
2024-10-21,-0.0216688521647534,0.0004695391541379,0.0003938384336941,0.0002459223881064,0.0006999192571041,0.0007574735206574,0.0007385464539079,0.0004253559256121712,0.0006405951547456723,0.0006134767040085571,0.0006284571556213635,0.3295783554690104,0.21884041022432532,0.22851414819217433,0.22306708611448994,0.0005720601353782631,0.023917778646401572
2024-10-22,-0.0395263413646731,0.0015623316616766,0.0008127849473171,0.0002593393940683,0.0007522232445803,0.0008856525729379,0.0008203728155447,0.0004199198769253419,0.0006357008203463555,0.0006092698863123391,0.00062318051055969,0.3307300753602239,0.21846775730933737,0.22794517776245074,0.22285698956798802,0.0006348139117533027,0.02519551372275038
2024-10-23,0.0041523696104958,1.7242173382169203e-05,0.0001541068860736,0.0003375189301248,0.000992087362393,0.001237142286834,0.0011762862605831,0.00044291072575608,0.0006393276564523043,0.0006091470987611719,0.0006258121799561712,0.3197326475033293,0.22150303920752917,0.2324775398940785,0.22628677339506298,0.0008814520048791211,0.02968925739857973
2024-10-24,-0.0018885453634811,3.5666035899260887e-06,0.0002020397104583,0.0003183023247202,0.0008631411082665,0.0010314869356859,0.0009894554287601,0.00043866736318834605,0.0006423720962606502,0.0006231073715687857,0.0006359526814874642,0.32502713295610797,0.22195670734843193,0.22881898350769933,0.22419717618776072,0.0007528937556017633,0.0274389095191803
2024-10-25,-0.0495245479516244,0.0024526808498127,0.001763979084297,0.0002994181814524,0.0007742090391704,0.0008818583209159,0.0008621168834076,0.0004377296868621851,0.0006471329127150187,0.000634329805130765,0.0006446547063015725,0.32835390472156056,0.22210313997279213,0.22658599790075282,0.2229569574048945,0.0006623010925233487,0.02573521114200054
2024-10-28,0.0383143292645219,0.0014679878269902,0.0010800695781705,0.000428613941554,0.0011736986839068,0.0013974892279304,0.0014493904454594,0.000516498030293854,0.0006784107489873408,0.0006634612331139977,0.0006731883765869444,0.3023827578203889,0.2302146583646903,0.23540199640002038,0.23200058741490048,0.0010650392961685205,0.03263493980641791
2024-10-29,0.0176904500907472,0.0003129520244132,0.0007812914002206,0.0004909763746802,0.0012567097987414,0.0013600337783322,0.0013276103717465,0.0005324457910290351,0.0006764218428923217,0.0006616632532508659,0.0006706665180659973,0.2953543088106145,0.2324882915017508,0.23767400987716217,0.2344833898104725,0.001071729563788171,0.03273728094677643
2024-10-30,0.0414985577957527,0.0017221302991274,0.001417088470104,0.0004802949136642,0.0010958135623946,0.0011982394410626,0.0011231489361709,0.0005324762645962944,0.0006852718878259593,0.0006741914300651379,0.0006817542960689143,0.2986976145420396,0.23209676751771743,0.23591131975647073,0.23329429818377218,0.0009425002213672069,0.030700166471327266
2024-10-31,-0.0074536446014868,5.555681784527384e-05,7.512756003032307e-05,0.000554805036792,0.0012521779330407,0.0012317041229359,0.0011335664946639,0.000537882593076474,0.0006816510147948548,0.0006687080271919225,0.000677603097004773,0.29522467948175196,0.23295823330888155,0.23746718998819552,0.23434989722117094,0.0010136378067196194,0.03183767904102966
2024-11-01,0.0007631888734012,5.824572564835239e-07,9.221210545115714e-05,0.0005248501436551,0.001044532493849,0.0010869572224019,0.0009739875154598,0.0005391072453925578,0.0006901547300480034,0.0006742671394577004,0.0006798218346379436,0.29641067029809115,0.23153813632234463,0.23699381241964013,0.235057380959924,0.000883965380386519,0.0297315552971337
2024-11-04,-0.0178220037800667,0.0003176238187367,0.0003116431291361,0.0004933940824712,0.0008951464189748,0.00090655168444,0.0008507247154822,0.0005335626740622368,0.0007009732805768363,0.0006872884194112621,0.0006898755824385073,0.30203059711874247,0.22989785418736208,0.23447543781595348,0.23359611087794196,0.0007661024383256832,0.027678555567906413
2024-11-05,0.0062447525384642,3.899693426665615e-05,0.0001253228396839,0.0004828478666472,0.0008545125434628,0.0009613330610541,0.0008545498791219,0.0005296546945665366,0.0006931170580669687,0.0006796718056462875,0.0006824308199265487,0.30124356460466434,0.23019930954491397,0.23475310712513703,0.23380401872528475,0.0007676361290176405,0.027706247111755147
2024-11-06,0.0438528609394758,0.001923073412577,0.0009300038422198,0.0004562168107043,0.0007750705749678,0.0008438555244988,0.0007739145238372,0.0005289528929035259,0.0006924012242423384,0.0006807416777646674,0.0006822445885990618,0.3015429692821397,0.23036069312419585,0.23430624441896847,0.23379009317469607,0.000694768934020616,0.026358469872521356
2024-11-07,-0.025315660552827,0.0006408826692259,0.00041827477718,0.0005442282068167,0.0010750072617856,0.0009668092021065,0.0009183352566331,0.0005597501770086658,0.0007027513607222965,0.0006892685613237863,0.0006930783841974678,0.29271996313553794,0.23315508206299365,0.23771583439755692,0.23640912040391138,0.0008568785534151542,0.029272487994961315
2024-11-08,-0.0139004319260551,0.0001932220077308,0.0002901207151245,0.0005500274745612,0.0010355750470089,0.0011029740151402,0.0009892212710455,0.0005596912251434267,0.0007031733807366672,0.0006881358209900999,0.0006921650487887577,0.29257695922753096,0.23287678578964766,0.23796575002182754,0.23658050496099378,0.0008985872609796347,0.029976445102440595
2024-11-11,-0.0087266434454829,7.615430582459012e-05,0.0001465235260088,0.0005286191465514,0.0009252546272596,0.0010669904473941,0.0009141123837662,0.0005610835195424904,0.0007088239930718288,0.0006936252174962882,0.0006966031049238669,0.29360464577856826,0.23240850989474288,0.2375010652036261,0.23648577912306276,0.0008398280335687945,0.028979786637737596
2024-11-12,-0.0116565754948417,0.0001358757522669,0.0002453959714995,0.0005014712561078,0.0008294186217206,0.0009805714029588,0.0008310653350654,0.0005640944935354729,0.0007164313376791148,0.0007029639811672228,0.0007037827907464522,0.29486899808082045,0.23217015976793118,0.23661806662629678,0.23634277552495161,0.0007688717782632836,0.027728537254303257
2024-11-13,-0.0187460338973895,0.000351413786882,0.0002916827002894,0.0004795355258773,0.0007764213173432,0.0009481170884103,0.0007912594777565,0.000562948792492987,0.0007146320725896017,0.0007014938913892107,0.0007020957573088189,0.294806259365909,0.23223254888074502,0.23658199988135403,0.23637919187199197,0.0007330250889598392,0.02707443607833484
2024-11-14,0.0035792891039107,1.2811310489373949e-05,8.683407216873436e-05,0.0004718482215376,0.0007813234844504,0.0010053163043555,0.0008235796260131,0.0005615862922849339,0.0007121642700894954,0.0006999979519231123,0.0006997699809588058,0.29469306305992216,0.23238400407972526,0.2364229555118611,0.23649997734849149,0.0007530738922991653,0.027442191827533845
2024-11-18,-0.0028695147162729,8.234114706907131e-06,0.0001928882930294,0.0004443060068747,0.0007211400546835,0.0008623107037631,0.0007501794034502,0.0005640893655078544,0.0007162064642424901,0.000707640735251628,0.0007045673401660092,0.29538901989979927,0.23265051787755062,0.2354666662229595,0.23649379599969056,0.0006794749245568649,0.026066739814500486
2024-11-19,0.000992873197094,9.857971855078164e-07,0.0003203511351257,0.0004181416933447,0.0006799709976115,0.0007670956245492,0.0007013931850382,0.0005648176823978123,0.000716747102497661,0.0007099147525333382,0.0007057809790293766,0.2955156137868222,0.2328749478160389,0.235116179084617,0.23649325931252185,0.0006281469623696286,0.02506286021924929
2024-11-21,-0.2562708755184844,0.0656747616390105,0.009711832565622,0.0003931123395751,0.0006510371789359,0.0006737166874866,0.0006662011754766,0.0005658026640757759,0.0007176212978119142,0.0007116901269289597,0.0007070689890517133,0.29553769837340416,0.23301428982716987,0.23495621303059966,0.23649179876882623,0.0005837255178187811,0.024160412202998135
2024-11-22,0.020106485258286,0.0004042707494416,0.0054434285214496,0.0043100112975412,0.0129414089117263,0.0230551283523339,0.0187024154824386,0.008446670833524047,0.008424723936294223,0.00842125166704789,0.008421876874943324,0.24946567524355223,0.25011554787775836,0.2502186760776106,0.2502001008010788,0.014760217390965148,0.12149163506581491
2024-11-25,0.013153668623733,0.0001730189982629,0.0006317197230895,0.0040756668646553,0.0089393913269543,0.0127458666827118,0.0128967990492777,0.008461593676287888,0.008578396210539622,0.008914131952089845,0.00874651679527928,0.25621040515656973,0.2527218714155911,0.24320352847858964,0.24786419494924952,0.009599902428665406,0.09797909179343012
2024-11-26,-0.0485576302233421,0.0023578434529068,0.0018110294253487,0.0038415079926717,0.0062154775896547,0.0076393649348152,0.0089415480488146,0.0084765564479736,0.00865252642596327,0.009060548615803993,0.008899228625801217,0.2585507367163948,0.2532924843621835,0.24188600573467664,0.24627077318674512,0.0066174559036883025,0.08134774676466645
2024-11-27,0.108851447354514,0.0118486375911725,0.0052920473340831,0.0037524881202858,0.0048005073906235,0.0059130600229846,0.0068936720203544,0.008478629416966093,0.008666457687643125,0.009085803349325353,0.008939328186946505,0.2590697638797973,0.25345494090505055,0.24175699568060868,0.24571829953454352,0.005312293521115136,0.07288548223833836
2024-11-28,0.0162571428899349,0.0002642946949437,0.0009487028788122,0.004238257088539,0.0056316884346485,0.0050534266011222,0.0061103016378517,0.008542727451134281,0.008713717147115219,0.009117738294849131,0.00896180602088642,0.25836127216394517,0.2532914363367418,0.24206769931878486,0.24627959218052817,0.005249573892246058,0.07245394324842547
2024-11-29,0.0106320842850462,0.0001130412162443,0.0008585767158993,0.0039998193449233,0.0040170726406087,0.0035262949295444,0.0043562383079401,0.008558072447344014,0.008740927102610757,0.009138465110101973,0.008993230401960123,0.2585861997865273,0.2531767403706514,0.24216314282473414,0.24607391701808715,0.00397722272778225,0.06306522597899931
2024-12-02,-0.0024794701090577,6.147772021710661e-06,0.0003926423802136,0.0037666126572026,0.0029072454846288,0.0025648427211541,0.0031526330896194,0.008572705509906775,0.008755086500339659,0.009148835422209121,0.009009547703920944,0.2585509956164223,0.25316500809292924,0.24226925531223334,0.2460147409784151,0.0031068510282550358,0.05573913372357912
2024-12-03,0.0229932320331367,0.0005286887193296,0.0005271737158617,0.0035409847640917,0.0021438426557963,0.0019207830118618,0.0023274549570357,0.008586407641144869,0.008762807509025266,0.009154622679418977,0.009018420526739492,0.25840478038587766,0.25320295790229763,0.2423659454367028,0.24602631627512195,0.0024959822520640032,0.04995980636535737
2024-12-04,-0.0077662216426929,6.031419860343208e-05,0.0002074090669662,0.003360247001406,0.001730456147883,0.0016254439308739,0.0018229047481832,0.008595156392862045,0.00876492869594864,0.009156134901961634,0.009021052965152486,0.2582543882942773,0.25325212942784686,0.24243164613669815,0.24606183614117752,0.002148646575511759,0.04635349582838126
2024-12-05,0.0110818182117595,0.0001228066948784,0.000265196666436,0.0031622510332378,0.0013657769902384,0.0013692175844302,0.0014420277914267,0.008605705902057047,0.008767404089063562,0.009158275997359423,0.009023747362339643,0.2580715439412201,0.2533119023928945,0.24250064198636015,0.24611591167952526,0.0018489967019166599,0.04299996165017662
2024-12-06,-0.0064229241501089,4.1253954638052514e-05,6.005140792206352e-05,0.0029798843729363,0.0011332267984238,0.0011647174031903,0.001180532608166,0.00861460678223605,0.00876850542611416,0.0091594110014116,0.009024975701875096,0.25789825845389847,0.25337180949757154,0.2425584009781223,0.2461715310704077,0.001628760225202033,0.040357901645180126
2024-12-09,-0.0042180021209213,1.779154189209725e-05,0.0001055774824312,0.0028035665478384,0.0009621776197922,0.0010267798634868,0.001001853785521,0.008622934459329585,0.008769331850991298,0.009160338794702969,0.00902586065024021,0.2577320900782057,0.25342944691495195,0.24261186956267589,0.24622659344416647,0.0014622052351134331,0.038238792281051884
2024-12-10,-0.0115454641735202,0.000133297742982,0.0001242946828946,0.0026364200474816,0.0008432104078767,0.0009023811602327,0.00087442323922,0.00863042619309788,0.008770059424321039,0.009161201433690607,0.00902663448024034,0.2575827284303196,0.2534816035761072,0.24265908160902527,0.24627658638454789,0.0013271555494731267,0.036430146163213876
2024-12-11,-0.0040410856290559,1.633037306136224e-05,4.990114882869631e-05,0.0024862327092116,0.0007851758978552,0.0008867841685448,0.0008199069892368,0.008636460143857352,0.008770427047011963,0.009161649311572618,0.009027015292722936,0.25745756286123384,0.25352493880480276,0.24269887492605002,0.2463186234079133,0.0012563409663936382,0.03544490042860381
2024-12-12,0.0188865699035091,0.0003567025227201,0.0004560388608556,0.0023380385690426,0.0007243800231152,0.0007968661427537,0.0007508302411562,0.008642322451333492,0.008770596610530361,0.009162017211856088,0.009027238658424192,0.25733320106621105,0.25356958024700993,0.242736555675766,0.24636066301101303,0.001163739266435263,0.03411362288639632
2024-12-13,0.0093210942008832,8.688279710173921e-05,0.0002486253887373,0.0022191584062632,0.0007474573134718,0.0007848605709212,0.0007372483331896,0.00864607948957176,0.008770330626055494,0.009161845066650916,0.009026997366674798,0.257245300168566,0.25360085137138094,0.24276368978036053,0.24639015867969247,0.0011326102633618623,0.03365427555841698
2024-12-16,-0.0060120859797307,3.614517782767534e-05,6.758947220168228e-05,0.0020912218697135,0.0007123401499063,0.0007268564233523,0.0006995510915644,0.008650429648466195,0.008770352558066907,0.009161967060707805,0.009027007490613583,0.2571502672005869,0.2536340792203295,0.24279287196336105,0.24642278161572245,0.0010672928849820293,0.032669448801319396
2024-12-17,-0.0099199746223103,9.840589650728086e-05,0.0001127419137023,0.0019679172682004,0.0006793083737776,0.0006938220051452,0.000674789510191,0.008654478813447332,0.00877045122812564,0.009162143224466113,0.009027086653358104,0.25706337154816183,0.253664200952676,0.2428197691601295,0.24645265833903265,0.001012973031459641,0.031827237257726924
2024-12-18,-0.0122145437273981,0.0001491950784685,0.0001171938868529,0.0018557465858988,0.0006688535652038,0.0007056236420731,0.0006751454281969,0.00865782168074588,0.00877042001360681,0.009162185638657224,0.009027046405634025,0.25698939879569077,0.25369006104191916,0.24284253521644034,0.24647800494594974,0.0009843526335519862,0.031374394552755695
2024-12-19,-0.0156049753912281,0.0002435152569608,8.416853962752735e-05,0.001753353495453,0.0006713707053069,0.0007382902761209,0.0006893531158034,0.008660525388546081,0.008770658571871086,0.009162461826705147,0.00902728291765905,0.25693509644044615,0.25370876174197127,0.2428597213300704,0.24649642048751202,0.0009700547259785314,0.03114570156503994
2024-12-20,-0.0312349043406437,0.0009756192491691,0.0009199272524974,0.0016627632011434,0.0006907358684747,0.0008007360349764,0.0007249102067068,0.00866271677485829,0.008770530396073388,0.00916248250658749,0.009027208835078637,0.2568854654649971,0.2537276459240367,0.2428737003646099,0.24651318824635624,0.0009755761348247938,0.0312342141701179
2024-12-23,-0.0025619853596611,6.563768983117821e-06,0.000142006957056,0.001621534564025,0.0008409307396932,0.0010442462276043,0.0009503089265471,0.008663163736185244,0.008770435232260359,0.009162408141648025,0.009027125484965223,0.25687381815727606,0.2537319856202885,0.24287719034477426,0.24651700587766115,0.0011177917021064567,0.03343339202214542
2024-12-24,0.014221095986368,0.0002022395710534,0.0003394526597579,0.0015246363163225,0.0007598942220607,0.0008979911856001,0.0008364360619742,0.008665644311684725,0.008770638202407264,0.00916305824352715,0.009027557092906795,0.25682813248134384,0.25375362589996203,0.24288629256391933,0.24653194905477474,0.0010087133744263632,0.03176024833697563
2024-12-26,0.0116497721129012,0.0001357171902825,0.000111481602117,0.0014452925116063,0.0007422926705564,0.0008381752919182,0.0007788936239465,0.008667306601572543,0.008770544353162418,0.009163236211977377,0.009027584804444311,0.25679223297133597,0.25376954114170686,0.24289420948854065,0.2465440163984166,0.0009551306490902681,0.03090518806107266
2024-12-27,0.0040330241367401,1.6265283687528473e-05,0.0001910083613858,0.0013667179923269,0.0007180342640569,0.0007792741095691,0.0007329063973904,0.00866893114517366,0.008770498166698752,0.009163424361151917,0.009027608226716695,0.2567575679551152,0.2537841791081458,0.24290195344891108,0.24655629948782792,0.0009031308167635824,0.030052134978460057
2024-12-30,0.0729589480863637,0.0053230081058687,0.002016756281901,0.0012856908298085,0.0006793960709296,0.000697094051482,0.0006891518934282,0.00867066188182544,0.008770589349994787,0.009163723805175187,0.009027733550240686,0.25672306803932854,0.25379810083517457,0.2429098658535279,0.24656896527196898,0.0008417504187058747,0.029012935368657112
2024-12-31,-0.0248793924825212,0.0006189841702993,0.0002757560579924,0.0015279298663721,0.0016482005407839,0.0010406091968043,0.0012200830133505,0.0086863026217177,0.008790925807430764,0.009183118224823959,0.009047415360888197,0.2567997755525892,0.25374353196718646,0.24290665861287375,0.24655003386735053,0.0013641746845332902,0.0369347354739856
2025-01-01,0.0103080379966072,0.0001062556473394,0.0008590752720168,0.0014733931246078,0.0014153977362539,0.0011563813697115,0.001187504452284,0.008686982648951578,0.008791904711106894,0.009183279353517577,0.00904773116022845,0.25679539456560335,0.2537308137682508,0.2429172685536992,0.24655652311244672,0.0013111825608817455,0.03621025491323895
2025-01-02,0.0166329025555422,0.0002766534474221,0.0002308289836933,0.0013913648759717,0.0011633606923546,0.0010081463251803,0.0010064535333103,0.00868874771246086,0.00879302960958977,0.009183866700514274,0.009048287834153,0.2567728420100969,0.2537276163842453,0.24292975022300475,0.24656979138265311,0.0011455112216514826,0.03384540178002741
2025-01-03,-0.0128239305807742,0.0001644531955405,0.0002097311909709,0.0013244821902587,0.0010264842063414,0.000934409473058,0.0009018681967966,0.008689397761192172,0.008793724536237193,0.009184271805676249,0.00904873715144569,0.2567696088546641,0.2537233518209134,0.24293414998290372,0.24657288934151872,0.0010499060055145465,0.03240225309318083
2025-01-06,-0.0357844230241965,0.0012805249311746,0.0006324550171461,0.0012548804505756,0.0009137731790318,0.000925706091581,0.0008470567706364,0.008687128705887653,0.0087928041120303,0.009183359811909887,0.009047876414756866,0.2568004137281399,0.25371408453525,0.2429239724320017,0.24656152930460834,0.0009878187583253794,0.031429584125873815
2025-01-07,0.0184591109448852,0.0003407387768755,0.000146327297012,0.0012564191194115,0.0010474729464824,0.0012147751768575,0.0011168581580451,0.008687031956614669,0.008791692835043309,0.009182569169017963,0.009047065307427863,0.2567832571640663,0.2537263758825189,0.24292595240493126,0.2465644145484835,0.0011588768030597208,0.034042279639585254
2025-01-08,-0.0021049929006526,4.4309951117979645e-06,9.160210849663147e-05,0.0012014782988594,0.0009608741178531,0.0010978299594783,0.0009833895322573,0.008687770122958492,0.008791357828210507,0.009182647992034314,0.009046948489116084,0.2567642767290367,0.25373884849180744,0.2429265516814592,0.24657032309769666,0.0010614745197101288,0.032580278079079206
2025-01-09,-0.0149608285033679,0.0002238263895071,0.000133937328114,0.0011296554606345,0.000839833044491,0.0009319694397142,0.0008582475334706,0.008689122577099015,0.008791743973623459,0.009183366232933433,0.009047424396034759,0.2567456418140658,0.2537487851729294,0.24292773437020637,0.24657783864279834,0.0009411667773727774,0.030678441573404235
2025-01-10,-0.0426665972836147,0.0018204385237621,0.0008296229594141,0.0010753057163669,0.0007998822208858,0.0009480425972862,0.0008338496703493,0.008689889149428882,0.008791695233105436,0.00918343387350693,0.009047420067958575,0.25672887566033425,0.253756006298434,0.24293151142317437,0.24658360661805737,0.000914960025579404,0.03024830616050102
2025-01-13,-0.0649204441307401,0.0042146640661325,0.0015083310187976,0.0011200136848106,0.0010723885442907,0.001339815307437,0.0012563888314759,0.008690351959291564,0.008792151326347678,0.00918354995888218,0.009047799266603342,0.2567255343326545,0.2537530539996683,0.24293821673285904,0.24658319493481826,0.0011949546935667926,0.03456811671998914
2025-01-14,0.0675072578874965,0.0045572298674889,0.0021842144179582,0.0013056927076899,0.0017036829411083,0.0020812197230713,0.0022008754600749,0.00869948512429782,0.00880109121652707,0.009190651487307758,0.009055451762252864,0.2566930345860576,0.2537295865879526,0.24297485754695078,0.2466025212790391,0.0018158624949109517,0.042612938116386105
2025-01-15,0.0031873241712127,1.0159035372397354e-05,0.0001525439946484,0.0015007849372778,0.0021907364132297,0.0020868874129797,0.002162739725758,0.00870950989574354,0.008808786337770862,0.00919619733981774,0.009060547713966053,0.2566034590010445,0.25371149665291765,0.24302331527564983,0.2466617290703881,0.001981549038288737,0.04451459354289037
2025-01-16,0.0164872885152002,0.0002718306825834,0.0013251201207217,0.0014113473831635,0.00166467369398,0.0016012546396785,0.0016566078179917,0.008711578032330487,0.008812774451256127,0.00919949424107385,0.009064239094928065,0.25663577134724946,0.25368884229871813,0.2430245064991656,0.24665087985486672,0.001582259261017474,0.03977762261645955
2025-01-17,-0.0116207362509702,0.0001350415110146,0.0003026264188123,0.0013429763811287,0.0013613618189706,0.0013609986511161,0.0013415603992768,0.008712772236450575,0.008814558552366,0.009201019979103161,0.009065935385633373,0.256644988284271,0.25368137442880445,0.24302624422355998,0.2466473930633645,0.0013516710606249333,0.03676507936377852
2025-01-20,0.0177594154286012,0.0003153968363656,0.0002518701860137,0.0012705002889219,0.0011325627656272,0.0012300248551401,0.0011366722742059,0.008712543945806747,0.008815359828386257,0.009201966452586426,0.009066767385978993,0.25666813045347403,0.2536745418902902,0.24301679185489822,0.24664053580133752,0.0011926654275692637,0.034534988454743454
2025-01-21,-0.0242393192253177,0.0005875445965068,0.0002885779873557,0.0012131940817685,0.0010131176017402,0.0011047749868719,0.0009941282345652,0.008713318317247648,0.008815092711980761,0.009201376331648695,0.009066152583497833,0.25664090883939467,0.25367786874279014,0.24302820049364307,0.24665302192417218,0.0010820569559844184,0.032894634151855506
2025-01-22,-0.0032556119178641,1.059900895973912e-05,0.0003526144521893,0.0011756551126528,0.0009841235154162,0.0011985864697475,0.0010258709835676,0.008713597940924725,0.008814565422547948,0.009200661652715589,0.00906541108969969,0.2566208706786179,0.25368137657966894,0.2430359005412974,0.24666185220041578,0.0010956942257190794,0.03310127226737787
2025-01-23,0.0035492074335876,1.2596873406634129e-05,0.0001601421301917,0.0011057517464312,0.0008565617091839,0.001016349645691,0.0008887067240662,0.008710461296788529,0.008812797794162972,0.00919970499676916,0.009064032929631089,0.25666039043203137,0.25367998330309804,0.2430110963408036,0.246648529924067,0.000967277683733296,0.03110108814387844
2025-01-24,-0.0297461728388002,0.0008848347985557,0.0007407050363412,0.0010401624540497,0.0007714947440848,0.0008701731354354,0.0007942525242323,0.008710571020005659,0.008813389404945672,0.009200613087570277,0.009064738274925562,0.25667344045032,0.2536790477834886,0.24300252719160198,0.2466449845745894,0.0008700468003502293,0.02949655573707258
2025-01-27,-0.024220971246963,0.0005866554481462,0.0003201952883687,0.0010308427947201,0.0008780069354012,0.0010826484261746,0.0009722935556487,0.008710563781682005,0.008812559347718704,0.009199620196866048,0.009063799307465419,0.256654177467279,0.25368369102020216,0.24301031290677072,0.24665181860574814,0.0009902188562229846,0.0314677431066002
2025-01-28,0.0115933866065691,0.0001344066130093,0.0003788197655589,0.0010041915539256,0.0008934591562104,0.0011809365474159,0.0010108428110926,0.008709277075777,0.008812268671628846,0.009199594423486135,0.00906360617270836,0.2566786910642048,0.25367881112420987,0.2429983037316118,0.24664419407997343,0.0010206903184950458,0.031948244372657565
2025-01-29,0.0141382046730697,0.0001998888313776,0.0001294141895676,0.0009520044574707,0.0008190405674932,0.0010331812821129,0.000889814393276,0.008709762442243195,0.008811459401567447,0.00919933345032723,0.00906324394351844,0.25665777932458195,0.25369557810969784,0.24299894105819908,0.2466477015075212,0.0009226589525714378,0.030375301686920538
2025-01-30,-0.0288785262891366,0.0008339692806323,0.0015713474886232,0.0009068775199051,0.0007814685267614,0.0009392262906141,0.0008147863173783,0.008710040690037581,0.00881079122848956,0.009198893341046227,0.009062810387013003,0.25664073498385487,0.2537060732074269,0.24300219184586086,0.24665099996285736,0.0008602069317045037,0.029329284541299395
2025-01-31,0.0155056218606442,0.0002404243092852,0.0007206637225302,0.0009025030255487,0.0008751532938566,0.0011281034746271,0.0009722087266493,0.008710016216739938,0.00881047837170518,0.009198589171718875,0.009062549400395947,0.2566350739344156,0.2537087728325464,0.24300418401394036,0.24665196921909766,0.0009675790601675339,0.031105932877307087
2025-02-01,-0.0078108139464921,6.1008814506715854e-05,0.0008891264647738,0.0008627783025729,0.0008266509526755,0.0010170434345574,0.0008748550604034,0.008710247120804242,0.008810230382413483,0.009198532342511341,0.009062430211137859,0.25662696614338304,0.25371462447033016,0.24300445002956447,0.24665395935672232,0.0008940781592522896,0.0299011397651041
2025-02-03,-0.003596666476281,1.2936009741604062e-05,0.0003029319806848,0.0008146721332889,0.0007605346225559,0.0009333212541024,0.000800320363296,0.008708803458139597,0.008809538259599346,0.009198305211938426,0.009061824926088785,0.25664770510048635,0.2537130046818547,0.24298980847056384,0.24664948174709508,0.0008262274132856053,0.02874417181422358
2025-02-04,0.0173778724832589,0.0003019904520444,0.0001359248222549,0.0007665679658761,0.0007072389599006,0.0008271249963852,0.000736635245356,0.00870940956578664,0.008809888667821609,0.009198976398864188,0.009062324254523049,0.2566450561493473,0.2537179516471315,0.2429864813344843,0.24665051086903697,0.0007588467509622242,0.027547173193673145
2025-02-05,0.0099869545637348,9.973926145810427e-05,0.0001082423763889,0.0007386933150462,0.0007257210431887,0.0008004887760999,0.0007218580048027,0.008709494265074702,0.008809372819214614,0.009198476436151707,0.009061915318993146,0.25663314221579564,0.25372349725980187,0.24299077090332494,0.24665258962107753,0.0007462651987142416,0.027317854943502456
2025-02-06,-0.0052404641094999,2.7462464082957433e-05,0.0001171797856203,0.0007003560718309,0.000700190891706,0.0007421112991138,0.0006904887623772,0.00870968900999786,0.00880906148038317,0.009198031871374373,0.009061625509905856,0.25662153713444297,0.2537266639228173,0.24299695988927328,0.24665483905346658,0.0007080267348929001,0.02660877176595906
2025-02-07,0.0113304181572686,0.0001283783756185,0.0003003127725155,0.000659982455366,0.0006695432796988,0.0006983514284474,0.0006662659640187,0.008709994340590936,0.008809034577954417,0.009197848145648195,0.009061585336116037,0.2566131246749966,0.2537280156935878,0.24300236623259272,0.24665649339882298,0.0006732819238115674,0.02594767665536873
2025-02-10,-0.0207367946672937,0.0004300146530735,0.0003377234958542,0.0006280862105812,0.0006679308408625,0.0006695862607018,0.0006558740919903,0.008710249013379938,0.00880914074488185,0.009197819891216192,0.009061673490631448,0.25660875594201576,0.25372805679909405,0.24300608075649693,0.24665710650239336,0.0006551347541515581,0.02559560028894728
2025-02-11,0.0134200291636551,0.0001800971827533,0.0005402761331051,0.0006162019171307,0.0007233888795547,0.0008008175792867,0.0007535286376391,0.008710084949797523,0.008808635566816556,0.009196979371390974,0.009061115875241723,0.25659902165934045,0.25372820339024643,0.2430144927409751,0.2466582822094378,0.0007221353270063363,0.026872575741940637
2025-02-12,0.0135611390547466,0.0001839044924621,0.0006312409387075,0.0005900356330681,0.0007136909150477,0.0007596287445692,0.0007204203599691,0.008710084977202735,0.008808433992418572,0.009196667530921335,0.009060912017281904,0.25659399284820245,0.25372903790517387,0.243017970893604,0.24665899835301971,0.0006947853087691397,0.02635878048713824
2025-02-13,-0.0473105284249528,0.0022382860998482,0.0013212288707736,0.0005656677646317,0.0007079088111292,0.0007284125120939,0.0006984058227646,0.00871007629326253,0.008808263370909971,0.009196436043929414,0.009060725572365003,0.25659004999254603,0.25372980091718533,0.2430201113617701,0.24666003772849848,0.0006740499781206384,0.025962472496290457
2025-02-14,-0.0418722926613755,0.0017532888927198,0.0011742578479735,0.0006660248647447,0.0010891048168566,0.0012239254984035,0.0012795889696335,0.002209938381147263,0.0026751558479989525,0.0037674262391939237,0.0034206801750269787,0.3269319619064546,0.27007753255993927,0.19177535133254117,0.2112151542010649,0.0010168748813415493,0.03188847568231428
2025-02-17,0.0324728806753397,0.0010544879793548,0.0012836857734106,0.0007312607064232,0.0012535246867104,0.0015558211916146,0.0015397209607433,0.0021562196577402408,0.0021317005568770465,0.0023763729488541652,0.0024747574377326424,0.2638421612988964,0.2668769086249131,0.23939914608423046,0.22988178399196005,0.0012538902645677086,0.03541031296907313
2025-02-18,-0.0015300126588867,2.3409387363538144e-06,0.0004064742502018,0.0007506543427991,0.0012326720702156,0.0014354010074972,0.0013450923194742,0.0020969454302486273,0.0018066505272512046,0.0017368733383876578,0.0018520544214304603,0.222211434670658,0.25791665042745576,0.2682781997875469,0.25159371511433926,0.0012082342019734908,0.034759663432972
2025-02-19,-0.0179505874959888,0.0003222235914511,0.0006522124359604,0.0007057555385553,0.0010214927136649,0.0011632106614689,0.0011025718185743,0.002090412721332721,0.0017439014747451932,0.0016081196660122975,0.0016546104771249682,0.20999594783570055,0.25172190467251676,0.27297607887143016,0.26530606862035244,0.0010153855745788048,0.03186511532348196
2025-02-20,-0.0008257424023006,6.818505149572844e-07,0.0002675492247767,0.0006827436217291,0.0009400020007227,0.0011622413375407,0.0010263335542028,0.001811026326102094,0.0014904382979429149,0.0014179745519395611,0.0015292776585057208,0.21383397541238583,0.25982891034227235,0.27310712900819734,0.2532299852371445,0.0009675483040786677,0.031105438496807396
2025-02-21,-0.0212897046743665,0.0004532515251217,0.0005303511325927,0.0006418199154562,0.0008251500800121,0.0009646030968273,0.0008862927618203,0.0017390697340059567,0.001325127578675995,0.0012848641032162024,0.0013366473833752472,0.20133070153253282,0.2642222041075064,0.27250207137470234,0.26194502298525835,0.0008422573465032084,0.029021670291408255
2025-02-24,-0.0084507122256205,7.141453712025294e-05,0.0001405427618206,0.0006305058120362,0.0008330504643006,0.0010496508655908,0.0009159287932208,0.0016652843911295794,0.0012264762068541946,0.0012087440130326976,0.001220521587974717,0.1960829818240612,0.26623747543809706,0.27014316139485284,0.2675363813429888,0.0008740209903070715,0.02956384599992145
2025-02-25,0.0069258840637482,4.7967870064481586e-05,0.000251977796768,0.0005969603355412,0.0007667714690041,0.0009646168245569,0.0008309917695382,0.001594583608665062,0.0011720235670713917,0.0011695708031450923,0.0011560940797763729,0.1959548527326478,0.26660419208688396,0.26716330073015077,0.2702776544503175,0.0008037104837740807,0.028349788072824823
2025-02-27,-0.0089134182820859,7.944902547142333e-05,0.0001733317653554,0.0005640207876126,0.0007179827229708,0.0008497995036716,0.0007589115820718,0.0015480594215945454,0.0011570530878169882,0.0011617233649528235,0.0011370339904540699,0.1987290751164155,0.26588617265537035,0.26481727609156785,0.2705674761366462,0.0007333673888703868,0.027080756800177998
2025-02-28,-0.0071073740737357,5.051476622401112e-05,0.0001276566265005,0.0005349464818841,0.0006912045735738,0.0008181100053863,0.0007268891558135,0.001489600235280764,0.001139770898278162,0.001148331248530267,0.001117480213450693,0.20254741406378726,0.26471519504553465,0.2627418491233155,0.2699955417673626,0.000702532947108268,0.026505338087039525
2025-03-03,0.0100165570726554,0.0001003314155897,0.0008482269937005,0.0005058805789445,0.0006678450796666,0.0007752504210877,0.0006972509100843,0.0014383496553229725,0.0011314457588104043,0.0011413116849094886,0.0011078722825047934,0.20704753996909306,0.26320904509211884,0.26093376742535657,0.26880964751343156,0.0006702409795178028,0.025889012718097282
2025-03-04,0.0129990449858151,0.0001689751705432,0.0004407828858973,0.0004815476291432,0.0006615363172058,0.0007229025330186,0.0006738905231803,0.0013884037912090083,0.001125017313756782,0.0011354065884842434,0.001100766526055564,0.2119430211992517,0.2615626360190836,0.25916926776527677,0.26732507501638786,0.0006425957971327533,0.025349473310756446
2025-03-05,0.0460377773699334,0.0021194769451635,0.0009051530163886,0.0004627932816272,0.000670177119513,0.0006969379939461,0.0006653247484462,0.001341622552513268,0.0011201978158210985,0.0011301745098301569,0.001095352132931527,0.21693897692997957,0.25982038159490434,0.25752679912428333,0.26571384235083273,0.0006307897820640935,0.025115528703654508
2025-03-06,0.0031120140122561,9.684631212478823e-06,0.0001304980282175,0.0005621943014394,0.0010415626360759,0.0008576220849837,0.0008655583824701,0.0013195709144419993,0.0011320120934798228,0.0011406854162098535,0.0011071966801875692,0.22151722574911642,0.25821958071831014,0.256256180707267,0.2640070128253065,0.0008417720321361565,0.029013307845472507
2025-03-07,-0.0023775988991985,5.652976525470056e-06,0.0001180118168305,0.0005290437212258,0.0008948632875728,0.0007513969270569,0.0007782717941811,0.0012824513849138783,0.001135493516516054,0.0011404027157154272,0.0011078496725423408,0.2266758345283778,0.2560126796754962,0.2549105977313087,0.2624008880648173,0.0007447760249640557,0.027290584914289685
2025-03-10,-0.0085795126005276,7.360803646261325e-05,0.0003283147802866,0.0004976402765438,0.0007958477551016,0.000678806992501,0.0007197039756125,0.0012584986996631647,0.0011402941126158034,0.0011430477626942544,0.001111166481646549,0.2305604882749918,0.2544607320844288,0.253847725491235,0.2611310541493444,0.0006774988564572336,0.026028808202782423
2025-03-11,0.0099578033787777,9.91578481303984e-05,0.0002553763876267,0.0004721983421389,0.0007422640809168,0.0006804831665117,0.0006987365255526,0.0012292432813892453,0.001140917111475661,0.001142165954606017,0.0011111249676802135,0.23474394732866052,0.2529170762697449,0.2526405369875369,0.25969843941405774,0.0006519553817673677,0.025533416962235347
2025-03-12,-0.0039177503106024,1.534876749622557e-05,0.0007114952360078,0.0004498159124984,0.0007111625098913,0.0006490392595355,0.0006747724276672,0.0012012365968109258,0.001140598215132906,0.001141150305413806,0.0011105202145254556,0.23880562828431345,0.2515014107628756,0.2513797339917648,0.25831322696104614,0.000623734905783091,0.024974685298980066
2025-03-13,-0.0092765115832136,8.605366715349789e-05,0.0002359512961073,0.0004237478837982,0.0006746215509239,0.0006136316138561,0.0006522936745132,0.001178076473340265,0.001141669584262958,0.0011414937908287605,0.0011112900184444055,0.24248094620081143,0.2502134609611066,0.25025199457726655,0.2570535982608155,0.0005927871523691407,0.024347220629245152
2025-03-17,0.0141268575894963,0.0001995681053539,0.0005670030266666,0.0004034862307996,0.0006633990359316,0.0006345034109896,0.0006565173295062,0.0011581131922133287,0.0011422268717206116,0.0011412654541742154,0.0011116199461537002,0.24567034882282698,0.24908718132220428,0.249297015752774,0.2559454541021948,0.0005905812318889031,0.024301877126857982
2025-03-18,0.0,0.0,0.0,0.0003912511432728,0.0006771590505448,0.000632302341375,0.0006567933951384,0.0011418956538302501,0.0011424608850803923,0.0011408591544240698,0.0011116951431506253,0.2482880565379779,0.24816521629860946,0.2485136325191718,0.2550330946442409,0.0005898301120379994,0.024286418262848053
2025-03-19,0.0288556578761494,0.0008326489914653,6.383102780322009e-05,0.0003677760746764,0.0006489689491165,0.0005668508222752,0.0006358997502365,0.0011395646222758515,0.0011452103029244544,0.0011435529336698423,0.0011144541864234589,0.24912096851685875,0.24789284698535904,0.24825212198779667,0.25473406250998554,0.0005552027385294737,0.023562740471546887
2025-03-20,0.0088666503594045,7.861748859592905e-05,0.0001604181660358,0.0003956684496838,0.0007861570408588,0.0006493491145993,0.0007097067102815,0.0011219360339794176,0.0011403798226293188,0.0011361973310720051,0.0011080654565480707,0.2510170785016529,0.24695728556992103,0.24786636776336254,0.25415926816506346,0.0006347970916801411,0.02519517992950519
2025-03-21,0.009995688592617,9.991379044057434e-05,0.0001715516334406,0.0003766453920185,0.0007367121602545,0.0006194806424659,0.0006800303419364,0.0011096261834548631,0.0011417647298504689,0.0011350354384180035,0.0011080358882299835,0.2531068361468682,0.24598235105472802,0.24744070809933041,0.2534701046990734,0.0006022018035478653,0.024539800397474006
2025-03-24,0.0024938597412797,6.219336409176137e-06,7.329665748213481e-05,0.0003600414959238,0.0007075855020167,0.0006010143442326,0.0006621868346389,0.0010972526971001094,0.0011420389678871077,0.0011333933497617882,0.0011074555752176186,0.255122612354342,0.24511770821177384,0.24698748634431528,0.25277219308956883,0.0005811219041798573,0.024106470172546152
2025-03-25,-0.0206232440818109,0.0004253181964579,0.0003434093882005,0.0003388121663529,0.0006705144548432,0.0005532456377169,0.0006402084543954,0.00108427607554457,0.00114203484365123,0.0011317127709068037,0.0011068287276247068,0.2572590181414484,0.2442480631300646,0.24647578940489812,0.2520171293235889,0.0005486394942829965,0.023423054759851382
2025-03-26,-0.0033454883161383,1.1192292073418455e-05,0.0001776754478366,0.0003440025281592,0.0007242391014329,0.0006989996598962,0.0007416303680552,0.0009508489976995157,0.0009725533706083886,0.0009614547340850045,0.0009316450000143356,0.2507984685655626,0.24520142510118587,0.24803192912361785,0.2559681772096338,0.0006270677746055652,0.025041321343043484
2025-03-27,0.0217076535784544,0.0004712222238821,0.0004490201869453,0.0003240339139941,0.0006826012267319,0.0006474179405605,0.0006964183477833,0.0009445581803185782,0.0009678218924985501,0.0009640109236407711,0.0009331841933833245,0.2520178938382791,0.2459600935426888,0.24693243341328644,0.2550895792057457,0.0005870725569015248,0.024229580204814215
2025-03-28,-0.0203249760222,0.000413104650303,0.0005727628456631,0.0003328652125874,0.0007409390251414,0.0006799826611373,0.0007125043531473,0.0009281164517201897,0.0009533413258101464,0.0009547015637684223,0.0009231429885889397,0.2530952549427366,0.2463984971647491,0.24604743396193762,0.2544588139305767,0.0006154238696606085,0.024807738100451813
2025-04-01,0.0083637367805112,6.995209293367735e-05,0.0002231325667165,0.0003376795788503,0.0007691204973374,0.0008049238578069,0.0007872212900699,0.0009169502501557936,0.0009473894539642146,0.0009506440500538584,0.0009191355600014975,0.25444970559726,0.24627434918468985,0.2454312118045204,0.25384473341352987,0.0006727225356982045,0.02593689525942156
2025-04-02,0.0145177437310778,0.0002107648830412,0.0002708172515974,0.0003216159296953,0.0007236767877389,0.0007374626752103,0.0007315980043934,0.0009052980762689404,0.0009451503023601658,0.0009501824159956551,0.0009188698209996787,0.2566848832538323,0.24586177503909956,0.2445597046473596,0.25289363705970846,0.0006258485411890446,0.02501696506751058
2025-04-03,0.0173219224113567,0.000300048996025,0.0005160916317694,0.0003149648668961,0.0007196320451595,0.0007158764919146,0.0007088111868619,0.0009054051278197122,0.0009462832329467712,0.0009515103045105507,0.0009196256246496542,0.25687900659273594,0.245782194696648,0.24443200320140923,0.2529067955092069,0.0006120268964070266,0.024739177359140836
2025-04-04,-0.032096705850205,0.0010301985264345,0.0005777091514107,0.0003140699146438,0.0007336580820681,0.0007129273388142,0.0007028140201032,0.0008976567525362053,0.0009434307443757477,0.0009463199287523396,0.0009156728182559415,0.25770655185067526,0.24520297628698634,0.24445435355733905,0.2526361183049995,0.0006126674177153734,0.024752119459055894
2025-04-07,-0.0536484376371067,0.0028781548609025,0.0006634715285716,0.0003570376313512,0.0008799104436741,0.0009801107030764,0.0009503571622236,0.0008890742063484413,0.0009360987034327499,0.0009366289212244644,0.0009078933803325736,0.2578472690390041,0.24489442752062823,0.2447557948352383,0.2525025086051293,0.0007874016842513516,0.028060678613521656
2025-04-08,0.03245880392278,0.0010535739520974,0.0004068686913117,0.0005083046651243,0.0013242478706985,0.0015563737745442,0.0016261381926304,0.0009395272077192826,0.0009677324312200881,0.0009638250983273834,0.000937817832188339,0.2533269955237714,0.24594360699919016,0.24694065879525362,0.2537887386817847,0.0012514851175547885,0.03537633555860172
2025-04-09,-0.0215814026978464,0.0004657569424066,0.000295747598753,0.0005410208223427,0.001279871436434,0.0014357018590607,0.0014035065076393,0.0009372368798525717,0.0009593582291387896,0.0009594205040793132,0.0009320641021060451,0.2525654702133705,0.24674169259357215,0.24672567685890148,0.25396716033415584,0.0011631098981180958,0.034104397049619505
2025-04-11,0.0370795922231093,0.001374896159432,0.0002635468890931,0.0005365049895465,0.0011399687520505,0.0014148933563312,0.0012695589468406,0.0008478755982488849,0.0008756995266946896,0.0008935444399957424,0.0008588033468068273,0.2561217925770597,0.2479839391092458,0.24303146926512798,0.2528627990485667,0.0010849924013420246,0.03293922284058968
2025-04-15,0.0408528841030185,0.0016689581395346,0.0004110792632399,0.0005868084597397,0.0012166684443176,0.0013644029755996,0.0011960180380205,0.0007445802806340239,0.0007950203402941026,0.0008344286819469077,0.0008032359672413994,0.26625101478494245,0.2493587211043293,0.23758202420021782,0.2468082399105103,0.0010789699628059295,0.032847678195055574
2025-04-16,-0.0010755999720539,1.1569152998823856e-06,0.0001267950523343,0.0006517374405274,0.0013231605715474,0.0013529711332711,0.0011772875412594,0.0007327240272730179,0.0007458003391933784,0.0007911618735427372,0.0007561012923236851,0.257885809661335,0.25336423048021867,0.23883750639483903,0.24991245346360735,0.0011206744671118315,0.03347647632460489
2025-04-17,0.0010344697935678,1.0701277538042903e-06,0.0001972650181184,0.0006127026090137,0.001081880366027,0.0011010727884551,0.0009886302063361,0.0007227012605207374,0.0007436483350033239,0.0007917939571112127,0.0007501891471464948,0.25988000183959964,0.2525597060776997,0.2372026247823842,0.2503576673003164,0.0009411570501915662,0.03067828303852036
2025-04-21,0.0101217092765625,0.0001024489986792,0.0002941760316022,0.0005760046601381,0.0009202535905689,0.0009180460369629,0.0008606903929759,0.0007100799762373056,0.0007398767920251296,0.0007887045832170418,0.0007448334542126306,0.2622345772588036,0.2516736899921665,0.23609286208152935,0.24999887066750054,0.0008145676980449497,0.028540632404432626
2025-04-22,0.0011456167120804,1.3124376509979523e-06,0.0001069594321304,0.0005475913204506,0.0008309975269164,0.0008317752300654,0.0007847745969208,0.0007019597177260859,0.0007398885528376748,0.0007868920859027606,0.0007437186871625181,0.26422492724969493,0.2506799904351042,0.2357060881297405,0.24938899418546034,0.0007447703619779313,0.027290481160615897
2025-04-23,0.0033068982112857,1.0935575779804997e-05,0.0001666002624163,0.0005148145874826,0.0007522566155967,0.0007227391835236,0.0007226909460403,0.0007008545980680742,0.0007455799666677799,0.0007913500117336548,0.0007487272738716376,0.2658359701028877,0.24988917394224214,0.23543610187144756,0.24883875408342274,0.0006748294301891886,0.025977479288591274
2025-04-24,-0.0045343520529173,2.0560348539796027e-05,7.961653764735335e-05,0.0004845818467804,0.000701319358568,0.0006507900183839,0.0006816723095624,0.0006876090021670727,0.0007411160066771325,0.0007817655299945488,0.0007428702260267913,0.2678830384063047,0.248542450947614,0.23561896971503357,0.24795554093104777,0.000626481789635275,0.025029618247893334
2025-04-25,-0.0367786800392573,0.00135267130543,0.0011670400470103,0.000456740556886,0.0006690054138659,0.0006205270777599,0.0006583985472901,0.0006756317631925933,0.0007383126292080883,0.0007752323355199473,0.000739153467574114,0.27022018908584544,0.24727918171754557,0.23550274470924473,0.2469978844873642,0.0005976105092593488,0.024446073493699327
2025-04-28,0.0065622043996466,4.306252658274221e-05,0.0002663882196245,0.0005104964017986,0.0008970494177033,0.000962885896642,0.0010089626477176,0.0006851674003690545,0.0007434254657801982,0.0007809708770486464,0.0007444761069804253,0.2688679182768955,0.24779825428106386,0.23588527821242294,0.24744854922961768,0.0008363403355709682,0.0289195493666649
2025-04-29,-0.0166798254289599,0.0002782165763405,0.0003576655496013,0.0004824503692857,0.000804324000214,0.0008466396327082,0.0008788926268825,0.0006854250994887801,0.0007506141186978204,0.0007873478334017057,0.0007532034555365725,0.2707301507812798,0.2472178925381703,0.23568394127935013,0.24636801540119976,0.0007455275431877363,0.027304350261226438
2025-04-30,-0.01265159279106,0.0001600628001508,0.0002040409752937,0.000470196341709,0.0007862928919533,0.0009002857702468,0.0008627848558573,0.0006766786487357232,0.000747283096394589,0.0007791328140219196,0.0007486832667458921,0.2718982960755244,0.24620893001543306,0.23614429821300695,0.2457484756960357,0.000746063330324827,0.027314159886857713
2025-05-02,-0.0009564694547156,9.148338178040252e-07,0.0004507122233124,0.0004515883292155,0.0007520690884603,0.0008973117804563,0.0008193871812637,0.0006708718769615437,0.0007473813933212535,0.0007775648981505039,0.0007488815999089751,0.2735044761007884,0.24550579246257734,0.23597575157463485,0.2450139798619994,0.0007206538830636436,0.026844997356372444
2025-05-05,0.065812681704416,0.0043313090731267,0.002492941518372,0.0004245479194916,0.000699315485707,0.0007746761836352,0.0007462391171932,0.0006733242842540582,0.0007536158748557914,0.0007860118605757032,0.0007562952249660619,0.27469623032953794,0.24542959993951444,0.23531406070444405,0.24456010902650346,0.0006530469513299981,0.025554783335610537
2025-05-06,-0.0422143662896259,0.0017820527212347,0.0008950515693627,0.0006589535887097,0.0014756607092296,0.0010563654291148,0.0011539811317081,0.0008369226367173723,0.0008837864537062708,0.0009030553868946918,0.0008816288542032873,0.2615724255221117,0.24770223976897657,0.24241689628064056,0.24830843842827116,0.0010805126327748488,0.03287115198429846
2025-05-07,-0.0003825124970609,1.4631581040781748e-07,0.0002723766921895,0.0007263395366612,0.0015178328983697,0.0014237512891848,0.0014625852102589,0.0008430587893743633,0.0008791319385864222,0.0008994735660297837,0.0008790932298248996,0.25938607498592203,0.24874276631311618,0.24311743959683893,0.24875371910412292,0.00127591459407107,0.03571994672547917
2025-05-08,-0.0292361800449671,0.0008547542236217,0.0007831057636984,0.0006827679434102,0.0012120832941665,0.001142252479761,0.0011815195251691,0.0008419170893729285,0.0008955151850895838,0.0009103360540789261,0.0008933742012095853,0.2626469923076481,0.24692712639382927,0.24290699056179238,0.24751889073673025,0.001048532706133401,0.032381054740903685
2025-05-09,-0.0151228057465586,0.0002286992536481,0.000114258010961,0.0006930871202229,0.0011674767822666,0.0012969285124116,0.0012262294523744,0.0008400715260908242,0.0008951750714720429,0.000908566571024403,0.0008926076710884272,0.2628674348497009,0.2466863233698361,0.243050376490065,0.24739586529039806,0.0010887736480944292,0.032996570247442826
2025-05-12,0.0745806514402055,0.0055622735692454,0.0008958758754951,0.0006652238482284,0.0010202527496176,0.0012268326698326,0.0010843401426173,0.000838158735412921,0.0008997199061585693,0.0009145094924419883,0.0008982663119931326,0.26446811831993966,0.24637252337174395,0.24238814953813806,0.24677120877017825,0.000992246372148118,0.03149994241499686
2025-05-13,0.0065344897881588,4.269955679155244e-05,0.0001521072122248,0.0009590468314894,0.0019213551997752,0.0014992789623169,0.0015129279683355,0.001046254542863127,0.0010704138153138042,0.0010682148780471754,0.0010647787402146682,0.25384094558139786,0.2481117476995108,0.24862248966680323,0.24942481705228803,0.0014702724011615414,0.0383441312479699
2025-05-14,0.0084436567431515,7.129533919616779e-05,0.0001604524182671,0.0009040659950075,0.0014903403366853,0.0012282830376951,0.0012200753832858,0.0010506823460490317,0.0010953205903021068,0.0010821409013658217,0.0010793321581819642,0.25617170608526524,0.24573178987424338,0.24872462430847592,0.2493718797320155,0.001207576855650132,0.03475020655550312
2025-05-15,0.0233255530433602,0.0005440814247786,0.0003372796306098,0.0008540997556588,0.0012070046797703,0.0010492933564118,0.0010248135281246,0.0010558588775749717,0.001110110477421596,0.001091962772593662,0.0010890833880278631,0.2572307969002755,0.2446598118087059,0.2487258973561246,0.24938349393489395,0.001031564308524076,0.03211797485091605
2025-05-16,0.0137933287742922,0.0001902559186757,0.0002564692930489,0.000835498655806,0.0011058432614591,0.0010037040378884,0.0009425479074314,0.0010551161246309029,0.001111193185267288,0.0010909698062505227,0.0010883354054581854,0.25732426495942573,0.24433823462675058,0.24886754854436174,0.24946995186946197,0.0009701206122336085,0.03114675925732256
2025-05-19,-0.0056519664998747,3.194472531570684e-05,0.0001010243396897,0.0007967840915782,0.0009717646188824,0.0009153952628167,0.0008494732002121,0.0010570997893120716,0.0011153672356954665,0.0010934894186136767,0.0010904626789172965,0.2574741003673149,0.2440235005485826,0.2489057622493207,0.24959663683478184,0.0008821574806800553,0.02970113601665861
2025-05-20,-0.0154696983372093,0.0002393115666442,0.0002948991071079,0.0007508937296024,0.0008522846630094,0.0008345138936908,0.0007751425603146,0.0010395105020689624,0.0011044142566257586,0.0010820036438510528,0.0010773706634379565,0.25861053353815955,0.2434126179970796,0.24845421462885667,0.24952263383590426,0.0008023999764466341,0.028326665466422873
2025-05-21,-0.0004798501857362,2.3025620075107386e-07,9.575287031256925e-05,0.0007201987998249,0.0008111248763445,0.0008768798437592,0.0007818398984197,0.0010321054393619248,0.001103920638335103,0.001082573733634319,0.0010778557109901925,0.2600184536483989,0.24310303750614762,0.24789670394463875,0.2489818049008147,0.0007964914315614516,0.028222179780474994
2025-05-22,-0.0051322892413836,2.6340392857222826e-05,0.0001858355877683,0.0006770006872075,0.0007387429879246,0.0007551023984523,0.0007206286271869,0.0010354417504256318,0.0011085755200453868,0.0010865475356601497,0.0010807546638763803,0.26007349595314677,0.24291620283840884,0.24784093383031572,0.24916936737812867,0.0007222264397055401,0.02687427096137754
2025-05-23,0.0208455763499811,0.0004345380533628,0.0001885554268057,0.0006379610695465,0.0006951553191416,0.0007073689786731,0.0006863642773662,0.00103434168258055,0.0011009857990531768,0.001074806693744436,0.0010705208505776373,0.2585299240172939,0.24288076815834928,0.24879662376670403,0.24979268405765284,0.0006812116734740858,0.026100032058870844
2025-05-26,0.0030269600064209,9.162486880471812e-06,4.208436240962848e-05,0.0006257556885755,0.0007424718073841,0.0007241214388871,0.0007018220353423,0.0010334896157233313,0.0010977942114147661,0.0010698889599466176,0.0010662658094397286,0.25795381412328383,0.2428438640508707,0.2491778102336358,0.2500245115922096,0.0006976284953276069,0.026412657861858712
2025-05-27,-0.0029087261241755,8.46068766546117e-06,0.0001027565622974,0.0005887600964738,0.0006944331084161,0.0006505601350549,0.000667355249462,0.0010328038379826562,0.0010951753896971425,0.0010633413457751483,0.0010617845231465056,0.25726543050207595,0.24261385573709962,0.2498771679089677,0.2502435458518567,0.0006495081817363205,0.025485450393044274
2025-05-28,-0.0100094614394159,0.0001001893183071,0.0001348184010939,0.0005539421319453,0.0006621250397261,0.0006058962262236,0.00064537752798,0.0010352311773313585,0.0010977006094468427,0.0010645225872705116,0.0010637183191247164,0.25714913680527773,0.2425149456542792,0.2500734196042216,0.2502624979362214,0.0006160532925765288,0.02482042087831165
2025-05-29,0.0102062624331746,0.0001041677928548,0.0001293204024184,0.000526716963127,0.0006576783757077,0.000635138318985,0.0006557218114388,0.0010343719833255482,0.0010956921720099509,0.0010590191491101659,0.001060454506345432,0.2566625743105857,0.24229850574552644,0.2506891176218609,0.25034980232202686,0.0006179251100104769,0.024858099485086885
2025-05-30,-0.0082598952781262,6.822587000561279e-05,0.0001410127026131,0.0005013640129106,0.0006554456979685,0.0006144270240144,0.0006461775494687,0.0010333818192991171,0.0010940915219160494,0.0010546166593030232,0.0010580241885228738,0.25633892491274957,0.2421150143999038,0.251177508193908,0.25036855249343865,0.0006033251432346146,0.024562677851460223
2025-06-02,-0.0004365861592968,1.906074744895912e-07,0.0001348425646591,0.0004753757243363,0.0006472133639668,0.0006255922731721,0.0006474737369974,0.0010330011126619676,0.0010936123425238121,0.0010522822318350515,0.001057018367768046,0.2561782378909131,0.2419800824215125,0.25148424707277334,0.250357432614801,0.0005978201228269908,0.024450360382354097
2025-06-03,-0.0192001864216256,0.0003686471586251,0.0002142778397717,0.0004468646173246,0.0006289469278986,0.0005653193062366,0.0006296420811583,0.0010329295291693539,0.0010936744820512346,0.0010507124449503948,0.001056714743302829,0.2560803294993932,0.24185709598274213,0.2517462655463543,0.2503163089715104,0.000566475221869932,0.02380073994374822
2025-06-04,0.0074593001538641,5.564115878543756e-05,0.0002261649722704,0.0004421715698026,0.0006857746972173,0.0006940697492424,0.0007188919879013,0.0010316512054367745,0.0010917349844198456,0.001047401250620489,0.0010544395698623848,0.2558646884799531,0.241783141573795,0.2520171845724592,0.25033498537379273,0.000633826171044842,0.02517590457252414
2025-06-05,0.0060074565565043,3.608953427828686e-05,0.0001039978853699,0.0004189797451416,0.0006651690054114,0.0006479296420881,0.0006838224307867,0.0010320687702983981,0.0010929132960839658,0.0010482025752869828,0.0010559003309852724,0.2559923745798029,0.24174080065180772,0.2520521714669604,0.250214653301429,0.000602468573481708,0.02454523525007874
2025-06-06,0.011828840662002,0.000139921471407,0.0001371068997306,0.0003960063324898,0.0006477025107972,0.0006053378316152,0.0006580125394879,0.0010108738872057002,0.0010798367111265607,0.0010350076455441428,0.0010424372869425602,0.25756335135168423,0.24111429394817918,0.25155762597842585,0.24976472872171068,0.0005747927229886191,0.023974835202533074
2025-06-09,0.018725059469693,0.0003506278521435,0.0003475952405721,0.0003806412408248,0.0006554654140546,0.0005981216957526,0.0006515052323508,0.0010088960424678988,0.0010735913928557807,0.0010309547681876512,0.001038720593721136,0.2570938533631826,0.24160120221435188,0.251592969162858,0.24971197525960756,0.0005693936272155184,0.023861970312937665
2025-06-10,0.0119342937848774,0.0001424273681437,0.0003840361475778,0.000378840437504,0.0007001593918974,0.0006248340429545,0.0006693564207318,0.001006638270037997,0.0010681615022295702,0.001026946795163552,0.0010346498253817422,0.2567029248950388,0.24191752622675844,0.2516264615138915,0.24975308736431132,0.0005910288883149951,0.02431108570827299
2025-06-11,-0.0122829149764645,0.000150870000319,0.0002458537695839,0.0003646556533423,0.0006910709561051,0.0006142353313194,0.0006594505633953,0.0010056119546578057,0.0010665174986051614,0.0010258625121437525,0.001033523342210386,0.25666382833621054,0.24200654414080622,0.25159727648471125,0.24973235103827193,0.0005800636859252214,0.024084511328345888
2025-06-12,-0.0146346659511433,0.0002141734475015,0.0002824497836124,0.0003518285141609,0.0006865659520171,0.0006641293454236,0.0006791871462454,0.00100483721149506,0.0010655656239437978,0.0010248609819018988,0.0010327099425971717,0.25664186872063843,0.24201540845853092,0.251627590738753,0.24971513208207766,0.0005931700417155625,0.02435508246168677
2025-06-13,-0.0136784421489802,0.0001870997796229,0.0001827370128727,0.0003435692101614,0.0006954139435184,0.0007294276947944,0.0007099582946489,0.001003427928931626,0.0010635224793899185,0.001023240755344422,0.0010309444513710833,0.25657858620476726,0.24208056186207097,0.2516105012617427,0.24973035067141897,0.0006173285021865223,0.024846096316856744
2025-06-16,0.0142919430483776,0.000204259636098,0.0005863913063495,0.0003341810443291,0.0006962657356135,0.0007728386042713,0.0007233475071087,0.0010026839134072319,0.0010628324968801654,0.0010233692693060238,0.0010305624757834101,0.2566641240218857,0.24213880273790697,0.25147617387418914,0.24972089936601818,0.0006293507218700953,0.02508686353193829
2025-06-17,-0.0220574866346279,0.0004865327166367,0.0002103769836538,0.0003263857598352,0.0007000526762866,0.0007423730572862,0.0007025378462417,0.001002478584831699,0.0010630436323380732,0.0010244607769013354,0.0010310527840832313,0.2568148511242588,0.24218327516112217,0.2513042903384921,0.24969758337612688,0.0006153452970140994,0.024806154418089463
2025-06-18,-0.0118847311263747,0.0001412468339462,0.0001506971808517,0.0003359945772433,0.000755497846234,0.0008776572365579,0.0008006654975385,0.0010014187300477796,0.0010598014928018804,0.0010217374176172713,0.0010279386433218766,0.25646114907159245,0.24233311611109357,0.25136105792111796,0.24984467689619608,0.000689902566662503,0.026265996395768102
2025-06-19,-0.0157799333154975,0.0002490062954415,0.0002472246668766,0.0003243097126455,0.000727915611459,0.0008712872803119,0.0007721535951361,0.0009999348997825305,0.0010624995544849653,0.0010255770135870063,0.0010311449459705375,0.2573442442939307,0.24219068143741412,0.2509099635800602,0.24955511068859487,0.0006710631515597396,0.025904886634759466
2025-06-20,0.0114192153290625,0.0001303984787314,0.0001300716646909,0.0003197915076132,0.0007296391156653,0.0009096478283482,0.0007824821414544,0.0009991441130696296,0.001060369904890089,0.0010260766027535286,0.001030137559321448,0.25733897086150204,0.24248021055097554,0.25058432977584283,0.2495964888116796,0.0006824661503157254,0.026124053098930216
2025-06-23,0.009592849439888,9.2022760376361e-05,0.0003063822749585,0.0003084279258803,0.0007085619312673,0.0008322363363859,0.0007347742638168,0.0009988045092424154,0.0010600050101214323,0.0010288121914635994,0.0010308546725683162,0.25759879225177634,0.24272605583911308,0.2500853288980272,0.2495898230110834,0.0006429593804628334,0.025356643714475175
2025-06-24,0.0135006779439586,0.0001822683049464,0.0001117578034968,0.0002954436159501,0.0006872512811202,0.0007643426609126,0.0006984189060625,0.0009981505225171213,0.0010591257663747661,0.0010303834767941594,0.0010307159121519778,0.25776176766475434,0.24292208843163238,0.2496983393794361,0.24961780452417717,0.0006082954722958329,0.02466364677609199
2025-06-25,0.0085837378591616,7.368055563480534e-05,4.91597298742878e-05,0.0002886530972899,0.0006898927483572,0.0007317776437214,0.0006833364097363,0.0009981949817366043,0.0010606580499940854,0.0010329879934819473,0.0010324949645871813,0.2581173559644948,0.24291660203240453,0.24942346963240117,0.2495425723706995,0.0005951368208377281,0.02439542622783476
2025-06-26,0.0230776466803163,0.0005325777763015,0.0002810619298136,0.0002757547447906,0.0006713085594509,0.0006824455336632,0.0006616542419074,0.000997655951336854,0.0010596462590188398,0.0010326653578869613,0.0010311877584567983,0.25805922745105564,0.24296251873934005,0.24931050712375905,0.2496677466858452,0.0005695984406061624,0.023866261554884593
2025-06-27,0.0229728595401302,0.0005277522754505,0.0005166922879628,0.0002911641266812,0.0007448755017402,0.0007155435488075,0.0006954475735517,0.00099802586393688,0.0010594462138503052,0.001032596080250398,0.0010309125329145902,0.2579549096539617,0.24300022804228058,0.249318854185197,0.2497260081185607,0.000608181976885601,0.024661345804428456
2025-06-30,-0.0102172321675141,0.0001043918331648,0.0001201552351077,0.0003053594156074,0.000793246471144,0.0007417744812061,0.0007178183895534,0.0009984393913335492,0.0010589715444758465,0.0010323058460439533,0.0010304151312469855,0.25779838670163696,0.24306230478794905,0.2493408957157005,0.24979841279471346,0.000635794088197185,0.025214957628304373
2025-07-01,0.0009159134462307,8.388974409863374e-07,9.240681711649205e-05,0.0002933013606608,0.0007462917787028,0.0007468927465382,0.0007059251972322,0.000998178199291657,0.0010588588840124273,0.0010312241490210766,0.0010292969898680593,0.25770446380748036,0.2429360337970717,0.24944623133288862,0.2499132710625593,0.0006196158906561219,0.024892084899745176
2025-07-02,0.0031986889499563,1.0231610998572725e-05,5.4747901713154566e-05,0.0002757536128676,0.0006954315857002,0.0006581621176791,0.0006692541594875,0.0009987895122790418,0.0010611593467470966,0.0010334777897382185,0.0010311241208097652,0.2579778615934708,0.2428151656483893,0.24931893565414687,0.24988803710399307,0.00057133054995882,0.023902521832618834
2025-07-03,-0.0072499829308589,5.256225249774636e-05,7.9235126030835e-05,0.0002598222927555,0.0006631257621314,0.0006007277732185,0.0006454173664595,0.0009993757121372412,0.0010634613190076826,0.0010354667381434089,0.001033281514897253,0.2582597867770604,0.24269670529020176,0.24925818359893176,0.2497853243338061,0.0005389921873909388,0.023216205275430755
2025-07-04,-0.0046446123270152,2.1572423668261768e-05,6.463595609104391e-05,0.00024738669034,0.0006494215487379,0.0006051635500135,0.0006426516417288,0.0009954498595798405,0.0010656910917778875,0.0010370736584230176,0.0010352498725176333,0.25936919959282567,0.2422738027051332,0.24895920479420738,0.24939779290783368,0.0005324392532723511,0.023074645246944775
2025-07-07,-0.0088886134713067,7.900744944229649e-05,6.004178016565296e-05,0.0002338378343397,0.0006344337412341,0.0005853729596474,0.0006322570375387,0.0009411888348797982,0.001037168131328049,0.0010105222524136159,0.001008082944181195,0.2650768403916755,0.24054669154016672,0.2468895286234052,0.24748693944475258,0.0005155937449852059,0.022706689432526395
2025-07-08,0.0058830174726397,3.46098945833847e-05,3.9302936345128065e-05,0.0002245480112459,0.0006351603420825,0.0006077343141593,0.0006410134066101,0.0009387654945628936,0.0010390564466055548,0.0010105519261428214,0.0010079031752284317,0.26568565544860834,0.24004136305615215,0.24681218182174766,0.24746079967349194,0.0005207458620670085,0.02281985674948483
2025-07-09,-0.0032081089194821,1.029196283926119e-05,8.560372218423316e-05,0.0002131517242461,0.0006273252399355,0.0005732356806685,0.0006288714275712,0.0009390354187804731,0.0010366305705229132,0.0010054898489859647,0.0010036639511512928,0.26487475081167094,0.23993771708598588,0.2473687554415905,0.24781877666075272,0.0005046242405445817,0.022463842960290248
2025-07-10,-0.0007746559168552,6.000917895188003e-07,4.523637451730352e-05,0.0002009801385617,0.0006175191541988,0.0005475437327365,0.0006198247767484,0.0009331443563967758,0.0010392442411264124,0.0010080996647034517,0.0010067441270110047,0.2666348918315962,0.23941325309769407,0.2468097681634581,0.2471420869072515,0.0004897545176410402,0.022130398045246275
2025-07-11,-0.0086776060444063,7.530084666191701e-05,8.72456766341292e-05,0.0001889573357554,0.0006091343727237,0.0005071281756056,0.000611034334061,0.0009229897762721372,0.0010406547516189765,0.0010098043501672784,0.0010080657312159036,0.269065666060222,0.23864289144222,0.24593363940083882,0.24635780309671917,0.00047146047341094607,0.021713140569962375
2025-07-14,0.0087939041995082,7.733275107012939e-05,0.0002045547315519,0.0001821379464097,0.0006175199597403,0.0005408709808217,0.0006256248036935,0.0009192775279522605,0.0010288749785602796,0.0009961706906877546,0.0009989621132898562,0.26762854203552033,0.23912031068745318,0.24697063147082313,0.24628051580620341,0.0004840653247083445,0.02200148460237046
2025-07-15,0.00652570574279,4.258483544148325e-05,5.12806358141131e-05,0.0001758496346894,0.0006235175174061,0.0005325388973522,0.0006229650809508,0.0009159799874152925,0.0010217523732922414,0.0009878109176018992,0.0009933182394838073,0.26695828041977415,0.239322607640641,0.24754579847421876,0.24617331346536606,0.0004813514989788831,0.02193972422294508
2025-07-16,0.003956451043557,1.5653504860063617e-05,3.0555861228079474e-05,0.0001678537467345,0.0006210216322475,0.0005160775148054,0.0006174938015383,0.0009140994182157101,0.0010190465574100658,0.0009842178027071045,0.000991318807707062,0.266817791244967,0.23933939619647845,0.247808957606518,0.2460338549520366,0.00047323431983250385,0.021753949522615515
2025-07-17,0.0031004428493908,9.61274586233914e-06,0.0001262381864291,0.000158721732222,0.0006143019268909,0.0004921146426198,0.000610944567235,0.0009115866120741704,0.0010164107305650411,0.0009804916855850187,0.0009892015087813934,0.26679970104360773,0.2392842069283728,0.24805007441917257,0.24586601760884677,0.0004616192415470491,0.02148532619131134
2025-07-18,-0.0078654014637892,6.186454018657752e-05,9.59723651252364e-05,0.0001497751930404,0.0006086687727398,0.0004693600722483,0.0006058721694083,0.0009094664050067166,0.0010149017892883644,0.0009781613741646326,0.0009879792655619838,0.26692177772381637,0.2391920008089637,0.24817621715210283,0.245710004315117,0.000450919822939384,0.021234872802524247
2025-07-21,0.0089730876899818,8.051630269210374e-05,8.462066381116016e-05,0.0001445005538692,0.0006146896264143,0.0005019443201162,0.0006184347438909,0.0009075623104614377,0.0010135506939553884,0.000976190244490941,0.000986788199382793,0.26703409071960593,0.23910997031602035,0.24826111274225474,0.24559482622211898,0.00046206262123873874,0.021495641912693344
2025-07-22,-0.0121753496296373,0.0001482391386039,0.0001244360780815,0.0001406614987986,0.0006222184661925,0.0005015825634655,0.0006184331701149,0.0009001996345294588,0.0010120527213007503,0.0009731256343189227,0.0009851598737696898,0.2682188328988226,0.23857501715830723,0.2481185232762118,0.24508762666665837,0.0004621960871532062,0.021498746176305403
2025-07-23,0.0102647501618759,0.0001053650958857,5.5594515805366765e-05,0.0001411161571869,0.0006399551382612,0.0005680894302966,0.0006506919237574,0.0008981752419335547,0.0010078889276958285,0.0009669297333476212,0.0009791196555785449,0.26756794443439624,0.23844185269049303,0.24854226210833583,0.24544794076677492,0.000491255473756359,0.022164283741108327
2025-07-24,-0.0023359211483538,5.456527611326994e-06,4.515854924944741e-05,0.0001389710935088,0.000643799018036,0.0005610270997995,0.0006428984226789,0.0008978000205089044,0.0010079633171753081,0.0009659899550249622,0.000978579647822264,0.2675536263037199,0.23831189795266475,0.24866682094691572,0.24546765479669974,0.0004879267793675905,0.02208906470105945
2025-07-25,-0.0226043303786051,0.0005109557518651,0.0002878734664646,0.000130960219555,0.0006276470172472,0.000530530742633,0.0006279923561972,0.000897072423082019,0.0010080899425271674,0.0009639236156439944,0.0009778343546661993,0.2675279252390606,0.23806598400801096,0.24897400607409273,0.24543208467883573,0.00047067475807970293,0.021695039941878488
2025-07-28,-0.0109613985415181,0.0001201522579859,0.0002910565540927,0.0001537599514936,0.0007115780291147,0.0007008741667792,0.000756908971583,0.0008965268720677624,0.001003527977276623,0.000956955066013135,0.0009722259861879484,0.26649844592812283,0.23808306649033306,0.24967004891280895,0.24574843866873525,0.0005713879528201707,0.023903722572439855
2025-07-29,0.0100982356669401,0.000101974363585,0.000140042643718,0.0001517434898831,0.0006945440090078,0.0007216998793158,0.0007367263758597,0.0007412149115459813,0.0008905289728986184,0.0008429450390034542,0.0008589347532120012,0.2797520837448253,0.23284634449656585,0.24599043402979792,0.24141113772881093,0.0005595578102222253,0.023654974323009215
2025-07-30,-0.0059046434939241,3.4864814790340284e-05,4.262725271845681e-05,0.0001487573423052,0.0006797273243188,0.0006818971937293,0.0007007918245322,0.0007269238613309865,0.0008929331237926692,0.0008415344912295197,0.000859016596774455,0.28375870399753755,0.23100383141801856,0.24511291568667049,0.24012454889777332,0.0005346499369903916,0.023122498502332996
2025-07-31,-0.0411856010553777,0.0016962537342927,0.0005603934987722,0.0001419237906543,0.0006572241759451,0.0006575673926373,0.0006752774846817,0.000721002923296838,0.000875140454510807,0.0008254576283786943,0.0008424102531263693,0.2814356188109722,0.23186667104309913,0.24582231347370143,0.2408753966722272,0.0005166332613617254,0.022729567997692462
2025-08-01,-0.0333809754533294,0.0011142895222157,0.0007916235544274,0.0002351835872726,0.0009535586481853,0.0010617419834048,0.0011148739181624,0.0007480761460491519,0.0008841582368345848,0.0008354542860421613,0.0008516153182268819,0.276249106371413,0.2337312013104183,0.24735688151514246,0.2426628108030263,0.0008210132888385522,0.02865332945468209
2025-08-04,0.0053876518638915,2.9026792606494035e-05,8.653687395074101e-05,0.0002879299433692,0.0010429626143718,0.0012919953991935,0.0012524761127972,0.0007542573209400027,0.0008760582023223307,0.000824021433161073,0.0008418219611698197,0.2723099343267341,0.23444990411157654,0.24925536310714172,0.2439847984545477,0.0009505505832096875,0.03083100036018435
2025-08-05,-0.0150904856370696,0.0002277227567626,0.0001916001922414,0.0002723957543235,0.0008994264522503,0.0010771124378041,0.0010422863082709,0.000412718250199366,0.0006639125338489063,0.0006263614670919227,0.0006319914730995173,0.34087770800132405,0.2119050989483118,0.22460904536713813,0.22260814768322598,0.0007573973126119381,0.027520852323500777
2025-08-06,-0.0120558532280932,0.0001453435970573,0.0001802096672315,0.0002697153744698,0.0008405284656675,0.0010615462491499,0.0009595287539289,0.0003954424650886332,0.0006240810575787683,0.0006074476728233738,0.0006119195960467988,0.341196492920833,0.21619560568569451,0.2221155636552122,0.22049233773826035,0.0007210991821438471,0.02685328996871421
2025-08-07,-0.0221981653062955,0.0004927585429656,0.0006063973787891,0.000262253067825,0.0007856373706126,0.0010141259942066,0.000880842133243,0.00038088594017892025,0.0006032995839874206,0.0006005603949414748,0.0006029087465713765,0.3451486015997776,0.21790542064174875,0.21889929926961302,0.2180466784888606,0.0006757670922698693,0.02599552061932727
2025-08-08,-0.0323883898512294,0.0010490077971552,0.0006804443273679,0.0002760833963335,0.0008139897941522,0.0011004581686789,0.0009231025032784,0.00037994445589995674,0.000598394157280394,0.0006007904820829054,0.0006017951329064184,0.34498229007242776,0.21904309542793757,0.21816941580409754,0.21780519869553708,0.0007146855663963743,0.02673360369266318
2025-08-11,0.0472125088507281,0.00222902099198,0.0010161257482372,0.0003224588603828,0.0009372425355736,0.0013088524762211,0.0011046808837537,0.00038389541357234774,0.0005873878237233775,0.0005915784182980851,0.000594128939794377,0.3391386848953158,0.22164876498628686,0.2200786601898435,0.21913388992855382,0.0008472204428851289,0.029107051428908577
2025-08-12,0.0020999207156871,4.409667012172217e-06,0.0001563826261716,0.0004368525882786,0.0012409768892393,0.001355717982458,0.0011746056100378,0.00044520671639079973,0.0005984270698478515,0.0005925105729710228,0.0006024275848289614,0.3091789358991071,0.23001723311721145,0.2323140634244426,0.22848976755923883,0.0010038494049876964,0.03168358257816967
2025-08-13,-0.0035460980772243,1.2574811573293991e-05,0.0003351387242307,0.0004109060130026,0.0010274430747722,0.0011029865511582,0.0009869619969915,0.0004438061098772963,0.0006142781665475354,0.0006128607114483457,0.000617216647391972,0.31588758108230464,0.22822370410236276,0.22875155137188566,0.22713716344344684,0.0008407726039212907,0.028996079112895434
2025-08-14,0.0006576223575439,4.324671651416302e-07,9.096027681772252e-05,0.0003870061409169,0.0008859476745495,0.0009508103969766,0.0008629058496224,0.0004370000921450888,0.0006193096621843065,0.000618551781188346,0.0006217703239321941,0.3210328881159649,0.22652868226449524,0.22680623668847313,0.22563219293106668,0.0007352833254940419,0.027116108229132768
2025-08-18,0.0225352081144786,0.0005078356047628,0.0002391956117347,0.0003638117204918,0.0007888975184862,0.0008078708544047,0.0007754985223916,0.0004317450099824144,0.0006230206950219848,0.0006235450065198486,0.0006252695995393159,0.3251097137932471,0.225296683960221,0.22510724191418457,0.22448636033234726,0.0006519611398158073,0.025533529717134826
2025-08-19,0.0232114960210329,0.0005387735475344,0.0004321056488746,0.000372453153548,0.0008189994672037,0.0008130105917903,0.0007699148754704,0.00043134648050050087,0.0006231688057242122,0.0006237532491107399,0.0006253792358356267,0.32536703643071263,0.22521333665308213,0.2250023165977119,0.22441731031849346,0.0006613450736037869,0.025716630292551685
2025-08-20,-0.0005444026348843,2.963742288690648e-07,7.262322322497862e-05,0.0003824323771872,0.0008449608221805,0.0008207419131707,0.0007694023444444,0.0004244813005596636,0.0006169973748212854,0.0006179013756250544,0.0006196719613401085,0.32680151075545943,0.2248326102692433,0.2245036761247105,0.22386220285058675,0.0006714539062148458,0.0259124276403205
2025-08-21,-0.0041559897429061,1.7272250743141345e-05,4.1583475786526745e-05,0.0003595042170097,0.0007614188414223,0.0007141420880914,0.0007122256825342,0.00042072047316444894,0.0006202693702441493,0.000621409228849929,0.0006217848278694962,0.3298193516113558,0.22371208433861925,0.22330172650563013,0.22316683754439484,0.0006073243582551677,0.02464395175809204
2025-08-22,-0.0222462920354695,0.0004948975093273,0.0001999719557243,0.0003389702990337,0.0007086439891749,0.000666546681174,0.0006781811920034,0.00041895851217101755,0.0006234584708596226,0.0006244845057523195,0.0006242690715083489,0.3317853893447486,0.22295681200433273,0.2225904915166766,0.22266730713424204,0.0005698381304674882,0.023871282547602846
2025-08-25,-0.0095078585055567,9.039937336168732e-05,0.0001564184338661,0.0003483259316513,0.0007628202229647,0.0008156804696843,0.0007864745402678,0.00041587938132839634,0.000619964266248658,0.000621106373257429,0.0006206460812657634,0.33217458192113575,0.22282664847488648,0.2224169088748411,0.22258186072913674,0.0006421577896763103,0.025340832458234482
2025-08-26,-0.0135086087308586,0.0001824825098434,0.0002491140847925,0.0003328503381539,0.0007232894315604,0.0007977941165029,0.0007485625556178,0.0004134460272610627,0.0006214051839465976,0.0006241538883707848,0.0006226634455522781,0.33425287737501574,0.22239197197163335,0.22141258241939044,0.22194256823396047,0.0006148894979056417,0.024796965497932238
2025-08-28,0.0014074230259011,1.9808395738368428e-06,0.000365107670082,0.0003238282684553,0.0007140714049533,0.0008259752264302,0.0007482156733602,0.0004093300753666729,0.0006197109250462455,0.000623986721439043,0.0006213433988018898,0.33610149017053503,0.22200100521398686,0.22047976916091466,0.22141773545456345,0.0006151427805643583,0.024802072102232876
2025-08-29,-0.0134960608317722,0.0001821436579748,0.0001736930533356,0.0003045174227224,0.0006740642854657,0.0007196703076305,0.0006980085054397,0.0004113095839837548,0.0006255905855099244,0.0006324799407604354,0.0006278641736295242,0.3375094761773429,0.22190372657849985,0.2194866165560484,0.2211001806881088,0.0005646427002604477,0.023762211602888474
2025-09-01,0.0174440047665199,0.0003042933022943,9.020867848576823e-05,0.0002971749968376,0.0006810366790025,0.0007630005128464,0.0007138937303096,0.0004085768800007895,0.0006235213504525912,0.0006309146318617736,0.0006255533565062779,0.3382935550485699,0.22167472716979453,0.21907706410017483,0.22095465368146078,0.0005763950603694821,0.02400822901360036
2025-09-02,-0.0043875441697662,1.9250543841650245e-05,9.992863886627944e-05,0.000297602095165,0.0007086022852784,0.0007507739203334,0.0007067036008323,0.0004055767450797361,0.0006201199757453628,0.0006287455811551072,0.0006221901466538366,0.33887508612570605,0.22163429625739942,0.2185937500617974,0.22089686755509724,0.0005781236028623311,0.024044201023580115
2025-09-03,0.0063555799110567,4.039339600582763e-05,6.213553390522278e-05,0.0002809010020856,0.0006736380421777,0.0006969852230812,0.0006749863600746,0.0004058211818649669,0.000623034125584405,0.0006329530579135767,0.0006249187689389178,0.3399145043004308,0.2214076247249755,0.21793797208746576,0.22073989888712797,0.0005455268906906729,0.02335651709246635
2025-09-04,-0.0043348455127758,1.8790885619633216e-05,0.0001224109674052,0.0002664705457208,0.0006541818142688,0.0006450614488791,0.0006524844991879,0.0004069888000936226,0.0006271411874705313,0.0006378039672199004,0.0006290679494094567,0.34082704238617695,0.22118271258770797,0.21748498935313673,0.22050525567297827,0.0005196815198442453,0.02279652429306374
2025-09-05,0.0011402109146979,1.3000809299964271e-06,0.0001448197381621,0.0002516097661147,0.0006371008218115,0.0006142268715252,0.0006381496902044,0.00040710046013980124,0.0006283711849324694,0.0006398845293565335,0.0006307073075506703,0.341350285737586,0.22114931703553253,0.21717021121352262,0.22033018601335885,0.0005007768965532614,0.022378044967182934
2025-09-08,0.0128477698131289,0.0001650651891711,0.0001550992824491,0.0002365911850036,0.0006223814614647,0.0005577512365799,0.0006234139376702,0.000407447291311423,0.000629860384962141,0.0006419774720248649,0.000632645578813853,0.34181049936949964,0.22111211537502642,0.2169387060742738,0.2201386791812002,0.00047672078500400107,0.021833936543921736
2025-09-09,0.0003028750217734,9.173327881427861e-08,5.29469984384922e-05,0.0002322996252537,0.0006432181520283,0.0005642410169455,0.0006307354218224,0.0004071642740247022,0.0006296749130472192,0.0006413507425348582,0.0006325645097378621,0.3418624839270694,0.22105722683286969,0.21703286650031633,0.2200474227397446,0.00048285309714791666,0.021973918566061828
2025-09-10,0.0122964447676397,0.0001512025539236,2.860744418668794e-05,0.0002183671517352,0.0006262523851773,0.0005152899537314,0.0006182663010198,0.000407766325749731,0.000631725917210649,0.0006416643897408286,0.0006342003097597106,0.34200621596415076,0.22075810769810209,0.21733887729627444,0.2198967990414726,0.0004608805353244863,0.021468128361002647
2025-09-11,0.024732285637881,0.0006116859528737,0.0003926264038502,0.0002143372758665,0.0006432125305729,0.0005269235204368,0.0006257857753901,0.0004075134782189947,0.0006315095724894947,0.0006391826673617122,0.0006335258255717218,0.3417516559282278,0.22053253356936248,0.2178851416125799,0.21983066888982977,0.0004674751194004422,0.02162117294229067
2025-09-12,-0.0028388422716909,8.059025443539677e-06,7.426295563643437e-05,0.0002381781964869,0.0007408845290577,0.0005945219831274,0.000679518287568,0.00041020874806117877,0.000630920802751613,0.0006384225263019645,0.0006329144082333094,0.34003932466766607,0.22108496827993582,0.21848713025755087,0.22038857679484725,0.0005244418559615018,0.02290069553444833
2025-09-15,-0.0036018111602488,1.2973043634092878e-05,3.85083677105007e-05,0.0002243710462243,0.0006931631121942,0.0005612980892454,0.0006535023329254,0.00041051392929102796,0.0006330270198727058,0.0006358280407605966,0.0006331253622013849,0.3398444059071094,0.22038689982705081,0.21941602677606895,0.2203526674897709,0.000496174093127929,0.02227496561451732
2025-09-16,0.0066906961420848,4.476541486570887e-05,4.831761717636759e-05,0.0002116871660689,0.000662120177181,0.0005413372550636,0.0006372389675951,0.00041130523295508235,0.0006360908854052042,0.0006346923739965278,0.0006349207054037057,0.3398518818510964,0.21975296399026925,0.22023717813844887,0.22015797602018555,0.000476960984028879,0.021839436440276545
2025-09-17,0.0010830337905507,1.1729621914747878e-06,4.2189150783622816e-05,0.0002016718609967,0.0006472865811319,0.0005238645314147,0.0006273885953184,0.000411142976570799,0.0006363795307746132,0.0006299393968226919,0.0006339462376852091,0.3392956788086947,0.21920729466772074,0.22144834253362483,0.22004868398995978,0.0004643812982421927,0.02154950807425062
2025-09-18,0.0,0.0,0.0001523784580729,0.0001896419270684,0.0006291800995291,0.0004866432405947,0.0006161144677797,0.0004110085449998802,0.0006368683366111663,0.0006262947782871952,0.0006336703462173308,0.33895678478134766,0.21874872233737083,0.22244179539835637,0.21985269748292513,0.0004456169846069173,0.021109641981969216
2025-09-19,0.0495432527678352,0.0024545338948176,0.0007227150841721,0.0001782634114443,0.0006168324435993,0.0004527241073647,0.0006083571641502,0.00041147776070436147,0.0006387088079619503,0.0006249362640346009,0.0006351570941492409,0.33892543342855663,0.21834719774405498,0.22315920265625055,0.2195681661711379,0.0004297070572580401,0.020729376673167
2025-09-22,0.0409487795992564,0.0016768025506684,0.0010077180847291,0.0003148396404467,0.0010686345014155,0.0006615191757602,0.0008623795653196,0.0005048767336863427,0.0006766875896532145,0.0006709057397047372,0.0006738219388347836,0.307890925061796,0.2297174751742215,0.2316971749940277,0.23069442476995486,0.0006946385696752742,0.026355996844651394
2025-09-23,0.0176788432391062,0.0003125414982728,0.0005369078211735,0.00039655741506,0.0012254771463828,0.0007968087948058,0.0009522186938175,0.0005335887285224536,0.0006809917741228532,0.0006833155771773634,0.0006817720095505432,0.2987680456753826,0.23409865973844493,0.2333025426898565,0.23383075189631589,0.0008139167724147724,0.02852922663541324
2025-09-24,-0.0213746300249963,0.0004568748087054,0.0001956138463896,0.0003915164600527,0.0010748168508257,0.0007784776176306,0.0008689381619905,0.0005328242454835684,0.0006905468459558583,0.0006857412040137827,0.0006864139856516357,0.30076583924970407,0.23207018076178396,0.2336965176183796,0.23346746237013233,0.0007519840134653677,0.027422326915587738
2025-09-25,-0.016704907835902,0.0002790539458059,0.0003472548064719,0.0003954379609719,0.0010009574701072,0.0008996041456448,0.000905174849804,0.0005322590900907473,0.0006894276423566797,0.0006820512158142375,0.000683902449780274,0.3002391803144533,0.23179377081182742,0.23430063493543715,0.23366641393828214,0.0007730284593417888,0.027803389349893817
2025-09-26,-0.0127733291582873,0.0001631579377859,0.0002676073786383,0.0003884549200619,0.000918155781404,0.0009427359403296,0.0008808100995331,0.0005311307950283587,0.0006890098347501592,0.0006799524231442974,0.0006826203721102693,0.3002942836642586,0.23148514517634364,0.23456867891949768,0.23365189223990004,0.0007561294868616175,0.02749780876472919
2025-09-29,-0.013536223060752,0.0001832293347504,0.0001408775484865,0.0003749371011254,0.0008409715587881,0.0009315760216891,0.0008324427227741,0.0005308209378311032,0.0006902245514019739,0.0006822517348817668,0.0006836050059676438,0.30087852212300054,0.2313922606232444,0.2340963182955415,0.23363289895821354,0.0007199693544117318,0.02683224467709945
2025-09-30,-0.0014355777211972,2.060883393597896e-06,0.0001126121663296,0.0003634346351429,0.0007930353777094,0.0009315175018505,0.0008052140062579,0.000530723519135189,0.0006909466081093539,0.0006854145109675836,0.0006844578035213949,0.30140330402139226,0.23151111867661114,0.23337968430722628,0.2337058929947702,0.0006987174261644362,0.026433263630593104
2025-10-01,0.0340518616864218,0.0011595292843112,0.000965914867439,0.0003417522100379,0.0007269696936127,0.000804445259672,0.0007369580055172,0.0005319718998094923,0.0006937324056901274,0.0006917477154948465,0.0006876077446691529,0.30215974075892077,0.23170388181241378,0.23236866235615966,0.23376771507250568,0.0006309103171417668,0.025117928201620586
2025-10-03,-0.0010805695456317,1.1676305429467275e-06,0.0001266125617127,0.0003908188344943,0.0008996720125793,0.0008751275271022,0.0008126591474841,0.0005419783671318557,0.0006922726880376011,0.0006901759769335287,0.0006860605659691265,0.2977822051031349,0.2331328623410235,0.2338411052783776,0.23524382727746398,0.0007219358421155838,0.026868863803956873
2025-10-06,-0.0063523891235362,4.035284757682189e-05,7.491537954149033e-05,0.0003674397622572,0.0007982279359362,0.0007594929956255,0.0007417532675466,0.0005437552237130569,0.0006976285754936205,0.0006954124321658416,0.0006895836820543949,0.29851832323122524,0.23267524200279244,0.2334167324640686,0.23538970230191372,0.0006472948340823615,0.02544198958576867
2025-10-07,-0.0122370400006305,0.000149745147977,0.0003856502923375,0.0003478145473764,0.0007376250548666,0.0007224889622535,0.0007045205288357,0.0005447632263327998,0.0006999378823060789,0.0006978080439459544,0.00069090353002774,0.2987340143818288,0.23250535455206164,0.2332150036129396,0.23554562745316993,0.0006098478068668966,0.024695096818334133
2025-10-08,-0.0071452395350721,5.105444801355853e-05,0.0002376238559525,0.0003359303834124,0.0007175372455212,0.0007521460311124,0.0007093934564793,0.0005447491424148871,0.0006995212172215565,0.0006981529453035392,0.0006899903112970986,0.2986393788418488,0.23256413316750854,0.23301992294064028,0.23577656505000236,0.0006097188312039804,0.024692485318492757
2025-10-09,0.007223924419588,5.21850840199201e-05,7.567526407430977e-05,0.0003188378272885,0.000685583972167,0.0007244855841772,0.0006855534609828,0.0005457919962580617,0.0007014154390280381,0.0007017847090101754,0.0006917561909321676,0.2989675907482471,0.2326354811879559,0.23251307142484787,0.2358838566389492,0.000584976697012537,0.024186291510120705
2025-10-10,0.0033376792472401,1.1140102757457264e-05,3.801857451018528e-05,0.0003028386626924,0.0006643934577177,0.0006703575785065,0.0006608847601902,0.0005467091510008483,0.0007027138940980749,0.0007045947646236134,0.0006929661967170011,0.29914528184953154,0.23273406778981584,0.2321127991253682,0.23600785123528442,0.0005567923152623173,0.023596447089812424
2025-10-13,-0.0092551342243178,8.565750951014046e-05,8.224916550240387e-05,0.0002853367490963,0.000642506577704,0.0006107619393534,0.0006398466405426,0.0005477344595457673,0.0007037715796845478,0.0007068915479955234,0.000693991545073743,0.2991874548392354,0.2328529363926521,0.2318252062058607,0.2361344025622517,0.0005276585357334776,0.022970819222079948
2025-10-14,-0.0041233553801694,1.7002059591171987e-05,0.0001648309927471,0.0002733559947211,0.0006418140352962,0.0006319580584957,0.0006479808433094,0.0005479885822339838,0.000703103554456867,0.0007071898626507793,0.0006933297643531448,0.2989858966194338,0.23302521592712425,0.23167874180536296,0.2363101456480791,0.0005308241366635944,0.023039621018228457
2025-10-15,0.0062578025637891,3.916009292736665e-05,6.478565876498948e-05,0.0002579747586133,0.0006284815371216,0.0006020157342653,0.0006346084724269,0.000548649448278408,0.0007033967289366205,0.0007089007089663052,0.0006937687414211647,0.2989743370448319,0.23319998277078982,0.23138939345713988,0.2364362867272384,0.0005130342424087923,0.022650259212838874
2025-10-16,0.0097438696166789,9.494299510683836e-05,8.283502887651753e-05,0.0002448458786722,0.0006237046273789,0.0005703719697696,0.0006250154639024,0.0005492589644361172,0.0007039687776288249,0.00071067065478921,0.0006944724432543934,0.2990424230247693,0.23332246658197042,0.23112215269641362,0.23651295769684663,0.000498393460369064,0.022324727554195685
2025-10-17,-0.0032113589832155,1.0312826519079146e-05,6.398844915240719e-05,0.0002358517056582,0.0006309608604859,0.0005605481551247,0.0006244126998625,0.0005495377070912828,0.0007039006809268847,0.0007112383321924087,0.0006943718869018348,0.2989742523474979,0.2334102375040044,0.23100220794894916,0.23661330219954854,0.0004950185240111049,0.022249011753583684
2025-10-20,-0.0005099178458539,2.600162095203781e-07,9.677026152426516e-05,0.0002223193729099,0.0006199582189546,0.0005374488913784,0.000616811631879,0.0005503076693433559,0.0007057988109894284,0.0007133197652729472,0.0006962419989528151,0.2992608898800714,0.23333216246802016,0.23087200278616268,0.2365349448657458,0.0004811670925298793,0.02193552125047133
2025-10-21,0.0007060150898313,4.984573070695225e-07,2.1490017021795017e-05,0.0002089958115079,0.0006107043256367,0.0004970436789617,0.0006089006976626,0.0005510345433183085,0.0007069577668282113,0.0007141890894538172,0.0006972317860885855,0.29928335672850337,0.23327485110964943,0.23091289160379344,0.23652890055805376,0.00046380733437480237,0.02153618662564945
2025-10-23,-0.0016090953335935,2.589187792592562e-06,7.497671707394689e-05,0.0001964859702558,0.0006045507214096,0.0004637942846016,0.000603525570744,0.0005514222381442822,0.0007065435479783045,0.0007134641059198296,0.0006967992409154285,0.29898090734399974,0.23333978713948855,0.2310764055572013,0.23660289995931044,0.0004497791067575252,0.021207996292849668
2025-10-24,-0.0164756732720102,0.000271447809766,0.0001842776127746,0.000184852163308,0.0006008208931571,0.0004465817487763,0.0006005455775627,0.0005498058512007809,0.0007106448708499943,0.000715939811101673,0.0007009419602461173,0.3006611857328288,0.23261306163675569,0.23089270436086767,0.2358330482695478,0.0004400776199326381,0.020978027074361357
2025-10-27,-0.0045626935193663,2.0818172151667355e-05,4.3612739400298125e-05,0.0001900479020955,0.0006487169219473,0.0005610594815088,0.0006724623342961,0.0005499023817884935,0.0007078096511213492,0.0007123625335045198,0.000697400221375526,0.29963873630044424,0.23279147791594546,0.2313036509052496,0.23626613487836068,0.0004966166672530526,0.022284897739344747
2025-10-28,0.0006415768866866,4.116209015305428e-07,7.87321990419918e-05,0.0001798941182989,0.0006338204039249,0.0005493251701361,0.000652233625493,0.000550298699274068,0.0007083171157580714,0.0007112831562974385,0.0006976598278464955,0.2994587224443394,0.23265249671543925,0.2316823391477625,0.23620644169245886,0.00048266148648310326,0.02196955817678415
2025-10-29,0.0170916882970956,0.000292125808845,0.0006069533369845,0.000169125168455,0.000620017692565,0.0005049696760694,0.0006328559351543,0.0005505900163220686,0.0007081448441616751,0.0007099070231502699,0.0006974377781902125,0.29917388793062194,0.23261082417942516,0.23203342193726995,0.23618186595268298,0.00046145959822388417,0.021481610699011472
2025-10-30,-0.0041467012821157,1.7195131523100147e-05,0.0001271129540282,0.0001765052068784,0.0006654508596738,0.0005397847884311,0.0006505498687575,0.0005129676654568906,0.0006966117747480206,0.0006976688814253533,0.0006862806979596493,0.3106462994725712,0.22875224450650122,0.22840563950295195,0.2321958165179756,0.0004813989148709587,0.021940804790867602
2025-10-31,-0.0183315145089341,0.0003360444241912,0.0003553808563191,0.0001669466023571,0.0006443497716418,0.0005286196087151,0.0006364009826675,0.0005006779071671239,0.0007013139924250388,0.0007008905144199338,0.0006911344498380621,0.31718959556381215,0.22644610630530176,0.22658292502861027,0.2297813731022759,0.0004648734909805197,0.021560925095656717
2025-11-03,-0.0056588305287292,3.202236295287781e-05,0.0001156387842677,0.0001770924716671,0.0006899806008518,0.0006527290736833,0.0007145027080365,0.0005000377524979031,0.000690138455853565,0.0006821149254671148,0.0006739608728544296,0.31254341351570863,0.22645239477218504,0.2291160920506089,0.23188809966149732,0.0005268322547117199,0.022952826725955125
2025-11-04,-0.0193179658714381,0.00037318380541,0.000585661570124,0.0001683882651443,0.0006635590811118,0.0006322607403876,0.0006837790915185,0.0005003551221402743,0.0006899177303993549,0.0006779953328647925,0.0006715114932039748,0.3116868341826902,0.22604739248652478,0.23002238574125425,0.23224338758953092,0.000506717501814055,0.022510386531866905
2025-11-06,-0.0445775346481958,0.0019871565953111,0.0009194113631471,0.0001806759975602,0.0007098084040433,0.0007530572025323,0.0007567942222016,0.0005007958294790488,0.0006850817990376298,0.000668435410015088,0.0006644450452869762,0.30922291921439854,0.22604242083127019,0.23167167089249827,0.23306298906183293,0.0005671587132931847,0.023815094232296975
2025-11-07,0.0235294150174536,0.0005536333710635,0.0008085334892398,0.0002890648334253,0.0010433059964078,0.0012009444551454,0.0012500631208662,0.0005516343466675059,0.0007036341932710179,0.0006838558709475483,0.0006813273294154794,0.2940935656955102,0.23056314420620155,0.23723143847075806,0.23811185162753012,0.0009081166434585554,0.030134973759048726
2025-11-10,-0.0304416991155947,0.0009266970450444,3.680011282211616e-05,0.0003049389456836,0.0009979875832159,0.0011182989658949,0.001096067209975,0.0005436084915807146,0.0007058164361773467,0.0006889109235187951,0.000687041702299186,0.2984630479130292,0.22987144950506283,0.23551237428471095,0.23615312829719706,0.0008426348045756282,0.02902817260138206
2025-11-11,-0.0016464361575241,2.7107520208029406e-06,0.0001058166370989,0.0003422444316452,0.001037559372389,0.001295038783567,0.0011881558562653,0.0004912944721108358,0.0006858935929997028,0.0006790421787499754,0.000671889420660028,0.31535712852781156,0.2258852037221571,0.22816434506567945,0.23059332268435198,0.0009117610140744915,0.030195380674442433
2025-11-12,0.0485325912254068,0.0023554124110524,0.0014856906442036,0.0003218724108677,0.0008908747155609,0.0010669622223898,0.0009964161396765,0.0004900763841662122,0.0006803040304044699,0.0006771259657431774,0.000672334802086427,0.3151536721748936,0.22702992370095013,0.22809547991068438,0.22972092421347182,0.0007759613876279157,0.027856083494057732
2025-11-13,0.0014881078771755,2.2144650541120326e-06,0.0001873674593441,0.0004438848108788,0.0012336100627079,0.0011772158090145,0.001114653362123,0.000553580902328419,0.0006938266774075153,0.0006828992182337737,0.0006833677102446638,0.2925193479589645,0.23339132072105928,0.23712594811641818,0.23696338320355811,0.0009610392238754268,0.031000632636696734
2025-11-14,0.0114286808657967,0.0001306147463322,0.0003008535104919,0.0004173845901293,0.0010220972790711,0.0009745456169482,0.0009461380929423,0.0005542674206329734,0.0007025658383424919,0.0006887003519273815,0.0006893613663936435,0.2943123152700378,0.2321885280247851,0.23686313995443256,0.2366360167507445,0.0008148849722738387,0.02854619015339593
2025-11-17,0.0089760158612939,8.056886074220138e-05,0.0001748721014991,0.0004001783995015,0.0009044921901179,0.0008808726848008,0.0008456040648143,0.0005551912054805785,0.0007110048140857417,0.000696188296464457,0.0006964981514687033,0.29625722474596883,0.2313337441330041,0.23625706805808452,0.23615196306294273,0.0007355987646420238,0.02712192405862873
2025-11-18,-0.0102883177638252,0.0001058494824094,0.000117308806433,0.0003810018271759,0.0008163393076973,0.0007979760615942,0.0007722488389,0.0005563081319794636,0.0007180064278475164,0.0007029221021612276,0.0007028327568958453,0.2978193299668046,0.23074906950052265,0.23570081892688452,0.23573078160578825,0.00067196567812337,0.025922300787610847
2025-11-19,-0.001519495837493,2.30886760015862e-06,7.903947020423056e-05,0.00036449268649,0.0007620326775239,0.0007920181483241,0.0007431794060834,0.000555253773069311,0.0007155805520464398,0.0007006173137746699,0.0007010824625636508,0.2975779191379812,0.23090518867644572,0.2358366816447523,0.23568021054082083,0.0006463618851664948,0.025423648148259422
2025-11-20,0.0053287346050413,2.8395412490965e-05,8.837046698105667e-05,0.0003427616573566,0.0007062504347551,0.0007016492947264,0.0006950242731467,0.0005554646635984644,0.0007158533102408955,0.0007022569615117841,0.0007018656808973858,0.2977670524408887,0.23105163201539886,0.23552500677062932,0.23565630877308308,0.0005942862535710685,0.024377987069712472
2025-11-21,-0.009777393877136,9.559743102865714e-05,8.861581913113814e-05,0.0003238996826646,0.0006737768572627,0.0006439192276872,0.0006647842626203,0.0005565814164970878,0.0007206543043250388,0.0007072681923105647,0.000706726339903654,0.298790917309345,0.23076455797798442,0.23513212357141564,0.23531240114125485,0.0005601001784342426,0.023666435693493068
2025-11-24,-0.0095822230590466,9.181899875332454e-05,9.521339099916116e-05,0.0003102015475665,0.0006646221191608,0.0006639534729148,0.0006675988391374,0.0005563657100628626,0.0007192901504315653,0.0007046077144442755,0.0007048307146884145,0.2982880572396455,0.23072364701481712,0.23553140757236496,0.2354568881731724,0.0005594460974453363,0.023652612909472313
2025-11-25,-0.02802327979777,0.0007853042106241,0.0004373636556044,0.0002970985946377,0.0006577820153872,0.0006782741109234,0.000668465466619,0.0005567412423178971,0.0007197028381983238,0.0007040010814207755,0.0007049616536670587,0.2981388156864323,0.2306315409898539,0.23577545405678482,0.23545418926692901,0.0005575952839651918,0.02361345557018692
2025-11-26,-0.0077023752502825,5.9326584496165885e-05,0.0001463268481915,0.0003263909315969,0.0007831858659369,0.0008962851367013,0.0008597563036091,0.0005587546809626979,0.0007139971925203786,0.0006960548356172382,0.0006985108070436247,0.29539997788737726,0.23117194595430923,0.23713091548955798,0.23629716066875553,0.0006931613630644664,0.026327957821761762
2025-11-27,-0.0262596972719091,0.0006895717008123,0.0004161648032135,0.0003103670707708,0.0007311062089495,0.0008411704908294,0.0007896348064951,0.0005595944310697617,0.0007172808121788357,0.0007009648679996696,0.0007029652913171151,0.2963376028931348,0.23119100564231393,0.23657230178850971,0.23589908967604142,0.0006462703846883502,0.025421848569455962
2025-11-28,0.0111131780809821,0.0001235027270596,0.0004764451748686,0.0003331193485733,0.0008143548263716,0.0010123012499107,0.0009154709030491,0.0005617309723558325,0.0007156500000543621,0.0006987330756246124,0.000701092625386522,0.29497879500932367,0.23153598174016965,0.23714166557353475,0.236343557676972,0.0007432400428876057,0.027262429145026783
2025-12-01,-0.0080137934053048,6.422088474290809e-05,0.0001532077929483,0.0003205423512825,0.0007640123498145,0.0009072002435662,0.0008240889024958,0.0005612331758446522,0.0007156741129216382,0.0007017657612786266,0.0007029280907804665,0.29565082700428325,0.2318500132739605,0.23644506719505204,0.23605409252670415,0.0006809374652818815,0.02609477850608971
2025-12-02,-0.0099520563682103,9.904342595603618e-05,8.730094773841801e-05,0.0003051630632901,0.0007191810834209,0.0008527247011652,0.0007668312891422,0.0005613498232793766,0.0007167063027843894,0.00070507697445265,0.0007049960428122324,0.29624057533648934,0.23202613674146305,0.23585310631142556,0.23588018161062188,0.0006392685631900599,0.02528376085929583
2025-12-03,-0.0224871030972952,0.0005056698057083,0.0003919425514319,0.0002927958850501,0.0006956799729147,0.0008312295443588,0.000737639709044,0.0005610697748737694,0.0007164835954047668,0.0007071519525579794,0.0007055203547405744,0.2965804356414642,0.2322486087951731,0.23531338300826857,0.23585757255509412,0.0006179855843531441,0.024859315846441635
2025-12-04,0.0127505693711366,0.0001625770192881,0.0001726725371301,0.0003055683202895,0.000756156005854,0.0009565968093152,0.0008296945851792,0.000560812177474379,0.000712188947665164,0.0007039666532489851,0.0007013531073149075,0.2955336780143469,0.232717575901164,0.235435705255797,0.2363130408286922,0.0006875612170946376,0.026221388542459714
2025-12-05,0.0211905372429712,0.0004490388686457,0.000311504196418,0.0002969888422295,0.0007323545337775,0.0008745418637831,0.0007701395633012,0.0005610399339366065,0.000713862541284769,0.0007095821308854921,0.0007041393462931223,0.29644052288575956,0.23297898650997356,0.23438438503012207,0.2361961055741448,0.0006455456672534302,0.025407590740828424
2025-12-08,-0.021957312301918,0.0004821235635239,0.0003081249569779,0.0003061118438144,0.0007701060013359,0.0008577999484891,0.0007600757182656,0.0005605822442445184,0.0007099605604842714,0.0007079688836491921,0.0007006440767143558,0.2957259132563229,0.23350409214479448,0.23416099204811205,0.2366090025507705,0.0006510521517466987,0.025515723617932116
2025-12-09,0.0130005963931209,0.0001690155065768,0.0004531542739339,0.000316672546997,0.0008015934191891,0.0009718549412372,0.0008384103233501,0.0005609755817028218,0.0007082831518173885,0.0007080697885148836,0.0006989663343176687,0.29525866862832223,0.2338512542075513,0.23392172081508342,0.23696835634904317,0.0007069686375665551,0.026588881841223693
2025-12-10,-0.0150782482473563,0.0002273535702089,0.0002900574407825,0.0003078131245718,0.0007639955227954,0.0008873073318174,0.0007767208538827,0.0005589503977169387,0.0007129640276026781,0.0007155316905670441,0.0007042860073187206,0.29772623554165684,0.23341177299833654,0.2325741821929595,0.23628780926704715,0.0006598640383947646,0.02568781887188487
2025-12-11,0.0294498592854462,0.0008672942119325,0.0007387173020435,0.00030298555131,0.0007497470533904,0.0009143352195051,0.0007796201439738,0.0005582569858270476,0.0007100471069566962,0.0007165977041905479,0.0007025201501021769,0.2976267935775202,0.23400170926136665,0.2318626416360586,0.2365088555250545,0.0006620059574745989,0.025729476432189577
2025-12-12,0.0020612951546267,4.2489377144876245e-06,4.8942798689189546e-05,0.0003368440709474,0.0008601524697018,0.0009357556951229,0.0008106754536216,0.0005623285943650809,0.0007047596806828074,0.0007131186049063957,0.0006977282499861905,0.29477727050128266,0.2352031376300685,0.23244616958706252,0.23757342228158637,0.000711712304409689,0.026677936659526145
2025-12-15,-0.0015346941822683,2.355286233088291e-06,5.029325654813206e-05,0.0003168883629534,0.0007723351315899,0.0008038619149911,0.0007405378909615,0.0005635536581087013,0.0007089031010944885,0.000720340312241821,0.000701293821739526,0.2957791683372443,0.23513429698847643,0.2314009496289939,0.23768558504528545,0.0006373610470169091,0.025246010516850163
2025-12-16,-0.0136963969883389,0.0001875912904621,0.0001417998782425,0.0002980163783502,0.0007131597629294,0.0007106845775066,0.0006932485405336,0.0005644214557401672,0.000710962054286987,0.0007245989272906387,0.0007031067842482258,0.29624530874522687,0.2351844341198572,0.2307582886485684,0.23781196848634753,0.0005848691862460286,0.024184068852160272
2025-12-17,-0.006874390743548,4.72572480949787e-05,8.324706364511375e-05,0.0002913908730769,0.0007082440886925,0.0007578020180067,0.0007121689532522,0.0005640703919063627,0.000709558280196989,0.0007250220832174603,0.0007016366726031272,0.2961296294191503,0.23541118578050083,0.23039016326271722,0.23806902153763154,0.0005971535485211273,0.024436725405035907
2025-12-18,-0.0014343614687896,2.05739282314844e-06,8.34984308932204e-05,0.000276742855578,0.0006786476371745,0.0007262509522599,0.0006863884676575,0.0004825059297544806,0.0006741430876725377,0.0006835818984594535,0.0006654745208657828,0.31779959051062506,0.2274594069106687,0.22431867672402633,0.23042232585467987,0.0005633844349704435,0.02373572065412052
2025-12-19,0.0043416543469319,1.8849962468232817e-05,0.000116050787967,0.0002602617278127,0.0006503516440736,0.0006511362041642,0.0006565035322617,0.00045072584922403096,0.000675228851847272,0.0006773810928156878,0.0006630284621368338,0.3319271662777279,0.22156658959664013,0.2208626067184351,0.2256436374071968,0.0005224316179900256,0.02285676306894801
2025-12-22,0.010883042305104,0.0001184406098146,5.5762694880349895e-05,0.000245777021892,0.0006345464307571,0.0006003681451592,0.0006376946307963,0.00045167186532733713,0.000669843053984781,0.0006794112619417534,0.000662995973552159,0.33108714881353657,0.22325043038203599,0.22010637513297526,0.2255560456714522,0.0004990171126306414,0.02233869093368368
2025-12-23,-0.0065156239824474,4.245335588064451e-05,5.7798072509192143e-05,0.0002381368371674,0.000642627089033,0.0005897961945102,0.0006354794905556,0.0004518921568213429,0.0006684047659576048,0.0006809895441416104,0.000664249553857178,0.33112999014918787,0.22386890856825145,0.21973178108830146,0.22526932019425933,0.0004954694747172929,0.022259143620483087
2025-12-24,-0.0116740873214559,0.0001362843147889,0.0001234195919878,0.0002263958282902,0.0006337966603781,0.0005896668768018,0.0006331430955755,0.00045234828155712515,0.0006663952741036136,0.0006799424875959591,0.0006637431832412257,0.3305146948372745,0.2243529629469922,0.21988294152293136,0.22524940069280197,0.0004892940969824892,0.022119993150597702
2025-12-26,0.0032340662684573,1.0459184628773617e-05,7.819485791677068e-05,0.0002209891374801,0.0006454694754436,0.0006377433825551,0.0006573641095788,0.0004515620928935443,0.0006623500644297231,0.000674995321857594,0.0006603678876295147,0.3295384996771552,0.22466532819217916,0.2204564828593124,0.22533968927135323,0.0005065639276242358,0.022506975088275098
2025-12-29,-0.012045857076996,0.0001451026727194,0.0001306754831359,0.000208357340309,0.0006297035840306,0.0005850653605181,0.000637390978564,0.0004517017898581424,0.0006619802326751932,0.0006729361506722383,0.0006603301292973517,0.3292024956949506,0.2246311131228874,0.220973945867865,0.22519244531429713,0.0004828626078327397,0.021974134973480518
2025-12-30,0.0052061108879485,2.71035905776165e-05,4.265214965737686e-05,0.0002045620602536,0.0006443808095943,0.0006375233990721,0.0006626652275644,0.00044936029683283234,0.0006570421993011265,0.0006645833448353923,0.0006552282759565058,0.32831292950934676,0.22453777796205526,0.2219899078194896,0.2251593847091085,0.0005025772599153262,0.022418234986620295
