date,log_return,realized_var_proxy,parkinson_var_proxy,ewma_forecast_variance,garch_forecast_variance,egarch_forecast_variance,gjr_garch_forecast_variance,ewma_rmse,garch_rmse,egarch_rmse,gjr_garch_rmse,ewma_weight,garch_weight,egarch_weight,gjr_garch_weight,static_ensemble_variance,static_ensemble_volatility
2022-01-03,0.0109526360261672,0.0001199602359216,0.0001220526145538,0.0006138650559427,0.0007458867320094,0.0007238172939223,0.0007031640200158,0.0011617586549498777,0.0011703487600082066,0.0011837665050872526,0.001196117666937758,0.2534633616897106,0.25160299580583806,0.24875112861383794,0.2461825138906133,0.0006964166919067756,0.026389708067858113
2022-01-04,-0.0007601856514835,5.778822247214758e-07,0.0002213591406145,0.0005842307667414,0.0007163669993575,0.0006733140410962,0.0006778360821509,0.0011601361524194401,0.0011717394075216518,0.001185469555303251,0.00119742766674056,0.25396280654414577,0.2514479169604301,0.24853563883080843,0.2460536376646157,0.0006626284440498789,0.025741570349337252
2022-01-05,0.0190839235556529,0.000364196138278,0.000376557255429,0.0005492115936704,0.000684443921947,0.0006428235136419,0.0006580109265913,0.0011621725989734175,0.001173885257056147,0.001187273223269733,0.001199074289105169,0.25392918853676116,0.25139556291647297,0.24856076866978546,0.24611447987698037,0.0006332537429795613,0.0251645334345694
2022-01-06,-0.0077402582529096,5.99115978217364e-05,0.0002232577237816,0.0005381106663469,0.0006981966137693,0.0006032749724921,0.0006484691743091,0.0011585333281198997,0.001172267654062987,0.0011864372125500377,0.0011981668564863606,0.254343782381817,0.2513638823592221,0.24836185646611492,0.24593047879284605,0.0006216753403537048,0.02493341814420367
2022-01-07,0.0041272624326531,1.7034295187990025e-05,0.0002399715131583,0.0005094187222354,0.0006778071400801,0.0006292748241343,0.000646534299651,0.0011584357206441851,0.0011743788273937683,0.0011878103142012842,0.0012000443209225489,0.2546459108008333,0.2511888943385625,0.24834850788950935,0.24581668697109482,0.0006151874037737063,0.024802971672235292
2022-01-10,0.018181180574606,0.0003305553270864,9.276700822519132e-05,0.0004798756566125,0.0006596356391097,0.000599683950031,0.0006355148176121,0.0011552600885514912,0.0011741425189262607,0.0011877985340365466,0.0012002070819736527,0.25516226199610886,0.251058770666269,0.24817237009618476,0.2456065972414372,0.0005929650896987092,0.024350874516097142
2022-01-11,0.0022038083483368,4.856771236199183e-06,0.0001518937008642,0.000470916436841,0.0006779023684734,0.0005682541753517,0.0006317543014593,0.001150083719065557,0.0011711770513723053,0.0011853492799386118,0.0011977648701724235,0.25559562780161815,0.25099225591428975,0.247991351725632,0.2454207645584601,0.0005864801718156949,0.024217352700402556
2022-01-12,0.0210558770606779,0.0004433499587943,0.0004492318821129,0.0004429528569047,0.0006585077821324,0.0005499334816803,0.0006246662480099,0.0011496571318426125,0.0011732292235132513,0.0011866890809313125,0.0011995649505121436,0.25594448176573764,0.25080213901986764,0.247957450309407,0.24529592890498764,0.0005681146912455653,0.023835156623055055
2022-01-13,-0.0162978779429154,0.0002656208254421,0.0002225713738142,0.0004429766830181,0.0006881807536183,0.0005255543988164,0.0006254245147041,0.001147508486649181,0.001172069332244436,0.0011858262709030236,0.0011986521672904724,0.25614333685616736,0.25077582422384664,0.24786653833977101,0.24521430058021496,0.0005696750059240967,0.02386786555023504
2022-01-14,0.0158188023356003,0.0002502345073327,0.0004105124210131,0.0004323353315635,0.0006910990106713,0.0006185103320484,0.0006636917929517,0.0010650349539527409,0.001089648744410613,0.0010973614312355829,0.0011148951946008173,0.2561980072062458,0.2504108174375742,0.2486508319327929,0.24474034342338705,0.0006000473845410645,0.024495864641630116
2022-01-17,0.0153364262323372,0.0002352059695799,0.0002859563298024,0.0004214092821096,0.0006915910640956,0.0005849495665343,0.0006510473131064,0.001058338357093697,0.0010825569648798212,0.0010892625660969804,0.0011037384128611343,0.2558784685730173,0.2501540397694283,0.2486140683375946,0.2453534233199597,0.0005859972388229328,0.024207379842166577
2022-01-18,-0.0480942883015867,0.0023130605672361,0.003288376816725,0.0004102370833579,0.0006904557743345,0.0005574455163379,0.0006417043693589,0.0010548071311407296,0.0010801117251761625,0.001085229803278538,0.0010988310203854873,0.25585429433975077,0.24986020234020914,0.2486818306935872,0.24560367262645283,0.0005737098603265455,0.023952241238066753
2022-01-19,0.0107123688591744,0.000114754846575,0.0003856836477188,0.0005244064923906,0.0008932579285377,0.0009156796757227,0.001012050834402,0.0010802454637449082,0.0010975531342874753,0.0011042837354351218,0.001115633124735916,0.2544048499778041,0.25039305757314245,0.24886691375105632,0.2463351786979971,0.0008342632369775735,0.02888361537234516
2022-01-20,-0.000980223612782,9.608383310555806e-07,0.0001067734809755,0.0004998273936416,0.0008168334541384,0.000825912779501,0.0009010760376754,0.0010814260209486349,0.0011019951664169158,0.0011091013656674641,0.0011216162898417287,0.255066303607223,0.25030539715060723,0.24870164831330469,0.2459266509288651,0.0007589514296844945,0.027549073118428042
2022-01-21,-0.031760595068274,0.0010087353990908,0.0005330036009177,0.000469895400323,0.0007533194992429,0.0007678610653589,0.0008194652560566,0.0010816587648208157,0.0011054178639972544,0.0011138142127985744,0.0011268432879440891,0.2557846536467349,0.2502869923986814,0.2484002352856325,0.24552811866895116,0.000700676735938573,0.026470299128241316
2022-01-24,-0.0602450920848292,0.0036294711203095,0.0021090743306225,0.0005022258002491,0.0008085385179175,0.0009600464850247,0.0009261381482764,0.0010784097720651692,0.0011000590205880552,0.0011079580578695779,0.0011214317041808345,0.2554090930920472,0.2503826219410731,0.24859755286620136,0.24561073210067838,0.0007968517056650551,0.02822856187737971
2022-01-25,0.0219352383919128,0.00048115468331,0.000991664719682,0.0006898605194527,0.0011031431317861,0.0014301083981206,0.0014340940329802,0.0011421676289575416,0.0011495128640172441,0.0011520401023427979,0.0011654320175252136,0.2522018135338939,0.2505902773250552,0.2500405557037513,0.24716735343729965,0.0011624673427095297,0.034094975329357985
2022-01-27,-0.0161721438530746,0.0002615382368045,0.0006220371234616,0.0006773381692841,0.0009965419582082,0.0012082446478682,0.0012111076705959,0.0011372469730314366,0.0011463205219789407,0.0011491502863900066,0.0011640927397332328,0.25261042976931836,0.25061092521957423,0.24999379977862043,0.246784845232487,0.0010217836778393429,0.03196535120782099
2022-01-28,0.0111628606190909,0.0001246094572012,0.0004353585521706,0.0006523901733353,0.0009019833299134,0.0011919277817761,0.0010864403964525,0.0011382821630515337,0.0011499721046274243,0.0011546014615923424,0.0011698913575009366,0.2532490887786624,0.2506747071566584,0.24966963073842485,0.24640657332625432,0.0009566158483675341,0.030929207043950125
2022-01-31,0.0326320556090212,0.0010648510532702,0.0002707594565435,0.0006207233303673,0.0008237774799117,0.0010378905598524,0.0009549881912424,0.001117871503811725,0.001132652972910785,0.0011429837656922993,0.001155894011403188,0.2543180380220441,0.2509991095326801,0.2487304685714009,0.2459523838738748,0.000857665180929822,0.02928592120678163
2022-02-01,0.0349413343624221,0.0012208968470265,0.0012088761600474,0.0006473709937415,0.0008623132251159,0.0009075986634143,0.0008725685406874,0.0011130850593974461,0.0011255221890212974,0.0011384261157919386,0.0011510958518490884,0.25421560800047144,0.2514065008145373,0.24855683755473304,0.24582105363025827,0.0008214485328919062,0.028660923447996336
2022-02-02,-0.013054250258856,0.0001704134498208,0.0003091107333935,0.0006817825449386,0.0009040060744446,0.0008057662097789,0.0008150766588646,0.0011099889568407621,0.0011206295397271774,0.0011351348145117572,0.0011477531612113512,0.25410056151829324,0.25168783011110735,0.2484716472498086,0.24573996112079086,0.0008012756186883399,0.028306812231128037
2022-02-03,0.0092177832307267,8.496752768866693e-05,0.0002670874362489,0.0006511003992315,0.0008296511284948,0.0008387426349401,0.0007851492036241,0.0011119476577061652,0.0011246188496334324,0.001137957070005705,0.0011506800353003116,0.25430951350836983,0.2514441830405008,0.248496955932273,0.24574934751885638,0.0007755668720754736,0.02784900127608661
2022-02-04,-0.0093428261571869,8.728840060341601e-05,0.0002532643387384,0.0006171324269389,0.000770332616599,0.0007661790069789,0.0007366378456882,0.0011107634150764037,0.0011250451159346283,0.0011401418427382294,0.0011517928665772002,0.25471762052593283,0.2514841494338442,0.24815422384290137,0.2456440061973216,0.0007220021745388055,0.026870098149035584
2022-02-07,-0.03140163302627,0.0009860625567165,0.000607780785826,0.0005853417853588,0.0007299158821904,0.0007781132260781,0.0007147764776834,0.0011089239533835173,0.0011246006212597567,0.0011405478797490794,0.0011517988658925138,0.25502989276603605,0.251474836106964,0.24795868892352432,0.2455365822034756,0.0007012788383394361,0.02648166985557059
2022-02-08,-0.0067383916451241,4.540592196307957e-05,0.000587346173979,0.0006093850316403,0.000790281326365,0.0009660129292375,0.0008467260644722,0.0010998526684296865,0.0011149399681517449,0.0011302029254254967,0.0011415690988023747,0.25490233349903296,0.2514530106518781,0.24805723413104575,0.24558742171804318,0.0008016240517776102,0.028312966142345634
2022-02-09,0.0046698913147353,2.180788489144044e-05,9.945740300678224e-05,0.0005755462850596,0.0007394809478999,0.0009215271490554,0.0007874794952493,0.0011022327533971043,0.0011190762572396444,0.00113629022450239,0.0011461556315824624,0.2553199539203713,0.25147706779253703,0.24766737382618462,0.24553560446090714,0.0007544974142294596,0.027468116321099623
2022-02-10,0.0123473855483691,0.00015245792988,0.0003798371986185,0.0005423219810495,0.0007023612733578,0.0008339899026156,0.0007374752164908,0.001100870275664992,0.0011184288628167949,0.0011378112245695514,0.0011460250472972115,0.25559544551043867,0.2515827674986284,0.24729711087552483,0.24552467611540804,0.000702628678379909,0.02650714391215902
2022-02-11,-0.0326107730512758,0.0010634625190018,0.0003338916038549,0.0005189301379794,0.0006897280265806,0.0007606669703413,0.000703077339602,0.001097675524540199,0.0011158562730764628,0.0011355990333508609,0.0011436240560430894,0.2557457275656137,0.2515788389848156,0.2472050586606701,0.2454703747889006,0.0006668605229178427,0.02582364271201572
2022-02-14,-0.0642216634361493,0.004124422054506,0.0010357824291684,0.0005516020808407,0.0007703285754249,0.0009611957989234,0.0008509923618879,0.0010978820133382614,0.0011146242915584695,0.0011335255361944547,0.0011422215014983987,0.25544637434866496,0.25160942740422954,0.2474139053906243,0.2455302928564812,0.0007814842936993753,0.02795504057767356
2022-02-15,0.0454247183335998,0.0020634050356868,0.0018061205283656,0.0007659712792606,0.0011254556214281,0.0014792142651518,0.0014611349892962,0.0011878151634025491,0.001192370563925838,0.0012001814552117618,0.001214284081101061,0.25226547665391297,0.2513017072359785,0.24966621261417493,0.24676660349593357,0.0012059261707320938,0.03472644771254459
2022-02-16,-0.0100081767498368,0.0001001636018559,0.000241132667539,0.0008438173046462,0.0011668528087001,0.0012283005420016,0.0012518835109701,0.0011952072978083554,0.0011946713055260123,0.0011998586073990077,0.0012132230260649157,0.25114757951381245,0.251260257506266,0.250173993844586,0.24741816913533551,0.0011221339892886072,0.03349826845209476
2022-02-17,-0.0061353418084015,3.764241910592043e-05,0.0001938598796217,0.0007991980824788,0.001002866830174,0.001154338975739,0.0010893900637251,0.0011982304395922075,0.0012010936095339024,0.0012051831354674563,0.0012200421942300621,0.2516375734644633,0.2510377191893048,0.2501858774793503,0.24713882986688163,0.001010895563061411,0.031794583863630155
2022-02-18,-0.0164085907789605,0.0002692418513513,0.0002402093714803,0.0007535047426764,0.0008843806007514,0.0010648534868278,0.0009616372015043,0.0012001729853216045,0.0012045272980661745,0.0012092793826765438,0.0012240799093366863,0.2519320615782739,0.2510213383524431,0.2500349040710459,0.24701169599823716,0.0009156165807523097,0.030259156973589163
2022-02-21,-0.0372483176364446,0.0013874371667454,0.0005254937596697,0.0007244489691969,0.0008258868771209,0.0010790663430374,0.0009073521060235,0.0011997012015658403,0.001204180268865743,0.0012087952694460598,0.0012239370776087495,0.25195545259556135,0.2510182794347555,0.2500599289724871,0.2469663389971962,0.0008837582517215777,0.029728071779407048
2022-02-22,-0.0660598055011368,0.004363897902848,0.0007517763109957,0.0007642282610498,0.0008953642725008,0.0012840892405564,0.0010519327644332,0.0009786234201632545,0.000992700088307732,0.0010073024271482637,0.001018756750602607,0.2552352384656011,0.25161595627456024,0.24796841075875387,0.24518039450108475,0.0009966727785160963,0.03157012477827885
2022-02-23,0.0593997863661455,0.0035283346203437,0.0008639341245326,0.0009802084395577,0.0012345910455737,0.0017915019538183,0.001645773605373,0.0010771205994662266,0.0010771752664614645,0.0010653831302724472,0.0010837180761817274,0.24969546094761763,0.2496827888217347,0.25244638941402736,0.24817536081662017,0.0014137083916588074,0.03759931371260395
2022-02-24,-0.0713406663087238,0.0050894906693726,0.0015293905931974,0.0011330960104049,0.0013851587591501,0.0014425733704352,0.0014050207039266,0.0011205744532423044,0.0011086296452470575,0.001074795166800406,0.0010958914933044837,0.24534512417621257,0.24798856819146062,0.2557952313814972,0.2508710762508296,0.0013429855639998775,0.03664676744270738
2022-02-25,0.0846163685104999,0.0071599298199047,0.0014162236018571,0.0013704796899429,0.0016412813630322,0.0019988579163022,0.002020322663246,0.001230702737560078,0.0012060156504320218,0.0011700944626615564,0.0011912635436478356,0.24358312264878984,0.24856925841709485,0.2562001833470835,0.25164743558703173,0.001762314595571361,0.04197993086668153
2022-02-28,0.0055750468842102,3.1081147761142876e-05,0.0004552350550543,0.0017178466977406,0.0020196260999464,0.0015694322612411,0.0017245204508012,0.0014364020948914643,0.0013964547325451917,0.0013405219024025217,0.0013574596944655628,0.24048373955471367,0.24736308254986367,0.25768422482663805,0.2544689530687846,0.0017559499848521965,0.04190405690207329
2022-03-02,-0.011181257566113,0.0001250205207597,0.0003272300806082,0.0016166407647419,0.0015804054366605,0.0013215152499833,0.0014150335792231,0.0014496253322766944,0.001416227856348239,0.0013502531713598545,0.0013700226094659359,0.24065764505945147,0.24633283205132173,0.2583688941333054,0.2546406287559214,0.0014801261803943791,0.0384724080399756
2022-03-03,-0.0227449015538129,0.0005173305466926,0.0009478354159609,0.0015271435501029,0.0012886620607285,0.0012366388102478,0.0012114258014336,0.0014623374810142351,0.0014285878387853448,0.001358879207159929,0.0013799148233471707,0.2404141046955033,0.24609376246660059,0.2587180335149086,0.25477409932298756,0.0013128592230245415,0.036233399275040996
2022-03-04,-0.0343541363165567,0.0011802066820565,0.0003088545642029,0.0014665547698983,0.0011272010203417,0.0012742848809616,0.0011287214485384,0.0014648439296591933,0.0014291692589735903,0.0013604104968126108,0.0013806811023957144,0.24022953960621662,0.24622610695511185,0.2586710288118729,0.2548733246267987,0.0012471576654988464,0.0353151195028255
2022-03-07,-0.0436750843032792,0.0019075129888985,0.0007730783657177,0.0014493738846278,0.0010815164211546,0.0014184380320285,0.0011779040552286,0.0014640004382964113,0.0014271637736448083,0.00135850845328225,0.001378897424902233,0.24008554385971567,0.246282415466309,0.258728858543385,0.25490318213059043,0.001281574538778923,0.03579908572546124
2022-03-08,0.0497615194040164,0.0024762088133963,0.001292009225116,0.001476862230884,0.0011214726592804,0.0016371399009642,0.0013330263862018,0.0014622639837364507,0.0014273689585656837,0.0013564753981202492,0.0013786478935639407,0.24020643939983172,0.24607878915126546,0.2589396206394073,0.2547751508094955,0.0013942648354936156,0.03733985585796517
2022-03-09,0.0287101113435937,0.0008242704933615,0.0005581247622916,0.0015368230258348,0.0012045686385397,0.0013394328196757,0.0011648053110045,0.0014486905597077173,0.001419848035262953,0.0013406326638823734,0.0013670018500845853,0.24034570093197377,0.24522803804281862,0.2597180848914737,0.2547081761337339,0.001309323174353464,0.036184570943338046
2022-03-10,0.0445414568728958,0.00198394138036,0.0005652152749857,0.0014940698738864,0.0010996542827208,0.0011368370588088,0.0010210283793575,0.0014491705601412546,0.001416798216278302,0.00134071907210312,0.0013656344168502864,0.24010124439204417,0.24558730440826831,0.2595231634024737,0.25478828779721374,0.0011839707893472836,0.03440887660687695
2022-03-11,-0.0025409476635678,6.456415028990673e-06,0.0001738368845222,0.0015234621642748,0.0011413885945256,0.0009755144198403,0.0009326423043888,0.0014476900342672888,0.0014174936520096792,0.0013426104634728059,0.0013685755101236403,0.24053635484395158,0.2456604185090144,0.25936196183504723,0.25444126481198676,0.001137156056823923,0.0337217445696975
2022-03-14,-0.0296945144598332,0.0008817641890052,0.0006683833489021,0.00143244181932,0.0009762380831959,0.0008974993591259,0.0008431895423878,0.001459460275114712,0.0014230960907244126,0.0013472484495221607,0.0013724290219341664,0.23967845550110312,0.24580292707194948,0.2596411855057439,0.2548774319212033,0.0010312254039991807,0.032112698485165965
2022-03-15,-0.0065736153999578,4.3212419426562416e-05,0.000991012997841,0.0013994011615012,0.0009488387338155,0.0010556042425463,0.0009224161530635,0.0014599149567522068,0.0014213885061374752,0.0013456534895436771,0.0013709737102265227,0.23941253047768485,0.2459017591383705,0.2597414095041597,0.2549443008797849,0.0010777041621128107,0.03282840480609454
2022-03-16,0.0412028879169749,0.0016976779726987,0.0002862297382329,0.0013180298369767,0.0008479071137734,0.0009912194637921,0.000841839059319,0.0014670677948843101,0.0014234557486161622,0.0013494308785042032,0.0013726207495204058,0.23885609845184144,0.2461742066734971,0.25967842831552723,0.2552912665591343,0.0009958647977351424,0.031557325579572526
2022-03-17,0.0210153617952965,0.0004416454313872,0.000159734683335,0.00134080872512,0.0009408483735194,0.0008667886460549,0.0007992569995312,0.0014099653773691017,0.0013731872168823195,0.0013017670318491484,0.00132341503453473,0.23950381548562039,0.24591846139466522,0.2594105391521814,0.25516718396753296,0.0009812990577650216,0.03132569325274417
2022-03-21,-0.0255261799598541,0.0006515858633428,0.0004866365631451,0.001286858927496,0.0008814691453318,0.0007817010252715,0.0007516220686323,0.0014125818320850582,0.0013702006428086212,0.0012933365196135856,0.0013154434796542021,0.2382668488217093,0.24563659607092547,0.26023499431861885,0.2558615607887464,0.0009188740594073216,0.030312935512868455
2022-03-22,0.0133325829195557,0.0001777577673068,0.0007090456980836,0.0012487425436468,0.0008613525584741,0.0009181636645483,0.0008183771883322,0.00141194830974115,0.0013659234641958584,0.0012851804895928774,0.001307921234650861,0.23742426706245554,0.24542428720025053,0.2608433564662663,0.25630808927102755,0.0009571322063572337,0.030937553335020428
2022-03-23,-0.0047512538190391,2.257441285293406e-05,0.0003715430068927,0.0011844834570664,0.0008011451682302,0.0008263445216705,0.0007619048456326,0.0014171186207775674,0.001366527503694613,0.0012845286061832538,0.0013067628211120741,0.23670363647336928,0.2454667981034198,0.26113636491823017,0.2566932005049806,0.000888390478756471,0.029805879935953426
2022-03-24,-0.0009809842626835,9.623301236327876e-07,0.0002426739411093,0.0011147689144136,0.0007446877422265,0.0007945980875845,0.0007224045837614,0.0014224867886500794,0.001367071243739191,0.0012841024884610495,0.0013059561742208958,0.23598634034625418,0.24555227313995787,0.26141795881630686,0.25704342769748106,0.0008393415648574956,0.028971392180174835
2022-03-25,0.0235566068270553,0.0005549137252044,0.0002712090147257,0.0010479405193562,0.0007038865224525,0.0007427729633661,0.0006902949357353,0.0014270878759596306,0.0013673299294554085,0.0012831066749866007,0.0013051786915504254,0.23533169936307471,0.24561666336359755,0.26173896647644496,0.25731267079688264,0.0007915341435926086,0.02813421659816759
2022-03-28,-0.00356715157468,1.2724570356742611e-05,0.0004392455594139,0.0010183589117071,0.0007302041426465,0.0006818986681211,0.0006743674647889,0.001426219492433959,0.0013647890583578393,0.0012793521916777545,0.0013019493267526605,0.23500335349817777,0.24558107459458453,0.2619813103277754,0.2574342615794624,0.0007708920742567432,0.02776494326046324
2022-03-29,0.0248401849582533,0.0006170347887602,0.0002168841116731,0.0009580208512261,0.0006951150027622,0.0006681062012598,0.0006575001476478,0.001429597426208706,0.0013649263086202782,0.0012783348697008984,0.0013012275274910203,0.23450170099445303,0.24561254777344763,0.2622497720504745,0.25763597918162484,0.0007399928793618402,0.027202810137223695
2022-03-30,0.0261989132313451,0.0006863830545035,0.0004135505942981,0.0009375616874781,0.0007302804113447,0.0006209807135386,0.0006514918468055,0.0014296427643235288,0.0013640560294807898,0.001277117470912427,0.0013001320990552758,0.23434982870598026,0.2456178702992797,0.2623380734824642,0.2576942275122759,0.0007298799124701213,0.02701628976136659
2022-03-31,-0.0062885271182779,3.954557331731743e-05,0.0001334449727195,0.0009224909694997,0.0007611696748128,0.0005818367317955,0.000648078481521,0.0014296277059929914,0.0013638894457008895,0.0012771252302128666,0.001300031249774476,0.23434037751138495,0.24563537563777363,0.2623231366804123,0.25770111017042907,0.0007227868617261302,0.026884695678510668
2022-04-01,0.0143531426627265,0.0002060127042965,0.0001923177091294,0.0008695142457287,0.00071895992177,0.0006014176168882,0.0006429037690463,0.0014327466237147829,0.0013646771447917096,0.001276664714355616,0.001300224728460406,0.2339696071477737,0.2456399053594551,0.2625741597801154,0.2578163277126558,0.0007037129678628816,0.026527588806050235
2022-04-04,0.0034916069734683,1.2191319257172842e-05,0.0001048522953021,0.0008297041532428,0.0007063482496324,0.000571569368307,0.0006354253521253,0.001433325718226931,0.0013631543282568268,0.0012747296358986014,0.001298507192914792,0.2336602297928536,0.24568840794218003,0.262731176288077,0.25792018597688937,0.0006814685574718465,0.026104952738356883
2022-04-05,0.017659032773278,0.0003118414384877,0.0002879905484977,0.0007806533832036,0.0006787170689819,0.0005520784811228,0.0006274186310141,0.0014370076164657933,0.0013654710942855477,0.0012762667515436542,0.0013004444710237896,0.23346221204767545,0.2456932104044266,0.26286587538513223,0.25797870216276575,0.0006559924786830555,0.02561235012026533
2022-04-06,0.0097190505479851,9.445994355428954e-05,0.0003961385445315,0.0007525246665207,0.0006891431549567,0.0005289588409791,0.0006256501066998,0.0014369560633344129,0.0013638051457009882,0.001274714865799854,0.0012988619266918688,0.233250668138435,0.24576161991678885,0.2629379878205273,0.25804972412424887,0.0006454240300924446,0.025405196911113377
2022-04-07,0.0080070509504274,6.411286492274069e-05,0.0002271849482388,0.0007130407831427,0.0006749887618048,0.0005133221147467,0.0006214552845611,0.0014380610234665868,0.001363298059216489,0.001273498005312188,0.0012981296225107006,0.2329994475909907,0.2457770857991381,0.2631079300259369,0.2581155365839342,0.0006275012626905993,0.025049975303193403
2022-04-08,-0.0129179091416263,0.0001668723765913,0.0002254445843167,0.0006741051080495,0.0006623171034855,0.0005009164680127,0.0006180155177726,0.001440370214650048,0.0013649161842730906,0.0012743442032831806,0.0012995259474917066,0.23288603065981994,0.24576022017727625,0.2632272357077938,0.25812651345510995,0.0006111419081002197,0.024721284515579277
2022-04-11,0.0177659687025492,0.0003156296439399,0.0003154969645053,0.000643671144162,0.0006637026533048,0.0005732894459931,0.0006421016739307,0.0014406020428222618,0.0013636485770833315,0.001272997497552765,0.0012983103822063516,0.23268308842837804,0.24581386887600612,0.2633184536218779,0.2581845890737378,0.0006296571539719686,0.025092970210239533
2022-04-12,-0.0242246522598545,0.0005868337771108,0.0005271598410942,0.0006239886541487,0.0006792266636818,0.0005465833956144,0.0006363160361162,0.0014412243973742054,0.0013641059858492694,0.0012733576759417038,0.0012987834006120214,0.23266437247818272,0.2458178275689854,0.2633365128673148,0.2581812870855172,0.0006203662101341101,0.02490715178686857
2022-04-13,-0.0057335348576691,3.2873421964107016e-05,0.0002203022565315,0.0006217593615264,0.0007164349912353,0.0006957280798444,0.0007243717275167,0.001441050491828037,0.0013630669339787702,0.0012729260313900338,0.0012979682141811058,0.23258385485797484,0.24589040352993086,0.26330287084187093,0.2582228707702235,0.000691012225928135,0.026287111403273944
2022-04-18,-0.0062807773949263,3.9448164684617206e-05,0.0003136298801816,0.0005864262051527,0.0006876546991391,0.0006940831079042,0.0006969631169721,0.001442862993839553,0.0013647343019739385,0.001274913004207388,0.0012999391785837521,0.2326160614126469,0.24593293090058668,0.26325961510893814,0.2581913925778282,0.0006682030193455114,0.025849623195426108
2022-04-19,-0.028828755216815,0.000831097127351,0.0009651614277033,0.0005536075227246,0.0006685790568095,0.000696425770109,0.0006782289131073,0.0014443898968229663,0.0013660274964037815,0.0012769130512235354,0.001301601026752026,0.23265416329280422,0.24600040906833742,0.2631685239585664,0.25817690368029206,0.0006516501992005401,0.025527440122357355
2022-04-20,-0.0002645859546222,7.000572738337377e-08,0.0002111606031778,0.0005702568990022,0.0007330713803656,0.0008702431461243,0.0007948284031291,0.0014237977016447532,0.0013500335370227924,0.001256757524946778,0.0012837435564347162,0.2327394273774988,0.24545602216147336,0.2636736643341221,0.2581308861269058,0.000747288008335598,0.027336569066647665
2022-04-21,0.0316616802865748,0.0010024619985692,0.0003302587543782,0.0005360456854057,0.0006958397450129,0.000798160496299,0.0007425070573762,0.0014247180559375941,0.0013496089373825563,0.001257524614092729,0.0012826168039190382,0.23259075521896036,0.24553501345900103,0.26351472161337636,0.2583595097086622,0.0006976930922413891,0.026413880673641824
2022-04-22,-0.0263806204455516,0.0006959371350922,0.000272667249209,0.0005640306641955,0.0007685396385702,0.000721693674025,0.0007181182835691,0.0014245348285905678,0.001346074701449391,0.0012532842368588608,0.0012777827224081648,0.23203048140039215,0.2455550956374035,0.26373546584925095,0.25867895711295347,0.0006956894369849456,0.026375925329454236
2022-04-25,-0.0422275195550678,0.0017831634077736,0.0005666241246651,0.0005719450524493,0.000788320375288,0.0008722996471419,0.0008014467614347,0.0014229372171957425,0.0013457034093398896,0.0012529028005408137,0.0012775522817572728,0.23218530047610095,0.24551108590509169,0.26369571940505687,0.25860789421375047,0.0007636207675257447,0.027633688995965498
2022-04-26,0.0398543212562848,0.0015883669227991,0.0006166955682856,0.0006446181537687,0.0009083959917606,0.0011530746978506,0.0010404240161599,0.0013733924303058265,0.001301839159718455,0.0012103014126182755,0.0012354766177027285,0.23248540626510927,0.24526355251913654,0.26381337226595464,0.2584376689497996,0.0009457420233683967,0.030752918940620853
2022-04-27,-0.0080841647356034,6.535371947237418e-05,0.0002362973784735,0.0007012430799106,0.0009715845470579,0.0009906231525382,0.0009413575810863,0.0013785228185167811,0.00130232230204103,0.0012053957630269222,0.0012313698090486924,0.23139355742807718,0.24493268561281845,0.2646278581329751,0.2590458988261293,0.0009062372470755513,0.030103774631689482
2022-04-28,0.0103256989093785,0.0001066200579671,0.0002551467614266,0.0006630897182843,0.0008656615099258,0.0009515386431535,0.0008591726948982,0.001379921346581968,0.001304119284843197,0.0012051183014294502,0.0012304605984086363,0.23123296261089335,0.24467340131276977,0.26477342578042457,0.25932021029591246,0.000839875536286511,0.028980606209782964
2022-04-29,-0.0207592167853763,0.0004309450815422,0.0008348412097831,0.0006297015386652,0.0007971278014211,0.0008541328538688,0.0007904436225228,0.0013801091826596307,0.0013039392900860832,0.0012021739075249763,0.0012280283233013485,0.2309325907500599,0.2444225674406172,0.2651132145478832,0.2595316272614396,0.0007718416576767777,0.027782038400318607
2022-05-02,-0.0116312531887529,0.0001352860507408,0.0001498613034019,0.0006177761512379,0.0007819456599055,0.0009408208105844,0.000810170926439,0.0013791563608397419,0.0013044247368755955,0.0012034096508011008,0.001228823170912815,0.23117802508273977,0.2444224145449008,0.2649394107542571,0.2594601496181023,0.0007934088977950748,0.028167514938224048
2022-05-04,-0.0535080720063696,0.0028631137698388,0.0019152254148604,0.000588826745208,0.0007425755807186,0.0009391897816702,0.0007758278232173,0.001378575356732296,0.0013062734532924855,0.0012072173082198529,0.0012310870542518013,0.23163710124190395,0.2444581558877414,0.2645167504663029,0.25938799240405175,0.0007675946280975228,0.027705498156458456
2022-05-05,-0.0244057145619981,0.0005956389032817,0.00063692519304,0.0007252839666859,0.0009828616652182,0.0013333530367548,0.001199441587609,0.0014079481759540313,0.0013312872477369117,0.0012297711720654877,0.001257482220408779,0.23136757059913007,0.24469065526896416,0.264889563521671,0.25905221061023487,0.0010722135529618382,0.032744672130925946
2022-05-06,-0.0324319374794632,0.0010518305686718,0.0003720453564315,0.0007175052628816,0.0009253436771481,0.0013675260313684,0.0011329309861598,0.0014061495023915535,0.0013287521211100498,0.0012296088359651444,0.0012566490850733198,0.23143913980942324,0.24492004649074517,0.2646679348408446,0.25897287885898695,0.0010480327068748063,0.032373333267904404
2022-05-09,-0.0059418929169802,3.530609143686047e-05,0.0002302740070736,0.000737564781229,0.0009306291123804,0.0014749006342835,0.001159842908759,0.0014051478220126232,0.001325923461177088,0.0012271582656606535,0.0012538935225716037,0.23119141715470615,0.24500518000832,0.26472389533884316,0.2590795074981306,0.001089460570937216,0.03300697760985116
2022-05-10,-0.0278915859520329,0.0007779405669196,0.0016287862342266,0.0006954292598415,0.0008346555325837,0.0013072386036704,0.0010121870194478,0.001407118889985255,0.0013305410784523615,0.0012408614887947586,0.0012617839545240258,0.23219518830464758,0.24555892404854526,0.2633059681338811,0.25893991951292616,0.0009727317939431373,0.031188648478944023
2022-05-11,0.0249838648801967,0.0006241935043519,0.000756876916069,0.0007003799382662,0.0008416563348832,0.0013805042304258,0.0010275247971497,0.0014052742906211324,0.00132708170375325,0.0012370453589925618,0.001257899587297469,0.23190704217514613,0.24557116812102336,0.2634446682279522,0.25907712147587825,0.000999004214858292,0.03160702793459537
2022-05-12,-0.0124914333047041,0.0001560359060058,0.0003366411099904,0.0006958087522313,0.0008313896423717,0.0011696614867867,0.0009190972830496,0.0014034892712434925,0.0013241411453183058,0.001235444483929899,0.001255090338184404,0.23179367479903998,0.2456837300712026,0.26332218076503616,0.2592004143647213,0.0009117711861829644,0.030195549112128503
2022-05-13,-0.0102949324729747,0.0001059856346231,0.0008258607989597,0.0006634223814578,0.0007784868200843,0.0011295046601381,0.0008579873350222,0.0014043164933925654,0.0013251081424142195,0.0012392358893051894,0.001256682954313544,0.2319935124877479,0.24586092675655605,0.26289774106629743,0.2592478196893987,0.0008646847491908574,0.029405522426762927
2022-05-16,0.0261524185815609,0.0006839489976651,0.0006666550855045,0.0006299761766477,0.0007373348975572,0.001079419223463,0.0008055798545978,0.0014044008748074937,0.0013270724403687062,0.0012456473645714233,0.0012595683912859802,0.232520161057239,0.24606909740996394,0.26215406292897253,0.2592566786038246,0.0008197435872747548,0.028631164616109397
2022-05-17,0.0204102934603458,0.0004165800791374,0.0005344803383454,0.0006332145459088,0.0007657648200286,0.0009432070621229,0.0007594437855607,0.0013265141005079821,0.001254459928329466,0.001177912261639985,0.0011866634179668743,0.23247988628088978,0.24583315917214282,0.2618088437306272,0.2598781108163402,0.000779762797110484,0.02792423315169969
2022-05-18,-0.0277690272191764,0.0007711188726993,0.0014585364168179,0.0006202164779025,0.0007590488048917,0.000841776642037,0.000722502834554,0.0013161938539507849,0.001249415620644475,0.0011774598003763553,0.001184940437074458,0.2335335279885771,0.24601532840725812,0.26104958668802225,0.2594015569161425,0.0007387427878608123,0.027179823175672285
2022-05-19,-0.0134769340307478,0.0001816277508691,0.001004762821913,0.0006292706215903,0.0007891834147724,0.0009900056284618,0.000816976099516,0.0013128323475965421,0.0012418043552908813,0.001168453354187963,0.0011755915896189415,0.23269323861154234,0.24600268908275477,0.26144579038718846,0.25985828191851446,0.0008116990707241441,0.028490332934596328
2022-05-20,0.0334335215465335,0.0011178003630025,0.0006046914358712,0.000602412049347,0.0007520751559792,0.0009939570737145,0.0007883659832863,0.0013104206925325106,0.0012380236207371231,0.0011642125954779564,0.0011706011956193973,0.2323686886320429,0.24595713101077368,0.26155080185768226,0.26012337849950107,0.0007900026383006846,0.028106985578334163
2022-05-23,-0.0018116009601672,3.2818980388788917e-06,0.0003866286205713,0.0006333353481663,0.0008183716702551,0.0008734286445706,0.0007528193180204,0.0013106185438625357,0.0012363758084028098,0.0011597830065287163,0.0011679579418851752,0.23189755675146773,0.24582269896360556,0.26205698518084214,0.2602227591040846,0.0007728320499904523,0.02779985701384905
2022-05-24,-0.0195306816857163,0.0003814475271087,0.0003793297998815,0.0005955321411587,0.0007546008693902,0.0008115458475471,0.0007126646004453,0.0013103477404294256,0.0012387260995690708,0.0011645303783754254,0.0011703195426832754,0.23241307470775113,0.24585091683746824,0.2615148157100095,0.2602211927447711,0.0007216104667162704,0.026862808243299327
2022-05-25,-0.0392825550075606,0.001543119127922,0.0015788103784524,0.0005826870643157,0.0007479572895076,0.000894437421026,0.0007458033994702,0.0012254855006812568,0.001155963226471201,0.0010959594221386592,0.0010902557925457843,0.23243045208543323,0.24640935146096044,0.259900269292498,0.2612599271611083,0.0007470509568233338,0.027332232927869866
2022-05-26,0.0248491044206993,0.0006174779905108,0.002620951259138,0.0006403129881321,0.0008572212350651,0.0011435603616611,0.0009607344789571,0.0011870015828295785,0.00112209685871062,0.001076040763972428,0.0010677947523324827,0.23404951269769603,0.24758748754710097,0.25818458866468685,0.26017841109051626,0.0009073142265117595,0.030121657101025493
2022-05-27,0.0145872938314816,0.0002127891413259,0.0003886232633297,0.0006389428882748,0.0008413965109071,0.0009927248731337,0.00087072111679,0.0010714929475425375,0.001015558003775192,0.0009699534389148814,0.0009570235461846808,0.2336791048903216,0.24654969184158865,0.25814178581411795,0.26162941745397195,0.000840823682812292,0.02899695988913824
2022-05-30,0.0664529785128224,0.0044159983532256,0.0013508699153724,0.0006133736634579,0.0007909038304356,0.0008835844176868,0.0008002168609194,0.0007697369941169034,0.0007282530464115453,0.0007120418640707827,0.0006948735716741916,0.23553086110563945,0.24894755736698643,0.2546153901861007,0.2609061913412735,0.000775117728534129,0.027840936200748154
2022-05-31,-0.0037551031915389,1.4100799979106291e-05,0.0001900716172244,0.0008415311448439,0.001168120968281,0.0007696077201498,0.0008056336701612,0.0008866085092207734,0.0008267219327839557,0.0008219047089434737,0.000808054205728161,0.23538400891782896,0.252434896142501,0.2539144294589975,0.2582666654806726,0.0008964402965730247,0.029940612828948988
2022-06-01,-0.0250543217405596,0.0006277190378794,0.0007206379684082,0.000791885324152,0.0009953036579519,0.0007414983558797,0.0007526253244214,0.0008720109798688174,0.0008187568477492602,0.0008131300849635863,0.0007972817000833808,0.23634038864290383,0.25171259873992535,0.25345441977135175,0.258492592845819,0.0008201690626511362,0.02863859393634988
2022-06-02,0.0095975884601162,9.211370424975749e-05,0.0001503185466107,0.0007820353469757,0.0009370118232777,0.000878822472431,0.0008151788978441,0.0008624714218299111,0.0008140631905504147,0.0008079436186966591,0.0007923942612428328,0.23722587257268574,0.25133249849347505,0.25323615519441645,0.2582054737394228,0.0008540538177483983,0.029224199180617392
2022-06-03,-0.0286202352546454,0.0008191178660312,0.0006154149786251,0.0007406400484121,0.0008445946540188,0.0007976195792049,0.0007584436885646,0.0008662699141923522,0.0008213096850347252,0.0008142116170257701,0.0007978459799145832,0.2378438028700407,0.25086387565818313,0.2530508364103723,0.25824148506140376,0.0007857348600649836,0.028030962524768634
2022-06-06,-0.0115589760825126,0.0001336099280761,0.0001850064149311,0.0007453487174693,0.0008525008568835,0.0009587642524062,0.0008508503575567,0.0008643078269448315,0.0008143643191748993,0.0008117645522859676,0.0007923051245119312,0.23713917545191548,0.25168249712364316,0.25248853850682884,0.2586897889176125,0.0008534942090047489,0.029214623204908
2022-06-07,-0.0250942428267203,0.0006297210230464,0.0004021988122491,0.0007086443901057,0.000790754687583,0.000953197414279,0.0008049614798596,0.0008582658090354356,0.0008007584819091279,0.0008115267947931327,0.0007839261486422814,0.23672897797939785,0.2537299228142009,0.25036312924136,0.2591779699650413,0.0008156685577396883,0.028559911724998176
2022-06-08,0.0231036084710051,0.0005337767243815,0.0008156378863452,0.0007039089880821,0.0007970541876198,0.0010620492388499,0.0008533444495343,0.0008533825805179539,0.0007995222942779934,0.0008098743634381851,0.000783019344665083,0.23747614952835244,0.2534738690169768,0.25023388619886977,0.25881609525580085,0.0008558139915689505,0.029254298685303506
2022-06-09,-0.0041471673099912,1.7198996697060456e-05,0.0001195687276817,0.0006937010522601,0.0007919702615841,0.0009317921850732,0.0007919605833882,0.0008513193742478603,0.0007920596073365819,0.0008053495637632184,0.0007741886046117775,0.2363213785782634,0.25400230774190496,0.24981073708235033,0.2598655765974811,0.0008036736493019824,0.028349138422569076
2022-06-10,-0.0085014778894454,7.227512630473e-05,0.0001463886197567,0.0006531109289263,0.0007378745763046,0.0008748281236126,0.0007432496924834,0.0008330769192789891,0.0007847898312636379,0.0008042872877559727,0.000771411206223231,0.2393912148678315,0.2541206420366471,0.24796027342540405,0.2585278696701175,0.0007529315601540856,0.027439598396370266
2022-06-13,-0.0457367305654043,0.0020918485228123,0.0004288107141834,0.000618260780769,0.000706205194664,0.0008613929928826,0.0007170884016555,0.0008334181981774436,0.0007893858590326736,0.0008109308046175565,0.0007762434520422036,0.2405484578809208,0.2539663715120867,0.2472189503715141,0.2582662202354783,0.0007262264308421199,0.026948588661414533
2022-06-14,0.0197899499397914,0.0003916421186194,0.0008638208170477,0.0007066760452916,0.0008823756993274,0.0011790053934359,0.0010301835111367,0.0008367333955385717,0.0008009125053959113,0.0008159412744419328,0.0007881433879249145,0.2420218290526872,0.2528462790297001,0.24818911992927056,0.2569427719883421,0.0009514509593072213,0.030845598702363055
2022-06-15,0.0104596181909163,0.0001094036126997,0.0001718145912523,0.0006877740096913,0.0008365054474789,0.0010226758361505,0.0009178996231117,0.0008362862366894064,0.0007958890145881855,0.0008171746763697339,0.0007847024368095285,0.24155280868016324,0.2538133905987054,0.24720209176121224,0.2574317089599192,0.0008675541021784191,0.02945427137408799
2022-06-16,-0.0421829045607527,0.0017793974371815,0.0014769099461494,0.0006530717858718,0.0007774232413573,0.0009091794236656,0.0008329376103459,0.0008315497366151908,0.0007988098742633216,0.0008238101167051739,0.0007902663540991568,0.24374664677769403,0.2537367982785013,0.24603662399713583,0.2564799309466688,0.0007937681588714129,0.028173891439973515
2022-06-17,-0.0067649935429453,4.576513763609211e-05,0.0005621376525851,0.0007206513249504,0.0009005604695707,0.0011856434012257,0.0010625712241196,0.0008401739450320908,0.0008086711206149108,0.000831265460395889,0.0007995523079273319,0.24387397478205794,0.2533743993819089,0.24648751721948908,0.25626410861654403,0.000968472236998569,0.031120286582847677
2022-06-20,-0.0116570901863247,0.0001358877516121,0.0005375855940514,0.0006801581537115,0.0008150777011327,0.0010942256702617,0.000943583852648,0.0008332866498522865,0.0008113806350903859,0.0008387615622845926,0.0008060245546469657,0.2466520695645591,0.25331129168949024,0.24504207866507766,0.25499456008087296,0.0008829708837203823,0.029714825991756746
2022-06-21,0.0541202338568583,0.002928999712721,0.0009911652918265,0.0006475019295855,0.0007653360938379,0.0010627611877654,0.0008723776433719,0.0008226805383713577,0.0008098913370156696,0.0008414632362781164,0.0008071172825187263,0.2492055138216948,0.25314078186266126,0.24364287997031592,0.254010824345328,0.0008356263890859011,0.02890720306577413
2022-06-22,-0.0348763214514725,0.0012163577979864,0.000474407461583,0.0007843917965737,0.0010049120618897,0.0009137698175591,0.0008378535909638,0.0008619054774175619,0.0008513102786631565,0.0008692584118753798,0.0008445463661558654,0.24847552458376274,0.2515679899686565,0.24637370512285625,0.2535827803247245,0.0008852999693208269,0.0297539908133485
2022-06-23,0.0294665165348847,0.0008682755967006,0.0005334996224817,0.0008103097566584,0.0010012678677401,0.0011179460335313,0.0009735641501711,0.0008613592197487315,0.0008515306594445677,0.0008697976736910604,0.0008457782534229802,0.24873996757711517,0.251610980786413,0.24632678480656506,0.2533222668299067,0.0009754919422833299,0.031232866379558088
2022-06-24,0.0076287983750488,5.819856464714777e-05,0.0001184309991412,0.0008137877070609,0.0009646671946913,0.0009704733338301,0.0008833608890667,0.000851551935555286,0.0008466520127926347,0.0008660968089019775,0.000841563679483347,0.2499461047905955,0.25139264550601864,0.24574861277779497,0.2529126369255908,0.00090781891295004,0.03013003340439635
2022-06-27,0.0070994257768695,5.040184636127916e-05,0.0001970769305451,0.0007684523585161,0.0008602208133769,0.0008704503585831,0.0008072808872851,0.0008559895384311539,0.0008546419006752156,0.000874042885186652,0.0008482631373764526,0.25062465998020306,0.25101985620694045,0.24544801021989388,0.2529074735929627,0.0008263432941367443,0.028746187471328163
2022-06-28,0.0042355480263606,1.7939867083607292e-05,0.0003275799446232,0.0007253693277868,0.0007878918808251,0.0007924413934317,0.0007521742374743,0.0008603835503866633,0.0008609940619693155,0.0008803906330423061,0.0008538605418931096,0.2509910935667952,0.25081312141050116,0.24528726237373924,0.25290852264896435,0.0007642819179454834,0.027645649168458377
2022-06-29,-0.0026647303193532,7.100787674880662e-06,0.0001320254390191,0.0006829235601446,0.0007351527206293,0.0007320876480682,0.0007118993817441,0.0008576756875007081,0.0008616914688022112,0.0008832801831683031,0.0008555062566536834,0.2519597726070713,0.25078555262207725,0.24465597135684367,0.25259870341400803,0.0007153694216729538,0.02674639081582698
2022-06-30,-0.0185350473190301,0.0003435479791186,0.0006489439776067,0.0006423741937964,0.0006979546955005,0.0007034480949512,0.0006837093314152,0.0008578360101644766,0.0008642692097330513,0.0008867571428291512,0.0008584804847923608,0.2525768343184457,0.2506967752312184,0.24433916948268053,0.2523872209676554,0.0006816632531365069,0.026108681566415926
2022-07-01,0.0328722939508974,0.0010805877095942,0.0008028676637719,0.0006244446209158,0.0007054309606972,0.0007932189663422,0.0007186396731514,0.0008521925358835872,0.0008608273761347685,0.0008850321850374398,0.0008558291657025834,0.25325340131339924,0.25071305150107265,0.24385628221789415,0.252177264967634,0.0007096594883479951,0.026639434835371324
2022-07-04,0.0049390936130993,2.4394645718959016e-05,0.0001156220112981,0.0006518132062365,0.0007827658413087,0.0007171266140374,0.0007019114433975,0.0008520779402024863,0.0008608868600477907,0.0008852662977043771,0.000856135027012608,0.25332238040943567,0.25073029003425606,0.2438254033460822,0.252121926210226,0.0007132029304626324,0.026705859478073954
2022-07-05,-0.0081936603194434,6.713606943042269e-05,0.000257771210055,0.0006141680926054,0.0007322728517217,0.0006710848948765,0.0006756484777454,0.0008516925681767626,0.0008630280981960455,0.0008880021899291677,0.0008578548545683275,0.2538848882524134,0.25055021145771444,0.24350376040651012,0.252061139883362,0.0006731155363183345,0.02594447024547494
2022-07-06,0.0230177245946598,0.0005298156455156,0.0002749283580635,0.0005813461712149,0.0007018634752327,0.000690146241662,0.0006673712521858,0.0008504993673580381,0.0008636963922034788,0.0008895301999067649,0.0008584341740317244,0.25434944431840656,0.25046306020658865,0.2431890918412293,0.2519984036337756,0.0006596684773884712,0.0256840120967981
2022-07-07,0.0219062710173773,0.0004798847098867,0.0001843952310055,0.000578254339673,0.0007263589707366,0.0006397878886473,0.0006574580812638,0.0008480007938656041,0.0008616111115484123,0.000888725295369884,0.0008566401936229625,0.2545633710790453,0.2505421969038818,0.2428983870367846,0.2519960449802881,0.0006502662287343419,0.025500318208491867
2022-07-08,0.0103353454461065,0.0001068193654903,0.0001479936764239,0.0005723521618858,0.0007382508672985,0.0005993744233607,0.0006496215070655,0.0008470378399851057,0.0008610266855527243,0.0008883424592164228,0.0008559097849236129,0.2546543492063654,0.25051705541054836,0.24281386942242525,0.252014725960661,0.0006399470097820985,0.025297173948528293
2022-07-11,0.016750745869174,0.0002805874871736,0.0004150111524329,0.0005444201941021,0.0007098475323741,0.0005718599407708,0.000638951220558,0.0008491537595515326,0.0008647946431573744,0.0008906002646401285,0.0008587498594528897,0.2548289096621507,0.2502200128021086,0.24296975340499258,0.2519813241307483,0.0006163005065017246,0.024825400429836466
2022-07-12,0.0018761055705008,3.519772111664364e-06,0.0002070298996526,0.0005285902316863,0.0007074111262284,0.0005458846689442,0.0006335683094378,0.0008464292398960587,0.0008620633605623436,0.000887276668871055,0.0008553491872274987,0.25475117193766683,0.2501310816471424,0.24302322870744406,0.25209451770774677,0.000603986243320969,0.024576131577629726
2022-07-13,0.0018725008645498,3.5062594877399475e-06,0.0002446815332004,0.0004970860041119,0.0006785957313917,0.0005313145727815,0.0006259597490398,0.0008461979821513875,0.0008627908744739681,0.0008860136003452675,0.0008550045728176912,0.2547426478329275,0.24984352633023665,0.24329504025685714,0.2521187855799787,0.0005832541674954958,0.024150655632829015
2022-07-14,0.0031609940677738,9.991883496501752e-06,0.0001880043760332,0.0004674712194344,0.0006588505458113,0.0005190289862889,0.0006204589574059,0.00084783726802821,0.0008669277099462245,0.0008884598212724423,0.0008585457552171117,0.2551161023677457,0.24949824164103776,0.24345157100261053,0.2519340849886059,0.0005663146699703236,0.02379736687052422
2022-07-15,0.0145259911884253,0.0002110044200062,9.95810730822189e-05,0.0004400224592781,0.0006459568868463,0.0005080249031185,0.0006165691663867,0.0008466980594540981,0.0008658093112304015,0.0008837756947578068,0.0008560284065201555,0.25477230102402665,0.24914864056283462,0.24408366756319788,0.25199539084994094,0.0005524179843087295,0.023503573862473117
2022-07-18,-0.0012733492159026,1.6214182256399215e-06,0.0001535151383126,0.0004262813769218,0.0006568167709609,0.0004934014672001,0.0006164537115708,0.0008450716075983053,0.000866724795295774,0.0008842138766746149,0.0008569712573770315,0.25530630872624793,0.24892804949886443,0.244004441048458,0.25176120072642955,0.0005479237183280644,0.023407770468971717
2022-07-19,0.0186529341356103,0.0003479319518674,0.0002614251542169,0.0004008017794,0.0006437432705289,0.0004949583475843,0.0006138060811777,0.0008466768183274187,0.0008707919965330861,0.0008864840194038899,0.0008606345614701451,0.2556770495049604,0.24859648648134616,0.24419597652732586,0.2515304874863676,0.0005377659114922488,0.023189780324363765
2022-07-20,-0.0096337049446526,9.280827096062496e-05,0.0004422780888604,0.0003976295897481,0.0006687156574707,0.0004804432066099,0.000616293080806,0.0008321402465527399,0.0008621147811295953,0.0008788551167106931,0.0008519431943382156,0.25714657202243196,0.24820594255740072,0.24347814306846474,0.25116934235170263,0.0005399996336010018,0.023237892193591955
2022-07-21,0.01171565674187,0.0001372566128933,6.860062525595304e-05,0.0003793403106208,0.0006608303329242,0.0005337288087763,0.0006286806452138,0.0008241126307865147,0.0008608505735734793,0.0008784831670968352,0.0008516868291803311,0.2588623930583765,0.24781509625935352,0.24284104208853433,0.2504814685937357,0.0005490447845610381,0.023431704687475005
2022-07-22,-0.0012487921378299,1.559481803505807e-06,8.083976297624726e-05,0.0003648152887572,0.0006597823048988,0.0005163954791271,0.0006242203489189,0.0008206089906414941,0.0008555378204064384,0.0008718278420526564,0.0008465256652334333,0.2584106803447701,0.247860611782146,0.24322935944490748,0.25049934842817634,0.0005397755449912967,0.023233070072448382
2022-07-25,-0.0078048867093939,6.09162565464741e-05,0.0001486551249777,0.00034301994034,0.0006457691401055,0.0005145119747867,0.0006194107912404,0.0008188024103299805,0.0008541449046444043,0.0008675270971679432,0.0008447653835831122,0.25828291416334564,0.24759577855474396,0.24377644612414714,0.2503448611577632,0.0005289781120527176,0.022999524170137033
2022-07-26,0.0096080407052453,9.231444619365236e-05,0.0001820499677317,0.0003260937193123,0.0006419830807007,0.0005525315010892,0.0006256916966334,0.0008192102049015761,0.0008561714606205672,0.0008677831626640898,0.0008465655137311699,0.2584952714428734,0.2473359298046635,0.2440263575000657,0.25014244125239743,0.0005344234647554932,0.02311760075690151
2022-07-27,0.0215240313282996,0.0004632839246216,0.0003173828061498,0.0003120669629252,0.0006424652028839,0.0005331843033244,0.0006214565692341,0.0008173960447701705,0.0008550413358088321,0.0008635756146443097,0.0008448807789482851,0.25840014934307093,0.24702344927131165,0.24458224208663315,0.2499941592989844,0.0005251100451970754,0.022915279732027612
2022-07-28,0.0355728802728306,0.0012654298109051,0.000395007093952,0.000321139980627,0.0006791416788328,0.0005113247615581,0.0006233714995552,0.0007630930779777762,0.0008103616977978377,0.0008271353484888881,0.0008010167268407047,0.26199280280387605,0.24671069084697772,0.24170759315858226,0.24958891319056398,0.0005308655689112154,0.023040520152792024
2022-07-29,0.0102873100698183,0.0001058287484725,0.0004063890389985,0.0003777973704437,0.000782862936589,0.0004865224534046,0.0006355170340777,0.0007725880551816013,0.0008123521114836302,0.0008273816669259995,0.0008015124140678088,0.25982541680661075,0.24710714802076741,0.24261839666230145,0.2504490385103202,0.0005688163145225702,0.02384987032506823
2022-08-01,-0.0044145154597198,1.948794674410561e-05,0.0003096012458916,0.0003614792531254,0.0007403179736312,0.0004770978159297,0.0006287410992578,0.0007721801571071628,0.0008168775259085251,0.0008278374381254092,0.0008043560716133852,0.2605490826404392,0.24629252878962304,0.24303181071758082,0.250126577852357,0.0005497326792366925,0.02344637880860694
2022-08-02,-0.0121389186261084,0.0001473533454112,0.0002904569569989,0.0003409597747425,0.000702707491975,0.0004990571486513,0.0006256264244378,0.000768109394206042,0.0008139955585044325,0.0008088661177053619,0.0007950464110856874,0.2591103226161956,0.24450388071272794,0.24605440700355197,0.2503313896675245,0.0005395700490409884,0.023228647163384016
2022-08-03,-0.0118849179585349,0.0001412512748811,0.0002820333237577,0.0003293433889827,0.000689465123059,0.0005664991034903,0.0006443951430915,0.0007684421234087515,0.0008171141066447606,0.0008072525723692882,0.000796866796526804,0.2592899346653122,0.24384514519139536,0.2468239988234807,0.25004092131981165,0.0005544688781745051,0.023547162847666066
2022-08-04,-0.0124360876627014,0.0001546562763543,0.0006102156833231,0.0003180578621366,0.0006797938003256,0.0006249389813293,0.0006569608403755,0.0007687627732533585,0.000819692789376435,0.0008032043403058816,0.00079781241639019,0.2591630249139073,0.24306043476252676,0.2480500611857633,0.24972647913780252,0.0005667364844594694,0.023806227850280467
2022-08-05,0.000543938771004,2.958693866014129e-07,0.0001132966708241,0.0003082537669896,0.0006744805293986,0.0006799369124613,0.0006682489334396,0.0007658885628811095,0.0008178573926955171,0.0007947951700675,0.0007943585075883744,0.25878261004686165,0.24233887604070536,0.24937071684844397,0.24950779706398915,0.0005795132423292095,0.024073081280326567
2022-08-08,0.0067740895010554,4.5888288568309254e-05,0.0001531762162694,0.0002897762931334,0.0006557163318049,0.0006431274425229,0.0006509888634752,0.0007635358514296047,0.0008178804924778776,0.0007886304848025898,0.0007931055105622919,0.25876900937710084,0.24157492166092262,0.2505348445258215,0.24912122443615506,0.0005566907223886614,0.023594294276130856
2022-08-10,-0.004872673210806,2.374294421930698e-05,0.0001411319375786,0.0002751430128595,0.0006473263608776,0.000609749185278,0.0006391223343205,0.0007641529960078025,0.0008216320160363946,0.0007907441685012271,0.0007967886973496686,0.2593727056559101,0.2412277348511139,0.2506505112586309,0.24874904823434496,0.0005393326768286071,0.02322353713000255
2022-08-11,0.0109305689161083,0.0001194773368297,7.010026800080084e-05,0.0002600590087411,0.000639407969001,0.000616129534365,0.0006338310422148,0.0007643304213578162,0.0008243348478300732,0.0007914401191969943,0.0007995151652306739,0.25981128993358316,0.24089928168290733,0.25091180986621825,0.24837761851729126,0.0005336228083417389,0.023100277235170552
2022-08-12,0.000938953851668,8.81634335562322e-07,6.30054503981035e-05,0.0002516241084264,0.0006433620896829,0.0005854208391595,0.0006277053128194,0.0007642976215073004,0.0008270616528465393,0.0007939806737931557,0.0008022433772564317,0.2604555067407404,0.24069006660542513,0.2507183498049302,0.2481360768489044,0.0005229198293612752,0.022867440376248393
2022-08-16,0.0166216576179835,0.0002762795019694,0.0001633093246039,0.000236579559981,0.0006344518504538,0.0005648987511982,0.0006216857026255,0.0007627968154878977,0.000827501419005,0.000790701480863848,0.0008021316037169129,0.26058778520438725,0.24021171220221174,0.2513913752782997,0.24780912731510132,0.0005101225742560563,0.022585893257873517
2022-08-17,0.0031599923884043,9.985551894773622e-06,0.0001384951194441,0.0002389615565003,0.0006553290947496,0.0005401513783806,0.0006210284060892,0.0007599066814928648,0.0008274463568864943,0.0007914174395890438,0.00080224357288171,0.2613841245662236,0.24004884551239075,0.25097695951352444,0.2475900704078611,0.0005090977672880438,0.02256319497074924
2022-08-18,0.0228729718070336,0.0005231728392853,0.000281855110116,0.000225222996224,0.0006435434228448,0.0005258703919297,0.0006169807644921,0.0007561189559775802,0.0008249459109846418,0.0007863885200100341,0.0008002838250636479,0.26158223750707427,0.23975788678078633,0.2515134482426125,0.2471464274695269,0.0004979570137678375,0.022314950454075347
2022-08-19,-0.040511505215879,0.0016411820548561,0.0009943152523093,0.0002430999868076,0.0006857481392016,0.0005045619085545,0.0006209391513515,0.0007565920788016582,0.0008236847194522453,0.0007844258725947347,0.0007992324152655486,0.26111630179950457,0.2398472630630635,0.25185110854898435,0.24718532658844747,0.0005085137067802173,0.02255024848599716
2022-08-22,-0.0241041083557694,0.0005810080396266,0.0002160416864968,0.0003269849108905,0.000824204310677,0.0007911014389245,0.0008865849307715,0.0007678769231081302,0.0008265184273148396,0.0007936262173915986,0.0008034460200493354,0.2595828794272817,0.24116546728877877,0.2511606829236283,0.24809097036031136,0.000702296595868147,0.02650087915274033
2022-08-23,0.0092769577461477,8.606194502381158e-05,0.0002445581385537,0.0003422262986147,0.0008152006437204,0.0009144149968468,0.0009043459540824,0.0007685712334730494,0.0008265352406724021,0.0007911798252301352,0.000803192407910752,0.25918883739365295,0.24101220934757525,0.25178231055138633,0.24801664270738533,0.0007397009127545465,0.027197443128988183
2022-08-24,0.0104019924607018,0.0001082014471524,7.513660739827848e-05,0.0003268564373993,0.0007605385952473,0.0008257511228855,0.0008228258438383,0.0007673126005237276,0.0008279102835980911,0.0007919995789538563,0.0008056446371557709,0.2598714318969308,0.2408505222861306,0.25177112401252477,0.24750692180441383,0.0006796721484487817,0.026070522596388084
2022-08-25,0.0124209348762048,0.0001542796231989,0.000259914253481,0.0003137371379844,0.0007252541488577,0.0007552162108676,0.0007641878738497,0.0005903949679222953,0.0006881177190577064,0.0006541244696658924,0.0006630813061119256,0.27390212398606395,0.23500402798236844,0.2472166127452742,0.2438772352862934,0.0006294409342145041,0.025088661467174853
2022-08-26,0.0087220367852379,7.607392568304389e-05,6.582311950804125e-05,0.0003041696870973,0.0007055923522059,0.0006978147863383,0.0007224136997212,0.0005810157601462084,0.0006758279992840215,0.0006514479179094595,0.0006598746459308141,0.275323776772636,0.2366984700505885,0.24555678059609815,0.24242097258067738,0.0005972391613555179,0.024438477067025226
2022-08-29,-0.0269385174957153,0.0007256837248669,0.0002556784470218,0.0002904839414124,0.0006844581068029,0.0006534250298493,0.0006911638882825,0.0005813753222477885,0.0006790407949624304,0.0006562098159064411,0.0006649339117990727,0.27651300570043913,0.23674253297799538,0.2449793250543472,0.24176513626721838,0.0005695378880891921,0.023864992941318715
2022-08-30,0.0529140017699807,0.0027998915833135,0.0009789859462867,0.0003165959284197,0.000733623467776,0.0008154770465553,0.0007868502758612,0.0005772527305773497,0.000670244119624091,0.0006483696217255287,0.0006583640680828403,0.27560582267770317,0.23736756361689473,0.2453757985766175,0.24165081512878464,0.0006516354385322655,0.02552715100696248
2022-09-01,0.0210587335348396,0.0004434702580913,0.0004578016842654,0.0004655936677133,0.0009705335545956,0.0007239080326418,0.0007742895208561,0.0006602252322666934,0.0007213695961156238,0.0006971421287412286,0.0007077575940750387,0.2634959469340211,0.24116163711724048,0.24954261920731072,0.2457997967414277,0.0007277036186401825,0.026975982255335623
2022-09-02,-0.008319628903738,6.921622509591325e-05,0.0003385370106571,0.000464266263136,0.0009019877603982,0.0006680609823035,0.0007335963054622,0.0006554909933032591,0.0007186032424433006,0.0006899057247960923,0.0007029729282268267,0.2635222481516036,0.24037806956045268,0.25037690511911076,0.24572277716883298,0.0006866909286931688,0.02620478827796876
2022-09-05,-0.0022810322992392,5.203108350172566e-06,0.0001986921127472,0.0004405632608536,0.0008183533041682,0.000688448468477,0.0007096066144064,0.0006573931113723494,0.0007263035842756245,0.0006929667213502564,0.000707824695136107,0.26437277531527603,0.23928952725737657,0.250801136579844,0.2455365608475035,0.0006591943332844073,0.02567478010196791
2022-09-06,0.0029137034730414,8.489667928813693e-06,0.0001019093481885,0.0004144416517034,0.0007547765178772,0.0006650868360076,0.0006817398051764,0.0006594257052924285,0.0007330633443548933,0.000695220887998046,0.0007124489304628127,0.26499636542866206,0.23837696498998207,0.25135236611765427,0.24527430346370163,0.000624131272723262,0.02498261941276899
2022-09-07,0.010444935748179,0.0001090966827835,0.0003207836243217,0.0003900845326769,0.00071153669408,0.0006297454260174,0.0006608520154273,0.0006557143385902955,0.0007325706514245806,0.000690344891188848,0.000710727549090227,0.26542669120625995,0.23757993434499672,0.25211179149714674,0.24488158295159657,0.0005931824230377228,0.024355336643900508
2022-09-08,-0.0055234246498712,3.050821986280495e-05,0.0001674874392115,0.0003732252616833,0.0006917665177832,0.0005968867606511,0.000647100870164,0.0006524219183441953,0.0007316590382945787,0.0006858273340496102,0.0007090162906072784,0.2657332028432807,0.2369548613393313,0.2527898165607664,0.2445221192566216,0.000572213154347482,0.023920977286630285
2022-09-09,-0.0007555563508343,5.708653992860877e-07,0.0002483939051315,0.0003526622391741,0.0006705205104763,0.0006093782133691,0.0006407113060705,0.0006256364187690418,0.0007145715733082721,0.0006711720068669263,0.000691043499914835,0.2693206619029822,0.23580117192934963,0.2510486323767339,0.24382953379093422,0.0005622966559757745,0.023712795195332297
2022-09-12,0.0,0.0,0.0,0.0003315367567476,0.0006530299312821,0.000589929011419,0.0006311704083037,0.0006259656229903424,0.0007169933179897828,0.0006680695725810664,0.0006910681563142847,0.2691200718180171,0.23495325435818265,0.2521592365955705,0.2437674372282296,0.0005452695453857392,0.023351007374109993
2022-09-13,0.029419364610389,0.000865499014079,9.464480827012628e-05,0.0003116445513427,0.000640989726515,0.0005691221411815,0.0006241789666348,0.0006229684579347998,0.0007158041642741271,0.0006619789436845902,0.000687982825436842,0.26904316929628164,0.23414980892763995,0.2531884282625369,0.24361859351354156,0.0005300902021426845,0.0230236878484461
2022-09-14,-0.0037992020014064,1.4433935847490431e-05,0.000373982456819,0.0003448758191069,0.000717538160931,0.0005375374614077,0.000630735547343,0.0006099662185727233,0.0007046155952791545,0.0006534973498115976,0.0006777618958411133,0.27034106971645944,0.23402678158794382,0.2523329590661597,0.24329918962943695,0.0005502531101108613,0.023457474504107668
2022-09-15,0.0092886548456628,8.627910884185609e-05,0.0002993616626554,0.0003250493061113,0.0006866039454384,0.0005478117440457,0.0006262374553524,0.0006052168721538148,0.0007018151313851452,0.0006402843380782265,0.000669671614873918,0.2694442757617085,0.23235780265153563,0.2546871945762444,0.24351072701051163,0.0005391366332069413,0.02321931595045257
2022-09-16,-0.0547568582997093,0.0029983135308544,0.0018821644196656,0.0003107230942752,0.0006724474087491,0.0005293798854601,0.0006217701589456,0.0006019140120881258,0.0007006159152295189,0.00063103675041333,0.000665166474531104,0.26897063786306014,0.23107838724591348,0.25655747571597687,0.24339349917504952,0.0005261146333642724,0.022937188872315467
2022-09-19,-0.0102034852847571,0.0001041111119562,0.0002532199853656,0.0004719785204699,0.0009480572712238,0.000956536316219,0.0011102917748366,0.0006292315273042883,0.0007092246071432828,0.0006646456441300688,0.0006827035763887349,0.26626876549036893,0.2362364479396632,0.25208124579259905,0.24541354077736863,0.0008632443221777594,0.029381019760684947
2022-09-20,0.0175013930355127,0.0003062987581834,0.0003009192195069,0.0004499064759591,0.0008533382825692,0.0009407135734003,0.0009876752402038,0.000628552181619147,0.0007170252020568696,0.0006725610155545722,0.0006932313765314193,0.26897083045165904,0.23578278948540374,0.2513708025923875,0.24387557747054975,0.0007995519946164,0.028276350447262462
2022-09-21,-0.0316211513794832,0.0009998972145641,0.00050681282924,0.0004412900128926,0.0008082478523831,0.0008415236156979,0.0008860233413861,0.0006287810143322858,0.0007202901466326571,0.0006767624645985142,0.0006986579124199168,0.27012128214941794,0.2358037723779518,0.25097008576474394,0.24310485970788628,0.0007363835508009351,0.027136387946831375
2022-09-22,0.0024985796162706,6.242900098843414e-06,0.0002006484068778,0.0004748064449929,0.0008453086430213,0.001024213291851,0.0009728033740079,0.0006253407190312335,0.0007111506851684803,0.0006667493651002768,0.0006906451948790162,0.26862400926656327,0.2362108827385978,0.25194104396116157,0.24322406403367736,0.000821866067753938,0.02866820656675157
2022-09-23,-0.0286438393619006,0.0008204695333903,0.0005059435531729,0.0004466926322992,0.0007733477727439,0.0009151654132694,0.0008712463429834,0.0006213830829999034,0.0007117155609575091,0.0006712807051671722,0.0006949918510277895,0.2707948275130808,0.23642496245849418,0.2506661125297811,0.24211409749864388,0.0007441427509495334,0.02727898002032945
2022-09-26,-0.0495946788836739,0.0024596321735747,0.0007418134793765,0.0004691192463647,0.0008038160298084,0.0010613449415436,0.0009326232683248,0.0006165261400274167,0.0007047663530017773,0.0006639048852952595,0.0006885286069272579,0.2703537930242837,0.23650416871506405,0.25106033130168154,0.24208170695897066,0.0008091666549600906,0.028445854793978164
2022-09-27,-0.0036994735597511,1.3686104619297582e-05,0.0004811208311218,0.0005885500219973,0.0009852911282145,0.0013989916333647,0.0012464664007369,0.0006622143934536082,0.0007304496814096093,0.0006816130749754944,0.0007103908981673632,0.2624459967623236,0.2379294850603564,0.2549767939333295,0.24464772424399042,0.001050547977639946,0.03241215786768826
2022-09-28,-0.0057183850731886,3.2699927845266425e-05,0.0002495163037437,0.0005540581869546,0.0008699908566805,0.0012310807882299,0.0010712572666663,0.0006652423817771527,0.0007397276123180164,0.0007031515525741849,0.0007266745168326914,0.2658969646120375,0.23912305975916717,0.25156160062259836,0.24341837500619704,0.0009258136223899519,0.03042718558115344
2022-09-29,0.0052906476348282,2.799095239591409e-05,0.0003210659909043,0.000522776691408,0.0007928517984911,0.0011206591161465,0.0009477155695727,0.000666040458077245,0.0007460130689070804,0.0007190139340929258,0.0007374612551379197,0.26865269300846045,0.23985312077331386,0.24885965936219945,0.2426345268560263,0.0008394487088903601,0.028973241256206737
2022-09-30,0.0172491704879964,0.0002975338825239,0.0005925801650252,0.0004930895470673,0.0007395359451792,0.0009874927248309,0.0008534008689986,0.0006641755840287091,0.0007461234837746236,0.0007272426048819715,0.0007418199526623713,0.2703593939388513,0.2406654022717032,0.24691362574409026,0.24206157804535533,0.0007616930769826217,0.02759878759986789
2022-10-03,-0.0251237441146788,0.0006312025183398,0.0004124096824323,0.0004813562071947,0.0007294135075636,0.0008779627846081,0.000788832071586,0.0006608927090023603,0.0007433592005958895,0.0007285167282642502,0.0007411310195197083,0.27115162558657063,0.24107071284064405,0.2459821791755776,0.24179548239720786,0.000713059982563465,0.0267031830043436
2022-10-04,0.0318295868266016,0.0010131225975521,0.0001382885705384,0.0004903469858634,0.0007551693134566,0.0009982033193504,0.0008419272412931,0.0006611423055418762,0.0007431354633053961,0.0007289190870803035,0.0007411976436460737,0.2711000369585795,0.24118846740277966,0.24589245451811997,0.24181904112052088,0.0007641159178182499,0.02764264672237899
2022-10-06,0.02271403686874,0.0005159274708744,0.0002453438567123,0.0005217135225647,0.0008102358224133,0.0008776349764127,0.0007901371432158,0.0006644567536309375,0.0007432003918284948,0.0007286292574517727,0.0007411726335631029,0.27009004716021323,0.24147344094177503,0.24630242896330665,0.24213408293470504,0.0007440428209248572,0.027277148328314255
2022-10-07,0.0042106433272856,1.772951722961528e-05,0.0002013403641343,0.0005213663594633,0.0007992533135271,0.000789261905381,0.0007460253923739,0.0006617335735352032,0.0007396927403675966,0.0007273497270159695,0.0007387012154685061,0.27025565049088196,0.2417723300603674,0.24587516943343227,0.24209685001531825,0.0007088098427788035,0.02662348291976096
2022-10-10,-0.0072095203193302,5.19771832348359e-05,0.0002187039300796,0.0004911481489293,0.0007429167888681,0.0007295580459281,0.0007074512509379,0.0006640472085656525,0.0007444823287238498,0.0007331743779296797,0.0007432222576998291,0.2709187086751161,0.2416481967440402,0.24537520357970954,0.24205789100113412,0.0006628453364679137,0.02574578288706548
2022-10-11,-0.0213874534929274,0.0004574231669121,0.0004183093661619,0.0004647978909876,0.0007076713277316,0.0007324337123337,0.0006878710238337,0.0006630069615248044,0.0007442800858005623,0.0007350468947775413,0.0007435886469734714,0.2714126134583381,0.24177518060954553,0.2448122064687854,0.24199999946333087,0.0006430228740045057,0.02535789569354101
2022-10-12,0.0230243897145712,0.0005301225217284,0.0002797169919074,0.0004643554075431,0.0007232456903127,0.0008409475955786,0.0007403689178147,0.0006599384729411414,0.0007398654057110153,0.0007327423994355886,0.0007398322154670668,0.27139812499945715,0.24207925223792393,0.2444325104009148,0.24209011236170422,0.0006858988892415202,0.026189671422939237
2022-10-13,-0.0117907168219841,0.0001390210031762,0.0002155002921189,0.0004683014343942,0.0007410397994359,0.0007602347585183,0.0007102358760158,0.0006573452321595204,0.0007355307393152535,0.0007308919082230072,0.0007361231319251133,0.2712924780242793,0.24245460783327888,0.2439934208378035,0.24225949330463845,0.000664268833381255,0.02577341330482354
2022-10-14,-0.0106759308999149,0.0001139755005797,0.000487023548642,0.0004485446085211,0.0007149134554806,0.0007910346446126,0.000704193765994,0.0006580544758939337,0.0007374909162299142,0.0007342781518015965,0.0007379525683578942,0.27172357591312984,0.24245575287844784,0.24351659503530307,0.2423040761731192,0.000658474108202457,0.025660750343714758
2022-10-17,0.0019495192023543,3.800625120348259e-06,0.0003008596191137,0.0004284704620446,0.0006945582297438,0.0008085843488623,0.0006957082577886,0.0006571877205450417,0.000736720396607977,0.000736731811456735,0.0007376175436345648,0.2721061705435804,0.24273093942983645,0.24272717858101814,0.24243571144556517,0.000650110152292081,0.025497257740629307
2022-10-18,0.0172406584113749,0.0002972403024577,0.0001437661112697,0.0004029902718292,0.0006698166429214,0.0007462465451866,0.0006708876056663,0.0006594352540095857,0.0007411146818451893,0.0007437796022310843,0.0007422131944412088,0.27286170160584816,0.24278917948292197,0.24191927953952755,0.24242983937170226,0.0006157594454893617,0.024814500710055837
2022-10-19,0.0126368004174403,0.0001596887247902,0.0003333915825828,0.0003966452736669,0.0006816141590565,0.0006880372370695,0.0006568801305819,0.0006584015779835782,0.0007389429625082285,0.0007443546596927155,0.0007407023864910659,0.27289452253451746,0.24315027461649402,0.24138249411103913,0.24257270873794948,0.0005993983294464739,0.024482612798606154
2022-10-20,0.0083368778196138,6.950353177916956e-05,0.0002134218832435,0.0003824278807343,0.000676220870514,0.0006434414740876,0.0006449081093744,0.0006583704904639697,0.0007389235281706908,0.0007457188200286459,0.0007407665313226182,0.27302843925127485,0.243264506552498,0.2410477818617598,0.24265927233446738,0.0005805072964192135,0.024093719024243922
2022-10-21,-0.0096880466939921,9.385824874497204e-05,0.0002853015618989,0.000363652419797,0.0006636894816435,0.0006092132216115,0.0006350430605895,0.0006579395746027835,0.0007381884072210297,0.0007464375634770803,0.0007401293480212909,0.2730985992256521,0.24340991329784029,0.24071990075384095,0.24277158672266674,0.0005616817233358919,0.023699825386189914
2022-10-24,0.0,0.0,0.0,0.0003474647695338,0.0006574893478962,0.0006473936713502,0.0006424085585184,0.0006578535226531975,0.0007379925723645032,0.0007471053455685751,0.00073991499470585,0.2731464818339299,0.24348534389588308,0.24051544583451925,0.24285272843566788,0.0005667166480416382,0.02380581122418722
2022-10-25,-0.0001350722875572,1.824452286595537e-08,0.0001846118740912,0.0003266168833618,0.0006440452496214,0.0006167154332673,0.00063230358972,0.0006586900441224305,0.0007394608266246733,0.0007494142453800831,0.0007413574197399042,0.2733583005114867,0.24349956690340774,0.24026550353846415,0.24287662904664123,0.0005478553840223421,0.023406310773429077
2022-10-27,0.0365124704311088,0.0013331604969825,0.0006553714932564,0.0003070209650315,0.0006348353495043,0.000592210875884,0.0006250011996946,0.0006597493786146792,0.0007437607556596318,0.0007535773796850423,0.0007455581309825528,0.27416476272377993,0.2431965258568054,0.24002847845652373,0.24261023296289105,0.0005323432436434587,0.023072564739175804
2022-10-28,0.0028641790616584,8.203521697242539e-06,7.432196713170474e-05,0.0003685893369485,0.0007591409135997,0.0005531944102981,0.0006376038626923,0.0006617833685128552,0.0007453715844838153,0.0007533598514425652,0.0007465550472627997,0.2737664087053491,0.24306541852431843,0.24048806926965013,0.24268010350068225,0.0005731987100004761,0.023941568662067154
2022-10-31,0.0023373922807388,5.463402674057425e-06,0.0001290405659294,0.0003469661880335,0.0007144990748605,0.0005369850916725,0.0006289400876561,0.0006624870390544846,0.0007465505074678862,0.00075504030044337,0.0007478440281341088,0.2739216082585692,0.24307734489895597,0.2403441446525445,0.24265690218993038,0.0005503979501702198,0.02346056159110902
2022-11-01,0.0107076164708285,0.0001146530504863,0.0001170987019985,0.0003264760209119,0.000683642713166,0.0005235943101859,0.0006226398497671,0.0006624828389435026,0.0007463622363259047,0.0007558467639135656,0.0007480393839656138,0.27399369484652897,0.24320110528111963,0.2401493655601672,0.2426558343121841,0.0005325430683311047,0.023076894685618007
2022-11-02,-0.0116159487185417,0.0001349302646317,0.0002937041566197,0.0003137666426864,0.0006731983857437,0.0005083332163407,0.0006195499179664,0.0006625757344761939,0.000746533391494034,0.0007563266183753739,0.0007483657823099306,0.2740518476978501,0.2432310548220296,0.24008159948542324,0.24263549799469708,0.0005220973361720829,0.02284944936255758
2022-11-03,-0.0010390467147252,1.079618075381238e-06,0.0001522274491816,0.0003030364600031,0.0006680287764134,0.0005714247015671,0.0006379598350734,0.0006625330185700003,0.0007464127591778169,0.0007558702629904583,0.0007481620045620889,0.2739960817715408,0.2432051822538655,0.24016218129055192,0.24263655468404174,0.000537525842173882,0.02318460355869563
2022-11-04,0.0066056739600141,4.363492846600882e-05,7.424876229792213e-05,0.0002849190494874,0.0006513724793347,0.0005598961933252,0.0006292648683222,0.0006633435246019389,0.0007482977591900565,0.0007570173815712604,0.0007498676509890339,0.27417215087509084,0.24304539025485034,0.24024589835928,0.24253656051077868,0.0005235624478309067,0.022881487010920132
2022-11-07,0.026749857494432,0.0007155548759724,0.0003759495507532,0.0002704420022261,0.0006441292451529,0.0005407987497937,0.0006233867376057,0.0006628833212846283,0.0007473485594583914,0.0007548634833114173,0.0007487199161531954,0.2739361579056008,0.24297592853328423,0.24055702015923508,0.24253089340187986,0.000511875222625191,0.02262465961346581
2022-11-09,-0.0018871885416382,3.5614805916906085e-06,0.0001144406693451,0.0002971487746509,0.0007049983723471,0.0005152462949979,0.0006281512395014,0.0006646239785252552,0.0007432474188529255,0.0007512542601414803,0.0007447285750598917,0.27238011219322783,0.2435667440546348,0.24097081832577671,0.24308232542636066,0.0005295033600563122,0.02301094000809859
2022-11-10,-0.0149710492535289,0.0002241323157515,0.0004405285344354,0.0002795335370073,0.0006769466362829,0.0005172629760399,0.0006225817486589,0.0006649121931323596,0.0007444031274951812,0.0007503487615500048,0.0007448563575596055,0.2723293426767641,0.24324871001388063,0.2413212492274287,0.2431006980819265,0.0005169681856824512,0.02273693439499818
2022-11-11,0.0237474336707578,0.000563940605947,0.0002032075579462,0.000276209463732,0.0006793366863723,0.0006018532361116,0.0006548160976963,0.0006647029356963942,0.000743671902567307,0.0007485614873015002,0.000743671766979656,0.27206456788541045,0.24317459937386285,0.24158618903080833,0.24317464370991831,0.0005449783358655366,0.023344771060465265
2022-11-14,0.0147453015424676,0.0002174239175782,0.0001377523453338,0.0002934733322649,0.00071426739403,0.000567318024465,0.0006488391308146,0.000664952592110789,0.0007391820822138355,0.0007447640487856073,0.0007393489506682133,0.27087121469163955,0.24367002484416075,0.2418437310865059,0.24361502937769364,0.0005488083033028979,0.02342665796273335
2022-11-15,-0.0025862351040107,6.68861201321774e-06,0.0001439592339372,0.0002889103673837,0.0007042510282819,0.0005430703721216,0.0006398694095559,0.0006650053184420376,0.0007405175560470389,0.0007452016965987636,0.0007401016359709368,0.27108034836314976,0.243437676682393,0.24190749190373487,0.24357448305072243,0.0005369878094619445,0.02317299742074694
2022-11-16,-0.0104129791072936,0.0001084301338889,0.0002259229042347,0.0002719770620615,0.000676740951781,0.0005452049791494,0.0006315674879685,0.0006653463198702241,0.000741306280439232,0.0007452758293167269,0.0007404117148218521,0.2710834661207296,0.24330616281063225,0.2420102456917878,0.24360012537685044,0.0005241788390930159,0.022894952262300438
2022-11-17,0.0041037094388814,1.68404311587645e-05,6.244575045518643e-05,0.0002621642463711,0.0006678597089358,0.0005963365580976,0.0006422914423143,0.0006645689957988493,0.00074476605044208,0.0007474058323571178,0.0007433868801094077,0.27207469399289613,0.2427774548286823,0.24191998288119362,0.24322786829722792,0.0005339584456914137,0.023107540883690193
2022-11-18,-0.0062243440716948,3.87424591228426e-05,0.0001037200896405,0.0002474448174584,0.00065280081952,0.0005724218458677,0.000632444842229,0.0006403731635530571,0.0007392739718390395,0.00073666861725207,0.0007360676666848404,0.27735452037159447,0.24024975638499754,0.2410994407480302,0.24129628249537768,0.000516082352746109,0.022717445999630086
2022-11-21,-0.0143379992283199,0.0002055782218713,0.0001661444095449,0.0002349226759582,0.0006446285767553,0.0005929163249606,0.0006314693979816,0.00064010020361892,0.0007428490601510844,0.0007393861592570379,0.0007389952850507694,0.27827423212313834,0.2397840990842633,0.24090712331280903,0.2410345454797892,0.0005149883153201734,0.022693353990104092
2022-11-22,-0.0101859788072687,0.0001037541642621,0.0001715318473773,0.000233162008713,0.0006553749958928,0.000665193140901,0.0006581912194114,0.000639256562491592,0.0007390377250432684,0.0007333186617209554,0.000733469341032099,0.2771412913761112,0.23972306588165188,0.2415926370042232,0.24154300573801388,0.0005414145740265585,0.02326831695732544
2022-11-23,0.0023008598442486,5.29395602287574e-06,5.064261650519921e-05,0.000225397538046,0.00065276195416,0.0006989189073951,0.0006607703670813,0.0006388514896118861,0.0007376691594625617,0.0007310461882927033,0.0007311560352600033,0.2767260164324687,0.23965598336935517,0.24182716583902394,0.24179083435915216,0.0005475974677505273,0.02340080057926496
2022-11-24,0.001403613417256,1.9701306251012e-06,7.63205901197527e-05,0.0002121913231246,0.0006413247937772,0.0006576904794514,0.0006456492838393,0.0006391516830215577,0.0007387213077224786,0.0007324127087442418,0.000731812932894167,0.276911598196538,0.23958766612698998,0.24165134209503583,0.2418493935814363,0.0005274934237857053,0.022967224990967133
2022-11-25,0.0112837699423358,0.0001273234641115,0.0001636776054746,0.0001995780515746,0.0006331625734877,0.0006244583778052,0.0006346729029367,0.0006390495247886786,0.0007388620886759478,0.0007329064291556505,0.000731773847964071,0.27699776213656035,0.23957825279425346,0.24152508590329588,0.24189889916589025,0.0005113236966418769,0.02261246772561272
2022-11-28,-0.0035362814141612,1.2505286240142487e-05,0.0001384668501621,0.0001952427763268,0.0006398515742843,0.0005921121286519,0.0006284191954102,0.0006366432750744169,0.0007417232729478113,0.0007356519992187065,0.0007346857571756675,0.27852861581111,0.23906944360421306,0.2410424635021097,0.24135947708256722,0.0005017487546434348,0.02239974898617024
2022-11-29,-0.0067281193823876,4.526759042365985e-05,0.0001087901114716,0.0001842785269216,0.0006331853395311,0.0005927108227933,0.0006242457872559,0.0005505378470568201,0.0006968178176273992,0.0006936506670669091,0.000691770727262134,0.2958934773768716,0.2337778309800979,0.23484524087901662,0.23548345076401392,0.0004887463774791076,0.02210760904030799
2022-11-30,0.0254038249923842,0.0006453543242436,0.0005120360943411,0.0001759378707317,0.0006318276608195,0.0006135851597204,0.0006266145905129,0.0005508228671380399,0.0006976287912036298,0.0006963012234013684,0.000694485165591483,0.29640408814413427,0.2340301199170733,0.234476321706643,0.2350894702321495,0.000491197090801197,0.0221629666516285
2022-12-01,0.0246533342788733,0.0006077868910658,0.00033494663298,0.0002041028579424,0.0006896915430419,0.000576158709626,0.0006295430455741,0.0005517946044801222,0.0006892971101006677,0.000692008162996098,0.0006891725594270103,0.29424210198303735,0.2355460394450486,0.2346232500815823,0.2355886084903318,0.0005060031644508114,0.02249451409679283
2022-12-02,-0.0047362324501288,2.243189782165353e-05,8.659359812589364e-05,0.0002283238999298,0.0007256582681378,0.0005456475193184,0.0006311561893603,0.0005513930761899571,0.0006813384559165431,0.0006863756743324604,0.0006831522284106381,0.2924190428531866,0.2366486643681997,0.2349119317670377,0.236020361011576,0.0005156371407150161,0.022707644983903905
2022-12-05,0.0157007270147404,0.0002465128287913,0.0001518650513806,0.0002159703798034,0.0006929513258874,0.0005605309126529,0.0006278563861278,0.0005495400193436782,0.000680574619422765,0.000684462425610658,0.0006821424282698173,0.29274416422564037,0.23638059527955138,0.2350379329117731,0.23583730758303503,0.0005068423019423405,0.022513158417741843
2022-12-06,-0.0068538784304139,4.697564953889306e-05,7.041697405660793e-05,0.0002178029267426,0.000692495606301,0.0005369514575403,0.0006250901701971,0.0005483556121261926,0.0006785681262853542,0.0006823593990404495,0.0006801971100150769,0.2925776929983226,0.2364340642063948,0.2351204074629504,0.23586783533233224,0.000501140739294059,0.02238617294881059
2022-12-07,-0.0143397287628955,0.0002056278209934,0.0002543885699234,0.0002075532901104,0.0006726334847408,0.0005662047757129,0.000627505834269,0.0005470124865866123,0.0006783155067104904,0.0006813730330307542,0.0006796336808772083,0.2929029063021465,0.23620504841733816,0.23514512511907842,0.23574692016143683,0.0005007452473565116,0.022377337807623847
2022-12-08,-0.0087282557102943,7.618244774428663e-05,0.0001413323856323,0.0002074377619634,0.0006745683840655,0.0006414955384315,0.000655333914047,0.0005451207053005907,0.0006754748621237741,0.0006784236872071478,0.0006767855111390512,0.29274134511782857,0.23624767918015133,0.23522080895820616,0.2357901667438141,0.0005255052170081329,0.022923900562690742
2022-12-09,-0.0066899095361143,4.4754889601393613e-05,0.0005680054030228,0.0001995624431102,0.0006632115975252,0.0006686320371305,0.0006541720163266,0.0005437019149203119,0.0006746307014372704,0.0006780742905932584,0.0006760098374760918,0.29307991265133126,0.23620050109448407,0.23500096072628007,0.2357186255279046,0.0005264683547077106,0.022944898228314515
2022-12-12,0.001118215049125,1.2504048960896454e-06,0.0001388671694898,0.0001902739898997,0.0006523509547292,0.0006778423955684,0.0006481654785601,0.0005393501792282281,0.0006787203557513956,0.0006817681431179957,0.0006798591997724561,0.2959377757162958,0.2351691547489868,0.23411785074469582,0.23477521879002153,0.0005205902808061389,0.022816447593920902
2022-12-13,-0.0058527885584042,3.425513390938812e-05,0.0001042482923473,0.0001789325747995,0.0006406470120741,0.0006411158670469,0.0006364823310116,0.0005382139448751908,0.0006778551425063809,0.0006840151981939922,0.0006803330474495122,0.29656481626943726,0.23547113485837054,0.23335054556827525,0.23461350330391695,0.0005028510719642903,0.022424341059756703
2022-12-14,0.0169653831665678,0.0002878242259884,0.00017337388184,0.0001702519283461,0.0006358613258673,0.0006490483078067,0.0006336506060782,0.0005376550223313168,0.0006779451410181877,0.0006859042092703614,0.0006812036639664577,0.2970708039179718,0.23559665827033988,0.23286285104505344,0.2344696867666349,0.0005000947792685238,0.022362799003445965
2022-12-15,-0.0185902738049433,0.0003455982801427,0.0002947951213346,0.0001773062662046,0.0006574259521867,0.0006094361573621,0.000629833313066,0.0004109958692547131,0.0006094813841666973,0.0006091349679342211,0.0006098352700344846,0.3307968618855994,0.22306857490534657,0.22319543443463055,0.2229391287744234,0.0004817412847038606,0.02194860552982491
2022-12-16,-0.0152520974632562,0.0002326264770286,0.0002449520627354,0.0001874037870409,0.0006778621747535,0.0007105965006267,0.0006800270541386,0.0004088204994121297,0.000601013655364211,0.000600079248185974,0.0005969691982878798,0.32826463997212724,0.22329162217025292,0.22363931840408668,0.22480441945353327,0.0005246693854697674,0.022905662738060373
2022-12-19,0.0074660810113089,5.574236566742859e-05,0.0001399658742783,0.0001901171484402,0.0006807962237132,0.0007744991681228,0.000697742593881,0.00040844163106985,0.0005996113660995118,0.0005976576421316012,0.0005932709722155678,0.3275425546174027,0.22311454187897242,0.22384389627408008,0.22549900722954477,0.0005448741677189584,0.023342539872922105
2022-12-20,-0.0184496517664165,0.000340389650302,0.0004878873587853,0.0001820546614738,0.000665476177662,0.0007159581146707,0.0006730551503715,0.000402398818254269,0.0006045106873714323,0.00060447233981598,0.0005988520104117269,0.3329655890170552,0.22164200292702954,0.22165606383343986,0.22373634422247554,0.0005173987668798997,0.022746401185240264
2022-12-21,-0.0231238675556036,0.0005347132507291,0.0008247337476754,0.0001915547608035,0.0006828677432985,0.000803461351549,0.0007104180162174,0.0003983509070536821,0.000596205224707369,0.0005920022033897701,0.0005872797602458191,0.33119932172586547,0.22128881928168068,0.22285989725987332,0.22465196173258048,0.0005532099187434466,0.02352041493561384
2022-12-22,-0.0068574367843712,4.702443925164829e-05,0.0002757737484788,0.000212144270199,0.0007138232379392,0.0009169665008542,0.0007693753990194,0.00039789142753704867,0.0005964809230177154,0.0005928919907415513,0.0005876811052473674,0.33165066909864444,0.22123248720790653,0.2225716660571324,0.2245451776363166,0.0006051289769685537,0.024599369442499002
2022-12-23,-0.056761596663811,0.0032218788558251,0.0012675665588339,0.0002022370803422,0.0006872516274102,0.0008831518726018,0.0007318248918993,0.00030452635714144105,0.0005634752734506635,0.0005758015683724863,0.000561429419729244,0.3828880459064079,0.20692922530360583,0.20249945157748336,0.20768327721250293,0.0005504721691075015,0.02346214331870602
2022-12-26,0.0377922385118428,0.001428253291736,0.0007044829185036,0.0003834155868712,0.0009801049452285,0.0013188708861698,0.0012266089611501,0.0004890798513598185,0.0006394083449117208,0.0006250789185174551,0.000627067262274919,0.30054657349864883,0.22988638584896184,0.235156344485352,0.23441069616703727,0.0009382181414191555,0.03063034674010654
2022-12-27,0.0013477939147093,1.816548436527494e-06,0.0001075103010183,0.000446105849163,0.0010050311048286,0.0011156834846237,0.0010738120327621,0.0005028554705468586,0.0006328554697234381,0.0006057951673435545,0.0006131185336058074,0.2902911644741739,0.23066009079616245,0.24096346087962794,0.23808528385003563,0.0008858189486479181,0.029762710707325
2022-12-28,0.0024212573058397,5.862486941082422e-06,0.000180786080768,0.0004194484911194,0.0008823534500021,0.0009861541085567,0.0009442111928597,0.0005020690110390609,0.0006383806344415519,0.0006064382755354584,0.0006172268778176246,0.2917324958145228,0.22943967557801087,0.24152473808192268,0.23730309052554366,0.0007870584914455047,0.028054562756270232
2022-12-29,0.0034871105389854,1.2159939911103275e-05,0.000356328738215,0.0003946333308687,0.0007986930286002,0.0008857255464092,0.0008505705161404,0.0005042685937021661,0.000645815513527096,0.0006130656759461339,0.0006248953420277171,0.2932271494408742,0.2289589506394548,0.24118988892282475,0.2366240109968462,0.0007134785777156785,0.02671101978052651
2022-12-30,0.004141923815039,1.71555328895873e-05,0.0001575908479617,0.0003716849274113,0.0007419872050021,0.0008065449201242,0.0007829574520777,0.0005063108540130991,0.0006536264166419848,0.0006225377849475616,0.0006338734958905812,0.29527473801317333,0.22872515700942203,0.2401473587415049,0.23585274623589977,0.0006578126070604976,0.02564785774797766
2023-01-02,0.0136398751245502,0.0001860461934133,0.0001651038402454,0.00035041316374,0.0007036227026697,0.0007434043282482,0.0007341435910977,0.0005038756064230513,0.0006594504101656199,0.0006308210343282998,0.0006411562635450158,0.29862053413138967,0.22817121713221736,0.23852660982690255,0.2346816389094904,0.0006147987498941106,0.024795135609512416
2023-01-03,-0.0002631384328364,6.924183483562493e-08,4.392248322893129e-05,0.0003405511455204,0.0006938831845974,0.0006876723692774,0.0007011193414508,0.0005043216669850054,0.0006617370908601687,0.0006331919984223514,0.0006440768726107568,0.2992571509833594,0.22806922465980145,0.23835087243228778,0.2343227519245514,0.0005883612881692846,0.024256159798477676
2023-01-04,-0.0218122056022615,0.0004757723132353,0.0004267768495086,0.0003201222312992,0.0006689885261685,0.0006514117367805,0.0006747599457475,0.000502040809850393,0.0006601055090942818,0.0006315782116632861,0.0006435728064270398,0.2998025088532349,0.22801369215411302,0.23831267697388656,0.23387112201876561,0.0005615585323532728,0.02369722625864202
2023-01-05,0.0024173552778516,5.8436065393573475e-06,9.24610821579356e-05,0.0003294612362154,0.0006985386119128,0.0007726364480912,0.0007339067749581,0.0004992336509793788,0.0006545264440100295,0.000625901957557822,0.000638502248166287,0.29920005568535846,0.22821191953360723,0.23864877616912675,0.2339392486119076,0.0006140679999602884,0.024780395476268906
2023-01-06,-0.0080807656912237,6.529877415645964e-05,0.0001194466246968,0.0003100441784348,0.0006727441023549,0.0007172140923928,0.0006985306392515,0.0005009778484772549,0.0006598168203244067,0.0006326865481190097,0.0006446973064580041,0.30046552070141774,0.228133878170287,0.23791650154426863,0.23348409958402666,0.0005803661716581012,0.024090790183348098
2023-01-09,0.0112949271514397,0.0001275753793563,9.021976306979538e-05,0.0002953594541781,0.0006608952883727,0.0007282135985784,0.0006836118729585,0.0005019014391873678,0.0006639928143623079,0.0006369970885054092,0.0006492926415871969,0.30149550274859416,0.22789557878478792,0.2375537180131922,0.23305520045342565,0.0005719738113235625,0.023915973978150304
2023-01-10,-0.0024096732051854,5.806524955788745e-06,0.0001104492248545,0.0002852924096888,0.0006588782821053,0.0006766821641834,0.0006638030137366,0.0005005668315833188,0.0006630132093428957,0.0006366681132587337,0.000649073008431012,0.30189415447188395,0.22792637951706476,0.2373578906033629,0.2328215754076883,0.0005514673667009477,0.023483342323888816
2023-01-11,-0.00254971305252,6.5010366501910354e-06,5.126127990471383e-05,0.0002685232566048,0.000645565826324,0.0006562160587563,0.000648725281209,0.0005000034173992889,0.000663834407566323,0.0006365590078070355,0.0006501582883529247,0.30232192741096836,0.22771039755892963,0.23746737538281243,0.2325002996472896,0.0005348412468809069,0.023126635009895126
2023-01-12,0.0074965857503268,5.619879791200319e-05,8.39369153327982e-05,0.0002528019234076,0.0006365123836048,0.0006401684859095,0.0006379390057491,0.000498138471679223,0.0006629709015383148,0.0006335994396194784,0.0006493081420891374,0.3025937781784677,0.22736081154046311,0.2379004664082247,0.23214494387284446,0.0005216049572882713,0.022838672406430966
2023-01-13,0.0057184718668914,3.2700920492429474e-05,0.0001145577823354,0.0002410057358778,0.000635178296623,0.0006069500617309,0.0006298262568633,0.0004985977996833935,0.0006654544275087246,0.0006354304182161017,0.0006518547021795339,0.3031394652495392,0.22713000939292596,0.23786187446761237,0.23186865088992256,0.0005077336462397208,0.022532945795872335
2023-01-16,-0.008790662099396,7.727574014575798e-05,0.0001717359506221,0.0002285074469547,0.0006319619711205,0.0005804270472984,0.0006236459091078,0.000498384530943134,0.0006665876853457087,0.0006360937943081818,0.0006532512602176519,0.3035728144585781,0.22697088180163374,0.23785170692566748,0.23160459681412066,0.0004953004379265383,0.02225534627739003
2023-01-17,0.0044050745343516,1.9404681653193695e-05,0.0001219906961541,0.0002194335445462,0.0006341254606229,0.0006164746941178,0.000631442898581,0.0004971280489300487,0.0006658318033480686,0.0006350941581858939,0.0006528356412882073,0.30387007269233707,0.22687762225560837,0.2378581733412154,0.2313941317108392,0.0005032938897463273,0.02243421248331056
2023-01-18,0.002660199197966,7.076659772859103e-06,4.1004627584797114e-05,0.0002074318127726,0.000629937870932,0.0005889692544273,0.0006246362857657,0.0004965782998553943,0.0006664969795267259,0.0006362858010548034,0.0006538778205263842,0.3044208802519805,0.2268109350823387,0.23758003542655018,0.23118814923913045,0.0004903592157721269,0.02214405599189378
2023-01-19,-0.0026601991979659,7.076659772858831e-06,3.810372737334059e-05,0.0001954105035926,0.000625860748226,0.0005670065071373,0.0006195500578203,0.0004952240384328223,0.0006659424057787654,0.0006352303737417704,0.0006534786834852737,0.304778729154528,0.2266468568011133,0.23760474832345674,0.2309696657209019,0.00047922704450725545,0.02189125497789598
2023-01-20,-0.0163828502239163,0.0002683977814592,0.0001387514597995,0.0001841104729634,0.0006230671669768,0.0005660139617559,0.0006169414015511,0.000494024524700601,0.0006655433899415223,0.0006343535249213805,0.0006531641229653222,0.3051173432832397,0.22648478336875513,0.23762057681021673,0.23077729653778836,0.0004741631635654078,0.021775287910046282
2023-01-23,0.0006766845789781,4.579020194268181e-07,4.6575879077976496e-05,0.0001891677114731,0.0006467562661504,0.0006556648509995,0.0006580154430761,0.0004760559468465888,0.0006609968809194459,0.0006282758513659853,0.0006482977114016237,0.3113088566186098,0.22420746115042875,0.23588433675603912,0.22859934547492225,0.0005089801324964136,0.022560588035253282
2023-01-24,-0.0126626957274212,0.0001603438630852,0.0001563618106845,0.0001778451229059,0.0006367359719027,0.0006231690838688,0.0006435927331809,0.0004744029463095316,0.000659151060127536,0.0006300279597223317,0.0006487633426639587,0.31211501208234643,0.2246348223890456,0.2350185877219757,0.22823157780663236,0.0004918857076032432,0.022178496513588185
2023-01-25,-0.0358501370210305,0.0012852323244266,0.0007094804665296,0.0001767950473167,0.0006455352205355,0.0006799836215654,0.0006595194701593,0.0004723552947679129,0.0006556552074190872,0.0006291238044697651,0.0006467668150217583,0.31234575785389657,0.22502402307052793,0.23451373397789618,0.22811648509767932,0.0005103948769209068,0.02259192061160155
2023-01-27,0.0110170947645292,0.0001213763770506,0.0004653628192385,0.0002433012839433,0.0007617764850828,0.000916756009507,0.0008559601096495,0.0004927970457196992,0.0006567405399577051,0.0006317554737852976,0.0006484841911277296,0.30392057347823287,0.22805225447656294,0.23707140968027407,0.23095576236493023,0.0006626946697591593,0.02574285667440891
2023-01-30,-0.0078974459751074,6.236965292974071e-05,0.000860997305505,0.0002359857895297,0.0007273931596905,0.0008265792536656,0.0007883190457603,0.0004925075114318709,0.0006582662573963833,0.0006382279858436512,0.0006523887110758921,0.3053623421792493,0.22846871693918275,0.23564188748776024,0.2305270533938076,0.0006147533175619614,0.024794219438448985
2023-01-31,0.0081783093646563,6.688474406402612e-05,0.0002537812501577,0.0002255688213337,0.0006980529911495,0.0008175019455051,0.0007480428866898,0.0004914736947438422,0.0006582337860053357,0.0006415972323615015,0.0006539374069244376,0.3063507830176901,0.22873841242806206,0.23466957714764555,0.2302412274066023,0.00059284786627945,0.02434846743184158
2023-02-01,-0.0199992730203994,0.0003999709213444,0.0016700033204675,0.0002160477766975,0.000678391933585,0.0007498963253618,0.0007095692375862,0.0004909131995039392,0.000658601187463857,0.000645441980402338,0.0006554777128084127,0.3072279879786015,0.22900395174888738,0.23367286159743986,0.23009519867507128,0.000560229252312369,0.02366916247593837
2023-02-02,0.015636511370533,0.0002445004878408,0.0006067441547373,0.0002270831653763,0.000697554958015,0.0008450970175961,0.0007466107656066,0.00048811625014938436,0.0006595168444531607,0.0006466275214356573,0.0006565873649789829,0.30879536916122063,0.2285431205073257,0.23309870468213295,0.22956280564932072,0.0005979286989258008,0.02445258061894083
2023-02-03,-0.0028249493871876,7.980339040171807e-06,0.0003026378521545,0.0002281282047242,0.0006954527823735,0.000767619577582,0.0007109166776427,0.00048664768713246415,0.0006558835354806599,0.0006479007631181064,0.0006548335721782776,0.3089996465258279,0.22926930647274527,0.23209412901884682,0.22963691798258012,0.0005713502237946573,0.023902933372175417
2023-02-06,0.0011309375756319,1.2790197999762011e-06,5.605360901154664e-05,0.0002149193327832,0.0006708390884733,0.0007335080710652,0.0006831434794069,0.00048742442270453926,0.0006592744784779325,0.0006541871561929961,0.0006590874749815018,0.3101772568131331,0.22932477332850315,0.23110813000066915,0.22938983985769462,0.0005467289629680944,0.023382236055777352
2023-02-07,0.0091415172852694,8.356733827687954e-05,0.0001041276012777,0.0002021009140042,0.0006533175981735,0.0006863770364282,0.000661770068036,0.00048678891804803217,0.0006647501373765094,0.000660963591227025,0.0006648365559409304,0.312405728099617,0.22877113944466293,0.2300817297535319,0.2287414027021883,0.0005218947239758626,0.022845015298219053
2023-02-08,0.008781058357858,7.710698588410783e-05,0.0001094286713557,0.0001949888994605,0.0006493744311799,0.0006439055438467,0.0006474220892548,0.00048693041493220465,0.0006657242500600987,0.0006639945504522197,0.0006666915588362803,0.31297602695740495,0.22891992691635354,0.2295162611898099,0.22858778493643173,0.0005054611726657528,0.02248246366984172
2023-02-09,-0.0100418008458986,0.0001008377642286,0.000205656250977,0.0001879159846459,0.0006460396743392,0.0006093688088347,0.0006369625465152,0.00048580381440637425,0.0006637296554501641,0.0006644155451039436,0.0006657451898958652,0.3132028209951768,0.22924261990237116,0.22900596809258889,0.2285485910098631,0.0004920816305322966,0.022182913030805863
2023-02-10,0.0133669291940824,0.0001786747960796,0.0001275675765959,0.0001826912914209,0.0006460797991784,0.0006499219306559,0.0006449436509764,0.00048547495273981137,0.0006634065026876392,0.0006652657683515421,0.0006659173692873783,0.3134237412797725,0.22936069418809377,0.22871968350688957,0.22849588102524424,0.000501462005322128,0.022393347345185534
2023-02-13,-0.0100084749657309,0.0001001695711396,0.0003303284172733,0.0001824503017004,0.0006537334589379,0.0006119741740147,0.0006365333352952,0.00048444105493148526,0.0006608218696615492,0.0006638394717240422,0.0006637390832850993,0.31321336862059324,0.22961318576050926,0.2285694376068675,0.22860400801203007,0.0004926443602126095,0.0221955932611095
2023-02-14,-0.0110978402902113,0.000123162059107,0.0003172499994175,0.0001775134578668,0.0006512859941325,0.0006519503592642,0.0006445235048152,0.0004838078404083349,0.0006599305255514889,0.000663552320429207,0.0006629250562042171,0.31327879664294844,0.22967074893661865,0.2284171622691464,0.2286332921512865,0.0005014687262910451,0.022393497410879013
2023-02-15,0.0197222322317767,0.0003889664442041,0.0004027382922389,0.0001742523739412,0.0006518617429208,0.0006939385333539,0.0006540798570463,0.00048384388949322796,0.0006610174933376437,0.000665177760415683,0.0006640608941929974,0.31367899648194114,0.2296031001295013,0.2281670776474995,0.22855082574105812,0.0005121532054737836,0.022630802139424568
2023-02-16,0.0292091309153436,0.0008531733288296,0.0003169884342576,0.000187135218157,0.0006782987073344,0.0006445593960366,0.0006459595111521,0.00048434922500470553,0.0006580460468450177,0.0006623881217202957,0.000661078625496877,0.31250749306352005,0.23001849612072534,0.22851068295182195,0.22896332786393256,0.0005096921536019109,0.022576362718602635
2023-02-17,-0.0194234352828301,0.0003772698381862,0.0002506854202921,0.0002270975047973,0.0007418940737345,0.0005996180253818,0.0006463164422113,0.0004911009991812351,0.0006531059422831375,0.0006568597722948905,0.0006561857611239985,0.30788042379593866,0.23150973519848714,0.2301867006199426,0.23042314038563158,0.0005286249357676717,0.022991844983986643
2023-02-20,0.000137171938056,1.881614059004123e-08,0.0001507614369598,0.0002361078448007,0.0007388414766224,0.000707978604307,0.0006971501918611,0.0004907336389486664,0.0006495770259508305,0.0006520142530144824,0.0006518288171108495,0.3066576397282348,0.23166955332967218,0.23080357332603155,0.23086923361606157,0.0005679258715011444,0.023831195343522835
2023-02-21,-0.0196653738015216,0.0003867269267535,0.0003340029795138,0.000221942503081,0.0006997883101294,0.0006662022403707,0.0006718793176013,0.0004915907438746215,0.0006532866200687932,0.0006552533747501724,0.0006547446972027276,0.3073583283714924,0.23128364279723254,0.2305894408217428,0.23076858800953215,0.0005387333098121401,0.023210629242055032
2023-02-22,-0.0252103490020728,0.0006355616968063,0.00024425787829,0.0002318295685014,0.000710917828801,0.0007691867673823,0.0007171855791818,0.0004914849689765721,0.0006495055624895616,0.0006519660199023706,0.0006509403333307204,0.3062228759705491,0.23172078791660974,0.2308462958220421,0.23121004029079906,0.0005791103793393821,0.02406471232612977
2023-02-23,-0.0164863816269708,0.0002718007791501,0.0002057577652477,0.0002560534961997,0.0007429234563983,0.0009045196754672,0.0007908470229393,0.0004939150411888279,0.0006451289252183958,0.0006483535947981294,0.0006467205187091961,0.3038471781651795,0.23262744182142953,0.231470439467974,0.23205494054541703,0.0006435150410871995,0.025367598252242947
2023-02-24,0.0091444955430308,8.362179873651137e-05,0.0001181095139515,0.0002569983331767,0.0007292133492599,0.0009481633993326,0.0007842999859076,0.0004901873833009564,0.0006479873123192135,0.0006534659766098722,0.0006501782266520065,0.3066977528954741,0.23200974170008923,0.23006457005774666,0.2312279353466901,0.0006474962833350214,0.02544594826951869
2023-02-27,0.0112070485909755,0.0001255979381204,0.0002427949815821,0.0002465957411103,0.0007013823586382,0.0008521946218527,0.0007360058500216,0.0004879227887849682,0.0006532397912672464,0.0006629165205426409,0.0006564345635890304,0.3099579218571042,0.23151610734723238,0.22813661894368725,0.2303893518519761,0.0006028003273445058,0.02455199232943237
2023-02-28,0.0048460928224524,2.3484615643825216e-05,7.30447966542972e-05,0.0002393358729309,0.0006864256528386,0.0007757077971838,0.0007016547223528,0.0004874485925158044,0.0006511570965685563,0.0006661041828765009,0.0006564606199443295,0.31027772062528347,0.23227027549085894,0.22705823217424217,0.23039377170961534,0.0005714845836387303,0.02390574373741027
2023-03-01,0.0113106477925223,0.0001279307534864,0.0001196243814135,0.0002263847974937,0.0006661728874724,0.0007183537881127,0.0006754506727631,0.00048822854526714833,0.0006542236792795334,0.0006719240942322312,0.0006604408189128078,0.31131983421769466,0.23232914763999407,0.22620892907046444,0.23014208907184683,0.0005431971267498509,0.023306589770917815
2023-03-02,-0.0009846069541911,9.6945085424154e-07,6.306123987315011e-05,0.0002204775548532,0.0006625292293245,0.0006687098502052,0.0006579076398198,0.0004878957877963475,0.0006526040904461481,0.0006732686731162006,0.0006600061386101156,0.3113799851038176,0.23279195665534727,0.22564689135628582,0.23018116688454937,0.0005252140205358375,0.022917548309883358
2023-03-03,0.0138357921844671,0.0001914291453717,0.0001494332178031,0.0002073070686133,0.0006475934812057,0.0006404699573447,0.0006436680270256,0.0004887180183100648,0.0006554018230894707,0.0006771669399371368,0.0006632002325368773,0.3120810870915524,0.23271166643461316,0.22523197964979366,0.22997526682404076,0.0005076812161784543,0.022531782356894323
2023-03-06,-0.0011109041716854,1.2341080786681663e-06,0.0001150321470384,0.0002063543932188,0.0006560202314667,0.0006039908088735,0.0006357822278207,0.0004884284703036654,0.0006534920702788465,0.0006757139758919769,0.0006615534305881507,0.31166711197829733,0.23294405191874068,0.22528332427425884,0.23010551182870329,0.0004994959408354565,0.0223494058273471
2023-03-08,0.0088532167236267,7.837944635550378e-05,0.0003263767080871,0.0001940471761104,0.0006431595468925,0.0005876242499493,0.0006277159641302,0.0004887373389484257,0.0006540816631334544,0.0006753943980876237,0.0006619471098370727,0.3116063795781718,0.23283586949190435,0.22548850447324942,0.23006924645667434,0.0004871376025074066,0.02207119395291987
2023-03-09,-0.016524594481388,0.0002730622227743,0.0001461479708086,0.0001871071123251,0.0006419060026894,0.000562837774479,0.0006227330697795,0.0004883560909992205,0.0006527431087190829,0.0006729414180327285,0.0006604759656304224,0.31121006635279963,0.23283483112047462,0.22584630312689366,0.2301087993998321,0.0004780988822329636,0.021865472376167948
2023-03-10,-0.0199398755910164,0.0003975986385852,0.0002177924494212,0.000192264418952,0.0006601213478743,0.0006538158052465,0.0006629693431875,0.0004881249330528705,0.0006497787903444919,0.0006694114211650851,0.0006574357024941943,0.3102824230164444,0.23308945938676598,0.22625336552934805,0.2303747520674417,0.0005141830223163957,0.02267560412241305
2023-03-13,-0.0212204852351893,0.0004503089936168,0.0004097652093953,0.00020458447213,0.0006848038090777,0.0007603144257595,0.0007125313698614,0.0004886084989138654,0.0006491088369564005,0.0006686038120140358,0.0006568120976928026,0.3098435000562553,0.2332307909572857,0.22643030856295351,0.2304954004235054,0.0005594999363837752,0.023653751000291164
2023-03-14,0.0127573448110102,0.000162749846627,0.0004072912192292,0.0002193279434192,0.0007068802023918,0.0008639228772581,0.0007570275833997,0.0004891549558704314,0.0006485662167982427,0.0006689339328225215,0.000656659461735427,0.3095621127773411,0.2334747596973017,0.22636591475608828,0.2305972127692688,0.0006030654500548297,0.024557390945595784
2023-03-15,-0.0047649981047436,2.2705206938210508e-05,0.000302628595664,0.0002159332576117,0.0006938326882775,0.0007840916914128,0.000717350797943,0.0004891746491200446,0.0006498221714676417,0.0006722046397775802,0.0006585982294897875,0.3102458287981727,0.2335475782559702,0.22577112007664732,0.23043547286920982,0.0005713636662850318,0.023903214559657698
2023-03-16,0.0413949544113128,0.0017135422507146,0.0008068478036498,0.0002043395745713,0.0006711717098797,0.0007603247954741,0.0006902157274548,0.0004895029917822255,0.0006505875683130107,0.0006729864127154313,0.0006594880069329171,0.3103654822584257,0.2335194207681794,0.22574725022817543,0.23036784674521965,0.0005507963223154248,0.02346905030706238
2023-03-17,0.0413495720205451,0.0017097871062822,0.0005340330206175,0.0002948917351399,0.0008213063353101,0.000686492498689,0.0006898537057239,0.0005264569226887711,0.0006630322533222603,0.0006824247766545653,0.0006712177579540485,0.2985256799345848,0.23703358322984627,0.2302977795917386,0.23414295724383044,0.000602332024205925,0.024542453508276735
2023-03-20,-0.0143597783807975,0.0002062032351456,0.0004490908656418,0.0003797854574084,0.0009238083380228,0.0006274781162031,0.0006895416051442,0.0005554815425809654,0.0006726087825704518,0.000694227638695899,0.000683634754974354,0.29082060551257505,0.24017747426236538,0.23269813755602917,0.2363037826690304,0.0006412816686180872,0.025323539812160685
2023-03-21,-0.0066453314406353,4.416042995589618e-05,9.838267921138566e-05,0.0003693705240727,0.0008467258750789,0.0006957692236865,0.0007002772831756,0.0005555245400850345,0.000673479657069642,0.00068723836469624,0.000680112904393653,0.2898540016840938,0.2390881584723389,0.2343015455031159,0.23675629434045145,0.000638320513708821,0.025265005713611486
2023-03-22,0.0035316347490252,1.2472444000522938e-05,5.120004566563161e-05,0.0003498579184256,0.0007780338489063,0.0007003231388622,0.0006813995646381,0.0003979944729782748,0.0005976937205609833,0.0006230669347754974,0.0006053006738415566,0.3375908288949341,0.22479621151487306,0.2156418139517392,0.22197114563845358,0.0005952778803581091,0.02439831716242145
2023-03-23,-0.0029875598637594,8.925513939546545e-06,0.0001069452081926,0.0003296147899601,0.000727862473387,0.0006581857556104,0.0006606594691277,0.00037696417071390165,0.0006030411033542926,0.0006292047676817443,0.0006108755656412305,0.3519508717711857,0.22000634413026593,0.21085801526597225,0.217184768832576,0.0005584114906585154,0.02363073191118962
2023-03-24,-0.0371284604638185,0.0013785225764133,0.0006203708364535,0.0003103734333989,0.0006931383106656,0.0006446303526682,0.0006469654021667,0.00037486814991264473,0.0005962374421541075,0.0006182604317800303,0.000600912087743573,0.34978707049053087,0.21991915084101338,0.21208543396612115,0.21820834470233466,0.0005388889603034872,0.023213982000154287
2023-03-27,-0.0155043368352123,0.0002403844606997,0.0002903873957293,0.0003744623819798,0.0008035335968921,0.000895383080174,0.0008622206246077,0.0003958420770544308,0.000592050961052555,0.0006125409349988173,0.0005961039875317182,0.33569743882527747,0.2244454957225461,0.21693761813111662,0.22291944732105978,0.0006925035768854171,0.026315462695636137
2023-03-28,-0.0004301292869902,1.8501120352670865e-07,0.000104106261345,0.000366417706703,0.0007676644300095,0.0009326432118463,0.0008307348505869,0.000393131614776149,0.0005877919569454638,0.0006079787571071099,0.0005916663721710568,0.33558211427951107,0.22444665483733187,0.2169943224734349,0.2229769084097222,0.0006828759126341974,0.026131894547357207
2023-03-29,0.0111239373953217,0.000123741983175,0.0001653918014381,0.000344443744973,0.0007195536339373,0.0008484916745914,0.0007684845375564,0.0003933103797228304,0.0005886935646607664,0.0006113459582058494,0.0005931203674037718,0.33618198330252624,0.22460558675358475,0.2162832054974821,0.222929224446407,0.0006322437086473925,0.025144456817505375
2023-03-31,0.0117027144552159,0.0001369535256203,0.0001210956286596,0.0003312016392651,0.0006986944896892,0.0007728276198284,0.0007251102979648,0.0003937697308197052,0.000589925318220169,0.0006142644227260658,0.0005947378752839069,0.3366297155720212,0.22469724284191062,0.21579402547593426,0.22287901611013394,0.0005968704919082729,0.02443093309532554
2023-04-03,0.0135052583724518,0.0001823920037066,9.187565239572843e-05,0.0003195467524464,0.0006856965426072,0.0007123196547745,0.0006939301208139,0.000392111388457978,0.0005875781932102226,0.0006133349365617913,0.0005926950531894698,0.336902390013206,0.22482669617322876,0.21538519338785536,0.2228857204257099,0.0005699091743722148,0.02387277056338905
2023-04-05,0.0150976449679853,0.0002279388835793,0.0002255367129959,0.000311317467522,0.000681242434562,0.0006626756880001,0.0006719979820249,0.0003919962783539695,0.0005906334303399626,0.0006167219629176296,0.0005958092638291355,0.3381550862345675,0.22442944896315556,0.2149356489321598,0.22247981587011714,0.0005501030656131543,0.023454276062440178
2023-04-06,0.0422757011389137,0.0017872349067867,0.0009398209778124,0.0003063147524855,0.0006826530533065,0.0006215191636947,0.0006567531687913,0.0003899121386634198,0.0005867499280070016,0.0006113071186667864,0.0005911349710173552,0.3376141350981848,0.22435426606062256,0.21534159416666096,0.22269000467453165,0.0005366636087201242,0.02316600113787712
2023-04-10,0.057347137730228,0.0032886942058497,0.0013219172546769,0.0003951699617435,0.0008363932909424,0.0005743933999408,0.0006666505607971,0.0004331110855028041,0.0005987158469766902,0.0006239081557876748,0.0006033716323371348,0.318937694127473,0.23071955019872586,0.22140350247051538,0.22893925320328573,0.0005988020723416565,0.0244704326145178
2023-04-11,-0.0004934332617623,2.4347638381345753e-07,0.0002057441501338,0.0005687814163899,0.0010888408058796,0.0005287140368583,0.0006939486106632,0.0005715394970106555,0.0006737579879200303,0.0007113642504145358,0.0006881058045690117,0.2871644058977378,0.24359755735562014,0.23071977543222782,0.23851826131441423,0.0007160769380934284,0.02675961393767534
2023-04-12,0.0030795052407531,9.483352527825955e-06,0.0001747432569374,0.0005346691399895,0.000939624433998,0.000520590338843,0.0006696045077462,0.0005751024086782712,0.000683075532706814,0.0007093606606897183,0.0006886901012183893,0.28671932690219937,0.24139786542001934,0.23245294622870746,0.23942986144907372,0.0006614593811543827,0.025718852640706634
2023-04-13,0.0161037670943893,0.0002593313146303,0.0002451372427208,0.0005031579927418,0.00083828897686,0.0005093857746791,0.0006520921302823,0.0005780964639177841,0.0006886253169539966,0.0007074679445925338,0.0006889720759972718,0.2860658244542973,0.2401503945516464,0.2337542539259525,0.24002952706810382,0.0006208441919227765,0.02491674521125856
2023-04-17,0.005310905526301,2.820571750929553e-05,0.0001457243457882,0.0004885283920551,0.0007933346157442,0.0004938218422488,0.0006427833721337,0.0005783962015155789,0.0006886062946986276,0.0007041799035527008,0.0006867409831847898,0.28542388896311083,0.23974235273338507,0.2344402223993779,0.24039353590412615,0.0005999262509826895,0.024493391986057985
2023-04-18,0.0202580016060397,0.0004103866290703,0.0002548083315821,0.0004609090315824,0.0007398878059162,0.0004856052140606,0.000632952953246,0.0005808189049989,0.0006912930033408333,0.0007028418088191892,0.0006869975461548159,0.28473610711765773,0.23923302152703674,0.23530204361003318,0.24072882774527238,0.0005748769604974489,0.023976591928325613
2023-04-19,-0.0050854500228613,2.5861801935020514e-05,6.698741012045013e-05,0.0004578776874317,0.0007407114662023,0.0004717814106355,0.0006309731726389,0.000580527310702068,0.0006888886605587925,0.0006999011012408862,0.0006839706756931637,0.2840179957862553,0.23934230990395952,0.23557643071637197,0.2410632635934132,0.0005705741294248735,0.02388669356409282
2023-04-20,-0.017341855900094,0.0003007399660596,0.0003212787448339,0.0004319567343019,0.0007036015922943,0.0004983410611837,0.0006282879343438,0.0005826282932766787,0.0006904972073947289,0.0006980215468108347,0.0006838679466152406,0.28325191238580133,0.23900252819755943,0.2364261949143217,0.24131936450231764,0.0005599540563666519,0.023663348376057262
2023-04-21,-0.0204760637134009,0.0004192691851952,0.0003276046535606,0.0004240837282073,0.0007051059657245,0.0006008517460657,0.0006715353252434,0.0005823003139921894,0.0006877684325255727,0.000694436126050145,0.0006805197754209086,0.28241853114661114,0.23911013007676807,0.2368142917610964,0.24165704701552432,0.0005929386071486713,0.024350330740026332
2023-04-24,0.0124817747394106,0.0001557947006453,0.0001568997013757,0.0004237948556266,0.0007177497666893,0.0007169723852938,0.0007222866849116,0.0005817928165538633,0.0006841093226926716,0.0006910612947037176,0.0006766947173139262,0.2815253370361966,0.23941994843877462,0.23701142000115458,0.24204329452387424,0.0006359078936440092,0.025217214232424824
2023-04-25,-0.0024351647997532,5.930027601957258e-06,0.0001326495165797,0.0004077148463277,0.0007005989072647,0.0006669758597531,0.0006921415516983,0.000582719094937935,0.0006864199036417218,0.0006937853628852341,0.000679146215719483,0.2819399241529047,0.2393458822473234,0.23680490569304183,0.24190928790673008,0.0006080151818807886,0.02465796386323876
2023-04-26,0.0156037100577641,0.0002434757675667,0.0001365894441197,0.0003836077572042,0.000674164251975,0.0006483521372087,0.0006692329365062,0.0005845156437126898,0.0006872069111486022,0.0006938776697113161,0.0006796185115632617,0.2814505857303394,0.23939263069475833,0.2370911725116148,0.24206561106328756,0.0005850734298867568,0.0241882911733499
2023-04-27,0.0120490024549858,0.0001451784601602,0.0001464717844693,0.0003751998378259,0.0006793254352731,0.0006095555023224,0.0006549626125887,0.0005847911727719001,0.000686704005292461,0.0006932735261201199,0.0006789774047789612,0.2811836046459515,0.23945351804829715,0.2371844354787113,0.24217844182704001,0.0005713618109212769,0.023903175749704828
2023-04-28,0.0107330803048358,0.00011519901283,0.0001567938190499,0.000361398555166,0.0006732310137013,0.0005794356618635,0.0006433271778357,0.0005677898610990465,0.0006851988039902252,0.0006914599405860234,0.0006773598536240334,0.28669430063288986,0.23756917873510913,0.2354180012167825,0.24031851941521848,0.0005545628652737511,0.02354915848334609
2023-05-02,-0.0045857184601339,2.10288137956133e-05,8.462717014455528e-05,0.0003466265826258,0.0006661179419848,0.0005551071361643,0.0006345131505104,0.0005684609062157535,0.0006839972158204407,0.0006864145719205582,0.0006741449940055882,0.2855120847508724,0.2372852618096573,0.23644961088007604,0.24075304255939425,0.0005410418863676639,0.023260307099599177
2023-05-03,0.0077482464967322,6.00353237741243e-05,0.000357365852483,0.000327090716496,0.0006520177491067,0.000567728561548,0.0006300526414532,0.000569572053649601,0.0006836789596705263,0.0006827776750556056,0.0006722803096800594,0.28453378139554547,0.23704472385730208,0.23735762917109007,0.2410638655760624,0.0005342633563579064,0.023114137586289184
2023-05-04,-0.0064527329160491,4.163776208586479e-05,6.01925431924545e-05,0.0003110673929327,0.0006461782203484,0.0005467967856695,0.0006241762767798,0.0005702466922937877,0.0006830944911399407,0.0006790366638830137,0.0006705544001570597,0.28368812834020996,0.2368226049650269,0.23823782342464322,0.24125144327012,0.000522126839604909,0.022850094958334614
2023-05-05,0.0056339203669582,3.174105870122675e-05,0.0001964959761983,0.0002949016150819,0.0006403745449269,0.0005722343772946,0.0006259676110985,0.0005708128999821483,0.0006865983291459821,0.0006806637116884961,0.0006735737056660505,0.2842996694267491,0.23635641375839261,0.2384171742708045,0.2409267425440538,0.00052243990331752,0.02285694431277987
2023-05-08,0.0211923014682956,0.0004491136415231,0.000306356512143,0.000279111981699,0.0006354283163833,0.0005515890480701,0.0006208434233698,0.0005718186210456739,0.0006886001779307261,0.0006798235327453683,0.0006748219849513105,0.2841799173685782,0.2359850805831792,0.23903169080120532,0.24080331124703727,0.0005106180372433663,0.022596859012777998
2023-05-09,-0.0100190911398279,0.0001003821872681,0.0002750312991475,0.0002893120812885,0.0006729317646177,0.0005268714618748,0.000622738125124,0.0005715334286527236,0.0006832801658238883,0.0006728428689359566,0.0006690597171187686,0.28247629788161976,0.23627884302296828,0.23994405602710944,0.24130080306830262,0.0005174102296929187,0.02274665315366018
2023-05-10,0.0051947797912819,2.698573707991175e-05,0.0001333004186802,0.0002779762876473,0.0006644612067464,0.0005775606505564,0.0006345852077883,0.0005713883665478799,0.0006818089839226796,0.0006684407888825545,0.0006666629694330946,0.28169469325361624,0.2360735549674763,0.24079480684065513,0.24143694493825232,0.0005274520834560917,0.022966324988036108
2023-05-11,-0.0033446553533975,1.1186719433010887e-05,0.0001565363675411,0.0002629168546132,0.0006514662157747,0.0005562498675037,0.0006270097220238,0.0005721017679497631,0.0006828075503541102,0.0006676892802504305,0.0006670985635434653,0.2815075829202658,0.2358658538506584,0.24120648727435487,0.24142007595472093,0.0005132155347924448,0.02265426085292665
2023-05-12,0.007251894530534,5.258997428198962e-05,9.404837541924416e-05,0.0002478130465024,0.0006410143237579,0.0005610552558441,0.000623010041956,0.0005728219311572617,0.0006838132890115186,0.0006673875901323074,0.0006677725194292403,0.28138875012668624,0.23571587426517748,0.24151729764939453,0.24137807795874183,0.0005067145708612827,0.022510321429541666
2023-05-15,0.0712611321531449,0.0050781489557479,0.0021749608126347,0.0002360996621692,0.0006379093778255,0.0005414568106886,0.000618984945382,0.0005732658970079564,0.0006844101468417037,0.0006673867550251801,0.0006682459319456656,0.2813379949872053,0.23565033160746338,0.24166119097265443,0.24135048243267693,0.000496988774909701,0.022293245051129302
2023-05-16,0.0076603991336576,5.868171488694321e-05,0.0001199305141676,0.0005266226197839,0.0011281664588769,0.000495351874229,0.0006834950560643,0.000848169131615774,0.0008907140863601111,0.0008858499365409732,0.0008799611218685705,0.2581597976429626,0.24582879594924228,0.2471786273868608,0.24883277902093434,0.0007058049617666293,0.02656699007728631
2023-05-17,-0.0040356487222563,1.6286460609449453e-05,0.0002146719483009,0.0004985461654901,0.000972295310778,0.000485823231897,0.0006627943225257,0.0008502514443916531,0.0008985141406619834,0.0008851792989814216,0.0008809332190337097,0.2582645377433242,0.24439214288783528,0.24807380437396878,0.2492695149948718,0.0006521125662021182,0.0255364947908306
2023-05-18,-0.0212957313098178,0.0004535081720199,0.0005149295360211,0.0004696105831972,0.0008613410967876,0.0005044577596223,0.0006497189000875,0.0008524989879740814,0.0009043846682415833,0.0008846222470064313,0.0008823147099370139,0.2582295721337788,0.24341461840242248,0.24885249003626517,0.2495033194275336,0.0006185729462241474,0.024871126758234084
2023-05-19,0.0256493546587735,0.0006578893944115,0.0006392653913184,0.0004686444385266,0.0008281542570932,0.0006346036910814,0.0007121432249985,0.0008520507479554531,0.0009052799884148509,0.0008837701348883931,0.0008820144402674122,0.25830859444401205,0.24312039801600427,0.2490376427204531,0.24953336481953062,0.0006581397812688745,0.02565423515267751
2023-05-22,0.0131573569721935,0.0001731160424937,0.0002281327504098,0.0004799991358797,0.0008254396191026,0.0005932647584544,0.0006915441534528,0.0008480530202955707,0.000905265342645316,0.0008833647937504181,0.0008816364923851466,0.25915234558909855,0.24277404539900146,0.24879294595887047,0.24928066305302948,0.0006447768895987216,0.025392457336751037
2023-05-23,-0.021776675385661,0.0004742235908524,0.0003433998237601,0.0004615861502765,0.000776083401142,0.0005654072398545,0.0006701486053683,0.0008487565514448876,0.0009079546212149511,0.0008845628652752479,0.0008834907650281945,0.2594029160663403,0.242490009226013,0.24890251797615845,0.24920455673148822,0.0006156646363274063,0.024812590278473674
2023-05-24,-0.0050356407274033,2.5357677535483418e-05,9.715270434481692e-05,0.0004623443967111,0.0007717666216537,0.0006945239430997,0.0007303184027353,0.0008482106921110237,0.0009037713213027746,0.0008799071461771984,0.0008792586874720597,0.25858572367587146,0.24268879801692764,0.24927081977007884,0.24945465853712212,0.0006621606545938658,0.02573248248020128
2023-05-25,0.0249283278266973,0.0006214215282352,0.0003712923819518,0.0004361251935605,0.0007248307110696,0.0006883688014863,0.0007000267138541,0.0008498184725686863,0.0009079948141799436,0.0008834013073878129,0.000883189372933625,0.2590587092890165,0.24246049998913113,0.24921049447458002,0.24927029624727223,0.0006347694420883091,0.025194631215564738
2023-05-26,0.0017795253257,3.1667103848079975e-06,0.0002667522926166,0.000447242973641,0.0007510709493534,0.0006373666572609,0.000682295286893,0.000848555844551561,0.0009080408385376131,0.0008832751408968323,0.0008831848091311874,0.2593378353805041,0.2423488312264513,0.24914392552929432,0.24916940786375036,0.0006268113350319559,0.02503620049112796
2023-05-29,0.0094717242907985,8.971356104090269e-05,0.0002385652882854,0.0004205983978456,0.0007084761735087,0.0006075476320833,0.0006611821912665,0.0008504878700881437,0.0009111320252006581,0.0008832928434975576,0.0008849927593399081,0.25924785263528805,0.24199254105260246,0.24961954083048193,0.24914006548162765,0.000596867916346611,0.02443088038419023
2023-05-30,-0.0168193606497709,0.000282890892667,0.0001012437185156,0.0004007453076374,0.0006877704143684,0.0005790550003136,0.0006470795378655,0.0008512657476033049,0.0009108217238777297,0.0008787594929635293,0.0008834436175029171,0.2586049042905083,0.24169548377426806,0.25051393350225476,0.24918567843296893,0.0005761700044386554,0.024003541497842677
2023-05-31,0.0006318981564947,3.992952801814254e-07,0.0001368040776242,0.0003936740427391,0.0006925099059763,0.0006704799809744,0.0006821864148213,0.0008512583976811081,0.0009092870145470946,0.0008745748036070488,0.0008811771773105412,0.25802663997220254,0.241559970160996,0.25114757845283875,0.24926581141396267,0.0006072962365649118,0.024643381191811156
2023-06-01,0.004831420676474,2.3342625753061138e-05,7.782324220166586e-05,0.0003700775578916,0.0006680799142955,0.0006353438714318,0.0006610663561043,0.000852315716534205,0.0009096491884977724,0.000873460871445241,0.0008812236951300247,0.25773467868905087,0.24149014820245662,0.2514953153872825,0.24927985772121,0.0005812930725066012,0.024110020168108554
2023-06-02,0.0250400786808489,0.0006270055403431,0.0002867030208192,0.0003492734619633,0.0006535887603203,0.000604330909083,0.0006461053999049,0.0008533957342430752,0.0009108025796380411,0.0008737083781373869,0.0008822341483015834,0.257663263757204,0.24142304279477497,0.2516729101651921,0.24924078328282903,0.0005609158619534907,0.023683662342498694
2023-06-05,-0.000102146864064,1.0433981838118188e-08,0.0001195647789988,0.0003659373866661,0.000702804169123,0.0005687266823383,0.0006433877734643,0.0008536783942943285,0.000906795876255266,0.0008694501777907805,0.0008781516817182852,0.25671213342988985,0.24167467850350974,0.2520553879454548,0.24955780012114576,0.0005677036007788449,0.023826531446663506
2023-06-06,0.0109767954614283,0.000120490038602,0.0001828166468129,0.000343981769505,0.0006750952846543,0.0005520137292661,0.000633013228671,0.0008549820512672658,0.0009094188511029093,0.0008706168045314431,0.0008801367030293184,0.25683156074163377,0.2414579094844463,0.2522193156508557,0.24949121412306421,0.0005485122348665337,0.023420338060466457
2023-06-07,0.0021205457466402,4.496714263594073e-06,4.436705729835664e-05,0.0003305722656508,0.0006679137054662,0.0005320946441646,0.0006271276601779,0.0008550587962411023,0.0009083079591200272,0.0008689199644309765,0.0008788104238614213,0.2565157416480981,0.24147761677989704,0.25242375621344065,0.2495828853585642,0.0005369168593587631,0.023171466491328577
2023-06-08,-0.0223377169534419,0.000498973598692,0.0004302638077268,0.0003110077325676,0.0006516284281774,0.0005195698529088,0.0006213165863921,0.0008559641634171256,0.0009094187379704054,0.0008691024448710703,0.0008796245823294804,0.2564624839600105,0.24138791776011564,0.2525855229451968,0.24956407533467714,0.0005233511674326677,0.02287686970353828
2023-06-09,0.0009279934046143,8.611717590077858e-07,7.133770079131994e-05,0.0003222856845351,0.000688916912869,0.000656352502981,0.0006990840697681,0.0008562361612417291,0.0009083850525454891,0.0008683010030722287,0.000878607444157067,0.2561977652437365,0.24148987306241637,0.2526379564861091,0.249674405207738,0.0005892982843844448,0.02427546671815899
2023-06-12,0.0110679138765635,0.000122498717579,6.571848076181817e-05,0.0003030002137685,0.0006656633039837,0.0006236045820464,0.0006732887156113,0.0008568311133156027,0.0009120883249560335,0.0008717876228855813,0.000882554588114676,0.25686378102397606,0.2413021562093099,0.2524569903123233,0.24937707245439078,0.0005637918758644614,0.023744301966249954
2023-06-13,0.0261531033770356,0.0006839848162499,0.0003790132323161,0.0002921701239971,0.0006616478610653,0.000591516805106,0.0006562717793181,0.0008565606969581515,0.0009142788296494705,0.0008732680314431455,0.0008847670607516325,0.25734339926803246,0.24109739204955394,0.2524199140444052,0.2491392946380085,0.0005475233359228056,0.023399216566432422
2023-06-14,0.0001986507853223,3.9462134509176634e-08,7.797206791075252e-05,0.0003156790055323,0.00071390874576,0.0005576228967253,0.0006515019613393,0.0008580218657512423,0.0009115807497255753,0.0008686457851030312,0.0008814416892366096,0.2562495551970785,0.2411939057667824,0.2531155106244422,0.2494410284116969,0.0005567373669928447,0.0235952827275463
2023-06-15,-0.0268614318905266,0.0007215365232093,0.0005950259499732,0.0002967406329284,0.0006827068124182,0.0005419947194981,0.0006388781966229,0.0008586266414865065,0.0009121217485813837,0.0008660631222802141,0.0008808919531004265,0.255918858860802,0.24090945163676647,0.2537214027750894,0.24945028672734204,0.0005372960578242002,0.023179647491370532
2023-06-16,0.0114564962531743,0.0001312513063989,8.538736101573674e-05,0.0003222283863453,0.0007320171814839,0.0007119195535966,0.0007483685434133,0.0008380248743220107,0.0009021542408419726,0.0008575889812795899,0.0008709943858216701,0.2585148554596199,0.24013840366668426,0.25261737730547107,0.24872936356822464,0.0006250707441388953,0.025001414842742306
2023-06-19,-0.0217057008865104,0.0004711374509746,0.0004146964122967,0.0003107697615485,0.0007079700531933,0.0006634282102044,0.000710668176556,0.0008182469547018416,0.0008981876011579172,0.0008506622460187925,0.0008646621956060642,0.2618341385396045,0.23853033177123925,0.251856700470375,0.2477788292187813,0.0005934198332426479,0.024360210041020746
2023-06-20,0.0079011935265885,6.242885914460422e-05,0.0001584906026186,0.0003203918229141,0.0007247940440852,0.0007825322213894,0.0007591046883726,0.0008182020099039971,0.0008939201177046628,0.0008492847835951866,0.0008629619703787901,0.2613128901248186,0.23917878978151302,0.25174916122818514,0.24775915886548305,0.0006421548449740392,0.025340774356243323
2023-06-21,-0.0130653612203264,0.0001707036638176,0.0002976791415973,0.0003049140450879,0.0006962779182369,0.0007221532686707,0.0007175065918325,0.0008178024927207639,0.000892003428195421,0.0008502061852969214,0.0008634916485328064,0.26138388444649807,0.23964077435199205,0.251421826792203,0.24755351440930687,0.000605742569470981,0.024611837994570437
2023-06-22,-0.0033191994746514,1.1017085152526331e-05,6.0726545867680905e-05,0.0002968614222117,0.0006873474513838,0.000768176217884,0.0007146586127586,0.0008168255474100677,0.0008891039589287831,0.0008485476959615521,0.0008620576119041717,0.2611748544410028,0.2399430250041265,0.2514110809136922,0.24747103964117842,0.000612442288607497,0.024747571367863493
2023-06-23,-0.0074039177535809,5.4817998101790576e-05,0.0001170988667225,0.0002797107619881,0.0006655829698422,0.000737338534038,0.000686347939051,0.000816609901435804,0.000888546597911416,0.0008500366916606572,0.0008627374438914583,0.2613525256121114,0.24019343575426313,0.2510751150790386,0.24737892355458688,0.0005878871460245483,0.024246384184544886
2023-06-26,-0.0011520331266289,1.3271803248504833e-06,0.0001106648965518,0.0002662171961549,0.0006549617261345,0.0007402724809152,0.0006730813966987,0.0008054060883689424,0.0008876390563227041,0.0008493230551058967,0.0008614194486685495,0.2638087414601501,0.23936887975297458,0.2501676661897059,0.2466547125971694,0.0005782188154908022,0.02404618089200034
2023-06-27,0.013943979640537,0.0001944345682157,0.000105308653088,0.0002503237952051,0.0006424433943078,0.0007000445404548,0.0006546967068365,0.0008059459024692382,0.0008886721070268191,0.0008504704196484061,0.0008620439036106562,0.26388831446878636,0.23932303497989024,0.25007301940443305,0.2467156311468904,0.0005563951905027069,0.023588030661814627
2023-06-28,0.0042278540529557,1.7874749893093993e-05,2.9587591032355513e-05,0.0002469704415858,0.0006527859313258,0.000652507529639,0.000643795733285,0.000804590217448795,0.0008850232961003045,0.0008444343198249921,0.0008574109254580126,0.2631351616675467,0.23922079551736486,0.25071929453127045,0.24692474828381802,0.0005437119037631134,0.023317630749351732
2023-06-30,0.0095244262229516,9.071469487644938e-05,6.63711689321708e-05,0.0002332247000842,0.0006425738393586,0.0006187533144327,0.0006335462455406,0.0008046293209624475,0.0008854762820420339,0.0008432245240723025,0.0008571784510989721,0.26304569209227874,0.23902873617597362,0.2510058360116658,0.24691973572008188,0.0005266881298577959,0.022949686922870995
2023-07-03,0.0052862143986265,2.7944062668246425e-05,0.0002003493675865,0.0002246740997717,0.0006427132442002,0.0005882884982455,0.0006271135556769,0.0008044488529533653,0.0008853727121780835,0.0008419832223177567,0.0008566799433982304,0.26294674986112,0.23891318131233186,0.25122497183651127,0.24691509699003703,0.000515266555983579,0.02269948360609948
2023-07-04,-0.0068163124722051,4.646211571873933e-05,0.0001123950784623,0.0002128702975455,0.0006366587420896,0.0005651443454733,0.0006216209458963,0.0008046548815431782,0.0008865449420442828,0.0008423113772134351,0.0008576262235704849,0.26307766340660693,0.2387772080645695,0.25131647489484127,0.24682865363398224,0.0005034849632703632,0.022438470608986773
2023-07-05,0.0200107967913938,0.0004004319882264,0.0003408320351831,0.0002028858066359,0.0006343246172857,0.0005904233534116,0.0006249133352657,0.0008048696416003709,0.0008878866669823734,0.0008431028262449839,0.0008589235856423743,0.26328121797054577,0.23866453617133673,0.2513418920582382,0.2467123537998792,0.0005073787754727639,0.02252506993269419
2023-07-06,0.0274367319741942,0.0007527742614237,0.000293285160155,0.0002147385775313,0.0006674058898157,0.0005597037231913,0.0006250273832842,0.000782248984111837,0.0008768805381882091,0.0008299251578956701,0.0008469296160602,0.2660802607299617,0.23736530186686725,0.2507949200816861,0.2457595173214849,0.0005095339757579581,0.022572859272984407
2023-07-07,-0.021152679832854,0.0004474358641112,0.0003112809240966,0.0002470207185649,0.0007245937775775,0.0005306663418445,0.0006298366588544,0.0006907943282259836,0.0008178088272615063,0.000752732726252207,0.00077651564549495,0.2738216423569575,0.23129419881551985,0.25129030649098255,0.24359385233654013,0.000522009601864807,0.022847529447728197
2023-07-10,-0.0025886613835471,6.701167758668226e-06,0.000121653366249,0.0002590456272977,0.0007338621737853,0.0006579037250924,0.0006967710954569,0.0006873710676178874,0.0008064371130681554,0.0007497114957257479,0.0007716933339363042,0.2732289892702376,0.2328882178354891,0.250509300083538,0.2433734928107353,0.0005760732455973193,0.024001525901436335
2023-07-11,-0.0037954115829195,1.4405149083760243e-05,6.343921504365763e-05,0.0002439049597253,0.0006970312796264,0.0006418205483518,0.0006727066379849,0.0006847943327598145,0.0008029533998233149,0.0007515192837248435,0.0007721298753453582,0.27390148062979647,0.2335953514999495,0.2495826597291694,0.2429205081410846,0.0005532307142281478,0.02352085700454275
2023-07-12,-0.0146164883398542,0.000213641731389,0.0003250937813186,0.0002301349710868,0.0006725501279797,0.0006362000350115,0.0006565757318392,0.0006847118056151213,0.0008043096024615805,0.0007551820628041347,0.0007751362509910557,0.27462478018774666,0.23378911371133343,0.24899800772648634,0.24258809837443357,0.0005381256636541017,0.023197535723738023
2023-07-13,-0.0007111273911864,5.057021664955775e-07,0.000133312515411,0.000229145376705,0.0006752964407885,0.0007052486893775,0.0006776674520567,0.0006821313469215185,0.0008004166715140895,0.0007547599400163535,0.0007731823554981421,0.27485881219860697,0.23424026316646276,0.248409860987352,0.2424910636475783,0.0005606832722059629,0.02367875149170587
2023-07-14,0.0022331522369782,4.9869689135209965e-06,4.154153079257567e-05,0.0002154269962326,0.0006562959402281,0.0006686490050907,0.0006578771493649,0.0006827385304150165,0.0008040188886426408,0.0007601618124419796,0.0007775781799715984,0.2758363282698732,0.2342284392298039,0.2477421074245576,0.2421931250757653,0.0005381316017726177,0.023197663713672066
2023-07-17,0.0098870463554532,9.775368563488144e-05,4.519138098853836e-05,0.0002028005945935,0.0006437161488333,0.0006330147619058,0.0006435535131113,0.000680998792639311,0.0008031186683927917,0.0007628058060710664,0.0007782220695796638,0.27656641246313535,0.2345125326857255,0.24690608208930456,0.2420149727618346,0.000519092117998983,0.02278359317576977
2023-07-18,-0.0065468002325045,4.286059328432133e-05,0.0001812736410659,0.000196497780056,0.000644185589621,0.0005998579868102,0.0006344427430094,0.000680923127665497,0.0008045262918076893,0.0007655044098884542,0.0007802604816661921,0.2771187502008423,0.23454369116704565,0.24649964609479802,0.24183791253731407,0.000506839975262381,0.02251310674390323
2023-07-19,0.0124524079750055,0.0001550624643759,0.0001462082693647,0.0001872795488497,0.0006391290334554,0.0006185289698733,0.0006335907827697,0.0006812116601164974,0.0008074201956303567,0.0007685169046449419,0.0007833125854286613,0.27779769824436057,0.23437490444469608,0.2462392564871581,0.24158814082378516,0.000507195766652417,0.022521007229971243
2023-07-20,0.0077543128034936,6.012936705442566e-05,7.841310323410639e-05,0.0001853465237812,0.0006466574584852,0.0005866413341673,0.0006280090071344,0.0006803451747726107,0.0008065788790291344,0.0007674305046872657,0.000782334035357477,0.2778045125998838,0.23432669090577676,0.2462802280115359,0.24158856848280352,0.0004992171616651163,0.02234316812059374
2023-07-21,-0.0085529969733711,7.315375722649593e-05,0.0001166312173826,0.0001778334943776,0.0006425146463346,0.0005625599739902,0.0006227000925463,0.0006785575596558079,0.0008051461527306624,0.0007656936727654403,0.0007807517061838287,0.2779257411424765,0.23422904280865053,0.24629772895216562,0.24154748709670734,0.0004888889828889644,0.02211083406135925
2023-07-24,-0.0136768509465296,0.0001870562518135,0.0006017639653866,0.0001715527101486,0.0006409521343203,0.0005993841511923,0.0006300814855847,0.0006784509633325632,0.000806580218028181,0.0007665159446166599,0.0007820392744858111,0.2782573167957304,0.23405476654995475,0.24628834658985432,0.24139957006446058,0.0004974764302780562,0.02230417965938349
2023-07-25,-0.0283444565559931,0.0008034082174545,0.0006971657241542,0.0001724829226485,0.0006510412446306,0.0006662585183489,0.0006541429026044,0.0006778037216435879,0.0008057605865267678,0.0007660196892640668,0.0007813611743403133,0.27828013169084953,0.23408852713008635,0.24623297751097833,0.2413983636680858,0.0005223637015444592,0.02285527732372677
2023-07-26,0.015811822983571,0.0002500137460637,0.0001505696415888,0.0002103384403368,0.0007183418927384,0.0008388042359327,0.0007728634894413,0.0006819399486931076,0.0008027745983816455,0.0007638767814474612,0.000778619267908835,0.276392236771423,0.23478932709511466,0.24674517191885764,0.24207326421460465,0.0006208554047068058,0.024916970215232946
2023-07-27,0.046380176991988,0.0021511208178081,0.001011379909882,0.0002127189586804,0.0007102358350767,0.0007625483846921,0.0007299700526683,0.0006806624939502056,0.0008007289867996184,0.0007645466938062926,0.0007775162022351374,0.27656642701407824,0.2350962648507303,0.24622223270250002,0.24211507543269137,0.00059029783453803,0.024296045656403226
2023-07-28,0.0172147891697119,0.0002963489661576,0.0002277644164034,0.0003290230702281,0.0008909446984284,0.0006856367619114,0.0007244644099934,0.0007243867409162814,0.0008184917120291733,0.0007825415835482945,0.0007954729875896945,0.26871986366950446,0.23782416291111041,0.24874985605286562,0.24470611736651962,0.0006481361304493678,0.025458517836853108
2023-07-31,0.0060908559865157,3.7098526648475206e-05,0.0002260573500184,0.0003270626239839,0.0008330403437551,0.0006391231608368,0.0006956015349889,0.0007235634537483824,0.0008183702898523911,0.0007814371284984183,0.0007938363407239698,0.268703947171656,0.23757504208322927,0.24880358119781848,0.24491742954729626,0.0006151736839427389,0.024802695094338818
2023-08-01,-0.03741414456005,0.0013998182131603,0.0003024653590532,0.0003096647781437,0.000767964837516,0.0006068034811071,0.0006712571561977,0.0007237341822718962,0.0008210449087844199,0.0007821864630687146,0.0007946811642378009,0.2689999524786258,0.23711791956244269,0.24889776265687463,0.24498436530205678,0.0005808775723593802,0.024101401875396795
2023-08-02,-0.0122824240432675,0.0001508579403786,0.000637081164923,0.0003750739842447,0.0008568900355589,0.0008622521650351,0.0008832832564203,0.0007369645394325491,0.0008247364231952516,0.0007887470120047277,0.0007999208217422745,0.266722064244538,0.23833639172977225,0.24921134437374767,0.2457301996519421,0.0007362009786934238,0.027133023766130894
2023-08-03,-0.0106931225741233,0.0001143428703852,0.0002269640567286,0.0003616210216128,0.0007954519772837,0.0008798332488187,0.0008312443435317,0.000737129367573225,0.0008264590972495786,0.0007921647511545314,0.000802662137111828,0.2673229439200621,0.23842872955889477,0.24875077097588283,0.2454975555451603,0.0007092558538214187,0.02663185787400907
2023-08-04,0.0026584626203906,7.067423504014389e-06,5.385981694164576e-05,0.0003467843325391,0.0007497779693256,0.0008820902949133,0.0007876198936884,0.0007371084553842194,0.0008270390257485724,0.0007951346045631505,0.0008041637580593698,0.2677447602814409,0.23863073028463028,0.24820568185018124,0.24541882758374758,0.000684006326349562,0.026153514607975006
2023-08-07,-0.0010216543359166,1.043777582097262e-06,7.927647983346435e-05,0.000326401317997,0.0007079724202051,0.0008041540926812,0.0007373789678845,0.0007376965502750334,0.0008284651886481402,0.0008000303489298857,0.0008065439146419857,0.2683006288912807,0.2389049667768005,0.24739617520068072,0.24539822913123804,0.0006366079461363074,0.025231090862987027
2023-08-08,-0.0018415737822161,3.3913939953457184e-06,0.0001868882572645,0.0003068798655721,0.0006787377330951,0.0007507218513872,0.0007011340594996,0.0007384614354457828,0.0008300078214371693,0.0008040456329110206,0.0008087809307185061,0.26873113900901874,0.23909122002966868,0.2468113432108415,0.2453662977504712,0.0006020697454247841,0.024537109557256007
2023-08-09,-0.0052363819315372,2.7419695732929743e-05,6.640937613788327e-05,0.0002886705572775,0.0006589365891062,0.0007131264412772,0.0006753167324406,0.0003950987511448403,0.0006065633271033273,0.0005592597783633263,0.0005751854308185618,0.32843454750073703,0.21393327580494623,0.23202827124474518,0.22560390544957162,0.0005535974345139572,0.023528651353487248
2023-08-10,0.010139792710599,0.0001028153962139,0.0001483568386259,0.0002729955055848,0.00064772335101,0.0007051793871551,0.0006606022307766,0.0003919069768783307,0.0005962404458520077,0.0005634093079121801,0.0005756109167429194,0.32962506446776696,0.21666152207150277,0.22928688025690794,0.22442653320382233,0.000540267938421056,0.023243664479187787
2023-08-11,-0.0177868682477743,0.0003163726820636,0.0003044363266224,0.0002627846990226,0.0006474271889413,0.0006586593695408,0.000646836022112,0.00038755325565717773,0.0005875532871406577,0.0005655112803548717,0.0005740619796054168,0.33112285760373916,0.21841038812215186,0.2269233982500022,0.22354335602410672,0.000522479961698007,0.02285782058066794
2023-08-14,-0.0231921216682275,0.0005378745074738,0.0004136487251378,0.000265999978005,0.0006681477678622,0.0007482735172591,0.0006875146146281,0.00038760942417398605,0.0005867481189543346,0.0005671969794298925,0.0005750874825481847,0.33134701173424946,0.21888987841830498,0.22643495836168892,0.22332815148575666,0.0005573657322342064,0.023608594456981262
2023-08-16,0.0149632988164813,0.0002239003114713,0.0003304778470206,0.0002823124497732,0.0007040470665776,0.0008694299753162,0.0007533370757974,0.0003884277292057333,0.0005865773933690137,0.0005678390371663829,0.0005753692356297868,0.3309798518721674,0.21917270206606515,0.2264052730807339,0.22344217298103367,0.0006129184349604906,0.024757189561024302
2023-08-17,-0.0007323793819181,5.363795590588262e-07,0.0001483191768471,0.000278807721475,0.0006978827500621,0.0007871852458855,0.0007155031047165,0.0003864755445874549,0.0005838007245989348,0.0005713529838780778,0.0005755362864282868,0.33223409804057463,0.21993866838545414,0.22473034637752518,0.22309688719644608,0.0005826517630216011,0.024138180607112897
2023-08-18,-0.0076701740439841,5.8831569865008914e-05,4.830647749644518e-05,0.0002621114409601,0.0006717747347193,0.0007351339009275,0.0006852354857131,0.00038813820624183123,0.0005894145368912014,0.0005801889909364349,0.0005823417070545019,0.3339998364023838,0.2199438413413545,0.22344115350594337,0.22261516875031828,0.0005521008741603912,0.023496826895570203
2023-08-21,0.0163201650212546,0.0002663477863209,0.0001361390219229,0.0002499146486944,0.0006595974614117,0.0007403069008744,0.0006729369607469,0.00038491214023319973,0.0005868438575606816,0.0005803268800750963,0.000580843123804019,0.3353624707511757,0.219964961220338,0.22243513234131917,0.22223743568716708,0.0005431223720882199,0.023304985992019387
2023-08-22,-0.0031179724450641,9.721752168179152e-06,4.35736183925711e-05,0.000250900636952,0.0006715854069006,0.0006837553920588,0.0006579472757598,0.0003841739332277877,0.0005888844628796981,0.0005834796850096025,0.00058312177187072,0.33674373307423655,0.2196834397571227,0.22171836954839086,0.22185445762024997,0.0005295950761001403,0.023012932800930443
2023-08-23,0.0007284707485974,5.306696315621246e-07,8.074995796940833e-05,0.0002364299038649,0.0006546561497625,0.0006666903238661,0.0006451355192357,0.0003811460827814908,0.0005871654704887315,0.0005842234781345927,0.0005825352744081179,0.3383161575350887,0.2196107991140114,0.2207167000509999,0.2213563432999,0.0005137121445067627,0.02266521882768315
2023-08-24,0.0059112925034338,3.494337906115353e-05,0.0001167378238805,0.0002222759498109,0.0006421559791255,0.0006321890110573,0.0006342821657133,0.00037996718846643207,0.0005878039689843283,0.0005867231161859682,0.0005838061860552943,0.3395733347274027,0.2195063866232279,0.2199107580987919,0.22100952055057752,0.0004956438861547423,0.02226306102391902
2023-08-25,-0.0173137747884648,0.0002997667974256,0.0001546923348842,0.0002110359955659,0.0006369626782479,0.0006011850162217,0.0006268973929126,0.00038043194064117875,0.000590700009477562,0.0005905312589849183,0.000587031421425916,0.3405627764693737,0.21933461297381823,0.21939729013684725,0.22070532041996077,0.0004818369205003022,0.021950784052062973
2023-08-28,0.0149326187316243,0.000222983102184,0.0001390947784546,0.0002163598436775,0.0006593506680283,0.0006938444014308,0.0006703700486487,0.00037720277075269456,0.0005855236123393158,0.0005854553055468956,0.0005819297514106462,0.34051861398263267,0.21936701096296965,0.21939260515733375,0.22072176989706396,0.0005185039337398229,0.022770681450932095
2023-08-29,0.0237619246881235,0.000564629064884,0.0003285506131486,0.0002167572391879,0.0006671676063721,0.0006469655053743,0.0006555097700527,0.00037453826173478185,0.0005823086884361922,0.0005832758027725334,0.0005789645593388439,0.3410368065456902,0.21935330048780532,0.2189895965237164,0.22062029644278802,0.0005065650878614215,0.02250700086331854
2023-08-30,0.0121725680480556,0.0001481714128845,7.816745592503267e-05,0.0002376295487297,0.0007059967816389,0.0006043086997463,0.0006493498573675,0.0003755132991420031,0.0005824490249884942,0.0005833653068836374,0.000579078177741169,0.34049698018480473,0.2195233211689402,0.21917851964856297,0.2208011789976922,0.0005117236022949644,0.02262130858935805
2023-08-31,0.0080666408188055,6.507069409962036e-05,0.0001830229718106,0.000232262060579,0.0006917990443654,0.0005750369800583,0.000639309587016,0.0003727088786465651,0.0005798284532295619,0.0005817148203064142,0.0005767312717435628,0.3413269351972202,0.21940209825966986,0.21869062782724843,0.22058033871586163,0.0004978337826489459,0.022312189104813224
2023-09-01,-0.0016876256474222,2.84808032583723e-06,0.0001197580338519,0.0002222305785902,0.0006739290927414,0.0005527423362561,0.0006309361392195,0.000372216757919406,0.0005810516838250177,0.000582771837100615,0.000577699574089569,0.34204397783922447,0.21911045788400765,0.2184637149430276,0.22038184933374022,0.0004834785605479057,0.021988145909737494
2023-09-04,0.020941675124282,0.0004385537570109,0.0002339142615051,0.0002090676286943,0.0006555885515687,0.0005480253891695,0.0006244778128349,0.0003709115417430924,0.0005811983479209383,0.000583115268252153,0.0005777980210695146,0.34291082933252565,0.21884023731848495,0.21812082672671454,0.2201281066222748,0.0004721615776705697,0.021729279271769916
2023-09-05,0.0142968922219806,0.0002044011272069,0.0001794973463318,0.0002228367963933,0.0006857106290843,0.0005240152256107,0.0006252239423255,0.0003713007546485758,0.0005815395054314196,0.0005832804470790833,0.0005780806336058073,0.3427766559268419,0.2188556922321777,0.21820246445582536,0.22016518738515486,0.0004784488863447615,0.021873474491830545
2023-09-06,-0.0044217753081649,1.955209687589694e-05,0.0001016865899708,0.0002217306562421,0.0006834084539244,0.0005070047968925,0.0006226220976354,0.00036898241106772544,0.0005780647298871218,0.0005785823059179194,0.0005735882635280238,0.3425443843304633,0.2186482694639484,0.21845267567842747,0.22035467052716076,0.00047333290856758486,0.02175621540083626
2023-09-07,0.0223872285547101,0.0005011880023608,0.0004240863615837,0.0002095999426802,0.0006637202568154,0.0005251988222751,0.0006212132368965,0.0003691697116589663,0.0005801610036768212,0.0005783878763515546,0.0005744640047805325,0.3427909604359458,0.21812572582684625,0.2187944201418912,0.2202888935953167,0.0004683803768440849,0.02164209733006681
2023-09-08,0.0172780720703412,0.0002985317744679,0.0002122921202725,0.000227095226261,0.0006974190049082,0.0005042242306951,0.0006237040820454,0.00036762030692606836,0.0005805331630695034,0.0005782729793245822,0.0005746618079621357,0.34379820955856966,0.21770884310948943,0.21855975955538043,0.21993318777656048,0.0004772855705251816,0.021846866377702355
2023-09-11,0.0015728057127265,2.4737178099852364e-06,6.665414453367102e-05,0.0002313814191534,0.0007006534027843,0.0004889168768883,0.0006227861178139,0.00036547129989755126,0.0005754798993581114,0.000574389362962013,0.0005700220062062481,0.3433472664845363,0.21805031233643166,0.2184643029447487,0.22013811823428334,0.0004761317198436455,0.021820442705033406
2023-09-12,-0.0306964928976472,0.0009422746762153,0.0004998078728722,0.0002176469570728,0.0006738629557938,0.0004831465308982,0.0006181507280421,0.00036253973231135033,0.0005824742340508009,0.0005773470952666263,0.0005755209282063266,0.3471875983545481,0.21609419200214905,0.21801321943284468,0.21870499021045817,0.000461707174851684,0.02148737245108587
2023-09-13,0.008542962389323,7.29822063853885e-05,0.0001413828906588,0.0002611246202214,0.0007475845658311,0.0006861914119708,0.0007696719354958,0.00037360220682226396,0.0005783265976789847,0.0005755201002178713,0.0005715138227807415,0.33911321236773867,0.21906902606872444,0.22013730616048444,0.22168045540305248,0.0005740009856455829,0.02395831767143893
2023-09-14,0.015661237236475,0.0002452743517771,0.0001905882094528,0.0002498360753912,0.0007129276058337,0.0006440655060194,0.0007252877631192,0.00037381805531167423,0.0005840476275794788,0.0005804086626251203,0.0005777208753356848,0.34116141686836915,0.21835941347737814,0.21972845274964636,0.22075071690460646,0.0005425361941047353,0.02329240636140318
2023-09-15,-0.0092545900431908,8.564743686752771e-05,0.0001478438751365,0.0002495623719743,0.0007060617024072,0.0006060166975035,0.0006955115901851,0.00037233211490249096,0.0005808997303706465,0.0005752237024468899,0.0005740316520302627,0.3404989783980787,0.21824541847902448,0.2203989581962674,0.22085664492662943,0.0005262442695129022,0.02294001459269157
2023-09-18,-0.0056507692720941,3.193119336644357e-05,6.705480403792566e-05,0.0002397274758679,0.0006857176733284,0.0006417132413256,0.0006847744757674,0.000372530265141327,0.0005824567990941205,0.0005747408977403742,0.000575089574115367,0.34065364208170545,0.21787674519968953,0.22080174232421207,0.22066787039439295,0.0005238650995773892,0.02288809951868851
2023-09-20,-0.013406530551875,0.0001797350614383,0.0002006128481436,0.0002272596989178,0.0006665153534209,0.0006482203566752,0.0006681813774334,0.00037166741891034495,0.0005820276248563099,0.0005718124716760915,0.0005740902084657644,0.3406044108063936,0.21750095154872395,0.22138650082749523,0.22050813681738723,0.0005132200465642032,0.022654360431585863
2023-09-21,-0.0104883303337922,0.0001100050731907,0.0002402265060844,0.0002244082206691,0.0006678394644237,0.0007070463075416,0.0006804836580562,0.00037058247063885357,0.000580076008923403,0.0005682108522332447,0.0005717593285155005,0.34023007413332257,0.21735651797076103,0.2218952717330557,0.22051813616286076,0.0005284589066086039,0.022988234090695264
2023-09-22,-0.0006774365725731,4.58920309859688e-07,9.007293004241691e-05,0.0002175440318204,0.0006619148542153,0.0007366612917037,0.000677914310526,0.00036929670574291893,0.000578406311288134,0.0005654236234009049,0.0005699227414489888,0.3401843762467683,0.21719847629836625,0.2221855690031294,0.22043157845173594,0.0005308812083298816,0.02304085953973683
2023-09-25,0.0106870483236198,0.0001142130018713,0.0002740976053513,0.0002045189251297,0.0006471225011301,0.0006939799206035,0.0006580479250293,0.00037028830552018064,0.0005818081542415713,0.0005696283133413516,0.0005735244900718273,0.3410486588809179,0.21705837066097589,0.22169953114895063,0.22019343930915544,0.0005089671197116429,0.02256029963700932
2023-09-26,-0.0034535435754418,1.192696322747565e-05,5.757215230918338e-05,0.0001991005697342,0.0006481321885843,0.0006492839745341,0.0006451422900564,0.00036928931919124035,0.00058009947461062,0.0005686527328773833,0.0005721276050690811,0.3411252935949878,0.21715918207849175,0.22153050560959556,0.2201850187169249,0.0004945529706311128,0.022238546954131532
2023-09-27,0.0160157199781256,0.0002565032864177,0.0002934831965038,0.0001878701533438,0.0006388024262131,0.0006402286414328,0.0006362406784848,0.0003696214489968579,0.0005815372243751009,0.0005705166520014095,0.0005736737654024215,0.3415567401684827,0.21709134329513996,0.2212848595616556,0.22006705697472176,0.0004845353126064145,0.0220121628334522
2023-09-28,-0.0164001374973501,0.0002689645099319,0.0002039563633576,0.0001919881413283,0.0006563724458193,0.0006026940759252,0.0006312856224632,0.0003688542786559715,0.0005782061928320586,0.0005680759085757952,0.0005705449405647382,0.34086324340594437,0.21744641846711024,0.22132405875483302,0.22036627937211256,0.0004806723009871296,0.02192424003214546
2023-09-29,0.0205525862591944,0.0004224088019416,0.0002173764259759,0.0001966067234445,0.0006696320525388,0.0006885606633437,0.000668478768142,0.0003683621952036142,0.0005753418829526437,0.0005657584649831857,0.0005676231241016633,0.3401014362504578,0.2177496812958992,0.22143815674564235,0.2207107257080008,0.0005126924331812104,0.022642712584432335
2023-10-03,0.0146778677904423,0.0002154398028737,0.0002373778675122,0.0002101548481543,0.0006937511988364,0.0006397735110123,0.0006568178507326,0.00036863271007210233,0.0005754347705645009,0.0005662699376400314,0.0005677722432747309,0.3400363977845845,0.2178327505574959,0.22135827898773047,0.22077257267018907,0.0005092085594100086,0.022565649988644434
2023-10-04,-0.0244257090205117,0.0005966152611547,0.0006321320356725,0.0002104719454375,0.0006899992537346,0.0006029949304849,0.0006456110090557,0.00036203015596565483,0.0005786335130159961,0.0005683672726858343,0.0005703860466130309,0.34514417672111253,0.2159442847990169,0.21984481889415475,0.21906671958571586,0.0004956417588592928,0.02226301324752094
2023-10-05,-0.0014274853883055,2.037714533825826e-06,0.0001011892735847,0.0002336405443805,0.0007247745542865,0.000749305230647,0.0007326995604038,0.0003645291588570044,0.0005776519800622047,0.0005682662930260932,0.0005699348656299828,0.34339160254112655,0.2166983864911118,0.2202774536675324,0.21963255730022924,0.000563267403848025,0.023733255230752166
2023-10-06,0.0441536073261738,0.0019495410399139,0.0007951226854005,0.0002197443745897,0.0006903476768374,0.0007092073937453,0.0006979144794533,0.000364299615791559,0.0005775594343880285,0.0005702329751563101,0.0005707774711090225,0.3438943860691186,0.21691376723955522,0.2197007156303308,0.2194911310609954,0.0005343141824947577,0.023115237020086075
2023-10-09,-0.0144100041505723,0.0002076482196195,0.000145881490418,0.0003235321745091,0.0008575676454688,0.0006442891031556,0.0006985855463103,0.0004262702379210257,0.0005934936605467865,0.0005867241860237829,0.0005870891966316765,0.31537397009712564,0.22651385550360462,0.2291273147924242,0.22898485960684553,0.0006038743254606745,0.02457385450963431
2023-10-10,0.0379150001593621,0.0014375472370844,0.0005537106740391,0.0003165791372158,0.0008014803537229,0.000710829563217,0.0007070531510519,0.00042652737325756706,0.0005964601390731304,0.0005868960153373438,0.0005877251684543428,0.31569892355331525,0.2257556268767315,0.2294345660636982,0.229110883506255,0.000605964837027886,0.02461635304077121
2023-10-11,0.0062995553671484,3.9684397823769405e-05,7.882662591390411e-05,0.0003838372232079,0.0008835508891618,0.0006487897365088,0.0006983237317856,0.0004494409376924095,0.0005957505125101653,0.0005873424876597309,0.0005887886716569767,0.30460373478775254,0.22979650929848186,0.23308613128449435,0.23251362462927125,0.0006335488335986695,0.025170395976199293
2023-10-12,0.0030909047458286,9.553692147785836e-06,4.470954871632941e-05,0.0003631880536848,0.0008028272334072,0.0006146420585371,0.0006732598595344,0.00045081381135585907,0.0005997642268488479,0.0005863564598997643,0.0005888953808729113,0.3043199435125452,0.22874260828674794,0.2339730914364663,0.23296435676424057,0.0005948214160293995,0.02438896094607967
2023-10-13,0.0023779897004484,5.6548350154388165e-06,0.00025385643682,0.0003419699919926,0.0007445645480963,0.0005881116049908,0.0006547357112707,0.0004529166214497928,0.0006043486241193398,0.000587487040925727,0.0005909099565043845,0.30424345397107544,0.22800898648787943,0.23455311806310294,0.2331944414779422,0.0005644336787296551,0.02375781300392894
2023-10-16,-0.002289774203291,5.243065902057192e-06,7.708626903783532e-05,0.000321791082574,0.0007042618649545,0.0005664314291116,0.0006412913694873,0.00045456043710349366,0.0006068859225774681,0.0005878983924091464,0.000591915128288504,0.30393760304434664,0.22765070757493255,0.23500321054777717,0.2334084788329436,0.000540926169630638,0.023257819537322023
2023-10-17,8.8207715869848e-05,7.780601138975834e-09,4.360507230331995e-05,0.0003027982015737,0.0006766067479674,0.0005632642993005,0.0006323578531835,0.0004563747759080999,0.0006103678975215222,0.0005893160211227837,0.0005943817409543667,0.30395755614623277,0.22727040877329122,0.23538908938453704,0.233382945695939,0.0005259783025502239,0.02293421685059736
2023-10-18,0.0003525323703494,1.2427907214423308e-07,7.949974416564166e-05,0.0002846307763153,0.000657144957986,0.0005467834263645,0.0006250375345431,0.00045776046989308184,0.0006119192373194121,0.0005898819856471803,0.0005954656240774131,0.3036894464224448,0.22718197961039674,0.2356692136366696,0.23345936033048886,0.0005105117384580982,0.022594506820422043
2023-10-19,-0.0128611072381295,0.0001654080793906,0.0001252999439874,0.0002675603864807,0.0006438214553715,0.0005328044986226,0.0006197468715043,0.0004590327687541789,0.0006133815225258626,0.0005907193806111191,0.0005967030804019992,0.3035159218440321,0.22714044823410634,0.23585438117995708,0.23348924874190452,0.0004978152380576677,0.022311773530082
2023-10-20,-0.0142048805686303,0.000201778631969,0.0003326194225084,0.0002614312480553,0.0006508862559598,0.0006015828686436,0.000643112632868,0.00045921780782556994,0.0006136919886600217,0.0005902249434189394,0.0005968448479286079,0.30342247521726134,0.22704712867201887,0.23607440767778295,0.23345598843293694,0.0005192627866558771,0.022787338296867344
2023-10-23,-0.035482627282338,0.0012590168388573,0.0007273137678238,0.0002578520910901,0.0006592903917344,0.0006719081503006,0.0006659840637379,0.00045200205398551063,0.0006161108312125976,0.0005922128336126524,0.0005992484448049296,0.30758236165127695,0.22565397683800473,0.2347599568013162,0.2320037047094021,0.000540330152323803,0.023245002738735115
2023-10-25,-0.0052677646680425,2.7749344597877148e-05,0.0002973479554297,0.0003179219759562,0.0007686328246993,0.0009059545514396,0.0008563239857405,0.0004700905609687433,0.0006180061210411481,0.0005921850047205154,0.0006003365435915007,0.299623163197077,0.2279103977631399,0.2378480031472903,0.23461843589249284,0.0006868250760506543,0.026207347749260212
2023-10-26,-0.0149178726988326,0.0002225429258585,0.0002854071532985,0.0003005116180747,0.0007229178081467,0.0008624803582168,0.0007915156557354,0.0003997062779765945,0.0005970574056192293,0.0005756749049632156,0.0005815368198857602,0.32774910904527055,0.21941504326667194,0.22756485536745943,0.22527099232059805,0.0006316871924141745,0.025133388001106705
2023-10-27,0.0261719223183102,0.0006849695178356,0.0002379356829421,0.0002958334965417,0.0007106796982194,0.0009005931057848,0.0007766856134421,0.0003998107477111984,0.0005956156992876668,0.0005793972543611582,0.0005835459351679671,0.3282517384622367,0.22034102383305854,0.22650879341289065,0.2248984442918141,0.0006323673957724513,0.025146916227888685
2023-10-30,0.0335626541732495,0.0011264517551531,0.0008672737657948,0.0003191816578193,0.0007476010773775,0.0008052730924921,0.0007385683784998,0.0004012120325639996,0.0005866944308501168,0.0005748352020823796,0.0005774417306427744,0.32503186409483675,0.2222736197659088,0.22685927091651312,0.22583524522274137,0.0006193946443591861,0.024887640393560537
2023-10-31,0.0161906674527186,0.0002621377125645,0.0001871569755613,0.0003676178636593,0.0008161537304253,0.0007262938869153,0.0007169341912416,0.0003899041805926806,0.0005830510334892147,0.0005671627329858793,0.0005719264148097033,0.32917112368341345,0.22012686691674885,0.22629342477928402,0.2244085846205537,0.0006259082670566959,0.02501815874633255
2023-11-01,0.0199417943264409,0.000397675160958,0.0005169358287071,0.0003612890545937,0.0007784428480189,0.0006725447054192,0.000689698602926,0.00038906660592086717,0.0005803068568695953,0.0005628761431640483,0.0005671034948294,0.3281140451686241,0.21998399018988266,0.22679628450964054,0.22510568013185267,0.0005975746904732118,0.02444534087455546
2023-11-02,0.0052917237077934,2.8002339799623227e-05,0.0001500330532519,0.0003634722209755,0.0007658833633824,0.0006270846878215,0.0006718269222682,0.0003877831631042623,0.0005757087994203577,0.0005552679668351144,0.0005607690017485271,0.3264275701615835,0.21987351211088899,0.22796761787500333,0.22573129985252408,0.000581652185816534,0.024117466405419414
2023-11-03,0.0305879246625374,0.000935621135161,0.0004893360929148,0.000343344028105,0.0007210587073683,0.0005972890600109,0.0006539472655856,0.00038772153577278925,0.0005756052865446764,0.000549129394797106,0.000557867372733016,0.3252390230959619,0.21907751105795384,0.22964018084408072,0.22604328500200346,0.000554618579111756,0.023550341379940887
2023-11-06,-0.0064821651282291,4.201846474963062e-05,9.774925181233426e-05,0.0003788806545283,0.0007792704750529,0.0005602298560012,0.0006531972640848,0.0003929506754576713,0.0005689987651355997,0.0005410186064063316,0.0005509100197238228,0.3194692000328047,0.22062550155253105,0.2320357127357817,0.22786958567888255,0.0005718047628803725,0.023912439500819914
2023-11-07,0.0007598004121394,5.77296666287229e-07,0.000111430087333,0.0003586689231416,0.0007316045935788,0.0005840470247352,0.0006470109257733,0.00039340362824714123,0.0005702780540010141,0.0005365337544856539,0.0005491934341592521,0.318531500418458,0.21973745455651766,0.23355743590774922,0.22817360911727513,0.0005590476249953339,0.02364418797496192
2023-11-08,0.0058064216306558,3.3714532152948046e-05,0.0001097542458338,0.0003371834255531,0.0006948844278288,0.0005638409959629,0.00063563861679,0.00039467206816492704,0.0005722559283911118,0.0005345145985664036,0.000549164692268841,0.3177902808501153,0.2191728231430517,0.2346483103028785,0.22838858570395457,0.0005369303389995785,0.023171757356738796
2023-11-09,0.0080227770066411,6.436495089829025e-05,7.464690066272484e-05,0.0003189752919491,0.0006729709959785,0.000544487894017,0.000627861553992,0.0003960028321239397,0.0005742942307225792,0.0005332376433149552,0.0005499408756848097,0.3172319049012867,0.21874629076966404,0.23558864299229898,0.22843316133675026,0.0005200986123847175,0.022805670619052566
2023-11-10,0.0088667855231885,7.861988551422689e-05,0.0001633425445607,0.000303698671486,0.0006609592600277,0.0005271943478026,0.0006226503134614,0.0003973044453324276,0.0005780662597266062,0.0005350062448073248,0.00055308860663732,0.31763643997882945,0.21831125321661343,0.23588204965458745,0.22817025714996972,0.0005071865746818735,0.022520803153570555
2023-11-13,0.0038701332799351,1.4977931604461338e-05,4.851543934262489e-05,0.0002901939443277,0.0006541256473727,0.0005122364680093,0.000619074082148,0.0003968163730865769,0.0005826918005085679,0.0005374453805406458,0.0005571953181243833,0.31933465017281687,0.2174686816801788,0.23577692221482344,0.22741974593218098,0.0004964840322302115,0.02228192164581438
2023-11-15,0.0222683451952359,0.0004958791977341,0.0001450976893733,0.0002736809835643,0.0006432079731325,0.0005019329821453,0.0006156348605244,0.00039833248073967473,0.0005852314778348771,0.0005348116448650021,0.0005584595811107758,0.3186012290995606,0.21685302783686702,0.23729703564321614,0.2272487074203563,0.00048568612929907973,0.022038287803254585
2023-11-16,0.0130155715646391,0.0001694051031542,0.0001563661760733,0.0002870128764145,0.0006828441703993,0.0004846907460316,0.0006195999737438,0.0003977449563766114,0.0005785782396895324,0.0005250814212800012,0.000550995919899494,0.3157751998000564,0.2170803954477887,0.2391971758648716,0.2279472288872833,0.000496036385586604,0.02227187431687338
2023-11-17,0.0014270983697924,2.0366097570643235e-06,4.346552010282001e-05,0.0002799564100189,0.0006780156278226,0.0004742923219596,0.0006180867615015,0.00039716855997004515,0.0005769616844436929,0.0005193690103065709,0.0005481192659216415,0.3146934616169079,0.21662850818748555,0.2406503786365682,0.2280276515590384,0.0004900574653026147,0.022137241592000905
2023-11-20,-0.0077938816074274,6.074459051059603e-05,0.0001044097043918,0.0002632812220032,0.0006583090773304,0.0004706898235316,0.0006147474634035,0.0003987802500351559,0.000581311583760838,0.0005193431484007661,0.0005513662849862553,0.31475103910639196,0.21591948548768616,0.24168316932683148,0.22764630607909053,0.00047871259300806307,0.02187950166269934
2023-11-21,0.0130088253389624,0.0001692295366996,0.0001783227814676,0.0002511290241136,0.0006505584320507,0.0005136272731555,0.0006222921216897,0.0003984217844972187,0.0005801495391035615,0.0005147292507364374,0.0005496515512411876,0.31390659673608357,0.21557756751869744,0.24297672272967213,0.22753911301554686,0.0004854721305531603,0.022033432110162964
2023-11-22,-0.0029992180758996,8.995309066803237e-06,0.0001310725880701,0.0002462150548688,0.0006558767392884,0.0004988418172656,0.0006200306951308,0.00039739682474498314,0.0005773243834718321,0.0005094378144871679,0.0005464546330772479,0.3129264423332089,0.2154005237300507,0.2441043264272516,0.22756870750948885,0.0004811924240185402,0.021936098650820756
2023-11-23,0.0056750683739404,3.220640104889918e-05,4.3623706856809066e-05,0.0002319818701206,0.0006438216402846,0.0005096705502471,0.0006176042953667,0.00039784071131501747,0.0005780420265597262,0.0005075243913091567,0.000546670486102492,0.31251045847726433,0.21508709986700375,0.2449722323163031,0.2274302093394288,0.00047629149665432346,0.021824103570463632
2023-11-24,-0.0107468313249954,0.0001154943835279,0.0001455435453991,0.0002199953419763,0.0006378358050806,0.0004989112686415,0.0006148034052543,0.000398511208073719,0.0005817835681044157,0.0005097708559992282,0.0005502513590881312,0.3133850678720509,0.21466309610095624,0.2449874497928232,0.22696438623416973,0.00046762854080502835,0.021624720594843033
2023-11-28,-0.0003177973506488,1.0099515607940196e-07,0.000145191421431,0.0002137252844694,0.0006418946332162,0.0005573512229481,0.0006313331747537,0.0003987385852156332,0.0005829629936100453,0.0005085482225943603,0.0005509952799254952,0.3133098947631968,0.2142996134253818,0.24565761637040368,0.22673287544101775,0.0004845815771271735,0.0220132136937607
2023-11-29,0.0134198743565771,0.0001800930277463,0.0001429543531872,0.0002009078271106,0.0006333698880779,0.0005437443509442,0.0006243132418057,0.000397160087165897,0.0005886727449170589,0.0005135014801857055,0.0005568653737963078,0.3163243411734197,0.21341467563753294,0.2446563598369692,0.2256046233520782,0.00047260093262528277,0.021739386666262753
2023-11-30,-0.018678964858547,0.0003489037281868,0.000197362519694,0.0001996589391488,0.0006451637777316,0.0005239992298406,0.0006216376027957,0.00039700122980626166,0.0005871744034864082,0.0005122695786005087,0.000556058966258116,0.31594960319301807,0.21362031498590695,0.2448561973309105,0.22557388449016452,0.0004694319196453994,0.021666377630914665
2023-12-01,0.0054179023034535,2.9353665369766928e-05,6.959322259553116e-05,0.000208613626491,0.0006697841778056,0.0006338475350871,0.0006746453638555,0.0003968820068586885,0.0005828294261403671,0.0005085240094537896,0.0005522186749465594,0.3144534872836996,0.21412942706638674,0.24541797196737597,0.22599911368253764,0.0005170466154756105,0.02273865905183528
2023-12-04,0.031289262272868,0.0009790179335803,0.000322233854028,0.0001978580288238,0.0006553454333135,0.0006028011195341,0.000656002987149,0.0003965460270722529,0.0005822543819005102,0.0005095558398788467,0.0005525491631820922,0.3147684602055202,0.21437396818677373,0.24495879072218493,0.22589878088552126,0.0004986201764859344,0.022329804667437968
2023-12-05,0.0013083211018602,1.7117041055726883e-06,0.0001773957510796,0.0002447276231092,0.0007384966067274,0.0005644215988277,0.0006552656353132,0.00040809459705883386,0.0005830790355220712,0.0005116702110116408,0.0005536004209577788,0.309153999473265,0.216375601175929,0.24657303499206196,0.22789736435874408,0.0005239556285935741,0.02289007707705621
2023-12-06,0.0043744152313831,1.9135508616556717e-05,9.259022766041916e-05,0.0002301466679689,0.0006997178731432,0.0005471595852035,0.0006416215793737,0.00040929184518115244,0.0005875097567424577,0.0005151516531391756,0.0005573515716366465,0.31002809014633637,0.21598274346549678,0.24631963869424095,0.22766952769392598,0.0005033327510869099,0.02243507858437117
2023-12-07,-0.0066844074767867,4.468130331572304e-05,4.4744293291350845e-05,0.0002174859984078,0.0006748544022517,0.0005311868000575,0.0006319913541341,0.00040936614441131985,0.0005878286307556803,0.0005158176815281336,0.0005577072402079337,0.3101692974236893,0.21600310491490404,0.2461583112562966,0.2276692864051101,0.0004878691918511958,0.022087761132609067
2023-12-08,0.0020024362827003,4.009751066274785e-06,0.0004268147118236,0.0002071177167023,0.0006603212142732,0.0005601185312351,0.0006321178668747,0.0004082416824527056,0.0005930605835979204,0.0005196181917765927,0.0005626243416005616,0.3125367392979578,0.21513910687712132,0.2455466846590657,0.22677746916585517,0.0004876781505449751,0.022083436112728814
2023-12-11,0.0261212900996615,0.0006823217964706,0.0003377205598733,0.0001949312387641,0.0006463784602154,0.0005432141260386,0.0006249177245609,0.0004089789306470858,0.0005968652145889506,0.0005238818489943229,0.0005668855228529693,0.31374216479429917,0.21497975073793094,0.2449291482474415,0.2263489362203284,0.000474614864481558,0.02178565731121184
2023-12-12,-0.00676843747,4.5811745785300885e-05,0.0002557439884964,0.0002241746722265,0.0007032834529489,0.0005175570320041,0.0006288122306595,0.0004127343124981889,0.000590038446686445,0.0005204141859983827,0.0005612494916863363,0.309791553493001,0.21670046175249866,0.24569200319431156,0.22781598156018873,0.0004922623684648856,0.022186986466505215
2023-12-13,0.0166876644315175,0.0002784781441789,9.38315756983292e-05,0.00021347289664,0.0006799111152426,0.0005487358061742,0.0006300053583379,0.0004026517263711524,0.0005951042808918752,0.0005206022227598356,0.0005647254900491392,0.3161509645486394,0.2139099578961752,0.24452206714480385,0.2254170104103816,0.0004891213582735505,0.022116088222684193
2023-12-14,0.0375066730115293,0.0014067505203937,0.0003295261570087,0.0002173732114924,0.0006866924923238,0.0005266265732504,0.0006270725986935,0.0004020060712498365,0.0005909738628602433,0.000515729485528369,0.000559361057372917,0.31462157479204433,0.21401925053070742,0.2452444290304767,0.2261147456467716,0.0004862983090942579,0.02205217243480238
2023-12-15,0.0082575346396765,6.818687832545767e-05,0.0001434581361946,0.0002887358500264,0.0008018826852737,0.0004984311099386,0.0006400886231447,0.00043033185746411035,0.0005951861108481902,0.000525582183745393,0.00056495681747722,0.3027092512877022,0.2188650440659105,0.24784979096877327,0.23057591367761404,0.0005340321677563796,0.023109136023581226
2023-12-18,-0.0116943677614632,0.0001367582373403,0.0001132964807926,0.0002755029117244,0.0007496620077886,0.0004881663428113,0.0006315411485183,0.0004307532974506786,0.0005973299767722465,0.0005242220242679641,0.0005642946874501074,0.30246391878459405,0.21811617605455427,0.2485346367471958,0.23088526841365592,0.0005139828930616867,0.022671190817019002
2023-12-19,0.0013618183673954,1.8545492657757425e-06,7.648251217380148e-05,0.0002671782312613,0.0007205995620143,0.0005537884436227,0.0006469294079117,0.00043029011502950914,0.0005966070781160837,0.0005202591878771193,0.000561609523822418,0.3017073161944255,0.21759995908946295,0.24953269219573415,0.23116003252037745,0.0005251446065289321,0.02291603383068135
2023-12-20,-0.0330597354629733,0.0010929461088817,0.0007955938505236,0.0002512588103416,0.0006874690910652,0.000538209965888,0.0006355968183327,0.00043160771252350973,0.0006005003424947796,0.000521621349034597,0.0005642377927276534,0.3020125100772589,0.21707053169426352,0.24989569324411126,0.2310212649843663,0.0005064453186389177,0.022504339995630125
2023-12-21,0.0256547088549877,0.0006581640864341,0.0004724270112804,0.000301760048254,0.0007716694742445,0.0007588073839755,0.0008070542689732,0.00044483072583769367,0.0005984601362958652,0.0005208423283321714,0.000562517848047301,0.29514740865607875,0.21938075413713232,0.25207366774895884,0.23339816945783015,0.0006379934769076332,0.02525853275445019
2023-12-22,0.0327245207940079,0.0010708942611974,0.0004249195901961,0.0003231442905448,0.0007867640351193,0.0006936157942121,0.0007601637979703,0.0004463250006394612,0.0005925176735012383,0.0005122619609900574,0.0005560096258613636,0.2917765425831506,0.21978612854783025,0.254219863023427,0.23421746584559228,0.000621580295793837,0.024931512104038874
2023-12-26,-0.0015374891970322,2.363873030990897e-06,7.810640777004879e-05,0.000368009288784,0.0008375442765477,0.0006376079624674,0.0007318012764393,0.00045649635322720663,0.0005896520026768632,0.0005090996687329062,0.0005530159617973769,0.28601501276390306,0.2214268919671691,0.2564621788498042,0.2360959164191235,0.0006270086277736335,0.025040140330549937
2023-12-27,0.0078033178385476,6.089176928939527e-05,0.0001191792093287,0.0003460705638388,0.0007676476974022,0.0006182704668569,0.0006973186838017,0.00045829389845514294,0.0005937751857577234,0.0005090556527456744,0.0005549882358440982,0.2858870064430995,0.22065635924694657,0.2573790704293323,0.23607756388062168,0.0005920745977609064,0.024332583047447027
2023-12-28,0.0113174864021484,0.0001280854984628,0.0001513545618873,0.0003289598361658,0.0007254899788754,0.0005887509227007,0.0006728177659743,0.00045968493339782705,0.0005987137544064974,0.0005117239705147047,0.0005588910932388409,0.2866488778650935,0.22008542372740147,0.2574985303061759,0.23576716810132906,0.0005641965739542462,0.023752822441854067
2023-12-29,-0.003092664468849,9.564573516881191e-06,4.6025572212901134e-05,0.0003169073759036,0.0007031875417566,0.0005625649987053,0.0006560062552685,0.00046030858160227875,0.0006015853609056647,0.0005133634600980458,0.0005613527099899656,0.28720690176734515,0.21975900706739881,0.2575247594631344,0.23550933170212154,0.0005449197922837445,0.0233435171361075
2024-01-01,-0.0038621758231421,1.4916402088863787e-05,6.237209042920044e-05,0.0002984668077604,0.0006762940427256,0.0005648906766521,0.0006437064186241,0.0004610949366693627,0.0006073753682003928,0.0005171636618254262,0.0005666325723139099,0.28864278625755707,0.21912598735084926,0.2573493403997575,0.23488188599183624,0.0005309131115149747,0.02304155184693459
2024-01-02,-0.0135658313424282,0.0001840317800112,0.000321521421489,0.0002814537834201,0.0006583913854155,0.0005716141735741,0.0006356940646941,0.00046254522912427204,0.0006102312248350373,0.0005191324139623039,0.0005695745579551364,0.288928060023286,0.2190027161589929,0.25743392654654484,0.23463529727117627,0.0005218185443473217,0.022843347923352252
2024-01-03,0.0025182995940533,6.34183284540902e-06,0.0001417525788544,0.0002756084632156,0.0006626940231543,0.0006409471513479,0.0006577033088459,0.00046002300170050643,0.0006131778606977119,0.0005215375858171508,0.0005725165042785512,0.29105390881130516,0.21835669773806252,0.25672453228516484,0.23386486116546734,0.0005432811496877145,0.023308392258749092
2024-01-04,0.0619676620628987,0.0038399911415416,0.001466998209422,0.0002594524653934,0.0006482327602812,0.0006101214071885,0.0006434460111589,0.00046036460863556436,0.0006119323899088982,0.0005190440311256939,0.0005709190529267608,0.2902237792163295,0.21833908245247657,0.2574131451736215,0.23402399315757239,0.0005244688964037652,0.022901285911576346
2024-01-05,-0.0111600146758854,0.0001245459275659,0.0003072747856395,0.0004742847859623,0.0010139300380233,0.0005556476212891,0.0006845687642581,0.0006129735595314173,0.0007195997571324753,0.0006462459970463375,0.0006856656816968734,0.27068558132848636,0.2305769320461395,0.25674914051166825,0.24198834611370607,0.0006704906427375505,0.025893834067931124
2024-01-08,0.0083981569013425,7.052903933956825e-05,0.0003044996371076,0.0004533004544585,0.00090047540383,0.0006104972853076,0.0006832580873699,0.0006144521036276754,0.0007238558496430173,0.0006461840131502883,0.0006865475431739203,0.2706549243076481,0.229748074399122,0.257363977154515,0.2422330241387149,0.0006521981724234458,0.025538170890325052
2024-01-09,0.0391294549573405,0.0015311142452585,0.0005548115838144,0.0004303341695513,0.000817445685288,0.0005820290776995,0.0006627819429576,0.0005992081960729184,0.0007271206611419058,0.0006431261392630436,0.0006846248001504237,0.2754038545671654,0.2269557938672206,0.25659701388567463,0.24104333767993932,0.0006131458185110804,0.024761781408272718
2024-01-10,0.0081355179506966,6.618665232610705e-05,0.0003130953866818,0.0004963809740938,0.0009036574149325,0.0005435684913912,0.0006675730945165,0.0006142244885804066,0.0007247928383321419,0.0006499541932817157,0.000688511222782388,0.2714012831668027,0.22999856722756873,0.2564816352849355,0.2421185143206931,0.0006436054854138712,0.025369380863826205
2024-01-11,0.00175714605116,3.087562245107424e-06,6.278607864414829e-05,0.0004705693147877,0.0008192004999139,0.0005263680572436,0.0006513842190355,0.0006150381185359326,0.0007256210429327882,0.0006481793564927154,0.0006875563250873989,0.270929268851909,0.229640291435744,0.25707672745493654,0.24235371225741034,0.0006087948031262553,0.02467376750977149
2024-01-12,0.0038798985176492,1.505361250725658e-05,0.0001281279549702,0.0004425204096352,0.0007551497303606,0.000514901860495,0.0006388339663853,0.0006164649833159074,0.0007269984713390298,0.0006473375636476224,0.0006875439935178286,0.2704978936428856,0.22937115560148943,0.2575974095368906,0.2425335412187344,0.0005804864545527466,0.02409328650377002
2024-01-15,0.0060400120342713,3.648174537414245e-05,0.0001647571274097,0.0004168724018075,0.0007124355230097,0.0005041889494994,0.0006299212883239,0.0006175795462268917,0.0007276757705415012,0.0006464991772432118,0.000687356640407501,0.27009115234604775,0.22922677662009255,0.2580092553513329,0.24267281568252694,0.0005588530339872522,0.023640072630752476
2024-01-16,-0.0233014923466179,0.0005429595455794,0.0004906831218795,0.0003940489624215,0.0006852678548993,0.0004940875904865,0.0006237653335293,0.0006182944925025326,0.0007276657768606036,0.0006452281675694567,0.0006867781415612407,0.26967003110286175,0.22913746987420436,0.25841323024066143,0.24277926878227257,0.0005423998002554207,0.023289478316514962
2024-01-17,-0.0147875432379839,0.0002186714350152,0.0002126192466449,0.000402983597411,0.0007162756967863,0.0006395963855907,0.0007080854759641,0.0006175018917965719,0.0007229387301289763,0.0006413880200806493,0.0006821029485114593,0.2686579410944625,0.22947558341825963,0.25865276818101846,0.24321370730625938,0.0006102819963341902,0.024703886259740394
2024-01-18,0.0001935507397852,3.746188887139931e-08,0.0001930010556975,0.0003919248676672,0.0007057493130469,0.0007094540012546,0.0007157332922655,0.0006178194323816614,0.0007231546065013246,0.0006419360459232034,0.0006825072442538637,0.26867339812381036,0.22953825479724801,0.258579725159666,0.24320862191927564,0.0006248191799779916,0.024996383337954946
2024-01-19,0.0129405245400419,0.0001674571753714,6.243719430052642e-05,0.0003684116233205,0.0006771158996852,0.0006673718300804,0.0006853142241274,0.0006198396078275093,0.0007265613836557258,0.0006463789087678334,0.000686372264503857,0.2691701873686236,0.229632825430317,0.25811848300475926,0.24307850419630014,0.0005934996237522605,0.02436184770809186
2024-01-23,-0.0606802697353787,0.0036820951351583,0.0020829352715154,0.0003563543564436,0.0006738998552467,0.0006264551732324,0.0006655687604804,0.0006067690417817475,0.0007254144431182526,0.0006451557908987017,0.0006853575852476527,0.2730541863683946,0.22839471779063714,0.25680747093109435,0.24174362490987394,0.0005729945895905781,0.02393730539535681
2024-01-24,0.0108967388219302,0.0001187389169533,0.000183382918036,0.0005558988031664,0.0010160467025367,0.0011190727703268,0.0012543664806195,0.0007423663939850371,0.0008172504447645277,0.0007476546758965929,0.0007809801172519523,0.25961517670623363,0.2358268310404231,0.25777887675760497,0.24677911549573842,0.0009819556124027763,0.03133617099140826
2024-01-25,0.014940031150192,0.0002232045307687,0.0004421561333807,0.0005296692099937,0.0009013567614237,0.0009827942450555,0.0010763116336204,0.0007444405217370603,0.0008228880402512519,0.0007542148098549699,0.000791219697772446,0.2609204583385044,0.23604640319973788,0.25753904537454,0.2454940930872177,0.0008682995946192255,0.029466923738646785
2024-01-29,0.0114023946215526,0.0001300146031056,0.0001674522367558,0.0005112813292402,0.0008330081231861,0.0008756907183349,0.0009489882957088,0.0007437965131762946,0.0008275255589394177,0.0007600535262581217,0.0007987604615416101,0.2625623525811766,0.2359962906662817,0.2569463275865661,0.24449502916597554,0.0007878584910182259,0.02806881705769279
2024-01-30,0.0251583062462546,0.0006329403731803,0.0005915548150958,0.0004884053256721,0.0007770463129236,0.0007941287445668,0.0008556896781872,0.0007381020083881913,0.0008310493877733129,0.0007650028202793227,0.0008041699746801265,0.2651932133753707,0.23553310583350268,0.25586787161360997,0.2434058091775167,0.0007240137793874954,0.026907504146380715
2024-01-31,0.0197550762728981,0.000390263038548,0.0003345921396533,0.0004970774285226,0.0007879768411847,0.0007220138476139,0.0007949863903322,0.0007382122414419413,0.0008281748795687905,0.0007629362100792059,0.0008025390780359346,0.26463344015853113,0.23588694832381032,0.25605763947111626,0.2434219720465423,0.0006958110787222865,0.026378231152264293
2024-02-01,-0.0031821700468994,1.0126206207384134e-05,0.0001766142476159,0.0004906685651241,0.0007716896969859,0.0006672199440952,0.0007478453137019,0.0007383260816429441,0.0008283076130100549,0.0007633130088834779,0.0008033540274717687,0.264712270637716,0.23595578559577834,0.2560469574973359,0.2432849862691697,0.0006647498122355749,0.025782742527426652
2024-02-02,-0.0108075306574296,0.0001168027189112,0.0003617268528203,0.0004618360235891,0.0007232856837085,0.0006534016999567,0.0007101938152166,0.0007396610156865834,0.0008286647960398711,0.0007641081674355719,0.0008046985045746259,0.26456585814304034,0.23614983077024332,0.25610124284736674,0.24318306823934954,0.0006330339341749972,0.025160165622964352
2024-02-05,-0.0061468006570454,3.778315831745394e-05,0.0002969930238354,0.0004411340253084,0.0007005717504415,0.0006931566135215,0.0007005107761187,0.0007370454632900291,0.0008318944765104636,0.0007659976867446421,0.0008075183570694775,0.26589262689432186,0.2355766986178124,0.2558427496140204,0.24268792487384527,0.0006296772654401248,0.02509337094613087
2024-02-06,0.0135738824728849,0.0001842502853876,0.0001816914588993,0.000416932973289,0.0006772664892533,0.000694740095758,0.000680519974782,0.0007376017069347645,0.0008308494989474192,0.0007677469058404141,0.0008081957497093039,0.26587570934045107,0.23603598159528888,0.2554362323705308,0.24265207669372926,0.0006133029882627159,0.024764954840716266
2024-02-07,0.037054912944922,0.0013730665733557,0.0005568380297211,0.0004029720120149,0.0006756483598837,0.0006483983352907,0.0006623280437576,0.0007367641900531673,0.0008279222735510219,0.0007668798429194647,0.0008064245093690024,0.26565764266499103,0.23640750367787258,0.25522516954466423,0.24270968411247207,0.0005930219422322869,0.02435204184934575
2024-02-08,0.0041005860604795,1.681480603939959e-05,0.0001641615444958,0.0004611776856953,0.0007910151960916,0.0005988322405773,0.0006651246698734,0.0007463051028607922,0.0008284178092006477,0.0007695279028534266,0.000807899189384122,0.26354195300137684,0.2374196959051479,0.255588788416278,0.24344956267719717,0.0006243213721214647,0.024986423756141348
2024-02-09,0.0042636400987823,1.817862689194476e-05,0.0003877865015243,0.000434515912916,0.0007371825387479,0.0005744969095802,0.0006489517851716,0.0007477846206897805,0.000830718052067977,0.0007706990100962099,0.0008089586234814239,0.263517531471632,0.237209672795815,0.25568263970135685,0.2435901560311961,0.0005943365425123551,0.02437901848951994
2024-02-12,-0.0326460434488348,0.0010657641528632,0.000628682215976,0.0004095356757545,0.0007004308585985,0.0005541477009416,0.0006372778909893,0.0007491504812369016,0.0008325002142147099,0.0007718688234109966,0.0008100077051173784,0.2634826953767302,0.23710286756534704,0.2557276340904499,0.2436868029674728,0.0005709868211611825,0.023895330530486127
2024-02-13,0.0265754003502917,0.0007062519037782,0.000587187615032,0.000448909384381,0.0007778874949927,0.0007705635060076,0.000803801014376,0.0007530878498196388,0.0008297424802649998,0.0007720251957792778,0.00080814001734935,0.26212561276033025,0.23790949456183846,0.2556958181877397,0.2442690744900917,0.0006961110642044691,0.026383916771481622
2024-02-14,0.0172732744766576,0.0002983660111459,0.0005091582835397,0.0004643499355449,0.0007957359820867,0.0007025041268278,0.0007584569758106,0.0007532743158888341,0.0008295760051902726,0.000772069443216925,0.0008080902555685693,0.2620651172411835,0.2379612243761825,0.2556854485597289,0.244288209822905,0.000675946408508538,0.025998969373968228
2024-02-15,0.0089665692164433,8.03993635132696e-05,0.0001191045508794,0.0004543909000809,0.000768002429986,0.000652764824191,0.0007202035272021,0.0007534260721696048,0.0008294128255927725,0.0007727590837263993,0.0008081831469717889,0.2620810573596594,0.23807047051077784,0.25552427114070225,0.24432420098886046,0.0006446863546687034,0.02539067456111994
2024-02-16,0.0138801492481,0.0001926585431495,0.0002054123825315,0.0004319514078869,0.0007276443136481,0.0006165421584,0.0006896240712163,0.0007541184812695962,0.0008295720629700699,0.0007738860042212156,0.0008084906876536742,0.26203730708345924,0.23820374970954464,0.25534403642899717,0.24441490677799904,0.0006124997541120959,0.024748732373842824
2024-02-19,-0.0171743571025182,0.0002949585418848,0.0002243798917549,0.0004175938360026,0.0007109902719786,0.0005842921280294,0.0006690226526363,0.0007542979187690542,0.0008288598083949705,0.0007740111441593284,0.0008078725876675086,0.26189952511141246,0.2383397828164505,0.25522922791080227,0.24453146416133464,0.0005915504118640803,0.024321809387134016
2024-02-20,0.0178691778596187,0.0003193075173786,0.0002661071961933,0.0004102357183556,0.0007096021332125,0.0006777281791614,0.000700034059394,0.0007543899622088067,0.0008282704853417728,0.0007736353490735079,0.0008071982958285424,0.26174563018166325,0.23839830050154107,0.2552342990758344,0.24462177024096135,0.00062076839682427,0.024915224197752467
2024-02-21,0.0262188242116597,0.0006874267430419,0.0005023418633402,0.0004047800262969,0.0007110366190978,0.0006323612213388,0.0006782476067629,0.0007538594877342732,0.0008255886194677624,0.0007724335458942252,0.0008048367721064399,0.2613878335798807,0.23867782776552035,0.25510246074875126,0.24483187790584754,0.0006028867887526777,0.02455375304821399
2024-02-22,0.006070488356975,3.685082889216958e-05,0.0001195944795574,0.0004217388293016,0.0007480863833084,0.0005911473486556,0.0006674355654011,0.0007543012943917343,0.0008218097746342435,0.0007700029779950469,0.0008012815500387896,0.26049598421589504,0.2390972511434897,0.25518402355992237,0.24522274108069297,0.0006032484070770093,0.02456111575391088
2024-02-23,0.0078147521399747,6.107035100923975e-05,7.14671244939148e-05,0.0003986455492771,0.0007097314328488,0.0005671359159745,0.0006508912395276,0.0007558157280471355,0.0008241692159811524,0.0007717351800899286,0.0008028226761111341,0.260560276863981,0.23895038972508362,0.25518540613266394,0.24530392727827152,0.0005778527835071134,0.02403856866594002
2024-02-26,0.0040507169042241,1.6408307438166928e-05,0.0002269642640903,0.000378391037381,0.0006858241493176,0.0005462693569002,0.0006392554310243,0.0007565686415576828,0.0008242588177619339,0.0007711472603743877,0.0008022976335985253,0.2602828055084778,0.23890773667312767,0.2553621321156833,0.24544732570271116,0.0005587374197313776,0.023637627201802163
2024-02-27,0.0148412101968542,0.0002202615201072,0.0001018379242488,0.0003566720735844,0.0006650674376872,0.000530593628083,0.0006302441600947,0.0007580057695933735,0.0008267084691387601,0.0007727504586200391,0.0008042749997507916,0.26039725948782044,0.2387572311720696,0.25542867412922965,0.2454168352108802,0.0005418674445653536,0.023278046407835724
2024-02-28,-0.0191700434931181,0.000367490567528,0.0003046064190717,0.0003484874403758,0.0006708179983568,0.0005122855682543,0.0006264642391931,0.0007579654635519957,0.0008278173697954462,0.0007734580775149803,0.0008052452888424751,0.2606288314475966,0.23863675763653833,0.25540835216032304,0.2453260587555421,0.0005354377220272861,0.023139527264559364
2024-02-29,0.0024442040395499,5.974133386952454e-06,0.0004118042988381,0.0003496276280049,0.0006891831174852,0.0006265633857286,0.0006811903711159,0.000757616059551669,0.0008246085147221621,0.000769738014024898,0.0008016219443380733,0.25986754364278614,0.23875550749843316,0.2557751089757803,0.2456018398830005,0.0005829640645754338,0.024144648777222538
2024-03-01,0.0096074898569081,9.230386135059228e-05,0.0001089498391738,0.0003290084183278,0.0006663466511684,0.0005982961373569,0.0006604210549688,0.0007521836272812623,0.0008282588442194164,0.00077237068543382,0.0008052685143347735,0.26204819149823705,0.23797917834418228,0.2551991717460487,0.24477345841153195,0.0005591309138927953,0.02364594920684715
2024-03-04,0.0237835303137582,0.0005656563141854,0.0001380747215827,0.0003148061449092,0.0006591577064713,0.0005713256693281,0.0006465640242204,0.0007521500831993177,0.0008261097174253084,0.0007717164235305867,0.0008041876565352941,0.2617520230604516,0.2383179882402349,0.2551154801420463,0.24481450855726722,0.0005435325601295727,0.02331378476630452
2024-03-05,0.0002682606277243,7.196376438704634e-08,7.444862868920813e-05,0.0003298571550658,0.0007006091683003,0.0005420577817517,0.0006428963095128,0.0007523539166892478,0.0008215126908020157,0.0007687001693003438,0.0008002304289461477,0.2607750879806913,0.23882182346534112,0.25522975882238896,0.24517332973157846,0.0005493095935230404,0.02343735466137423
2024-03-06,-0.0100823117321905,0.000101653009865,0.0002830695462191,0.0003100700435877,0.0006735973325777,0.0005288632274555,0.0006326571748302,0.0007532272982220678,0.000822461957673854,0.0007693185084376306,0.0008009412630188591,0.26073364294765117,0.23878514452936608,0.2552800891686571,0.2452011233543256,0.0005318272302771224,0.023061379626490745
2024-03-07,-0.0026044516760794,6.7831685330328105e-06,5.9441176724813774e-05,0.0002975650215643,0.0006650417538004,0.0005797341437244,0.0006419651041715,0.0007532514695356383,0.0008214113451938376,0.0007679443300148228,0.000799769342023485,0.26043537232475417,0.23882471074999456,0.25545253640833016,0.2452873805169211,0.0005418853579123806,0.023278431173779316
2024-03-11,-0.0098824684705231,9.766318307088472e-05,0.0002901625281887,0.0002801181103824,0.0006498846292491,0.0005764480869316,0.0006330981154856,0.000751556951842493,0.0008257825412141507,0.0007712893049532346,0.0008039280740042431,0.26182210498612807,0.23828818523947218,0.2551237543223688,0.24476595545203095,0.0005302274074655019,0.023026667311304556
2024-03-12,-0.0527815283940196,0.0027858897396087,0.0013490002947102,0.0002691708147437,0.0006484032696537,0.0006202400999314,0.0006416279734487,0.0007515733228671964,0.000824496692962284,0.0007713615979250576,0.0008033764361723246,0.26168292309013824,0.23853813571748658,0.2549697892317997,0.24480915196057548,0.0005403252003557802,0.02324489622166079
2024-03-13,-0.0404292397328156,0.0016345234253734,0.0013920325003162,0.0004201739502356,0.0009107701507721,0.0010256641033338,0.0010897265083385,0.000818753076770854,0.0008679034871586455,0.0008197247713224354,0.0008485193872400905,0.255944102126804,0.2414496821342642,0.2556407082338211,0.24696550750511062,0.0008587725657912721,0.02930482154511902
2024-03-14,0.0125689333520089,0.0001579780856072,0.0003812758646496,0.0004930349187439,0.0009777335169347,0.0012703275611959,0.0012244002025542,0.0008193638010487418,0.0008679547129126459,0.0008156082960473587,0.0008454586038610634,0.2552481157691307,0.24095850075552608,0.25642341717301553,0.24736996630232763,0.0009900610074140912,0.031465234901619454
2024-03-15,-0.0203690378689831,0.000414897703708,0.0008170291065321,0.0004729315087557,0.0008789496605353,0.0010959384749289,0.0010551739170064,0.0008200106050193881,0.0008692373328584654,0.0008262891424100347,0.000853406893733858,0.2566315826306369,0.2420979994589083,0.2546815739660335,0.2465888439444213,0.0008734705681282945,0.029554535491668525
2024-03-18,0.0151211828933943,0.0002286501720954,0.000288135491996,0.0004694494804528,0.0008364364697706,0.0011387283364655,0.000998919635219,0.0008198491871325497,0.0008676991187128119,0.000829714345295587,0.0008550179635195811,0.25694838520805,0.24277876997310197,0.25389331393660974,0.24637953088223824,0.0008589221653637173,0.029307373907665583
2024-03-19,-0.0159106280636616,0.0002531480853801,0.0002599799393721,0.0004550015219514,0.0007890592887047,0.0009951135064042,0.000893110789665,0.0008197230124579877,0.0008662843588875255,0.0008349567346962787,0.0008567432185222708,0.25741375100390235,0.24357818914334747,0.2527172566585558,0.24629080319419427,0.0007807686102777625,0.02794223703066314
2024-03-20,0.0035173608578618,1.2371827404418918e-05,0.0004544896666866,0.0004428903157571,0.0007589973883546,0.0010181291131322,0.0008551651821758,0.0008129068861245611,0.0008674647411956843,0.0008373763135187215,0.0008586900919263008,0.25943247808492265,0.24311587307733454,0.25185146094400224,0.2456001878937406,0.0007658704788644509,0.027674365012849905
2024-03-21,0.0377201137187216,0.0014228069789532,0.0003207871377076,0.000417059206456,0.0007148091278195,0.0009098474903826,0.0007862820094268,0.0008135045447620047,0.00087268045782581,0.0008472835423771151,0.0008653424446496524,0.2609318215276453,0.24323819879571248,0.2505291464652212,0.24530083321142107,0.0007035118503896085,0.026523797812334653
2024-03-22,0.0095150378018815,9.05359443712346e-05,9.90922155404396e-05,0.0004774040728058,0.0008227209166585,0.0008059441817162,0.0007554045048186,0.0008181256751887033,0.0008766869629472718,0.000848470707275258,0.0008683093093937156,0.2604409091858821,0.24304387276177028,0.2511264005315095,0.24538881752083824,0.0007120545081284338,0.02668434949794418
2024-03-26,0.0086241708734869,7.437632325510009e-05,0.0001605867331894,0.0004541919850997,0.0007661297145325,0.0007399581799484,0.0007152086120944,0.0008182883314467623,0.0008751511334937872,0.0008495334637233519,0.0008674448559223401,0.2603097082881956,0.24339612748276604,0.25073573431817936,0.24555842991085886,0.0006658630502735579,0.02580432231765752
2024-03-27,0.0080963760325033,6.555130485969518e-05,8.01536844619436e-05,0.000431403045389,0.00072577104422,0.0006875754880612,0.0006859321945786,0.0008189289814043438,0.0008749513243579976,0.0008508305212614809,0.0008674989095946186,0.26024805743465923,0.2435846093996218,0.25049016374193545,0.2456771694237836,0.0006298072374238733,0.02509596057981988
2024-03-28,0.0185658438719933,0.0003446905586792,0.0002659987206218,0.0004094519409573,0.0006972532685522,0.0006454246437288,0.0006646484108637,0.0008198798447693222,0.0008757034048007044,0.0008525398915984735,0.0008683451761245959,0.26027227393242847,0.24368066902519628,0.25030147404525277,0.2457455829971226,0.0006013612816260696,0.02452266872968906
2024-04-01,0.0555623883455255,0.0030871789986589,0.0018342477757739,0.0004055662580206,0.0007050622992904,0.0006056640544821,0.0006530060691571,0.000818961863479142,0.0008723013129369927,0.0008504321208034601,0.0008653119560135523,0.2598561885480863,0.24396651163277536,0.2502402051898863,0.2459370946292519,0.0005895604043481103,0.024280864983523758
2024-04-02,-0.0142321692630509,0.0002025546419321,0.000136141211333,0.0005664630224589,0.00097911117813,0.0005550769126316,0.0006813809085602,0.0008883745277020543,0.0009209744334034844,0.0009059942258935548,0.0009170215177321357,0.2554986027968562,0.24645467057037326,0.2505296878292242,0.24751703880354622,0.0006937536640590272,0.02633920393745846
2024-04-03,-0.0329485111861102,0.0010856043893812,0.0004538184470528,0.0005446285196273,0.0008842610486307,0.0006308223974895,0.0006937776941878,0.0008895269936962782,0.0009243886036875446,0.0009057555233126916,0.0009172511798232895,0.2554836739130797,0.24584857871224766,0.2509061424910856,0.24776160488358717,0.0006867067064241564,0.026205089322957027
2024-04-04,-0.0182405370867871,0.0003327171932144,0.0004189658739641,0.0005770870718125,0.0009057889588173,0.0008453827121563,0.0008479092011864,0.0008915870374813424,0.0009208637103356264,0.0009039513890927635,0.0009147881357622435,0.2545068714841522,0.24641543044681005,0.2510256970708787,0.24805200099815897,0.0007926113600316248,0.028153354330019448
2024-04-05,0.0196767047944708,0.0003871727115687,0.0003079534063117,0.0005624248790966,0.000846774616894,0.0009127796954106,0.000835567473342,0.0007630542373739271,0.0008268462983425942,0.000804761395942777,0.0008191231290673636,0.2629797910872454,0.24269062380162984,0.24935073295576082,0.24497885215536386,0.0007857092837959341,0.028030506306450015
2024-04-08,0.0135960401332825,0.0001848523073058,0.000253744724664,0.000551909749045,0.0008116742429462,0.0008184918925971,0.0007771419582073,0.0007620531718501138,0.0008209823169067606,0.0008056970925345578,0.0008179771219208546,0.26276489289005206,0.243903937946158,0.24853114394120876,0.2448000252225812,0.0007366581476212651,0.0271414470436133
2024-04-09,-0.0083111372387318,6.907500220103606e-05,0.0003056159337712,0.0005298863025406,0.0007678014520333,0.0007476841369455,0.000732189003587,0.0007619243117803011,0.0008179732335829075,0.0008068333338068518,0.0008177261610039996,0.26263420294829704,0.24463805918787052,0.2480157622977597,0.24471197556607271,0.0006916125925260358,0.026298528333844762
2024-04-10,0.0005489050389846,3.012967418227672e-07,6.940209828890087e-05,0.0005022376245202,0.0007263970902027,0.0007552982902306,0.0007085659888334,0.0007509144391158447,0.0008177582007098175,0.0008022733263980846,0.000814517072207363,0.26481951582674196,0.2431731018060827,0.2478666455069149,0.24414073686026036,0.000669845634307388,0.02588137620582391
2024-04-12,-0.00280259863176,7.854559090743233e-06,9.66526811139922e-05,0.0004721214448535,0.0006912892858853,0.0007042835943632,0.0006801361600476,0.0007516562003893169,0.0008159816819098998,0.0008058192151975816,0.0008159478831012884,0.2648894858374037,0.2440077134839502,0.24708497972315435,0.24401782095549165,0.000633723166145313,0.025173858785361315
2024-04-15,-0.0263172366536777,0.0006925969450856,0.0004785426864276,0.0004442654317077,0.0006679740018223,0.0006815525806323,0.0006608700200369,0.0007516229902382116,0.00081394726499437,0.0008080002823805554,0.0008162713077568832,0.26493882799866764,0.24465235365333302,0.24645302541710842,0.24395579293089098,0.0006103183397620454,0.024704621829974356
2024-04-16,-0.0106783842646796,0.0001140278905041,0.0001079142032449,0.0004591653225104,0.0007190871018771,0.000835810439734,0.0007595100055379,0.0007502795906101447,0.000808326182482277,0.00080542060530087,0.000812299570559991,0.2643142244952949,0.24533359483393427,0.24621864258450152,0.2441335380862693,0.0006889941266298432,0.02624869761778369
2024-04-18,-0.0225805001698701,0.0005098789879215,0.0005790942867825,0.00043845707659,0.0006974230804881,0.0008457516596445,0.000735707757577,0.0007499954515488487,0.0008073893750534269,0.0008085414966280884,0.0008129607638093495,0.26461656578929904,0.2458060842493974,0.24545582579757044,0.24412152416373303,0.0006746506134896796,0.02597403729668685
2024-04-19,-0.0004673839914442,2.1844779545831777e-07,0.00032211577398,0.0004427423912699,0.0007213631656677,0.0009488608915121,0.0007835759862596,0.0007498057233741674,0.0008075433663144139,0.000809678774677455,0.00081341647048572,0.2648057179498225,0.24587266911394157,0.24522421620855533,0.24409739672768047,0.0007185567305265458,0.02680590850030168
2024-04-22,0.011041507456976,0.0001219148869224,0.0001021668713137,0.0004161909546615,0.0006878320016467,0.000861466191025,0.0007343965233916,0.0007516024418491984,0.0008103498936826323,0.0008170835102341619,0.0008172403175426984,0.2654599134725422,0.24621502481146787,0.24418595734707782,0.24413910436891204,0.0006694894442141086,0.025874494086148017
2024-04-23,0.0229672055745645,0.0005274925319043,0.0003357553275542,0.0003985343905971,0.0006767803074709,0.0007831219164644,0.0007004418495933,0.0007508594686630446,0.0008085197377034177,0.0008175287157736315,0.0008158412573373873,0.2654291029154935,0.24649980190829116,0.24378343089054366,0.24428766428567175,0.0006346302885105226,0.025191869492169942
2024-04-24,0.0092761985485124,8.604785951142404e-05,7.313981595628258e-05,0.0004062718790755,0.0007089447636289,0.0007144465639704,0.0006813353111077,0.0007505958079298944,0.0008060684917137899,0.0008156451821219686,0.0008134038867005509,0.2649559148397819,0.2467219609863931,0.24382513784680382,0.24449698632702113,0.0006233408418959576,0.024966794786194676
2024-04-25,0.0003357282963961,1.127134890010787e-07,9.24921396186364e-05,0.0003870584379017,0.0006877323340052,0.0006666217163746,0.0006616000631591,0.0006170580160246384,0.000710909587677427,0.0007185004423795198,0.0007182442569079402,0.27886865628595253,0.24205348016398756,0.23949621966742385,0.23958164388263603,0.0005925670830934867,0.024342700817565146
2024-04-26,0.0157623074480401,0.0002484503360865,0.0001410442182437,0.0003638416944369,0.0006647783179136,0.0006323361065717,0.0006461796041775,0.0006164989042426488,0.0007070031352069996,0.0007120175509856531,0.0007082890688752426,0.27714322629906274,0.24166582412908238,0.23996388164185486,0.24122706793000004,0.0005691042990272447,0.02385590700491693
2024-04-29,-0.0244145330443342,0.0005960694237728,0.0006541723125648,0.0003569182129359,0.0006733817275099,0.0005963465637774,0.0006383629370801,0.0006154083806968163,0.0007036173739097774,0.0007069716086405349,0.0007015554283999908,0.27606571603740854,0.2414567371019374,0.24031114290315467,0.2421664039574994,0.0005590242179696991,0.02364369298501609
2024-04-30,0.0064681146095162,4.183650660183752e-05,0.0002953235144426,0.0003712672855861,0.0007133350040216,0.0007431315631667,0.0007273698321167,0.0006142132838992769,0.0006978111233838692,0.0007003867804459935,0.0006935641280028524,0.27451767872131316,0.24163043449089575,0.24074184385441297,0.2431100429333781,0.0006300166542410616,0.025100132554252808
2024-05-02,0.0051445931264431,2.6466838436645724e-05,0.0001638369798104,0.0003515014388471,0.000686408803825,0.0006912873637131,0.0006942876154129,0.0006154011123552399,0.0007029291754895268,0.000705907590726321,0.0006985963386993932,0.2756203660386461,0.2413003838257506,0.24028227217874107,0.24279697795686223,0.0005971866963990591,0.024437403634573356
2024-05-03,-0.020568202483012,0.0004230509533821,0.0007810701902029,0.0003319993628224,0.0006664535292725,0.0006499864011723,0.000670164629049,0.0006166758997891077,0.0007062095141686124,0.0007098152263114597,0.0007019543463945687,0.276203723049672,0.241186469481762,0.23996129291543222,0.24264851455313377,0.0005710250628081058,0.023896130707880426
2024-05-06,0.0100833937404488,0.0001016748293249,0.0003037478952619,0.000337462458256,0.000691636239465,0.0007617307450156,0.0007219174448081,0.0006136600491622994,0.0007000378387106345,0.0007053366435883374,0.000696194775816757,0.27562765476937484,0.24161791095149607,0.23980276895266722,0.24295166532646184,0.0006181818765551623,0.02486326359420988
2024-05-07,-0.0358041818243208,0.001281939436109,0.0014102062047306,0.0003233152005201,0.0006774038708333,0.0007043014130922,0.0006911485679223,0.0006127977804149934,0.0006998024889979619,0.0007070799364603564,0.000696584738340804,0.27608676114907515,0.2417615785796532,0.23927330660951843,0.2428783536617533,0.0005894188299634581,0.024277949459611658
2024-05-08,-0.0039803331049112,1.5843051626052416e-05,0.0001632108781743,0.0003808326546555,0.0007832897657692,0.0009387884042615,0.0008782850371591,0.0006229972670358542,0.0006989228134338582,0.0007059494022536313,0.000695505137962041,0.2725084259319841,0.24290522692451044,0.2404874967779538,0.24409885036555165,0.0007342005267743034,0.027096134904711102
2024-05-09,-0.0184686644262182,0.0003410915656882,0.000674079964279,0.0003589332784737,0.0007317939850158,0.0008791521040372,0.0008054350636487,0.0006240541090471666,0.0007030350326746759,0.0007128943562454273,0.0007014409738732408,0.27376914697946036,0.2430131546260056,0.23965228453015372,0.24356541386438035,0.0006829673571057969,0.02613364416046482
2024-05-10,-0.0132914719453773,0.0001766632264747,0.0003809087692669,0.0003578627757066,0.0007283764473403,0.0009431121333319,0.000806237494251,0.0006113625047096484,0.0006990678513332226,0.0007101345750121723,0.0006979927413225413,0.2769057574552816,0.24216504467130545,0.238391149231794,0.24253804864161882,0.0006958544317965627,0.02637905289802048
2024-05-13,0.0154995456697609,0.000240235915969,0.000522587823805,0.0003469908027527,0.0007099247602901,0.0009542452595078,0.0007797863617387,0.0006091144068470369,0.0006955423888374192,0.0007130470591106363,0.0006977068402445132,0.2775460959352312,0.2430582640417847,0.2370914001232396,0.24230423989974434,0.0006840479087687867,0.026154309563985564
2024-05-14,0.0003576393008478,1.2790586951090818e-07,0.0002378898923503,0.0003405855095456,0.0007035105530467,0.0008532136132184,0.0007348437708316,0.000606894849594164,0.0006919825848651028,0.0007153843468302793,0.0006964305421428514,0.2780232104428549,0.2438368510651116,0.23586042276856445,0.24227951572346904,0.0006455093911952399,0.025406876848507766
2024-05-15,-0.016099205882791,0.0002591844300564,0.0006558178114589,0.0003201580533251,0.0006755907973985,0.0007826346959302,0.000699131362012,0.000602557840564813,0.0006963197612908292,0.0007207922684055516,0.0007006798713556174,0.280798376034747,0.24298788071725505,0.2347378995502837,0.24147584369771413,0.0006065975976752857,0.024629202132332377
2024-05-16,0.0190149507166733,0.0003615683507575,0.0002062717895684,0.000316499635929,0.0006818419551626,0.0008426066714693,0.0007159200605751,0.0006016927466740902,0.0006983305712278085,0.000723905539996475,0.000702865259744405,0.28178152253353955,0.2427874494411951,0.23420997476554475,0.24122105325972057,0.000624768296833103,0.02499536550709157
2024-05-17,0.0085786976984006,7.35940542005449e-05,0.0001726361439957,0.0003192037588187,0.0006961563261743,0.0007637702006568,0.000690299342115,0.000601339202806398,0.0006966004772747721,0.0007246887159291405,0.0007018434754252399,0.2817030288345228,0.2431796708641655,0.23375426036585809,0.24136303993545352,0.0006043590179659985,0.02458371448674912
2024-05-21,0.0037631865951216,1.4161573349703344e-05,6.2416121756293e-05,0.0003044671765416,0.0006777497200286,0.000706750752462,0.0006679135380762,0.0006002358518045005,0.000695580324882622,0.000726397102053025,0.0007014987750534191,0.2820957954474231,0.24342840648838832,0.23310116407718257,0.24137463398700607,0.000576834253598073,0.02401737399463299
2024-05-22,-0.0053550047425955,2.8676075793220537e-05,0.000247499417348,0.0002870488403501,0.0006593148377716,0.0006632883199222,0.0006509324037631,0.0006006108131951842,0.0006974245330213823,0.000729830658943196,0.000703638742293514,0.2826689107944166,0.24342992874331024,0.23262109134064937,0.2412800691216238,0.0005529886152519843,0.023515709966998324
2024-05-23,-0.0004131705160855,1.7070987536242072e-07,0.0001433898266924,0.0002715464744766,0.0006481056163161,0.0006644126339382,0.0006431801181844,0.0006013279472096215,0.0007001033447912099,0.0007334642256708311,0.0007065612471462298,0.28330039037411503,0.2433304217938796,0.23226278286652893,0.24110640496547653,0.000544026208579992,0.02332436941441273
2024-05-24,-0.008179178144957,6.689895512694383e-05,0.0001536328012166,0.0002552639286006,0.0006376323877512,0.0006333070220744,0.0006328894528495,0.0006022332725447871,0.0007032800693785492,0.0007370090250829655,0.0007097210268538509,0.2839294683793658,0.24313467757603788,0.23200770559730727,0.24092814844728916,0.0005269204897289167,0.022954748740269773
2024-05-27,0.0027931862792241,7.80188959044592e-06,9.350298755827372e-05,0.0002439620301921,0.0006369940654967,0.0006579228534276,0.000636419625571,0.0006016184708814665,0.0007071226977921807,0.0007405935015225662,0.0007134715264638395,0.2851951262412954,0.24264340020175804,0.23167723643184956,0.24048423712509703,0.0005296138245735243,0.023013340143784526
2024-05-28,-0.0270694164462613,0.0007327533067411,0.0003901210997283,0.000229792421756,0.0006307665984835,0.0006239340960597,0.0006280785551086,0.0006003376814967703,0.000705825490286957,0.0007418910151952465,0.0007134425962957094,0.2856153666795345,0.2429292642329075,0.23111975144639857,0.2403356176411594,0.0005140170531417523,0.022671944185308684
2024-05-29,-0.0020752821272767,4.306795907794447e-06,0.0001009150312697,0.0002599700748551,0.0006975275288166,0.0007896252304151,0.0007424049270346,0.0006022642352937021,0.000700963829950083,0.0007391422502943948,0.0007094961641386382,0.28385935611751956,0.24389038455130393,0.23129287762266215,0.2409573817085143,0.0006054378344683173,0.0246056463940356
2024-05-30,-0.020058047251563,0.0004023252595459,0.0002504362435528,0.0002446302781183,0.0006719007532244,0.0007462208492276,0.0007053040026856,0.0006013549251795161,0.0007013493526656647,0.0007429204565099339,0.0007113360519409919,0.28471689355745883,0.244123567765249,0.23046330831556597,0.24069623036172633,0.0005754177222697429,0.023987866146653037
2024-05-31,0.0168143715085868,0.0002827230892287,0.0001820846804282,0.000254091977004,0.000693337970714,0.0008423728605864,0.0007439142553174,0.0006014416656435765,0.0006998603850239303,0.0007431667202072665,0.0007104417531973006,0.2844752952079682,0.24447061020388838,0.23022464641125295,0.2408294481768905,0.000614875100520118,0.02479667519084198
2024-06-03,0.0635304427459922,0.0040361171555018,0.0007143471935768,0.0002558098437374,0.0006963082685191,0.0007648106164583,0.0007094800077446,0.0006014480200880876,0.0007007718430672784,0.0007464365201382157,0.0007121479131265006,0.28501566163029,0.24461899700667147,0.22965396354118964,0.2407113778218488,0.0005896617417462383,0.024282951668737437
2024-06-04,-0.1302577627280754,0.0169670847509235,0.0220961743019626,0.0004826282824433,0.001066086287684,0.0006784758437869,0.0007349391717251,0.0007732723636068677,0.0008180507262976899,0.0008538770810059034,0.0008270416833043255,0.2641415035222053,0.2496829575345421,0.23920694125513753,0.24696859768811508,0.0007374687653976502,0.02715637614626904
2024-06-05,0.0424039544168263,0.0017980953501842,0.0016333902547137,0.0014716956705521,0.0025863778980518,0.0023275443834112,0.0034885079891681,0.0022640608240983504,0.0022085615471432,0.002268660089547358,0.0022516648274627698,0.24822475212903927,0.2544624294459123,0.24772152490195684,0.24959129352309153,0.002470731361853361,0.04970645191374416
2024-06-06,0.0407391758769724,0.0016596804511348,0.0007371275916157,0.00149127965133,0.0021418600947881,0.0018288396263518,0.0027140140073425,0.0022642213372977035,0.0022108719747198054,0.0022696894069875835,0.0022621914837404537,0.24859428715476792,0.25459298219991844,0.24799538103021915,0.24881734961509455,0.0020448637029633755,0.045220169205381966
2024-06-07,0.0170994899683229,0.0002923925571767,0.000361509700505,0.0015013836993183,0.0018237220411925,0.0014825755579808,0.002152236522694,0.0022639254125428002,0.0022098983315600056,0.002268715739690481,0.002264762734646939,0.24863458714631326,0.2547131477674234,0.2481096024636479,0.24854266262261543,0.0017405857262501256,0.04172032749452149
2024-06-10,0.0049081939192621,2.40903675490818e-05,0.0001766042859158,0.0014288442307898,0.0014717772798778,0.0012500379230061,0.0017277566102449,0.0022691397721576355,0.002217494411230216,0.0022732439869657226,0.0022764228839987437,0.24886237843929226,0.25465837381617484,0.24841307134132007,0.24806617640321282,0.0014695097182127826,0.03833418472085695
2024-06-11,0.0098615166802489,9.724951123482732e-05,0.0002022399573112,0.0013445589989954,0.0012043429921066,0.0010856949037325,0.0014172793770295,0.0022760656759178905,0.0022237332756024054,0.002277546077270107,0.002285552782817647,0.2488346651516213,0.2546906351332535,0.2486729230123754,0.2478017767027498,0.0012624950427924091,0.03553160625122947
2024-06-12,0.0043712521150218,1.9107845053082715e-05,0.0001199825684225,0.0012697204297297,0.0010282690112779,0.0009579506631135,0.0011938012569848,0.002281633146174216,0.0022271809098463984,0.0022802805286305313,0.002290854570033016,0.24869331492848595,0.25477360553162703,0.2488408349097101,0.2476922446301769,0.0011118193419579782,0.03334395510370625
2024-06-13,0.0164959545945663,0.0002721165179859,0.0002362966950305,0.0011946836746491,0.0008999698364904,0.0008626254621935,0.001031189398252,0.00226414496927438,0.0022138565376631394,0.002266319133272722,0.0022791187103523495,0.24905446469747342,0.2547118134020256,0.24881553751249677,0.24741818438800425,0.0009965438788554467,0.031568083230621505
2024-06-14,0.0051921527861487,2.6958450554712735e-05,6.463039526940558e-05,0.0011393296452494,0.0008368500282407,0.0007809642212244,0.0009170233416022,0.0022618489192996333,0.0022133685758299513,0.002266238204490119,0.0022801400311875373,0.24925568012796148,0.2547152321954889,0.24877291787319825,0.2472561698033514,0.0009181652620061138,0.03030124192184396
2024-06-18,0.0002275793716034,5.179237037939989e-08,0.0001061160562557,0.0010725873735677,0.0007695816893919,0.00072237752023,0.0008311980648066,0.0022659903597087153,0.002213308054130386,0.002263777592564387,0.0022788786463529085,0.24881040967622342,0.25473272401885216,0.24905361355875444,0.24740325274617,0.0008484603806011212,0.02912834325191052
2024-06-19,-0.0218575031546515,0.0004777504441556,0.0004903912565976,0.0010082352386958,0.0007208542580745,0.000677845536104,0.0007687896982155,0.0022702044814949156,0.002214726411216823,0.002263990861439372,0.002279905420498347,0.2485374073456825,0.25476317666943527,0.2492195289236177,0.24747988706126456,0.0007934236258018096,0.02816777637304389
2024-06-20,0.0169525236706138,0.0002873880588027,0.000185359592298,0.0009764061510234,0.0007342700165722,0.0007965515006621,0.0008022107999519,0.002271024486431579,0.002213558522203487,0.0022610877655876833,0.0022780456257746012,0.2483069518451672,0.2547532229824293,0.24939817744977916,0.24754164772262435,0.0008267451641356144,0.02875317659208482
2024-06-21,-0.0212651589671058,0.0004522069858962,0.0003170712920918,0.0009350650654902,0.0007248113269651,0.0007284011734827,0.0007516880896646,0.0022726164590615985,0.0022132290984724565,0.002260014040317555,0.0022775169321674884,0.2481231046767209,0.25478096775022924,0.24950670283559287,0.24758922473745698,0.0007845302249463493,0.028009466702283877
2024-06-24,-0.018449654360917,0.0003403897460373,0.0001303984535643,0.0009060935807145,0.000734478691036,0.0008364401121101,0.0007856479633534,0.0022727917486213456,0.0022114092261799096,0.002256562811214624,0.002275245008313185,0.2479008474303562,0.2547818801901458,0.24968372150593093,0.2476335508735671,0.0008151515032823561,0.028550858188193855
2024-06-25,-0.0189784214457209,0.0003601804805713,0.0004476784378298,0.0008721513506339,0.0007301472047359,0.0009068972338483,0.0007918170300208,0.0022702548763033994,0.0022101051674727227,0.0022564998034794843,0.002274487054680318,0.24804965955455904,0.25480052146707904,0.24956170982190637,0.24758810915645563,0.0008247500396918945,0.028718461652600658
2024-06-26,0.0012724816612154,1.6192095781295496e-06,0.0001013922094623,0.0008414330984301,0.0007291183559804,0.0009706029397541,0.0007995304622689,0.002270667594290851,0.0022085993737386432,0.0022557133832723144,0.0022735498734455266,0.24792580828815117,0.25489326192976136,0.24956942794372272,0.24761150183836472,0.0008346660961002457,0.028890588365421802
2024-06-27,-0.0108985299164149,0.0001187779543389,0.0001960693000446,0.000791044265099,0.0006932829789207,0.0008743143427907,0.0007459166258154,0.0022727256281708757,0.002208790784850374,0.002257544766295958,0.0022743780760440925,0.24783493981904575,0.25500867857029197,0.2495015061017355,0.24765487550892668,0.0007757142186038354,0.02785164660489278
2024-06-28,0.0097473646091496,9.501111682370313e-05,0.0001526713581937,0.0007507082864534,0.0006802078882232,0.0008791353507059,0.0007266613090958,0.002273891676374877,0.00220839145757504,0.0022582235771346306,0.0022744089651025624,0.24774732659097007,0.25509543692852865,0.24946625723133578,0.2476909792491656,0.0007588059562398249,0.027546432731659194
2024-07-01,0.0007877426414204,6.20538469112028e-07,7.875151514731331e-05,0.0007113664562756,0.0006689204574024,0.0007977806938378,0.0006944887490212,0.0022754514061127983,0.0022092145081841798,0.002260157934318803,0.002275495467550446,0.24772530634220388,0.2551526321042508,0.2494015520273733,0.247720509526172,0.0007179071386653902,0.026793789180804387
2024-07-02,0.0060394411677716,3.647484961897496e-05,0.0002785513306699,0.0006687217012072,0.0006519384665022,0.0007382582669483,0.0006699632993011,0.0022508326569063565,0.002189405815141496,0.002239703779442678,0.0022554712464488537,0.2480793258291411,0.2550395382244183,0.24931200867040126,0.24756912727603936,0.0006820849950156143,0.026116756977381674
2024-07-03,0.0128625023612815,0.0001654439669939,0.0001056988185103,0.0006307868901119,0.0006438155343631,0.0006875866911723,0.0006527136213624,0.002251822098270988,0.0021885521272153093,0.002241073437709736,0.002256106770655002,0.24802777139145266,0.25519813289292115,0.24921736486018561,0.2475567308554407,0.0006536953824505076,0.025567467267027206
2024-07-04,-0.0030362579681471,9.218862449137284e-06,9.103306776777004e-05,0.0006028663147249,0.0006508857151032,0.0006429582488047,0.0006419731397213,0.0022515404166930293,0.002189268999110289,0.0022413181224328377,0.0022564166621464317,0.24808701868875074,0.2551435888698946,0.2492185039883107,0.247550888453044,0.000634790737978602,0.025195053839565457
2024-07-05,-0.0069403889933376,4.816899937884273e-05,6.536690211608962e-05,0.0005672474675883,0.0006404237707976,0.0006322596292389,0.0006335043414754,0.0022526234910290738,0.0021895861486027663,0.0022418341271983008,0.0022569150196785977,0.24803427550010995,0.2551750868210707,0.249227999874454,0.24756263780436535,0.0006185258146008335,0.024870179223335596
2024-07-08,0.0034763279870271,1.2084856273388073e-05,7.10024745953975e-05,0.0005361027594957,0.0006370715903285,0.0006487460140374,0.0006337850423143,0.0022535064702003714,0.002190117127507398,0.002242075357024844,0.002257437647582513,0.2479973977170153,0.2551752750247651,0.2492618004997573,0.2475655267584623,0.0006141279349145611,0.024781604768750572
2024-07-09,0.0034044811339865,1.1590491791670365e-05,4.5588947590478264e-05,0.0005046616853024,0.0006312393455593,0.0006160481463032,0.0006262313404406,0.002254023618152871,0.0021901083862479664,0.002242089623173147,0.002257569445421818,0.24795833187925836,0.2551946469330384,0.24927814240656454,0.2475688787811386,0.0005948266999251642,0.024389069271400336
2024-07-10,-0.0022086007136657,4.877917112404686e-06,0.0004654832096935,0.0004750774136917,0.0006271947459998,0.0005891182679623,0.0006207637579522,0.002254137382750539,0.0021897116654219593,0.0022417359768669653,0.0022573408074108062,0.24792149131072336,0.2552158397727099,0.24929300654388753,0.24756966237267924,0.0005783972728915293,0.0240498913280607
2024-07-11,-0.0056932124135271,3.241266758553965e-05,8.181611525150986e-05,0.000446865443897,0.0006237657773885,0.0005819223312026,0.0006174573833101,0.0022540233210426447,0.0021891790462611606,0.0022408857167281176,0.0022568891855199256,0.2478798086546638,0.255222098200435,0.24933304958496008,0.2475650435599412,0.0005679210646741938,0.023831094491739018
2024-07-12,-0.0123970687316776,0.0001536873131379,0.0001768491681892,0.0004219982773183,0.0006241140480406,0.000597681107731,0.0006195936232498,0.0022538614837312107,0.0021887321644809975,0.0022402048834701234,0.002256484147634027,0.24785048556066983,0.25522568370613546,0.24936141656113053,0.24756241417206423,0.0005663091134138375,0.023797250122941465
2024-07-15,0.014018349099451,0.000196514111474,0.0001532493451096,0.0004058996194675,0.0006362346914144,0.0006558584632001,0.0006410750028594,0.002253899648401211,0.0021895722728940943,0.0022409376151775336,0.002257281937062983,0.24791351156517724,0.2551969548884077,0.24934749310564588,0.2475420404407691,0.0005852228337629319,0.024191379327416034
2024-07-16,0.0124625795968708,0.0001553158902083,0.0002162165401949,0.0003933364889879,0.0006487355698747,0.0006165003615554,0.0006339758174764,0.0022536213078353544,0.0021889147304572053,0.002239784628381876,0.002256473250557049,0.2478637355413435,0.2551908432444805,0.24939495913015122,0.2475504620840248,0.0005737383176444833,0.02395283527360557
2024-07-18,0.0013620431266355,1.8551614788150592e-06,0.0002112212874956,0.0003790552530611,0.0006532645379277,0.0005849633216355,0.0006282907678749,0.002253811928946886,0.0021897075604837353,0.0022401562131435745,0.002257130953672301,0.24789901093751088,0.255156331424306,0.24941017271338284,0.2475344849248004,0.0005620714399607659,0.023708045890810273
2024-07-19,-0.0343139050404359,0.001177444079124,0.0008420595852344,0.0003564232475661,0.0006413322367898,0.0005643083608349,0.0006221220177715,0.0022536139314899622,0.00218934326719981,0.002238072400517784,0.0022563140334678224,0.2478251109531904,0.25510029924703626,0.2495460479687541,0.2475285418310192,0.00054674855357824,0.023382654972826333
2024-07-22,0.0188077953094142,0.0003537331644008,0.0004345935481916,0.0004056844974596,0.0007483359966345,0.0007944658459897,0.0008112037301306,0.0022557852362837592,0.002189218240319062,0.002237435598608402,0.002256067485302109,0.24761774227832756,0.25514699128030305,0.24964850278630527,0.24758676365506413,0.000690570872520439,0.0262787151991957
2024-07-23,-0.0274807585893651,0.0007551920926469,0.0020443307929762,0.0004025674174761,0.0007409493513832,0.0007257302711655,0.0007590795788368,0.002255733770760429,0.0021897260665054838,0.00223791563137658,0.002256729926782936,0.24766790977782172,0.2551336793058541,0.24963982564250212,0.24755858527382196,0.0006578320100329714,0.025648236002364207
2024-07-24,0.0123408797119513,0.0001522973120648,0.0005726976376887,0.0004237248979863,0.0007752215065276,0.0008851554182706,0.0008408009764195,0.0022558143075608614,0.002188249746115733,0.0022364479480370112,0.002255421046090152,0.2475425299055652,0.2551856714170746,0.2496861065695347,0.2475856921078256,0.0007318966556403796,0.027053588590802136
2024-07-25,-0.0094415518163113,8.914290070009142e-05,0.0002174558321556,0.000407439242831,0.0007396349917129,0.0008010399392121,0.0007777745649358,0.0022555333343895084,0.002187926837945237,0.0022367938819123885,0.00225555579806412,0.24756963019891162,0.25521948166262465,0.2496437235507426,0.24756716458772118,0.0006821648787480748,0.026118286290414898
2024-07-26,0.0219333466096696,0.0004810716934999,0.0004506429758948,0.0003883414623032,0.000709064042324,0.0008077903481462,0.0007448211487446,0.0022558584276957897,0.0021888781063369753,0.0022381325598152236,0.0022567230759412047,0.24763894278554696,0.25521676812022986,0.2496002275015256,0.24754406159269762,0.0006631342094279601,0.02575139237843189
2024-07-29,0.0474290443475463,0.0022495142477215,0.0010261022452559,0.000393905276175,0.0007265169465588,0.0007346109956343,0.0007127965791609,0.0022556789086750958,0.0021890532397320908,0.0022385299727007975,0.0022569733328915145,0.24767660042753809,0.25521484522008303,0.24957400194320298,0.24753455240917585,0.000642760617992584,0.025352724074398474
2024-07-30,0.0113151552942949,0.000128032739334,0.0001117577594707,0.0005052418144678,0.0009117404655576,0.0006628916192783,0.0007133688342432,0.002267965315577092,0.0021961551847498,0.002245232368923137,0.002263946637973463,0.24724334942969176,0.2553277404563426,0.2497466849200072,0.24768222519395833,0.0006999540760597763,0.026456645215517716
2024-07-31,0.0161563663767754,0.0002610281745006,0.0002078970530236,0.0004826092699597,0.0008307983176851,0.000623629391093,0.0006853219509018,0.0022680999373724743,0.002196833061980615,0.0022446536151421318,0.002263566126452252,0.2472255672226181,0.2552457459052218,0.249807939074372,0.24772074779778813,0.0006569271259017981,0.02563058965185542
2024-08-01,-0.0173000535822749,0.0002992918539495,0.0005257027542165,0.0004693144042322,0.0007883683839136,0.0005889944270072,0.0006668296421218,0.0022682498662488027,0.0021978395578946077,0.0022449505230741316,0.0022640040362497675,0.24726218547663506,0.2551835128825443,0.2498284097449768,0.2477258918958439,0.0006295608278037974,0.02509105075128974
2024-08-02,-0.0342804340321135,0.00117514815743,0.0003043094070772,0.0004591130512152,0.0007630449764198,0.0006828490447956,0.0006991609982119,0.0022681518144586,0.00219742677057162,0.0022436444490755328,0.002263085061345049,0.2471975657350179,0.2551537165016784,0.2498977088293344,0.24775100893396937,0.0006520456447340209,0.02553518444683768
2024-08-05,-0.0414661004411314,0.001719437485794,0.0006477919393568,0.0005020751575881,0.0008315067328856,0.0009052976993835,0.0008665216386188,0.002266658719548019,0.0021966847388113623,0.002243305290424202,0.0022626340461903956,0.2472772677149805,0.2551541261744533,0.24985149252966052,0.24771711358090567,0.0007771563675422346,0.027877524415597498
2024-08-06,0.0129381870243225,0.0001673966834763,0.0003667968585386,0.0005751168972805,0.0009317429985548,0.0011749504025088,0.0010769936689365,0.0022716119778767945,0.00219744122813526,0.0022426030746678367,0.002262573862082546,0.24687193368925867,0.25520466003362285,0.2500653137886152,0.2478580924885033,0.0009405213132081083,0.030667919936117418
2024-08-07,0.0299480194793955,0.0008968838707382,0.0001918908950421,0.0005506536844522,0.0008483604678203,0.0010239327723716,0.0009487326867903,0.002272220559012808,0.002199077283678398,0.002245297932659813,0.0022648258971887433,0.247004052907557,0.2552196284058007,0.24996579697161883,0.24781052171502338,0.0008435860487322669,0.02904455282376141
2024-08-08,-0.015552315391113,0.0002418745140246,0.0002042396653635,0.0005714274956294,0.0008627003419804,0.0008985045919823,0.0008657927697541,0.0022725397620037458,0.0021979324414017464,0.002243176564164346,0.0022633769210911665,0.2468475937973008,0.2552266673408543,0.25007883062842834,0.24784690823341654,0.0008005206743548145,0.02829347405948613
2024-08-09,-0.0020438311327436,4.177245699172194e-06,0.0001775726237544,0.0005516543167331,0.0008083505557488,0.0009356204000238,0.0008335622914766,0.0022728961948547603,0.0021985572470605646,0.002242884376562122,0.0022637382965719557,0.2468380670747122,0.25518430513897933,0.25014098330800794,0.24783664447830056,0.0007830719482614735,0.027983422740284532
2024-08-12,0.0054610304531917,2.982285361068755e-05,0.0001756166543404,0.0005188056924711,0.0007478222797894,0.0008624631224542,0.0007711849412265,0.0022735700506711243,0.0021991331082966835,0.002243403852494548,0.0022642833180866236,0.24682848040125932,0.255183207681151,0.25014748907958,0.24784082283800976,0.0007257618037277654,0.02693996666159343
2024-08-13,-0.0261944646123268,0.0006861499763264,0.000400555595784,0.0004894667221394,0.0007088618997827,0.0007870641173994,0.0007258025894826,0.002274432650693675,0.0022004291800829367,0.0022449608027747363,0.002265593377447136,0.2468732936821021,0.2551759833114457,0.25011424655649245,0.24783647644995965,0.0006784570992420316,0.026047209048994706
2024-08-14,0.0095384258718933,9.09815681136042e-05,0.0001176874177877,0.0005012677173906,0.0007464712067687,0.0009285410333236,0.0008053931689036,0.0022745669407087457,0.002200042633084703,0.002244139501596601,0.0022651372596799316,0.24681633990436286,0.2551770037229012,0.25016282934897155,0.24784382702376434,0.0007461015265299323,0.027314859079444878
2024-08-16,0.0536091960384615,0.0028739458998902,0.0009444815607068,0.000476650548434,0.0007139282562784,0.0008366509908236,0.0007513539056505,0.0022749626248328952,0.002200202029084736,0.002244975459784955,0.0022656156883380887,0.24682448039922528,0.25521132167832006,0.2501214279891613,0.24784276993329338,0.0006953335715475004,0.026369178438993893
2024-08-19,-0.0112524699797876,0.000126618080646,0.0001454595274588,0.0006204882695214,0.0009642942523632,0.0007401132103479,0.0007496208832717,0.0022956119166867885,0.002216147803132036,0.0022585606761744135,0.0022805659822993027,0.24637465098883538,0.2552088736952452,0.25041637833591807,0.24800009698000128,0.0007702115523459186,0.027752685497910264
2024-08-20,0.0117713178562519,0.0001385639240729,6.925564115144055e-05,0.0005908560581889,0.0008666687546833,0.0007701286430571,0.000730628182905,0.002296254906001141,0.0022172906186010365,0.0022584634276850524,0.002280569378947678,0.24635249680806023,0.25512583901069785,0.2504747796518338,0.24804688452940815,0.0007407963050641983,0.027217573460251714
2024-08-21,-0.0078708070151694,6.194960307004029e-05,0.0001545904160169,0.0005637185301419,0.0008009476845181,0.0007101215741698,0.0006979408810979,0.0022967299905482606,0.0022177051887087543,0.0022583071827958433,0.0022803394503123154,0.2463154083426321,0.2550925111033588,0.25050621535653456,0.24808586519747455,0.0006942074513805149,0.026347816823799934
2024-08-22,-0.0015117775920245,2.285471487747572e-06,7.55430758896338e-05,0.0005336123945176,0.0007484102560251,0.0007208030207972,0.0006826349191145,0.0022975146342006612,0.002218533148106397,0.0022586736104694056,0.0022806469118112653,0.24629369971589293,0.2550619448222684,0.2505290612976558,0.24811529416418282,0.0006722706142303647,0.025928181853542388
2024-08-23,-0.0114119939353693,0.0001302336055809,0.0002551373134222,0.0005017327791358,0.0007065667673748,0.0006865727609734,0.0006617609664815,0.0022983361603164843,0.002219137141453452,0.002259018957124601,0.0022808943249456354,0.24626049854861526,0.2550493153844226,0.2505465511419474,0.2481436349250147,0.000639996543664592,0.02529815296942826
2024-08-26,-0.0008244014786497,6.796377979998671e-07,0.000140272769762,0.0004794428287225,0.000690432113805,0.0007258329128362,0.0006677042127846,0.0022979193064350855,0.00222034508496395,0.002260116776312339,0.00228188628049219,0.24638491443893382,0.2549930889291361,0.2505059285597462,0.24811606807218387,0.0006416764894487687,0.02533133414269309
2024-08-27,-0.0028906587852461,8.355908212720852e-06,0.0001444737485197,0.000450717037267,0.0006666837101821,0.0006861530293801,0.0006507028176208,0.0022985134283343817,0.002220327082785467,0.002259781673756819,0.002281521541860359,0.2463174859529657,0.2549912819088741,0.25053926920082786,0.24815196293733233,0.0006143994814051535,0.024787082954739824
2024-08-28,-0.010989370688188,0.0001207662681224,0.0001223027543806,0.0004241753695238,0.0006511637631582,0.0006671813801454,0.0006396735983272,0.0022991326425246365,0.0022216805419212546,0.002261039353718,0.0022826930228409445,0.2463714726376318,0.25496046089425645,0.25052226269153727,0.24814580377657441,0.0005964018318098883,0.024421339680899743
2024-08-29,-0.0062312622896988,3.882862972302324e-05,0.0002060656350635,0.0004059708234397,0.0006515432619565,0.0007062508660829,0.0006501797592885,0.002299463313534867,0.00222210329321469,0.002260985401514706,0.002282899522235067,0.2463607788677596,0.2549375515666259,0.25055339699264506,0.24814827257296948,0.0006044126699585317,0.0245848056725802
2024-08-30,0.0157426252195639,0.0002478302488036,0.0001222882288191,0.0003839422918167,0.0006437753604724,0.0007062476733931,0.0006443050260811,0.002247576331060463,0.0021813057196776986,0.002222863412811487,0.002243527910858434,0.24732253202700358,0.2548364789526022,0.25007216634096374,0.24776882267943054,0.0005952666092808175,0.024398086180699042
2024-09-02,0.003720545002132,1.3842455112890027e-05,5.627083333245413e-05,0.0003757755692359,0.0006589300730719,0.0006565922531539,0.000636999391707,0.0007231549311135128,0.0007393769783341021,0.0007229415781660492,0.0008029081656990814,0.2577967731198736,0.25214067136202795,0.25787285354331707,0.23218970197478137,0.0005802388170250753,0.024088146815914986
2024-09-03,-0.0007666373220809,5.877327836074906e-07,8.512949672266333e-05,0.0003540595823885,0.000646388641584,0.0006223658367721,0.0006285787339683,0.0007234367294594857,0.0007370600114079297,0.0007244708707115125,0.0007768582134723239,0.2556679529815089,0.25094237222181565,0.2553030014179771,0.23808667337869846,0.000561276073594116,0.023691265765976202
2024-09-04,0.0032391861714279,1.049232705317009e-05,0.0001396805159911,0.0003328512714122,0.0006364968015595,0.0006007958493697,0.000622401935644,0.000724548429609211,0.0007391437527081954,0.0007285771033849614,0.0007691258509956614,0.2553126946289967,0.25027122433890864,0.25390094074229164,0.24051514028980298,0.0005465177090461244,0.023377718217271
2024-09-05,-0.010283763816663,0.0001057557982369,9.642467255542345e-05,0.0003135097347507,0.000630689479447,0.0005765557558757,0.0006179805565843,0.0007087604357630515,0.0007167858913643495,0.0007162564532305625,0.0007349454432496185,0.25363268599251687,0.25079290093955436,0.25097828052649085,0.24459613254143786,0.0005335473866158515,0.02309864469218598
2024-09-06,-0.0330967326882399,0.0010953937146368,0.0005239187567355,0.0003010444985598,0.0006360439333595,0.0006230092974602,0.0006320291191111,0.0006856907660652517,0.0006953018387372018,0.0007011906968275127,0.0007043742354005371,0.25396521957120866,0.2504546892583883,0.24835127840344032,0.2472288127669627,0.0005467359820951371,0.02338238615058645
2024-09-09,0.0152348345797113,0.0002321001846711,0.0002188164629622,0.0003487054515245,0.0007366735605014,0.0008393785211323,0.0008048773750009,0.0006743579578489664,0.0006830327598689387,0.0006921732242568638,0.0006860613640139666,0.2535173898423789,0.2502976128496549,0.24699231825509557,0.24919267905287049,0.0006806801257507723,0.026089847177604784
2024-09-10,0.0036824132507117,1.3560167349017218e-05,0.000119828043367,0.0003417091355133,0.0007210413091084,0.0007633237919023,0.0007528741798333,0.0006549183698517972,0.0006736494278113222,0.0006859736083796035,0.0006731639326009749,0.25642217727291056,0.24929226894624343,0.2448134917757522,0.24947206200509373,0.0006420648613984839,0.02533899882391733
2024-09-11,-0.0070142177948062,4.919925127297614e-05,0.0001208059620689,0.0003220201974234,0.0006889186398343,0.0007090441361166,0.0007123466496483,0.0006453892347118104,0.0006749634912573587,0.0006885616912946643,0.0006727973243702834,0.2595550703121372,0.24818238373495743,0.24328110365732525,0.24898144229558009,0.0006044175814377392,0.024584905560887136
2024-09-12,0.0143384628266777,0.000205591516232,4.951130786476391e-05,0.0003056509406544,0.0006704004625597,0.0007139611696949,0.0006909534743501,0.0006301943807374793,0.0006719109489646417,0.0006869485998841206,0.0006684175758521679,0.26328877095120246,0.24694210478397272,0.24153641770681852,0.24823270655800628,0.0005899894361310765,0.024289698148208357
2024-09-13,0.0326007110135119,0.0010628063585865,0.000460087558202,0.000299647375189,0.0006730347948991,0.0006635654965035,0.0006701572463619,0.000614930575570218,0.0006672297267369793,0.0006837468827521785,0.0006627178314422226,0.2667475021172322,0.24583915919191102,0.23990046484543906,0.24751287384541756,0.0005704507139744954,0.02388411007290193
2024-09-16,-0.0017384228744613,3.022114090450443e-06,0.0002371823672272,0.0003454369141929,0.0007588263439373,0.0006133704140975,0.0006666225181084,0.000618996153501365,0.000668388022309492,0.0006852000097360164,0.0006635907991703919,0.2657961861251203,0.24615464570757886,0.24011502406453372,0.2479341441027671,0.0005911623793930984,0.024313831030775435
2024-09-17,-0.0014509858086323,2.1053598168525994e-06,6.964558066603675e-05,0.0003248920261867,0.0007137758826279,0.0005993448296951,0.0006503058983709,0.0006141644221608585,0.0006730043270252445,0.0006865762987137653,0.0006657888549936379,0.2681278225901583,0.2446857510622763,0.239848898854848,0.24733752749271742,0.0005663606299429964,0.023798332503412848
2024-09-18,-0.0001742974731423,3.0379609143799165e-08,0.0001055686995035,0.0003055248262045,0.000682818185206,0.0005858347586972,0.0006383590845506,0.000612412110073054,0.0006783343725375006,0.0006899714075290064,0.0006699124690670638,0.2699364704344802,0.24370335654089764,0.23959306377127354,0.24676710925334855,0.0005467653475177495,0.02338301408111772
2024-09-19,-0.0133335114523094,0.0001777825276488,0.0008559655394766,0.0002871951594088,0.0006614031526157,0.0005667577050095,0.0006293810159203,0.0006093195874932948,0.0006821430000233609,0.000691143176162162,0.0006725098714040872,0.2716732384752749,0.24267026942305794,0.23951017865780472,0.24614631344386237,0.0005291901762763707,0.023004133895375645
2024-09-20,0.0327784281917614,0.0010744253547224,0.0003721564292937,0.0002806304015032,0.0006641453621169,0.0006350392278457,0.000652111941035,0.0006058888585427739,0.0006833271285989425,0.0006893612487612514,0.0006727283095963896,0.2727595837694186,0.2418490148422755,0.23973206089495594,0.2456593404933499,0.0005496041852501838,0.023443638481476885
2024-09-23,0.0358690293721798,0.0012865872681022,0.0006676111096695,0.0003282580986964,0.0007538738260868,0.0005900810296977,0.0006537325346651,0.0006048539988325493,0.0006789112920094064,0.0006802850698636846,0.0006670268480872751,0.27123593669941387,0.24164886174475303,0.24116087241574571,0.24595432914008733,0.0005743009477706063,0.02396457693702533
2024-09-24,0.0080475161931165,6.476251687847333e-05,0.0001054879883057,0.0003857578488607,0.0008361411695301,0.0005517523619194,0.0006577503873322,0.0006112467368498385,0.0006783430810082639,0.0006792342782210457,0.0006671168209107898,0.2690164410192914,0.24240745772417727,0.24208940420772765,0.2464866970488037,0.0006021621798234344,0.024538993048277967
2024-09-25,0.0037009256463446,1.3696850639771369e-05,0.0001792681947619,0.0003664981289418,0.0007727998844202,0.000533279879316,0.0006442637853947,0.0006067736209310758,0.0006814387952171161,0.0006745845706511963,0.0006665251159763224,0.2702511847228952,0.24063979196103352,0.24308485110610845,0.2460241722099628,0.0005731496815076351,0.02394054472036163
2024-09-26,0.0039037076829796,1.5238933674154422e-05,0.0002287747339118,0.0003453300522436,0.0007243962046469,0.0005198181326671,0.0006338285755808,0.0006015225488397683,0.0006830219924700534,0.0006700542613353596,0.0006654760874645368,0.27156951993814715,0.23916534404644185,0.24379397199091593,0.24547116402449506,0.0005493467495339421,0.023438147314451756
2024-09-27,-0.0108268377097368,0.0001172204147929,0.0002470858895046,0.0003255245851295,0.0006913818411636,0.0005083431230787,0.0006263051261422,0.0005974806366594193,0.0006845345268030951,0.000667088986957992,0.0006652424483903093,0.2727306795941769,0.23804686790818003,0.24427220845537098,0.24495024404227214,0.0005309495139655593,0.023042341763925802
2024-09-30,-0.0208938725727745,0.0004365539110873,0.0002716878403706,0.0003130263349093,0.0006787526565045,0.0005663069870275,0.0006399320977799,0.0005950606868527544,0.0006857608073057374,0.0006655925547931305,0.0006655146684544376,0.27353004429941846,0.23735240378517103,0.24454446622568526,0.24457308568972524,0.0005417230894999842,0.023274945531622286
2024-10-01,0.0205656095569725,0.0004229442964498,0.0001902436492842,0.00032043798948,0.0007013863774987,0.000688738053366,0.0007022806529938,0.0005903201818609856,0.0006814567358813483,0.0006607573582723136,0.0006610039226698704,0.2737680217018811,0.2371548769706717,0.24458416744891257,0.24449293387853469,0.0005942199551521722,0.02437662723085727
2024-10-03,-0.055000920018492,0.0030251012028805,0.0011193213227612,0.0003265883678982,0.0007155612354957,0.0006399105682869,0.0006812621144585,0.0005866535052532162,0.0006781071848770697,0.0006573368193955783,0.0006576597712657275,0.27399992942897833,0.23704662422620434,0.24453676455617887,0.24441668178863837,0.0005821000504762622,0.024126749687354534
2024-10-04,-0.0233969748809301,0.0005474184335788,0.0005698782356601,0.0004884991379971,0.0009802227476456,0.0010687124124217,0.0011577052647006,0.0006789344208785291,0.0007363550739296585,0.0007212177038584733,0.000719468009893061,0.26267025966051016,0.24218734539698053,0.24727052548839915,0.24787186945411027,0.0009169353886253476,0.030280941012877188
2024-10-07,-0.0229881079128368,0.0005284531054122,0.0007496994282764,0.000492034295732,0.0009188110794137,0.0011434283991273,0.0010948304829688,0.0006759865525381105,0.0007341262671413829,0.0007201351370612508,0.0007194062329331243,0.263217233153713,0.24237153466943212,0.24708044483748692,0.24733078733936809,0.0009055096401800914,0.03009168722720764
2024-10-08,0.0172308496221757,0.000296902178702,0.0002110278788792,0.0004942194243128,0.000874874608319,0.0012010335953541,0.0010462573349143,0.0006732719598579348,0.0007314549847024827,0.0007205615259658303,0.0007187278998786985,0.2637421525013348,0.24276298559090437,0.24643307963703928,0.24706178227072156,0.0008971982762378206,0.02995326820628795
2024-10-09,0.0141260133231569,0.000199544252406,0.0001738618092202,0.0004823803895762,0.0008220835688242,0.0010409046103483,0.0009282492200101,0.000671625775109421,0.0007312767067224543,0.0007264987670361315,0.0007212655945695662,0.264965581001299,0.2433520883153972,0.24495253370260028,0.24672979698070358,0.0008118689166789568,0.02849331354333779
2024-10-10,0.0103342984355981,0.000106797724156,0.0002812968002904,0.0004654102213459,0.0007763732198044,0.00092100533256,0.00084162912943,0.0006717250977206597,0.0007331688208871761,0.0007323339888395728,0.0007248837345234084,0.26595044325359385,0.24366228131087425,0.24394004676260864,0.24644722867292335,0.0007450361749596311,0.027295350793855557
2024-10-11,-0.0166338129532632,0.0002766837333641,0.000203823267561,0.0004438934715145,0.0007359662567683,0.0008302981621158,0.0007777628816096,0.0006727758052359501,0.0007360612333134521,0.000737458711484933,0.0007288087143028201,0.2667073415638475,0.24377624898843833,0.2433142950086679,0.2462021144390463,0.0006913110191289054,0.02629279405329349
2024-10-14,0.0190705017431109,0.0003636840367339,0.0002179596374476,0.0004338608872255,0.0007249247966537,0.0008871742039245,0.0007756435379874,0.0006724202844667635,0.0007356929364804953,0.0007385178725868389,0.0007290598227564264,0.2668939141153037,0.24393992758773544,0.2430068226016535,0.2461593356953074,0.00069915421521259,0.026441524449482674
2024-10-15,0.0144392208357648,0.0002084910983439,0.0001957350679009,0.000429650276196,0.0007258833076329,0.0007988014182763,0.0007335048256438,0.0006707158764956169,0.0007323569998998616,0.0007377730648886931,0.0007265097220176537,0.266798756361741,0.24434280241135645,0.24254905774867647,0.246309383478226,0.00066641217368407,0.025814960268884204
2024-10-16,0.0105671341437197,0.0001116643240113,0.0002344181752918,0.0004163807255249,0.0007113348695764,0.0007315656483904,0.0007009586539721,0.0006629030018925999,0.0007321325620960721,0.0007374627287903229,0.0007261340486117635,0.26901541148444513,0.24357764298565734,0.24181713443462055,0.24558981109527697,0.0006343315152753816,0.0251859388404598
2024-10-17,-0.0272107049782707,0.0007404224654144,0.0005933283209495,0.0003980977414341,0.0006918797981719,0.0006797730042233,0.000676130419042,0.0006640353471946859,0.0007344496655874726,0.0007396069782508206,0.0007277159230772845,0.2692195238144123,0.24340848439858084,0.24171118610925965,0.24566080567774723,0.0006059925800604588,0.024616916542500988
2024-10-18,0.0163008317069131,0.0002657171143371,0.0005461690745995,0.0004186372248729,0.0007401527395487,0.0008416011743304,0.0007784048060886,0.0006639455122541671,0.0007344740999717341,0.0007396386425687473,0.0007277630822904221,0.26925539518604913,0.2433998847486651,0.24170033986208794,0.24564438020319784,0.0006874994789281204,0.026220211267801035
2024-10-21,-0.016591245550124,0.0002752694289045,0.0003545892672934,0.0004094620182408,0.0007267188434456,0.0007644869876678,0.0007341868162172,0.000663314030963138,0.0007326229910645279,0.0007373203819866815,0.0007253408119651406,0.268852608881304,0.24341811532953445,0.24186732401388442,0.2458619517752771,0.0006523944886413138,0.025542014185285265
2024-10-22,-0.0544318765895041,0.002962829189055,0.0011419484162679,0.0004014104628806,0.0007184500444567,0.0008309421028892,0.0007439077072164,0.0006622666294624454,0.0007301238871543126,0.0007342912361356734,0.0007223059048344733,0.2683950085811564,0.24345054424992268,0.24206888077953884,0.24608556638938214,0.0006668537932795289,0.025823512411744628
2024-10-23,-0.0120951871840034,0.000146293553016,0.0002639313881149,0.000555095586451,0.0009761009472711,0.0012442466139438,0.0011927576814855,0.0007401361620786628,0.0007849640190181211,0.0007830412360023569,0.000776290301980599,0.2603132191325358,0.24544720812566215,0.24604991166329465,0.2481896610785074,0.0009862568655567261,0.03140472680277168
2024-10-24,-0.0049167469582942,2.417440065189615e-05,0.0002210019816991,0.0005305674644449,0.0008766862444828,0.0011846347126752,0.0010542285809454,0.0007022811254790669,0.0007674543439340702,0.0007713600942234252,0.0007625744111916212,0.2669187449978232,0.2442516589164486,0.24301490063113856,0.24581469545458956,0.0009027792358600438,0.03004628489281235
2024-10-25,-0.0309199333933787,0.0009560422810509,0.0009860751866477,0.0005001838806174,0.000796604076691,0.0010784298568206,0.000934003120819,0.0007036343037040272,0.0007686757969079665,0.0007827342866723487,0.0007703849387004681,0.26826313934162593,0.24556405706982537,0.24115354402395775,0.24501925956459084,0.0008187141620607305,0.028613181613737583
2024-10-28,0.0573943314537417,0.0032941092830219,0.0014801921107212,0.0005275353846434,0.0008330337742523,0.0012214102393773,0.0010002808197949,0.0007055114303388241,0.0007654250602341907,0.0007814929823568127,0.0007684403874350782,0.2671934234301036,0.24627886403879076,0.2412152362172215,0.24531247631388403,0.0008861167213548868,0.029767712733008003
2024-10-29,0.011538469353301,0.000133136275017,0.0002769547615241,0.0006935298185461,0.0010870694651489,0.0010308847870497,0.0009352193228944,0.0007904619553137749,0.0008263396010698295,0.0008251871568828665,0.0008221577579298892,0.2580013397196198,0.24679955215060576,0.24714422875741995,0.24805487937235457,0.0009339828214361665,0.030561132528690204
2024-10-30,-0.0072942191368521,5.320563281642032e-05,0.0001967843615298,0.0006599062059343,0.0009514310535571,0.0009148566505558,0.0008457772749496,0.0007883647719404772,0.0008337704288073065,0.000830859240060373,0.000826371346867435,0.25984794864368327,0.24569709082237362,0.2465579714282202,0.24789698910572303,0.0008404699557090125,0.028990859864947306
2024-10-31,-0.0079575221294616,6.332215844087111e-05,0.0001249772651257,0.0006235041715473,0.000850662426879,0.0008847387429174,0.0007880758036451,0.0007765012917513649,0.0008339541910052722,0.0008316574163698335,0.0008253694177049955,0.262772066495776,0.2446691332340288,0.2453448319631276,0.24721396830706763,0.0007838597432436859,0.02799749530303891
2024-11-01,0.0047457578037065,2.252221713144191e-05,4.6972512709730246e-05,0.0005898932507609,0.000782608504091,0.0008653719679118,0.0007480236222018,0.0007780833661478241,0.0008343106432922694,0.0008282391381790414,0.0008223136233745163,0.2618992885069145,0.24424892770041495,0.24603942339794255,0.24781236039472795,0.0007439290300613676,0.0272750624208519
2024-11-04,-0.04196075728212,0.0017607051516889,0.0007572861560522,0.0005558509887431,0.0007319815934971,0.0007897682777695,0.0007089601677659,0.0007802441714880227,0.0008400380111800383,0.0008351951715984108,0.0008276034245566392,0.2627567548842974,0.24405374969828725,0.2454688837882288,0.24772061162918665,0.0006941840385795903,0.02634737251756976
2024-11-05,0.011517110758891,0.0001326438402325,0.0004214586838668,0.0006281422385199,0.0008675931604175,0.001075588523591,0.0009698687813624,0.0007944592124494191,0.0008466864734969358,0.0008402838194476867,0.0008347907843849984,0.26072440054424045,0.24464179883165904,0.24650587947638058,0.24812792114771995,0.0008818119794812257,0.029695319151024892
2024-11-06,0.0358312361569177,0.0012838774845328,0.0003979596475952,0.0005984123346226,0.0008010010464151,0.0009491993112159,0.0008708205020837,0.0007938903569778235,0.0008456371843645956,0.0008404975922994606,0.0008349212065572215,0.2608097858593016,0.24485012937874706,0.24634737314676244,0.247992711615189,0.0008019868972483243,0.028319373178944555
2024-11-07,-0.0304019278355788,0.0009242772161197,0.0004089530520828,0.0006395402436172,0.0008681665160825,0.000837522951014,0.000814657826574,0.0007963089035165519,0.0008428501382541378,0.0008347144404132704,0.0008311297892561052,0.25927727195502775,0.24496027320460295,0.2473478235683205,0.24841463127204877,0.0007880169593602778,0.028071639769708463
2024-11-08,-0.0218959743914241,0.0004794336945499,0.0003675850596345,0.0006566244619674,0.0008789550315447,0.0010096755980004,0.0009087780858661,0.0007967523980741684,0.0008428761663939008,0.0008346879103464548,0.0008312345003684594,0.25917838925540504,0.24499566057458108,0.24739905850862473,0.24842689166138926,0.0008610807463931871,0.02934417738484395
2024-11-11,-0.010873185303219,0.0001182261586381,0.0002291230916357,0.0006459930159223,0.0008427631329583,0.0010812098879847,0.0009036921530355,0.000795318855072037,0.0008402020049252309,0.0008304806347242925,0.0008279593422704954,0.258744353476801,0.2449223659991581,0.24778935758308349,0.24854392294095745,0.000866078082158964,0.029429204579107537
2024-11-12,-0.0164039514333328,0.0002690896226271,0.0004182804706212,0.0006143270044853,0.0007825753088217,0.0010459622482807,0.0008406344473858,0.0007357925174884547,0.0007980772952463675,0.0007974819976609861,0.0007878510900071124,0.26465357269229456,0.24399907085874903,0.24418120921189496,0.2471661472370613,0.0008167121889381612,0.028578176795207934
2024-11-13,-0.0215416755351534,0.0004640437848618,0.0004112465775553,0.0005936127615738,0.0007561165551368,0.0010637041864436,0.0008198481135368,0.0007343786354677942,0.0007934902680828272,0.0007998521425647305,0.0007872006457076524,0.2647922071128214,0.24506631973175155,0.24311710801760125,0.24702436513782583,0.0008036098801133447,0.028348013689028454
2024-11-14,0.0187268077775604,0.0003506933295376,0.000249146748536,0.0005858386229711,0.0007570882709898,0.0011227246514362,0.0008368701814778,0.0007322447081752037,0.0007888047729667475,0.0007994427809510305,0.0007848263930096276,0.26474339382209444,0.24576036529477838,0.24249008655748583,0.2470061543256414,0.0008201208784198972,0.028637752677539086
2024-11-18,-0.0040728386511007,1.658801467789979e-05,0.0003478658123195,0.0005717299053651,0.0007466484429518,0.0009807184512542,0.0007775943645868,0.000730005251258332,0.0007847697844523295,0.000801274308614682,0.0007830392822788343,0.2650029630548559,0.246509942739537,0.24143236910156665,0.24705472510404047,0.0007644519250008002,0.027648723749945498
2024-11-19,0.004662713730806,2.174089933544716e-05,0.0002070477218888,0.0005384213919238,0.0007067609074187,0.000913012193161,0.0007327631889626,0.0007303005572085124,0.000784517929582576,0.0008055609959196485,0.0007842755292754874,0.2653474805612678,0.247009539999776,0.24055709485603982,0.24708588458291642,0.0007181324479481631,0.02679799335674526
2024-11-21,0.0140526458409439,0.0001974768551309,0.0008392131466675,0.0005074205623685,0.0006799354460679,0.0008273191155409,0.0006979171525963,0.0007317704709243783,0.0007859728092018931,0.0008105611466981582,0.0007866417832595029,0.2656692434650436,0.24734813357977173,0.2398448385941863,0.24713778436099845,0.0006738967189556496,0.025959520776694812
2024-11-22,0.0373454579649197,0.0013946832306095,0.0006257185461427,0.0004888239399343,0.0006787729750866,0.0007544334500369,0.0006750827773285,0.0007302526073864801,0.0007833922306449694,0.0008092323147372221,0.0007845788298812793,0.26558122255141764,0.24756612671712255,0.23966094372298938,0.24719170700847048,0.0006455467526544848,0.02540761210059861
2024-11-25,0.0244677941006977,0.0005986729481541,0.0002936501915802,0.0005431754973748,0.0007952740491959,0.0006839383107579,0.0006746357040582,0.000737349192735816,0.0007842335453720731,0.0008087225234586357,0.0007856955695243202,0.2638224002706461,0.24805013125636374,0.24053890948065815,0.24758855899233223,0.0006721155530077406,0.025925191474852033
2024-11-26,0.0049071983463302,2.4080595610226704e-05,9.973790386117514e-05,0.0005465053444215,0.0007971088156067,0.0006340155294414,0.0006636336688909,0.0007363429093151208,0.0007816506648475998,0.0008057152919856478,0.0007828958764437008,0.26340238028021595,0.24813447200723326,0.24072333856053574,0.24773980915201504,0.0006587717970736044,0.025666550159178084
2024-11-27,-0.0044214170036922,1.954892832053883e-05,6.376802737277614e-05,0.0005151598594929,0.0007420696658798,0.0006031981236504,0.0006479713394154,0.0007379045447942753,0.0007840155091977836,0.0008049554447948354,0.0007832712932638644,0.26316004719765257,0.24768259372077833,0.24123943268054743,0.24791792640102167,0.0006255261164836597,0.025010520116216288
2024-11-28,-0.0120303071739416,0.0001447282906993,0.0001642772887226,0.0004854232036225,0.0007039136990736,0.0006076920546219,0.000639538955731,0.0007404648398194107,0.0007878883466214017,0.0008063053178369944,0.0007857963859340815,0.2631257876207197,0.24728807707135098,0.24163972365406264,0.24794641165386666,0.0006072107571826035,0.024641646803381535
2024-11-29,0.0111194058718344,0.0001236411869425,0.0002480803892278,0.0004649815088471,0.0006900344049005,0.0006620799407911,0.0006540216638291,0.0007402968794693124,0.0007867934194204883,0.0008042481383063793,0.0007842732372014615,0.2627903910431441,0.24726046461732007,0.24189413338703752,0.24805501095249835,0.000615197504590297,0.02480317529249626
2024-12-02,0.0312814610896903,0.0009785298079058,0.0004799957568681,0.0004445010895328,0.0006784584961246,0.0006230662260033,0.0006423579868614,0.0007402019887843107,0.000785773245007155,0.0008032456282607781,0.0007830708927902707,0.2625516876677144,0.24732488997961471,0.24194502221084663,0.24817840014182432,0.000594671333523508,0.024385883898753968
2024-12-03,-0.0025352145589633,6.42731285997956e-06,0.0001908010789716,0.0004765428126352,0.0007542854942856,0.0005810397139483,0.0006453944310387,0.0007422399705739128,0.0007825656175277638,0.0008009380798871907,0.0007802839174759791,0.26134042997363605,0.2478735440309878,0.2421876521100437,0.24859837388533243,0.0006126719724093665,0.024752211465026038
2024-12-04,0.0011799110625021,1.3921901154148554e-06,7.300644872980998e-05,0.0004483358826487,0.0007109981908758,0.000577124478831,0.0006355188470646,0.0007442340281574261,0.0007855812416511851,0.0008020664486206299,0.0007818406091541208,0.26129014979442755,0.24753775980016204,0.2424500127561655,0.2487220776492448,0.0005911360546084905,0.02431328967064084
2024-12-05,0.0027087726311912,7.337449167490807e-06,4.60939654195641e-05,0.0004215192610967,0.0006808450803267,0.0005578535304318,0.0006273413481954,0.0007393896729427009,0.0007886783426383735,0.0008031910929832014,0.0007838355924131035,0.26306328258520895,0.24662307046904217,0.24216687183554095,0.2481467751102079,0.0005695647215759624,0.02386555512817505
2024-12-06,0.0077324390341434,5.979061341674563e-05,0.0001182029211823,0.0003966683523809,0.0006607671297442,0.0005409715530698,0.0006215091818815,0.0007411677171006782,0.0007907784131942568,0.0008025089499879789,0.0007844342470964213,0.262765800045825,0.24628078473388434,0.2426808176469742,0.24827259757331663,0.0005525522420301038,0.02350642980186706
2024-12-09,0.0068041582850251,4.629656996767668e-05,0.0001599414242642,0.0003764556880431,0.0006521491845137,0.0005243773699229,0.0006179964979717,0.0007412329813452288,0.0007893084856766873,0.0007990684836381948,0.0007819757863063519,0.26214995754728765,0.24618282727026858,0.24317589614794954,0.24849131903449426,0.0005403184744749083,0.02324475154685264
2024-12-10,0.0065854939782603,4.336873093770395e-05,5.1040260461921466e-05,0.0003566461409586,0.0006449222086826,0.0005108314465842,0.0006152759739429,0.0007416215761494773,0.0007888629964292965,0.0007969085316799975,0.0007807714577889623,0.2617393232686407,0.246064944535885,0.24358068930893734,0.24861504288653702,0.0005294366056188515,0.023009489468887645
2024-12-11,0.0084281756950935,7.103414554736485e-05,0.0001828197279264,0.0003378494963573,0.0006396835387454,0.0004994704535814,0.0006132698922869,0.0007426112103005152,0.0007904018899492967,0.0007964909934395553,0.0007817474637213697,0.26165494477900925,0.2458342998596817,0.24395491829023463,0.2485558370710745,0.0005199362313119194,0.022802110238131897
2024-12-12,-0.0099264206816766,9.853382754961826e-05,0.0001525158047004,0.0003218405753087,0.0006388046320735,0.000488970779194,0.0006121907386728,0.0007368521264736827,0.0007922073499474993,0.0007967437748099534,0.0007832367894598146,0.2634537222973315,0.24504498161379196,0.24364976751591264,0.247851528572964,0.0005121959939036057,0.022631747477903814
2024-12-13,0.0043154654574915,1.8623242114803156e-05,0.0003520123760471,0.0003084421704432,0.0006408967297485,0.0005432157088571,0.0006266561108202,0.0007360896841372073,0.0007892633868257254,0.0007944385284357825,0.0007813564063849788,0.26307145924859815,0.24534799228761478,0.24374974326219095,0.24783080520159603,0.000526098435878768,0.022936835786105458
2024-12-16,0.0254527696038025,0.0006478434805042,0.0003062641875435,0.0002910530347435,0.000634500877148,0.0005278977290827,0.0006211651931865,0.0007358610054988201,0.0007880032887768779,0.0007935831903417038,0.000780818054555341,0.2629145700099788,0.24551747765942805,0.24379117678201903,0.24777677554857405,0.0005149102556541432,0.022691634045483442
2024-12-17,-0.0236171250113282,0.0005577685938007,0.0002632357148291,0.0003124604614891,0.0006917670671729,0.000505062291591,0.000625636795731,0.00073624563077492,0.0007830594892788913,0.0007901231656341133,0.0007764648334453319,0.26176433677861927,0.2461152082116123,0.24391494595818292,0.24820550905158548,0.0005305241421671807,0.023033109693812094
2024-12-18,-0.0011469007951524,1.3153814339212451e-06,9.85643822888971e-05,0.0003271789494278,0.0007221797886588,0.0006522882249186,0.0007118729882217,0.0007367910455244321,0.0007807581412421711,0.000788555147912837,0.0007743225334968773,0.26112576398304205,0.2464209010390013,0.24398436199125292,0.24846897298670376,0.0005994215240335536,0.02448308648911639
2024-12-19,-0.0081227465562254,6.597901161667305e-05,0.0001687194881964,0.0003076271353482,0.0006884990123078,0.0006279611685537,0.0006827391564866,0.000730841288323356,0.0007844989093706792,0.0007909894515989976,0.0007778288869887027,0.2634940334141972,0.2454717483296819,0.2434575056047351,0.24757671265138584,0.0005719771466290582,0.02391604370770923
2024-12-20,-0.0397669673860123,0.0015814116950801,0.0010273736624117,0.0002931282479243,0.000671756955338,0.0006529751031219,0.0006723072449956,0.0007209685423310499,0.000785600193781626,0.0007892038367560922,0.0007776133851804857,0.26606895644106365,0.24417935382813782,0.24306438812225714,0.24668730160854127,0.0005665861603318354,0.023803070397153292
2024-12-23,0.0161799040752654,0.0002617892958847,0.0002333877336452,0.0003704252547536,0.0008087617032416,0.0009275418050458,0.0009138955374009,0.000738741887478511,0.0007880620384626277,0.0007957742262847565,0.0007826854508184144,0.2624945912053094,0.24606660427167182,0.24368186773935605,0.2477569367836627,0.0007486929501469033,0.027362254113046013
2024-12-24,-0.0030249616366535,9.15039290322556e-06,0.0001571864298829,0.0003639070972215,0.0007733438091312,0.0008320251652616,0.0008320871758144,0.000737469859367222,0.0007851268261292511,0.0007975865369236547,0.0007829795525894193,0.26275661501607817,0.24680736598829997,0.24295179889961285,0.2474842200960089,0.000694556401969649,0.026354437993811385
2024-12-26,-0.0035705768478178,1.2749019026172686e-05,8.474445902862377e-05,0.0003426216949624,0.000724323449341,0.0007869778632866,0.0007709360681845,0.0007376607144797549,0.0007859870177988538,0.0008019889832560004,0.000786108459331807,0.26338840278848547,0.24719400319199394,0.24226177845714442,0.24715581556237604,0.0006504869834900722,0.025504646311801153
2024-12-27,-0.0046010860318104,2.1169992672121345e-05,0.0004302632100454,0.0003228293344062,0.000691088038293,0.0007543652505075,0.0007273184592351,0.0007383994530532085,0.000787857985883729,0.0008066146651922012,0.0007894478128008572,0.2639921856404165,0.2474198256282857,0.24166642871631402,0.24692156001498383,0.0006181086681268422,0.02486179132980651
2024-12-30,-0.0170943960750637,0.0002922183771711,0.0002732159313086,0.0003047297739022,0.0006691407040074,0.0007348528463612,0.0006971694682587,0.0007392537276710849,0.0007919737191642663,0.0008119767290547182,0.0007942601790153559,0.264927731971158,0.24729206119338776,0.2412000324826139,0.2465801743528403,0.000595359251235348,0.024399984656457225
2024-12-31,0.0051046002321482,2.605694353004774e-05,0.0001849632822122,0.0003039790900983,0.0006806589876685,0.0008093772978546,0.0007199323354655,0.0007391370353844549,0.0007926525379885528,0.0008132614530772942,0.000795161519276179,0.26518979441059604,0.247285650472101,0.24101916759139894,0.24650538752590392,0.0006214719948662187,0.024929340040727485
2025-01-01,-0.0004850744589281,2.3529723070441706e-07,7.272857118115456e-05,0.0002873037613042,0.0006624736845176,0.0007451302044973,0.000688698985941,0.0006528741918573613,0.0007392835691174723,0.0007594746855319324,0.0007407742783891142,0.27593081633405325,0.24367930824932407,0.2372009392208539,0.24318893619576887,0.0005849366486678246,0.024185463581825852
2025-01-02,0.0131335403682686,0.0001724898826049,0.0002791758433991,0.0002700796534598,0.0006474834932752,0.0006995716915015,0.0006658079458235,0.0006538809708613873,0.0007421101877006499,0.0007625749022044054,0.0007419155851106723,0.2762494731279115,0.24340627130925357,0.23687413940146582,0.2434701161613691,0.0005600256850881009,0.023664861822713035
2025-01-03,-0.0088372123492482,7.809632210570514e-05,0.0001284370356901,0.0002642242672085,0.00065408927482,0.0006525468416502,0.0006515342083885,0.0006539854340497553,0.0007429321573295088,0.0007614771774837076,0.0007410454721033941,0.27611866801376705,0.24306066868785853,0.23714116757502862,0.24367949572334574,0.000545451876510775,0.02335491118610334
2025-01-06,-0.0271758790606215,0.0007385284027175,0.0005698420755185,0.0002530565905023,0.0006493671433621,0.0006788061641686,0.0006517396503068,0.0006539307607778207,0.0007429065349000936,0.0007561237695260924,0.0007384240128225681,0.275432370758346,0.2424446296963396,0.23820663628354377,0.24391636326177074,0.0005478016516189366,0.02340516292656252
2025-01-07,0.006123746336598,3.7500269194997866e-05,9.267831790928932e-05,0.0002821848992352,0.0007108381549405,0.000840438347681,0.0007604601196015,0.0006559117444882062,0.0007386361497778552,0.0007483211073730464,0.0007324925792629024,0.2732265326828287,0.2426262128469561,0.23948608415119665,0.24466117031901843,0.0006368967227730867,0.025236812848953148
2025-01-08,-0.0101649165085392,0.0001033255276255,0.000155969674805,0.0002675038214328,0.0006842731540365,0.0007692562136307,0.0007181520732729,0.000655037920511615,0.0007386931508811881,0.0007481181314104207,0.0007322956651475776,0.27346070633655606,0.24249193620741452,0.23943696175713353,0.24461039569889587,0.0005989383393936046,0.024473216776582613
2025-01-09,-0.0277294978435516,0.0007689250506555,0.0003657609727942,0.0002576531238044,0.0006725205278259,0.0007866578045073,0.0007040486132606,0.0006550251401551445,0.0007401195171260599,0.0007496423486741578,0.0007337386891809902,0.27385763190012463,0.24237117055701402,0.23929228922992268,0.24447890831293867,0.0005939260451398536,0.024370597964347398
2025-01-10,-0.037191159702871,0.0013831823600444,0.0007230257885866,0.0002883294394154,0.0007296806391544,0.0009413573960141,0.0008032739622286,0.0006582799587682675,0.0007387536003662891,0.0007465932800724054,0.0007318566134783312,0.27231293261199685,0.24264943813879408,0.24010147269810228,0.24493615655110665,0.0006783445664012401,0.026045048788613166
2025-01-13,-0.0565446921769416,0.003197302213385,0.001140576825243,0.0003540206146532,0.0008290283809749,0.0011644327043342,0.0009759899779452,0.0006726780034907583,0.0007405491512409616,0.0007448806904014683,0.0007325469324842179,0.26811870647784286,0.24354569290884898,0.2421294557586567,0.2462061448546515,0.0008190640276076248,0.02861929467348252
2025-01-14,0.0173638654857654,0.0003015038246077,0.0001540468135661,0.0005246175105771,0.0010748402551118,0.0015691493124895,0.0013990878769136,0.0007653010295210008,0.0007974323263479541,0.0007856962450043864,0.0007829906421057752,0.25567888089937574,0.24537669757532474,0.2490419319465848,0.24990248957871466,0.0011382938901000697,0.0337386112651376
2025-01-15,0.0158434286195835,0.0002510142304238,0.0003312713106516,0.0005112306894189,0.0009595477800978,0.0013130215421414,0.0011833898683828,0.0007645666904350997,0.0008036333300546588,0.000802520634113166,0.0007956655287887655,0.25873162650834414,0.24615403069073863,0.24649532358625947,0.24861901921465784,0.0009863349998375267,0.03140597076731631
2025-01-16,0.0081997960859045,6.723665585041489e-05,0.0002746721653314,0.0004956177018792,0.0008756043919514,0.0011256762211103,0.0010267736074703,0.0007650496878492985,0.0008064998695911047,0.0008107463554263971,0.0008019922452155041,0.25999839008919173,0.24663573384073145,0.24534391779589607,0.24802195827418078,0.0008756553514373071,0.029591474303206102
2025-01-17,0.0109407780088924,0.0001197006234398,0.0002167913280582,0.0004699148391175,0.0008000818788434,0.0009895031197604,0.0009110823924388,0.00076685031310183,0.0008111326874799589,0.0008197513816572312,0.0008093371740329077,0.2612072397919095,0.24694708610647587,0.24435073621217318,0.2474949378894415,0.000787597142616614,0.028064161177854825
2025-01-20,0.0153686172877629,0.0002361943973377,0.0001316794244974,0.0004489019861768,0.0007534752376859,0.0008832542890749,0.0008281472308512,0.0006933655633734192,0.0007626910155266507,0.000780290047548361,0.0007638092283421035,0.2698707780704944,0.24534064288886698,0.2398071136019123,0.24498146543872643,0.000720695011354135,0.026845763378122348
2025-01-21,-0.0302992650691381,0.0009180454637298,0.0004932499757769,0.0004361395308465,0.0007329546926369,0.0007978253904412,0.0007697520527038,0.0006918992422327775,0.0007580771098216782,0.0007718412949745091,0.0007556409335013202,0.26847256768529293,0.24503571435554553,0.24066601171925772,0.24582570623990385,0.0006779258731673214,0.02603700968174574
2025-01-22,-0.0332055117781389,0.0011026060124481,0.0013432770319936,0.0004650538868195,0.0007856994243774,0.0009737363206943,0.0008752889761616,0.0006916077052446707,0.0007504258392829048,0.0007573211979065413,0.0007440942205614645,0.2656528010863783,0.24483102064653878,0.24260185065338988,0.24691432761369309,0.0007682580821469037,0.027717468898636896
2025-01-23,0.0017496422115677,3.0612478684997194e-06,0.0002132038286538,0.0005033070143572,0.000839921814685,0.0011541128113123,0.000981927808361,0.0006939973452023636,0.0007512583406121606,0.0007573391191827021,0.0007446672618780905,0.2651043945057641,0.24489810767167436,0.24293178752872024,0.24706571029384128,0.0008620955439920636,0.029361463587363346
2025-01-24,-0.0280809362943103,0.0007885389831651,0.0006053086149979,0.0004732922683679,0.0007693450757116,0.0010151956657295,0.0008778001714917,0.0005985294980279637,0.0006892845156245606,0.0007239082683927919,0.0006948415956091578,0.2811731569181416,0.2441523415286142,0.23247479800553808,0.24219970354770617,0.0007695248315564256,0.02774031058867989
2025-01-27,0.0123648040844981,0.000152888380048,0.0008767141622803,0.0004922070712557,0.0007979450139045,0.0011414408988571,0.0009321121269288,0.0005955332787809832,0.0006781982070608761,0.0007151691143095829,0.0006871792697126663,0.2795277610989861,0.24545639068999206,0.23276744024144996,0.242248407969572,0.0008249391987187694,0.028721754798736957
2025-01-28,0.031946263863354,0.001020563774827,0.0006813127406165,0.0004718479497832,0.0007552626970872,0.0009988940139427,0.0008437959100287,0.0005919831748301501,0.0006733802496615207,0.0007178997763129812,0.0006869247989307038,0.2804645235737066,0.24656244250680737,0.23127222569296976,0.2417008082265163,0.0007535186210313527,0.02745029364198774
2025-01-29,0.0253383961802256,0.000642034320986,0.0003716409772403,0.0005047708992859,0.0008110288647688,0.0008780975734658,0.0007915879242982,0.0005918041613823016,0.000666545042258941,0.0007100299254620354,0.0006809052772467427,0.2785124910354553,0.24728239014896444,0.2321378934619939,0.2420672253535863,0.0007365953701388622,0.027140290531585363
2025-01-30,0.006218916454617,3.867492186950611e-05,0.0003820732830939,0.0005130067045879,0.000812152148009,0.0007881476017364,0.0007487660129971,0.0005875210816487016,0.0006596434086408958,0.0007023043008539607,0.0006747089963637709,0.27793190102746734,0.24754412607984022,0.2325072634722376,0.24201670942045486,0.0007080883510520734,0.026609929557442902
2025-01-31,-0.0066885586722382,4.473681711197348e-05,0.0001875662672904,0.0004845467976248,0.0007538070187454,0.0007275651797958,0.0007097135748944,0.0005698563908130511,0.0006538062971806002,0.0006977687146016307,0.0006672330381626298,0.2822991920574474,0.24605146724498492,0.23054917102028719,0.24110016967728035,0.0006611141048598351,0.025712139250942057
2025-02-01,0.0207219706990777,0.0004294000696534,0.0005872936488524,0.000458158198794,0.0007144237617038,0.0007271482600208,0.0006883162890935,0.0005690942002469352,0.0006533298108100343,0.0006926997983929755,0.0006639935255618694,0.28171356446983487,0.24539145928745937,0.23144449593115377,0.2414504803115519,0.0006388716298230887,0.025275910069136754
2025-02-03,-0.0159017233681896,0.0002528648060784,0.0003324708900537,0.0004564327110456,0.0007251267602836,0.0006708456917471,0.0006712531816097,0.0005621840903051268,0.0006513890203778041,0.0006924187695654567,0.0006626923073999483,0.2838247250357917,0.24495614733850427,0.2304411027888311,0.24077802483687288,0.0006233845824817684,0.024967670746022113
2025-02-04,0.0179374460495982,0.0003217519707822,0.0001199378669432,0.0004442186367475,0.0007151640567663,0.000744891840383,0.0006947266075075,0.0005615962641132123,0.0006541959733756693,0.0006944279044060037,0.0006647392731921215,0.2847374391312502,0.24443360793577842,0.2302722587250496,0.24055669420792172,0.0006399448703743738,0.02529713166298452
2025-02-05,0.0015731495175928,2.4747994047025367e-06,0.0001034821042037,0.0004368706367896,0.0007150870608104,0.0006865788954774,0.0006744433766974,0.0005613528799274374,0.0006541342633020204,0.0006932014827130444,0.0006641720604472545,0.28464474633525,0.24427117959685993,0.23050462541732916,0.24057944865056086,0.0006195449182822474,0.024890659257686354
2025-02-06,0.0008510768885467,7.243318702183861e-07,0.0006347619344014,0.0004108068865465,0.0006837527804033,0.0006480150027474,0.0006554963688364,0.0005600176371636189,0.0006539159027669293,0.0006876573576209175,0.0006620933531010962,0.28436398485856224,0.24353108132267443,0.23158168109460073,0.2405232527241625,0.0005910642597268763,0.024311813172342295
2025-02-07,-0.0086757727376357,7.526903259510328e-05,0.0002841633512201,0.0003862019332659,0.0006621115134695,0.000616790674827,0.0006417751421962,0.0005607459925236036,0.0006564960114764352,0.0006854173014245368,0.0006633767083003387,0.28428884308471647,0.2428252825488011,0.23257923187466767,0.24030664249181471,0.0005682458471768866,0.023837907776834918
2025-02-10,-0.035612391106428,0.0012682424003171,0.0007177623444871,0.0003675459592257,0.0006545868501459,0.0006471105542863,0.0006442195381584,0.0005619320130417653,0.000659776456830781,0.0006846101776109032,0.0006658134358166091,0.28437491174469776,0.24220228679099043,0.23341658047347055,0.24000622099084123,0.0005687263113372399,0.02384798338093265
2025-02-11,-0.030348554146035,0.0009210347387548,0.000537068213529,0.0004215877456912,0.0007663139152446,0.0008840392832448,0.0008421059565024,0.0005730330997833812,0.0006624413768416134,0.0006820464075787791,0.0006677260975376221,0.2806320119092619,0.2427557174183888,0.23577784428728443,0.2408344263850649,0.0007155830829909458,0.026750384726036105
2025-02-12,-0.0418302809765299,0.0017497724065754,0.0009135789198349,0.000451554565275,0.000808849523799,0.0010498600907607,0.0009280886691163,0.0005721783053519468,0.0006560064147222564,0.0006706099125729087,0.000660537502947858,0.2784222762070192,0.24284394572545795,0.23755566863179048,0.24117810943573234,0.000795381946189728,0.028202516664115773
2025-02-13,0.0008819893176591,7.779051564648057e-07,0.0004767490018178,0.000529447635753,0.0009191907267242,0.0013057623769482,0.0011264904858054,0.0005924763232818516,0.000661270852591972,0.0006668154669908595,0.000662673864432241,0.2718461254876731,0.24356493605614085,0.24153967761752773,0.24304926083865824,0.0009569970224959877,0.030935368471960822
2025-02-14,-0.0108571660358029,0.0001178780543289,0.0009334400285441,0.0004977274519172,0.0008234351919651,0.0011301177522442,0.0009822811578281,0.0005950506729314137,0.0006689228187680288,0.0006829452786731093,0.000675339264851349,0.27457592730314456,0.24425327665367444,0.2392381870330021,0.2419326090101789,0.0008458038858794249,0.02908270767792134
2025-02-17,0.0021511761507155,4.627558831407183e-06,0.0006703172211575,0.0004749364880619,0.0007692979975013,0.0010845628487773,0.0008973931583763,0.000585502956322074,0.0006687394563482905,0.0006904052510932239,0.0006781636389541792,0.27878803784951495,0.24408791615117106,0.23642812694378035,0.24069591905553364,0.0007926029906180369,0.02815320568990389
2025-02-18,-0.0039351225999801,1.548518987687425e-05,0.0001711664854256,0.0004467179523081,0.000721108192427,0.0009618335851875,0.0008167068410677,0.0005885990887067393,0.000675509887855897,0.0007042555726041081,0.000687817991276528,0.2806731075097778,0.2445618314028084,0.2345795215987762,0.24018553948863758,0.0007235248915310611,0.026898418011679817
2025-02-19,0.0265018635102224,0.0007023487695144,0.0008313943727458,0.0004208439865622,0.0006891530733979,0.0008970692263354,0.0007608582629047,0.0005873665424418808,0.000674279216500629,0.0007104236922949076,0.0006906342899612268,0.28182030755895826,0.2454944711181949,0.23300436265869634,0.23968085866415054,0.0006791698561183155,0.026060887477565218
2025-02-20,0.0068589898081183,4.704574118787138e-05,0.0001746103289542,0.0004377342735393,0.000734554118749,0.0008023340017894,0.0007273591422712,0.0005850011689238351,0.0006677984428762288,0.0007068637189200753,0.0006858942093144465,0.2811738458096824,0.2463123869546979,0.23269977517133375,0.239813992064286,0.0006651430488714446,0.025790367365965235
2025-02-21,-0.012525953795601,0.0001568995184895,0.0005460503758723,0.0004142929615982,0.0007014581925221,0.0007385443755856,0.0006943497713298,0.0005855217981162099,0.0006697918217221546,0.0007110497396740055,0.0006885375892877337,0.2818465060420558,0.2463859182188894,0.23208963283802855,0.23967794290102631,0.0006274252623713658,0.025048458283322864
2025-02-24,-0.0184570723748294,0.0003406635206496,0.000128854703592,0.0003988493550117,0.0006895444190143,0.000778137491561,0.0006956480475308,0.000584806018171151,0.000669489954354162,0.0007116166850391739,0.0006886289522878712,0.28212394673843466,0.24643802472285473,0.23184923202545682,0.23958879651325368,0.0006295349771038648,0.025090535608150433
2025-02-25,-0.025405468964901,0.0006454378533265,0.0003246310744067,0.00039535820495,0.0006993857617591,0.0008572359896964,0.0007267965790226,0.0005807765441289949,0.0006698841072399259,0.0007123777965697532,0.0006887862822483018,0.2836530402135454,0.24592169100065356,0.23125234000857173,0.23917292877722937,0.0006562065809879782,0.025616529448541193
2025-02-27,-0.022168267436452,0.000491432081134,0.0005893171678968,0.0004103629838526,0.0007359894899513,0.000982810179107,0.0007994188912542,0.0005784982699488437,0.0006629266116403455,0.0007090322811388759,0.0006839095069395695,0.2829325759278254,0.2468991330449338,0.23084422252751866,0.2393240684997223,0.0007160164562645826,0.026758483818493578
2025-02-28,-0.0107204948059031,0.0001149290088833,0.0002289666519921,0.0004152271296895,0.0007459809158193,0.0010612258253721,0.0008266033786925,0.0005757086710346222,0.0006573249981953276,0.0007079735318583334,0.0006801552773582169,0.2828493441345947,0.24772954088436114,0.23000693202090827,0.23941418296013578,0.0007442380999009213,0.027280727627776377
2025-03-03,0.0183190579999096,0.000335587886004,0.0007489693015723,0.0003972092424411,0.0007159385927676,0.001028816578984,0.0007843610655995,0.0005745296746367678,0.0006566224584336513,0.0007149125939335053,0.0006816493190897048,0.28397266451004194,0.24846960449065428,0.2282107266414518,0.239347004357852,0.0007132069963854598,0.026705935602136462
2025-03-04,-0.006198646305743,3.842321602370139e-05,0.0003525532304958,0.0003935119610549,0.0007169733495293,0.0009091910276502,0.0007394302420257,0.0005729364624873827,0.0006538689606504453,0.0007178095376673089,0.0006802526156937785,0.28436240139313046,0.24916550275842556,0.22697049811855308,0.23950159772989085,0.0006739992961279919,0.025961496415422433
2025-03-05,0.0276720617604142,0.0007657430020721,0.0005100196904553,0.000372206636353,0.0006885673209302,0.0008719765324247,0.0007087620334209,0.0005731848796629358,0.0006550578849136645,0.0007239326312170252,0.0006822656778743163,0.28515218141874393,0.24951217679589974,0.22577365868610477,0.2395619830992516,0.0006446032356961224,0.02538903770717044
2025-03-06,0.0059548420179354,3.546014345857011e-05,5.459435368933144e-05,0.0003958188182962,0.0007403638883027,0.0007820410376587,0.0006905466232446,0.0005740090375590331,0.000650514404842129,0.0007215431546911557,0.000678298806432984,0.2837547330333471,0.250383050704035,0.2257353287219654,0.24012688754065248,0.0006400431341509315,0.02529907378049504
2025-03-07,0.0026269506672911,6.90086980838133e-06,0.0002485369646526,0.0003741972978059,0.0007043038451333,0.000722823085666,0.0006675807270566,0.0005748601345120068,0.0006527335675390757,0.0007258477435206682,0.0006799567993564115,0.2842429490637008,0.25033175564862714,0.22511599903898552,0.24030929624868647,0.0006058174572886165,0.02461335932554954
2025-03-10,-0.0303641670662087,0.0009219826416246,0.0006552867168326,0.000352159512126,0.000676797937254,0.0006769283632768,0.0006505943924762,0.0005760915901934164,0.0006552117339622426,0.0007299703237391671,0.0006820695149187488,0.28465159567443094,0.25027847015423904,0.22464665352857766,0.24042328064275242,0.0005781184490936877,0.024044093850542334
2025-03-11,0.0408776603473427,0.0016709831154727,0.0012709366715303,0.000386348899896,0.0007476074357158,0.0008656284166242,0.0007897911740161,0.000579562976232795,0.0006510380970055184,0.0007275100773135455,0.0006784427880968735,0.28239752919826056,0.25139412463836847,0.22496891466754695,0.24123943149582394,0.0006823163508274022,0.026121185861813435
2025-03-12,-0.0080429268672259,6.468867259154489e-05,0.000455658763426,0.0004634269528306,0.00086950913226,0.0007697240769273,0.0007612708466974,0.0006010626735323746,0.0006618595123596371,0.0007347387740237905,0.000687905813682772,0.27778065615732,0.25226438651647326,0.2272421025654076,0.2427128547607992,0.0007077611689425853,0.026603781102365606
2025-03-13,-0.0159787672655194,0.0002553210033256,0.0002739397677413,0.0004395026560162,0.0007956558600315,0.0007717000574907,0.0007288696214167,0.0006024311355829112,0.0006697420053957477,0.0007403238135022766,0.000693703648810285,0.27919978966929726,0.25113946115056174,0.22719605026519582,0.24246469891494532,0.0006745819914247801,0.02597271628892096
2025-03-17,-0.0038822647606209,1.5071979671559135e-05,8.947777476404614e-05,0.0004284517568548,0.0007637301506975,0.0008323667901717,0.0007367842122453,0.0006014306859955557,0.0006669030100804111,0.0007385531194497695,0.0006903240944596748,0.2787540230267055,0.25138771419363976,0.2269995466512612,0.24285871612839346,0.0006793063796068485,0.026063506663663822
2025-03-18,0.0,0.0,0.0,0.0004036489702238,0.0007183164935001,0.0007932993068577,0.0007030102515933,0.0006029873026289772,0.0006690607271521548,0.0007425158749985752,0.0006920177838976973,0.2789651002722809,0.25141576319506603,0.22654386122199419,0.2430752753106589,0.0006438015634147486,0.02537324503122824
2025-03-19,0.0620996222000306,0.0038563630773865,0.0004005320906736,0.0003794300320103,0.0006857230664684,0.0007351071034989,0.000676115596603,0.000581934696778102,0.0006651696805620505,0.0007398999793042744,0.0006880051999140054,0.28512773663052143,0.24944871633190835,0.22425426084634903,0.24116928619122105,0.0006071479808800089,0.024640372985813525
2025-03-20,-0.0046700602843372,2.1809463059344135e-05,0.000225590333313,0.0005880460147329,0.0010412218724231,0.0006557420547004,0.0007084068846211,0.0007348031608229393,0.0007778262606002935,0.0008381142644208553,0.0007967622062168031,0.2671183911325529,0.25234354773090056,0.23419174025604853,0.246346320880498,0.000747906329291805,0.027347876138592644
2025-03-21,0.0023018845001949,5.298672252237564e-06,0.0003896572958196,0.0005540718216325,0.0009091096299987,0.0006535617029873,0.0006836024673146,0.0007370087360689304,0.000782688013448151,0.0008353729591556054,0.0007946067357080389,0.2665669416812528,0.2510095483649245,0.23517898516232108,0.24724452479150158,0.0006986133738315212,0.02643129534910314
2025-03-24,0.0144092741320324,0.000207627181012,0.0003731345329132,0.0005211454326697,0.000816970707843,0.0006206063731428,0.0006621558188238,0.000739180273565102,0.0007859873584775339,0.0008335835641677498,0.0007934023811286815,0.26603832989763976,0.250195226871656,0.23590950436849836,0.24785693886220594,0.0006535736883370205,0.02556508729374927
2025-03-25,-0.0154156407112284,0.0002376419785376,0.0003568568625868,0.0005023343375702,0.0007736619003678,0.0005873774735256,0.0006493652845079,0.0007392625147777772,0.0007851653435957702,0.0008299063203564732,0.000790328949748157,0.2654138081199121,0.24989701958685598,0.23642485234139868,0.2482643199518331,0.0006267471357593527,0.025034918329392503
2025-03-26,-0.0214452738336395,0.0004598997697997,0.0004931822040996,0.0004864527960283,0.000746928109171,0.0006678946585905,0.0006764001860017,0.0007400501047813799,0.0007867054078366203,0.0008291668476769976,0.0007903872639736756,0.26528497949595087,0.24955234185154662,0.23677282494220372,0.24838985371029887,0.0006415965271873488,0.025329755766437007
2025-03-27,0.0117610627144097,0.0001383225961722,0.0003272536111916,0.0004848596144546,0.0007503864759814,0.0007844721162165,0.000732483215098,0.0007391877727035338,0.0007830304948784455,0.0008234149498021489,0.0007857918616888914,0.26438167530578804,0.24957866007919877,0.23733805386928175,0.24870161074573144,0.0006838232891912412,0.02615001508969433
2025-03-28,-0.0116875085006668,0.0001365978549531,0.0002172604689896,0.0004640673933576,0.0007212492261225,0.0007215996162233,0.0006992787394974,0.0007396124368077199,0.0007823497498555845,0.0008220236366516709,0.0007845080792466846,0.2639991264167619,0.2495776821559072,0.23753214445213078,0.24889104697520006,0.0006479684184356666,0.02545522379464904
2025-04-01,-0.0259020675904925,0.0006709171054624,0.0005287156553561,0.0004444192210533,0.0007011158510116,0.0007576315650836,0.0006958739475862,0.0007407125616149015,0.000783586478545693,0.0008226763577926804,0.0007852857510755043,0.26392927100976504,0.24948838675423465,0.23763382108041908,0.2489485211555812,0.0006454911775762665,0.0254065184072172
2025-04-02,0.0297886184297613,0.0008873617879539,0.000581065001543,0.0004580090941179,0.0007396712773855,0.000900161958163,0.0007812520381651,0.0007408999439391279,0.0007800599362039925,0.0008194033335133181,0.0007817950976766808,0.2630413337241435,0.24983632713951692,0.2378405132601572,0.2492818258761824,0.0007141189948971885,0.026723004975062
2025-04-03,-0.0045481843568849,2.0685980944212817e-05,0.0002013100423341,0.000483770255748,0.000787295257977,0.0008028876039957,0.0007445848563764,0.000740322277468726,0.0007802080171443247,0.0008193687252690773,0.0007818348235244737,0.2632057301992502,0.24975014527168446,0.23781364801291105,0.24923047651615426,0.0007004690770762598,0.026466376349554538
2025-04-04,-0.0391353735309441,0.0015315774614065,0.0007833628007604,0.0004559851992598,0.0007350129773628,0.0007741201552779,0.000709572644476,0.0007420602058726043,0.0007816412100641108,0.000819034353147717,0.0007818493046732735,0.26284738354067566,0.2495372314457053,0.2381445696308799,0.24947081538273913,0.0006646377974184497,0.02578057015309106
2025-04-07,-0.0727737739013352,0.0052960221678426,0.0006587322892774,0.0005205207349886,0.0008472211859468,0.0010338559820632,0.0009326440509456,0.0007546427979582337,0.0007848013942906879,0.0008203588055459858,0.0007850157148205073,0.26022864986954325,0.25022850096225396,0.23938266416942536,0.25016018499877746,0.0008282509031144634,0.02877934855264211
2025-04-08,0.0219592113078701,0.0004822069612636,0.0004369517662288,0.0008070508209599,0.001292930025837,0.0016551241298987,0.0017127706739589,0.0009722239119892295,0.0009724310605670332,0.0009878010961630241,0.0009661766573268375,0.2506092073900234,0.25055582227821394,0.24665721159418272,0.2521777587375799,0.0013663764848494812,0.036964530091014025
2025-04-09,-0.0140961303077255,0.0001987008896523,0.0002847901803416,0.0007875601893781,0.001126684092818,0.0013720084293338,0.0014125911241603,0.0009628082252625303,0.0009744018459338409,0.0009977105936466992,0.0009762840543863316,0.25385116553432713,0.2508307955171146,0.2449708279387867,0.2503472110097716,0.001172270428403668,0.03423843495844499
2025-04-11,0.0173889212273448,0.0003023745814508,0.0001939912232248,0.0007522286313945,0.0009849981456605,0.0013015902306669,0.0012217727360481,0.0008933316456126258,0.0009329162995827996,0.0009744201511868136,0.0009462833855410347,0.2618901993353127,0.2507779131382506,0.2400964332039765,0.2472354543224602,0.0010585897949873329,0.032535976933040334
2025-04-15,0.0609641889752322,0.0037166323374078,0.0009612948377701,0.0007252373883979,0.0008980746733305,0.0011161469920419,0.0010552115312054,0.0008947539204772227,0.000931735790673384,0.0009692022896264331,0.0009431130805287068,0.2609454574218377,0.25058817466931205,0.24090117569666927,0.24756519221218107,0.0009444090633421072,0.030731239209347012
2025-04-16,-0.0099314727700961,9.863415138316226e-05,0.0001548361340078,0.0009047210853385,0.0011730316308403,0.0009499836512666,0.0009805998225512,0.0009739593234832038,0.0009960768254509004,0.0010164960173257638,0.0009965070106567942,0.2555373494476101,0.24986324110092803,0.24484403258898751,0.2497553768624743,0.0010017954196347052,0.03165115194798927
2025-04-17,0.0198400544855648,0.0003936277619901,0.0002275864714899,0.0008563558693012,0.0010069506137283,0.0009332932851421,0.0008930140290458,0.0009779406223666173,0.0010002584172695526,0.0010132484957797259,0.0009953117235392747,0.2547518329452719,0.2490678026380445,0.24587469618479016,0.25030566823189343,0.0009219568803006435,0.03036374285724083
2025-04-21,0.0096632710201489,9.337880680885136e-05,0.0004126971854658,0.0008285921828625,0.0009220567924341,0.0008343937330003,0.0008187595551608,0.0009787197330945613,0.0009995353949617052,0.0010094142967274472,0.0009921510903108724,0.25411483328333034,0.24882280613580335,0.24638763549589754,0.2506747250849688,0.0008508129482651697,0.029168698089993145
2025-04-22,0.0133737431659858,0.0001788570062697,0.0004789935932946,0.0007844793802993,0.0008344716485935,0.0007624833277871,0.0007610492974323,0.000982927880932776,0.001003023662756299,0.001010490392199167,0.000993626323400621,0.253683396785687,0.24860079865430665,0.24676383422875403,0.25095197033125227,0.0007855998424074729,0.028028554054882547
2025-04-23,0.0039338521167206,1.5475192476227424e-05,0.0002102340641092,0.0007481420378575,0.0007828344847738,0.0007031316769183,0.0007204743814953,0.000984067903133696,0.0010063047918716385,0.0010131766609757316,0.0009962810276340503,0.2540060869966633,0.24839317017371984,0.24670844388902566,0.2508922989405913,0.0007387133667109192,0.027179281938839357
2025-04-24,-0.0105248582711503,0.0001107726416278,9.847025394469916e-05,0.0007041820271346,0.0007314459921428,0.0006602577110096,0.00068894889945,0.0009851709350167305,0.0010103412834824852,0.0010169224882285643,0.0009999991998575553,0.2545153682843701,0.24817469843910137,0.24656858929889613,0.25074134397763237,0.0006962983218572848,0.026387465241233095
2025-04-25,-0.0404088291170358,0.0016328734706098,0.0011060141378932,0.0006685774640042,0.0007055722639268,0.0006970627291154,0.0006841604432509,0.000986032412787244,0.0010077389736954804,0.0010085046270234758,0.0009947865099675399,0.25333275377064346,0.247876000590196,0.24768781396249331,0.2511034316766672,0.0006887159796617765,0.02624339878258486
2025-04-28,0.0157125183609465,0.000246883233243,0.0001195997335582,0.0007264352244006,0.0008369734510315,0.0009749347908574,0.0009309248847929,0.000993026362869143,0.0010148217369577905,0.0010152935819736312,0.00100223168373837,0.25333090066739,0.2478901010203389,0.24777489719090534,0.25100410112136573,0.0008667362544929438,0.029440384754499112
2025-04-29,-0.0076357434702949,5.830457834415217e-05,0.0001983476519964,0.0006976621049311,0.0007912136236969,0.0008691467617619,0.0008441985748288,0.0009939895571148911,0.0010142640835631273,0.0010116165812196483,0.0010010729594348178,0.25281188860202247,0.24775833163894462,0.24840674011287425,0.2510230396461585,0.0008002222478182563,0.02828819979811823
2025-04-30,0.0231792387970774,0.0005372771112119,0.0006846672262441,0.0006593006533359,0.0007413835032938,0.0008503104794448,0.0007877727248528,0.0009948919821548242,0.0010180919152944802,0.0010170142731855227,0.0010059423997955045,0.2535191624641379,0.2477420538058412,0.24800456464406626,0.25073421908595467,0.0007592196804597283,0.027553941287222928
2025-05-02,0.0161816812502146,0.0002618468080835,0.0003256870861595,0.0006519792408084,0.0007541685261986,0.0007675274787624,0.0007446024503081,0.000994858883353589,0.0010181991385344628,0.0010173605223177647,0.0010062768710662256,0.2535746099115332,0.247761900119572,0.24796613169998247,0.2506973582689125,0.0007291702958547025,0.02700315344278706
2025-05-05,0.0122549330720337,0.0001501833846,0.0001813610623287,0.0006285712948449,0.0007359430456839,0.0007056589800184,0.0007096974740862,0.0009942490008562578,0.0010152822497341211,0.0010148509708743112,0.001004028652703455,0.25321311945653074,0.24796739142172655,0.24807276954808363,0.25074671957365907,0.0006946614666881719,0.02635643122063706
2025-05-06,-0.0242188759522127,0.0005865539523886,0.0005435314086869,0.0005998680202302,0.0007125148851668,0.0006579396909197,0.0006829649008172,0.0009945458487498184,0.0010139708791612257,0.0010135551962382368,0.001002956247424862,0.2529275166118465,0.24808208682383218,0.24818383114656356,0.25080656541775787,0.0006630673824875909,0.025750094805409764
2025-05-07,0.0030964297047835,9.587876916666195e-06,0.0001997892955396,0.0005990691761597,0.0007392161482278,0.0007975056343748,0.0007580505322871,0.0009945404043270492,0.0010134334732217311,0.0010128679585553952,0.0010024763631228536,0.2528223635458047,0.2481090888624628,0.24824761563430686,0.25082093195742566,0.0007229781432208946,0.026888252885245156
2025-05-08,-0.0362776577753376,0.0013160684536645,0.0012802825563179,0.0005637002982052,0.0007009825683157,0.0007367637372321,0.0007160356047541,0.0009971015098822283,0.0010159738377511045,0.0010165316560067038,0.001005672901021217,0.25292205928726996,0.24822387922516678,0.24808766722380973,0.2507663942637536,0.0006789125162531104,0.026055949728480642
2025-05-09,-0.0362969326699992,0.0013174673212504,0.0009821371637123,0.0006088423875327,0.0008027893507917,0.0009728946616483,0.0009018877765784,0.0010016964361991257,0.0010178058747180902,0.0010178141862594479,0.001007501930279681,0.2523611878519722,0.2483669123803355,0.2483648841988737,0.25090701556881856,0.0008209573408575978,0.028652353146951085
2025-05-12,0.0744132377998244,0.0055373299598532,0.0006057247703081,0.0006513598835558,0.0008726828348572,0.0011832010197228,0.0010364796109703,0.0010043007067174555,0.0010158149855724148,0.0010149505321980046,0.0010051929579282942,0.2514278340142656,0.2485778955571091,0.24878961425058352,0.25120465617804183,0.0009354362968509114,0.030584903087159054
2025-05-13,-0.0039018987516575,1.522481386818664e-05,7.64624926586674e-05,0.0009445180881336,0.0013340183430456,0.0009919724648086,0.0009914830257258,0.0011847765644177712,0.0011776049849449876,0.0011572015711996564,0.0011579702097691206,0.24672665062830787,0.24822920862157016,0.2526059078701993,0.2524382328799228,0.0010650464299237993,0.03263504910251859
2025-05-14,0.0158797909260512,0.0002521677598551,0.000365245270471,0.0008887604916777,0.0011090840928361,0.0009205944781992,0.0008871699381356,0.0011901585130875774,0.0011874345056274223,0.0011619503637407044,0.0011625105829394166,0.24689202873435404,0.2474584058481552,0.25288571610381316,0.2527638493136776,0.0009509297448331704,0.030837148779243036
2025-05-15,0.0291202556161158,0.0008479892871479,0.0004760070517432,0.0008505649277683,0.000978177372683,0.0008267758407276,0.0008126368210657,0.0011873123248448197,0.001189942399003359,0.0011623876890225562,0.0011626096690971622,0.24749534971664738,0.2469483222939809,0.2528022980933791,0.2527540298959927,0.0008664781892549786,0.029436001584029352
2025-05-16,0.0096144471263836,9.243759354602626e-05,0.0002330060834907,0.0008504103893311,0.0009468583725919,0.0007456954042167,0.0007667462926538,0.0011855602946761008,0.0011898934488792105,0.0011623811030384466,0.001162573973308674,0.2477656850707421,0.24686341359369351,0.25270641258298165,0.25266448875258285,0.0008266187732672316,0.028750978648860486
2025-05-19,0.0299290488193994,0.0008957479632339,0.000453667087835,0.000804932021584,0.0008513730903084,0.000691666604491,0.0007234336714685,0.001177726241070964,0.001188805311909628,0.0011619284131665606,0.001160992554255271,0.24883730928560036,0.24651827003732413,0.25222055471082877,0.2524238659662468,0.0007672405985698486,0.027699108263080394
2025-05-20,0.0212595422224618,0.0004519681355086,0.0009945198052818,0.000810380978083,0.0008646532524304,0.0006374669362318,0.0007028975600713,0.0011758054103864104,0.0011828917335355198,0.0011499516146980164,0.0011520755622143166,0.24770321496594613,0.2462193048357471,0.25327220432970265,0.25280527586860413,0.0007527771640637116,0.02743678487111257
2025-05-21,0.0283275655668749,0.0008024509709455,0.0005625414048807,0.0007888762075285,0.0008302728080419,0.0005977990365993,0.0006820974749601,0.0011756932422086934,0.0011805822668444822,0.0011427532802244804,0.0011471156503295439,0.24693818550645444,0.24591556564643832,0.25405620002787005,0.25309004881923713,0.0007234873013626514,0.0268977192594958
2025-05-22,0.0008381010855094,7.024134295321967e-07,0.0001142661940826,0.0007896906933336,0.0008410547931696,0.0005617463392029,0.0006717619283763,0.0011741257014746423,0.0011764531617118124,0.0011345243184670666,0.0011414166158924583,0.24620936581741612,0.24572227246970896,0.25480347987656826,0.2532648818363067,0.0007143637672959316,0.026727584389464223
2025-05-23,0.0009018595568079,8.13350660205753e-07,4.7084848464424755e-05,0.0007423513965393,0.0007698902656597,0.0005451451815213,0.0006535340378758,0.0011772199637438987,0.001177927635033311,0.0011302501253625964,0.0011400166533899634,0.245483697744174,0.2453362168975196,0.2556852711389031,0.25349481421940334,0.0006761702141159187,0.026003273142354958
2025-05-26,0.0016727500863048,2.798092851233038e-06,0.0001414360682801,0.0006978591137866,0.0007211403042396,0.0005311604010222,0.0006403576688371,0.001180546796424524,0.0011821034640088213,0.0011321535661348678,0.0011431017681079374,0.24544786676337538,0.24512464570070314,0.2559393897295892,0.25348809780633225,0.0006463252086328893,0.02542292683057734
2025-05-27,-0.0048329038012398,2.3356959152038668e-05,9.721464471070994e-05,0.0006561554525304,0.0006879320439488,0.0005189938192465,0.0006308584362193,0.0011828772591045756,0.0011824090080618246,0.001130007435158483,0.0011426909397290186,0.2449568704938522,0.24505387695207076,0.25641770359498967,0.2535715489590874,0.0006223571548157562,0.024947087100817125
2025-05-28,-0.0026518499537512,7.032308177210533e-06,0.0001016986794817,0.0006181875429277,0.0006671925360177,0.0005380920839771,0.0006277932011873,0.001185229226458408,0.001183431307924921,0.0011293239376437062,0.0011432757052630834,0.244635243449885,0.24500690358359722,0.25674550117439227,0.2536123517921255,0.0006120660693764803,0.024739969065794735
2025-05-29,0.0277839197206788,0.0007719461950451,0.0002873569013348,0.0005815182288427,0.0006513827215939,0.0005413495145975,0.0006228934926046,0.0011878287214122686,0.0011856409889436177,0.0011299925838868204,0.0011451644013463283,0.24448180044224868,0.24493291572740622,0.2569950533914055,0.2535902304389396,0.0005987995445678106,0.02447038096490961
2025-05-30,0.0051520783365885,2.6543911186345136e-05,9.245240959036031e-05,0.0005929439068148,0.0007154933420021,0.0005152216896147,0.0006285511619454,0.001187644357993967,0.0011857226942115539,0.0011300539128497105,0.001145277898099493,0.24452415481878775,0.24492044748867958,0.2569857327704318,0.2535696649221009,0.0006120141881329102,0.024738920512684264
2025-06-02,0.0159775288452624,0.0002552814280011,0.0003490116155777,0.0005589599070771,0.0006863893550675,0.0005038626904235,0.0006226414800137,0.0011898472172300668,0.0011886346610440084,0.0011300343969158533,0.001147223057991703,0.24443277365457894,0.24468212568971978,0.25737062192663895,0.2535144787290624,0.0005921034111379638,0.024333175114192637
2025-06-03,-0.0076149842328905,5.798798486717194e-05,0.000136754076895,0.0005407391983326,0.0006888585585903,0.00048921000266,0.0006214376872784,0.0011898615162999867,0.0011871448169287252,0.0011238696489651967,0.0011445211348452057,0.24386544160004822,0.24442351091258688,0.2581848387689531,0.25352620871841186,0.0005840981772760225,0.02416812316411894
2025-06-04,-0.0014303262841627,2.0458332791668618e-06,0.0001112789380057,0.0005117741255246,0.0006712203814416,0.0005290019317904,0.000626675647387,0.0011914660242801401,0.001188921780454167,0.001121683003940714,0.0011453659959947625,0.24362898575072459,0.2441503417835728,0.25878582276099205,0.2534348497047106,0.0005842813453457485,0.024171912322895523
2025-06-05,0.027378797906682,0.0007495985748149,0.0003398507556543,0.0004811904279899,0.0006536539835769,0.0005263260851597,0.0006212658036973,0.0011924010240959417,0.0011888332115602977,0.001118107119404347,0.001144629106166656,0.2432389919249735,0.24396897752439017,0.25940128457988537,0.25339074597075095,0.000570468236699516,0.02388447689817627
2025-06-06,0.0640878650220897,0.0041072544430895,0.0019243010740898,0.0004972949167994,0.0007148600433821,0.0005028519154132,0.0006270746208786,0.0011918220238920018,0.0011888559877276587,0.0011183945105181419,0.001144725366702912,0.24335094765417734,0.2439580756148558,0.2593280065500943,0.2533629701808725,0.0005846941430690372,0.024180449604360898
2025-06-09,-0.0019897623381021,3.9591541621298346e-06,6.978617672950939e-05,0.0007138924883768,0.0010857674283131,0.0004666981075463,0.0006763185173742,0.001278855827194525,0.0012636861691563645,0.0012074954204147905,0.001226827094645047,0.24310131093340623,0.24601957010684505,0.2574680804826733,0.25341103847707547,0.0007322146794834293,0.027059465617107616
2025-06-10,-0.0121379753803529,0.000147330446334,0.0001496786630775,0.0006712964883239,0.0009378826508754,0.0004759698170752,0.0006574696681049,0.0012812587058434177,0.0012681883553521977,0.0012054341827683367,0.001226932845546418,0.24286662205250198,0.24536968231121511,0.25814347918102265,0.25362021645526045,0.0006827795827079096,0.02613005133381696
2025-06-11,0.0006334508948437,4.012600361783108e-07,0.0001324919330497,0.0006398585258045,0.0008506012512274,0.0005456033477283,0.0006674124583644,0.0012809324357163936,0.0012718946466322245,0.0012057656376472082,0.0012281995148227549,0.24316816683084716,0.24489606356319082,0.2583271429389192,0.25360862666704304,0.0006741078338213153,0.02596358669023437
2025-06-12,-0.0241214581630819,0.0005818447439133,0.0002895112770418,0.0006014910898584,0.000776401844845,0.0005316754216545,0.0006503855475031,0.0012728308006115967,0.0012710440387529048,0.0012033349180597586,0.0012259475763238426,0.2440571524197552,0.24440023416829354,0.25815212045063973,0.25339049296131144,0.0006386056472738294,0.02527064793933526
2025-06-13,0.0040021670486467,1.6017341085273543e-05,0.0004834010972816,0.0006003123091017,0.0007825291124652,0.0006810446314812,0.0007337231100404,0.0012717919679328749,0.0012670391561969698,0.001199905118060328,0.001222676835950073,0.24367470846529324,0.24458876073311206,0.2582733687439474,0.2534631620576473,0.0006995462235471698,0.02644893615151978
2025-06-16,0.0090630630732206,8.213911226917657e-05,0.0001787518604801,0.0005652546110207,0.0007312898733653,0.0006422310279437,0.0006985343437251,0.001273805102245342,0.001268981691084577,0.001201124136730762,0.0012246575847097588,0.24363839232898835,0.24456446411474134,0.25838114293184317,0.2534160006244272,0.0006595254073897622,0.025681226750094363
2025-06-17,-0.008828191159597,7.793695915038757e-05,0.0005174635942042,0.0005362676810956,0.0007026598929521,0.0006078505362288,0.0006739816699028,0.0012742140326185774,0.001268067950282766,0.0011986637258281031,0.0012236982642924647,0.24335892874147677,0.24453844283050208,0.2586975440098397,0.25340508441818144,0.0006303727072575356,0.025107224204549885
2025-06-18,-0.0078409155143341,6.147995610292643e-05,0.0003225239252545,0.0005087678377789,0.0006826313639055,0.0006404382976041,0.000667941848853,0.0012745222543816298,0.0012672416222596994,0.0011962383281623396,0.0012227516264918924,0.2431004179003391,0.2444970929150564,0.2590093339839961,0.25339315520060846,0.000625714447477509,0.025014284868400877
2025-06-19,-0.0058169688252844,3.383712631433141e-05,0.0001327213376879,0.0004819305648784,0.0006672957338507,0.0006617273054881,0.0006608699046151,0.0011942600335347621,0.0012019910616959959,0.0011288055794551344,0.0011544198715779446,0.24473425397956727,0.2431601595708577,0.2589253133438821,0.25318027310569297,0.0006188618272490488,0.024876933638393797
2025-06-20,0.0169410406926944,0.0002869988597515,0.0002151125720348,0.0004550449585645,0.000654079662011,0.0006661765943602,0.0006512128891024,0.0011934235456530099,0.0011975601508269578,0.0011287492910215613,0.0011538549047967472,0.24461027915664293,0.24376534778040976,0.25862578074365056,0.25299859231929683,0.0006077970167021322,0.024653539638399436
2025-06-23,-0.0021093314296203,4.449279079984095e-06,0.0001398980180131,0.0004449621926357,0.0006698280074343,0.0006234334228007,0.000642518896663,0.0011915163523915345,0.0011928040699612408,0.0011267063246198762,0.0011514876197061396,0.24442678084246783,0.24416290459646553,0.2584866171178006,0.25292369744326604,0.00059596527969687,0.024412400121595377
2025-06-24,-0.0034666223141543,1.2017470268992996e-05,0.0002201684793195,0.0004185314178224,0.0006529354306855,0.0006100712769685,0.0006331147993752,0.0011921858846524484,0.0011933029950339632,0.0011282775816360562,0.0011529379923661848,0.24451385237087855,0.2442849507725046,0.2583636936008748,0.2528375032557421,0.0005795344624783018,0.024073522020641305
2025-06-25,0.0056929113124671,3.240923921161677e-05,5.446694700154953e-05,0.0003941405809692,0.0006421024007358,0.0006074332258162,0.000627560280476,0.001192851084296902,0.0011941648459125956,0.0011300145390849602,0.0011544999398442736,0.24463482006896425,0.2443656848339347,0.25823819099915274,0.25276130409794834,0.0005688137152773381,0.0238498158331954
2025-06-26,-0.0085221702553971,7.262738586197644e-05,0.0002134763768021,0.0003724367004637,0.0006366776820911,0.0005808401156012,0.0006220038079662,0.0011937599357974332,0.0011961822689736314,0.0011321319285902685,0.0011567161780786182,0.24483189030331928,0.24433609260939262,0.2581594019820553,0.2526726151052328,0.0005538603841416296,0.023534238550283068
2025-06-27,-0.0015357996809621,2.358680660043513e-06,0.0001696537690516,0.0003544481415876,0.0006369011651415,0.000615066249375,0.0006294915735093,0.0011935490827708443,0.0011957888036781647,0.0011309592771951513,0.0011563471696813927,0.24475962638378518,0.24430118986824542,0.258305169302124,0.2526340144458454,0.0005602560821322665,0.023669729236564293
2025-06-30,-0.009503527471914,9.03170344094253e-05,0.0001178354792175,0.000333322773932,0.0006301696403564,0.0005994988074586,0.0006233530087317,0.0011936658903625476,0.0011962126254623036,0.0011312037593090684,0.0011568996823210441,0.2448059313396133,0.24428473983510957,0.2583234785013586,0.25258585032391856,0.0005478549858181657,0.023406302267085368
2025-07-01,0.0067212913797068,4.5175757810921125e-05,0.0001116690537849,0.0003187424295606,0.0006341751181993,0.0006377466632513,0.0006333750739709,0.0011937199976453155,0.001198234865617199,0.0011330568048792922,0.0011589400114129064,0.24511115704290087,0.2441875947728994,0.25823426376161523,0.25246698442258453,0.0005575793574711611,0.023613118334331894
2025-07-02,-0.0137883985256834,0.000190119933903,0.0003516267309399,0.0003023284292556,0.0006324968444143,0.0006053512260248,0.000626378882547,0.001192955300607752,0.0012004937550196169,0.0011356352100521632,0.0011613443084040988,0.24561492112944525,0.2440725916686994,0.2580120970855314,0.252300390116324,0.0005428550930724669,0.023299250912260396
2025-07-03,-0.0026480226406833,7.0120239055714336e-06,6.057120961735114e-05,0.0002955959195345,0.0006455479786586,0.0006722925028456,0.0006519697599575,0.0011915444085705649,0.0011977696140311985,0.0011324061216826911,0.0011589472841633454,0.24538957585531146,0.24411420494115396,0.2582046947939668,0.2522915244095677,0.0005681991139988827,0.023836927528498357
2025-07-04,0.0075643374515438,5.721920108082953e-05,0.0001018828446624,0.0002782808857967,0.0006365502191867,0.0006541336122883,0.0006403686062643,0.0011840120115253136,0.0011961907323253214,0.0011314406304244538,0.0011570782673787454,0.24633210082318954,0.2438241313172119,0.2577777024760957,0.25206606538350285,0.0005537920741144439,0.023532787215169475
2025-07-07,-0.0041953353247761,1.760083848731496e-05,7.734928891982011e-05,0.0002650171847138,0.000635304196074,0.0006183801980972,0.0006315964262233,0.0010112411593303878,0.0010519516016915251,0.0009916293009455276,0.0010134989035363434,0.25132891315755596,0.2416025044365316,0.2562995478979443,0.25076903450796817,0.000536972957056764,0.023172676950597743
2025-07-08,0.0124151113146198,0.0001541349889544,0.0002421902785713,0.0002501722039402,0.0006305687887104,0.0006190786446639,0.0006273804519032,0.0010108759588811221,0.0010497651792077478,0.0009830642687033678,0.001004104121252033,0.2501257296324294,0.24085966251409102,0.25720199058452076,0.2518126172689588,0.0005316636640380508,0.023057833029971633
2025-07-09,-0.0158444404407544,0.0002510462928806,0.0001721519254917,0.000244409971041,0.000640701241139,0.0005871131179815,0.0006235068046298,0.0010080896134638225,0.0010447188794823928,0.0009731772997454291,0.000993679500188456,0.2490464647830325,0.24031455671792518,0.2579808987358554,0.25265807976318705,0.0005238372758119513,0.022887491688954282
2025-07-10,0.0022874757093048,5.2325451206596765e-06,7.264738509503763e-05,0.0002448081503514,0.0006571388295532,0.0006707088309484,0.0006599093990624,0.0010064157151407427,0.0010422100578186776,0.0009655650539251039,0.000987736223322657,0.24833156682060184,0.23980270535564027,0.2588378591352407,0.2530278686885172,0.0005589575673463762,0.023642283463032418
2025-07-11,-0.0199806077863922,0.0003992246875136,0.0002355705444354,0.0002304336140376,0.00064431774412,0.0006346729261818,0.0006450260229732,0.0009298862675133528,0.0009802450609843983,0.000909388870407114,0.0009298997426893427,0.2518161242714197,0.23887940395565632,0.2574919965686412,0.2518124752042828,0.0005377899366089129,0.02319029832945046
2025-07-14,0.0143730683954845,0.0002065850951012,0.0001509861381044,0.0002405610784461,0.0006741347387622,0.0007435819392177,0.0006998265575388,0.0009243017410635498,0.0009708978957438594,0.0009032342531089761,0.0009234479478077183,0.2514928474450081,0.23942298956200095,0.2573587925372941,0.25172537045569665,0.0005894341946056924,0.024278265889591297
2025-07-15,0.0079498464532351,6.320005863001578e-05,0.0001739386792278,0.0002385225194454,0.0006756908099985,0.0006874243057797,0.00067658537303,0.0009223797083101143,0.0009695445768195712,0.0009032077436658002,0.0009233929033295355,0.25179511915455777,0.23954618912061895,0.2571398553527322,0.251518836372091,0.0005688561170487918,0.023850704749520335
2025-07-16,0.01287416069508,0.0001657440136027,0.0001267087221647,0.0002280031717965,0.0006627087028429,0.0006453778133851,0.0006578595812507,0.0009177623043311492,0.0009668629591197374,0.0009017354238999654,0.0009220387875879814,0.2523753675772819,0.23955887100589907,0.2568609292317677,0.2512048321850513,0.0005473299835108302,0.023395084601489053
2025-07-17,0.0032518261545871,1.0574373339657187e-05,0.000144270820453,0.0002242676223049,0.0006638604185351,0.000608501244994,0.0006456974377713,0.0009144611945286598,0.0009652856420613601,0.0009007130081375236,0.0009211637695241387,0.252823071032214,0.23951137100392736,0.2566820790326843,0.25098347893117423,0.0005339529019306233,0.023107420927715477
2025-07-18,-0.0021864236322584,4.780448299698106e-06,9.959408097413168e-05,0.0002114460273669,0.0006494466440107,0.0005829432402167,0.0006348231454827,0.000909974547961456,0.0009638855794781903,0.0008996451197086911,0.0009203162397376488,0.2535295356442308,0.2393493890816705,0.2564404780714424,0.2506805972026563,0.0005176805590546079,0.022752594556546907
2025-07-21,0.0087172303554018,7.599010506913968e-05,8.556637867584708e-05,0.0001990460926229,0.0006390028832065,0.0005765833781487,0.0006276055970953,0.0009071364895374804,0.0009641480152221908,0.0008999446173461977,0.0009208834968175495,0.25419860536732547,0.2391674586034367,0.2562300235743648,0.250403912454873,0.000508318804332192,0.022545926557411475
2025-07-22,-0.0083623482726442,6.99288686329959e-05,0.0001519529585189,0.0001916627333697,0.000638823822914,0.0005537144320318,0.0006226212258577,0.000898694169584777,0.000959444106204591,0.0008941371141924101,0.0009154762706320124,0.2548779046358167,0.2387395840684328,0.25617691427458433,0.25020559702116607,0.0004989952997745236,0.022338202697946036
2025-07-23,-0.0042075445000689,1.7703430720060173e-05,0.0002197547923092,0.0001843587014855,0.0006381072774251,0.0005904362716792,0.0006294943122944,0.0008966969169154539,0.000959230721113889,0.0008913740342806736,0.0009139963893628294,0.2549815333726106,0.23835887426550464,0.25650416778194024,0.25015542457994444,0.0005080273781610396,0.02253946268572167
2025-07-24,-0.0155607427263971,0.0002421367141971,0.0001938561103979,0.0001743593852395,0.0006324994681655,0.0005955134658415,0.000625877593875,0.0008931490877863128,0.0009579070922586632,0.0008882887856255952,0.0009117750334298864,0.2552687684042709,0.23801167094714987,0.2566654801119001,0.25005408053667905,0.0005044017567092996,0.02245889037128281
2025-07-25,-0.003201943758188,1.025244383059916e-05,9.352045403697676e-05,0.000178426024977,0.0006506461763607,0.0006761565279678,0.000660158668588,0.0008930530182310893,0.0009588698513038142,0.0008885409692211457,0.0009125470919852745,0.25542289824373576,0.23789066878235393,0.25671994663549175,0.24996648633841848,0.0005389571570467867,0.02321545082583551
2025-07-28,-0.0411877683120181,0.0016964322585244,0.000703647158228,0.0001683356101082,0.0006403609088126,0.000660946724279,0.0006468214893777,0.0008918959266699904,0.0009603263938448215,0.0008902997486580903,0.0009142743643305839,0.2560125425649158,0.23776972636969165,0.25647153583300186,0.24974619523239072,0.0005264096930604912,0.022943619877004832
2025-07-29,0.0165666941953137,0.000274455356561,0.0002035847235243,0.0002600214090132,0.0007985188823679,0.0009484493740665,0.0009143794476077,0.0009113627617919551,0.0009670037855667795,0.0008974194086580103,0.0009214344211309954,0.2533526704942449,0.23877485583334043,0.25728905265630647,0.25058342101610825,0.0007296973204111594,0.027012910254379466
2025-07-30,-0.0145362649905961,0.0002113029998768,0.0001565645342175,0.0002608874458661,0.0007675665580226,0.0008480852057149,0.0008326069395029,0.0009113630459308638,0.0009692312735747828,0.0009015807203104737,0.0009250467674485959,0.2540422926239741,0.23887462560624972,0.25679870075450995,0.2502843810152663,0.0006758043104793695,0.025996236467599874
2025-07-31,-0.0057849664226988,3.346583651175305e-05,6.7739538127269e-05,0.0002579123791067,0.0007401710853848,0.0008855795510318,0.0008045447745124,0.0009082026802466297,0.0009673126643123918,0.0008995882845250871,0.0009234763447334619,0.2543280792515905,0.23878674575450068,0.256763507497446,0.25012166749646275,0.0006709559970415736,0.025902818322367425
2025-08-01,-0.0087727629968078,7.696137059816038e-05,0.0002529936909518,0.000244445586551,0.0007039763451977,0.0008499259650089,0.0007550216285108,0.000903458585230145,0.0009683553849592762,0.0009031984714269585,0.0009255902339029694,0.25579637146191603,0.23865352685337335,0.25587003873342634,0.24968006295128423,0.0006365191689859342,0.025229331520790127
2025-08-04,0.0196789400663439,0.0003872606821347,0.000283320142623,0.0002343965335938,0.0006834377922315,0.0008430885209214,0.0007263693219503,0.0008990749558988416,0.0009694584696268518,0.0009076048394331364,0.0009281711069014879,0.25729077940617756,0.2386112488519751,0.25487270020757685,0.24922527153427043,0.0006192938512739267,0.024885615348508597
2025-08-05,-0.015122912139125,0.0002287024715676,0.0004828865371303,0.0002435683825063,0.0006997670027619,0.0007637812295269,0.0006981983116234,0.0006409733541121368,0.0007606989279568942,0.000715007376011824,0.0007251142097141463,0.2760120672287652,0.2325708292796113,0.2474329446695394,0.24398415882208402,0.0005893071713595704,0.024275649761840986
2025-08-06,-0.0212891030215085,0.0004532259074604,0.0004339042310097,0.00024267642785,0.0006954206135077,0.0008190564891534,0.000710234420196,0.0006296486513209684,0.0007438913110532924,0.0007071822745784908,0.0007166447664332789,0.2765949831940018,0.23411707536098977,0.24626982942135275,0.2430181120236557,0.0006042416524234266,0.024581327312076268
2025-08-07,-0.0063641330678544,4.0502189705359026e-05,0.0001819338917815,0.0002553093966266,0.0007144404599079,0.0009152194540738,0.0007558465301438,0.0006248536658527035,0.0007362835689409224,0.0007034847061283097,0.0007127132299011774,0.276731534517426,0.2348507030368513,0.24580024596685268,0.24261751647887003,0.0006467817803001877,0.025431904771373057
2025-08-08,-0.016524946748031,0.0002730738650252,0.0004089503241113,0.0002424209642113,0.0006870355139228,0.0008780525166763,0.0007209719659527,0.0006254686473090187,0.0007412158197624946,0.0007124853704657291,0.0007186570416769199,0.27839333330487764,0.2349198397544258,0.24439280976145483,0.24229401717924165,0.0006181635686990429,0.02486289542066738
2025-08-11,0.0234775765405775,0.0005511966002186,0.0004390311655449,0.0002442601382601,0.000691044529755,0.0009264074443266,0.0007339930879778,0.0006177793371851107,0.0007349079632519059,0.000711774514733102,0.0007157047470876914,0.2799755787843395,0.23535345395368926,0.243002698058477,0.24166826920349427,0.0006335289381487017,0.025170000757820842
2025-08-12,-0.0099189220407697,9.838501445086858e-05,9.958452170545529e-05,0.0002626763259777,0.0007210408190916,0.0008269377375921,0.0007059091863909,0.0006189378135644205,0.0007351073751626623,0.0007129342134910072,0.0007157480869810489,0.27973065744656495,0.23552461498376864,0.24284973035467694,0.2418949972149894,0.0006148789899359309,0.024796753616873536
2025-08-13,0.0003300047482918,1.0890313389516948e-07,0.0001162382524332,0.000252818847286,0.000697229109633,0.0008327330556639,0.0006943854183307,0.0006175701430190646,0.0007375676514331458,0.0007187128637512251,0.0007193033607178768,0.2812824097102309,0.2355195725516982,0.24169821740330347,0.2414998003347674,0.0006042886314651428,0.024582282877412806
2025-08-14,-0.0080838633615911,6.534884684887607e-05,0.0001184974472086,0.0002376562506369,0.000671284987972,0.0007663892565773,0.0006698817325463,0.0006184288012723157,0.0007430294403557901,0.0007262262204533091,0.0007246996435301068,0.28270701007831783,0.23529909833760757,0.24074338330125755,0.24125050828281702,0.0005712522914616883,0.023900884742236807
2025-08-18,0.0228232014153162,0.000520898522844,0.0002170316158618,0.0002273178064096,0.0006599004317517,0.0007692280235026,0.000662908371486,0.0006103883773216442,0.0007392172824358513,0.0007282508584027313,0.0007237231691888929,0.285121261365319,0.23543105417016552,0.23897631160557345,0.24047137285894205,0.0005634119560001733,0.023736300385699818
2025-08-19,0.0093204459419001,8.68707125558831e-05,0.0001016190889275,0.0002449326493957,0.0006967328794392,0.0007034488845894,0.0006541120136426,0.000604024685391485,0.0007327388537603915,0.0007255610376881655,0.0007190344919733339,0.28596910692927724,0.23573528134639465,0.2380673587366446,0.24022825298768358,0.0005588920966194484,0.02364089881158177
2025-08-20,-0.0072417421679034,5.244282962639129e-05,6.822236931189296e-05,0.0002354489331853,0.0006794455602543,0.0006576854743909,0.0006419300134039,0.0005976707982770947,0.0007310983745768969,0.0007267201556559913,0.0007180519540113178,0.28799606512962084,0.2354359469699222,0.2368543610728785,0.23971362682757855,0.0005374293196956084,0.023182521857977582
2025-08-21,0.0034981489032587,1.2237045749370163e-05,0.0001072214428022,0.0002244685669718,0.0006642274484169,0.0006723271722216,0.0006405789813278,0.0005925324222846188,0.0007305450291782277,0.0007281024863776314,0.000717801662656746,0.28982412617062125,0.23507132983927945,0.23585991632959905,0.23924462766050023,0.0005330273463517001,0.023087385004623196
2025-08-22,-0.013869743152118,0.0001923697751057,0.0001221664462372,0.0002117346756984,0.0006498610293099,0.0006353697763182,0.0006311450617816,0.0005878947154202887,0.0007304227353408574,0.0007298594422872443,0.0007179115906164108,0.2916085139383697,0.2347066924688887,0.23488783508600677,0.2387969585067349,0.000514226519251841,0.022676563215175288
2025-08-25,0.0123165475407014,0.0001516973433223,8.544167937781709e-05,0.0002105727816628,0.000657666079471,0.0006991683153834,0.0006557853336182,0.0005873857899513902,0.0007326413974416125,0.000731491199557357,0.0007198857566838389,0.2923397127419408,0.2343795937585853,0.23474813259133806,0.238532560908136,0.0005362569064750192,0.023157221475708593
2025-08-26,-0.0227968401163611,0.0005196959192909,0.0001714952977044,0.0002070402553624,0.000659029053587,0.0006526459530435,0.0006440094178259,0.0005828662130140586,0.0007301501909247907,0.0007321848695959184,0.0007186308989155452,0.2936490528192654,0.2344149375009349,0.23376351858566818,0.23817249109413163,0.0005212335709963459,0.022830540313280932
2025-08-28,-0.006848089992387,4.689633654383233e-05,0.0001237942971188,0.0002257995951981,0.0006960179982588,0.0007814570152841,0.0007188965096561,0.0005829453130716702,0.0007282481005351563,0.0007316825821734315,0.0007172438284929469,0.2932592054713055,0.2347470308799887,0.23364513999610015,0.2383486236526057,0.0005835375957760054,0.024156522841170775
2025-08-29,-0.0139741223982923,0.0001952760968024,0.000177611750347,0.0002150653996789,0.0006750392023083,0.0007728606261354,0.0006953101086242,0.0005800642482200919,0.000728515373973005,0.0007356991122449547,0.0007188002879357242,0.2948399679152718,0.2347598011573953,0.2324674877099269,0.23793274321740596,0.0005669839540877212,0.023811424864709822
2025-09-01,0.0124384009832229,0.0001547138190194,0.0001102710312394,0.0002138780415063,0.0006752025231324,0.0008180252427599,0.0007026512535579,0.000576325148511112,0.0007260217750223694,0.0007363322640430689,0.0007171738845925608,0.2958478795274596,0.23484774006965192,0.23155928570771922,0.23774509469516925,0.0005783183814232643,0.024048251109452103
2025-09-02,0.0086488853392086,7.480321761077759e-05,0.0002515090863456,0.0002103281881571,0.0006713402952727,0.0007479534387777,0.0006779316119335,0.000575333208965636,0.0007290194349823526,0.0007407343611182456,0.0007204636120411279,0.2972250494885493,0.23456636860628619,0.23085663428528222,0.23735194761988232,0.0005535670632188453,0.02352800593375574
2025-09-03,0.0126384663535165,0.0001597308317689,7.479942595304406e-05,0.0002021966899243,0.0006608646295918,0.000694001488978,0.000658988506366,0.0003378129984796987,0.0005878729584524562,0.0005828472822162638,0.0005685681026584141,0.3638515088008782,0.20908219611419276,0.21088503445020845,0.21618126063472054,0.0005005600927543609,0.022373200324369354
2025-09-04,-0.0082760425601559,6.849288045751346e-05,0.0002810990523168,0.000199648738435,0.0006620077401896,0.0006482854281655,0.0006464329249789,0.000325188543427512,0.0005746956130288669,0.0005838660671105527,0.0005655877820754337,0.37067802408811834,0.20974624479645834,0.20645187916183455,0.21312385195358885,0.0004844690572848598,0.02201065781127088
2025-09-05,-0.0033693286074794,1.1352375265179515e-05,0.0004016178644133,0.0001917793869563,0.0006538518455163,0.0006713508786531,0.0006464729154933,0.0003185256863664651,0.0005707274591649831,0.0005871134277372816,0.0005666737012816232,0.3755543765946998,0.20959866859704823,0.20374890084490668,0.21109805396334522,0.0004823262423995035,0.021961927110331268
2025-09-08,0.0025776045127831,6.644045024320004e-06,5.877804844877072e-05,0.0001809537662548,0.0006426651505682,0.0006580541071155,0.0006371081948536,0.0003085224217761585,0.000566182472102214,0.0005890738964653991,0.000566062705380733,0.3826007507708777,0.20848563143066973,0.20038387528200563,0.208529742516447,0.0004679389364955855,0.02163189627599914
2025-09-09,-0.0084847846821637,7.199157110268036e-05,0.0001018832412469,0.000170495182981,0.0006345388969603,0.0006241526717932,0.0006285608234304,0.00030933161774822403,0.0005715538161322573,0.000595011224514762,0.0005718159142568013,0.38431227860661,0.20799430518434348,0.19979444750615705,0.2078989687028895,0.0004528832544272097,0.02128105388431714
2025-09-10,0.004251391260476,1.8074327649652496e-05,9.776235466020292e-05,0.0001645849662683,0.0006353734081043,0.000652146032312,0.0006341274442596,0.00030026281089038656,0.0005675876596363234,0.0005930840584332293,0.0005688156430936955,0.39014295212010236,0.2063917660361314,0.19751908315007244,0.20594619869369382,0.0004547549274203797,0.02132498364408235
2025-09-11,0.0027140862233998,7.36626402804911e-06,6.281458310327077e-05,0.0001557943279512,0.0006306626023297,0.0006184444689393,0.0006265592313579,0.00029432210581612433,0.0005669950988380883,0.000594324069773207,0.0005688094659140981,0.3949840203273909,0.2050326869927208,0.19560461125331552,0.20437868142657292,0.0004398686574090588,0.02097304597355994
2025-09-12,0.0027067398934474,7.326440850779945e-06,6.508818662436478e-05,0.0001468886441158,0.0006263856972285,0.0005914480727239,0.0006209441369115,0.000288949071573851,0.0005669689307729193,0.0005956211627096089,0.0005692214440851602,0.3996192316923131,0.20366125851576347,0.19386417610692916,0.20285533368499434,0.000426892449941285,0.020661375799817517
2025-09-15,0.02255491940494,0.0005087243893633,0.0003021222824467,0.0001385149119199,0.0006234513264618,0.0005690475417028,0.0006168841689434,0.00028369305940544954,0.0005669307923547497,0.0005957051771875233,0.0005693492453954862,0.40405538999520274,0.20218995211195778,0.19242355807311914,0.20133109981972044,0.0004157194114793576,0.02038919840207941
2025-09-16,0.0141446568827544,0.0002000713183308,0.0002051494781982,0.0001607274805665,0.0006705657439448,0.0005407555449746,0.0006206754853519,0.00028181472769635307,0.0005611969924758023,0.0005902156709385479,0.0005637381517867996,0.4032992549693348,0.20252366146496364,0.1925663368757939,0.2016107466899076,0.00042989286537719554,0.020733857947260938
2025-09-17,-0.0003813682113832,1.4544171265365188e-07,9.0634658733833e-05,0.0001630881108323,0.0006726071958194,0.0005211486500637,0.0006192757034345,0.0002810243432823905,0.0005624817115690594,0.0005898242998434269,0.0005643919771597766,0.4042047860896012,0.20194680507133786,0.1925851216923124,0.20126328714674863,0.000426754809132091,0.020658044658972228
2025-09-18,-0.0042687577909365,1.822229307768172e-05,7.972764172102627e-05,0.0001533115506852,0.0006544180143756,0.0005135188839894,0.0006156035971599,0.00027601266811049397,0.0005626220831897943,0.0005882440714261632,0.0005640403011168104,0.4083055149251525,0.20030762735045934,0.19158288209431842,0.19980397563006985,0.00041506434533073664,0.020373128020280455
2025-09-19,-0.0069195089704817,4.787960439257708e-05,0.0001767146260603,0.0001452061952287,0.0006437261682706,0.000529931014525,0.0006159205969622,0.00027153806042044755,0.0005625327497634064,0.0005866503162211531,0.0005636131978476113,0.4119720785576255,0.19886148709735962,0.1906861652772843,0.19848026906773047,0.0004111318400042763,0.020276386265907352
2025-09-22,-0.0050920726328325,2.592920369804218e-05,0.0001617190822902,0.0001393665997785,0.0006393059880778,0.0005604956553831,0.0006210252953007,0.00026778716664196706,0.000562285411658804,0.0005852526034141549,0.0005631467543278874,0.415053948054634,0.19766851219778103,0.18991136494690636,0.19736617480067858,0.0004132292029160639,0.02032803981981696
2025-09-23,-0.0187201596565096,0.0003504443775652,0.0002362281164373,0.0001325603560137,0.0006341267350622,0.0005755095534504,0.0006211071948434,0.00026537961535617606,0.0005631455021099275,0.000585643772566864,0.0005639205162620993,0.41753924440210005,0.19676336517006932,0.1892044434962155,0.19649294693161515,0.0004110542090853281,0.02027447185712437
2025-09-24,-0.0344965801642826,0.0011900140430307,0.0005910895888893,0.0001456333973068,0.000662372714112,0.0006810547528587,0.0006745151808654,0.0002629666288443813,0.0005583577543138104,0.0005810043239858685,0.0005591711666243508,0.4177369919067709,0.1967392548175794,0.18907069013136638,0.19645306314428326,0.00045242923705656835,0.02127038403641477
2025-09-25,-0.0173236169162689,0.0003001077030616,0.0002016814454174,0.0002082962360502,0.0007639841611171,0.0009055729234831,0.0008511478217928,0.0002938470695466287,0.0005581631697508211,0.0005810010750199959,0.0005588970588282823,0.3909340720837369,0.20580869124528547,0.19771879331511225,0.20553844335586527,0.0005926570601374021,0.024344548879315923
2025-09-26,-0.0069584644418181,4.8420227388047506e-05,9.770992974011782e-05,0.0002138049240709,0.000746417218809,0.0009558624991551,0.0008325479871406,0.000291957663553327,0.0005561928407452647,0.0005812226023023805,0.0005582655001420993,0.39212443687127596,0.2058346063169395,0.19697054787202123,0.2050704089397633,0.0005964843461671421,0.024423029012944773
2025-09-29,0.0084829461093586,7.196037469428307e-05,6.376046593506852e-05,0.0002038818422699,0.0007097212714702,0.0009151005513943,0.0007777249889434,0.00029237869250678546,0.0005605433529897044,0.0005904830967981737,0.0005645670404873261,0.3945346456226594,0.20578876409921468,0.19535448933470279,0.2043221009434231,0.00056416651830428,0.02375218975808925
2025-09-30,-0.0127515578090893,0.0001626022265585,0.000128442857714,0.0001959665542154,0.0006868841486719,0.0008267466618242,0.0007310960115043,0.00029049499705128553,0.0005605286467672055,0.0005942573025518035,0.0005657780748920032,0.39674159936462267,0.2056120599763275,0.19394199994286393,0.2037043407161859,0.0005282480809788956,0.022983648121629768
2025-10-01,0.0129591528266988,0.0001679396419857,0.00012628126484,0.000193964694556,0.000680117239137,0.0008539651768444,0.0007231512482048,0.000289121817135389,0.0005596247096062953,0.0005954450088625031,0.000565529423880347,0.3978623595564898,0.2055496949833965,0.19318440267807854,0.20340354278203512,0.0005290334205529364,0.023000726522284822
2025-10-03,0.0095074891528476,9.03923499915161e-05,8.765804772348656e-05,0.0001924031914018,0.0006760035966787,0.0007761221879443,0.0006929295175744,0.0002873716514550853,0.0005578464153803989,0.0005969782339736918,0.0005645157379321879,0.3991090997156255,0.2055989568702741,0.1921219812866511,0.20316996212744917,0.0005056680951314518,0.022487065062641053
2025-10-06,0.0082625225262274,6.826927849641676e-05,0.0001357731698207,0.0001862825409171,0.0006655872133933,0.0007161481853167,0.0006700403804128,0.0002874059564653102,0.0005595758625343278,0.0006005141341380611,0.000566565248853483,0.400081373636817,0.20548736561522182,0.19147887338086989,0.20295238736709126,0.0004844114804573636,0.022009349841768694
2025-10-07,0.0025808541313697,6.6608080474083545e-06,6.558000794287422e-05,0.0001792017451719,0.0006562825374018,0.0006685343101481,0.0006531958832324,0.00028780821502185565,0.0005626198611926978,0.0006047566960486997,0.0005698416812120381,0.4011996724623855,0.20523371029591903,0.19093391169240378,0.20263270554929175,0.0004665917016312457,0.021600733821591472
2025-10-08,-0.0167576492226663,0.0002808188074699,0.0001463428696588,0.0001688492889444,0.0006438709616125,0.0006327409243813,0.0006401916460448,0.00028700720148938555,0.0005625758182988343,0.0006046907960647921,0.0005696867314461978,0.4018324852941187,0.2050013763843085,0.19072361911629346,0.20244251920527928,0.0004501242114215981,0.021216130924878788
2025-10-09,0.005639976185265,3.1809331370356834e-05,9.241294525510784e-05,0.000175567460056,0.0006622276669764,0.0007177812935581,0.0006768661708516,0.0002865436199778251,0.0005636374328163318,0.0006056328760617243,0.0005706912308733272,0.4026392225707169,0.20469488657625476,0.19050105260255373,0.20216483825047457,0.00047982159471372777,0.021904830396826353
2025-10-10,0.0152467275710309,0.0002324627016252,0.0001570123647226,0.0001669419723348,0.0006504084257967,0.0006712440347696,0.0006576414638639,0.0002871105130177437,0.0005662751679305722,0.0006081346171740319,0.0005732090957297162,0.4032233197531529,0.20444063372603916,0.19036846600349877,0.20196758051730915,0.0004608907595591512,0.021468366485579454
2025-10-13,0.0013500868726917,1.822734563814571e-06,0.0001219964190633,0.0001708732160922,0.0006619692946157,0.0006284299588346,0.0006464348099196,0.0002863419227025359,0.000563317371421729,0.000605427340863608,0.0005703603463538644,0.4026885251052722,0.20469208367900207,0.1904549047362375,0.20216448647948823,0.00045468228694767226,0.0213232803983738
2025-10-14,-0.0004048096849327,1.6387088101536834e-07,6.627114017509971e-05,0.0001607301872005,0.0006472934240153,0.000600391415183,0.0006352388218012,0.00028705991431363483,0.0005661037483701772,0.0006076611437241071,0.0005728874595320765,0.4031352762071685,0.20442185408240926,0.19044162859518757,0.2020012411152348,0.00043977547959490404,0.020970824485339247
2025-10-15,0.0205723682718088,0.0004232223363109,0.0003287249917006,0.0001510962082214,0.0006370752161245,0.0005802958929106,0.0006271471666434,0.00028648212281711896,0.0005659858837582815,0.0006076989454301892,0.0005728865705597143,0.4036076541380618,0.2042919812326815,0.1902691759006719,0.20183118872858496,0.0004281232237197541,0.02069113877290842
2025-10-16,0.0175627544506798,0.0003084503438948,0.0001192379836148,0.0001674237759067,0.000671523466328,0.0005510438785807,0.0006269480745652,0.0002873923673785246,0.0005605137492683334,0.0006034384860232712,0.0005676937686789233,0.4007640771648641,0.20548387447591732,0.19086707189610427,0.2028849764631143,0.0004374591556520073,0.02091552427389778
2025-10-17,-0.0022762427843771,5.1812812134291156e-06,8.58873288320687e-05,0.000175885369986,0.0006838819638414,0.000528140170711,0.0006252644248093,0.0002875299429755576,0.0005577541048858074,0.0006007847421340186,0.000564708391608915,0.3994775193695554,0.20593617753447435,0.19118619417056193,0.20340010892540833,0.0004392502501538926,0.020958297883031735
2025-10-20,0.0077827168737475,6.057068193691409e-05,6.142437900767946e-05,0.0001656431246597,0.0006626367023594,0.0005305972463544,0.0006207610130099,0.0002879446948794039,0.0005597971602674696,0.0006013315213149037,0.0005658734887535788,0.39966933182001285,0.20557922042438131,0.19137972935781403,0.2033717183977918,0.00043021760498443347,0.020741687611774348
2025-10-21,-0.0028466988675211,8.103694442346111e-06,2.7882266940060248e-05,0.0001593387780963,0.0006535066147274,0.0005156182567979,0.0006174660740849,0.0002874599994636185,0.0005594633470054486,0.0005998455075511632,0.0005649822038598348,0.3997070948004442,0.2053750292524904,0.19154899021585145,0.20336888573121398,0.00042224232408822915,0.02054853581373206
2025-10-23,0.0032987186379495,1.0881544652355888e-05,6.268247075084048e-05,0.000150264673077,0.0006421103107908,0.0005232438452589,0.0006156036247628,0.00028798939105762806,0.0005633843573792677,0.0006016861568148709,0.0005682774980542315,0.40054623567634856,0.20475021180824454,0.191716337822193,0.202987214693214,0.0004169342302414894,0.0204189674136938
2025-10-24,-0.0023920678602094,5.721988647846926e-06,7.809895918534088e-05,0.0001419016853716,0.0006345739029293,0.0005115283899695,0.0006130709378115,0.00028773305524387363,0.0005632119445779396,0.0005991752770262804,0.0005674455859504844,0.40029442325722925,0.20450194373487418,0.19222745299592037,0.2029761800119763,0.00040934264646979966,0.0202322180313924
2025-10-27,0.0090854070322935,8.254462094244953e-05,7.977292230596226e-05,0.0001337309035681,0.0006289045600947,0.0005170397817291,0.0006120346187676,0.0002101937284069703,0.0005524585912888132,0.0005877112468431765,0.0005565797271464166,0.47264113973669597,0.1798256103285757,0.16903913936206377,0.1784941105726646,0.00037294440767393774,0.019311768631431397
2025-10-28,-0.0070162466159266,4.9227716575502184e-05,9.646366108984014e-05,0.0001306597266106,0.0006325467942612,0.000503557858409,0.0006114521154432,0.00021028932071412993,0.0005528184799937874,0.0005839347664632795,0.0005546427735596686,0.47177304603424264,0.17946005238987622,0.16989711707466135,0.1788697845012199,0.0003700819546003672,0.019237514252116027
2025-10-29,0.005989474703784,3.5873807227269356e-05,0.0001240207586231,0.0001257738060085,0.0006317781371187,0.0005379823642946,0.0006180164289746,0.00021045460553125237,0.0005532830545876368,0.000581086812062505,0.0005535912159859016,0.47109573169970304,0.1791926674063968,0.17061868265503363,0.17909291823886642,0.0003749337208417843,0.019363205334907346
2025-10-30,-0.0027649236370981,7.64480271898414e-06,0.0001086316347055,0.0001203798060816,0.0006299431015462,0.0005226925177478,0.0006151505571795,0.0002087731711154853,0.0005511049200050778,0.0005742491940175012,0.0005497290449004793,0.4712180681686487,0.17850991128436172,0.17131533035374794,0.17895669019324167,0.0003688067758742643,0.019204342630620406
2025-10-31,-0.0264890019763321,0.0007016672257021,0.0004414767642893,0.0001136157058798,0.0006259199965774,0.0005288374671296,0.0006138541816712,0.00020815989195194695,0.0005510158098999124,0.000569407998046053,0.0005483523638557857,0.47104109681765033,0.17794746004892129,0.17219966026989025,0.17881178286353824,0.0003657285331186823,0.01912403025302675
2025-11-03,0.0273257230524295,0.000746695140338,0.0006315401016599,0.0001488987970692,0.0006911610201568,0.0006966161421113,0.0007270110069121,0.00022069094450169287,0.0005497745314786501,0.0005667983062954598,0.0005467195405000944,0.45569528069824317,0.18292557429274944,0.1774314086426283,0.18394773636637915,0.00045161711807994916,0.021251285092434978
2025-11-04,-0.0033510133513474,1.1229290480908762e-05,9.773289451804968e-05,0.0001847665776653,0.0007402748160662,0.0006428003976301,0.000703484187174,0.00023378797558972346,0.0005464476854147636,0.0005626102533431148,0.0005433552625302204,0.43982313847317184,0.18817054936030184,0.1827648190735197,0.18924149309300656,0.00047117223121185214,0.02170650204919835
2025-11-06,-0.021201681069814,0.0004495112801861,0.0001781251595631,0.0001743543404342,0.0007018687703583,0.0006341518245316,0.0006783042712641,0.0002332807021058384,0.0005536116791345077,0.0005665225485199456,0.0005496553457324278,0.4429543653754655,0.18665196066163292,0.18239822161641045,0.187995452346491,0.0004514224816662523,0.02124670519554155
2025-11-07,0.0014494718285896,2.100968581874888e-06,0.0001762036429476,0.0001908637568194,0.0007184946923835,0.0007524530577927,0.0007321519548406,0.00023433460278868694,0.0005477019412547024,0.0005556652127094162,0.000542646119383268,0.4383260912589803,0.18753808002174766,0.18485046056105273,0.1892853681582193,0.0004960826262083859,0.022272912387211196
2025-11-10,0.0007239081527943,5.240430136821085e-07,8.567817010092086e-05,0.0001795379895251,0.0006860510102343,0.0007015030696918,0.0006972117825621,0.00023556507076045888,0.0005528788400724959,0.0005586122508167526,0.0005477263670031182,0.43901144988111535,0.18704959524646714,0.1851297802808502,0.18880917459156724,0.0004686538872123605,0.02164841535106809
2025-11-11,0.0068841879535461,4.739204377974977e-05,0.0001199841976105,0.0001687971527344,0.0006636666013923,0.0006606243058515,0.0006719306224495,0.000233355599715284,0.0005596262217972753,0.000563818044290589,0.0005545600303713153,0.44411610289130055,0.18518964175870356,0.18381281085782392,0.18688144449217203,0.0004448722897120555,0.02109199586838703
2025-11-12,-0.0053064062462177,2.8157947249898825e-05,7.650785714154279e-05,0.0001615128461971,0.0006529210943372,0.000624046435572,0.0006542823569488,0.00023291764354759514,0.0005595084832048772,0.0005615263716114765,0.0005548749476816295,0.44427669918375956,0.18494783361326353,0.1842832092819025,0.18649225792107435,0.00042953261005573243,0.020725168516944135
2025-11-13,0.0047181402848993,2.226084774799014e-05,7.527664929059697e-05,0.0001535115522603,0.0006436739582696,0.0006310391667024,0.0006455167896426,0.00023126315940019982,0.0005580820873662228,0.0005564849814093143,0.0005535218205688076,0.44488523034793453,0.18435561052729824,0.1848847091617609,0.1858744499630063,0.00042361449886786444,0.020581897358306508
2025-11-14,6.53709984182618e-05,4.273367434200386e-09,6.205277352451587e-05,0.0001456365099896,0.0006367601893818,0.0006008404700309,0.0006348493250065,0.00023081362755047422,0.0005583656600763723,0.0005546723576070869,0.0005538677987565523,0.44519034246566896,0.18402993816074614,0.18525530700364956,0.18552441236993536,0.00041110783973400495,0.02027579442917108
2025-11-17,0.0047608990317951,2.266615959094797e-05,3.7596483382595755e-05,0.0001368985757922,0.0006298423703675,0.0005781733774854,0.0006268386975757,0.00022845550081149944,0.0005640991223040309,0.0005591514710095397,0.000559598572675762,0.45008227434278947,0.1822796159855431,0.18389251700565837,0.18374559266600912,0.00039792365339234333,0.019948023796665756
2025-11-18,-0.0239008442822111,0.0005712503574025,0.0002907351845852,0.0001300446308201,0.0006273227107179,0.0005569734947254,0.000621351431813,0.00022801975134096035,0.0005640508292017077,0.0005580836508211614,0.0005602424402946964,0.45048451519786736,0.18211012522355102,0.18405729497223228,0.1833480646063493,0.0003892635271471782,0.01972976247062235
2025-11-19,-0.0089692123947615,8.044677098234388e-05,9.759205709951756e-05,0.0001565169744151,0.0006793444053101,0.0007028868299657,0.0007109912223447,0.00023383582842544654,0.0005582593775892396,0.0005525897641801273,0.0005550872377722944,0.4418348617112268,0.1850695663396569,0.18696839430020498,0.18612717764891137,0.0004586330417537844,0.021415719501193146
2025-11-20,-0.0034349942480836,1.1799185484367893e-05,3.488772630094812e-05,0.0001519527622091,0.0006669018548662,0.0007223981159425,0.0006951105139794,0.00023243264746928327,0.0005572671240259966,0.0005518610860920225,0.0005551288620581404,0.44307117002127117,0.18480222612334252,0.18661255098567403,0.18551405286971215,0.00045433215940895186,0.021315068834253194
2025-11-21,-0.0214812388388339,0.000461443622051,0.0002350972422823,0.0001435435476056,0.0006516505913037,0.000700665608723,0.0006723442105221,0.00023312243429396269,0.000560545271900052,0.0005565030898305052,0.0005592327158534581,0.4441183136448834,0.1847021954899041,0.18604378714762987,0.18513570371758253,0.0004389410151296685,0.02095091919534006
2025-11-24,-0.0106025988674509,0.000112415102744,9.983095472212884e-05,0.0001626175520723,0.000685255058907,0.0008137808489646,0.0007298047488525,0.00023658537227116633,0.0005572676562203986,0.0005528598983635266,0.0005561002335476788,0.43899853248013077,0.18637476995835317,0.1878606705618122,0.18676602699970393,0.0004882832700873896,0.022097132621392068
2025-11-25,0.0050033938416823,2.5033949934985103e-05,8.100812110599547e-05,0.0001596054051126,0.0006740838747058,0.0008269480071751,0.0007139672011813,0.00023320681179635279,0.0005618654396031525,0.0005599625319550184,0.0005615538607932894,0.44507444611500846,0.18473176186778648,0.1853595315174525,0.18483426049975274,0.00048080928394920986,0.021927363816683705
2025-11-26,0.0130163464220882,0.0001694252741798,0.0001271301262252,0.000151531117802,0.000657868290187,0.0007591733407356,0.0006843727669399,0.00023270969485192906,0.0005618640583860718,0.0005615005045420179,0.000561895736270245,0.4458776064315734,0.18467107868057236,0.184790647371957,0.1846606675158972,0.0004557184439589199,0.021347562951281346
2025-11-27,-0.0073482151559321,5.399626597787072e-05,7.487744847478308e-05,0.0001526047671847,0.0006609045183105,0.000700670122205,0.0006649145367064,0.00023270713744278135,0.0005619886883328639,0.0005617111934309589,0.0005621201830813134,0.4459623775633259,0.18466319775545148,0.18475442452206375,0.18462000015915878,0.0004423091536437813,0.02103114722604978
2025-11-28,-0.0024845133826735,6.172806748683896e-06,4.94480180102089e-05,0.0001466882571122,0.0006516756136115,0.0007092560498935,0.0006574510250025,0.00023292988717267798,0.0005634315439708978,0.0005613877584611332,0.0005632011439823765,0.44604764049182544,0.18440186334112424,0.1850731958570011,0.18447730031004922,0.0004381492224299247,0.020932014294614
2025-12-01,-0.0154588037267573,0.0002389746126624,0.0002570093899555,0.0001382573300904,0.0006406665564249,0.0006835373647038,0.0006441933246178,0.0002329791662519015,0.0005643303357834566,0.000561998928639769,0.0005640941288549429,0.4463466766217477,0.18427057697381072,0.1850350085725826,0.18434773783185898,0.0004250006200620108,0.020615543166795553
2025-12-02,-0.000421119157697,1.773413449794336e-07,3.8325844903140584e-05,0.0001443003670447,0.000655932328283,0.0007526467114292,0.0006728801953174,0.00023327730766713693,0.0005630030344425541,0.0005606953815409765,0.0005628361980687885,0.44546165036187035,0.1845746614283651,0.18533431500680597,0.18462937320295847,0.00044907347847130145,0.021191353861216643
2025-12-03,-0.0059147143604307,3.498384596548574e-05,6.717036815707463e-05,0.0001356529855028,0.0006429957791379,0.0007052252444939,0.000654362220105,0.00023340478871839492,0.0005641527529795264,0.0005641041482950364,0.0005645881919014508,0.44625022360826966,0.18462542034356538,0.18464132815124906,0.18448302789691595,0.0004301809906116886,0.02074080496537414
2025-12-04,0.001904951180251,3.6288389991399896e-06,5.423183029409992e-05,0.0001296128371305,0.000637542060981,0.000703230669782,0.0006466966725504,0.00023260295544511435,0.0005635153452993361,0.0005643053977420254,0.0005642966279036381,0.44699440309924565,0.18450645593879947,0.1842481387637562,0.18425100219819868,0.0004242902910152446,0.02059830796486072
2025-12-05,0.0145548854066245,0.0002118446891999,0.0002303817699201,0.0001220537972426,0.0006307332173747,0.0006614071681781,0.0006354523651207,0.00023208246313820676,0.000563475757975679,0.0005652660519302427,0.0005645336165091407,0.44771707116950776,0.18440417213215424,0.18382013268128472,0.18405862401705314,0.0004094958467761547,0.020236003725443288
2025-12-08,-0.0459147881074367,0.0021081677669508,0.0008955211934087,0.0001274412507601,0.0006464680750082,0.0006207606151959,0.0006301165966832,0.0002320235485356044,0.0005613867338235271,0.0005637488670983071,0.0005626065288843194,0.4469703170051893,0.18473475198690517,0.1839607050128996,0.18433422599500604,0.0004067351913077557,0.020167676894172905
2025-12-09,0.0037749400769323,1.4250172584430095e-05,0.0002887275075774,0.0002462848417315,0.0008430436468374,0.0009558738473671,0.0009699900336617,0.00034476822623359936,0.0005868675564594025,0.0005899025373979967,0.0005887370692145512,0.36264366013415417,0.21304297721552715,0.21194689551734955,0.2123664671329692,0.0006775060159445539,0.02602894573248317
2025-12-10,-0.0076372821003909,5.832807788095252e-05,0.0001667929844409,0.0002323627615827,0.0007725803536114,0.0008613577519249,0.0008693198590184,0.00034553622547045044,0.0005910895593041417,0.0005971088509100798,0.0005961923480346143,0.3645870826300884,0.21312852241137745,0.21098003185729924,0.21130436310123493,0.0006147957356493499,0.024795074826451925
2025-12-11,0.012840728334663,0.0001648843041646,0.0001843017377639,0.0002219206805606,0.0007286185779925,0.0008439877166106,0.0008059380258085,0.00034579684424270796,0.0005928762374726147,0.0006013318186420645,0.0006001097114063841,0.365693911415896,0.2132920709817288,0.2102928809121616,0.21072113669021347,0.0005838763924348199,0.024163534353128475
2025-12-12,0.0082553237522732,6.815037025484659e-05,0.0001308268860619,0.0002184984979768,0.0007089366118865,0.0007683047977082,0.0007527392473476,0.000342557185988374,0.0005971427528792608,0.0006076394206102002,0.0006056284790690562,0.36995466847262526,0.21222836510061208,0.20856222601222882,0.20925474041453387,0.0005490446121508637,0.0234317010084813
2025-12-15,-0.0021469741571138,4.609498031314557e-06,5.402020451660025e-05,0.0002094776103135,0.0006859732228145,0.0007105637929077,0.0007129814514462,0.0003430690446123997,0.0005997778761328215,0.0006127491385655395,0.0006096297420688165,0.3711086933936718,0.21227175918994506,0.2077781866621185,0.20884136075426457,0.0005198913779333958,0.022801126681227746
2025-12-16,-0.0085621216178129,7.330992659822013e-05,4.80659686112757e-05,0.0001971855235766,0.0006640135795043,0.0006823825027243,0.0006840820575714,0.0003434434158219302,0.0005999452996818124,0.0006158275940027232,0.0006112470025597749,0.3714675263030568,0.2126495134941585,0.20716524777855339,0.2087177124242314,0.0004985961657242697,0.022329267021652766
2025-12-17,-0.0128724791596485,0.0001657007197155,0.0001076363467132,0.0001897529877579,0.00065569817078,0.0007022454603815,0.0006744832637541,0.00034337294710688147,0.0005991695303553744,0.0006175255490278799,0.0006114675251911736,0.3716527799998058,0.21298731645000127,0.20665624372933794,0.20870365982085498,0.0004960681538609156,0.02227258749810887
2025-12-18,-0.0059465497297601,3.536145368851063e-05,0.0001643706392019,0.0001883098516753,0.0006590526689213,0.0007497605824355,0.0006827324279742,0.00034315703146436504,0.0005975688515524278,0.0006182741425243976,0.0006105972645653872,0.37157019376983247,0.21337612284081342,0.20623040154014383,0.2088232818492102,0.0005077902835271741,0.02253420252698493
2025-12-19,0.0177345153771813,0.0003145130356634,0.0001824694451891,0.0001791329477961,0.0006485809893693,0.0007403808211577,0.0006672689973,0.00034341253287708564,0.0005977467634526033,0.0006212940761392581,0.0006114830467776799,0.37190548430805537,0.21366406673523625,0.2055661067151102,0.20886434224159814,0.0004967648806126456,0.02228822291284448
2025-12-22,0.0012289252794563,1.5102573424869266e-06,2.482173252348776e-05,0.0001872557530681,0.0006687561331675,0.0006830637524653,0.000654495778108,0.0003427045468419026,0.000598180537279813,0.0006230447921306787,0.0006121801123526207,0.3727491215598426,0.21355228200968435,0.20502991181906882,0.2086686846114044,0.0004892350898453297,0.022118659313921575
2025-12-23,0.0031740195043055,1.007439981371209e-05,8.501993058883079e-05,0.0001761110233246,0.0006519130452476,0.000645325008068,0.0006410623084479,0.00031597876620606725,0.0006004999167033573,0.0006257870296372317,0.0006143630904039258,0.3928590322219168,0.2067196161755885,0.19836638730967618,0.20205496429281858,0.00046149063301430574,0.02148233304402261
2025-12-24,0.0009357749224756,8.756747055342618e-07,9.957625171747756e-05,0.0001661488259139,0.0006412115036732,0.0006133899246828,0.0006314654703919,0.00031648311320033653,0.0006032244534731473,0.000626278952622535,0.0006156435784260104,0.3930724978399391,0.20622640065992318,0.19863482128672807,0.2020662802134097,0.0004469817512331609,0.021141942938934465
2025-12-26,0.0001438876817729,2.0703664966000465e-08,4.226976317536568e-05,0.0001562324368414,0.0006329777183705,0.0005881557593239,0.0006244040293904,0.00031648214202047495,0.000602157435807636,0.0006202854426218387,0.0006126963370523253,0.3917972510654517,0.2059209533610073,0.1999028588045125,0.2023789367690286,0.0004354950557983587,0.020868518294271846
2025-12-29,-0.0090334568553525,8.160334275751673e-05,9.451132525860434e-05,0.0001468597328508,0.000627252289666,0.0005675725540425,0.0006192874893105,0.00031666637557127233,0.0006020729506036368,0.0006153624853943598,0.0006112222581701622,0.3908313126229237,0.20556169331968746,0.20112232735271396,0.202484666704675,0.0004258841588418873,0.020636960988524626
2025-12-30,-0.0118301463497274,0.0001399523626559,8.563322964324825e-05,0.0001429443494452,0.0006313224614456,0.0006068910065163,0.0006290034156905,0.0003167491337303276,0.0006023892914929344,0.0006125811177477639,0.0006107574258095484,0.390394544730303,0.2052777756887126,0.20186246404559618,0.2024652155353882,0.0004352609909640687,0.020862909455875725
