date,log_return,realized_var_proxy,parkinson_var_proxy,ewma_variance,ewma_volatility,garch_variance,garch_volatility,egarch_variance,egarch_volatility,gjr_garch_variance,gjr_garch_volatility
2015-01-02,0.0048858468819286,2.387149975365149e-05,7.256949797518015e-05,0.0011730466332439647,0.03424976836774177,0.0008081989114679877,0.02842883943230866,0.0007872748027230065,0.028058417680314876,0.0008112474265441385,0.028482405561050115
2015-01-05,0.0164162970495257,0.0002694948088182,0.0003644991517913,0.0011040961252345458,0.03322794193498216,0.000741214428202367,0.02722525350115894,0.0007071985267877944,0.026593204522730885,0.00074299790730381,0.027257987954062382
2015-01-06,-0.0076210229138641,5.8079990253642206e-05,0.0016328242738017,0.001054020046249569,0.03246567489287061,0.0007423870427163104,0.027246780410101857,0.0007014883160258509,0.026485624705221717,0.0007227334442157587,0.026883702204416687
2015-01-07,-0.0088966092799465,7.91496566800308e-05,0.0009622181065814,0.0009942636428898132,0.03153194638600372,0.0007035453246255387,0.026524428827508023,0.0006892856573369645,0.026254250271850545,0.0006965175807125364,0.02639161951666734
2015-01-08,0.0386464174460554,0.0014935455814147,0.0003249970714325,0.0009393568037172263,0.030648928263761952,0.0006814782296937535,0.026105137994152674,0.000691935788126453,0.026304672363031877,0.0006845615641291085,0.026164127429155908
2015-01-09,-0.010015914207145,0.0001003185374048,0.000719691567668,0.0009726081303790793,0.031186665906747377,0.0009318089350418418,0.030525545614154742,0.0008090963245950967,0.02844461855246255,0.0008124654007520308,0.028503778710059317
2015-01-12,0.015472486580867,0.0002393978409951,0.00020814414612,0.0009202707548006278,0.030335964708586866,0.00083833801671361,0.028954067360452314,0.0007979107111521505,0.02824731334396513,0.0007688879621106044,0.02772882907932833
2015-01-13,-0.0353067218653516,0.0012465646088773,0.0007988213452497,0.0008794183799722967,0.029654989124467686,0.0008017995243988297,0.028316064776003562,0.000767886296269312,0.02771076138018066,0.0007370837200659003,0.02714928581134134
2015-01-14,-0.0108294330914974,0.0001172766210832,0.0002400063497447,0.0009014471537065967,0.030024109540610803,0.0009661070662217476,0.03108226288772662,0.0010728362131393143,0.032754178559983985,0.0010330595467104486,0.03214124370198591
2015-01-15,0.0192496866468116,0.0003705504360004,0.0005222599435876,0.000854396921749194,0.029230068794807752,0.0008644896377431901,0.029402204640863076,0.0010085789466690329,0.0317581319770076,0.0009229095747461415,0.03037942683373308
2015-01-16,-0.0011985762958347,1.4365851369370605e-06,0.0002874924944325,0.0008253661326042686,0.028729186076258212,0.0008438989526202836,0.029049938943486328,0.0009494451491656504,0.030813067831127274,0.0008552212983875125,0.02924416691218118
2015-01-19,0.0119213944189626,0.0001421196448924,0.0001977698229571,0.0007759303597562287,0.027855526556793513,0.0007609213153610038,0.027584802253433027,0.0008152631639268323,0.028552813590377257,0.0007706448934673865,0.027760491592682332
2015-01-20,0.0003951582004526,1.5615000338496977e-07,7.600562069900786e-05,0.0007379017168644034,0.027164346428073756,0.0007317118719668655,0.02705017323358328,0.0007631332740712229,0.027624866951194947,0.0007279977053384427,0.02698143260352279
2015-01-21,-0.0006914727203302,4.781345229608706e-07,0.0001187295855644,0.0006936369828527423,0.026336988872168784,0.000685537929422359,0.026182779253210667,0.0006679946509529614,0.025845592486011256,0.0006841267301472295,0.02615581637317462
2015-01-22,0.0242998920270177,0.0005904847525247,0.0003277139376574,0.0006520474519529554,0.02553521983365241,0.0006546707783465166,0.025586535098495,0.0006001247972155499,0.024497444707878208,0.0006545378857321461,0.025583938041907194
2015-01-23,0.0836553195804333,0.0069982124941044,0.0030039585858277,0.0006483536899872612,0.025462790302464126,0.0007445854046313674,0.02728709227146358,0.0006540887411131076,0.02557515867229581,0.0006967460507775157,0.02639594762037377
2015-01-27,-0.0045326975010289,2.0545346635834488e-05,0.0003846262611182,0.0010293452182342914,0.03208341032736843,0.0020058613524434,0.044786843519535956,0.0010847382610417627,0.0329353648991743,0.0014021781796577256,0.037445669705023645
2015-01-28,-0.0073312738741273,5.374757661746189e-05,0.0009713840069156,0.0009688172259383839,0.031125828919699214,0.0015427903796257118,0.039278370378946624,0.0009480421061851543,0.030790292401748222,0.0011462291864756354,0.03385600665281768
2015-01-29,0.0459489035567739,0.0021113017380697,0.0016140837198082,0.0009139130469791284,0.030230994806309773,0.0012388468266887672,0.03519725595396277,0.0008764732151879594,0.02960529032433155,0.0009820635468613791,0.03133789314649884
2015-01-30,0.0725517477500731,0.0052637561015902,0.0066286999647906,0.0009857563684445632,0.03139675729186954,0.0014209276820645392,0.03769519441605971,0.0010068756598230785,0.03173130409899786,0.0010791499816507526,0.032850418287302716
2015-02-02,0.0429051335399085,0.0018408504840773,0.0004703072945118,0.0012424363524333039,0.03524821062739645,0.002133775500140386,0.0461928078832667,0.0013035913029887268,0.03610528081858285,0.0014778811797381722,0.038443220205104725
2015-02-03,-0.020364785925264,0.0004147245057818,0.0003955245102593,0.0012783412003319484,0.03575389769426472,0.001969661911872065,0.04438087326621756,0.001321492387357832,0.03635233675237167,0.001386286489820427,0.03723286840710002
2015-02-04,0.0103883736412656,0.0001079183069105,0.0008536849988386,0.0012265241986589414,0.03502176749764268,0.0015924279367208758,0.03990523695858572,0.0013131380398008323,0.03623724658139512,0.0012438661462512836,0.03526848658861454
2015-02-05,-0.0400478133912383,0.0016038273574194,0.0009775110951693,0.0011594078451540374,0.03405007848968982,0.0012822479191491193,0.03580848948432647,0.0011209141609059732,0.033480056166410074,0.0010447901188142894,0.03232321331201911
2015-02-06,0.0071987123477995,5.1821459466361995e-05,0.0003907925594945,0.001186073015889962,0.034439410794756084,0.0013548780086503065,0.03680866757504687,0.00144232275014835,0.0379779245108043,0.001339644117019532,0.036601149121571745
2015-02-09,-0.0293579919953019,0.0008618916939962,0.0008175033673449,0.0011180179225045459,0.03343677500155399,0.0011126212938655548,0.033355978382676094,0.001192800763876784,0.03453694780777224,0.0011037131948231375,0.03322217926059544
2015-02-10,0.0413998774817827,0.0017139498555066,0.001455120104707,0.0011026503487940457,0.033206179376646834,0.0011021945434460494,0.03319931540628585,0.0013386086050962253,0.03658700049329304,0.0011755116793700146,0.03428573580032977
2015-02-11,0.0409635664750317,0.0016780137783543,0.0007539391888495,0.0011393283191968,0.03375393783244853,0.0012549186164849536,0.035424830507497895,0.0013374419977470104,0.03657105409674447,0.0011681557642881876,0.034178293759171
2015-02-12,0.0339595157807358,0.001153248712062,0.0004182194761437,0.0011716494467462525,0.03422936526940359,0.0013504780691243345,0.036748851262649485,0.0013335474783675064,0.03651776935092704,0.0011593793152492695,0.03404965954674539
2015-02-13,-0.0183597139953574,0.0003370790979913,0.0003755410929454,0.0011705454026651998,0.034213234320438046,0.001316123358223804,0.03627841449434917,0.0012831255724814867,0.035820742210086694,0.0010980056087223108,0.03313616768309683
2015-02-16,-0.0133346881373042,0.0001778139077191,0.0006098485058593,0.0011205374243847671,0.03347442941089164,0.0011401313442502968,0.03376583101672898,0.0012579683599729626,0.03546784966660599,0.0010273270695141106,0.03205194330323999
2015-02-18,0.0041392045119202,1.7133013991500738e-05,0.0001472088604105,0.0010639740133848309,0.03261861452276646,0.0009923988187591302,0.031502362113961076,0.0011758494713410195,0.03429066157630995,0.0009356756443512113,0.0305888156742168
2015-02-19,0.0390329381598308,0.0015235702613891,0.0010100470275718,0.001001163553421231,0.03164116864815886,0.0008633292624635235,0.029382465221004236,0.0009879491721952694,0.03143165875666236,0.0008265330487006835,0.02874948779892754
2015-02-20,-0.0070307284308166,4.943114226789388e-05,0.0005749875949566,0.0010325079558993076,0.032132661824058516,0.0010592412921142246,0.03254598734274664,0.0010521717381195808,0.03243719682894286,0.0009117619337449731,0.03019539590310041
2015-02-23,-0.0110441556794971,0.0001219733746729,0.0002757733334035,0.0009735233470814226,0.03120133566181779,0.000914154527409968,0.03023498846386365,0.0009509739189917509,0.030837865020000185,0.0008221252080806442,0.02867272585717382
2015-02-24,0.0464865318347823,0.0021609976420262,0.0009173352338466,0.0009224303487369153,0.0303715384650978,0.000830571955636671,0.0288196453072669,0.0009186862957686131,0.030309838266949118,0.0007813832966469022,0.02795323409995527
2015-02-25,-0.02315277505136,0.0005360509925788,0.0004678260344518,0.0009967443863342742,0.03157125886521274,0.0011567783301052474,0.03401144410496631,0.0010447356100627913,0.03232237011827554,0.00094852431168527,0.030798121885681113
2015-02-26,-0.0113444445493745,0.0001286964221338,0.0003979325207578,0.0009691027827089503,0.031130415716931092,0.0010706962317721808,0.03272149495014219,0.0011369802702923244,0.03371913804195363,0.0009808334011910092,0.03131825986850178
2015-02-27,0.0333029332749753,0.0011090853647174,0.0004741735339167,0.0009186784010744432,0.030309708033474082,0.0009366844088273574,0.030605300338787028,0.0010624213567553117,0.03259480567138438,0.0008906890573213752,0.02984441417286282
2015-03-02,-0.0020404081839559,4.1632655571545995e-06,0.0004934577677,0.0009301028188930241,0.03049758709952353,0.00103068472093545,0.03210427885711576,0.0010741607891205014,0.03277439227690578,0.0009114177892223466,0.030189696739489562
2015-03-03,0.0166238818835156,0.000276353448877,0.0002917649084465,0.0008745464456928717,0.029572731454718074,0.0008865423007918612,0.029774860214480624,0.0009142598627520604,0.030236730358159766,0.0008094438161601187,0.028450726109541014
2015-03-04,-0.0245436154427113,0.0006023890589996,0.0005803471693521,0.0008386548658839241,0.02895953842663802,0.0008410138388620981,0.029000238600089105,0.0008634186329995388,0.02938398599576883,0.0007684466312272519,0.02772086995798025
2015-03-05,-0.0069100975218036,4.774944776083668e-05,0.0002124201537548,0.0008244789174708705,0.028713740917387803,0.0008716300970438143,0.029523382208747936,0.0010087396766655092,0.031760662409110886,0.0008771502930428074,0.02961672319894298
2015-03-09,-0.0493800602935846,0.002438390354598,0.0007761776829092,0.0007778751492882683,0.027890413214727895,0.000788176537545591,0.028074481963975596,0.0009174475189826042,0.03028939614753989,0.0007982281599908303,0.02825293188309543
2015-03-10,-0.0263293187049679,0.0006932330234677,0.0013105613071005,0.0008775060616068554,0.029622728800818728,0.0011803755939617056,0.03435659462114523,0.0014258997740194208,0.037761088093690054,0.0014022033467804506,0.03744600575202181
2015-03-11,0.0003854650549092,1.485833085562034e-07,0.0004842531558345,0.0008664496793185104,0.02943551731019026,0.001115963642341856,0.03340604200353367,0.0014746063969526303,0.03840060412223524,0.0013312311025333431,0.036486039830781074
2015-03-12,0.0107329736989001,0.0001151967244212,8.585340454577606e-05,0.0008144716135579131,0.028538949061903334,0.0009429099817373853,0.03070683933161121,0.0011750248199604077,0.03427863503642477,0.001092558720306585,0.0330538760254616
2015-03-13,-0.033496688923548,0.0011220281688409,0.0011820031497549,0.0007725151202097152,0.027794156224100693,0.0008485622804926932,0.029130092352972262,0.0010240212898661178,0.03200033265242907,0.0009431128362395301,0.03071014223737054
2015-03-16,0.0092616163001302,8.577753649083906e-05,0.0004906129879527,0.0007934859031275889,0.02816888182245772,0.0009740861159136884,0.031210352704089846,0.0012628619420768893,0.03553676887502421,0.001138309473913254,0.03373884221358602
2015-03-17,0.0075494807715203,5.699465991955559e-05,0.0002063183773266,0.0007510234011293838,0.027404806168433007,0.0008639299182973913,0.02939268477525303,0.0010786252307241916,0.03284243034131597,0.0009709818410727179,0.03116058152654918
2015-03-18,-0.0011638340517516,1.354509700016593e-06,0.0001145718622996,0.000709381676656794,0.02663422003094504,0.0007847518278044168,0.02801342227940772,0.0009365649924072269,0.030603349365832932,0.0008546485283130881,0.0292343723776155
2015-03-19,-0.0401526613482148,0.0016122362133444,0.0012800524695483,0.0006669000466393873,0.025824407962998636,0.0007212889354734033,0.026856822884946823,0.0008054992070328331,0.02838131792276097,0.0007702345163299044,0.027753099220265552
2015-03-20,-0.0144882043624202,0.0002099080656472,0.0002876333041017,0.0007236202166416895,0.026900189899732856,0.0009807214327033423,0.03131647222634348,0.0011774755963641866,0.03431436428617302,0.0011560624307629763,0.034000918087060183
2015-03-23,-0.0225529899547622,0.0005086373558996,0.0006053176434921,0.0006927974875820231,0.026321046475815187,0.000891641041940462,0.02986035903904141,0.0011301159035984687,0.03361719654579288,0.0010316645182331542,0.03211953483836829
2015-03-24,-0.0080830796964157,6.533617737860772e-05,0.0002908579231223,0.000681747879681078,0.02611030217521578,0.0008879677948507304,0.029798788479579674,0.0011960496823719058,0.03458395122555989,0.0010295867774079326,0.032087174656051175
2015-03-25,0.0289129170994443,0.0008359567751993,0.0003718031621653,0.0006447631775429297,0.025392187332778753,0.0008024160159360649,0.028326948581449164,0.0010682839802782953,0.032684613815651783,0.0009062749628755176,0.030104401054920817
2015-03-26,-0.0120633276113029,0.0001455238730576,0.000333385664112,0.0006562347934023142,0.025617080110783785,0.000889556542947243,0.029825434497207967,0.0010515625972674384,0.03242780592743577,0.0008931197558806488,0.029885109266667386
2015-03-27,-0.0104449979374443,0.0001090979819132,0.0002839122981649,0.0006255921381816327,0.025011839959939625,0.0008185103759119718,0.02860962033848006,0.0010066693346978107,0.031728052803438954,0.0008359279967106012,0.028912419419872167
2015-03-30,0.038719682462901,0.0014992138100278,0.0003309762807221,0.0005946024888055277,0.0243844722888466,0.0007640957600325599,0.02764228210608813,0.0009544294778369899,0.030893842069852528,0.000787188134334503,0.028056873210222537
2015-03-31,-0.0055099970264163,3.0360067231117277e-05,0.00042458154702,0.0006488791680788691,0.02547310676142329,0.0009882089489774242,0.03143579089155264,0.0010236708275922896,0.03199485626772356,0.0008825497770516197,0.02970773934602934
2015-04-01,-0.0048056053474822,2.309384275575032e-05,0.000159133624933,0.0006117680220280039,0.02473394473245228,0.0008630021203559947,0.029376897731993326,0.0009136430042472761,0.03022652815404502,0.0007971020323638443,0.028232995455031766
2015-04-06,0.0267454893752636,0.0007153212019223,0.0004630596598878,0.0005764475712716686,0.024009322590853508,0.0007777760883160887,0.027888637261725226,0.0008246145117387117,0.028716101959331313,0.0007372495418735937,0.0271523395285488
2015-04-07,0.0188203371948593,0.0003542050921282,0.0003347255791743,0.0005847799891107088,0.0241822246518121,0.0008504409414054655,0.029162320576481316,0.0008494685682225545,0.029145644069441225,0.0007659344330143369,0.027675520465103035
2015-04-08,0.0060662712037422,3.679964631735217e-05,0.0001946258367724,0.0005709454952917586,0.02389446578795514,0.0008314253398348473,0.028834447104719163,0.0008254859169899826,0.02873127071659001,0.0007472111613850221,0.027335163460001883
2015-04-09,-0.0075494807715204,5.699465991955653e-05,0.0001814958404333,0.0005388967443532941,0.02321414965819972,0.0007591948128112307,0.027553490029599347,0.0007417544899713668,0.027235170092572706,0.0007010063203104125,0.026476523946893264
2015-04-10,-0.0030515625188814,9.31203380664212e-06,0.0002686273214042,0.0005099826192872699,0.022582794762545884,0.0007145998085532567,0.026731999711081412,0.0007203074010046009,0.026838543198255023,0.0006815082819782685,0.026105713588758083
2015-04-13,0.0365467740654871,0.0013356666945937,0.0007192777366402,0.00047994238415843214,0.021907587365075875,0.0006757923557727364,0.025996006535095664,0.0006611804809271858,0.025713429972043515,0.0006551942729758758,0.025596762939400674
2015-04-15,-0.0250931725696961,0.0006296673096125,0.0007031257462754,0.0005312858427845518,0.02304963866928399,0.0008984080324733739,0.029973455464350016,0.0007710918232063573,0.027768540170602367,0.0007759047222029045,0.027855066365078087
2015-04-16,-0.007231166122026,5.2289763484336666e-05,0.0004228741581038,0.0005371887307942316,0.02317733226223915,0.0009151859489142991,0.03025204040910793,0.000938838428619065,0.03064047043730016,0.0008897013090855461,0.029827861289162958
2015-04-17,0.0027276493059731,7.440070736375887e-06,0.000157883371126,0.0005080947927556379,0.022540958115298423,0.0008182014594812151,0.028604221008117228,0.0008684867983180432,0.029470100073091764,0.0008079746669785779,0.02842489519731916
2015-04-20,-0.0011680934149958,1.364442226156671e-06,0.0002199117478357,0.00047805550943448214,0.02186448054344036,0.0007448343055944472,0.027291652672464656,0.0007575917569513718,0.027524384769715957,0.0007390463446929591,0.027185406833317008
2015-04-21,0.0146182517946335,0.0002136932855313,0.0005742521506161,0.00044945404540198253,0.02120033125689272,0.00069455387099908,0.026354389975848047,0.0006725020696432158,0.02593264486401678,0.0006919661795973831,0.02630525003867827
2015-04-22,0.0137257659807623,0.0001883966517586,0.0003082221087274,0.00043530839980974187,0.02086404562422499,0.0007006742851071479,0.026470252834212747,0.0006650424353131936,0.025788416688761518,0.0006822868950353071,0.026120622026194307
2015-04-23,0.0187566345325416,0.0003518113389873,0.0002726231073726,0.00042049369492667645,0.020505942917278308,0.0007000322177221894,0.026458121961359795,0.0006547885050152736,0.025588835554109797,0.0006730612103686732,0.02594342325848062
2015-04-24,-0.018680741753631,0.0003489701124658,0.0002951558580534,0.0004163727535703158,0.020405213882003684,0.0007302322568403076,0.027022809936057865,0.0006711670074432341,0.025906891118836203,0.0006840763950674389,0.026154854139670496
2015-04-27,-0.0095113137093727,9.046508847810284e-05,0.0006289411126657,0.00041232859510404807,0.020305875876308513,0.0007499278181208895,0.027384809988767304,0.0007789606471244705,0.027909866483458327,0.0007503369051634965,0.027392278203236337
2015-04-28,-7.653726659414501e-05,5.857953177703226e-09,0.0002378697308196,0.00039301678470649124,0.019824650935300003,0.000714666361445661,0.026733244499043903,0.0007690957395317716,0.027732575421907206,0.0007241128252143238,0.026909344570507913
2015-04-29,0.0353787661784415,0.0012516570963088,0.0006837539869455,0.00036943612910129243,0.019220721347059076,0.0006740926035353271,0.025963293387691152,0.000671337549323609,0.025910182348328023,0.0006814815009915214,0.026105200650282722
2015-04-30,-0.0048826519672556,2.3840290233344992e-05,0.0002613619600223,0.0004223693871337451,0.020551627359743196,0.0008815229522220072,0.029690452206425,0.0007730225149623678,0.027803282449422546,0.0007848290727093067,0.028014800957874154
2015-05-04,0.0483519749952101,0.0023379134859374,0.0013171792145682,0.0003984576413197211,0.019961403791309895,0.0007903213328116896,0.028112654318148075,0.0007187871350408485,0.02681020580004653,0.0007291451258369689,0.0270026873817583
2015-05-05,0.0110328119613912,0.0001217229397754,0.0003666170056039,0.0005148249919967833,0.02268975522117379,0.0011629790181343627,0.03410247818171522,0.0008906616372435465,0.0298439547855767,0.0009318430611632017,0.030526104585472443
2015-05-06,-0.0528061366406473,0.0027884880669107,0.0010330978479525,0.0004912388688635013,0.02216390915121927,0.0009971887171698775,0.031578295032662504,0.000815917297011179,0.028564266085638872,0.0008349860411874392,0.02889612502027632
2015-05-07,-0.0436719030200741,0.0019072351133947,0.0014521611844419,0.0006290738207463341,0.02508134407774699,0.001385994405643084,0.03722894580354222,0.0013977561908362233,0.03738657768285596,0.0015233657668218448,0.03903031855906181
2015-05-08,0.0517435832665302,0.0026773984092603,0.0008157325795076,0.0007057634983052396,0.026566209709050322,0.0014812379459146993,0.038486854196136885,0.0017252899684041933,0.04153660997727419,0.001747109785975422,0.04179844238695291
2015-05-11,0.0330656313999927,0.0010933359798801,0.0003378188684416,0.0008240615929625461,0.028706473015028267,0.0016893902312143647,0.04110219253536683,0.001699412251355751,0.041223928140774635,0.0016569391173792696,0.04070551703859404
2015-05-12,-0.0485322432100141,0.0023553786309959,0.0010558770014117,0.0008402180561776043,0.028986515074730945,0.0015318982522401039,0.03913947179306466,0.0015422289059242823,0.03927122236351044,0.0014285610684013925,0.037796310248506965
2015-05-13,0.0695913546857657,0.004842956647,0.0017378192104066,0.0009311276906667057,0.030514384979329106,0.001662964023155187,0.04077945589577167,0.001924920254017467,0.04387391313773444,0.0018061567706772696,0.04249890317028511
2015-05-14,0.0208963600200981,0.0004366578620895,0.0008671503017782,0.0011658374280467062,0.03414436158499242,0.002217018723648709,0.04708522829559934,0.0019913426131530046,0.044624462048892026,0.0019256681072801487,0.043882435065526484
2015-05-15,0.0016936154831369,2.868333404721204e-06,0.0001768448021534,0.001122086654089277,0.033497561912612044,0.0017622197229081816,0.0419788008750629,0.0016587647321234908,0.0407279355249378,0.0015411445877387662,0.039257414430127285
2015-05-18,0.0471320872885338,0.0022214336521739,0.0012134949082282,0.0010549335548482035,0.03247974068320441,0.0013762848381299222,0.037098313143995136,0.0013077523285633425,0.036162858412511344,0.0012349726739055912,0.03514217799035215
2015-05-19,-0.0055685866590162,3.100915737897346e-05,0.0002179255152982,0.0011249235606877496,0.03353988015315126,0.0015336271366966506,0.03916155176568787,0.0013543095064528642,0.03680094436903575,0.0012620211502312104,0.03552493701938415
2015-05-20,0.0134152532162584,0.0001799690188563,0.0001083946757631,0.001059288696489223,0.03254671560218055,0.0012284472070428927,0.03504921121855516,0.0011528951768066252,0.033954310135925675,0.0010542101877646832,0.03246860310768979
2015-05-21,0.0,0.0,0.0001167978852413,0.0010065295158312494,0.031725849331913074,0.0010519571088089253,0.032433888277678416,0.001023216433596905,0.03198775443192137,0.0009239900532340188,0.03039720469441259
2015-05-22,0.0181569395557532,0.0003296744540312,0.0002199125990252,0.0009461377448813744,0.030759352153148064,0.0009000102831238389,0.030000171384907768,0.0008569456834830266,0.02927363461347133,0.0008168112795078562,0.02857991041812161
2015-05-25,-0.0106891277801672,0.0001142574527007,0.000167029760617,0.0009091499474303684,0.03015211348198279,0.0008600291256041869,0.029326253180455678,0.0008277131716358287,0.028770004720816936,0.0007790672851146716,0.027911776817584933
2015-05-26,0.0091150490980016,8.308412005898026e-05,0.0002052173762371,0.0008614563977465908,0.029350577468707336,0.0007928722753599307,0.028157987771854912,0.0008195121565053115,0.02862712274234544,0.000750108127914118,0.027388101940698958
2015-05-27,-0.0037879288187854,1.4348404736185509e-05,9.67737414383118e-05,0.0008147540610853342,0.02854389709001443,0.0007420472687176011,0.027240544574541847,0.0007522823348669182,0.027427765765131475,0.0007078568481618796,0.026605579267549872
2015-05-28,-0.0734755711877727,0.0053986595613694,0.0036397154473995,0.0007667297217043851,0.027689884826491876,0.000695120787934468,0.026365143427155256,0.0006925246532379082,0.02631586314825923,0.0006744191348219035,0.025969580951988876
2015-05-29,-0.0391499471354596,0.0015327183607092,0.0022170996075711,0.0010446455120842895,0.03232097634794298,0.0016729129697437557,0.04090125877945269,0.0017210639004420528,0.04148570718261957,0.0021324310462234024,0.04617825295767914
2015-06-01,-0.1094907180025478,0.0119882173287134,0.0070878617601256,0.0010739298830017893,0.03277086942700467,0.0016032186037537415,0.040040212334024175,0.0018984904010215231,0.0435716697066055,0.002056501433769715,0.04534866518178584
2015-06-02,0.0062204881080672,3.8694472302606576e-05,0.0009063812063619,0.001728787129744489,0.041578686003101266,0.003516293329027945,0.0592983417055481,0.0036898277905408937,0.06074395270758147,0.004880287967081714,0.06985905787427793
2015-06-03,-0.4901942833222912,0.2402904354018546,1.023637286741574,0.001627381570297976,0.04034081767017094,0.0025578859768897,0.050575547222839815,0.0026281884423146086,0.05126586039768189,0.003499599427136466,0.059157412275525255
2015-06-04,0.0601153557182377,0.0036138559931302,0.0027907663454476,0.015947164800191392,0.1262820842407639,0.04694821183262194,0.21667536046496366,0.06612047556570368,0.2571390199205552,0.06863904268901024,0.26199053931203364
2015-06-05,-0.0112166723152486,0.0001258137378276,0.0020063845657341,0.015207166271767722,0.12331733970438918,0.03231889038180601,0.1797745543223679,0.03210567048890936,0.17918055276427003,0.047046551231005033,0.21690216972406023
2015-06-08,-0.1444366293399205,0.0208619398950775,0.0110485232836645,0.014302285119731317,0.11959216161492908,0.021866317472102034,0.14787263936273687,0.016904523232368858,0.13001739588366187,0.03207973051772821,0.17910815313024755
2015-06-09,0.0049998000403479,2.4998000443463564e-05,0.0013203453619115,0.014695864406252092,0.12122650042895775,0.018751874691613515,0.13693748461109367,0.014360566673297123,0.11983558183318142,0.027648410825833664,0.16627811288871924
2015-06-10,0.0034852966997506,1.2147293085292591e-05,0.0004031918334256,0.013815612421903573,0.11753983334131274,0.012760175956161681,0.11296094881047025,0.008344093503106819,0.09134600978207433,0.01891382422333705,0.1375275398723363
2015-06-11,-0.0272058993179272,0.0007401609576971,0.0011878622035881,0.012987404514174475,0.1139622942651405,0.00874450194238219,0.09351204169721775,0.005231589821924014,0.07232972986209761,0.012998517750721266,0.1140110422315368
2015-06-12,-0.04118355025696,0.0016960848117675,0.0006227312968492,0.012252569900785838,0.11069132712541592,0.006191243723533562,0.07868445668322024,0.003997818339507515,0.06322830331036501,0.009195682440517761,0.09589412099038064
2015-06-15,0.0668973015977412,0.0044752489610591,0.0058979106236565,0.01161918079544474,0.1077923039713167,0.00466023682322439,0.06826592724942941,0.0035134013695204687,0.05927395186353335,0.006883759987207193,0.08296842765297649
2015-06-16,-0.0370132453313511,0.0013699803299587,0.0018426861269078,0.011190544885381603,0.10578537179299226,0.00415568245683882,0.06446458296490268,0.003060916037144741,0.05532554597240538,0.0053247326918982665,0.07297076600871247
2015-06-17,0.0249949983656727,0.0006247499432999,0.0009809149978704,0.010601311012056233,0.10296266805039696,0.0032356849016322146,0.05688308097872525,0.0028118406135746554,0.053026791469734005,0.004173169394596896,0.06460007271355735
2015-06-18,0.0040220777850422,1.6177109708930753e-05,0.0003716192722692,0.010002717347930857,0.1000135858167822,0.002479782239246244,0.049797411973377136,0.002232011564928884,0.04724416963953207,0.0030827344096305428,0.05552237755743663
2015-06-19,-0.0279844107062266,0.0007831272425747,0.0007860946149108,0.00940352493363754,0.09697177390167482,0.0018594058329439924,0.04312082829612614,0.0017013506119677039,0.041247431580253624,0.0022801466820842596,0.0477508814796571
2015-06-22,0.0097562069722884,9.518357448612904e-05,0.0003055467137909,0.008886301072173773,0.0942671791885902,0.001587630565033341,0.039845082068347415,0.001704175874120569,0.04128166510838158,0.001950382801391968,0.04416313849118932
2015-06-23,0.0252282210552156,0.0006364631376108,0.00056941837827,0.008358834022312514,0.09142665925381127,0.001276647648242223,0.03573020638398585,0.001388755799158051,0.03726601399610711,0.0015218079882149574,0.039010357447926025
2015-06-24,-0.0324078028846682,0.0010502656878115,0.000668609111684,0.007895491769230411,0.08885657977454686,0.001169806248208959,0.03420243044301032,0.0012664099388952732,0.03558665394351193,0.0012888075909414157,0.03589996644763635
2015-06-25,-0.0276562318500396,0.0007648671601431,0.0004882887468147,0.007484778204345276,0.08651461266367247,0.0011758056866528965,0.03429002313578829,0.0014411840257838706,0.037962929625937336,0.0013526356810815536,0.0367781957290125
2015-06-26,-0.0015886217143926,2.5237189514399725e-06,0.0004710492306127,0.007081583541693148,0.0841521451995916,0.0011263296479659143,0.03356083503081999,0.001505462220329333,0.03880028634339357,0.0013173691320911196,0.036295580062744824
2015-06-29,-0.0323130710139586,0.0010441345583531,0.0003137533692303,0.006656839952328645,0.08158945981147715,0.0009502983667388444,0.0308269097825073,0.0012120440648704192,0.03481442323047187,0.0010838514721200317,0.032921899582497235
2015-06-30,-0.0054884203546585,3.0122757989430273e-05,0.0007369484932997,0.006320077628690114,0.0794989158963197,0.0010276291679863312,0.0320566555957781,0.0013968993263559902,0.03737511640591893,0.0012121794919915103,0.034816368161994016
2015-07-01,0.0087671527044079,7.686296654240806e-05,0.0001619599388382,0.005942680336448073,0.07708878216996344,0.0008893614700264389,0.029822164073494715,0.0011820008816781095,0.03438023969779893,0.001020220013637057,0.031940883106718526
2015-07-02,-0.0038261394223486,1.463934287925064e-05,0.0002899889094323,0.005590731294253732,0.07477119294389874,0.0008055100621435534,0.028381509159020303,0.0010179673279908275,0.03190560026062552,0.0008900850519768925,0.02983429322066961
2015-07-03,-0.0032914036631055,1.0833338073504522e-05,0.0003467414794201,0.005256165777171263,0.07249941915057846,0.0007376829697959593,0.02716031976608448,0.0008918558659033886,0.029863955965400642,0.000797880860135424,0.028246784952192773
2015-07-06,-0.0027510815304603,7.568449587239854e-06,0.0001670017809193,0.004941445830825397,0.0702954182776189,0.0006915387053904699,0.02629712351932184,0.0007932649839223567,0.0281649602151744,0.0007344053031990521,0.027099913343017392
2015-07-07,0.0142235851928696,0.0002023103757388,0.0005098076890735,0.004645413187951108,0.06815726804935118,0.00066001911707308,0.02569083722016626,0.0007140398748658543,0.026721524561032335,0.0006905299206491402,0.02627793600435811
2015-07-08,-0.0286521541057894,0.0008209459349019,0.0002238252213975,0.004378827019218371,0.06617270599891145,0.0006754091717945267,0.02598863543540766,0.0006960050428293123,0.026381907490348615,0.0006801120563259954,0.026078958114272806
2015-07-09,-0.0056054102776579,3.142062438087378e-05,0.0002588048467599,0.004165354154159383,0.06453955495786583,0.0008016732186699184,0.02831383440422576,0.0009197749716813746,0.03032779206736578,0.0008774431398763324,0.029621666730221857
2015-07-10,0.0072809826789814,5.30127087716284e-05,0.0001992533640231,0.003917318142372672,0.06258848250575079,0.0007382584831360685,0.027170912445776796,0.0008373274721717114,0.028936611276576797,0.0007939361149223031,0.028176871986121937
2015-07-13,0.0116505560366073,0.0001357354559621,0.0002150573766964,0.0036854598163566094,0.060707988076995345,0.0006998301974778515,0.026454303949978563,0.0007566639241831047,0.027507524864718465,0.0007343551055142064,0.027098987167682234
2015-07-14,-0.0138852493342483,0.0001928001490742,0.0005097486766676,0.00347247635473294,0.058927721445283625,0.0006895961426116946,0.026260162653945894,0.0007166079693660255,0.02676953435093755,0.0007027525174587585,0.02650947976590183
2015-07-15,-0.0033615565614677,1.1300062515947084e-05,0.000115531962473,0.003275695782393418,0.05723369446745001,0.0006934374128416291,0.026333199821549018,0.0007646136842865691,0.0276516488529449,0.0007200362387045354,0.026833490989890515
2015-07-16,-0.0011228676265833,1.260831706828879e-06,0.0003676373781429,0.0030798320392007696,0.05549623445965293,0.0006619903249280569,0.025729172643675444,0.0006979785398025665,0.026419283483898017,0.0006818271912168376,0.026111820909634733
2015-07-17,-0.0045043731637396,2.0289377598217523e-05,0.0001094621291505,0.002895117766751133,0.05380629857880147,0.0006390451997546231,0.025279343341048695,0.0006268208362623258,0.0250363902402548,0.0006531961677856598,0.02555770270947019
2015-07-20,-0.0073632952749038,5.421811730542073e-05,0.000133846931913,0.002722628063401958,0.05217880856633235,0.0006272431271345225,0.02504482236180809,0.0006013344195373898,0.024522121024442192,0.0006390436173544459,0.025279312042744476
2015-07-21,-0.0376530071364432,0.001417748946417,0.0007778207185612,0.0025625234666361656,0.050621373614671554,0.0006256975789030651,0.02501394768730168,0.0006066905992269238,0.024631090094166027,0.000638791503408503,0.025274324984230597
2015-07-22,0.0017692806901594,3.1303541605710767e-06,0.0001211485415179,0.002493836995423018,0.049938331924715085,0.0008802396590802876,0.029668833126368276,0.0009628431887479215,0.031029714609514564,0.0010135831975949393,0.03183682141161299
2015-07-23,-0.0035416972835922,1.2543619648604752e-05,0.0002342136252018,0.002344394596947271,0.04841894873855969,0.0007855799515938559,0.02802819922138873,0.000822184015534012,0.028673751333475918,0.0008778030026146368,0.029627740423708266
2015-07-24,0.0094176060863787,8.869130439819833e-05,0.000412116221677,0.002204483538309351,0.04695192795093031,0.0007239408790881696,0.026906149466026714,0.0007434028099685253,0.02726541417196015,0.0007889887106556774,0.028088942854007117
2015-07-27,-0.0516944482192283,0.0026723159766904,0.0009941343826343,0.002077536004274682,0.04557999565900245,0.0006969277248352276,0.026399388720862983,0.000695436383468824,0.026371127838392197,0.0007347741164345468,0.027106717182915137
2015-07-28,-0.0086741406452379,7.524071593336875e-05,0.000210218977544,0.0021132228026196293,0.04596980316054909,0.00116310326801657,0.034104299846450005,0.001269916630685921,0.03563588964353102,0.0014235684274790824,0.037730205770431235
2015-07-29,0.0172735962182266,0.0002983771263103,0.0002647901625118,0.0019909438774184532,0.044619994144088064,0.000988559411898731,0.031441364663429144,0.0011287256258622719,0.0335965121085846,0.0011757528188545705,0.034289252235278775
2015-07-30,0.0810302735174524,0.0065659052263131,0.0039665099076722,0.0018893898723519658,0.04346711253754919,0.0009134734047897177,0.030223722550171046,0.001027699030257585,0.03205774524600233,0.0010187907920257706,0.031918502346221865
2015-07-31,0.0114347533773094,0.0001307535847998,0.0002597418134541,0.002169980793589637,0.046583052643527315,0.0020379525061533068,0.04514368733448019,0.0013887580681046178,0.037266044438665845,0.0015745608299930938,0.03968073625820335
2015-08-03,-0.0273353054709012,0.0007472189251874,0.0006685893368399,0.002047627161062252,0.04525071448123501,0.0015849423667683138,0.03981133465193441,0.0011806195978296477,0.03436014548615369,0.0012711065310782243,0.035652580987611884
2015-08-04,0.1077751286812121,0.0116154783622518,0.0056817169980507,0.0019696026669097652,0.04438020580066935,0.0013970631896640618,0.037377308486086336,0.001300392434451514,0.036060954430679096,0.0012573148270733534,0.03545863543727188
2015-08-05,0.0460388975218574,0.002119580085028,0.0023861371344333,0.0025483552086302897,0.050481236203467617,0.0033083441629249448,0.05751820722975417,0.0018549472978499726,0.043069099106551705,0.0022694499381234576,0.04763874408633646
2015-08-06,-0.0386548580933416,0.0014941980542163,0.0007276453235838,0.0025226287012141573,0.0502257772584373,0.002808637478175815,0.05299657987243908,0.0017489128799629476,0.04182000573843753,0.0019516784496837623,0.044177804944154506
2015-08-07,-0.052317146226721,0.0027370837893081,0.0009212842124911,0.0024609228623942905,0.049607689549043606,0.0023567115477978523,0.04854597354876975,0.0019110897986827748,0.04371601306938654,0.0019235259660579256,0.043858020544228
2015-08-10,0.0104655991601226,0.0001095287657803,0.0011948948972916,0.0024774925180091195,0.04977441630003429,0.0022869734741268704,0.04782231146783759,0.0022808743416324433,0.0477585002029214,0.0022462504437975096,0.047394624629777476
2015-08-11,0.0130649001107621,0.0001706916149041,0.0012581325349033,0.002335414692875394,0.048326128469756334,0.0017477593360118813,0.04180621169170774,0.0017778629271039915,0.04216471187028309,0.0017236471503222983,0.04151682972388786
2015-08-12,-0.0464942714507409,0.0021617172777351,0.0015106095282742,0.0022055313081971216,0.04696308452600959,0.0013980556455064819,0.03739058231034229,0.0014603657985316034,0.038214732741857604,0.0013762674804716239,0.037098079201915886
2015-08-13,-0.0258263119798818,0.0006669983904821,0.0019382557487114,0.0022029024663694054,0.04693508779547989,0.0015370162069192111,0.039204798263977984,0.0018238838572664847,0.042706953266025485,0.0017174945635398359,0.04144266598012049
2015-08-14,0.0303487078368693,0.0009210440673676,0.0009882137898743,0.002110748221816172,0.04594287999044218,0.0013499256788766256,0.03674133474544203,0.0017603857002559487,0.041956950559543155,0.001537491779566676,0.03921086303011802
2015-08-17,-0.0011286626310911,1.2738793348216304e-06,0.0003057862780778,0.0020393659725492608,0.04515933981525041,0.0012722294241719163,0.0356683252224143,0.001566065882224838,0.03957355028582649,0.0013294871996466298,0.03646213377802552
2015-08-18,-0.0245794381217438,0.0006041487783806,0.0008979740377148,0.0019170804469563945,0.04378447723744563,0.0010477883903157856,0.032369559624990045,0.0012480726755627054,0.03532807206121932,0.0010917125852953282,0.03304107421521474
2015-08-19,-0.0069689692999565,4.856653310373719e-05,0.0002447671318667,0.0018383045468418487,0.04287545389662772,0.001010458409359458,0.03178770846348409,0.0013145097859276979,0.03625616893616448,0.0010965087166557414,0.03311357299742421
2015-08-20,-0.0307717639242709,0.000946901455011,0.002151303513487,0.0017309202660175619,0.041604329895066954,0.0008813174845057189,0.029686991839957766,0.0011408686760502034,0.0337767475647109,0.0009469744259928252,0.030772949582268276
2015-08-21,-0.0133091782133272,0.0001771342247141,0.0003635504510717,0.0016838791373571717,0.04103509640974628,0.0009632003151812233,0.031035468663792132,0.0013178001563201014,0.03630151727297499,0.0010927653066722847,0.03305700087231576
2015-08-24,-0.1403406762356457,0.0196955054062783,0.0065431836278098,0.0015934744425985874,0.03991834719272064,0.0008737622644087646,0.02955946996156671,0.0012194912563259954,0.03492121498925826,0.0009797951715261061,0.03130168001124071
2015-08-25,0.0166786520862304,0.0002781774354135,0.0054467050840901,0.0026795963004193728,0.051764817206471164,0.004472337920929935,0.06687554052813281,0.004403550564572276,0.06635925379758482,0.006270735384373662,0.07918797499856693
2015-08-26,-0.0076099724161716,5.791168017489368e-05,0.0012348443614717,0.002535511168519021,0.05035385951959414,0.0032431368851585283,0.05694854594419886,0.00314668182204508,0.05609529233407274,0.004466330044344938,0.06683060709244633
2015-08-27,0.1028575385986164,0.0105796732465658,0.0046222756057662,0.0023868551992183734,0.04885545209307118,0.002378526660877705,0.04877014107912448,0.002363958503032352,0.048620556383410014,0.003231157885513745,0.05684327476064117
2015-08-28,-0.0344202337504629,0.0011847524914365,0.0031652573104833,0.0028784242820592233,0.05365094856625764,0.003771583481654369,0.06141321911164052,0.002626188598216551,0.05124635204789265,0.0034964718988491432,0.05913097241589337
2015-08-31,-0.0256170811367877,0.0006562348459687,0.0006704796363948,0.00277680397462186,0.05269538855176855,0.0029436950650093504,0.054255829779014074,0.002467731908327584,0.04967627107913379,0.002884367662610281,0.05370630933708144
2015-09-01,-0.0428202237113656,0.0018335715586914,0.0012409805215223,0.0026495698269026744,0.05147397232488158,0.0022901076670496902,0.04785506939760604,0.002208213861330879,0.04699163607846485,0.002324589646226815,0.04821399844678737
2015-09-02,-0.0104711974092641,0.0001096459751837,0.0007315695316447,0.002600609930809998,0.05099617564886604,0.0020730095162176,0.04553031425564291,0.0023234479185204487,0.04820215678287071,0.002269339487205156,0.04763758481708698
2015-09-03,0.0242645511573048,0.0005887684428654,0.0007678773689671,0.0024511520934724245,0.04950911121674903,0.0016044673361717617,0.04005580277777193,0.0018777836537750908,0.04333340113324929,0.001757862437632293,0.04192687011490714
2015-09-04,-0.0505725251484487,0.0025575802998904,0.0016443508945315,0.0023394090744360066,0.048367438162838505,0.001380441478578993,0.03715429286877888,0.0016048554721940303,0.0400606474260468,0.0014435955506002507,0.03799467792468112
2015-09-07,-0.0307264749368713,0.0009441162620461,0.0009879624212123,0.0023524993479632746,0.04850257052943972,0.0015994178790442151,0.039992722826086936,0.0020115171244658005,0.04484994007204247,0.0018719403921952282,0.04326592645714672
2015-09-08,0.0162125051086375,0.0002628453218975,0.0007875017305663,0.0022679963628082487,0.04762348541222333,0.0014436649640108617,0.037995591375985474,0.0019725468098575416,0.04441336296496294,0.0017182684844686661,0.04145200217683901
2015-09-09,0.0295305225665337,0.0008720517630525,0.0010101692597108,0.0021476873003536097,0.04634314728580278,0.0012116450346127713,0.034808691940559494,0.0016134350958614593,0.040167587628104566,0.0013823600136298015,0.03718010238864064
2015-09-10,-0.0135766748702865,0.0001843261005334,0.0006859908416778,0.0020711491681155467,0.045509879895639656,0.00117042544785495,0.03421148122860146,0.001456404822322609,0.03816287230178841,0.0012192766335695731,0.0349181418974374
2015-09-11,-0.0014398778680134,2.0732482747950767e-06,0.0005731290914054,0.001957939784060622,0.04424861335748977,0.001013910569697911,0.03184196240337443,0.0013234996693151143,0.03637993498228267,0.001067430241940605,0.032671550957072804
2015-09-14,0.1052164762485616,0.0110705068741641,0.0057263383108216,0.0018405877919134724,0.04290207211678094,0.0008749151545691271,0.029578964731192453,0.0010845856961988634,0.03293304869274728,0.000914500827626374,0.030240714734053063
2015-09-15,-0.0484984707641847,0.0023521016664644,0.001276428621717,0.0023943829368485124,0.048932432361865195,0.002856458900322226,0.0534458501693277,0.0016505691628701114,0.04062719732974589,0.0019797741444636083,0.0444946529873378
2015-09-16,0.0162056382974544,0.0002626227126279,0.0017076449447877,0.0023918460606254703,0.048906503254940135,0.002549546153391423,0.050493030740800485,0.0020089577228331276,0.044821398046392166,0.0021784668827275907,0.04667404935001452
2015-09-18,0.0432571385654054,0.0018711800368666,0.0008508097125217,0.002264092659745617,0.04758248269842188,0.0019523272348380043,0.044185147219829475,0.0016378934964025901,0.04047089690632752,0.0016939242136311972,0.04115731057335011
2015-09-21,0.0402316773269153,0.001618587860537,0.0026793236921448,0.0022405179023728813,0.047334109291005795,0.0018538119981420316,0.04305591710952203,0.001571648025182827,0.03964401625949151,0.0015357670414249906,0.039188863742458654
2015-09-22,-0.0344752362372536,0.0011885419136144,0.002302190412546,0.00220320209986273,0.04693827968580368,0.0017404807375399575,0.04171906923146725,0.001501460168035085,0.03874867956505208,0.0014020016151677053,0.03744331202187789
2015-09-23,0.0202026041050253,0.0004081452126243,0.0014642252532257,0.0021423224886878327,0.046285229703306355,0.0015839640868228878,0.039799046305444154,0.0016551525530111996,0.040683566129472964,0.0014673013420651495,0.03830536962444234
2015-09-24,0.0037429673843916,1.4009804840619383e-05,0.0004276059696544,0.0020382718521240258,0.045147224190685585,0.0013328526839455036,0.036508255010962984,0.0014228598883886804,0.037720815054670814,0.0012277852045947926,0.0350397660465191
2015-09-28,0.0006226029717642,3.876344604497241e-07,0.0005425812932648,0.0019168161292870214,0.04378145873868322,0.0010907813022031229,0.03302697839953154,0.0011589580779931892,0.03404347335383376,0.0010239825133375295,0.031999726769732416
2015-09-29,-0.0163115348979103,0.0002660661707257,0.0015480689250696,0.001801830419597427,0.04244797309174405,0.0009260875504092926,0.03043168661788716,0.0009569938262076601,0.03093531681117328,0.0008845543781117726,0.029741458910278303
2015-09-30,0.0225148180401727,0.000506917031382,0.0004260062963234,0.001709684564665126,0.04134833206630137,0.0008655731899425571,0.029420625247308343,0.0009832965029537377,0.03135755894443536,0.0008632769872912218,0.0293815756434406
2015-10-01,-0.003717637317373,1.3820827223524326e-05,0.0005797287172671,0.0016375185126681435,0.0404662638832416,0.0008701849827377179,0.02949889799192027,0.0009488795474155018,0.030803888511282174,0.0008292502369650847,0.028796705314412006
2015-10-05,0.0208855322025222,0.0004362054553825,0.0002038600100568,0.0015400966515414663,0.03924406517604243,0.000780849085950545,0.0279436770298854,0.0008398677339374267,0.028980471596187433,0.0007564661886464941,0.027503930421786886
2015-10-06,0.0228375028072395,0.0005215515344706,0.0007667552261559,0.0014738631797719338,0.0383909257477849,0.0008001823912370799,0.028287495315723516,0.0008291622726312692,0.028795177940607854,0.0007494622461096559,0.027376308116867327
2015-10-07,0.0082840296073751,6.862514653586763e-05,0.0002399445158837,0.001416724481053858,0.03763940064684689,0.0008291290074389677,0.0287946003174027,0.0008314135850153617,0.028834243271072015,0.0007537352530414996,0.02745423925446669
2015-10-08,-0.0082840296073751,6.862514653586734e-05,0.0005260554037336,0.0013358385209827784,0.036549124763566886,0.0007636220231241772,0.02763371171457387,0.0007571759078502827,0.0275168295384894,0.0007087853605224512,0.026623023128909518
2015-10-09,-0.0023795251474748,5.662139927465297e-06,0.0007520977657748,0.0012598057185159637,0.035493741962717366,0.0007197451663300256,0.0268280667646781,0.0007396432833374151,0.02719638364447404,0.0006899735673614384,0.026267347931632504
2015-10-12,0.0252880280600684,0.0006394843631668,0.0008043875914819,0.0011845571038006535,0.03441739536630646,0.0006785546100198941,0.026049080790306097,0.0006698676335675165,0.025881801204079992,0.0006599221877084279,0.025688950693020296
2015-10-13,-0.0122699879600555,0.0001505526045399,0.0002399445158837,0.0011518527393626226,0.03393895607355392,0.0007697672786551404,0.02774468018657163,0.0007168168073350483,0.026773434731745725,0.0007055674876369516,0.02656252035551129
2015-10-14,-0.002944059089023,8.667483919659053e-06,0.0005509349885156,0.0010917747312732596,0.03304201463702326,0.0007392175916910786,0.027188556263455378,0.0007479102527661878,0.027347947871205765,0.0007103243690419476,0.02665191117053236
2015-10-15,0.131834898703938,0.0173804405162776,0.0073898508197389,0.0010267882964320435,0.032043537514326405,0.0006921606386062608,0.026308945980526487,0.0006813510636643536,0.026102702229163048,0.0006745276080783392,0.02597166933561143
2015-10-16,-0.0067407943931184,4.5438309050296694e-05,0.0019327577367376,0.0020080074296227775,0.044810795904812684,0.003916769580267043,0.06258410005957618,0.0015740960030546864,0.03967487874026443,0.0024838189166114643,0.04983792648788134
2015-10-19,-0.0247577137563395,0.0006129443904408,0.0003517175598273,0.0018902532823884286,0.04347704316519729,0.0028273907240997844,0.05317321434801346,0.0013208472589155387,0.03634346239580839,0.0018854238731847456,0.04342146788381003
2015-10-20,0.023716444133329,0.0005624697223293,0.00074041062624,0.0018136147488715733,0.042586555963960895,0.0022040922545287236,0.04694776091070504,0.0013726580533381047,0.03704940017514595,0.0016363275999265409,0.04045154632305842
2015-10-21,-0.024250032664447,0.0005880640842267,0.0012341550457023,0.001738546047279038,0.0416958756626964,0.001777143424216359,0.042156178956546324,0.0012450707472413558,0.03528556003865258,0.001358529687221689,0.03685823771182894
2015-10-23,0.0037283094414214,1.3900291290992037e-05,0.0003017919189291,0.0016695171294959005,0.040859725029616885,0.0014959686335303966,0.03867775372911923,0.0013076791945974334,0.036161847223246675,0.0012727400692263083,0.03567548274692731
2015-10-26,-0.0258496093728364,0.0006682023047282,0.0005716558529373,0.0015701801192036058,0.03962549834643857,0.00120001653222856,0.03464125477272092,0.001078721451585665,0.03284389519508405,0.0010544086512664491,0.03247165920100864
2015-10-27,0.0016354333436846,2.6746422216354004e-06,0.0001391298537246,0.0015160614503350834,0.03893663378278974,0.0011244275221052931,0.03353248457996057,0.0011996381172903916,0.03463579243052469,0.0010888655624769423,0.032997963004963535
2015-10-28,-0.0076546132714639,5.8593104335672615e-05,0.0003877869169753,0.0014252582418482766,0.03775259251824008,0.0009490526034789463,0.030806697380260453,0.0009911840070043988,0.03148307492930763,0.0009287264899727246,0.030475014191509813
2015-10-29,0.0005489715840526,3.013698000972494e-07,0.0001640917037719,0.0013432583335975202,0.036650488858915926,0.0008420669734883287,0.029018390263560945,0.0009123059473949548,0.030204402781630276,0.0008361309257335631,0.028915928581554545
2015-10-30,0.0136202900011372,0.000185512299715,0.00048530043988,0.0012626809157696747,0.0355342217555088,0.0007594814656156117,0.027558691289965343,0.0007792336257414134,0.027914756415584455,0.0007573561078000161,0.027520103702566533
2015-11-02,-0.0442550277557985,0.0019585074816664,0.0011770434084957,0.0011980507988063988,0.03461287042136781,0.0007388808806599947,0.027182363411962448,0.0007439447004394623,0.02727534968500793,0.0007235838387998955,0.02689951372794489
2015-11-03,0.0,0.0,0.0003730489495219,0.0012436781997780047,0.03526582197791517,0.0010574089365020683,0.032517824904228575,0.001187619117202029,0.0344618501709068,0.0012196989551807984,0.03492418868321494
2015-11-04,-0.0368703485598571,0.0013594226029253,0.0010701273294742,0.0011690575077913244,0.03419148297151389,0.0009036619405075606,0.03006097038532789,0.000973897288299783,0.031207327477689964,0.001017027667136392,0.03189087121946329
2015-11-05,-0.0437852719226201,0.0019171500373377,0.0009217141590033,0.0011804794134993664,0.03435810549927581,0.0010554888063229531,0.032488287217441195,0.0012713798266563475,0.03565641354169468,0.0012536371535926637,0.03540673881611612
2015-11-06,-0.0311356071071586,0.0009694260299313,0.0010861469080083,0.0012246796509296715,0.03499542328547651,0.0012617223214353099,0.03552073086854084,0.001626068802873521,0.04032454343044098,0.0015672104809855674,0.039588009308192895
2015-11-09,0.0050472123929436,2.5474352939484293e-05,0.0016166059945725,0.001209364433669772,0.03477591743821825,0.0012222190514191579,0.03496024959034414,0.0016970028232519204,0.041194694115285285,0.0015189042456970545,0.0389731220932716
2015-11-10,-0.0404549830577104,0.0016366056541996,0.0007936344638563,0.0011383310288259547,0.03373916164972027,0.0010188273147587446,0.031919074465885516,0.001354208378027334,0.036799570351124126,0.0012223022427602364,0.03496143936911403
2015-11-13,-0.0112029359312675,0.00012550577348,0.0006026257313074,0.0011682275063483755,0.03417934326970569,0.0011845816607701299,0.034417752116751174,0.001636865920972937,0.04045819967538023,0.0014688465330877556,0.038325533696059025
2015-11-16,0.0216333198444264,0.0004680005274912,0.0007552300287612,0.001105664202376278,0.033251529323871376,0.001012367305354509,0.03181771998988157,0.0014210768227521204,0.03769717260952233,0.001220231956772147,0.03493181868686695
2015-11-17,0.038796541139179,0.001505171604364,0.0011518598045552,0.0010674043818831764,0.03267115519664367,0.0009612138797321894,0.031003449481181757,0.001266679741830651,0.03559044452982642,0.0010668238713595376,0.03266226984395815
2015-11-18,-0.0278322350405039,0.0007746333073498,0.0004873661809642,0.0010936704152320262,0.03307068815782378,0.0011213562203890046,0.03348665734869643,0.0012655145218167436,0.03557407091993751,0.0010725127927826603,0.0327492411023929
2015-11-19,0.0,0.0,0.0004333653272504,0.0010745281887590958,0.03277999677789941,0.0010916897094986572,0.03304072804129257,0.00137357052691303,0.037061712412043646,0.0011303912358509376,0.0336212914066509
2015-11-20,0.0032019897036866,1.0252738062515051e-05,0.0003957306155646,0.00101005649743355,0.03178138602127903,0.0009266233481085595,0.030440488631238487,0.0011034541684119277,0.03321828063599812,0.0009565598596613702,0.030928301920108228
2015-11-23,0.0133380181848614,0.0001779027290996,0.0003544893609327,0.0009500682718712878,0.030823177510946008,0.0008179829482117842,0.028600401189699844,0.0009311891812281683,0.030515392529478765,0.0008399464082983059,0.02898182893294186
2015-11-24,0.004406339367194,1.9415826618884388e-05,0.0003106837443135,0.0009037383393049922,0.030062241089196796,0.0007766391009981534,0.02786824538786311,0.0008585922692190456,0.02930174515654393,0.0007786996603115829,0.027905190562180056
2015-11-26,0.0369957595362751,0.0013686862236658,0.000978229813646,0.0008506789885438256,0.029166401707166854,0.0007192403710595178,0.026818657144971256,0.0007584409462556878,0.027539806576221407,0.0007204900505915348,0.026841945730358946
2015-11-27,-0.0042463132137624,1.8031175909373823e-05,0.0002546544133689,0.0008817594226511494,0.0296944342032501,0.0009336988076920541,0.030556485525859385,0.000854799007700093,0.029236945936607212,0.0008236025855110265,0.028698477059088456
2015-11-30,0.0018220819157431,3.3199825076782745e-06,0.0001812692002437,0.0008299357278466427,0.028808605100675087,0.0008241800948550938,0.028708536968210237,0.0007748517657047928,0.02783615932029404,0.0007538001381165127,0.02745542092404545
2015-12-01,-0.010982449158814,0.0001206141895259,0.0002048579052215,0.0007803387831263048,0.027934544619991657,0.0007480665605006425,0.02735080548175213,0.0006833853857361128,0.02614164083863354,0.0007019310482631621,0.02649398135922878
2015-12-02,0.0218455064711285,0.0004772261529801,0.0008451189750145,0.0007407553075102825,0.027216820304919575,0.000719070766028299,0.026815494886880217,0.0007077971672395423,0.026604457657308903,0.0006996293600265095,0.026450507746100253
2015-12-03,-0.0286170353904703,0.0008189347145394,0.0003369433409986,0.0007249435582384726,0.026924775918073535,0.0007664918413187665,0.02768558905493554,0.0007296440932697653,0.0270119250196976,0.0007153126419926347,0.026745329349115048
2015-12-04,-0.0243836618642494,0.00059456296591,0.001028315826368,0.0007305830276165301,0.02702929942888883,0.0008623037993970304,0.029365009780298566,0.0009484291468244891,0.03079657686861462,0.0009007234181100124,0.030012054546631965
2015-12-07,0.0037902571448661,1.4366049224208898e-05,0.0001731431451731,0.0007224218239141412,0.02687790586921052,0.0008844232970802568,0.029739255153420654,0.001075991285951007,0.03280230610720848,0.0009645591513931465,0.0310573526140453
2015-12-08,-0.0392207495965368,0.0015382671989142,0.0009078728091737,0.0006799384774327453,0.026075629952749854,0.0007904881647169812,0.028115621364589848,0.000914569562976624,0.030241851183031503,0.0008457970021651171,0.02908258933047601
2015-12-09,-0.0125371699483852,0.0001571806303146,0.0006275955676027,0.0007314382007216351,0.027045114174682923,0.0010132067773973015,0.031830909151284094,0.0012571235343511226,0.03545593792795676,0.0011868827043231363,0.03445116404888427
2015-12-10,0.0019898009053617,3.9593076429783255e-06,0.0001414362251463,0.0006969827464972186,0.026400430801356605,0.0009035167466038747,0.030058555298015818,0.0011654914815790037,0.03413929527068483,0.0010380323674478201,0.03221850970246483
2015-12-11,-0.0350675791610266,0.0012297351082148,0.0013256019191894,0.0006554013401659641,0.025600807412383776,0.0008013264211130707,0.028307709570240237,0.0009689409318701342,0.031127816047229112,0.0008944444281123267,0.029907263801831264
2015-12-14,0.0297521703350428,0.0008851916396454,0.0009901736165877,0.0006898613662488983,0.02626521209221236,0.0009626356941093742,0.031026370946492826,0.0012403844439586652,0.03521909203768128,0.00113497615974906,0.03368940723356616
2015-12-15,0.0455807653821715,0.0020776061728245,0.000556218285789,0.0007015811826526885,0.026487377798730633,0.001006100842467453,0.03171909271192121,0.00118646257666025,0.034445066071358464,0.0010531677878359376,0.03245254670801565
2015-12-16,-0.0115236639620866,0.000132794831111,0.000272143733349,0.0007841426820630011,0.028002547778068355,0.0012587176071127207,0.035478410436668675,0.0012504502803452227,0.03536170641167113,0.0011237334198116592,0.03352213328252931
2015-12-17,0.0304396447718202,0.0009265719738346,0.0010503314402972,0.0007450618110058866,0.027295820394446592,0.0010633901229602162,0.03260966303046102,0.0011483460554496344,0.033887255059234796,0.00098856977753236,0.03144152950370513
2015-12-18,0.0006245468584263,3.9005877837022963e-07,0.0005743576268457,0.0007559524207756094,0.02749458893629089,0.0010813428286861413,0.03288377759148333,0.001121779539477561,0.03349297746509798,0.0009584110841845483,0.030958215132409494
2015-12-21,0.0167135303086608,0.0002793420953785,0.0004618448915259,0.000710618679055775,0.026657431966635028,0.0009197660751004936,0.030327645393279274,0.0009306377519976545,0.030506355927866154,0.0008401580178256195,0.028985479430666997
2015-12-22,-0.0018435312510353,3.3986074735439767e-06,0.0003613426809359,0.00068474208403514,0.02616757696148308,0.0008638274497369384,0.029390941627258874,0.0008763629957110294,0.029603428783014803,0.0007895580682929578,0.028099075933079327
2015-12-23,0.0128325970841886,0.0001646755479251,0.0001819286442658,0.0006438614754414442,0.02537442561796117,0.0007746372647755768,0.027832306134698517,0.000767688057263708,0.027707184217522142,0.0007267256649887001,0.026957849784222408
2015-12-24,0.0228101703516917,0.0005203038714731,0.0005668766134185,0.000615110319790465,0.02480141769718951,0.0007451267033399953,0.027297009054839606,0.000731030251746956,0.027037571114043434,0.0007006438008827673,0.026469677007526313
2015-12-28,-0.0029718842189677,8.832095810949518e-06,0.0003451880198395,0.0006094219328914288,0.02468647267009665,0.0007920186141735003,0.028142825269924485,0.0007533699022183741,0.02744758463359525,0.0007205498308518671,0.02684305926774866
2015-12-29,-0.002383779449299,5.682404462900715e-06,0.0001394205314907,0.0005733865426666,0.02394549107173624,0.0007275578426073996,0.02697328016032532,0.0006857773252067599,0.026187350480847808,0.000681496255068125,0.026105483237590623
2015-12-30,-0.0047846741400732,2.2893106626685677e-05,0.0002468400052641,0.0005393242943743779,0.023223356656055946,0.0006837913721706582,0.02614940481484537,0.0006285802130925307,0.02507150201109879,0.000654188004666386,0.025577099223062533
2015-12-31,0.0,0.0,0.0001690311561322,0.0005083384231095163,0.022546361637956494,0.0006577023411780527,0.02564570804594899,0.0006052241824190233,0.02460130448612478,0.0006404311719955801,0.025306741631343617
2016-01-01,0.0772717221809791,0.0059709190488144,0.0033641808999938,0.0004778381177229453,0.021859508634069186,0.000635936762403919,0.02521778662777364,0.0005459439127059564,0.0233654427029739,0.0006248213376840318,0.024996426498282345
2016-01-04,-0.0570928416421973,0.003259592566781,0.0028276535421831,0.0008074229735884339,0.028415189135186727,0.001740534348945836,0.04171971175530622,0.0009352087702377636,0.030581183270726522,0.0012449659834181984,0.03528407549331849
2016-01-05,0.0403046989957501,0.001624468761138,0.001393612880332,0.000954553149179989,0.030895843558316854,0.001972193289702465,0.04440938290161737,0.001582140488797977,0.0397761296357247,0.0019305027134508784,0.04393748642618144
2016-01-06,-0.0268818733645044,0.0007226351155852,0.0006332001533383,0.000994748085897471,0.03153962723142858,0.0018208753336804602,0.042671715851140324,0.0015096234550361725,0.0388538731021268,0.0016698875178920653,0.04086425721693795
2016-01-07,-0.0758485853565199,0.0057530079005852,0.0025914958814059,0.0009784213076787377,0.031279726783952855,0.0015504841581211106,0.03937618770425993,0.0015455619416591692,0.03931363556908937,0.0015205581037231635,0.03899433425156998
2016-01-08,0.0253179028700768,0.0006409962057386,0.0002975347689864,0.0012648965032531307,0.03556538349650023,0.0023122572871638928,0.04808593648005509,0.002492259583918085,0.04992253583220793,0.002802772098938568,0.05294121361414534
2016-01-11,0.0042591437730638,1.8140305679628493e-05,0.0013616924987399,0.0012274624854022613,0.035035160701818696,0.0018643116589402045,0.043177675469392794,0.002026061966737446,0.04501179808380738,0.002156592091728249,0.04643912242633628
2016-01-12,-0.0190014390318269,0.0003610546852802,0.000978229813646,0.001154903154618903,0.03398386609288153,0.001447528996972718,0.03804640583514714,0.0015684692665608561,0.03960390468831143,0.0016532884924676864,0.040660650418650295
2016-01-13,0.0006184833018726,3.825215946952911e-07,0.0038476492829412,0.001107272246458583,0.0332757005404632,0.0012326413328244414,0.03510899219323223,0.0014766749585845282,0.038427528655698484,0.001409887016908081,0.03754846224425284
2016-01-14,-0.0384541925704495,0.0014787249262452,0.0007667914928159,0.0010408588629667497,0.03226234435013596,0.0010211050441197445,0.0319547342990009,0.0011777911173278472,0.03431896148381893,0.0011458391938894933,0.0338502465853573
2016-01-15,-0.0446854586400267,0.0019967902138695,0.0021279307030844,0.0010671308267634575,0.032666968435461796,0.0011565144684630864,0.03400756487111487,0.0014634082131275883,0.0382545188589216,0.0013736592934949772,0.03706290994370217
2016-01-18,-0.0595332562663969,0.0035442086016804,0.0026468887892602,0.0011229103899898223,0.0335098551174102,0.0013443173236779707,0.036664933160691436,0.0017946355265115407,0.04236313877077029,0.0016703747274362602,0.040870218098711684
2016-01-19,0.0336640060785639,0.0011332653052575,0.0009595459863953,0.0012681882826912623,0.03561163128377107,0.0017601532597834443,0.04195418048041749,0.0023342731726240153,0.04831431643544194,0.0022968029248403264,0.04792497182931177
2016-01-20,-0.0523828586367276,0.0027439638789553,0.0012858406811018,0.0012600929040452419,0.035497787311961314,0.0015867798969708977,0.039834405944747034,0.0019853653523035364,0.04455743879874085,0.00186601307516638,0.04319737347532116
2016-01-21,0.0115609720743656,0.0001336560753042,0.0011498820996231,0.0013491251625398506,0.03673043918250707,0.001772559567972605,0.04210177630424404,0.002338442109032608,0.04835744109268612,0.0022092020240161514,0.047002149142524874
2016-01-22,0.0579161847983375,0.0033542844615951,0.0010154667725035,0.001276197017305715,0.035723899805392395,0.001407725084254719,0.03751966263513998,0.001823198136150918,0.042698924297351074,0.0017011112711061002,0.041244530196210265
2016-01-25,0.0047346599672941,2.2417005005898012e-05,0.0004796100043666,0.0014008822639630832,0.03742836175900681,0.0017670250739999364,0.042035997359405386,0.0018196520088667079,0.042657379301437495,0.0016972948768506487,0.04119823875908591
2016-01-27,-0.0115372748876352,0.0001331087118328,0.0003794453574011,0.001318174348425652,0.036306670852966565,0.0013831676438247188,0.037190961856675864,0.0014346872663846787,0.03787726582509195,0.001342762696256686,0.036643726560718216
2016-01-28,-0.0165178408503199,0.0002728390663564,0.0003925991076858,0.0012470704102300841,0.03531388410002621,0.0011468061201532819,0.033864525984476465,0.0012820510761241929,0.03580574082635622,0.0011369548089111092,0.033718760488949014
2016-01-29,0.0110419551357611,0.0001219247732201,0.0006949097124021,0.0011886165295976689,0.034476318388100384,0.0010146809240411385,0.03185405663398523,0.0012334752956703707,0.03512086695499373,0.0010360329005082098,0.03218746495933176
2016-02-01,0.0230675904501748,0.0005321137291769,0.001506253705858,0.0011246150242150185,0.03353528029128456,0.0008978958540386617,0.029964910379286332,0.0010678674384681473,0.03267824105529775,0.0009055514438306458,0.03009238182382122
2016-02-02,-0.0341095455859358,0.001163461100079,0.0008538745961617,0.0010890649465127372,0.03300098402340053,0.000896557655674895,0.029942572629533606,0.0010162045549827396,0.03187796346981312,0.0008605346623193771,0.02933487109771197
2016-02-03,-0.0013891831803279,1.9298299085060524e-06,0.0007403425732782,0.001093528715726715,0.033068545715327656,0.0010139997221992783,0.03184336229419372,0.0012654105105306364,0.03557260899246267,0.0010937918523171077,0.03307252412981367
2016-02-04,0.0041610734336941,1.7314532120595373e-05,0.0004133821293727,0.0010280327825776224,0.03206295030993908,0.0008749479872627802,0.029579519726709226,0.0010433812897472322,0.032301413123069896,0.0009323101118917131,0.030533753648899986
2016-02-05,0.0198703238335276,0.0003948297692492,0.0005654675706878,0.0009673896875502007,0.03110288873320613,0.0007846942192004686,0.028012394028366597,0.0008929626121626115,0.02988248002028298,0.0008242735128986828,0.028710163930195223
2016-02-08,0.024130122976538,0.0005822628348628,0.0025273074549779,0.000933036092452144,0.03054563949980658,0.0007950025079549683,0.028195788833706503,0.0008647902897350996,0.029407316942133627,0.0007910021741875714,0.028124760873429154
2016-02-09,-0.0066447009322609,4.415205047919011e-05,0.0008017121469074,0.0009119896969967861,0.030199167157337073,0.0008370390955485232,0.028931627945010686,0.0008664907514688606,0.029436214965053855,0.0007882737892511886,0.028076213940828786
2016-02-10,-0.0359726267726914,0.0012940298769273,0.0004914870218489,0.0008599194382057303,0.02932438299786937,0.0007643330491432733,0.027646573913294812,0.000807628547631945,0.02841880623164782,0.0007370630551262547,0.027148905228871655
2016-02-11,-0.0634795668322445,0.0040296554052094,0.0028177320113874,0.0008859660645290278,0.029765182084593868,0.0009499086497634909,0.03082058808270035,0.0011169005736242318,0.0334200624419559,0.001046098204933243,0.03234344145160256
2016-02-12,-0.0560327668544038,0.0031396709613599,0.0046560367014597,0.00107458742496985,0.032780900307493845,0.0015869677599498993,0.03983676392416808,0.0018649650818938735,0.04318524148240778,0.0020076172271132646,0.04480644180375479
2016-02-15,0.0177543080727229,0.0003152154551411,0.0012430914089052,0.0011984924371532576,0.034619249517475935,0.0018468558864553756,0.04297506121526037,0.0023183090516896102,0.0481488219138289,0.0024138952681836247,0.04913140816406166
2016-02-16,-0.0358294233373361,0.001283747576686,0.001415255952303,0.0011454958182325313,0.033845174223698885,0.0014915201753302007,0.0386202042372927,0.0018547353882090224,0.04306663892398642,0.0018588817362103893,0.04311475079610677
2016-02-17,0.0,0.0,0.0010173377839953,0.001153790923739742,0.03396749804945519,0.0014350543883980631,0.037882111720415786,0.001942468538670002,0.04407344482417958,0.0018028232999469235,0.04245966674323909
2016-02-18,-0.0071626907660696,5.130413901033883e-05,0.0010526706952453,0.0010845634683153574,0.03293271122023447,0.0011566104708837636,0.03400897632807791,0.0014858552959490464,0.03854679358843024,0.0014118451686681607,0.03757452818956162
2016-02-19,0.0055752819922644,3.108376929326866e-05,0.0002651728887156,0.0010225679085570562,0.03197761574221968,0.0009797238881012963,0.031300541338789914,0.001264436099403005,0.035558910267371874,0.0011612329138702348,0.034076867723871494
2016-02-22,-0.0103793417895796,0.0001077307359849,0.0004619703356077,0.0009630788602012288,0.03103351188958847,0.0008574544396441745,0.02928232298920587,0.001058739331276541,0.032538274866325365,0.0009807253209691245,0.031316534306482964
2016-02-23,-0.0227279018372725,0.0005165575219246,0.000643776214068,0.0009117579727482498,0.030195330313613888,0.0007899243859631043,0.028105593499570584,0.0009929069969627153,0.03151042679753347,0.0008848504474699728,0.029746435878437148
2016-02-24,0.0032785561284304,1.0748930287269047e-05,0.0009865273149111,0.0008880459456988365,0.02980009975988061,0.0008213220848601003,0.028658717432224708,0.0010903815334969685,0.03302092569109728,0.0009323609922952604,0.030534586820444458
2016-02-25,-0.0148394978542895,0.0002202106965674,0.0004492509100304,0.0008354081247741423,0.028903427561002906,0.0007475447192893969,0.02734126403971471,0.0009222150913725854,0.03036799452338902,0.0008236144321020175,0.028698683455901205
2016-02-26,0.004970927719991,2.4710122397375085e-05,0.0005940880583775,0.0007984962790817415,0.02825767646289662,0.000737389390292223,0.027154914661847548,0.0009390268292567704,0.030643544658814692,0.0008094062544377883,0.028450065983012907
2016-02-29,-0.0293520626112144,0.0008615435795326,0.0009713101757655,0.0007520691096806794,0.027423878458027767,0.0006939430992892248,0.026342799761779778,0.0008208960896207361,0.02865128425779089,0.0007418398846414805,0.027236737775318844
2016-03-01,0.0334756996906848,0.0011206224697809,0.0007857535169329,0.0007586375778717977,0.02754337629761097,0.0008216968576197224,0.028665255233814375,0.0010359303584886823,0.03218587203244123,0.0009304014562127792,0.030502482787681057
2016-03-02,0.0275992513786497,0.0007617186766618,0.0008018968729465,0.0007803566713863447,0.027934864799857986,0.0009558280601564231,0.030916469076471574,0.0010547849876804982,0.032477453528263235,0.0009395246403432855,0.03065166619195905
2016-03-03,0.0008002583457348,6.40413419918339e-07,0.0004279161192113,0.0007792383917028778,0.027914841781799118,0.0009783975528487934,0.03127934706557657,0.0010333048474349704,0.03214505945608081,0.0009077903624137331,0.030129559612011143
2016-03-04,0.0111378036727247,0.0001240506706521,0.0004125721699904,0.0007325225130059002,0.027065153112552313,0.0008508598173001631,0.02916950149214352,0.0008682820603627701,0.029466626212764333,0.0008059105605882854,0.028388563905000292
2016-03-08,0.0133596040374259,0.0001784790200368,0.0004547109017702,0.0006960142024646758,0.026382081086689803,0.0007885662534214119,0.028081421855408458,0.0007995393497185815,0.028276126851437444,0.0007499664791138345,0.027385515863569822
2016-03-09,0.0360332353087293,0.0012983940468142,0.0012020601230297,0.0006649620915190036,0.0257868588920598,0.0007570436924115298,0.0275144269867924,0.0007583348769282394,0.02753788076320034,0.0007178375921179101,0.02679249133839386
2016-03-10,-0.0182376042381785,0.0003326102083484,0.0005564873028336,0.0007029680088367188,0.02651354387547464,0.0009458442182579809,0.030754580443536877,0.0008490684768569748,0.02913877960479771,0.0008143816517360962,0.028537372894786518
2016-03-11,0.0038268383715189,1.4644691921729438e-05,0.0003332645162545,0.0006807465408074212,0.0260911199607725,0.0008912791618523921,0.029854298883952912,0.0009202431316963299,0.030335509418770768,0.000834064150169175,0.028880168804374655
2016-03-14,0.0045731562886414,2.091375844034043e-05,0.0003347894503789,0.0006407804298742796,0.02531364118166882,0.0007951324802994654,0.028198093557889076,0.0008012812592237742,0.028306911863072846,0.0007574718489723868,0.027522206469910562
2016-03-15,0.0128451152846383,0.0001649969866756,0.0002905220712725,0.0006035884295882432,0.0245680367467212,0.0007319080843245833,0.027053799813049985,0.000716278712363967,0.02676338379883917,0.0007062755096183976,0.02657584447611021
2016-03-16,-0.0075359014233047,5.6789810261766415e-05,0.0007276937405529,0.0005772729430134875,0.024026505010373178,0.0007165667662723808,0.026768764750589088,0.0006909901963720756,0.026286692381737104,0.00068683151540041,0.02620747060287219
2016-03-17,0.0187340090452863,0.0003509630949088,0.0006171329944275,0.0005460439550483842,0.023367583423374874,0.0006860089650394723,0.02619177285025724,0.0006801525047479528,0.02607973360193606,0.0006718545779545294,0.02592015775327244
2016-03-18,0.0227534275104082,0.0005177184634714,0.0003566724726561,0.0005343391034400133,0.023115776072630857,0.0007206804294800758,0.02684549179061683,0.0006915045201241389,0.026296473530192956,0.0006831698165546847,0.026137517413761482
2016-03-21,-0.0043636212762805,1.904119064280866e-05,0.0002211963004781,0.0005333418650418966,0.02309419548375515,0.0007751597926029295,0.027841691626101485,0.0007212082231177042,0.026855320201362415,0.0007084455762808173,0.02661664096539639
2016-03-22,0.0089697861741654,8.045706401024981e-05,0.0002241234161138,0.0005024838245779513,0.022416150975980497,0.0007181793030385946,0.026798867570078305,0.0006739396479323246,0.025960347608079606,0.0006761082330651922,0.026002081321794074
2016-03-23,0.0386591200613959,0.0014945275639214,0.0011985721635418,0.00047716221894388917,0.021844043099753515,0.0006915251883218869,0.026296866511466472,0.0006392748099655589,0.025283884392346818,0.0006574760504910402,0.02564129580366484
2016-03-28,-0.0401201276830857,0.0016096246453071,0.0009845892860142,0.0005382041396425413,0.023199227134595265,0.0009387224913713515,0.030638578481570446,0.0007645510561565975,0.027650516381373377,0.0007942302700033684,0.028182091299322847
2016-03-29,-0.0110256549690553,0.0001215650674966,0.0002964190135609,0.0006024893699824148,0.02454565888262963,0.0011258698468037229,0.03355398406752502,0.001141072771951853,0.03377976867818744,0.0011715911327180072,0.03422851344592703
2016-03-30,0.0692393100181653,0.0047940820517916,0.0018156856794534,0.0005736339118332691,0.02395065577042243,0.0009723032450898574,0.03118177745238166,0.0010617541324471846,0.03258456893143109,0.001017884808138526,0.03190430704683188
2016-03-31,0.0177723488112185,0.0003158563822676,0.0003825412429042,0.0008268608002307695,0.0287551873621225,0.0017452502467474001,0.041776192343814675,0.001323230513899569,0.036376235565263884,0.0013867881118092525,0.037239604076966935
2016-04-01,0.0306895459921464,0.000941848233204,0.0015303866442367,0.0007962005351529805,0.02821702562555062,0.0014235844195779354,0.037730417696838915,0.001172315950949955,0.03423909973918641,0.001163523350980028,0.034110458088100024
2016-04-04,0.0568295354234935,0.0032295960964501,0.0003906821292407,0.0008049393970360458,0.028371453911212336,0.0013254658503120647,0.03640694783021593,0.0011414365806516353,0.0337851532577793,0.0010784809958663787,0.032840234406386
2016-04-05,-0.0787502548140681,0.0062016026332806,0.0031924037737975,0.0009504187990008893,0.030828863083170767,0.0016885561693234749,0.04109204508567899,0.0012947075794780538,0.03598204523756333,0.0012625580472804723,0.03553249283797117
2016-04-06,0.014005016948066,0.0001961404997156,0.0002290456762997,0.0012654898290576754,0.035573723857050384,0.0024888221425261874,0.0498880962006588,0.0023561024866639163,0.04853970010892029,0.0027514480637011976,0.05245424733709557
2016-04-07,0.0039655891678053,1.572589744781497e-05,0.0003155436558356,0.0012013288692971518,0.03466019142037666,0.0018991927505708738,0.04357972866564079,0.0018522935494007214,0.04303828004696193,0.0020748514802239547,0.0455505376502183
2016-04-08,0.0318105301419835,0.001011909827914,0.000878773415705,0.0011301926909861916,0.03361833861133223,0.0014704399490468314,0.038346315977507296,0.0014515609430485329,0.03809935620254669,0.0015976891300235586,0.03997110368783377
2016-04-11,0.0208670465096551,0.0004354336300361,0.000868455730719,0.0011230957192018625,0.033512620297462006,0.0013699820783856654,0.037013268950278705,0.0013554040655194893,0.0368158127102946,0.0013798434080520812,0.03714624352545061
2016-04-12,-0.0094308633354509,8.894118325195327e-05,0.0004124535470992,0.0010818359938519174,0.032891275345476,0.001194641506754182,0.03456358642783156,0.0012146222936059534,0.03485143172964281,0.0011714523364993589,0.03422648589176749
2016-04-13,0.0175329353820089,0.0003074038231097,0.0004238823135115,0.0010222623052159195,0.031972836990419216,0.0010122518446029067,0.03181590552857025,0.0010973752799159275,0.03312665512719217,0.0010088194702482828,0.031761918554273176
2016-04-18,0.0293600851830892,0.0008620146019582,0.0003582827342352,0.0009793707962895463,0.03129490048377764,0.000931034641707905,0.030512860267564314,0.0010060210656168312,0.03171783513446073,0.0009067182981002621,0.030111763450523153
2016-04-20,0.014956982771342,0.0002237113336222,0.0001942699219881,0.0009723294246296687,0.031182197238643537,0.000980590068873539,0.031314374796146564,0.0010065208364068226,0.031725712543721106,0.0008961724380597097,0.02993613933124493
2016-04-21,-0.011947773259355,0.0001427492858569,0.0004195048956906,0.0009274123391692219,0.03045344544003555,0.0008941403088409592,0.029902178998209464,0.0009238945556037807,0.030395633824675885,0.0008216075678161765,0.028663697734524353
2016-04-22,-0.0139184524192282,0.0001937233177463,0.0001531571856832,0.0008803325559704861,0.029670398648661365,0.0008210605391335713,0.02865415395947979,0.0009078336057453722,0.03013027722649382,0.0007867460613969234,0.02804899394625275
2016-04-25,0.0097028982010117,9.414623349919776e-05,0.0003756048859079,0.000839136001677036,0.02896784427044988,0.0007816658617049997,0.027958287889371904,0.0009173330471427395,0.030287506453036694,0.0007771598293370602,0.02787758650487987
2016-04-26,0.0167569683560364,0.0002807959884852,0.0003514328906818,0.0007944366155863656,0.028185751996112604,0.0007366146239978448,0.027140645239158278,0.000829065456640894,0.02879349677689207,0.0007273413144499508,0.026969266108849733
2016-04-27,0.0176475576381074,0.0003114362905903,0.0004770291143184,0.0007636181779602959,0.02763364214070045,0.0007414243431752592,0.027229108380100498,0.000798722477598431,0.028261678605462043,0.0007133265485171073,0.026708173814716483
2016-04-28,-0.0224067520590513,0.0005020625378358,0.0004347746634065,0.0007364872647180975,0.02713829885453577,0.0007503890660716623,0.027393230296401012,0.0007798080370472562,0.027925043187921057,0.0007070740979779921,0.02659086493474765
2016-04-29,0.0334245831711345,0.001117202760164,0.0015303871378167,0.0007224217811051596,0.026877905072850445,0.0007921242506555864,0.028144701999765185,0.0009131013915227685,0.030217567597719847,0.0008080074722401175,0.028425472243044925
2016-05-02,0.0040286518819871,1.6230035986238615e-05,0.0008290725225574,0.0007461086398486954,0.027314989288826298,0.0009353792191567818,0.030583969970505494,0.0009583840284087458,0.03095777815685011,0.0008562938034240985,0.029262498243043066
2016-05-03,-0.0132988442519066,0.0001768592584364,0.0004022078752087,0.0007023159236169479,0.026501243812639207,0.0008249680397982645,0.028722256871601588,0.0008303400597207877,0.028815621800002647,0.0007726903988808307,0.027797309202166148
2016-05-04,-0.0818388405951765,0.0066975958299627,0.0032366699781435,0.0006707885237061191,0.02589958539641357,0.0007811221591571889,0.027948562738666704,0.0008495468932703268,0.02914698772206704,0.000763005615587798,0.02762255628264332
2016-05-05,-0.0133549329348734,0.0001783542336949,0.0010786244353555,0.0010323969620815148,0.03213093465932037,0.001973986883119174,0.044429572168986436,0.0020631298812239336,0.04542168954611809,0.0025496098189972498,0.05049366117640164
2016-05-06,-0.0174365541984811,0.0003040334223165,0.0003205994662201,0.0009811543983783218,0.031323384210176296,0.0015510200838823938,0.03938299231752704,0.0017444881372138507,0.041767070009923496,0.0019665201313391746,0.044345463480937646
2016-05-09,0.0084332932065719,7.112043430801185e-05,0.0001631813796897,0.0009405271398146165,0.030668014931107237,0.001291272159874114,0.03593427555794208,0.0015810208166924162,0.03976205247082218,0.0016062870808172878,0.040078511459599994
2016-05-10,-0.0288355813328042,0.0008314907508007,0.0005963179504931,0.0008883627374842201,0.029805414566555187,0.0010736351842074703,0.032766372765496495,0.0012961651208894362,0.036002293272643565,0.001286288401221969,0.035864863044795935
2016-05-11,-0.012040327731203,0.0001449694918747,0.0008346471251552,0.000884950418283213,0.029748116214026274,0.0010703831937227076,0.032716711230236874,0.0014117435781052584,0.03757317631110336,0.0012907682764751994,0.035927263693123074
2016-05-12,0.0186672731699369,0.000348467087601,0.000162853350139,0.0008405515626987067,0.028992267291446983,0.0009395249239099093,0.03065167081759018,0.001271862037690353,0.03566317481226752,0.0011050124530747204,0.03324172758860045
2016-05-13,-0.0315356644818159,0.0009944981343096,0.0029002712905412,0.000811026494192847,0.028478526896467925,0.0008900186510597201,0.02983318037118604,0.0011406437324476652,0.03377341754172451,0.0009761854788183348,0.031243967078755135
2016-05-16,0.0374626069457596,0.0014034469191724,0.0006994207352532,0.0008220347925998561,0.028671149132880182,0.0009779498130703507,0.031272189131404775,0.001328687834453117,0.03645117054983443,0.0011256320965738035,0.03355044107867739
2016-05-17,-0.0158838546672904,0.0002522968390916,0.0002172923198504,0.0008569195201942133,0.029273187735438265,0.0011134989628654543,0.03336913188660224,0.001303039932220472,0.03609764441373525,0.0011015849577757431,0.03319013344016175
2016-05-18,0.0,0.0,0.000597037071882,0.0008206421593280566,0.02864685252044379,0.0009885212573517504,0.031440757900402946,0.0012409832627606056,0.035227592349756254,0.0010064359611600049,0.031724374874219426
2016-05-19,-0.0471237994647871,0.0022206524759974,0.0010572369039749,0.0007714036297683731,0.027774153988346307,0.0008575206799293735,0.029283454030038424,0.0010113530591772135,0.03180177761033514,0.0008726331426679537,0.029540364633293775
2016-05-20,-0.0370412377184556,0.0013720532917151,0.0011336153566194,0.0008583585605421189,0.029297756919978,0.001186010274459199,0.034438499886888206,0.001467509407268154,0.03830808540332124,0.0013927043741757859,0.037318954623298144
2016-05-23,0.0115441053545605,0.0001332663684371,0.0003371637527258,0.0008891802444125002,0.02981912548034399,0.0012469743908818398,0.03531252456115025,0.001669977011114371,0.04086535220837294,0.0015114709088134837,0.03887764021662688
2016-05-24,0.0121214198565135,0.0001469288193378,0.000339574181175,0.0008438254118539817,0.029048673151350332,0.001055612850712489,0.03249019622459195,0.0013767846604925858,0.03710504898922229,0.0012286555033342876,0.035052182575900856
2016-05-25,0.0077655660023532,6.030401533690527e-05,0.0001210930058338,0.0008020116163030155,0.02831980960922964,0.0009299989374596366,0.03049588394291329,0.001176288668480356,0.0342970650126269,0.0010386121257329498,0.03222750573241668
2016-05-26,0.0413282940186786,0.0017080278864943,0.0009026772239947,0.0007575091602450489,0.0275228843009785,0.0008296254364141628,0.02880321920227256,0.0010082649947631298,0.031753188733781204,0.0009007887095189958,0.030013142279991207
2016-05-27,-0.0101731003273324,0.0001034919702699,0.0007555212788446,0.0008145402838200067,0.028540152133792254,0.0010712406677731514,0.03272981313379518,0.001082907977400055,0.03290756717534821,0.000981522832738689,0.0313292647972896
2016-05-30,0.0175681954158919,0.0003086414901709,0.0004117323957483,0.0007718773850070044,0.02778268138619821,0.0009323248059625417,0.030533994268070165,0.0010086572050714072,0.03175936405332146,0.0008842247869316022,0.029735917455689882
2016-05-31,-0.0244081838885595,0.0005957594407377,0.0007922481335643,0.000744083231316842,0.02727788905536574,0.0008777311568364091,0.029626527924081977,0.000940024402538754,0.030659817392456108,0.000822489390965157,0.028679075838756677
2016-06-01,0.0310836958083601,0.0009661961451066,0.0014192259041461,0.0007351838038820956,0.027114273065713852,0.0008949808714052442,0.02991623090239217,0.0010695109625090831,0.032703378457111784,0.000911918060243192,0.03019798106236892
2016-06-02,0.0053086036880577,2.818127311686051e-05,0.000307914301937,0.0007490445443555697,0.02736867816237331,0.0009759686651978412,0.03124049719831362,0.0010658222427963838,0.03264693313002592,0.0009106978460250064,0.03017777072656306
2016-06-03,-0.04743437783209,0.0022500202003174,0.0018132302494434,0.000705792748081247,0.026566760210481953,0.0008543951377069654,0.029230038277548755,0.0009152697675838773,0.03025342571650155,0.0008107883041847807,0.028474344666467404
2016-06-06,0.0034636663070527,1.1996984286612636e-05,0.0005532597289173,0.0007984463952154206,0.02825679378867002,0.001189421396257943,0.034487989159386244,0.001390546484685385,0.03729003197485067,0.0013589068694443243,0.036863354017836254
2016-06-07,0.0068917445331724,4.749614271051263e-05,0.0001751926512294,0.000751259430559692,0.02740911218116508,0.0009943331367113788,0.031533048325707094,0.0011349576202290055,0.03368913207889164,0.0011125487804927539,0.03335489140280259
2016-06-08,0.0284380821814221,0.0008087245181573,0.000515106520992,0.0007090336332887411,0.02662768546623497,0.0008703160766007052,0.02950111992112681,0.0009737295633972984,0.031204640094019645,0.0009494962834366511,0.030813897569711157
2016-06-09,-0.0026739578670708,7.150050674870219e-06,0.0002327370530713,0.0007150150863808556,0.02673976601208125,0.0009299319365926943,0.03049478540001051,0.000976064584827042,0.03124203234149536,0.0009195071584775063,0.030323376435969433
2016-06-10,-0.0006692729303445,4.479262552919631e-07,0.0002571946968568,0.0006725431842384964,0.025933437570798367,0.0008196174937836483,0.02862896249925324,0.0008493895571243911,0.02914428858497649,0.0008157422533335818,0.028561201888813816
2016-06-13,-0.0250948513840065,0.0006297515659853,0.000356139125808,0.0006322174687595041,0.025143935029336678,0.0007444721788256049,0.027285017478931636,0.0007365703851185695,0.027139830233783142,0.0007436428398144379,0.02726981554419534
2016-06-14,0.079831542052582,0.0063730751064931,0.0029986187957828,0.0006320695145930563,0.025140992712958974,0.0008120948520532915,0.028497277976208386,0.0009096693364575104,0.03016072506518221,0.0008678808432813863,0.02945981743462417
2016-06-15,0.0132284715536529,0.0001749924596458,0.0003038314898762,0.0009765298501070634,0.03124947759734654,0.0019339050560171198,0.04397618737472724,0.001279233475798711,0.035766373534350825,0.0014520150206357688,0.03810531486073523
2016-06-16,-0.0151326067259419,0.000228995786322,0.0005295881605466,0.0009284376066793878,0.030470274148412052,0.001523542981841374,0.039032588715602425,0.0011134342526881854,0.033368162261176226,0.00119280711719085,0.03453703978616074
2016-06-17,0.001269735486843,1.6122282065484905e-06,0.0004441333846267,0.0008864710974579458,0.02977366449495167,0.001258802986428542,0.03547961367360899,0.0010896677899881952,0.033010116479470275,0.0010617923406976181,0.032585155219787096
2016-06-20,0.0119836928631233,0.0001436088946376,0.0006665819504049,0.0008333795653028619,0.02886831420957694,0.0010388587245793999,0.0322313314118328,0.0009111333404822117,0.03018498534838491,0.0009102837302313768,0.03017090867427391
2016-06-21,-0.0138890375533277,0.0001929053641577,0.0003868107140894,0.0007919933250629505,0.028142375966910656,0.0009181546729277971,0.030301067191235972,0.0008363131184401012,0.028919078796533288,0.00082270064289823,0.0286827586347309
2016-06-22,-0.0127959265424294,0.0001637357360792,0.0004294964717492,0.0007560480474086382,0.02749632788953169,0.0008465466101415076,0.02909547404909409,0.0008607411057374287,0.029338389624132894,0.0008012787583222706,0.028306867688288485
2016-06-23,0.0147012712326336,0.0002161273758554,0.0005548118835308,0.0007205093087288747,0.026842304460103175,0.0007931157324878396,0.028162310496261483,0.0008680046877268355,0.029461919281113295,0.0007787531236972707,0.027906148492711613
2016-06-24,-0.0601487843254373,0.0036178762558279,0.0008286934664241,0.0006902463927564699,0.026272540660478003,0.0007671476799359625,0.027697430926639434,0.0008178636425900745,0.02859831538028201,0.0007413050699205684,0.02722691811278993
2016-06-27,0.0180306089501662,0.0003251028591138,0.00058344102501,0.0008659041845407601,0.029426249923168262,0.001387370683968125,0.037247425199174844,0.0015388649719802923,0.03922836947899176,0.0016880134807708469,0.041085441226435024
2016-06-28,0.0751945657502483,0.0056542227183684,0.002920872390748,0.0008334561050151433,0.0288696398490723,0.001185608305620254,0.034432663353569586,0.001327263269846357,0.03643162458423117,0.001368451500934396,0.03699258710788414
2016-06-29,0.0224592064845695,0.0005044159559165,0.0004951654444364,0.0011227021018163398,0.03350674710884868,0.0020493458060490545,0.04526970075060199,0.0015843398822845565,0.0398037671870962,0.001715004649899377,0.04141261462283415
2016-06-30,0.0405818072703588,0.0016468830813285,0.0009995589433726,0.0010856049330623511,0.032948519436574855,0.0016626121211554964,0.04077514097039391,0.0013881207669823208,0.03725749276296408,0.001405667487617115,0.037492232363745895
2016-07-01,-0.0245052692082878,0.0006005082189706,0.0003977936169802,0.001119281621958323,0.03345566651493171,0.0016177178419878523,0.040220863267561184,0.001368784016972639,0.03699708119531376,0.0013169036253259227,0.03628916677640757
2016-07-04,0.0158221670001975,0.0002503409685821,0.0002160844750108,0.001088155217779063,0.0329871977860967,0.0013915172022100253,0.0373030454817033,0.0014054872003230394,0.03748982795803469,0.0012479782630303391,0.035326735810577506
2016-07-05,-0.016413001928454,0.0002693866323034,0.0002622556750261,0.0010378863628272474,0.03221624377278095,0.0011743724527214974,0.03426911806162361,0.0012191485407843886,0.0349163076625291,0.0010626185562339404,0.03259783054489885
2016-07-07,-0.0112928747936206,0.0001275290211043,0.0002025488365279,0.0009917763789958187,0.0314924813089699,0.0010324978540402817,0.032132504633786044,0.001185157728215242,0.03442611985419272,0.0009847524648789602,0.03138076584277318
2016-07-08,-0.0205320502756481,0.0004215650885217,0.000597391925638,0.0009399215375223329,0.030658139824887173,0.0009108801577613155,0.03018079120502502,0.0010975425897342432,0.03312918033598542,0.0008930215199298404,0.02988346566129572
2016-07-11,0.0211296786641207,0.0004464633204489,0.0002522114160342,0.0009088201505822974,0.03014664410149656,0.0008845335973815292,0.029741109551957357,0.0011445475810120162,0.033831162868160715,0.0009117710802224636,0.030195547357556935
2016-07-12,0.0029822852451045,8.89402528316839e-06,0.0001477345470419,0.0008810787407742993,0.02968297055172038,0.0008715534303536964,0.02952208377390892,0.0010620488782415642,0.03258909139944782,0.0008556984765884861,0.02925232429378025
2016-07-13,-0.0192426968872281,0.0003702813834937,0.0007665790217641,0.0008287476578448314,0.02878797766160088,0.0007808422087940324,0.027943553975720993,0.0009002746140496708,0.030004576551747413,0.0007715124098918503,0.027776112217008528
2016-07-14,-0.0048692670219968,2.370976133150634e-05,0.0001275515111659,0.0008012396813837657,0.028306177442102027,0.0007878211182063742,0.028068151314370068,0.000973235820442755,0.031196727720111207,0.000815397898213077,0.02855517288011188
2016-07-15,-0.0128956795080213,0.0001662985499736,0.0007179126130437,0.0007545878861806301,0.027469763125673837,0.0007275349796751662,0.026972856349952376,0.00086965302018891,0.029489879962266884,0.0007498065446027855,0.027382595651303503
2016-07-18,0.0024692843928464,6.097365412755039e-06,0.0008564875631915,0.0007192905260082083,0.026819592204360757,0.0007138816044065716,0.026718562918064504,0.0008760853524477213,0.02959873903475824,0.0007446074571104731,0.027287496351084923
2016-07-19,-0.0105360730481141,0.0001110088352751,0.0003457623843205,0.000676498936372481,0.026009593160456795,0.0006747087490287458,0.0259751563812183,0.0007619595878603722,0.02760361548530142,0.000696000313559951,0.026381817859274802
2016-07-20,0.0330911217079426,0.0010950223358898,0.0006210086630777,0.0006425695303066438,0.025348955211342415,0.0006681349847977113,0.02584830719404486,0.000766163133984019,0.02767965198451778,0.0006929724102641017,0.026324369133259428
2016-07-21,-0.0225550486598286,0.0005087302200472,0.0008481962225436,0.0006697166986416374,0.025878885189312875,0.0008481732302044144,0.029123413780057006,0.0008384401359331395,0.028955830776082724,0.0007760637793326065,0.027857921303151935
2016-07-22,0.0061463155423274,3.777719474585626e-05,0.0001768133678939,0.0006600575099259732,0.02569158441836496,0.0008588702758724109,0.02930648863088874,0.0009633557272713709,0.031037972344716253,0.0008565520640590387,0.02926691073651332
2016-07-25,-0.0092336538383435,8.526036320635694e-05,0.0001785662974215,0.0006227206910151661,0.024954372182348448,0.0007777607773153416,0.027888362757884186,0.0008448378913674451,0.02906609522050468,0.0007751413061474065,0.027841359631803304
2016-07-26,0.025039353387384,0.0006269692180583,0.000898264630943,0.0005904730713466375,0.024299651671302564,0.0007323334333846147,0.027061659841639697,0.0008176013351099093,0.028593728947269352,0.0007394759381722058,0.02719330686349503
2016-07-27,-0.0006033111377687,3.639843289558447e-07,0.0002084342897704,0.0005926628401493371,0.02434466759167882,0.0008034427513828985,0.028345065732555613,0.0008344097531361791,0.02888615158057887,0.0007581091640809839,0.027533782233485175
2016-07-28,-0.0066607309303747,4.4365336526850216e-05,0.000948933889107,0.0005571249088001143,0.023603493571929438,0.000733622533655297,0.027085467203932387,0.0007248457444218948,0.026922959429117276,0.0007045979721799845,0.02654426439327307
2016-07-29,-0.020252063165076,0.0004101460624422,0.0002193695515378,0.0005263593344637183,0.02294252240848243,0.000695104173879868,0.026364828349144775,0.000698447944369233,0.026428165739779085,0.0006804671065347724,0.02608576444221584
2016-08-01,-0.0366201749492986,0.0013410372133172,0.0028901582253426,0.000519386538142429,0.02279005349143413,0.0007378655675927649,0.027163681039077986,0.0008196657964657578,0.02862980608501842,0.0007647161559816234,0.027653501694751486
2016-08-02,0.0006425966788997,4.129304917330465e-07,0.000191599215111,0.0005686855786529174,0.023847129358749188,0.0009409915723557047,0.03067558593337224,0.001136751101956897,0.03371573967684673,0.001077748082693372,0.032829073741020655
2016-08-03,-0.0346550904599961,0.0012009752947905,0.0006914119312385,0.0005345892197632464,0.023121185518118363,0.0008257624935094872,0.028736083475475346,0.0009413655649135188,0.030681681259564622,0.0009209602426333252,0.030347326779031545
2016-08-04,0.0184579734656982,0.0003406967844604,0.0005475082085213,0.0005745723842648824,0.02397023955376505,0.0009736124016018518,0.031202762723865525,0.0012113286390141112,0.034804146865195694,0.0011450205229308198,0.033838151884091124
2016-08-05,0.0091028704511923,8.286225045119047e-05,0.0002843647556297,0.0005605398482766145,0.02367572276144098,0.0009113941396835111,0.03018930505466317,0.001095304594598176,0.0330953863038064,0.0010024530614653937,0.03166153915186995
2016-08-08,0.0185961996595952,0.0003458186417795,0.000286230650769,0.000531879192407089,0.023062506203946894,0.0008213921309304089,0.028659939478833673,0.0009571468354322011,0.030937789763203855,0.0008786892457664342,0.029642692957395658
2016-08-09,-0.0140757425173558,0.0001981265274148,0.00037010237893,0.0005207155593694354,0.022819192785228738,0.0008103963847188785,0.028467461859443644,0.0009068532681252091,0.03011400451825046,0.0008226684843593063,0.028682198039189852
2016-08-10,0.0292083492432976,0.0008531276655184,0.0013902143137041,0.0005013602174521631,0.022391074504189458,0.0007753482938863096,0.027845076654344294,0.0009183391108271632,0.030304110460912116,0.0008026927716823605,0.028331833186053465
2016-08-11,-0.0513592005572671,0.0026377674818815,0.0019223616081266,0.00052246626433614,0.022857520957797237,0.0008746449424224263,0.02957439673809808,0.0009374775893036299,0.030618255817463375,0.0008248008718257262,0.028719346646916017
2016-08-12,-0.0119285237643375,0.0001422896791963,0.0002170043010907,0.0006493843373888669,0.025483020570349717,0.0012756633206671992,0.03571642928215528,0.0014781254790211691,0.03844639747780238,0.0014750224559860118,0.038406021090266716
2016-08-16,-0.0147753984586911,0.000218312399613,0.0003424360318035,0.0006189586578973167,0.024878879755674623,0.0010765201279611851,0.03281036616621621,0.0013180682611974735,0.03630520983546953,0.0012290289731961006,0.035057509512173006
2016-08-17,0.0067431306603208,4.5469811102159546e-05,0.0001868130768937,0.0005949198824002631,0.02439097952933139,0.0009573827059388338,0.030941601541271804,0.0012380395710911512,0.03518578649243401,0.0010833793019210957,0.032914727735788664
2016-08-18,0.0046935020386136,2.2028961386470497e-05,0.0001253480452722,0.0005619528781223768,0.02370554530320652,0.0008451867096114282,0.029072095033062687,0.0010466245959532753,0.03235157795152001,0.0009295323862151224,0.03048823356993846
2016-08-19,0.029006489279218,0.0008413764203053,0.0007979771299474,0.0005295574431182223,0.023012115137862107,0.0007656436513229745,0.027670266556774882,0.0008981083197698137,0.029968455411812832,0.0008228907804950431,0.028686072936096412
2016-08-22,-0.0256677235194614,0.0006588320306715,0.000362112812732,0.0005482665817494523,0.023415093033115463,0.0008659421033390142,0.029426894218367902,0.0009204254076024762,0.030338513602391204,0.0008372350948858088,0.028935015031719073
2016-08-23,-0.0073604584459052,5.4176348533898585e-05,0.0001875656476511,0.0005549005086847759,0.0235563262985716,0.0008989067042344805,0.029981772866768244,0.0010699170402400295,0.03270958636607974,0.0009392465371094918,0.030647129345331706
2016-08-24,0.0053584796560667,2.8713304224481427e-05,0.0001009303615554,0.0005248570590757233,0.02290975903574115,0.0008076511695909856,0.028419204239228543,0.0009676851788255592,0.031107638592885175,0.0008420391810964148,0.0290179113841161
2016-08-25,-0.0216077973735979,0.0004668969073384,0.0003620825611377,0.0004950884337846487,0.022250582774045465,0.0007417550858111075,0.027235181031362864,0.000843964926955522,0.029051074454407397,0.0007643576040723078,0.027647017996020977
2016-08-26,-0.0137459526531673,0.0001889512143431,0.000359567763451,0.0004933969421978777,0.022212540201378986,0.000779749803564604,0.027924000493564742,0.0009562886374008766,0.030923916915566767,0.0008371222362097063,0.028933064756601682
2016-08-29,0.006896398480995,4.756031200867047e-05,0.0009423900418419,0.000475130198526592,0.02179748147210113,0.0007531012824343119,0.027442690874517242,0.0009530524356635762,0.030871547348061065,0.0008099558573333196,0.028459723423345483
2016-08-30,0.0082136970190931,6.746481872146038e-05,8.872051163109885e-05,0.0004494760053355167,0.02120084916543478,0.0007087499820383009,0.026622358686605906,0.0008411074726809748,0.029001852918063266,0.0007446256921023896,0.027287830476283553
2016-08-31,-0.0075266559681147,5.665055006235682e-05,0.000122431392007,0.0004265553341386732,0.020653216072531493,0.0006827741503994852,0.02612994738608337,0.0007641577921830446,0.02764340413521903,0.0007024949601546732,0.02650462148672705
2016-09-01,-0.0321031651421249,0.0010306132121425,0.0007610980437648,0.0004043610470940942,0.020108730618666464,0.0006633484245236135,0.025755551334102976,0.0007376042984497415,0.027158871450223065,0.0006824215711462351,0.02612319986422481
2016-09-02,0.0084746274188935,7.181930988906288e-05,8.609105593575397e-05,0.0004419361769970011,0.021022278111494035,0.0008328944637176732,0.028859911013682512,0.001001716973777098,0.03164991269778004,0.0009366640302611253,0.030604967411535098
2016-09-06,0.013966642067918,0.0001950670906533,0.0001169361118812,0.0004197291649705247,0.02048729276821427,0.0007667428488898982,0.027690121864843754,0.0008852656990296199,0.02975341491374763,0.0008329788211115847,0.028861372474495814
2016-09-07,0.0048428635299088,2.3453327169320824e-05,0.0003005703808874,0.00040624944051149335,0.02015563049153991,0.0007455355155970486,0.02730449625239493,0.0008271584345574232,0.02876036221186067,0.0007757951853138589,0.027853100102391816
2016-09-08,0.0272308629641294,0.0007415198977711,0.0004861544822066,0.00038328167371096296,0.019577580895273117,0.0006991638376734106,0.02644170640623276,0.0007370486440123154,0.02714863981882546,0.0007189499950997701,0.026813242905321433
2016-09-09,-0.0135227930305487,0.000182865931347,0.0001482039550534,0.00040477596715457687,0.02011904488673796,0.0008026967488436984,0.028331903374882852,0.0007819587914712825,0.02796352609152291,0.0007563117039504211,0.02750112186712428
2016-09-12,-0.0488241183588867,0.0023837945335225,0.0021608505011995,0.00039146136500612565,0.019785382609546008,0.0007673306316133902,0.027700733412915082,0.0008134792692453523,0.028521557973668836,0.0007535678476738174,0.027451190277906302
2016-09-14,0.019115500153102,0.0003654023461032,0.0002199126760006,0.0005110013551171129,0.022605339084320608,0.0011561795938398857,0.03400264098331019,0.0013253729516286802,0.03640567197056909,0.0013569515670523238,0.03683682352011807
2016-09-15,-0.0021058774470355,4.43471982193278e-06,0.0001821505837359,0.0005022654145762806,0.0224112787358571,0.0010383091792797012,0.032222805267072906,0.0011820941376810292,0.03438159591527172,0.0011485554302428224,0.033890344203664005
2016-09-16,-0.0292355494066676,0.0008547173491097,0.001132011622007,0.00047239557289101975,0.021734662934837976,0.000891700076234517,0.02986134752877902,0.0009922272212247027,0.031499638430063016,0.0009700778575585818,0.031146072907488383
2016-09-19,0.0129402548127392,0.0001674501946186,0.0001342534642504,0.0004953348794641407,0.022256120045150294,0.0009528758281428343,0.03086868685485073,0.0011763641041766973,0.03429816473481777,0.001083057957809508,0.03290984590984145
2016-09-20,0.0071175872964476,5.066004892255269e-05,9.52279500357356e-05,0.00047566179837340943,0.02180967212897547,0.0008650317252279909,0.029411421679816686,0.0010375667257507173,0.032211282584689443,0.0009421997123289117,0.030695271823668734
2016-09-21,0.0063628200770635,4.04854793330836e-05,0.0001503347079397,0.00045016169340635797,0.02121701424344052,0.0007843024768714253,0.028005400851825443,0.0009043440915327098,0.030072314369411438,0.00083449180754733,0.028887571852741968
2016-09-22,0.0126050587045713,0.0001588875049456,0.0001587513117469,0.0004255811205619614,0.02062961755733638,0.0007283225833510423,0.02698745233161223,0.0008022655608690597,0.028324292769088863,0.0007604909900468369,0.027577001106843305
2016-09-23,-0.0034855970702593,1.2149386936200828e-05,0.0001561199470148,0.00040957950362498506,0.020238070649767608,0.0007130200343100962,0.026702434988406885,0.0007566090763976652,0.0275065278869883,0.0007228939801883095,0.026886687787608006
2016-09-26,-0.0190344375321188,0.0003623098121641,0.0003305474009014,0.00038573369662365793,0.019640104292586075,0.0006752660436503216,0.025985881621571387,0.0006930188386131519,0.026325250969613793,0.0006839956484698103,0.026153310468654063
2016-09-27,0.0035521558207432,1.2617810974840416e-05,7.916341465581988e-05,0.00038432826355608643,0.019604291967732126,0.0007156115793807233,0.026750917355872553,0.0008012718541932494,0.02830674573654219,0.0007539505672910175,0.027458160304197687
2016-09-28,0.0091777072974806,8.423031123823036e-05,0.000120414446342,0.0003620256364012116,0.01902697128817962,0.0006770896719618004,0.02602094679218649,0.0007113920105626432,0.02667193301136315,0.0007030150378507087,0.026514430747249858
2016-09-29,-0.0919428712266703,0.008453491569404,0.0049888468543516,0.0003453579168914326,0.018583807922259436,0.0006647104279803185,0.025781978744470302,0.0006694795610011855,0.025874303101749145,0.0006760924816398349,0.026001778432250263
2016-09-30,0.0122512670699587,0.0001500935448194,0.0007733225812209,0.0008318459360421918,0.028841739476706183,0.00222513514275293,0.04717133814884766,0.0022154125348069907,0.04706816901906203,0.0029736235933662523,0.05453094161452058
2016-10-03,0.0195937859971372,0.0003839164497016,0.000147871164077,0.0007909407925688275,0.028123669614202686,0.0017139431337708818,0.041399796301079574,0.0017475389171850864,0.041803575411501426,0.002220416456217128,0.04712129514579505
2016-10-04,0.0148150167340874,0.0002194847208312,0.0002264437222386,0.0007665193319967944,0.027686085530403075,0.0014153718152168891,0.03762142760737409,0.0014829338892768666,0.03850888065468622,0.0017351394876724555,0.041655005553624114
2016-10-05,-0.0051603953220994,2.66296798803459e-05,0.0002257757712142,0.0007336972553268641,0.02708684653714537,0.0011845667450859948,0.03441753543015529,0.0012676103747420358,0.03560351632552655,0.0013892026872867537,0.037272009434517396
2016-10-06,-0.0133928991578248,0.0001793697478516,0.0004580925715921,0.0006912732008000729,0.026292074866774453,0.0009938241917892574,0.031524977268655684,0.0010866667887114944,0.03296462935801788,0.0011391169897839982,0.03375080724640521
2016-10-07,0.0163452123760817,0.0002671659676192,0.0003344558098499,0.0006605589936231683,0.025701342253337048,0.0008946932889139566,0.029911424053594583,0.0010486635661685637,0.03238307530437101,0.0010117933797449108,0.03180869974935962
2016-10-10,0.017531388348676,0.000307349577432,0.0008068873402581,0.0006369554120629311,0.02523797559359568,0.0008447513235973421,0.0290646060285933,0.0009630698367650599,0.03103336650711714,0.0009044814892081598,0.030074598737275943
2016-10-13,-0.0241858886687643,0.0005849572106978,0.0005419019647045,0.0006171790619850808,0.024843088817316596,0.0008188319124122762,0.02861523916398876,0.0009054425738018653,0.030090572839377206,0.0008360681826088457,0.02891484363798023
2016-10-14,0.002963035747325,8.7795808399264e-06,0.0001537939973446,0.0006152457509078477,0.024804147856917955,0.0008535051600657605,0.029214810628613707,0.0010385824424202815,0.03222704520151175,0.000918141342410512,0.03030084722265224
2016-10-17,-0.0029630357473251,8.779580839926639e-06,0.0004721093557193,0.0005788577807037724,0.024059463433413728,0.0007687319493475787,0.02772601574960922,0.0008832405284656958,0.02971936285430251,0.0008137786729599069,0.02852680621730913
2016-10-18,0.0169183973751326,0.0002862321697428,8.543284018539248e-05,0.0005446530887119415,0.02333780385366073,0.000711950492140087,0.026682400419379193,0.0007836287248112866,0.02799336930080562,0.0007446045059522112,0.027287442275746754
2016-10-19,0.0087146523286961,7.594516521004881e-05,0.0001090938384932,0.0005291478335737986,0.023003213548845707,0.0007259231488819532,0.026942961026619795,0.0007642270558214747,0.027644656912710543,0.0007255892108314091,0.02693676318400949
2016-10-20,0.0285123341455893,0.0008129531984297,0.0004011071620166,0.0005019556734719736,0.022404367285687263,0.0006958663485772332,0.026379278772878406,0.0007080699397885977,0.026609583607952188,0.0006905016675161268,0.026277398416055704
2016-10-21,0.0035075029385025,1.2302576863603706e-05,0.0001924966994128,0.0005206155249694395,0.02281700078821578,0.0008138773813277268,0.02852853626332285,0.0007653555603366279,0.027665060280733674,0.0007445956863823494,0.027287280670348035
2016-10-24,0.0,0.0,0.0002013676920386,0.0004901167480830894,0.022138580534512356,0.0007428494373728252,0.027255264397411837,0.0006840931322299201,0.026155174100546914,0.0006966478060797628,0.026394086574074938
2016-10-25,-0.0561704303542215,0.0031551172461784,0.0010482051919654,0.000460709743198104,0.021464150185788955,0.0006929686496943304,0.02632429770562418,0.0006064915645437644,0.02462704944859949,0.0006628840788692667,0.025746535278931545
2016-10-26,-0.0029671138076777,8.803764347711895e-06,9.56465438415174e-05,0.0006223741933769248,0.024947428592480725,0.0012509466973850622,0.03536872484816299,0.0012712489604609035,0.03565457839409833,0.001507660964180572,0.038828610124244364
2016-10-27,-0.0052141017536226,2.718685709713043e-05,9.751301465816432e-05,0.000585559967635172,0.02419834638224629,0.0010349445148677967,0.03217055353685722,0.001064762201071474,0.03263069415552593,0.0012144198257804627,0.03484852688106719
2016-10-28,-0.0007472028584517,5.583121116784618e-07,0.0001931929414193,0.0005520575810028895,0.023495905622105514,0.0008937110215226957,0.029894999941841374,0.0009407121726779081,0.03067103149028262,0.0010209295279420935,0.031951987855876725
2016-11-01,-0.0022447500699404,5.0389028764976895e-06,5.14226835221956e-05,0.0005189676248694168,0.02278086093345501,0.0007941210294250911,0.028180153112165502,0.0008044843472524267,0.028363433276887104,0.0008825998715626956,0.029708582456298645
2016-11-02,-0.030420450296521,0.0009254037962431,0.0002297757357832,0.0004881319015498416,0.022093707283972096,0.000728255061337302,0.026986201313584354,0.0007177655764225977,0.02679114735173911,0.0007901727892003696,0.028110012258986468
2016-11-03,-0.0038686518291299,1.4966466975030403e-05,0.0001129887436573,0.0005143682152314375,0.02267968728248777,0.0008566489778727471,0.02926856637884314,0.0009618272286178868,0.03101333952701461,0.0009806874979000218,0.03131593041728158
2016-11-04,-0.0331000075826808,0.0010956105019735,0.0009192209397162,0.000484404110336053,0.022009182409532004,0.0007719973485614913,0.027784840265178624,0.0008509728951368249,0.029171439716558813,0.0008593152485454594,0.02931407935694825
2016-11-07,0.0111555898687134,0.0001244471853189,5.7701151062135743e-05,0.0005210764938343015,0.02282709998739002,0.0009178509279264245,0.030296054659417693,0.0011128805221941374,0.033359863941481195,0.0010743077333814524,0.032776633954411064
2016-11-08,0.0265847423579149,0.0007067485262367,0.0015992211770483,0.0004972787353233797,0.022299747427344994,0.0008335115061921608,0.028870599338984303,0.0009812953524767586,0.0313256341113274,0.0009317327281691089,0.030524297341120055
2016-11-09,-0.0457852170730219,0.0020962861024237,0.001782782381769,0.0005098469227781798,0.022579790140259934,0.0008861659174765533,0.029768539055125855,0.0009709688781648966,0.03116037352415559,0.0008967081251442661,0.029945085158407315
2016-11-10,0.0511721830967914,0.0026185923228915,0.0017168096652239,0.0006050332735569133,0.02459742412442639,0.0011818860100405125,0.03437856905167102,0.0014105395829164492,0.03755715088923079,0.001374804914789548,0.03707836181372565
2016-11-11,-0.0185911080432448,0.0003456292982756,0.0010722365580178,0.0007258468165169912,0.026941544434515834,0.0014778605442317464,0.03844295181475723,0.0014615136916938216,0.03822974877884789,0.0013986499589888287,0.03739852883455215
2016-11-15,-0.0333890305933872,0.0011148273639661,0.0021639563491741,0.0007030337654225078,0.026514783902994717,0.0012500662307590037,0.03535627569129706,0.0013931401401101,0.03732479256620323,0.0012332363650929025,0.03511746524299415
2016-11-16,0.0016153742288874,2.6094338993537025e-06,0.0003531261622401,0.0007277413813351261,0.02697668217804269,0.0012416654665786061,0.03523727382444059,0.0015548711881680237,0.039431854992734286,0.0013327639825938269,0.03650704017848923
2016-11-17,0.0160130753194906,0.0002564185811876,0.0003635514767499,0.0006842334644889796,0.026157856649369794,0.001027566854969042,0.03205568366092107,0.0012369616301803569,0.03517046531083086,0.0010938565332530576,0.03307350198048368
2016-11-18,0.0219963585290017,0.0004838397885363,0.0006739991506028,0.0006585645714909015,0.025662512961339184,0.0009317361363844876,0.030524353168977843,0.0010994283711123437,0.03315762915397215,0.0009589089435973707,0.030966254917205772
2016-11-21,-0.0243821309117953,0.0005944883077999,0.0011913817375874,0.0006480810845136306,0.025457436723158727,0.0009101756568381044,0.030169117601250857,0.001033577301369912,0.032149297058721396,0.0008915623415992103,0.029859041203615537
2016-11-22,-0.0039885606219588,1.5908615835041014e-05,0.0004846633518819,0.0006448655179108081,0.02539420244683436,0.0009164740771094918,0.03027332286204294,0.0011442195391197139,0.033826314299960525,0.0009583359072218974,0.030957000940367227
2016-11-23,0.0127085168430472,0.00016150640035,0.0001764395457403,0.000607128103786262,0.024639969638501222,0.0008122450489189191,0.02849991313879604,0.0009852993819857343,0.03138947884221295,0.0008444406844994538,0.029059261595908693
2016-11-24,-0.0272016951893725,0.0007399322211755,0.0003902789146264,0.0005803908015800871,0.02409130136750788,0.0007697225389356234,0.027743873899216443,0.000895769540196777,0.02992940928579742,0.0007800106522791068,0.02792867079327455
2016-11-25,0.0303536358982092,0.000921343212241,0.0004583205045518,0.0005899632867558136,0.024289159861053525,0.0008496596764449801,0.02914892238908636,0.001069827307975863,0.03270821468646467,0.0009228034782191764,0.030377680593145627
2016-11-28,0.0317487651165701,0.0010079840864271,0.0011137622615801,0.000609846082284928,0.024695061900811832,0.000937205198430255,0.030613807316801595,0.0010615644225438218,0.032581657762364116,0.0009133302077082362,0.030221353505563514
2016-11-29,0.0128741524397464,0.0001657438010418,0.0002944678408329,0.0006337343625334607,0.02517408116562471,0.0010120833412034021,0.03181325731834768,0.0010638397625296768,0.032616556570700055,0.0009160680707802836,0.030266616440895462
2016-11-30,0.0237928732599829,0.0005661008179656,0.0003486351430171,0.0006056549288439626,0.0246100574733982,0.0009043693266216767,0.030072733939927654,0.0009549022644215018,0.030901492915739553,0.0008289551916415175,0.028791581957952873
2016-12-01,-0.0133135405228296,0.000177250361253,0.000415752823284,0.0006032816821912614,0.02456179313876048,0.0009072640822006787,0.030120824726436006,0.0009344611184354466,0.03056895677702212,0.0008122635278830065,0.02850023733029265
2016-12-02,0.0133135405228297,0.000177250361253,0.0013217358958352,0.0005777198029349672,0.024035802523214557,0.0008363177059609843,0.028919158112935866,0.0009312453662948908,0.0305163131176571,0.0007899070467459655,0.028105285032284683
2016-12-05,0.0232401090073745,0.0005401026666746,0.0015525364717482,0.0005536916364340509,0.023530653123830857,0.0007887975213135864,0.028085539363052768,0.0008585040856563179,0.029300240368575783,0.000744750470732747,0.027290116722592943
2016-12-06,0.0021511812972796,4.627580973765582e-06,0.0002236824833503,0.0005528762982484869,0.023513321718729722,0.0008249805575705869,0.028722474781442266,0.0008566238705267358,0.029268137462550223,0.0007525046122053598,0.02743181751553039
2016-12-07,0.0007162721511569,5.130457945230051e-07,0.0005181382882741,0.0005199813752120036,0.022803100122834253,0.0007488478072858178,0.027365083725174637,0.0007459989223107584,0.027312980838984938,0.0007011920060198898,0.02648003032513161
2016-12-08,0.0120953419829207,0.0001462972976838,5.231989484573911e-05,0.0004888132754469548,0.022109121996292724,0.000697082547585841,0.026402320874988262,0.0006565781213955189,0.02562378038845008,0.0006660150255192659,0.02580726691300855
2016-12-09,0.0098522795879388,9.706741307891731e-05,9.350366852871328e-05,0.0004682623167811657,0.02163936960221267,0.0006897354439899834,0.026262814852752996,0.0006402785983177263,0.025303726964969533,0.0006575969805298383,0.025643653806153254
2016-12-12,-0.0035075029385026,1.23025768636046e-05,0.0004203260632182,0.00044599062255903064,0.021118490063426188,0.000675586778730365,0.02599205222236915,0.0006168655145776181,0.02483677745959846,0.0006466971554280928,0.025430240962839752
2016-12-13,-0.0035198488313233,1.2389335795368013e-05,0.000219293370476,0.00041996933981730506,0.02049315348640382,0.0006502218033943922,0.025499447119386575,0.0005846992217900599,0.024180554621225293,0.0006324469944044164,0.02514849884991978
2016-12-14,0.0007049616109061,4.96970872851421e-07,0.0001112514517348,0.0003955145395759888,0.019887547349434237,0.0006332484969069658,0.02516442919891023,0.0005593204166291436,0.0236499559540635,0.0006228224593490139,0.024956411187288405
2016-12-15,0.027113110788747,0.0007351207766428,0.0010051218709854,0.00037181348545380056,0.019282465751397058,0.0006196506246268396,0.024892782581038216,0.0005130852535207215,0.022651385245073236,0.0006129514567612595,0.0247578564653982
2016-12-16,0.0088769947886732,7.880103647813146e-05,0.0001512546002493,0.00039361192292514466,0.01983965531265966,0.0007482390229119137,0.027353958084926463,0.0005944060233817073,0.024380443461547358,0.000683867055660438,0.026150851910797055
2016-12-19,-0.0054533514093431,2.9739041593784892e-05,0.0002274385454243,0.00037472326973832384,0.019357770267732898,0.0007113489143326028,0.026671125104363386,0.0005759581800437236,0.023999128735096274,0.0006625544087811205,0.025740132260365728
2016-12-20,-0.0123798486349893,0.0001532606522252,0.0003022301014104,0.00035402421604965146,0.01881553124548046,0.0006774436875332972,0.026027748414592017,0.0005690620118072435,0.023855020683437762,0.0006479784237872528,0.02545542032234496
2016-12-21,0.0185124791056463,0.0003427118826369,0.0003114079972045,0.00034197840222018717,0.018492658062598442,0.0006778864482176556,0.026036252576314735,0.000627364291521788,0.0250472411958241,0.0006720770893660736,0.025924449644420103
2016-12-22,-0.0261541660797652,0.0006840404033279,0.0004447468279627,0.00034202241104519537,0.018493847924247547,0.000713693343619309,0.026715039652212925,0.0006477074969614268,0.025450098171940848,0.0006824488898352739,0.026123722740744166
2016-12-23,-0.0048934456811223,2.3945810634095388e-05,0.0002846237354551,0.0003625434905821601,0.01904057484904697,0.0008016548405499121,0.02831350985925115,0.0008462278145457225,0.029089995093600867,0.0008413771864905931,0.029006502486349384
2016-12-26,-0.0233969513948834,0.0005474173345745,0.0003872343615795,0.0003422276297852761,0.01849939538972223,0.0007368451103317209,0.027144891053966693,0.0007747316187263678,0.027834001126793968,0.0007674613202800927,0.02770309225122879
2016-12-27,0.0170702169061307,0.0002913923052223,0.0005173951410673,0.0003545390120726317,0.018829206358012853,0.0007915536573301103,0.028134563393273235,0.00092091278338371,0.030346544834358162,0.0008613662878914029,0.029349042367535657
2016-12-28,-0.0014113149008629,1.9918097493977877e-06,0.000129764372697,0.0003507502096616148,0.018728326397775504,0.0007802088923287041,0.02793221960977509,0.0008709071274729087,0.02951113565203665,0.0008051904809926631,0.028375878506094982
2016-12-29,0.0312849599911326,0.0009787487216467,0.0009033174114507,0.00032982470566688175,0.018161076665960136,0.00071836551211858,0.026802341541711985,0.0007595130692024025,0.027559264670930582,0.0007369230823880581,0.027146327235706456
2016-12-30,0.0467999983552033,0.002190239846047,0.0013026761718075,0.0003687601466256749,0.019203128563483475,0.0008600237741676017,0.02932616194062226,0.0008227293911188057,0.028683259771490506,0.0007935394859266111,0.028169832905550064
2017-01-02,0.005211676034586,2.716156708947839e-05,0.0001276586298125,0.0004780489285909564,0.021864330051272012,0.001181986379481533,0.03438002878825923,0.0009681189069308278,0.03111460922028152,0.0009598438147980689,0.030981346239278708
2017-01-03,-0.0052116760345861,2.7161567089479663e-05,0.0001573722084282,0.0004509956869008677,0.02123665903339948,0.0009921955477272182,0.03149913566635151,0.0008435289212456977,0.02904356936131814,0.0008439559793226921,0.029050920455687666
2017-01-04,0.0161971169942977,0.0002623465989269,0.0002383760587139,0.0004255656397121844,0.02062924234459871,0.0008650728411512295,0.02941212065035824,0.0007758236253017515,0.027853610633125313,0.0007700916629625577,0.02775052545381002
2017-01-05,0.0172036965069807,0.0002959671735043,0.0001135640976386,0.00041577249726507137,0.020390500172018128,0.000824008089531284,0.028705541094556707,0.0007544109444677664,0.027466542273605652,0.0007403228111761176,0.027208873757951054
2017-01-06,-0.0063373525938523,4.0162037898807024e-05,0.0001295453088911,0.0004085841778394251,0.020213465260549096,0.0008028045125961939,0.028333805120318623,0.0007427839523226975,0.02725406304246575,0.0007237185100698507,0.026902016840189707
2017-01-09,0.0012707238716229,1.614739157912448e-06,9.791965723751328e-05,0.0003864788494429879,0.019659065324755087,0.0007406547004276589,0.027214971990205297,0.0007093514915587653,0.026633653364845862,0.0006922572176951702,0.026310781396514438
2017-01-10,0.0182450204869787,0.0003328807725702,0.0004124535470992,0.0003633870028258833,0.01906271236802054,0.0006918012687964017,0.02630211529129172,0.0006313519459988648,0.025126717772101965,0.0006600818982599749,0.025692059050608906
2017-01-11,0.008072241844504,6.51610883961621e-05,0.0001159434697465,0.00036155662901054663,0.01901464248968533,0.0007211708274524207,0.026854623949190217,0.0006496404088413664,0.02548804442952355,0.000673288805766193,0.025947809267184638
2017-01-12,-0.0086956919066725,7.561505773576979e-05,0.0002717724766266,0.00034377289657368346,0.01854111368213041,0.0006906618792299013,0.026280446709101072,0.0006160602741766585,0.024820561520172313,0.000653951365705908,0.0255724728117151
2017-01-13,-0.0208011851745785,0.0004326893046671,0.0005027234519504,0.0003276834262434086,0.018102028235626212,0.0006721863255077021,0.02592655637580321,0.0006310010175495527,0.025119733628156823,0.0006547691548787364,0.025588457454069725
2017-01-16,0.0164247734052963,0.0002697731814153,0.0004531759236928,0.00033398377894883034,0.01827522308889362,0.0007267405522348236,0.0269581259036088,0.0007685818883905067,0.027723309477594965,0.0007535160273734756,0.027450246399139584
2017-01-17,-0.0107087260196713,0.0001146768129643,0.0001556689236096,0.0003301311430968202,0.01816951136098107,0.0007327445565767166,0.02706925482123061,0.000749914692811551,0.027384570341919753,0.0007298843796051011,0.02701637243608218
2017-01-18,0.0031615203842884,9.995211140271543e-06,0.0003015438537868,0.00031720388328887407,0.01781021850761169,0.0007076951334805233,0.026602539981748424,0.0007583724137081268,0.02753856230285319,0.0007169230528775841,0.0267754188179678
2017-01-19,0.0175223211226322,0.0003070317375246,0.0002734760733363,0.00029877136295995785,0.01728500399074174,0.0006712956283275749,0.02590937336809933,0.0006771910959637185,0.026022895610667895,0.0006776676957113068,0.026032051315854975
2017-01-20,-0.0392206067028329,0.0015382559901383,0.0014276009395545,0.00029926698543383893,0.017299334826340548,0.000702590974520888,0.02650643270077828,0.0006830690732207537,0.026135590164003446,0.0006824652097288055,0.026124035096607982
2017-01-23,0.0089915124027758,8.084729528927228e-05,0.0002371550728747,0.0003736063257161067,0.019328898719691887,0.0009543307644955751,0.03089224440689888,0.0010550461032161735,0.032481473230384326,0.0010762921447308943,0.03280689172614337
2017-01-24,0.0183724433880345,0.0003375466760465,0.0002182503235598,0.0003560407838904965,0.018869043004097915,0.0008497735860286881,0.029150876248042495,0.0009271722333000955,0.030449503005797903,0.000928470822437529,0.030470819195379847
2017-01-25,0.0043846358515497,1.9225031550695548e-05,0.0001368522883883,0.00035493113741985865,0.018839616169653208,0.0008278559245724442,0.028772485547349645,0.0008827978269411167,0.029711913888895086,0.0008555004493521491,0.029248939285932217
2017-01-27,0.1462624338189486,0.0213926995466423,0.0089305954460354,0.00033478877106770885,0.018297233973136727,0.0007535098551735709,0.027450133973690748,0.0007763504090268187,0.02786306532000416,0.0007724696047154662,0.027793337415925174
2017-01-30,-0.0027034030264111,7.308387923208884e-06,0.0004336082852798,0.0015982634176021865,0.039978286826753674,0.004709910776195537,0.06862878970370626,0.0018283435135099467,0.04275913368521335,0.002973951344967448,0.05453394672098699
2017-01-31,-0.0579549662610025,0.0033587781143139,0.0028137630553254,0.0015028061158214477,0.03876604333461758,0.0033514930809008703,0.05789208133156788,0.0014439504679826184,0.03799934825734013,0.0022067936101829123,0.04697652190385014
2017-02-01,0.0415790926363146,0.0017288209444592,0.0007614084458777,0.0016141644357309973,0.04017666531372405,0.0030698114285638853,0.05540587900723068,0.0020245418225929646,0.04499490885192418,0.0026090052223348334,0.05107842227726727
2017-02-02,0.0335529955188677,0.0011258035082891,0.0028818735006804,0.0016210438262546914,0.04026218854278405,0.0025756241824091883,0.050750607704826436,0.0018342859413250669,0.0428285645489674,0.002140305775081867,0.04626343885923167
2017-02-03,0.006366220284828,4.052876071495637e-05,0.0003440720888746,0.0015913294071767592,0.0398914703561646,0.0021315871671502757,0.046169114862105336,0.0016409310273043875,0.04050840687196162,0.0017592649505988672,0.041943592485609374
2017-02-06,0.027641733612308,0.0007640654370938,0.0011711007930645,0.0014982813683890508,0.03870763966440024,0.0016307477135051127,0.04038251742406747,0.001324364285712025,0.03639181619144646,0.0013866340949585123,0.03723753610214446
2017-02-07,-0.056613984135679,0.0032051431997149,0.0020743820376978,0.0014542284125113355,0.038134346887174236,0.0014309014798574936,0.03782725842375434,0.001235004213243939,0.0351426267265829,0.0012107638025109857,0.03479603141898492
2017-02-08,0.002718254746626,7.388908867554895e-06,0.0007004718118892,0.0015592832997435504,0.039487761391899016,0.0017545940040371974,0.04188787418856676,0.001827360830439553,0.04274764122661685,0.0018923721216143913,0.04350140367407
2017-02-09,0.0166895931450161,0.0002785425193461,0.0006253352190916,0.0014661696362909904,0.03829059461918802,0.0013720244261582841,0.037040848075581154,0.0014270259782818843,0.037775997383019344,0.0014732567171207081,0.03838302641950877
2017-02-10,-0.0085792681723712,7.360384237346191e-05,0.00026730193176,0.001394912009274301,0.03734852084453012,0.0011666021465959481,0.0341555580630144,0.0012398081980976876,0.03521091021399032,0.001218127374771873,0.03490168154647958
2017-02-13,-0.0124628368216422,0.0001553223016428,0.0005700225728149,0.0013156335192602508,0.03627166275841584,0.0009905961635868882,0.03147373768059473,0.0011058093080278152,0.033253711191802565,0.0010362041864074437,0.03219012560409548
2017-02-14,-0.0104139379931206,0.0001084501045245,0.0003437830857686,0.0012460148462032086,0.035298935482578064,0.0008880237401349221,0.02979972718222303,0.0010521767640803016,0.03243727430103062,0.0009355010466722876,0.030585961594697127
2017-02-15,0.0163938475678207,0.0002687582380769,0.001235469051889,0.0011777609617024895,0.034318522137506004,0.0008105346703858132,0.028469890593147935,0.0009883729617246604,0.0314383994777829,0.0008544281534484158,0.029230603029161334
2017-02-16,0.0219788730205479,0.0004830708592533,0.0005137212459589,0.0011232207982849564,0.033514486394467635,0.000788679974614014,0.028083446629892386,0.0009182358066033776,0.03030240595403899,0.0007981020032414143,0.028250699163762553
2017-02-17,-0.0053163459946262,2.826353473457867e-05,0.0001539939764333,0.0010848118019430612,0.03293648132304149,0.0008142119045943144,0.028534398619811746,0.0008959559976438064,0.029932524077394582,0.0007826031497458341,0.027975045125000854
2017-02-20,0.037661352758072,0.0014183774915679,0.0014361825779912,0.0010214189059105522,0.031959644959081636,0.000746065190200246,0.02731419393282998,0.0008164934089226645,0.028574348792626308,0.0007288543788352326,0.02699730317708109
2017-02-21,0.000513135795633,2.6330834475998313e-07,0.0002073076770282,0.0010452364210499952,0.03233011631667902,0.0009609802103876904,0.03099968081106143,0.0009063164925442638,0.03010509080777309,0.0008345147768168072,0.028887969413179723
2017-02-22,-0.0302104175285847,0.0009126693272514,0.0007045461101051,0.000982538034287681,0.03134546273845197,0.0008391229234507549,0.028967618532609044,0.0007746731574462515,0.027832950929541255,0.0007562578372253946,0.027500142494638
2017-02-23,0.0214498373801393,0.0004600955236344,0.0005676294092823,0.0009783459118655052,0.031278521574165,0.0009285218220418855,0.030471656043639727,0.0010081148596483706,0.03175082455068483,0.0009542227152422288,0.030890495548667213
2017-02-27,-0.0057098577833769,3.260247590639037e-05,0.0003749855677108,0.0009472508885716402,0.030777441228465374,0.0009035721213147633,0.030059476397880973,0.0009616414664875938,0.031010344507721836,0.000885881296497311,0.02976375810440125
2017-02-28,0.0251875786291886,0.0006344141172015,0.001201339428491,0.0008923719838117251,0.029872595866642142,0.0008067323253733077,0.02840303373538305,0.0008697232288987939,0.02949107032474057,0.0007999743610810596,0.028283818007494313
2017-03-01,-0.0050890817289272,2.5898752843701095e-05,0.0002147995705933,0.000876894511815115,0.029612404694909784,0.0008546709016999743,0.02923475503061338,0.0008762830021389445,0.029602077665916365,0.000799857398551445,0.028281750273832857
2017-03-02,-0.0459371472556207,0.0021102214979845,0.0018198290323373,0.0008258347662768301,0.02873734097436348,0.0007727215489476992,0.027797869503753327,0.0007993909583020008,0.02827350275968651,0.0007398864573680281,0.027200853982329822
2017-03-03,0.011683705680004,0.0001365089784169,0.0002248473627341,0.0009028979701792951,0.030048260684760027,0.0011085125100136915,0.033294331499726666,0.0012642618366957923,0.0355564598448129,0.001272457410452068,0.035671520999980756
2017-03-06,0.0073645656787483,5.423682763659748e-05,0.00012962739765,0.0008569146306735549,0.02927310421997563,0.0009634782816814578,0.031039946547657873,0.0010936505166824094,0.033070387307717,0.0010671685384457336,0.03266754564465677
2017-03-07,0.0253571823688857,0.0006429866976889,0.000672237213873,0.0008087539624913373,0.028438599868687933,0.0008509128229587104,0.02917041005811729,0.0009464675890723498,0.030764713375429808,0.0009194825908190314,0.030322971338888137
2017-03-08,-0.0332497887419943,0.0011055484513872,0.0010078648135155,0.0007988079266031927,0.028263190311838344,0.0008858700130544649,0.029763568553761575,0.000936957255842602,0.030609757526687497,0.0008816786728804388,0.029693074493565647
2017-03-09,-0.0111556649856438,0.0001244488612719,0.0001721943092092,0.0008172123580902363,0.028586926349123933,0.000995986071005575,0.031559246996808635,0.0011873117355148772,0.03445739014369598,0.0010921822681994185,0.03304818101196219
2017-03-10,0.0047963436797487,2.300491269426531e-05,0.0003079154607218,0.0007756465482811371,0.02785043174317298,0.0008858470715903382,0.029763183156213957,0.0010975167648359988,0.03312879057309516,0.0009649122689107134,0.031063037020077632
2017-03-14,0.036538373538497,0.0013350527408387,0.0004018520616465,0.0007304880501459248,0.02702754243629866,0.0007930610649868775,0.028161339900418046,0.0009354243182549244,0.030584707261226557,0.0008469486193960529,0.029102381679100647
2017-03-15,0.036733756090098,0.0013493688364868,0.0010111858057673,0.0007667619315874936,0.027690466438604705,0.0009768400346504586,0.03125444023895579,0.0009950221426682068,0.03154397157410916,0.0009056714787639213,0.03009437619828531
2017-03-16,0.0152001251617214,0.0002310438049319,0.0001575450034896,0.0008017183458814527,0.02831463130399993,0.0011026193486925898,0.03320571259124836,0.0010432383275552465,0.032299200107049814,0.0009469433386229486,0.03077244446941043
2017-03-17,0.0092032211612841,8.469927974350841e-05,0.0003428388025896,0.0007674778734244852,0.02770339100948628,0.0009772504223387163,0.03126100481972255,0.0009526064815858595,0.030864323766864866,0.0008567576878309862,0.029270423431016268
2017-03-20,-0.0038647621370985,1.4936386376350824e-05,0.0002940393438695,0.0007265111578036265,0.026953870924296318,0.0008658472780707008,0.029425282973502578,0.000852772125587168,0.029202262336797947,0.0007802369510883962,0.027932721870387
2017-03-21,0.0028999192258484,8.409531516445301e-06,0.0002862307870349,0.0006838166715179898,0.026149888556511857,0.0007781527709254202,0.027895389779055254,0.0007695958846410006,0.02774159124205028,0.000723587408722996,0.02689958008451054
2017-03-22,-0.0180183599444256,0.0003246612950868,0.0001658438410323,0.0006432922431178972,0.025363206483366752,0.0007181912372621604,0.026799090231986615,0.0006844535691621353,0.026162063549386452,0.0006820124514949079,0.02611536810950418
2017-03-23,0.0271464849065841,0.0007369316427834,0.0004368634427585,0.0006241743862360362,0.024983482268011323,0.0007373062993716865,0.027153384676163052,0.0007827615962256415,0.02797787690704285,0.0007422546938364268,0.027244351595081626
2017-03-24,0.0114123246341936,0.0001302411535562,0.0002268337266987,0.000630939821628878,0.025118515514036214,0.0008273847192897946,0.028764295911594892,0.0008183270190529788,0.02860641569740919,0.0007716060147607372,0.0277777971545754
2017-03-27,-0.0181300511301059,0.0003286987539802,0.0003183588111298,0.0006008979015445186,0.024513218914384103,0.0007740028637410841,0.02782090695396331,0.0007629041994011891,0.02762072047215983,0.0007273937183106296,0.026970237639120452
2017-03-28,0.0067177264959123,4.512784927388319e-05,0.0001312391663564,0.0005845659526906627,0.02417779875610397,0.0007754459368763299,0.02784682992507998,0.0008489853091237929,0.029137352472793282,0.0007740913807834911,0.027822497745232922
2017-03-29,-0.0009567895734849,9.154462879294928e-07,7.939060184061716e-05,0.0005521996664856558,0.023498929049760028,0.0007232605910497353,0.02689350462564772,0.0007626495505358867,0.027616110344070664,0.0007200858953595052,0.02683441624778719
2017-03-30,0.0128419452730049,0.0001649155583948,0.0001795656218424,0.0005191226132737922,0.022784262403549346,0.0006800195463755179,0.026077184402759395,0.0006744089631979091,0.025969385113974282,0.0006790051082917947,0.026057726460529795
2017-03-31,0.0256604032035384,0.0006584562925681,0.0007776412292825,0.0004978701899810558,0.022313004951844916,0.0006817963400514494,0.02611123015201408,0.0006579754858990428,0.025651032842734477,0.0006683588732150083,0.025852637645219265
2017-04-03,0.029500571722597,0.00087028373196,0.0005629051391592,0.0005075053561362822,0.022527879530401484,0.0007754946609900775,0.02784770477059245,0.0007090016011189131,0.0266270839770132,0.0007132837582582424,0.026707372732229624
2017-04-05,0.0247362648772374,0.0006118828000768,0.0006230312742877,0.0005292720586857107,0.023005913559033267,0.0008779586760394414,0.02963036746379365,0.0007715256165132455,0.02777634994943082,0.0007660766918760757,0.027678090466577994
2017-04-06,0.0099848320628507,9.96968713233319e-05,0.0001442791754954,0.000534228703169179,0.02311338796388749,0.0008981553926386164,0.029969240775145047,0.0007961098493997152,0.02821541864654351,0.0007745262127624303,0.027830311043221027
2017-04-07,0.0141542913512497,0.000200343963656,0.0007273857930718,0.0005081567932584281,0.022542333358781384,0.0008156802070752387,0.028560115669850478,0.0007387495689409741,0.02717994792012991,0.0007261444838413152,0.02694706818637818
2017-04-10,0.0227377914690196,0.0005170071608886,0.0002859887211383,0.000489688023482286,0.0221288956679335,0.0007793030520751434,0.02791599992970238,0.0007150711675243336,0.026740814638382533,0.0007040179864208666,0.02653333726504954
2017-04-11,0.0099422048504623,9.884743728855707e-05,0.0011706348853718,0.0004913271717266662,0.022165901103421582,0.0008142921495966683,0.028535804695096093,0.0007401597246702396,0.027205876656896017,0.0007224861647897717,0.026879102752691945
2017-04-12,-0.0590029774926625,0.0034813513529996,0.0025848120245696,0.0004677783876603795,0.021628185029270938,0.000759349033994613,0.027556288465513876,0.0006954668794441249,0.02637170603969574,0.000690819868074968,0.026283452362179667
2017-04-13,0.0216270685716385,0.0004677300950023,0.0007832610991652,0.0006485927655807352,0.025467484476892004,0.0013565571826845107,0.03683147000439313,0.0014069947632675993,0.037509928862470523,0.0016162878464106153,0.0402030825486133
2017-04-17,0.0541349099985499,0.0029305884805511,0.0021122084376409,0.0006377410053460323,0.025253534511945695,0.001191703034641157,0.03452105205003401,0.0012565372662501596,0.03544766940505623,0.0013349538862856296,0.03653702076368063
2017-04-18,0.1610180475944737,0.0259268116511361,0.0242425381442364,0.0007753118538583363,0.027844422311449315,0.0015429159198928266,0.03927996843039498,0.0013653549709482194,0.03695071001954116,0.001404624359804467,0.03747831852957743
2017-04-19,0.0017236726304718,2.9710473370378976e-06,0.0019203967225275,0.0022844018416950094,0.0477954165343813,0.006088522567810957,0.07802898543368969,0.0025071717951292982,0.050071666590291344,0.003880908398357483,0.06229693731121525
2017-04-20,0.007549804129006,5.6999542386356105e-05,0.0005855392473001,0.002147515994033531,0.04634129901107144,0.004274080142422769,0.06537644944796842,0.001861953518445786,0.04315035942429433,0.002819173431321143,0.053095889024680085
2017-04-21,-0.0020534623704826,4.2167077069881355e-06,0.0003893804999507,0.0020220850069347005,0.044967599523820484,0.0030688858716001566,0.05539752586172199,0.001481125690713161,0.03848539581078985,0.002106008882761657,0.04589127240294887
2017-04-24,0.0277045331900405,0.000767541159278,0.0031270781792063,0.0019010129089810377,0.04360060675014785,0.0022517481201357707,0.04745258812895004,0.0012007009443889584,0.03465113193517577,0.0016182833799351184,0.040227893058611935
2017-04-25,-0.0006666587787765,4.444339273198014e-07,0.0004530051138284,0.0018330046039988588,0.042813603025193506,0.0018475016761846633,0.04298257409910048,0.0011439451769771074,0.03382225860254024,0.0013679743240487322,0.03698613691707654
2017-04-26,-0.2349670841567432,0.055209530637122,0.0238283956674136,0.0017230509937945662,0.0415096494058257,0.0014329527227466368,0.03785436200422135,0.0009499648459618124,0.03082149973576582,0.0011175430694452826,0.03342967348696787
2017-04-27,-0.0378214826491823,0.0014304645497824,0.0120963728392278,0.004932239772394218,0.07022990653841295,0.011503558809944272,0.10725464470103041,0.013476681337776958,0.11608910947103074,0.016130134061130483,0.12700446472912078
2017-04-28,-0.0466241403201632,0.0021738104605942,0.0036770933107572,0.004722133259037508,0.06871777978833069,0.008168660777028908,0.09038064381840233,0.00884260753175438,0.09403513987735851,0.011505843100930682,0.10726529308649038
2017-05-02,0.0342838293068916,0.001175380951944,0.0027651179800807,0.004569233891130914,0.06759610855020363,0.006074263049883819,0.07793755866001846,0.00655781167265457,0.08098031657541585,0.008579277959534637,0.09262439181735359
2017-05-03,-0.0008872374512391,7.871902948812562e-07,0.0010543452925125,0.004365602714779704,0.06607270779058252,0.004484283055313933,0.06696478966825725,0.004576271850811051,0.06764814743073938,0.0061241533371942285,0.07825696989530216
2017-05-04,0.0066355820271479,4.403094883900922e-05,0.0001897818144294,0.0041037137833106144,0.06406023558581887,0.0031991443542181723,0.05656097907761297,0.0031161499134788623,0.05582248573360794,0.004337915695866674,0.06586285520584932
2017-05-05,0.0026420410712491,6.980381022167424e-06,0.001391580405996,0.0038601328132423177,0.06212996711122836,0.002346458501968339,0.04844025703862789,0.002280346035208961,0.04775296886277293,0.0031329377338658263,0.05597265166012618
2017-05-08,0.0074479823690419,5.547244136955923e-05,0.0005518879596295,0.0036289436673091085,0.06024071436585981,0.0017683812113824693,0.042052124933021746,0.0017231743456495735,0.04151113520068529,0.002313166517230274,0.04809538977106095
2017-05-09,0.0313667532885151,0.0009838732118625,0.0010167547884736,0.0034145353937527355,0.05843402599301828,0.0013902718305285604,0.03728634911772082,0.0013869974299024312,0.037242414394107574,0.001763244169501991,0.041991001053820934
2017-05-10,0.0381788719249634,0.0014576262614627,0.0007032947672429,0.0032686956628393254,0.057172507928543115,0.0013110300083288443,0.03620814836923927,0.001305279860821692,0.03612865705809852,0.0014889746515222022,0.038587234307763
2017-05-11,-0.0218160890998579,0.0004759417436129,0.0021397744161891,0.0031600314987567314,0.0562141574583906,0.0013467527544913684,0.036698130122546684,0.0012903775806270663,0.035921825964545094,0.001353317250429442,0.03678746050530591
2017-05-12,0.011584837474565,0.000134208459312,0.0007995191290163,0.0029989861134481037,0.05476299949279718,0.0011866751607327005,0.03444815177527962,0.001309159123479682,0.0361823040101053,0.0012383779334462653,0.035190594388931046
2017-05-15,0.002875360093885,8.267695669506905e-06,0.0002498026172943,0.0028270994541999424,0.05317047539941638,0.0010154007533085122,0.03186535349417157,0.001125118615338504,0.033542787828958164,0.0010438512532663384,0.032308686962894954
2017-05-16,0.0073558915314076,5.4109140221835465e-05,0.0003282838269736,0.002657969548688116,0.05155549969390381,0.000877074359829186,0.029615441239819237,0.0009449519509366239,0.030740070769870127,0.0008988393350808972,0.029980649343883416
2017-05-17,-0.0106427435399056,0.0001132679900562,0.0002674175095896,0.002501737924180139,0.050017376222470315,0.00079301517504049,0.02816052512011255,0.0008374859719259994,0.028939349887756625,0.0008054980159466355,0.028381296939122346
2017-05-18,-0.009510044374056,9.044094399651524e-05,0.0012697736092782,0.002358429728132703,0.04856366674925507,0.0007478005834043489,0.027345942722904047,0.0008266576686196063,0.028751655058789332,0.0007677315548941287,0.02770796915860361
2017-05-19,0.012796896382554,0.0001637605570258,0.0004459532087647,0.0022223504010845316,0.047141811601640125,0.0007132370049923227,0.02670649743025698,0.0008063648784436258,0.028396564553544605,0.0007358836259145304,0.027127175044861018
2017-05-22,-0.004522109003068,2.044946983562945e-05,0.0003381820312651,0.002098835010441009,0.045813044107994055,0.0007038290441769031,0.026529776557236647,0.0007607375280036914,0.027581470736777098,0.0007067477537416385,0.026584727828993068
2017-05-23,-0.0699646411436362,0.0048950510103577,0.0022986219608853,0.0019741318780046864,0.04443120387750805,0.0006706656290977793,0.02589721276697126,0.0007059179238054458,0.026569115977116097,0.0006753459518989817,0.02598741910807962
2017-05-24,0.0039692130278367,1.5754652060348606e-05,0.0006509839096154,0.002149387025945873,0.046361482137070135,0.0015621374933341195,0.03952388509919185,0.001649845945930085,0.040618295704400065,0.001994569387688173,0.04466060218680636
2017-05-25,0.0230595115969557,0.0005317410750901,0.0006466048760038,0.0020213690835127413,0.04495963838280665,0.0012446842934476863,0.03528008352381959,0.0013156355554363355,0.03627169082681886,0.001543335364297073,0.03928530723180198
2017-05-26,-0.0025840115580605,6.677115732190685e-06,0.0002087198920476,0.0019319914030073847,0.043954424157385846,0.0011287681783228585,0.033597145389494903,0.0011995317619450233,0.03463425705778923,0.0012923212997155188,0.035948870631989524
2017-05-29,-0.0400316993982566,0.0016025369567123,0.0009999992973707,0.001816472545770873,0.04262009556266706,0.000952710208533646,0.030866004090805893,0.0010097571453495057,0.03177667612179577,0.0010680344297268184,0.032680796038756746
2017-05-30,0.0567094283340243,0.0032159592619718,0.0057471637966294,0.001803636410427363,0.04246924075642703,0.0011339103781169662,0.033673585762685955,0.0013500083526763805,0.036742459807100294,0.0013550273503877587,0.03681069614103703
2017-05-31,-0.0093738700674624,8.78694400416688e-05,0.0008289602467696,0.0018883757815200317,0.04345544593626939,0.0015576954400577411,0.039467650551530696,0.0014565929947627843,0.03816533760839519,0.001448359528294444,0.03805731898458487
2017-06-01,-0.0004280463289727,1.8322365974704413e-07,0.0001568859287278,0.0017803454010313297,0.04219413941569765,0.0012552260284968083,0.035429169175931974,0.001270816748286754,0.03564851677541092,0.0011960110129385576,0.03458339215488495
2017-06-02,0.0064034829010332,4.1004593263824896e-05,0.0001319805620712,0.0016735356703890347,0.04090887031426112,0.0010361950133903075,0.03218998312193263,0.0010367866125615846,0.032199170991837424,0.001001039596443942,0.03163920979487228
2017-06-05,0.0,0.0,0.0002648312481366,0.0015755838057615221,0.039693624245734,0.0008971385775927542,0.029952271659971875,0.0008999837890811515,0.02999972981680254,0.0008733107647791094,0.029551831834576842
2017-06-06,0.0859824456541897,0.0073929809606756,0.0022111035690799,0.0014810487774158307,0.03848439654477943,0.0007963121722382937,0.028219003742837798,0.0007675399325828022,0.02770451105114115,0.0007824977231853188,0.027973160765014004
2017-06-07,0.0250640554592716,0.0006282068760654,0.0006056096755957,0.0018357647084114223,0.042845824865573805,0.0021145027163794856,0.04598372229799895,0.001205558785177443,0.03472115760134508,0.0015019380392226702,0.038754845364453075
2017-06-08,-0.011490169099097,0.0001320239859258,0.0005085603060743,0.0017633112384706634,0.041991799657441015,0.0017294576015486867,0.04158674790782139,0.0011311462418487801,0.03363251762578562,0.0012744820769632023,0.03569988903292561
2017-06-09,0.018699426535245,0.000349668552747,0.0008059444963354,0.001665434003317974,0.040809729272784624,0.0013785492884326375,0.03712882018638133,0.001059774683925477,0.03255418074419132,0.0010904255814027006,0.03302159265393934
2017-06-12,-0.01140715882529,0.0001301232724653,0.0005719366742227,0.001586488076283717,0.03983074285377712,0.0011843042383013025,0.03441372165723002,0.0009847404320647828,0.0313805741194259,0.0009664360199187616,0.031087554099973217
2017-06-13,0.0125407720558812,0.0001572709637575,0.0009518044501248,0.0014991061880546175,0.03871829268000614,0.0010130469807136657,0.03182839896560406,0.0009485076527696721,0.03079785143106045,0.0008813333601713421,0.029687259222961997
2017-06-14,-0.0087236914643313,7.610279276484723e-05,0.0002252733495345,0.0014185960745967945,0.03766425460030763,0.0009034266460121611,0.030057056509448177,0.0008673566255790691,0.029450918925885302,0.0008045422781486774,0.02836445448353762
2017-06-15,0.0094784684930363,8.984136497348333e-05,0.0005113758571814,0.0013380464776868775,0.036579317621941464,0.0008147884915162999,0.028544500197346247,0.0008296654384569741,0.028803913596193383,0.0007568642557682454,0.02751116601978632
2017-06-16,-0.0121488287225404,0.0001475940393296,0.0001993947523124,0.0012631541709240736,0.03554088027784447,0.000757993407039943,0.027531680062065644,0.0007618157466859762,0.02760100988525558,0.000713145010999988,0.02670477505990245
2017-06-19,0.0079893494659692,6.38297048893832e-05,8.656692399528465e-05,0.0011962205630284065,0.034586421656893136,0.0007307768552718372,0.027032884701264075,0.0007827816606388531,0.02797823548115308,0.0007146413154892773,0.02673277605280225
2017-06-20,-0.0079893494659691,6.38297048893818e-05,0.0002024562066108,0.001128277111540065,0.033589836432171935,0.0006968464858624957,0.026397850023486682,0.0007187505582946414,0.02680952364915575,0.0006818093806813374,0.026111479863870937
2017-06-21,0.0072313167716033,5.229194225127176e-05,0.0001407913572013,0.0010644102671410237,0.03262530102759243,0.0006741197800750304,0.025963816747062256,0.0007065001719468459,0.026580070954511124,0.0006703901549708909,0.025891893615007978
2017-06-22,-0.007613301519148,5.796236002146273e-05,0.0002132774884762,0.0010036831676476386,0.031680959070830524,0.0006567347223577041,0.02562683598023182,0.0006565004888918006,0.025622265491009974,0.0006506293890790617,0.025507437916793246
2017-06-23,-0.0349959348285876,0.0012247154545267,0.001070107342077,0.0009469399191900679,0.030772388909378938,0.0006461529876822102,0.025419539486037316,0.0006534205188990682,0.025562091442193617,0.0006476655548752658,0.02544927415222811
2017-06-27,0.0361415607717858,0.0013062124150206,0.0015375339146732,0.0009636064513102689,0.03104201107064858,0.0008577589950862164,0.029287522856776677,0.0009673623961828016,0.03110245000289851,0.0009665085794814145,0.03108872109755264
2017-06-28,0.0256231230810834,0.0006565444364283,0.0004225874482661,0.000984162809132894,0.03137136925817702,0.0010147692146563788,0.03185544246524256,0.0010178052862206376,0.031903060765710825,0.0009835758188046233,0.03136201235259981
2017-06-29,-0.0085933158566415,7.384507741200775e-05,0.0001805245433853,0.0009645057067706212,0.031056492183931868,0.000998162954821318,0.03159371701495913,0.0009933031951892119,0.03151671295026199,0.0009265065561136369,0.030438570204818046
2017-06-30,-0.0048900884016269,2.391296457572683e-05,0.0002892648303271,0.0009110660690091044,0.030183871007693902,0.0008778200928884281,0.02962802883906434,0.0009240140366469879,0.030397599192156406,0.0008388220659738822,0.02896242507066496
2017-07-03,0.0289877217451766,0.0008402880119757,0.0009496342753137,0.0008578368827431017,0.029288852533738866,0.0007878547637991165,0.028068750663310906,0.0008332254481461861,0.028865644772743015,0.0007657222857936898,0.027671687440300595
2017-07-04,-0.0218487837127308,0.0004773693497256,0.0004087209475487,0.0008567839504970626,0.029270872048797292,0.000880615192049367,0.029675161196687155,0.0008689950418734296,0.029478721849385357,0.0007984129054150252,0.02825620118513855
2017-07-05,0.0126491452944271,0.0001600008766795,0.0002451731489565,0.0008340190744507803,0.028879388401605397,0.0008747218256509683,0.029575696537038114,0.0009796414436159257,0.03129922432930129,0.0008630600025001003,0.02937788287981454
2017-07-06,-0.000369908292765,1.368321450563452e-07,0.0001002290279401,0.000793577982584505,0.028170516193078626,0.0008112875576701192,0.02848311004209546,0.0008912280298568909,0.029853442512663274,0.0007924582520172462,0.028150635019786787
2017-07-07,-0.0074238500117319,5.511354899669269e-05,0.000124154017536,0.0007459715135581381,0.027312479081147836,0.0007388344413639864,0.027181509181132428,0.0007646196301583692,0.027651756366610228,0.0007277923321700833,0.02697762651105696
2017-07-10,0.0048317139879067,2.33454600609338e-05,7.14979840979785e-05,0.0007045200356844513,0.02654279630491956,0.0007006097537365451,0.026469033864811635,0.0007369506998106222,0.027146835907903195,0.0006991270623354925,0.026441010993067046
2017-07-11,-0.0108110544206512,0.0001168788976862,0.0001408033923354,0.0006636495611470402,0.025761396723528795,0.0006690521528626425,0.025866042466188028,0.0006686933263785876,0.0258591052895994,0.0006670287175694754,0.025826899108671086
2017-07-12,0.0575333065705717,0.0033100813649433,0.0014968191290176,0.0006308433213393946,0.025116594541047848,0.0006654464445314969,0.025796248652304017,0.0006941885576802765,0.02634745827741789,0.0006749707673780401,0.025980199525370087
2017-07-13,-0.0035449051208393,1.2566352315753389e-05,0.0006951210425937,0.0007915976039556344,0.028135344390208455,0.0012615583494244157,0.035518422676470526,0.0009290030574315997,0.030479551463753526,0.0009978540703980872,0.0315888282530088
2017-07-14,-0.009992928640617,9.985862281646548e-05,0.0002603841541394,0.0007448557288572415,0.027292045157101024,0.0010427574959722108,0.03229175585148957,0.0008234041780445165,0.028695020091376772,0.0008702782475660916,0.029500478768421566
2017-07-17,0.0,0.0,0.0001066073298954,0.0007061559024947948,0.02657359408312686,0.0009125656294521911,0.030208701220876596,0.000808851086520899,0.028440307426624258,0.0008079049815424326,0.02842366938912766
2017-07-18,-0.0111814863950988,0.0001250256380037,0.0001979768940493,0.000663786548345107,0.02576405535518636,0.0008066452772082876,0.028401501319618435,0.0007003109828467424,0.02646338948144667,0.0007382132611233031,0.02717008025610714
2017-07-19,0.0118985808000311,0.0001415762250548,0.0001850437221353,0.0006314608937246273,0.025128885644306383,0.0007591339121465664,0.027552384872213266,0.0007234679080151906,0.02689735875537207,0.000725408171864947,0.026933402530407238
2017-07-20,0.006430915957251,4.1356680049226447e-05,0.000224642339164,0.0006020678136044418,0.02453707019194512,0.0007304128042401385,0.02702615037773857,0.0006919944649849043,0.026305787670870155,0.0006973117598340348,0.026406661277678305
2017-07-21,0.0056818672253244,3.2283615166216235e-05,0.0002878700922095,0.0005684251455911289,0.02384166826359114,0.0006923903473426934,0.026313311219660164,0.0006415469942500107,0.025328777985722303,0.0006677021676601045,0.025839933584668993
2017-07-24,-0.0067506487297773,4.557125827284483e-05,0.0002224163643034,0.000536256653765634,0.023157216019323953,0.0006652221081184496,0.025791900048628632,0.0005988867869510312,0.024472163511856306,0.0006466959287122916,0.025430216843595567
2017-07-25,-0.0067967352010697,4.61956093934604e-05,0.0001299283859992,0.0005068155300360666,0.02251256382636297,0.000649515313231369,0.025485590305727057,0.0005991344891325294,0.02447722388532918,0.0006415948417667014,0.025329722496835638
2017-07-26,0.0103553132997511,0.000107232513536,0.0002109320800335,0.00047917833479751016,0.02189014241154018,0.0006391118622266194,0.025280661823350658,0.0005997520471790729,0.024489835589057613,0.0006383127283216803,0.02526485163862397
2017-07-27,-0.016114902330565,0.0002596900771236,0.0003498840759536,0.0004568615855218197,0.02137432070316668,0.0006435842129206493,0.02536896160509234,0.0005869001898985136,0.024226022989721478,0.0006347140659846827,0.025193532225249452
2017-07-28,0.0014429844233653,2.0822040460750304e-06,0.0001595199850675,0.00044503129501792944,0.021095764859751575,0.0006751561312661453,0.025983766687417458,0.0006800066975130573,0.02607693803944507,0.0006923635782751455,0.02631280255455784
2017-07-31,-0.0006401408755365,4.0978034053275955e-07,0.0001372776173613,0.00041845434955961814,0.020456156764153383,0.0006480176691240275,0.025456191174722653,0.0006097407023972031,0.024692928185964563,0.000660203290835106,0.025694421395219352
2017-08-01,0.0165410390271129,0.0002736059720964,0.0001615928093228,0.000393371675406473,0.019833599658319035,0.0006295267362069892,0.025090371384397427,0.0005547327097855544,0.0235527643767256,0.0006383211841094963,0.025265018980984287
2017-08-02,0.0124049951367846,0.0001538839043436,0.0001942590333783,0.00038618573320787293,0.019651608921609266,0.0006683487390712376,0.02585244164622053,0.0005787210580232514,0.024056621916288483,0.0006522939716569302,0.025540046430203103
2017-08-03,-0.0300345023673508,0.0009020713324544,0.000567983976721,0.0003722476234760195,0.019293719793653567,0.0006719114340839321,0.025921254485150445,0.0005792864128508044,0.02406836955115166,0.0006491082114579834,0.025477602152831874
2017-08-04,0.0018131467564005,3.287501160245773e-06,0.0001768986000654,0.0004040370460147224,0.020100672775176517,0.0008145363896402884,0.0285400839108838,0.0008341120926797146,0.028880998817210506,0.0008787602603890404,0.02964389077683698
2017-08-07,0.0151026514088627,0.0002280900795776,0.0001559932792515,0.00037999207332345376,0.019493385373594137,0.0007416010774844108,0.027232353506159008,0.0007276550557658418,0.026975082127138034,0.0007865346889615012,0.028045225778401236
2017-08-08,-0.019823771246893,0.0003929819064491,0.0006345334742767,0.00037087795369870386,0.019258191859536134,0.0007348852083805991,0.02710876626445031,0.0007110923437329958,0.02666631477600525,0.0007478373856777713,0.027346615616521384
2017-08-09,-0.1002367715313372,0.0100474103670254,0.005825290923101,0.0003722041908637301,0.01929259419735278,0.0007612938611537869,0.027591554163435356,0.0008253696601929514,0.02872924747000783,0.0008056106895073653,0.028383281866397433
2017-08-10,-0.0699995152792752,0.0048999321393334,0.0025824372968206,0.0009527165614334364,0.030866107001587297,0.0025885878589909377,0.0508781668202672,0.002589190109298266,0.05088408502958726,0.0034996344543605823,0.05915770832580131
2017-08-11,-0.0187328840082155,0.0003509209432652,0.0028201337633506,0.0011895494961074392,0.03448984627549736,0.00284768487108463,0.05336370368597582,0.0031627880899066383,0.05623867076937931,0.003908159955729296,0.06251527777855023
2017-08-14,0.0256146070160576,0.000656108092587,0.0010179248656228,0.0011392317829369081,0.03375250780219017,0.002168572247406691,0.04656793153455166,0.0025541801482832104,0.05053889737898137,0.002933811929097174,0.054164674180661086
2017-08-16,-0.0125081668090454,0.0001564542369229,0.0015547362125016,0.0011102443615159177,0.033320329552930864,0.0017709033476697436,0.0420821024625641,0.0020690836953193,0.04548718165944446,0.002246911849353188,0.047401601759362394
2017-08-17,-0.0157483932321519,0.0002480118893944,0.0007389735933452,0.001053016954040337,0.03245022271172167,0.0014108889793799774,0.03756180213168662,0.0017365405316823036,0.04167181939491368,0.0017555492764129675,0.041899275368590415
2017-08-18,-0.0101928356408684,0.0001038938984017,0.000250137969782,0.001004716650161586,0.03169726565749143,0.0011869111938783699,0.03445157752379954,0.0015519656966264475,0.03939499583229382,0.0014480389320085717,0.03805310673267784
2017-08-21,-0.0432377251818045,0.0018695008788972,0.0014954778131332,0.0009506672850559962,0.03083289290767242,0.0010098767530164184,0.03177855807012676,0.0013484647294663761,0.03672144781277525,0.0012002005711496606,0.034643911025599584
2017-08-22,-0.0112255216963636,0.0001260123373555,0.0006514666799767,0.0010057973006864715,0.03171430750759776,0.0012222399179837684,0.034960548021788336,0.001678703569994451,0.040971985184934,0.0015179268179367164,0.03896058030800769
2017-08-23,0.0346695039572374,0.0012019745046409,0.0003736517181665,0.000953010202886615,0.03087086333238212,0.0010376859155002784,0.03221313265580171,0.001450639472592876,0.03808726129026444,0.0012536021734826845,0.03540624483735439
2017-08-24,-0.0082116789049523,6.743167043803884e-05,0.0002358572128418,0.000967948060991872,0.031111863669537252,0.0011157469010334281,0.03340279780248098,0.0013741436349183089,0.03706944341257782,0.0011669482719548375,0.034160624583792924
2017-08-28,0.0880795348179164,0.0077580044537405,0.0009321215636209,0.000913917077558642,0.030231061469267698,0.0009553762050716223,0.030909160536507982,0.0011980808442673496,0.03461330444016216,0.000999854911063726,0.03162048246095758
2017-08-29,-0.0020994133071597,4.407536234279573e-06,0.0009058332126376,0.0013245623201295568,0.03639453695446003,0.0022894637031760892,0.04784834065227434,0.0015893852301084698,0.03986709457821663,0.0016876623952655908,0.041081168377561886
2017-08-30,0.0744982888339779,0.0055499950391907,0.0031143740925796,0.0012453530330958401,0.035289559831426634,0.0017297236041560833,0.041589945950386654,0.0012753464831754624,0.03571199354804296,0.0013350849231366748,0.0365388139262439
2017-08-31,0.0337584108289796,0.0011396303016981,0.0007318490742085,0.0015036315534615377,0.038776688273517344,0.002394260335249674,0.048931179581629486,0.0015374049378514487,0.039209755646413415,0.0016814033901442077,0.0410049190969109
2017-09-01,0.0300969523692137,0.0009058265419147,0.0011121157340356,0.0014817914783557355,0.038494044712860914,0.002012700555218075,0.04486313135769811,0.0014309887974209778,0.037828412568081386,0.0014500152680784876,0.038079066008484076
2017-09-04,-0.0433875402812989,0.0018824786516613,0.0014739923131571,0.0014472335821692744,0.038042523341246366,0.0017133065157857665,0.041392106926149176,0.0013289543595124656,0.03645482628558893,0.00126865181165779,0.03561813880114723
2017-09-05,0.0174313455409355,0.0003038518073674,0.000377356414882,0.0014733482863387981,0.038384219235758826,0.0016958326917357457,0.041180489211952616,0.0016656451706803424,0.040812316409147155,0.00156784208140088,0.03959598567280375
2017-09-06,-0.0174313455409355,0.0003038518073674,0.000275351304734,0.0014031784976005195,0.0374590242478434,0.0013882342192043035,0.037259015274216566,0.0014118895135216132,0.037575118276881224,0.001284841974128159,0.035844692412240885
2017-09-07,-0.0030626150393554,9.379610879285947e-06,0.0002705518118849,0.0013372188961865378,0.036568003721649034,0.0011822034536220364,0.03438318562352878,0.0013412743327862674,0.036623412358575594,0.0011446915527707814,0.0338332905992128
2017-09-08,-0.0217064759171284,0.0004711710967408,0.0006432092589336,0.0012575485390681027,0.03546193084235689,0.0009890079331656817,0.03144849651677615,0.0011150956736415234,0.033393048283161024,0.0009688215459991485,0.03112589831634018
2017-09-11,0.0236215050403409,0.0005579755003708,0.0003660673205129,0.001210365892528469,0.03479031319963172,0.0009461619575593252,0.030759745733008347,0.001173307963776331,0.03425358322535514,0.0009767345389978565,0.03125275250274536
2017-09-12,0.0249448257058867,0.000622244329497,0.0004151510739165,0.001171222468999012,0.03422312769165045,0.0009337339721020243,0.03055706092054706,0.0010983791742032376,0.03314180402759086,0.0009114625863739672,0.030190438658190565
2017-09-13,-0.0241795133122977,0.0005846488640195,0.0003630017581826,0.0011382837806288952,0.0337384614443056,0.0009374560660954563,0.030617904338727304,0.001050353576844028,0.03240915884196978,0.0008740575125107424,0.029564463677035347
2017-09-14,0.0087569321544397,7.668386075746082e-05,0.0002780144129762,0.0011050656856323364,0.03324252826775269,0.0009329023270501486,0.030543449822345685,0.0011548684837899474,0.033983355981861876,0.0009437780824263525,0.0307209713783004
2017-09-15,-0.0095222445480288,9.067314123246564e-05,0.0001377737717665,0.0010433627761398437,0.03230112654598665,0.0008346403422187399,0.028890142647947238,0.0009983779363416905,0.031597119114591614,0.0008383093976826084,0.02895357314188714
2017-09-18,0.0015297133614904,2.3400229683225513e-06,0.000163536076755,0.000986201398045401,0.03140384368266727,0.000771446167458839,0.02777491975611881,0.0009379697672021891,0.03062629209032966,0.0007837338004322789,0.027995246032715606
2017-09-19,0.0011459413842318,1.3131816560952623e-06,9.247764505038624e-05,0.0009271697155407762,0.030449461662577487,0.0007125614700587705,0.02669384704494222,0.0008028372691851184,0.028334383162248625,0.0007220947960582936,0.026871821599182544
2017-09-20,-0.012289115027045,0.0001510223481479,0.0001489061185907,0.0008716183235076952,0.029523182814657625,0.0006729277802808491,0.025940851572006055,0.0007011920268174335,0.026480030717834023,0.0006802522504731678,0.026081645854377514
2017-09-21,-0.0132246693071036,0.0001748918782822,0.0008070021961263,0.0008283825649861101,0.028781635898365996,0.0006744421314100633,0.025970023708307685,0.0007354669224448917,0.027119493403175727,0.0006933132927689668,0.02633084299389153
2017-09-22,-0.0477138375591879,0.0022766102946245,0.0008040271064699,0.0007891731237838783,0.028092225326304756,0.000679930503787126,0.026075477057709337,0.0007729324266614265,0.027801662300327053,0.0007087205368171234,0.02662180566410031
2017-09-25,-0.0427918626899226,0.0018311435124731,0.0017889674032781,0.00087841935403432,0.029638140191893283,0.0010775482324600174,0.03282602980044978,0.0012705096519295455,0.035644209234173586,0.0012971116919211472,0.0360154368558976
2017-09-26,0.0165786169959332,0.0002748505414978,0.0007620407205786,0.0009355828035406522,0.03058729807519213,0.0012603769403064916,0.03550178784662107,0.0016087005253970705,0.04010860911820641,0.0015729946457228052,0.039660996529623474
2017-09-27,-0.0373674486524305,0.001396326218792,0.0015436911297932,0.0008959388678180838,0.029932237935344625,0.0010911281691554596,0.03303222924895411,0.0013667731925195688,0.03696989576019344,0.001285267203899892,0.035850623479932564
2017-09-28,0.0091482635844348,8.369072661029604e-05,0.0003057061380107,0.0009259621088765205,0.030429625513248112,0.0011879716184784086,0.03446696416103989,0.001596728470932099,0.03995908496114618,0.0014454030494380414,0.03801845669458508
2017-09-29,0.0086356933593733,7.457519979712577e-05,0.0001343672679135,0.0008754258259405471,0.029587595812105908,0.0010068001907236814,0.031730114886707884,0.0013113944362101594,0.036213180421086455,0.0011786860473188346,0.0343319974268733
2017-10-03,-0.0394615279079283,0.0015572121848282,0.0010946988554236,0.0008273747883719416,0.028764123285300067,0.000883742202817391,0.029727801849739766,0.0011094531993201297,0.03330845537277479,0.0009971363985258098,0.03157746662615305
2017-10-04,0.030825834548555,0.0009502320756148,0.0004559096706596,0.0008711650321593173,0.029515504945016903,0.001079219736405496,0.03285147997283373,0.0014236166720087374,0.037730845100643284,0.0012945602109381733,0.03597999737268158
2017-10-05,0.0531996062841263,0.002830198108786,0.0012707511805237,0.0008759090547666515,0.029595760756680196,0.0010963803698653021,0.03311163496212928,0.0013284445315233171,0.03644783301546633,0.0011680880529667827,0.03417730318452266
2017-10-06,0.015099213515965,0.0002279862488007,0.0002503111282886,0.0009931663980078157,0.031514542643164216,0.0014602514374457652,0.03821323641679366,0.00141395278402132,0.03760256352991535,0.0012810397536706876,0.03579161568958138
2017-10-09,-0.0341949181780853,0.0011692924292059,0.0005940189142503,0.0009472555890553887,0.030777517590854994,0.0012162208151694988,0.034874357559236825,0.001220700902100475,0.03493853033687128,0.0010826422353457546,0.03290352922325741
2017-10-10,0.0079314704004962,6.290822271394757e-05,0.0001546144735712,0.0009605777994644223,0.030993189565845305,0.0012292044782669517,0.03506001252519673,0.001431988727121703,0.037841626909023124,0.0012457783774633682,0.03529558580705763
2017-10-11,-0.0108694999476321,0.0001181460291115,0.0008359209439152,0.0009067176248593937,0.030111752271486856,0.001030522707666673,0.032101755523127905,0.00118997160542496,0.034495965060061154,0.0010413303817925152,0.03226965109499195
2017-10-12,0.0096214057984438,9.257144953832858e-05,0.000133282067263,0.0008594033291145246,0.029315581677915325,0.000907798468416648,0.03012969413081799,0.0010961126017487936,0.0331075913009206,0.0009287486120850603,0.03047537714426288
2017-10-13,-0.0020836643780952,4.3416572405429254e-06,6.782398146519287e-05,0.0008133934163399528,0.02852005288108619,0.0008208036064767042,0.028649670268202115,0.0009605817024073357,0.030993252530306267,0.0008298115760248508,0.02880645025033197
2017-10-16,-0.0206541516635125,0.0004265939809393,0.0005068170879278,0.0007648503107939882,0.027655927227160332,0.0007459964747407715,0.027312936032963784,0.0008321395180550608,0.028846828561473803,0.000754239543861707,0.027463421925566868
2017-10-17,0.0059447496274665,3.5340048133263716e-05,9.351402726300488e-05,0.0007445549310027114,0.02728653387667095,0.0007750364098070578,0.027839475745909042,0.0009351123073344683,0.030579606068987682,0.0008191885241064405,0.028621469635685036
2017-10-18,0.037395506242294,0.0013984238871174,0.0011211940616756,0.0007020020380305444,0.02649532105920863,0.0007211516836173736,0.026854267512210674,0.0008229615122836216,0.02868730576899165,0.0007495860399243466,0.027378568989710667
2017-10-19,0.0241751708491371,0.0005844388855849,0.0005018366677689,0.0007437873489757586,0.027272465032991768,0.0009405529768495713,0.030668436165699274,0.0009099809013776334,0.03016588969975249,0.0008464438984946685,0.029093708916098485
2017-10-23,0.0106911066240806,0.0001142997608474,0.0004695741661554,0.0007342264411723112,0.02709661309411771,0.0009349372931415388,0.030576744318869836,0.0009019491375242081,0.030032468055825982,0.000826041718505075,0.02874094150345592
2017-10-24,-0.0051334499507217,2.6352308396565197e-05,0.0001950052810388,0.0006970308403528201,0.026401341639258034,0.0008430540148222844,0.02903539245166637,0.0008226490785375334,0.028681859746842314,0.0007625667365231643,0.02761461092471093
2017-10-25,0.0110237230972103,0.0001215224709239,0.0005967750657514,0.0006567901284354447,0.025627916974179633,0.0007650255221731893,0.027659094746090105,0.0007591755705743035,0.027553140847720127,0.0007147626977346176,0.026735046245230577
2017-10-26,0.0255137843341487,0.0006509531910494,0.0006804307719553,0.0006246740689847559,0.024993480529625238,0.000730600197026371,0.02702961703440082,0.0007154629090354272,0.0267481384218683,0.0006879857048771516,0.02622948159756787
2017-10-27,-0.0080477715396777,6.476662675484772e-05,0.0004088383501148,0.0006262508163086376,0.02502500382235011,0.0008067773267676714,0.028403825917782122,0.0007551836903448809,0.027480605712845576,0.000725779988235513,0.026940304160040826
2017-10-30,0.0321816901936827,0.0010356611837221,0.0010912127801251,0.0005925617649354102,0.02434259158215103,0.0007479275396406912,0.02734826392370622,0.000735737567529775,0.027124482806678084,0.0007004190950569688,0.026465432077654973
2017-10-31,-0.0142592744902115,0.0002033269089871,0.0004451412252601,0.000619147730062616,0.024882679318405723,0.0008904920958349088,0.029841114185547912,0.0008083816940247978,0.028432053988848533,0.0007748353526203951,0.027835864502838693
2017-11-01,0.0060286325475629,3.634441039353511e-05,0.0002066296412972,0.0005941984807980908,0.02437618675671178,0.000829971490331189,0.02880922578500139,0.0008425944369048667,0.029027477274211528,0.0007717363422081121,0.027780142947942368
2017-11-02,0.001876431807273,3.520996327345948e-06,0.0002836651831508,0.0005607272365738174,0.023679679824140727,0.0007581356897828093,0.02753426392302524,0.0007544411040243725,0.02746709129165978,0.0007175635606507077,0.02678737689007096
2017-11-03,0.0522304207255281,0.0027280168491656,0.0018257231951485,0.0005272948621590292,0.022962901867121,0.0007038674145960088,0.026530499704981225,0.0006682622437650813,0.025850768726772545,0.0006774174887304165,0.026027245123724035
2017-11-06,0.0634258138799035,0.0040228338663281,0.0012924346752509,0.0006593381813794281,0.02567758129924678,0.00117819195384758,0.03432480085663397,0.0008717524277898205,0.029525453896423345,0.0009380266715253801,0.030627221087218805
2017-11-07,-0.0090589889863288,8.206528145442772e-05,0.0020654669576068,0.0008611479224763521,0.02934532198624428,0.001738594273637653,0.04169645396958419,0.0011220893706365236,0.033497602461019856,0.001251250706896832,0.03537302230368267
2017-11-08,0.0210110673318961,0.0004414649504254,0.0022384978137399,0.0008144029640150364,0.028537746302310495,0.0013753049178240352,0.03708510371866358,0.0010251346677428745,0.03201772427488991,0.0010609579286513988,0.03257234914235384
2017-11-09,0.0189609825968012,0.0003595188610362,0.0007173597071582,0.0007920266831996626,0.02814296862805455,0.0011993372650176424,0.034631449074759235,0.000971996136268535,0.031176852571555953,0.0009561808177846105,0.030922173561776192
2017-11-10,0.012870283367861,0.000165644193969,0.000624535400807,0.0007660762138698546,0.027678081831475507,0.0010661135832235585,0.03265139481283393,0.0009201556196590476,0.03033406698184481,0.0008765830692317898,0.029607145577238442
2017-11-13,-0.0232867292122275,0.0005422717574036,0.0013043644493785,0.0007300502926758057,0.02701944286390461,0.000940540342462822,0.030668230181456868,0.0008477898531120186,0.029116831096670164,0.0008022104583914732,0.028323320045352617
2017-11-14,0.0165506350163558,0.0002739235194446,0.0007154400644706,0.0007187835805594738,0.026810139510257566,0.0009270251144829839,0.030447087126406425,0.000980089746253765,0.03130638507163938,0.000883478974977108,0.029723374219242135
2017-11-15,-0.0549080215940139,0.0030148908353686,0.0014903605734101,0.0006920919768925827,0.02630764103625756,0.0008676739389443162,0.029456305588860192,0.0009128706012745822,0.030213748547219064,0.0008183171311653691,0.02860624287048841
2017-11-16,-0.0157645044348214,0.0002485196000755,0.0007247078227926,0.0008314599084011497,0.02883504653024076,0.0013416813056380287,0.03662896812139305,0.001521469463626524,0.03900601830008446,0.0015743390409563953,0.039677941490914005
2017-11-17,0.0786868210238712,0.0061916158028427,0.002446218444015,0.0007964834899016109,0.028222039081214716,0.0011406507637627167,0.03377352163696757,0.0013989237179885682,0.03740218867912101,0.0013254860685511214,0.036407225499220916
2017-11-20,0.0239758452704831,0.0005748411564341,0.0005050328331223,0.0011201914286780787,0.033469260952074795,0.0021199608607289306,0.04604303270559978,0.0016700634036723166,0.040866409233896686,0.001742679256649848,0.04174541000696781
2017-11-21,-0.0442960084068489,0.0019621363607796,0.0013222209852629,0.0010874704123434427,0.03297681628573994,0.0017231107337934944,0.04151036899129535,0.0014585556587783587,0.03819104160373685,0.0014318442831639704,0.037839718328285296
2017-11-22,0.0279536242615442,0.0007814051093555,0.0006566552354239,0.0011399503692496138,0.033763151056286404,0.0017173304688664235,0.04144068615342202,0.0017840698201713981,0.04223825067603295,0.001700240596775929,0.041233973817423046
2017-11-23,-0.0341637228004175,0.0011671599555837,0.0011638563195907,0.0011184376536559726,0.03344305090233205,0.0014921450887551157,0.038628293888743205,0.001565776227004745,0.03956989040930926,0.0014249297695956159,0.03774824194046149
2017-11-24,0.0049059201783061,2.406805279591107e-05,0.0004511433503079,0.0011213609917716401,0.0334867285916621,0.0014136200243537735,0.037598138575649906,0.0016992156217179551,0.04122154317487344,0.001476945462774721,0.038431048161281275
2017-11-27,-0.0131365711974777,0.0001725695028264,0.0004618355297938,0.0010555234154330962,0.032488819852883176,0.001146764906864104,0.033863917476631436,0.0013548234799394495,0.0368079268628301,0.0011937445528025844,0.03455060857354881
2017-11-28,-0.0159950482482394,0.0002558415684635,0.0004245282634216,0.0010025461806766945,0.03166300965917003,0.0009958590072122447,0.03155723383334231,0.001244363273121478,0.03527553363340487,0.0010469101799225966,0.032355991406887795
2017-11-29,-0.0094498467720918,8.929960401601488e-05,0.0001967354384645,0.0009577439039439032,0.030947437760562718,0.0009103899310278345,0.03017266860965126,0.0011987759119851302,0.03462334345474351,0.0009703919468037907,0.031151114696007117
2017-11-30,-0.0057812704187754,3.3423087655008335e-05,0.0003218674725415,0.0009056372459482297,0.030093807435222112,0.0008219261114497908,0.028669253765136453,0.0010860072013108165,0.03295462336775853,0.0008727855579630391,0.02954294430084854
2017-12-01,-0.0294190849740563,0.0008654825607107,0.0021716428750242,0.0008533043964506364,0.029211374436178734,0.000752199294308627,0.027426251918711515,0.000962355213326118,0.03102185057868273,0.0007913332587374679,0.028130646255240352
2017-12-04,0.0017548064960077,3.0793458384310055e-06,0.0037032940444635,0.0008540350863062429,0.029223878700580505,0.000861455419081421,0.029350560796710872,0.0011544870476960687,0.033977743416773114,0.0009649952574721775,0.031064372800238178
2017-12-05,0.0218491953079592,0.0004773873356053,0.0009252154750664,0.0008029777418781741,0.02833686189185694,0.0007729886268343512,0.027802673015995264,0.0009598721449149824,0.030981803448395035,0.0008449000528364344,0.029067164513182815
2017-12-06,-0.0243066275114423,0.00059081214098,0.0006442732790389,0.0007834423175018044,0.02799003961236576,0.0008026364656063949,0.028330839479379973,0.0009271905502030667,0.03044980377938529,0.0008136884698825599,0.02852522515042712
2017-12-07,0.0365809327440236,0.0013381646404227,0.0007994312387558,0.0007718845069104964,0.027782809557539288,0.0008437548164695766,0.029047458003577123,0.0010578045901119277,0.03252390797723926,0.0009045987216586388,0.0300765477017998
2017-12-08,0.0234438766906498,0.0005496153542863,0.0002482289867632,0.0008058613149212332,0.028387696541305237,0.0010113782128562028,0.0318021730838665,0.0010912499984070225,0.03303407329420673,0.0009450334947368675,0.03074139708498733
2017-12-11,0.0147858883666048,0.0002186224947896,0.000323339078215,0.0007904865572831428,0.028115592778441337,0.0009758490895066245,0.031238583346666418,0.0010360235797538641,0.032187320170431466,0.0008891155888408127,0.02981804133139554
2017-12-12,-0.0049045957232073,2.405505920810415e-05,0.0006085691093937,0.0007561747135335362,0.027498631121085575,0.0008900109396510565,0.029833051128757455,0.0009449333366857668,0.030739767999868946,0.0008162920300486636,0.028570824805186558
2017-12-13,-0.0336640394782788,0.0011332675539951,0.0008335327394929,0.0007122475342740101,0.02668796609474034,0.0007960468787400185,0.028214302733543115,0.0008489821976077126,0.02913729907880469,0.0007505068914890778,0.02739538084219816
2017-12-14,0.007093418434766,5.031658509067846e-05,0.0009321660920293,0.0007375087354572764,0.027157112060329176,0.0009410177626465313,0.030676012821853678,0.001119173924538284,0.03345405692196814,0.0010109920311393895,0.031796100879500765
2017-12-15,0.0437928678641629,0.001917815275768,0.0003995167993828,0.0006962772064352804,0.026387065134934586,0.0008351338698935029,0.02889868284011406,0.0009634535469591036,0.031039548111386924,0.000881032919571426,0.029682198698402145
2017-12-18,0.0301466941778595,0.0009088231698533,0.0110705975442801,0.0007695694905952455,0.02774111552542986,0.0011142523383776107,0.03338041848715517,0.001063255631197095,0.03260760081939631,0.000990306762842979,0.03146913984911216
2017-12-19,0.0028095910089519,7.893801637583722e-06,0.0004897327230948,0.0007779247113507341,0.02789130171488477,0.0011120837592048308,0.03334791986323631,0.0010552663095684156,0.03248486277589018,0.0009577123269145398,0.030946927584407143
2017-12-20,0.0034229447705126,1.17165509019799e-05,0.000401448195533,0.0007317228567679451,0.027050376277751573,0.0009417629666216847,0.030688156781105064,0.0008944840708565384,0.029907926555622983,0.0008404775356581742,0.028990990594634298
2017-12-21,0.0101993539952875,0.0001040268219211,0.0003013904463396,0.0006885224784159871,0.026239711858478686,0.0008283979030434867,0.028781902352754355,0.0007802528448089453,0.02793300636897048,0.0007615048741863384,0.027595377768502072
2017-12-22,0.001843454004749,3.398322667625135e-06,0.0003173183670884,0.000653452739026299,0.02556272166703497,0.0007697679404163845,0.027744692112481345,0.0007276485719240765,0.026974961944812387,0.0007177854692435794,0.026791518606521344
2017-12-26,0.0018399747622565,3.385507125740905e-06,0.0002450012123903,0.0006144494740447786,0.024788091375593617,0.0007116357518721573,0.026676501867226844,0.0006478369108966134,0.025452640548607394,0.0006775547788219615,0.02602988242044058
2017-12-27,0.0167100403228622,0.0002792254475916,0.0006333582044781,0.0005777856360296363,0.02403717196405676,0.0006726961625435779,0.025936386844423374,0.0005867718064128801,0.024223373142749548,0.0006503143279553366,0.025501261301263838
2017-12-28,-0.0042270549208516,1.7867993303896255e-05,0.0001806119885004,0.000559872024723359,0.02366161500665918,0.0006983171069339064,0.026425690283016383,0.0006058716917591533,0.024614461029223315,0.0006610077907730868,0.025710071776894883
2017-12-29,0.0066344677880352,4.401616283047686e-05,0.0002474772223721,0.0005273517828381912,0.022964141238857403,0.0006664898436558621,0.02581646458475409,0.000582272953993674,0.02413033265402021,0.0006436667876071784,0.025370589027596074
2018-01-01,-0.001805016091471,3.2580830904694672e-06,0.0003027052700322,0.0004983516456377284,0.02232379102298103,0.0006500729641326024,0.025496528472178374,0.0005563681642380921,0.02358745777395462,0.000631661551786996,0.025132877904987246
2018-01-02,-0.0130324854652424,0.0001698456774017,0.0003662051601144,0.00046864603188489276,0.02164823392068953,0.0006314372613081901,0.025128415415783586,0.0005224593160643033,0.022857368966359697,0.0006197796206874679,0.024895373479573827
2018-01-03,0.0723632712506688,0.0052364430260978,0.0032611330744386,0.00045071801061590444,0.02123012036272768,0.0006501798097551558,0.02549862368354723,0.0005941318449613319,0.024374819895977323,0.0006575452306545917,0.025642644767156754
2018-01-04,0.0395043887059036,0.0015605967270271,0.0013650182219238,0.0007378615115448226,0.027163606379581165,0.0016124057918069652,0.04015477296420645,0.0009431975192034631,0.030711520952298392,0.0011895390603108395,0.034489694987210884
2018-01-05,0.0523429138135943,0.0027397806264973,0.0014406745534328,0.0007872256244737608,0.028057541311985283,0.0015679160997497834,0.03959692033163417,0.0010196743974510785,0.03193234093283921,0.0011614544880959013,0.034080118663172246
2018-01-08,0.0169409332092225,0.0002869952179993,0.0007061654911257,0.0009043789245951768,0.030072893518834812,0.0017591404164665916,0.04194210791634812,0.0011656742488152286,0.03414197195264545,0.0012669974675293672,0.03559490788763706
2018-01-09,-0.0028035972843852,7.860157733012321e-06,0.0002196877438276,0.0008673359021994265,0.0294505670947,0.0014274784396046906,0.03778198564931032,0.0010529281180989185,0.032448853879589006,0.0010793677598617893,0.03285373281473186
2018-01-10,0.0146949430071098,0.0002159413499822,0.0005562020445833,0.0008157673575314416,0.028561641366200256,0.001153009359261926,0.033955991507566466,0.0009067815064100143,0.030112812993973417,0.0009241747572902012,0.03040024271761989
2018-01-11,0.0144821252280846,0.0002097319511219,0.0006013415910713,0.0007797777970784875,0.027924501733755026,0.0010081710940293871,0.03175171009614108,0.0008473690972204975,0.029109604896330996,0.0008397464197240458,0.02897837848679677
2018-01-12,-0.0087141004957786,7.59355474505294e-05,0.0008222833758401,0.0007455750463210936,0.02730522012951175,0.0009099939313524926,0.030166105670976037,0.0008009150024935772,0.02830044173672166,0.0007819264033462499,0.027962946971774094
2018-01-15,-0.0087907040634198,7.72764779306263e-05,0.0002170592640791,0.0007053966763888597,0.026559304892802817,0.000819155939074721,0.028620900388959133,0.0007781532713307415,0.027895398748373205,0.0007415056757761947,0.027230601825449886
2018-01-16,-0.0183304219719913,0.0003360043696712,0.0011433072282362,0.0006677094644813655,0.02584007477700801,0.0007585636065099418,0.02754203344907456,0.0007611555208490584,0.027589047117453303,0.0007145066571255055,0.02673025733369407
2018-01-17,0.0498663107030559,0.0024866489431337,0.0029545885778336,0.0006478071587927592,0.025452056081832746,0.0007664740056370345,0.02768526694176949,0.0008498296865525582,0.02915183847637329,0.0007673749034065056,0.02770153251007073
2018-01-18,-0.0465316537498864,0.0021651948006993,0.0032532215407129,0.0007581376658532162,0.027534299806844846,0.0011748846321159225,0.03427659014715324,0.0010104440461936185,0.03178748253941508,0.000973438457381032,0.031199975278532386
2018-01-19,0.0225352941182832,0.0005078394809975,0.001474628376419,0.0008425610939439823,0.029026902934071046,0.0013881871321149329,0.037258383380320365,0.0014566691294969239,0.03816633502835875,0.0014457063765986637,0.038022445694598124
2018-01-22,-0.004014111940038,1.611309466715565e-05,0.0003666632981254,0.0008224777971671952,0.028678873708135665,0.0012204069266489239,0.03493432304552249,0.0012979429992731528,0.0360269759940125,0.0012236946424110631,0.034981347063986305
2018-01-23,0.0272767272687073,0.0007440198504914,0.0007501030003497,0.0007740959150171927,0.027822579230135955,0.001015858891699562,0.03187254134360111,0.0010952938202185988,0.03309522352573856,0.0010241640369676919,0.03200256297498205
2018-01-24,0.0053672692888458,2.8807579618987976e-05,0.0004952293522222,0.0007722913511456475,0.027790130462911605,0.0010152890291901604,0.031863600380216926,0.0010621190902172055,0.03259016861289928,0.0009632278334298283,0.031035911996102648
2018-01-25,0.0423972371712301,0.0017975257197535,0.0016114961190624,0.0007276823248540479,0.026975587571989007,0.000880849478345741,0.02967910844930725,0.0009128990560962059,0.030214219435494374,0.0008464210753387437,0.02909331667821226
2018-01-29,-0.0049092150399146,2.41003923081246e-05,0.0007611002468018,0.0007918729285480172,0.028140236824661182,0.0011223260309590798,0.03350113477121454,0.0010137006036663977,0.03183866523060283,0.0009541657366058366,0.030889573266813457
2018-01-30,-0.0096551126723005,9.322120071481958e-05,0.0002979052083558,0.0007458065763736236,0.02730945946688846,0.0009516610124240243,0.03084900342675634,0.0008999785822374067,0.02999964303516638,0.0008438698633002687,0.02904943826135488
2018-01-31,0.0089517770489025,8.013431233325761e-05,0.0007264030362274,0.0007066514538340953,0.02658291657877471,0.0008503047130338068,0.029159984791385037,0.0008645425218588765,0.029403103949394126,0.0007881993395208723,0.028074888058919705
2018-02-01,0.0037452426562186,1.4026842553959513e-05,0.001453383283923,0.000669060425344045,0.02586620237576527,0.0007799628541832295,0.027927815062822756,0.0007855581369791051,0.02802781006391875,0.0007333357719950786,0.0270801730421923
2018-02-02,-0.0817576305671971,0.0066843101559622,0.0027791040792831,0.0006297584103766398,0.025094987754064352,0.0007204565354656244,0.026841321418023076,0.0007004763652645885,0.026466514036884204,0.0006892061626145138,0.026252736288137925
2018-02-05,0.0113452170785265,0.0001287139505588,0.0029215150444821,0.0009930315151117787,0.03151240256013144,0.0019308625520202635,0.043941581127905076,0.0019398027804132653,0.04404319221415797,0.002495988756647255,0.04995987146347812
2018-02-06,-0.0210267600083379,0.0004421246364482,0.0023916397233802,0.0009411724612386052,0.03067853420942085,0.0015128307552059474,0.03889512508279087,0.0015583545226031683,0.0394759993236798,0.0018947646614295144,0.04352889455786253
2018-02-07,0.0073972175026121,5.471882678095167e-05,0.0005335387104088,0.0009112295917511832,0.03018657966300891,0.0012915763061346905,0.03593850728862692,0.0014974823045948837,0.03869731650379499,0.0015956776345558883,0.039945933892649055
2018-02-08,0.0386340729813556,0.0014925915951287,0.0007601384671886,0.0008598389458529691,0.02932301051824265,0.0010707646205198634,0.03272253994603511,0.0012322381582894706,0.035103249967623665,0.0012773725193308285,0.03574034861792521
2018-02-09,0.0270156688237667,0.0007298463619954,0.0017361666877507,0.0008978041048095137,0.029963379395680882,0.0011923758026959792,0.03453079499079017,0.0012383747865353872,0.035190549676516664,0.0012137406701090625,0.034838781122609075
2018-02-12,0.0334649387562987,0.0011199021259628,0.0005108596010663,0.0008877266402406692,0.02979474182201734,0.001130864158875251,0.03362832375952229,0.0011676303510467915,0.034170606536126795,0.001090087814006145,0.03301647791643053
2018-02-14,0.0100756976144167,0.0001015196824171,0.0003391969364385,0.0009016571693839984,0.03002760678748805,0.0011627746141919617,0.034099481142562296,0.001155557201951186,0.03399348764029937,0.0010475678031969073,0.03236615212219252
2018-02-15,-0.0216498514964297,0.0004687160698174,0.0011070883707387,0.0008536489201659881,0.029217270922623627,0.0009932649512997332,0.0315161062204666,0.0010062457342488848,0.031721376613395656,0.0009112060017025769,0.030186188923124708
2018-02-16,-0.0328983495784008,0.0010823014049826,0.0015015765332975,0.0008305529491450765,0.028819315556499196,0.0009485531614345236,0.030798590250765107,0.0010872419342755676,0.03297335188111102,0.0009370495171253973,0.030611264546329956
2018-02-19,-0.0238629437215036,0.0005694400830556,0.0004188074077428,0.0008456578564953318,0.029080196981714754,0.001033614133944296,0.03214986989000571,0.0013056274030999225,0.03613346652481495,0.0011232795568756448,0.03351536299782004
2018-02-20,-0.0244461898615618,0.0005976161987475,0.0006641624945145,0.0008290847900889508,0.028793832500883774,0.0009944587087071688,0.03153503938014299,0.0013486511345889955,0.03672398582110874,0.0011083371746830081,0.03329169828475274
2018-02-21,-0.0030350548222011,9.211557773766607e-06,0.0002490450562716,0.0008151966746084652,0.02855164924498172,0.0009735135090069276,0.031201178006718393,0.001389422129845895,0.037274953116615654,0.0011059683519252898,0.03325610247646723
2018-02-22,0.0294507463877118,0.0008673464627933,0.0010322134937389,0.0007668375675983833,0.027691832145930382,0.0008491950208753101,0.029140950926064682,0.0011484431506565047,0.03388868765025439,0.000942556915152692,0.03070108980399054
2018-02-23,0.0051515533952367,2.6538502383975037e-05,0.000157130436296,0.0007728681013100795,0.02780050541465172,0.0009267729352148753,0.030442945573890764,0.0011156657968143353,0.033401583747097015,0.0009210009921174398,0.030347998156673196
2018-02-26,0.0060980892020022,3.718669191557661e-05,0.0001613479586328,0.0007280883253745131,0.026983111854908676,0.000821135711036879,0.02865546563985445,0.000950391229212251,0.03082841593744724,0.0008175907544640122,0.02859354392977569
2018-02-27,0.0070278681301553,4.939093045485352e-05,0.0006390656027565,0.0006866342273669768,0.02620370636698131,0.0007523753226620621,0.027429460852558915,0.0008350321132169281,0.028896922210106184,0.0007486992965891572,0.027362370083550094
2018-02-28,-0.0170486176582537,0.0002906553640573,0.0002543887848207,0.0006483996295522493,0.025463692378605452,0.0007086068582906289,0.026619670514313826,0.0007536798946525051,0.027453231042128812,0.0007033439246963687,0.0265206320568792
2018-03-01,-0.0218532507535766,0.0004775645684986,0.0006359815054533,0.0006269349736225536,0.025038669565744773,0.0007245126427622506,0.026916772517563293,0.0008292413208929214,0.02879655050336622,0.0007473462323789426,0.02733763399379951
2018-03-05,0.0087488106096232,7.654168708305629e-05,0.0003201463146677,0.0006179727493151222,0.024859057691616594,0.0007702002653868651,0.027752482148212708,0.0009472203159557788,0.03077694455198207,0.0008285378426352928,0.028784333284536796
2018-03-06,-0.0759857523059135,0.0057738345534956,0.0053170295084621,0.0005854868855811982,0.02419683627214926,0.0007256351603704762,0.026937616085512768,0.0008463950277900402,0.02909286901957317,0.0007602683738730354,0.02757296454632754
2018-03-07,-0.0781649275213447,0.006109755894417,0.0030331209326617,0.0008967877456560649,0.029946414570964332,0.0017636736223078985,0.04199611437154512,0.0019127972402018642,0.04373553749757586,0.0022937279723968407,0.047892880184812865
2018-03-08,-0.019053747733147,0.0003630453026784,0.0038437409569122,0.0012095658345817255,0.034778813012834774,0.0025219205763261014,0.0502187273467389,0.0028396396919156863,0.0532882697403067,0.0034243676649946386,0.05851809690168195
2018-03-09,-0.0791059144879356,0.0062577457069725,0.0034336389355713,0.0011587746026675261,0.03404077852616662,0.0019526465007416892,0.04418875989142136,0.002349589157394371,0.0484725608710162,0.0026095835596546594,0.051084083232007395
2018-03-12,0.038641636921551,0.0014931761039769,0.0030306980821549,0.0014647128689258297,0.038271567369599975,0.002676234307437169,0.05173233328815905,0.003199071256647505,0.05656033289017582,0.003678921087473477,0.0606541102273661
2018-03-13,-0.0155284597834855,0.0002411330632473,0.0007854041477796,0.0014664206630288985,0.03829387239531801,0.002267835788564892,0.04762179950993969,0.0025956234497417382,0.050947261454780256,0.0028398250848212553,0.05329000924020613
2018-03-14,0.0247306946504213,0.0006116072578923,0.0010432266498062,0.001392903407042004,0.03732162117381832,0.001759608460135391,0.04194768718458016,0.0021331131336907853,0.04618563774260116,0.002180280711503357,0.04669347611287209
2018-03-15,0.0199525559651939,0.0003981044895441,0.0006814035854067,0.0013460256380930264,0.03668822206230531,0.0014886365219774593,0.038582852693618434,0.001782213782148882,0.042216273901765446,0.001732015863832779,0.04161749468472098
2018-03-16,-0.0399993680117527,0.0015999494413396,0.001163284693801,0.0012891503691800964,0.035904740204882366,0.001267119863834909,0.03559662714127434,0.0015092825011724725,0.038849485211164284,0.001405955536675496,0.03749607361678681
2018-03-19,0.0006228456413043,3.879366928918005e-07,0.0007775835473424,0.001307798313509668,0.03616349421045577,0.0013440183045633233,0.03666085520774608,0.00175081825478408,0.04184278019902693,0.0015831129139070783,0.03978835148516558
2018-03-20,0.0021769540031271,4.739128731731282e-06,0.0003626470297577,0.0012293536909006614,0.035062140420982026,0.0010957068286392571,0.03310146263595096,0.001362911452330007,0.036917630643501585,0.00126312626999216,0.035540487756812796
2018-03-21,0.0077362632849197,5.984976961359691e-05,0.0003367355364559,0.0011558768171705256,0.0339981884395408,0.0009302023237277542,0.030499218411752033,0.001108416212255212,0.033292885309855795,0.0010469317094912195,0.032356324103507486
2018-03-22,-0.0170996052057701,0.0002923964981932,0.0003899552737914,0.0010901151943171097,0.03301689255997768,0.000829676522557463,0.028804106001705087,0.0009591862238859109,0.030970731729907688,0.000906373689124438,0.030106040741426594
2018-03-23,-0.0448936720308839,0.0020154417884165,0.0008732889192019,0.0010422520725496753,0.032283929013515,0.0008059319734293769,0.028388941041000048,0.000994323033849694,0.031532888130485194,0.000885290918664358,0.02975383872148866
2018-03-26,0.0715040263538617,0.0051128257848137,0.0034547156069847,0.0011006434555016888,0.033175946942049575,0.0011129916880885727,0.033361530062162505,0.0014155314204910346,0.03762354874930108,0.0013448429600208807,0.036672100567337024
2018-03-27,-0.0237921435906751,0.0005660660966393,0.001122661287162,0.0013413743952604127,0.03662477843291905,0.0018992286063032097,0.043580140044557104,0.0016233098119005568,0.04029031908412437,0.0016418317013972437,0.040519522472472994
2018-03-28,-0.0221318596516122,0.0004898192116386,0.0007463919978338,0.0012948558973431459,0.03598410617679903,0.0015736185522789423,0.039668861242528025,0.0015844669599026373,0.03980536345648206,0.0014585067853126656,0.038190401743274
2018-04-02,0.0283662495180504,0.0008046441117202,0.0018576379866527,0.0012465536962008768,0.03530656732395372,0.0013412320001445746,0.03662283440893911,0.0015321772548905588,0.039143035841520506,0.001313415099008995,0.03624106923103946
2018-04-03,0.0092794397161418,8.610800144551127e-05,0.0006427129007786,0.001220039121132042,0.03492905840603268,0.0012445886030653319,0.03527872734475171,0.0013904284049608324,0.03728844867999784,0.0011654755908891358,0.03413906253676477
2018-04-04,-0.0698068947659924,0.0048730025568703,0.0054816743712638,0.00115200325395085,0.03394117343214359,0.001045175576689566,0.03232917531718937,0.0011689221030285267,0.03418950281926496,0.0009894101811557436,0.031454891211952135
2018-04-05,0.1393361051771105,0.0194145502059268,0.0132746966973023,0.0013752632121260193,0.037084541417226925,0.0018088531347414136,0.04253061408845884,0.0020441020215119705,0.045211746499244754,0.00220115047814093,0.04691642013347704
2018-04-06,0.0127691004631583,0.0001630499266382,0.0007625654356646,0.002457620431754067,0.04957439290353506,0.0050460041238955785,0.07103523156783244,0.002783897263067943,0.052762650265769845,0.00373231825963231,0.06109270217982104
2018-04-09,-0.017514727417511,0.0003067656765097,0.000656813581116,0.0023199462014471166,0.04816581984610162,0.0036058016951822183,0.06004832799655806,0.0021188226233582546,0.0460306704639228,0.0027354764018364622,0.05230178201396643
2018-04-10,0.0040692677974014,1.655894040696826e-05,0.0002941709548038,0.0021991553699508724,0.04689515294730227,0.0026680857530787094,0.051653516367026836,0.0018428460040515106,0.04292838226688155,0.00212767763548314,0.046126756177766716
2018-04-11,-0.0218962378605326,0.000479445232445,0.0006430208717415,0.002068199584178238,0.04547746237619507,0.0019856038971754453,0.04456011554266265,0.0014459281652460657,0.03802536213168871,0.0016335442660701538,0.04041712837486298
2018-04-12,-0.0602355871163093,0.0036283259552464,0.0024835116102112,0.0019728743230742448,0.0444170499141292,0.0016152370605355124,0.04019001194992995,0.0014268422729980376,0.037773565796705474,0.001429075397822901,0.037803113599581994
2018-04-13,0.0239576575727129,0.0005739693563713,0.0005344331532839,0.0020722014210045794,0.045521439135912424,0.00195738322855127,0.044242323950616225,0.0020560931960215017,0.04534416385844491,0.0021565575090976845,0.04643875008113035
2018-04-16,0.0096377569319925,9.288635868017044e-05,0.0004454068866531,0.0019823074971265864,0.04452311194342312,0.0016140521357382984,0.040175267712092455,0.0017244939072809306,0.04152702622727675,0.0017119778081597192,0.04137605355951337
2018-04-17,-0.0089208120549617,7.958088771995093e-05,0.0004855652736816,0.0018689422288198012,0.043231264483239454,0.0012939143435062009,0.03597102088495962,0.0014018308866423953,0.03744103212576271,0.0013601478485999283,0.03688018232872403
2018-04-18,-0.0199098374325928,0.0003964016265922,0.0005294382384864,0.00176158054835381,0.04197118712109309,0.0010769907392922684,0.032817537069260216,0.0012263467772941536,0.035019234390462534,0.0011340060041352725,0.033675005629328
2018-04-19,0.0352045725964939,0.0012393619317018,0.0010002805669147,0.001679669813048118,0.04098377499752942,0.000991078586260893,0.03148140064007465,0.0012353387446445447,0.03514738602861591,0.0010680152718181453,0.0326805029309242
2018-04-20,-0.0282819459746206,0.0007998684681113,0.0004701642748991,0.0016532513401673395,0.04066019355791779,0.0010915369327806122,0.03303841601500611,0.0012179916025726522,0.034899736425547,0.0010452417386899993,0.03233019855630335
2018-04-23,0.0147778893793868,0.0002183860145093,0.0003573350141975,0.0016020483678439805,0.040025596408348255,0.0010764466482166086,0.03280924638294224,0.0013429993740065153,0.0366469558627523,0.0011188662633756822,0.033449458342037205
2018-04-24,-0.0133264793922568,0.0001775950529922,0.0003693252847103,0.0015190286266439051,0.03897471778786737,0.0009573472871116156,0.030941029186367017,0.0011682931771455718,0.034180303935827896,0.0009718249311868852,0.03117410674240539
2018-04-25,-0.0025411320104523,6.4573518945456734e-06,0.0001536757155255,0.0014385426122248055,0.037928124290884796,0.000869928257970334,0.02949454624113302,0.0011092032845469025,0.03330470363998008,0.0008980364849757557,0.0299672568810653
2018-04-26,0.0215756591504364,0.0004655090677758,0.0006184812775089,0.0013526174966049897,0.03677794851001059,0.0007792969365820384,0.027915890395651694,0.0009447034684201136,0.030736028832952927,0.0008010145613397752,0.02830220064482222
2018-04-27,0.0088544616923252,7.840149186085497e-05,0.0012062703970879,0.001299390990875239,0.03604706632827752,0.0008046353612612935,0.028366095276955085,0.0009140310358783522,0.030232946199111196,0.0007827200948717584,0.027977135215596298
2018-04-30,-0.0120610722061575,0.0001454694627621,0.0006061495507104,0.0012261316209343758,0.035016162281643254,0.0007490485319114218,0.027368751011170055,0.0008222084409427737,0.02867417724962259,0.0007294428863023474,0.027008200352899255
2018-05-02,-0.079448317327378,0.0063120351261517,0.0061335675017093,0.001161291891444042,0.03407773307372487,0.0007243873137783537,0.026914444333449535,0.0008297565425478762,0.02880549500612472,0.0007250919147034427,0.0269275307947729
2018-05-03,-0.0234568321002336,0.0005502229721785,0.0011616887257802,0.0014703364855265049,0.03834496688649639,0.001863716970693271,0.04317078839554903,0.001984976062921213,0.04455307018513104,0.0024179127257462,0.04917227598704579
2018-05-04,0.0015808706522163,2.4991520190389087e-06,0.0010018828088573,0.0014151296747256276,0.03761820935033495,0.0015468631063843335,0.03933018060452219,0.0018390896137645697,0.042884608121849147,0.0019796132032287757,0.044492844404789136
2018-05-07,0.0078681234194002,6.190736614291487e-05,0.0005670783996643,0.0013303718433632322,0.036474262752840284,0.0012319688615780766,0.03509941397770163,0.0014276373500687564,0.03778408858327479,0.0015318087513914985,0.03913832841846338
2018-05-08,0.0297260174370477,0.0008836361126676,0.0012729354669545,0.0012542639747300129,0.03541558943078617,0.0010321867049598987,0.03212766261276875,0.0011865609845158921,0.03444649451708972,0.0012348879821409517,0.035140972982274574
2018-05-09,-0.018426458991453,0.0003395343909637,0.0002476891210397,0.001232026303006272,0.0351002322357883,0.0010523948407992068,0.03244063564110924,0.0011460644040049907,0.03385357298727847,0.0011206510309380916,0.03347612628333947
2018-05-10,-0.018772568197409,0.0003524093167263,0.0005487681152849,0.0011784767882837175,0.0343289497113401,0.0009639450760939084,0.031047464889969817,0.001155171211143136,0.03398780974324671,0.0010433348539505038,0.032300694326136456
2018-05-11,0.0090390247527705,8.170396848119909e-05,0.000812990164889,0.0011289127399902769,0.0335992967186856,0.0009071142958627562,0.03011833819889066,0.00116650834748596,0.034154184919069,0.0009945267144528998,0.03153611761857981
2018-05-14,-0.0301849461472984,0.0009111309739153,0.0009489339449294,0.001066080213699732,0.03265088381192356,0.0008183083674417354,0.028606089691562798,0.001008342772801197,0.03175441343815371,0.0008732001832028903,0.029549960798669266
2018-05-15,-0.0056610800471472,3.2047827300208537e-05,0.0015251530023924,0.0010567832593126665,0.03250820295421859,0.0009142917982204921,0.03023725844418591,0.0012026940157621778,0.0346798791197746,0.0010329781330524208,0.032139977178778784
2018-05-16,-0.0016234113672528,2.6354644673257223e-06,0.0004125031155574,0.000995299133391919,0.0315483618178808,0.0008138084484262567,0.02852732809826845,0.0010457612496087806,0.032338232011178046,0.0008994170700756481,0.02999028292756919
2018-05-17,0.0024341298201223,5.92498798120863e-06,0.0003404174404773,0.0009357393132564433,0.0305898563784867,0.0007409912830025798,0.027221155063710648,0.000889492435326588,0.02982435976390085,0.0008008983226670426,0.028300147043205316
2018-05-18,-0.0396746658542831,0.001574079110649,0.0010291690820209,0.0008799504537399292,0.02966395883458459,0.0006928346170345831,0.0263217517850652,0.0007716958724234822,0.027779414544289484,0.0007340951064536807,0.027094189533065582
2018-05-21,-0.0033784532979453,1.1413946686397613e-05,0.0006173912815165,0.0009215981731544745,0.030357835449097398,0.0009545105236401728,0.030895153724171252,0.0011405786731298142,0.03377245435454483,0.001121100464451226,0.03348283835715285
2018-05-22,0.033690184169336,0.0011350285093637,0.0006806090550009,0.0008669871195663898,0.029444645006628793,0.0008368795514837444,0.028928870553199003,0.0009761324221035643,0.031243117995865335,0.0009534080966279883,0.03087730714664069
2018-05-23,-0.0404814237133547,0.0016387456658601,0.0008048763906231,0.0008830696029542331,0.02971648705608106,0.0009686977302717874,0.03112390930252476,0.001009581655239602,0.03177391469806014,0.0009566235287344192,0.030929331204124333
2018-05-24,0.0147962541306622,0.0002189291362991,0.0006087011114877,0.0009284101667285885,0.030469823870980753,0.0011514057710010444,0.033932370547915515,0.0013569452857162096,0.03683673826109214,0.0012895512518499748,0.03591032235792342
2018-05-25,0.0463293958388653,0.0021464129187942,0.0014948963650331,0.0008858413049028214,0.029763086279867238,0.001007657028050672,0.03174361397274532,0.0011783492186589616,0.03432709161375257,0.0010874484262617147,0.03297648292740926
2018-05-28,0.0381261502461962,0.0014536033325955,0.0012782512445888,0.0009614756017363083,0.031007670046882083,0.0012726569357679358,0.03567431759358455,0.0012493298472838654,0.03534586039812676,0.0011542120194009027,0.03397369599264853
2018-05-29,-0.04697922230307,0.0022070473282012,0.0009892688172958,0.0009910032655878614,0.03148020434476024,0.0013202962580704549,0.03633588113793933,0.0012479124440922642,0.03532580422428149,0.0011262337075034754,0.03355940564884121
2018-05-30,-0.0024282192164066,5.8962485629266415e-06,0.0003245658398296,0.001063965909344666,0.03261849029836706,0.0014934292058502306,0.038644911771800315,0.0016617204052464763,0.04076420495050132,0.0015606690315863754,0.03950530384121068
2018-05-31,-0.0196408854937494,0.0003857643829785,0.0003862034312543,0.0010004817296977615,0.031630392499900496,0.0011968153521574952,0.03459501918134307,0.0013284132632964938,0.03644740406800591,0.001249510585927422,0.03534841702152194
2018-06-01,-0.0120558594182018,0.0001453437463114,0.0011292864529361,0.0009635986888946104,0.031041886039585454,0.0010693437996181824,0.032700822613784236,0.0013086808056809436,0.03617569357567237,0.001143295081386974,0.03381264676695651
2018-06-04,-0.0279913236920979,0.0007835142020358,0.0014164184631372,0.0009145033923396204,0.030240757138994063,0.0009388988827657273,0.030641456929554237,0.0011973746684384018,0.03460310200601099,0.0010052653147781638,0.031705919238813496
2018-06-05,-0.007338898524792,5.3859431557195606e-05,0.000491218443425,0.0009066440409213912,0.03011053039920405,0.0009711436243497907,0.031163177378916142,0.0013227469871382091,0.03636958876779072,0.0010873020028976913,0.0329742627347101
2018-06-06,0.0243970347983444,0.0005952153069516,0.0007120658052208,0.0008554769643595394,0.029248537815753105,0.0008559763637783151,0.02925707373915435,0.001151071392463149,0.0339274430581373,0.0009421963263555371,0.030695216668978526
2018-06-07,0.0587073046154311,0.003446547615209,0.0023541576523217,0.0008398612649150646,0.02898035998594677,0.000880307427188804,0.029669975180117762,0.0010865371084606053,0.03296266233878273,0.0008920113846173614,0.02986655963811971
2018-06-08,0.0071514572266149,5.11433404641029e-05,0.0005002317210103,0.000996262445932702,0.03156362536104974,0.0014310520910785214,0.03782924914769683,0.0012645463933342994,0.03556046109563681,0.0011592213746890307,0.03404734019991915
2018-06-11,0.0153215420755957,0.0002347496515742,0.000757265971426,0.0009395552996045859,0.030652166311772908,0.0011635159131875743,0.03411034906282218,0.0010677490432557636,0.032676429475323086,0.0009814822737933,0.03132861748933872
2018-06-12,-0.0046894397723744,2.1990845378727268e-05,0.0001677345969036,0.0008972669607227657,0.029954414711737664,0.001018733816271121,0.031917609814507114,0.0009714753112662223,0.031168498700871402,0.0008805345055650775,0.029673801670245716
2018-06-13,0.0116825290953798,0.0001364814860643,0.0004009769366818,0.0008447503938021234,0.029064590033271127,0.0008818790973387344,0.02969644923789264,0.0008664968659908725,0.029436318825404654,0.0007934360639902574,0.028167997159724678
2018-06-14,0.0364920206123491,0.0013316675683721,0.0012302001252638,0.0008022542593378597,0.02832409326594339,0.0008116731045500865,0.028489877229466724,0.000800990833178596,0.028301781448852228,0.0007428334179765821,0.027254970518725243
2018-06-15,-0.011261254936102,0.0001268158627358,0.0006729026488599,0.0008340190578799149,0.028879388114707607,0.0009886719484662623,0.03144315423850257,0.000886698566419938,0.029777484219119955,0.0008348203524027366,0.028893257905655716
2018-06-18,0.0142428771230994,0.0002028595487437,0.0006261156200969,0.0007915868661712729,0.02813515356580221,0.0008813917068746375,0.029688241895986997,0.0008715476730792114,0.029521986265819096,0.0007913104844308038,0.0281302414570299
2018-06-19,-0.0336832563807273,0.0011345617604098,0.0009126716632813,0.000756263227125619,0.0275002404921415,0.000823788410085969,0.028701714410222415,0.0008181600416550264,0.028603497017935173,0.0007484058217805707,0.02735700681325665
2018-06-20,0.0141412392483117,0.0001999746474779,0.0002516230393548,0.0007789611391226702,0.027909875297511995,0.0009598417416440282,0.03098131278115936,0.0010931476326453214,0.03306278319569182,0.001009925353078149,0.03177932272843695
2018-06-21,-0.0145261864232989,0.0002110100920044,0.0003730796811751,0.0007442219496239895,0.027280431624591088,0.0008757938374334376,0.029593814175152174,0.0009835773485849012,0.03136203674165473,0.0008961192190248976,0.029935250441993928
2018-06-22,0.0038430050447675,1.4768687774108571e-05,0.0002569064289141,0.0007122292381668161,0.026687623314315873,0.0008215666536706518,0.02866298403290648,0.0009831203274751322,0.03135474967967584,0.0008559671488734549,0.029256916257074238
2018-06-25,-0.0260361869323892,0.0006778830299783,0.0004203384086265,0.0006703816051432536,0.025891728508217707,0.0007484619872434894,0.027358033321923735,0.0008474913902026405,0.029111705381214624,0.0007723148664958665,0.027790553547849067
2018-06-26,0.0167877426439896,0.0002818283030808,0.000739641383799,0.0006708316906333572,0.025900418734710783,0.000823788901114762,0.028701722964218752,0.001014670447524367,0.031853892187994344,0.0009005297357877535,0.030008827631011405
2018-06-27,-0.1151732071463604,0.0132648676443784,0.0060091448395719,0.0006474914873802054,0.025445854031260286,0.0008000075397063231,0.028284404531584595,0.0009401644127865383,0.03066210059318406,0.0008306967232098382,0.028821809853127513
2018-06-28,-0.0512477388976495,0.0026263307421216,0.0013853829448638,0.0014045340568001,0.03747711377360989,0.0032175917388645686,0.05672381985431313,0.003196196412133398,0.05653491321416703,0.004401400014917696,0.06634304797729522
2018-06-29,0.0341606985832882,0.0011669533276982,0.0004821476770325,0.0014778418579193934,0.038442708774478855,0.002842835375035974,0.053318246173669044,0.0031860662325513306,0.05644524986702894,0.0038934946153484857,0.062397873484186024
2018-07-02,-0.0742780839404281,0.0055172337538612,0.0052256783961592,0.0014591885461061258,0.03819932651377673,0.0023182793947419027,0.04814851394115817,0.002548609776059673,0.050483757546954375,0.002950647725800392,0.05431986492803891
2018-07-03,0.0113583940442497,0.0001290131152644,0.0009318754494679,0.0017026712585714353,0.041263437309214016,0.0027823368027242263,0.05274786064594683,0.003232530009326972,0.05685534283888342,0.0037062101555486748,0.06087865106544884
2018-07-04,0.0135548951380458,0.0001837351822034,0.000799019315307,0.001608251769973016,0.04010301447488725,0.00208320790572393,0.04564217244746278,0.002389640877348404,0.048883953168175794,0.002714203981087276,0.05209802281360854
2018-07-05,-0.0168544637573406,0.0002840729485475,0.0003910772490806,0.00152278077470684,0.03902282376644263,0.0016251853829556896,0.0403135880684874,0.0018709198648978636,0.04325413118879934,0.002048324148285908,0.045258415220662644
2018-07-06,0.0465845511166462,0.0021701204027394,0.0030813854054181,0.00144845830513728,0.03805861670025961,0.0013372070443258988,0.03656784166895688,0.0016617351330885089,0.040764385596848,0.0016561853325779896,0.04069625698486274
2018-07-09,0.0062894616983147,3.955732845456802e-05,0.0006328562584695,0.0014917580309934085,0.038623283534591005,0.0014978346187005018,0.03870186841355985,0.0016137230760154245,0.040171172201162175,0.0015417924241342017,0.03926566469747076
2018-07-10,0.0217061481293538,0.0004711568666134,0.0002945963526406,0.0014046259888410779,0.037478340262624726,0.0012060754770670786,0.0347285973956202,0.0013053416545518073,0.03612951223794486,0.001239286798242115,0.035203505482297004
2018-07-11,0.0840124867938037,0.007058097937279,0.0032708975326668,0.00134861784150742,0.036723532530346534,0.0010915520547158948,0.03303864486803136,0.00118360148383931,0.034403509760478075,0.0010800587889220842,0.03286424788310367
2018-07-12,0.0016102430988594,2.592882837424376e-06,0.0006354845660405,0.0016911866472537175,0.041124039773029565,0.002249485889906722,0.04742874539671824,0.0015425610502709532,0.039275450987492855,0.0016680344763187133,0.04084157778929107
2018-07-13,0.0574488314979601,0.003300368240481,0.0021623933563885,0.0015898710213887398,0.03987318674734614,0.0017026061600004937,0.0412626484850463,0.0012285560107075633,0.03505076333986984,0.0013208572413856681,0.03634359973070456
2018-07-16,0.0147033687374837,0.0002161890522304,0.0006607417692639,0.0016925008545342762,0.041140015247132275,0.0019544317322291184,0.0442089553397173,0.0013678968241803394,0.036985089214173046,0.0014341400821599242,0.037870042014235
2018-07-17,0.0345750882724875,0.0011954367290503,0.0010391033654827,0.0016039221463960444,0.04004899682134428,0.0015450136378804167,0.0393066614949733,0.001185583328186413,0.034432300651951984,0.00118505612030054,0.03442464408386149
2018-07-18,0.0278091788054378,0.0007733504258328,0.0011935632800664,0.0015794130213553,0.03974182961761197,0.001454331741275839,0.03813570166229853,0.0011763112037640048,0.03429739354184228,0.001119847028024269,0.033464115527296834
2018-07-19,0.0603763152021785,0.0036452994373928,0.0028656349451875,0.0015310492656239506,0.03912862463240883,0.0013144776694754366,0.03625572602328406,0.0011263741473442974,0.033561497990171676,0.0010311103780287743,0.03211090746193222
2018-07-20,0.075832645397297,0.0057505901079521,0.0032889097946424,0.0016579042759300824,0.040717370690285026,0.0017591147819348318,0.041941802321011815,0.0013086972849852406,0.03617592134258975,0.0012743958249413908,0.0356986809972216
2018-07-23,0.0493889846471943,0.0024392718044808,0.0023613095671216,0.001903465425851409,0.04362872248704297,0.002451545780748378,0.049513086964441816,0.0015748822044422293,0.039684785553688325,0.0016615015066213325,0.04076151992530863
2018-07-24,0.083183095567979,0.0069194273882715,0.0060567985880476,0.0019356138085691722,0.0439956112421361,0.0022946726069556704,0.04790274112152321,0.001571039468908558,0.039636340256241596,0.0015738225683474322,0.03967143264803317
2018-07-25,0.0713012031647648,0.005083861572743,0.0044573536225853,0.0022346426233513135,0.047272006762473215,0.003029349044113204,0.05503952256436464,0.0018432194937470562,0.04293273219522671,0.0019877004929566245,0.04458363481095529
2018-07-26,-0.0103130837217366,0.0001063596958515,0.001571503303134,0.002405595760314819,0.049046873094161864,0.003177383926723455,0.056368288307553346,0.001945869204421293,0.04411200748573219,0.0020740333902494333,0.04554155673941585
2018-07-27,-0.0063383894443922,4.017518074878288e-05,0.0024167871797599,0.0022676415964470223,0.04761976056688045,0.002343566041748634,0.048410391877660254,0.00162246690078678,0.04027985725876868,0.0016247223295679522,0.04030784451652001
2018-07-30,-0.0120683449692624,0.0001456449502971,0.0006062543919555,0.002133993611505128,0.046195168703070326,0.0017726657913065644,0.04210303779190481,0.0013493492119680342,0.036733488970802024,0.00130230580785665,0.036087474390107295
2018-07-31,0.0097687904381622,9.54292666247298e-05,0.0004868861172945,0.002014692691832648,0.04488532824690767,0.0014100434021181336,0.037550544631444874,0.001227109441737761,0.035030121920109854,0.0011130099459675058,0.0333618036977545
2018-08-01,-0.0113199428000074,0.0001281411049954,0.0003371459822633,0.0018995368863201727,0.04358367683342208,0.001157745062982949,0.03402565301332142,0.0010559990086565644,0.032496138365297564,0.0009548717456211533,0.030900999103931143
2018-08-02,0.0166777147392461,0.0002781461689236,0.0025283731017171,0.0017932531394406885,0.04234681970869464,0.0009948859988687107,0.031541813499998864,0.0010015143317136771,0.03164671123061095,0.000872958423622012,0.02954586982341207
2018-08-03,0.0083618711117961,6.992088849029061e-05,0.0009652098907144,0.001702346721209667,0.04125950461662945,0.000913918932384919,0.03023109214674387,0.0009296836747065901,0.030490714565365472,0.0008116399966950963,0.028489296177601445
2018-08-06,0.0002522354455591,6.362271999640395e-08,0.000321915996901,0.0016044011712465045,0.04005497685989226,0.0008206575466861774,0.028647121088971182,0.0008313425037568816,0.028833010660645232,0.0007481279448073032,0.02735192762507431
2018-08-07,-0.0414632632451244,0.0017192021989344,0.0011105737790295,0.001508140918334914,0.03883479005138194,0.000745096777653993,0.02729646089979419,0.0007181879907023069,0.026799029659715423,0.0006977465894739766,0.026414893326946763
2018-08-08,0.0487525427227705,0.0023768104219355,0.0084996106405822,0.0015208045951708882,0.038997494729416764,0.0010167175016716687,0.03188600792936721,0.0011205713969089054,0.03347493684697411,0.0011363978160971978,0.03371050008672665
2018-08-09,0.0035001002494102,1.225070175592199e-05,0.0006656124733741,0.0015721649447767688,0.03965053523947399,0.0013219108935230927,0.036358092545169265,0.0012210004500282955,0.034942816858809414,0.0012116914076472315,0.03480935804704292
2018-08-10,-0.0060075639973129,3.609082518181077e-05,0.0003064265337608,0.0014785700901955177,0.03845217926458158,0.001083122721915869,0.0329108298575996,0.0010164687161784997,0.03188210652040576,0.0010129000291335191,0.031826090384046844
2018-08-13,-0.0241405124623184,0.0005827643419433,0.0003444921608295,0.0013920213342946952,0.03730980212081934,0.0009276499302642625,0.030457346080449338,0.0009135829709633711,0.03022553508150635,0.0008869345355223765,0.029781446162373923
2018-08-14,0.0398339899108591,0.0015867467522184,0.0010622709396175,0.0013434659147536145,0.0366533206511172,0.0009259809047728925,0.030429934353739453,0.0010446262798438997,0.03232067882708994,0.0009519785298458517,0.030854149313274733
2018-08-16,0.0029614315266417,8.770076686987597e-06,0.0004960884877027,0.001358062765001503,0.03685190313947847,0.001113047294664565,0.03336236344542402,0.0011018333082594958,0.03319387455931434,0.001003371019127842,0.03167603225039149
2018-08-17,0.0007391675444654,5.463686587911374e-07,0.0003129671308559,0.001277105203702632,0.03573660873253969,0.0009425725938883577,0.030701345147865388,0.000928750655531663,0.030475410670434994,0.0008714843456908097,0.029520913700134852
2018-08-20,0.0454895107967625,0.0020692955925287,0.0012189039478232,0.0012005116736000013,0.034648400736541955,0.0008268464798224482,0.02875493835539294,0.0007921905069277247,0.02814587903988299,0.0007813188183313632,0.027952080751374543
2018-08-21,0.0037575473989718,1.4119162455520104e-05,0.0007583934876999,0.0012526387087357276,0.03539263636317204,0.0011370945550223653,0.03372083265612469,0.0009344495803452128,0.030568768054097514,0.0009387940838836389,0.03063974679862154
2018-08-23,-0.011552539763794,0.000133461174994,0.0010204144198752,0.0011783275359589151,0.03432677578740705,0.0009596821723523872,0.030978737423471396,0.0008113938558732055,0.028484975967572896,0.0008283261026918677,0.028780655008040865
2018-08-24,-0.0097700622429464,9.545411623104856e-05,0.0004145267151173,0.0011156355543010226,0.03340113103326028,0.0008632198145772266,0.02938060269254575,0.000815821411208322,0.028562587614015682,0.0007887408250918593,0.0280845299959223
2018-08-27,0.0145014461384506,0.0002102919401063,0.0002936286241557,0.0010544246680168241,0.03247190582668076,0.0007914849553386788,0.0281333424132057,0.0008006172374142204,0.02829518046265513,0.0007514870173847722,0.027413263530356474
2018-08-28,0.0808957215578836,0.0065441177663706,0.0039315027197453,0.0010037767043421977,0.031682435265335866,0.0007649615968986935,0.027657939129636783,0.0007649951761370261,0.02765854616817424,0.000722227534703487,0.026874291333977292
2018-08-29,-0.0282579128061666,0.0007985096361609,0.0019436495160138,0.001336197168063904,0.03655403080460353,0.0019343948706074916,0.04398175611100007,0.0011620833240336636,0.034089343261988245,0.0013714645524635918,0.03703328978721161
2018-08-30,0.0031299257105946,9.796434953841555e-06,0.0009300878246168,0.0013039359161497246,0.03611005284058339,0.0016407417843731693,0.04050607095699568,0.0012987782005361192,0.036038565461684505,0.0013393691136200467,0.036597392169662124
2018-08-31,0.0055647650193251,3.0966609720304994e-05,0.0002771617312595,0.0012262875472779716,0.035018388701908765,0.0012962169865693906,0.03600301357621873,0.0010691161899097211,0.03269734224535262,0.0010990878558139665,0.03315249396069572
2018-09-03,-0.0677252278700035,0.0045867064900439,0.0041956544390462,0.0011545682910245117,0.03397893893317612,0.0010694209033819389,0.03270200151950854,0.0009190178411237273,0.030315307043203888,0.0009386362308279068,0.030637170737976227
2018-09-04,-0.00047493189844,2.2556030815583775e-07,0.0017102502732118,0.001360496582965675,0.036884909962824564,0.0017714300368152358,0.04208835987319102,0.0017852088898133373,0.04225173238830968,0.0020880432129171695,0.04569511147723758
2018-09-05,0.0026104234224285,6.81431044436356e-06,0.0009606528442248,0.0012788803216062237,0.03576143623522724,0.0013819585898475885,0.037174703628241455,0.0013877177286188173,0.037252083547350975,0.0016050217771881258,0.04006272303760849
2018-09-06,0.1901715620049281,0.0361652229953942,0.0148082661736184,0.001202556360936512,0.03467789441324995,0.00112232393885667,0.03350110354684857,0.0011280877658143165,0.033587017816625465,0.0012786389841974773,0.03575806180705936
2018-09-07,-0.0395628387241811,0.0015652182079155,0.0027474728488361,0.003300316359003976,0.05744837995108283,0.00772587413890908,0.08789695181807547,0.0027250000090711336,0.05220153263143845,0.004877099903735437,0.06983623632281051
2018-09-10,-0.0428498396088221,0.0018361087545017,0.0010632800187174,0.003196210469938671,0.05653503754256002,0.005663609448918065,0.0752569561497013,0.0026297718719792305,0.0512813013873403,0.003923778697435464,0.06264007261677994
2018-09-11,-0.0167228390533764,0.0002796533460051,0.0008781545612411,0.0031146043670124577,0.05580864061247557,0.004333070928851839,0.06582606572515054,0.002625017597439388,0.051234925562934006,0.003352804248552571,0.05790340446426765
2018-09-12,0.004374790199191,1.9138789286937937e-05,0.0009212625015603,0.002944507305752018,0.05426331454815508,0.0031501319028685204,0.05612603587345645,0.002171110581219374,0.046595177660562405,0.0025381976699492496,0.050380528678739066
2018-09-14,0.011352585699568,0.000128881202066,0.0003440191539429,0.002768985194764113,0.052621147790257415,0.0023089640205171263,0.04805168072520592,0.0016641742281907597,0.040794291612807294,0.0019117686346028894,0.043723776536375374
2018-09-17,0.0095820260262632,9.18152227679869e-05,0.0012359502851464,0.0026105789552022286,0.05109382502027254,0.0017661160767054212,0.04202518383904372,0.001371583199107209,0.03703489164432926,0.00149922290608414,0.03871979992309025
2018-09-18,-0.0239612810488863,0.0005741429895037,0.0011635224745857,0.002459453131256174,0.04959287379509453,0.0013955666467048273,0.0373572837168982,0.001157470144590455,0.03402161290401228,0.0012159841941876608,0.034870964916211604
2018-09-19,-0.0074374144393086,5.531513354203724e-05,0.0004802573592218,0.0023463345227510263,0.04843897730909506,0.0012377775443854408,0.03518206282163456,0.0012360455672855738,0.035157439714597734,0.0011723982118276798,0.034240300989151366
2018-09-21,-0.0623014969192099,0.0038814765183743,0.0076867035804783,0.002208873359398487,0.046998652740248704,0.0010348417514735695,0.03216895633174271,0.001089909349363659,0.033013775145591256,0.0010002129445215435,0.031626143370976224
2018-09-24,-0.0289449008769152,0.0008378072867744,0.0014549430233638,0.0023092295489370376,0.048054443592003414,0.0016160819799973113,0.04020052213587917,0.0018179086705395076,0.042636940210802034,0.0019358013147116842,0.043997742154702486
2018-09-25,0.0282224361295829,0.0007965059010883,0.0056481292665371,0.002220944213207282,0.04712689479699763,0.0014349003233470766,0.03788007818559878,0.0018042238607110573,0.04247615637873862,0.0017322726647948199,0.04162057982290516
2018-09-26,-0.0134620314911646,0.0001812262918691,0.0014655035773977,0.0021354779144801485,0.04621123147547735,0.0013058026357080778,0.036135891239985736,0.0015817368902553296,0.03977105593588545,0.001448212914797517,0.03805539271637486
2018-09-27,0.041261347135926,0.0017024987674713,0.0020343836082232,0.0020182228171234857,0.044924634857987276,0.0011040057645959928,0.033226582198534846,0.0014116704680002456,0.037572203395598795,0.0012215842914665292,0.03495117010153636
2018-09-28,-0.085446676162249,0.0073011344671762,0.0063354859358154,0.00199927937414436,0.04471330198212116,0.001253985412728872,0.03541165645276809,0.0013910592805642101,0.03729690711793955,0.001198140677492278,0.034614168739004525
2018-10-01,0.0503929592121256,0.0025394503381549,0.0062147223363287,0.002317390679726274,0.04813928416300219,0.0024038386902288894,0.04902895767022678,0.0026025764839360745,0.05101545338361774,0.0030101971612766644,0.05486526370370113
2018-10-03,-0.0187401631803053,0.0003511937160244,0.0025680342584117,0.0023307142592319946,0.04827747154969898,0.0022814954443068822,0.04776500229568593,0.00230337508431824,0.0479934900201917,0.0024975693579223817,0.049975687668329105
2018-10-04,-0.0138190198566063,0.0001909653097972,0.0011265950640441,0.002211943026639543,0.047031298372887206,0.0017893872884336204,0.042301149965853414,0.0019871564550295105,0.04457753307473968,0.0019788147318612354,0.044483870468533145
2018-10-05,-0.0209014032282679,0.0004368686569106,0.0011649920623806,0.0020906843636290073,0.045724002051756224,0.0014297382830454773,0.037811880183951145,0.0016991967949830113,0.041221314813855846,0.0015835183985488234,0.03979344667842713
2018-10-08,0.0224044342592298,0.0005019586744761,0.004013184912236,0.0019914554212259058,0.04462572600222775,0.0012349354452290933,0.035141648299832115,0.0015977743921116437,0.03997217022018749,0.0013834959646716663,0.03719537558180676
2018-10-09,0.0204430268778777,0.0004179173479296,0.0014113819010069,0.0019020856164209201,0.0436129065348885,0.0011166560089971077,0.03341640329235191,0.001397228353855727,0.03737951783872723,0.0011809524836612834,0.03436498921375188
2018-10-10,0.0561564959919968,0.0031535520420991,0.0029817204579814,0.0018130355203114428,0.04257975481741813,0.0010216794133394466,0.031963720267507136,0.0012420423379929896,0.0352426210431771,0.0010349384853318316,0.03217045982468748
2018-10-11,-0.0393739258961841,0.0015503060404782,0.0012662813841773,0.0018934665116187054,0.04351398064552019,0.001470825186881167,0.038351338788641616,0.0013689001118317664,0.03699865013526529,0.00122504400459611,0.03500062863144189
2018-10-12,0.040069367984054,0.0016055542506415,0.0004972924255478,0.001872876883350275,0.04327674760596359,0.0014711559439927319,0.03835565074396121,0.0016307756841761186,0.040382863744119465,0.001446971054376487,0.038039072732868856
2018-10-15,0.0580655234565179,0.0033716050142794,0.0016144493698441,0.0018568375253877503,0.04309103764575356,0.0014817330925643803,0.03849328633105233,0.0015432128754049874,0.039283748235179744,0.0013405035354602673,0.0366128875597141
2018-10-16,0.0335407501473562,0.0011249819204473,0.001010816531442,0.0019477235747212512,0.044133021364067646,0.0018198424800903595,0.0426596118136389,0.0016137533402809034,0.040171548890737374,0.0014549668545995468,0.03814402777106197
2018-10-17,0.0256746543444092,0.0006591878757048,0.0012621235859552,0.0018983590754648185,0.04357016267429832,0.0016252073707930513,0.040313860777566955,0.0014844522791989559,0.03852859041282144,0.0012951539780315317,0.03598824777662191
2018-10-19,0.0423662720742433,0.0017949010094688,0.001983226045807,0.0018240088034792228,0.04270841607317254,0.0014075325095067568,0.037517096229675834,0.0013382902612816179,0.03658264973018791,0.0011377468115356256,0.03373050268726551
2018-10-22,-0.0014826477731436,2.198244419207957e-06,0.0018775791441799,0.0018222623358385979,0.04268796476571116,0.0014746085959409035,0.03840063275443392,0.0013439145013693754,0.036659439457926456,0.0011511371523680548,0.03392841216986222
2018-10-23,0.0062122199239813,3.8591676383911245e-05,0.0004326394661477,0.0017130584903534344,0.04138911077026703,0.001183516081600233,0.03440226855310901,0.0010992857436786213,0.03315547833584401,0.0009712108541497258,0.031164256033952197
2018-10-24,-0.0118658615617034,0.0001407986706015,0.0006482679061477,0.001612590481515263,0.040157072621336116,0.000995362583892435,0.031549367408752194,0.0009443097412195227,0.03072962318707346,0.0008528596628159175,0.02920376110736282
2018-10-25,0.0267936544400385,0.0007178999182521,0.0021299080434935,0.0015242829728604377,0.03904206670836519,0.0008884940304731898,0.02980761698749482,0.0009226605629863062,0.03037532819553241,0.0008073695909111251,0.02841424978617463
2018-10-26,-0.0315799093277059,0.0009972906731461,0.0011147461566092,0.0014758999895839431,0.038417443818972954,0.0009250836391725047,0.03041518763993582,0.0009267923129670089,0.030443263835650228,0.0008136831873231927,0.028525132555751474
2018-10-29,0.0295441340489852,0.0008728558567044,0.0007215726352182,0.0014471834305976742,0.038041864184049576,0.001001959918784439,0.03165375046948527,0.0011551598509815433,0.03398764262171684,0.0010163741822614442,0.03188062393149551
2018-10-30,-0.0158454921033677,0.0002510796199978,0.0004291979393163,0.0014127237761640782,0.037586217901833086,0.001030128182755743,0.03209561002311286,0.0011213120800683844,0.03348599826895391,0.0009715626015368202,0.031169898965778188
2018-10-31,0.0056040729588478,3.1405633728089606e-05,0.0010431574705853,0.0013430251267941065,0.03664730722432559,0.0009324510011954738,0.030536060669239473,0.0011042967836902568,0.03323096122128063,0.0009180666620539226,0.030299614882930814
2018-11-01,0.0289874277674393,0.0008402709685725,0.0010259591105386,0.0012643279572101456,0.03555738962874167,0.000825851188451224,0.028737626701786353,0.0009446459852161666,0.030735093707619742,0.0008161181195849846,0.028567781145636507
2018-11-02,0.0034227755825475,1.171539268848392e-05,0.0003755881432941,0.0012388845378918873,0.03519779166214675,0.0009060621643585437,0.030100866505111505,0.0009567279575304802,0.03093101934192406,0.0008325327420483685,0.02885364347960875
2018-11-05,-0.0412730217290628,0.0017034623226476,0.0057408950459964,0.001165254389179683,0.03413582266739273,0.0008044851367051686,0.028363447193618208,0.0008260533963397684,0.02874114465952545,0.0007561255499776459,0.02749773717922342
2018-11-06,-0.024329176571656,0.0005919088326548,0.0006454225659728,0.0011975468651877633,0.03460559008581942,0.0010535458285703733,0.032458370701105334,0.0012127279356755674,0.03482424350471331,0.001171596242313472,0.03422858808530484
2018-11-07,0.0078742289302131,6.20034812454054e-05,0.0002395784437648,0.0011612085832357862,0.03407651072565655,0.0010120205368152123,0.0318122702241637,0.0012838489373530122,0.03583083779864786,0.0011472298419808395,0.03387078153779212
2018-11-09,0.0033128150023688,1.0974743239920449e-05,0.0001943186603912,0.0010952562771163635,0.03309465632268091,0.0008848823968701584,0.029746972902635966,0.0010855590548614618,0.03294782321886321,0.0009745103024636333,0.031217147570904574
2018-11-12,-0.0370584665429892,0.0013733299425178,0.0012908458868756,0.0010301993850837768,0.032096719226172896,0.0007901600125873647,0.028109784997174286,0.0009189314205113422,0.030313881647049793,0.0008521764268917901,0.029192061025076495
2018-11-13,0.0117867960499567,0.0001389285611232,0.0002517478720542,0.0010507872185298213,0.032415848261765745,0.0009820714940203732,0.03133801994415686,0.0012280093826503046,0.035042964809649094,0.0011458453307349255,0.033850337232218614
2018-11-14,-0.0080494676257921,6.479392905867636e-05,0.00042099084928,0.0009960756990854286,0.03156066696198654,0.0008792410726190553,0.029651999470846065,0.0010682386234709019,0.03268391995264494,0.0009816985543652389,0.03133206910443737
2018-11-15,0.012357078120027,0.0001526973796644,0.0005295900360654,0.0009401987928838233,0.030662661216597352,0.0007964691823949519,0.02822178559898278,0.000974008278926806,0.031209105705335517,0.0008737020455238792,0.029558451338388473
2018-11-16,-0.00863395253789,7.454513642653805e-05,0.0005634809942551,0.0008929487080906608,0.02988224737349353,0.0007575046524700829,0.02752280240945829,0.0008854504263400367,0.029756519056167115,0.0007988922124233766,0.028264681360726084
2018-11-19,0.0040179239481179,1.6143712852859428e-05,0.0003234188426087,0.0008438444937908134,0.029049001597142948,0.0007167573556511053,0.026772324434966518,0.0008426142643151625,0.029027818800508635,0.0007526104055334019,0.027433745743762405
2018-11-20,-0.0121026262475882,0.0001464735620888,0.0006302650289078,0.0007941824469345362,0.02818124282097112,0.0006785180052702792,0.026048378169672662,0.0007446164257133029,0.02728766068598228,0.0007024800953168377,0.026504341065509206
2018-11-21,0.0052937304531234,2.802358211032665e-05,0.0001720636335482,0.0007553199138437926,0.027483084139954025,0.0006773338731861259,0.026025638766149925,0.000768538125244956,0.027722520182064184,0.0007071122693807659,0.026591582679125474
2018-11-22,-0.0156500993529681,0.0002449256097577,0.000273647747146,0.0007116821339397846,0.026677371196198934,0.0006543387262087302,0.02558004546924673,0.0006949350542476478,0.026361620857747875,0.000672929436571626,0.025940883496358137
2018-11-26,-0.0072818136288258,5.302480972495432e-05,0.0002617390904871,0.0006836767424888638,0.026147212900974052,0.0006795921299162446,0.026068987895893552,0.0007656518093568728,0.027670413971548614,0.0007141780220619238,0.026724109378273464
2018-11-27,0.0113744641130906,0.0001293784338599,0.0006616139551235,0.0006458376265230292,0.025413335604029415,0.0006605374926713851,0.02570092396532438,0.0007363563043037049,0.02713588591337502,0.0006893347961869597,0.026255186081743157
2018-11-28,-0.0072520623368981,5.25924081382567e-05,0.0001574474175604,0.0006148500749632467,0.024796170570538643,0.0006620861751688778,0.025731035252567622,0.0006994831138160882,0.026447743076037474,0.0006715990026499956,0.025915227235160328
2018-11-29,0.0726150113700217,0.0052729398762683,0.0036725560078987,0.0005811146149537472,0.02410631898390435,0.000648730881276078,0.02547019594106174,0.0006841598080966765,0.026156448690460188,0.0006603868021677494,0.02569799218164231
2018-11-30,-0.02926450587134,0.0008564113038936,0.0016108342155617,0.0008626241306326254,0.02937046357537833,0.0016182761846874783,0.04022780362743507,0.0010265061066358316,0.03203913398698273,0.0011953182060926986,0.03457337423643661
2018-12-03,0.0102502247644226,0.0001050671077211,0.0003272683863682,0.0008622513610282894,0.029364116895086244,0.0014398571080623552,0.037945449108718624,0.0012045968690111446,0.034707302819596116,0.001236027847438385,0.03515718770661819
2018-12-04,-0.0239805734163783,0.0005750679013783,0.0005719389199484,0.000816820305829863,0.028580068331441458,0.0011795209063369806,0.03434415388879133,0.0010425915547472627,0.032289186343840606,0.0010391818468787712,0.03223634357179442
2018-12-05,-0.0334249298398983,0.0011172259348021,0.0011879286307699,0.0008023151615627697,0.02832516834129622,0.0010932425518169427,0.03306421860284835,0.001146099727664642,0.033854094695688466,0.001052944536249414,0.03244910686366289
2018-12-06,-0.0444951098208462,0.0019798147979691,0.0006030074058485,0.0008212098079571309,0.028656758504009675,0.001137073882189876,0.03372052612563861,0.0013608410301362112,0.03688957888260872,0.0012113529217049252,0.0348044957111136
2018-12-07,0.0154888541463145,0.0002399046027658,0.0002947588091928,0.000890726107357853,0.029845034886189243,0.0013281141007239288,0.03644329980564231,0.0017099876797913292,0.04135199728902256,0.0015558134018835562,0.03944380055070196
2018-12-10,-0.0658909611633795,0.0043416187630339,0.0006263509662879,0.00085167681708233,0.02918350248140771,0.00112994861556579,0.03361470832189073,0.0014297912370124849,0.037812580406691165,0.001269942883447357,0.03563625798884273
2018-12-11,0.0593293633789406,0.0035199733589503,0.0078288147992344,0.0010610733338394295,0.03257412061498252,0.0017660330379122777,0.042024195862767885,0.002175545861992872,0.04664274715315203,0.0022449642793212986,0.047381054012350744
2018-12-12,0.0272744589868904,0.0007438961130275,0.0005383610388877,0.0012086073353460866,0.03476503035157724,0.002038077637438512,0.04514507323549838,0.0020841392728392764,0.045652374230036236,0.002083024703092984,0.04564016545865039
2018-12-13,-0.0006407504517098,4.105611413663917e-07,0.0003124468072846,0.0011807246620069755,0.034361674319028396,0.001699952301040839,0.0412304778172754,0.0017676649761508751,0.0420436080296503,0.0016801402804825305,0.040989514274781674
2018-12-14,0.007026463590824,4.9371190593176006e-05,0.0002140290408287,0.0011099058159550388,0.033315249000345756,0.0013341171744826747,0.036525568776990654,0.001378036928834625,0.03712191978918419,0.0013288927625258696,0.03645398143585786
2018-12-17,0.0053958362274385,2.911504859333776e-05,9.439728320909503e-05,0.001046273738433327,0.03234615492501894,0.0010982563256691216,0.03313995059847135,0.0011469488709491447,0.03386663359339314,0.0010961749234130876,0.03310853248655228
2018-12-18,0.0006330381861219,4.007373450885744e-07,0.0001821511153903,0.0009852442170429276,0.03138860011282643,0.0009364789578378073,0.03060194369378859,0.0009741673127711304,0.031211653477044923,0.000936468382092927,0.030601770897987702
2018-12-19,0.0135116300058806,0.0001825641454158,0.0002467010121513,0.0009261536082610573,0.03043277194507686,0.0008227376396491743,0.028683403557618024,0.0008247176480406074,0.02871789769535032,0.0008253023440094242,0.028728075884218635
2018-12-20,-0.005947818307871,3.5376542623445676e-05,0.0002355327996056,0.0008815382404903426,0.029690709666330688,0.0007806975394311936,0.02794096525589611,0.0007785024645347373,0.027901657021308562,0.0007692769556640899,0.02773584243653129
2018-12-21,0.0006279690956821,3.943451851318798e-07,0.0013256004184481,0.0008307685386183286,0.02882305567802152,0.0007249503727739401,0.02692490246544897,0.0007332733937920269,0.027079021285711692,0.0007217876106842715,0.026866105238464905
2018-12-24,-0.0050330744447098,2.533183836599098e-05,0.0002772812499181,0.0007809460870123368,0.02794541262912997,0.0006810536952902075,0.02609700548511663,0.0006465780351658102,0.025427898756401605,0.0006799472061448132,0.026075797325198193
2018-12-26,0.016885758446761,0.0002851288383223,0.0011475299004109,0.000735609232093556,0.027122117028240182,0.0006563257442041984,0.02561885524773108,0.0006217019546523362,0.024933951845873454,0.0006585426567398215,0.025662085977952408
2018-12-27,0.0067985670508109,4.6220513944372806e-05,0.0008496862517498,0.0007085804084672842,0.026619173699934492,0.0006884586499827336,0.026238495573922178,0.0006351915144350327,0.025203006059496803,0.000667202547087871,0.02583026416992035
2018-12-28,-0.0049397455482062,2.4401086081023063e-05,0.0002781616852789,0.0006688388147959094,0.025861918235040287,0.0006652009429231134,0.025791489738344185,0.0005989235027643496,0.024472913654984964,0.0006478298166810553,0.025452501187133953
2018-12-31,-0.0034101951801684,1.162943116684389e-05,0.0002193698154612,0.0006301725510730162,0.025103237860344157,0.0006455330450104316,0.025407342344496237,0.0005829912751612033,0.024145212261672155,0.0006365409021415296,0.025229762229191332
2019-01-01,-0.0235676699593173,0.0005554350673113,0.0006803033219081,0.0005930599638786459,0.024352822503328972,0.0006299655116988193,0.025099113763215213,0.0005570250423123874,0.02360137797486383,0.0006253853630128085,0.025007706072585078
2019-01-02,-0.0153799988415206,0.0002365443643651,0.0004288107141834,0.0005908024700846055,0.024306428575268015,0.000721468074078244,0.026860157744850347,0.0007354835194565523,0.02711979939926828,0.0007673753797144923,0.027701541107210848
2019-01-03,-0.0152923053645337,0.0002338546033621,0.0005170793539031,0.0005695469837414397,0.023865183505295737,0.0007229846900561907,0.026888374626521973,0.0007959991743653101,0.028213457327405128,0.0007758199902466891,0.02785354538019692
2019-01-04,0.0003278300975665,1.0747257287049705e-07,0.0002498029049588,0.0005494054409186821,0.023439399329306245,0.0007234963628555911,0.026897887702486807,0.0008440477678691994,0.029052500199969012,0.0007807979371008914,0.027942761801598843
2019-01-07,-0.0085582982411919,7.324446878518986e-05,0.0002741464358099,0.0005164475628179334,0.02272548267513659,0.0006800260224734609,0.026077308574188805,0.0007279516084877503,0.026980578357176672,0.0007198711771745043,0.02683041515099057
2019-01-08,0.0144406339741135,0.0002085319095743,0.0003377113357805,0.0004898553771759686,0.022132676683491507,0.0006646180452919458,0.02578018706859874,0.0007193473629739368,0.026820651799945815,0.0006987497543223576,0.026433875128750187
2019-01-09,-0.0270821463995834,0.0007334426536084,0.0007422424221554,0.00047297596911986974,0.02174801069339147,0.0006796557044437689,0.026070207219041602,0.0007012582312806951,0.026481280771154084,0.0006863346665808603,0.026197989743124574
2019-01-10,0.0116491371513632,0.0001357023963712,0.000174231836261,0.0004886039701891856,0.022104388030189517,0.000788116136882115,0.02807340622158478,0.000904293392406973,0.030071471404089507,0.0008575934471621835,0.029284696466963484
2019-01-11,0.0026439786923929,6.9906233258277285e-06,0.0001941775154031,0.00046742987576011064,0.021620126636079415,0.0007487242438192379,0.02736282594724525,0.0008294051211905801,0.02879939445874826,0.0007861903266360334,0.02803908569543653
2019-01-14,-0.0210113088507795,0.0004414750996228,0.0002795477134413,0.00043980352061405366,0.02097149304684942,0.0006982139274936233,0.026423737954604818,0.0007281225578960561,0.02698374617980343,0.0007242492897464333,0.026911880085687682
2019-01-15,0.0020199828664163,4.080330780615616e-06,0.000119076861907,0.0004399038153545811,0.02097388412656514,0.0007458207413478913,0.027309718807558076,0.0008533693429090834,0.02921248607888557,0.0008029751594849948,0.02833681632585063
2019-01-16,-0.0013463058927818,1.8125395569390664e-06,0.0001178838487257,0.00041375440628014316,0.020340953917654482,0.0006957236501908416,0.026376573890307314,0.0007429518728359612,0.027257143519377837,0.0007353064228793405,0.027116534123654897
2019-01-17,0.003698066371901,1.367569489098509e-05,0.0003911814439558,0.0003890378942767509,0.019724043557971346,0.000661743335470864,0.025724372401885028,0.0006630315675372539,0.025749399362650263,0.0006895572050504132,0.02625942126267091
2019-01-18,-0.0152156023002279,0.0002315145533587,0.000459047012401,0.00036651616231360494,0.019144611835020447,0.000641206780500959,0.025322061142429915,0.0006067151953097494,0.02463158937847392,0.0006595278035242223,0.025681273401531753
2019-01-21,-0.0054665054877378,2.988268224746786e-05,0.0002375613082643,0.0003584160657763107,0.0189318796155139,0.0006682825571554153,0.025851161621006806,0.0006874993534398366,0.02622020887483234,0.000701416187790408,0.02648426302147009
2019-01-22,-0.0017144626000586,2.9393820069997944e-06,0.0004252358300301,0.0003387040627645801,0.018403914332678798,0.000648624581965915,0.025468109116420775,0.000657899187532689,0.025649545561913744,0.0006743301688373179,0.025967868007160656
2019-01-23,-0.0187048673577133,0.0003498720628696,0.0003431789699663,0.00031855818191912525,0.01784819828215513,0.0006304073921230528,0.025107914929819498,0.0006011753772091177,0.0245188779761456,0.0006485817303048212,0.025467267821751537
2019-01-24,-0.0031518504631396,9.934161341993483e-06,0.0001544194075064,0.00032043701477615667,0.01790075458678088,0.0006832337586771564,0.02613874057174822,0.0007197186632696127,0.026827572817338743,0.0007265524717841054,0.026954637296467288
2019-01-25,-0.0371605555742364,0.0013809068905859,0.001574676638772,0.00030180684357010684,0.017372588856301954,0.0006548998523698338,0.025591011163489295,0.0006616418252538394,0.025722399290381903,0.0006858635397024006,0.02618899653866869
2019-01-28,-0.006940532857421,4.8170996344940655e-05,0.0104304233575909,0.0003665528463910552,0.01914556988943017,0.0008928938701405629,0.02988132979203842,0.0010055328262202584,0.0317101375938399,0.0010353230490018762,0.032176436238369785
2019-01-29,0.0317486983145802,0.0010079798446702,0.0019523306100204,0.0003474499353882883,0.01864000899646479,0.0008024981173954538,0.028328397720228615,0.0009153848677965396,0.03025532792412833,0.0009054385183358747,0.0300905054516516
2019-01-30,-0.0064127453548684,4.112330298638662e-05,0.0004667868647457,0.0003870817299452047,0.019674392746542514,0.0009218551701478795,0.030362067949134812,0.000950163099875273,0.03082471573064824,0.0009107243762768603,0.030178210289492986
2019-01-31,-0.019852569351661,0.0003941245098625,0.0008585767158993,0.0003663242243276756,0.019139598332453992,0.0008205755148248578,0.028645689288702023,0.0008684476181459411,0.029469435321124515,0.0008191381028754671,0.028620588793305198
2019-02-01,0.0417695552867462,0.0017446957488525,0.0019440835630561,0.00036799224145976563,0.019183123871251147,0.0008189037601142561,0.02861649454622729,0.0009549726025108885,0.030902630996581644,0.0008542006584297555,0.02922671138581547
2019-02-04,-0.1498476254306579,0.0224543108472067,0.009686277876467,0.00045059445190333264,0.021227210177113067,0.001070932188870058,0.032725100288158906,0.0010434371469404656,0.032302277736105015,0.0009538526008480818,0.030884504218913436
2019-02-05,0.0092985566261029,8.646315532884292e-05,0.0014396569904431,0.0017708174356215391,0.04208108168312144,0.005121507751677879,0.07156471023959979,0.004844611771526428,0.06960324540943783,0.0070118245088926084,0.08373663779309871
2019-02-06,-0.010924710402138,0.0001193492973705,0.0022339942512524,0.0016697561788039772,0.04086265016863171,0.003642019086103033,0.06034914320935329,0.003340071276309028,0.057793349758506196,0.0049478502114007105,0.07034095685587957
2019-02-07,0.0085072556070144,7.237339796307896e-05,0.0014345818495903,0.0015767317659179734,0.03970808187155322,0.0026572153913526344,0.05154818514121166,0.002537763742412557,0.0503762219942361,0.003574076942770075,0.05978358422485285
2019-02-08,-0.0016148060940344,2.6075987213306556e-06,0.002360928777799,0.0014864702638406795,0.03855476966395571,0.0019887846248915404,0.044595791560320355,0.0019300005934160627,0.043931772026815204,0.002618757301390124,0.05117379506534691
2019-02-11,-0.0458852199186816,0.0021054534069857,0.0014021373170903,0.0013974385039335186,0.037382328765521264,0.0015279901018509716,0.03908951396283883,0.0014978853557024616,0.038702523893183786,0.0019650087771132564,0.04432841951968575
2019-02-12,-0.0106317032382923,0.0001130331137471,0.0005633332339465,0.001439919398116654,0.03794626988409604,0.001613500879292554,0.04016840648186774,0.0018427496511107737,0.042927260000036965,0.0021006429389047615,0.045832771451274484
2019-02-14,0.009785282826365,9.575175999195416e-05,0.0003187078509232,0.0013603062210544815,0.036882329387587245,0.001297321374165069,0.03601834774340807,0.0015563257361902734,0.039450294500678613,0.0016445740730973793,0.04055334848193647
2019-02-15,0.0142919655369434,0.0002042602789091,0.0005524792255534,0.00128443295339073,0.035838986500607545,0.0010823038165482868,0.03289838623015249,0.0012875042828686448,0.03588180991628829,0.001314813303110502,0.0362603544261567
2019-02-18,-0.0193853910777992,0.0003757933872392,0.000374104986616,0.0012196225929218367,0.03492309540865238,0.0009586227457867166,0.03096163344829721,0.0011256652257512331,0.033550934796980444,0.0011030031835398957,0.03321149173915402
2019-02-19,0.0063626569382565,4.0483403313944015e-05,0.000231971214988,0.0011689928405808794,0.0341905372958788,0.0009079324364164505,0.030131917237647698,0.0011516701574702513,0.03393626610972768,0.001041356976173172,0.032270063157254156
2019-02-20,0.0151074018625353,0.0002282335910361,0.0006153114296114,0.001101282274344863,0.033185573286367426,0.0008111300671145951,0.02848034527730651,0.0009828411301826773,0.03135029713069203,0.0009005535031102786,0.030009223633914266
2019-02-21,-0.0054291760023477,2.947595206446835e-05,0.0002429483470621,0.0010488993533463394,0.03238671569249249,0.0007814829209267323,0.02795501602444063,0.0009069942145620059,0.030116344641440234,0.0008250515569941713,0.02872371071073811
2019-02-22,0.0699416205328853,0.0048918302827661,0.0027350182403956,0.0009877339492694271,0.03142823490540675,0.0007243704305985969,0.02691413068628814,0.0008259355645310866,0.028739094706185277,0.0007579284383591749,0.0275305001472762
2019-02-25,0.0303813647077959,0.0009230273215081,0.0026002822006475,0.001221979729279229,0.034956826647726896,0.0015975055115929955,0.039968806732162965,0.0011308231400716754,0.03362771386924296,0.0012211040181685105,0.03494429879348719
2019-02-26,0.0007569723132506,5.730070830280635e-07,0.0008325810708261,0.0012040425848129615,0.03469931677732231,0.0014384311863597987,0.03792665535424655,0.00110815794980552,0.03328900644064824,0.0011154792163532027,0.03339879064207569
2019-02-27,0.0011349111002992,1.288023205582486e-06,0.000930455135435,0.0011318344101491655,0.0336427467687935,0.0011589796677441684,0.034043790443253646,0.000921641201611264,0.03035854412865123,0.000946523867486664,0.03076562802035193
2019-02-28,-0.0260450199402152,0.0006783430636862,0.0008069637974623,0.0010640016269325505,0.032619037798999384,0.0009719358727350931,0.031175886077786034,0.000788941641967585,0.028088104990682178,0.0008322043622121026,0.028847952478678666
2019-03-01,0.0380709189943462,0.001449394873074,0.0008346720454042,0.00104086211313777,0.03226239472106449,0.0009735588881206822,0.03120190520017459,0.0009658630791596235,0.03107833777986885,0.0009412057772284758,0.030679077189975514
2019-03-05,0.0576976698975477,0.0033290211116063,0.0026013233823507,0.001065374078733948,0.0326400686079847,0.0011191702886117346,0.03345400257983691,0.0010286561112603672,0.03207266922568758,0.0009815684792443809,0.03132999328509952
2019-03-06,-0.0181467946650998,0.0003293061566172,0.0005591508614606,0.001201192900706294,0.03465822991305664,0.0015690145360662433,0.03961078812730496,0.0012105949628255783,0.03479360520017404,0.0012074435953458407,0.03474828909954907
2019-03-07,-0.0170201412022112,0.0002896852065432,0.0006036525729858,0.0011488796960609539,0.033895127910379005,0.0013080619876325596,0.0361671396108755,0.0012006593034059288,0.03465053106960886,0.0010992870189550543,0.03315549756759886
2019-03-08,0.0094510499584992,8.932234531804809e-05,0.000298233112342,0.001097328026689889,0.03312594189890891,0.0011258483945389252,0.033553664398079164,0.001178883232314116,0.034334869044662396,0.001015161655469233,0.0318616015835556
2019-03-11,0.0061318384978965,3.7599443364286653e-05,0.0002086879263222,0.0010368476858075785,0.03220011934461701,0.0009662453695605498,0.031084487603313487,0.001019567977689303,0.03193067455737982,0.0008879762719557378,0.029798930718328433
2019-03-12,0.0650777121888404,0.0042351086237335,0.0019549931955898,0.0009768927912609808,0.03125528421340911,0.0008496477545582113,0.02914871788875475,0.0008859869603571291,0.02976553309378364,0.0007963989994577687,0.028220542153859638
2019-03-13,-0.0071006326825734,5.041898449283024e-05,0.0004122882704856,0.001172385741209335,0.03424011888427572,0.0015583222965326908,0.03947559114861601,0.0011460635976085732,0.033853561077212733,0.0011777812709491335,0.03431881802960489
2019-03-14,-0.0122910736216042,0.0001510704907716,0.0005278529379464,0.0011050677358063446,0.03324255910435213,0.0012486262665430015,0.03533590619388445,0.001020744287281758,0.031949088989856315,0.00100251125605729,0.031662458149317625
2019-03-15,-0.0257492862533062,0.0006630257425547,0.0012918704758707,0.0010478279011042655,0.03237016992702178,0.0010600564505734583,0.03255850811344799,0.0009859054716394766,0.03139913170199897,0.0009115192663465392,0.030191377350934807
2019-03-18,0.0143481347929088,0.0002058689720354,0.0003831778764094,0.0010247397715912917,0.0320115568442288,0.0010297113802368266,0.0320891162271077,0.0011240976923386108,0.03352756615590537,0.0009906955567118526,0.031475316626077846
2019-03-19,-0.0132914080325588,0.0001766615274879,0.0003353248900217,0.0009756075236179429,0.03123471664058989,0.0009236976381805388,0.030392394413414334,0.001007486341882284,0.031740925346975694,0.0008837218741768588,0.029727459934828924
2019-03-20,-0.0181210036312192,0.0003283707726026,0.0003958395729468,0.0009276707638501444,0.030457688091024643,0.0008472146019346601,0.029106951093075,0.0009872494507533003,0.031420525946478046,0.0008381276076828932,0.028950433635489697
2019-03-22,-0.0086425356052409,7.469342168785823e-05,0.0003601642181063,0.0008917127643752953,0.02986155997893103,0.0008244219944722763,0.028712749684979257,0.001028565448328792,0.032071255795942756,0.0008489760675629796,0.029137193886216627
2019-03-25,-0.0286151403629661,0.0008188262579922,0.0003300279482056,0.0008426916038140489,0.029029150931676403,0.0007616066702960919,0.027597222148181725,0.0009509896593413471,0.030838120230347165,0.0007865615878013344,0.028045705336135412
2019-03-26,0.0289767552035108,0.0008396523421241,0.0008410754989516,0.0008412596830647411,0.029004476948649514,0.0008590113621993818,0.029308895615484762,0.0011341737954702516,0.03367749687061453,0.0009489343004319024,0.03080477723392757
2019-03-27,-0.005801250930623,3.365451236005496e-05,0.0004148265007905,0.000841163242608308,0.02900281439116397,0.0009281570358003142,0.030465669790771286,0.0011019506026195927,0.03319564131960087,0.0009223935895106138,0.03037093329995991
2019-03-28,0.0021795410775136,4.750399308569427e-06,0.0008672020864879,0.0007927127187934127,0.028155154391219607,0.0008233965971496117,0.028694887996812458,0.0009742310425471786,0.031212674389535712,0.0008249851367244052,0.02872255449510724
2019-04-01,0.0944520070321634,0.0089211816324038,0.0010642670752938,0.000745434979624322,0.027302655175354684,0.000747809884662205,0.027346112788881074,0.0008325450418876027,0.028853856620694618,0.0007502795547908698,0.02739123134856974
2019-04-02,0.0013197570951921,1.7417587903101176e-06,0.0003885578515532,0.0012359797787910938,0.035156504075221896,0.00236845833498464,0.048666809377486825,0.001335019360464059,0.036537916750467025,0.001641549234696671,0.04051603675949402
2019-04-03,-0.0274080425655189,0.0007512007972733,0.0005898391283594,0.0011619254975910468,0.034087028289234114,0.0017821348770166825,0.04221533935688167,0.001084206539810229,0.03292729171690604,0.001302834905635767,0.0360948044133192
2019-04-04,-0.0003389410915642,1.1488106355074652e-07,0.0003880498091468,0.0011372820155719817,0.03372361213707662,0.0015298899255518105,0.03911380735177555,0.0012252436885338916,0.03500348109165561,0.0012798922290837625,0.03577558146395055
2019-04-05,-0.0040761739931087,1.661519442209574e-05,0.000148807886133,0.0010690519875014759,0.0326963604626184,0.0012201532502082893,0.0349306920946077,0.001003918071102593,0.03168466618259679,0.001057814473651949,0.03252405991957261
2019-04-08,-0.0342772719016268,0.001174931369018,0.0009799790380446,0.001005905779916713,0.031716017718444935,0.0010157830906418319,0.031871352193495524,0.0008841259985815781,0.029734256314587357,0.0009119891982713993,0.0301991589000654
2019-04-09,0.0281320576224732,0.0007914126660741,0.0016274070976437,0.0010160473152627935,0.031875497098285285,0.0010960073884015622,0.03310600230172109,0.001157735477098296,0.03402551215041878,0.0011317845592034737,0.033642005873661486
2019-04-10,-0.0218115230464901,0.0004757425376075,0.0004929835697865,0.001002569236311475,0.031663373735460895,0.0010778560410079948,0.03283071794840915,0.0011144524805859577,0.03338341625097644,0.001041100883946148,0.032266094959665446
2019-04-11,-0.01303528787201,0.0001699187299061,0.0003763073212212,0.0009709596343892405,0.031160225197986623,0.0010065296592713276,0.031725851592531405,0.0011741737068220596,0.034266218157568244,0.0010269300139034512,0.03204574876490564
2019-04-12,0.0028326641527402,8.023986202219394e-06,0.000494341178288,0.0009228971801202564,0.03037922283601502,0.0009014319865499285,0.03002385695659251,0.0011100986674220516,0.03331814321690288,0.0009332356846936653,0.030548906440225735
2019-04-15,0.0109023375509195,0.0001188609640741,0.0003740615479364,0.0008680047884851742,0.02946192099108906,0.0008006919145930622,0.028296500041401978,0.0009339860635397406,0.030561185571566764,0.0008239188240020961,0.028703986204046576
2019-04-16,0.0006993326252478,4.890661207361113e-07,0.0001731434889432,0.0008230561590205151,0.028688955349062732,0.0007539908312750345,0.02745889348234984,0.0008477964438017105,0.029116944273081105,0.0007616111869417321,0.027597303979587064
2019-04-18,-0.0316022584876613,0.0009987027415209,0.0008386000483007,0.0007737021334465284,0.027815501675262453,0.0007005228722362263,0.02646739262255023,0.0007324922760581352,0.02706459451124541,0.0007069206629176785,0.02658797966972441
2019-04-22,-0.0252070662837031,0.000635396190631,0.0003579773323556,0.0007872021699309943,0.028057123336703536,0.0008518128367629977,0.029185832809138713,0.0009904684578653602,0.03147170884882739,0.0009444765148845667,0.03073233663235789
2019-04-23,-0.0198024969181364,0.0003921388841928,0.0004538052365292,0.0007780938111729948,0.02789433295802204,0.0008850500977621413,0.029749791558297368,0.0011206118603138964,0.03347554122510787,0.0010054120530057352,0.0317082332053638
2019-04-24,0.0271746674708189,0.0007384625521495,0.0004978107755714,0.0007549365155541831,0.027476108086011437,0.0008617169286553929,0.02935501539184391,0.001153082648238879,0.03395707066634104,0.0009797756069019304,0.031301367492522277
2019-04-25,-0.0103359111374594,0.0001068310590414,0.0001951530879012,0.0007539480777499072,0.0274581149708043,0.0009110024384593176,0.030182816940426842,0.001105036218569771,0.03324208505147911,0.0009325866222913262,0.030538281259614566
2019-04-26,-0.0251750913426483,0.0006337852241106,0.0005951738672876,0.0007151210566274001,0.026741747449024345,0.0008256224298727559,0.028733646303119205,0.0010270068527081049,0.03204694763480767,0.0008520096493139472,0.029189204328209206
2019-04-30,-0.0336654990548458,0.0011333658266118,0.0010120588770476,0.0007102409066763972,0.026650345338783084,0.0008672056956893437,0.029448356417452973,0.0011494608457890297,0.033903699588526175,0.0009423622686004293,0.030697919613557355
2019-05-02,-0.0031532337058474,9.942882803692382e-06,0.0006010387428866,0.0007356284018725228,0.027122470423479546,0.0009886986609936336,0.03144357901056484,0.0013671208491946299,0.03697459735000004,0.0011409190696577988,0.03377749353723273
2019-05-03,0.0129437593388311,0.0001675409058215,0.0008181635567969,0.0006920872707283929,0.02630755159129015,0.0008595031782769031,0.02931728463341895,0.0011342149814054885,0.0336781083406638,0.0009664221973775214,0.031087331782858454
2019-05-06,-0.0212689556725407,0.0004523684754005,0.0001250213036902,0.0006606144888339839,0.025702421847638872,0.0008025073298063203,0.0283285603200431,0.0010069098671772402,0.03173184311030861,0.0008632384196082663,0.029380919311830022
2019-05-07,-0.0262164784029718,0.0006873037398534,0.0011423606996527,0.000648119728027975,0.025458195694667268,0.0008177187369326807,0.028595781803138043,0.0010829497297041807,0.03290820155681833,0.0009000764972653798,0.030001274927332334
2019-05-08,-0.0119220054394732,0.0001421342136988,0.0002558791948424,0.0006504707687375057,0.025504328431415434,0.0008719431643694405,0.02952868375612839,0.0012079596113952625,0.0347557133633488,0.0009896242679975622,0.03145829410501406
2019-05-09,-0.0066390112366605,4.407647020050531e-05,0.0002304223248643,0.000619970575435185,0.024899208329486805,0.0008060775095220834,0.028391504178575735,0.0011218502835208327,0.033494033551079404,0.0009003364202247701,0.030005606479869225
2019-05-10,-0.0008330243771171,6.939296128714049e-07,0.0002300420116736,0.0005854169291211042,0.024195390658575948,0.0007435806804910143,0.027268675811102643,0.0009979357973771926,0.03159012183226258,0.000812916805116133,0.028511695935460116
2019-05-13,-0.0202026547438566,0.0004081472586994,0.0004618862202661,0.0005503335491506101,0.02345918901306288,0.0006935885081247035,0.026336068577612406,0.0008469536454855696,0.029102468030831503,0.0007417974556894934,0.027235958872224297
2019-05-14,0.0477367437117293,0.0022787967001993,0.0022953540016567,0.0005418023717235418,0.023276648635994438,0.0007364757167337864,0.027138086091944406,0.0009417639126905233,0.030688172195334856,0.0008056915949510048,0.028384707061215285
2019-05-15,-0.0494389495903861,0.0024442097366007,0.0019464227570935,0.0006460220314320889,0.025416963458133407,0.001115832271836745,0.033404075677029965,0.0010716538634702182,0.032736124747291304,0.000977426015987854,0.031263813202932464
2019-05-16,0.0118545182636849,0.000140529603264,0.0011281886049182,0.000753913293742208,0.02745748156226656,0.0014009315712892468,0.037429020442555624,0.0015586256822827508,0.03947943366213288,0.0015251335939503185,0.039052958837331626
2019-05-17,0.0042000490646418,1.764041214539866e-05,0.0005102521267612,0.0007171102723135178,0.026778914696333714,0.0011600954303239866,0.034060173668435494,0.0013019618021175932,0.03608270779913272,0.0012386733548716198,0.03519479158727353
2019-05-20,0.2419102243652123,0.0585205566524273,0.0130159991868621,0.0006751420807034307,0.02598349631407272,0.000975748271978553,0.03123696963501026,0.0010773829722725624,0.03282351249139193,0.0010317380856480448,0.032120680030909135
2019-05-21,0.0176127759296416,0.0003102098759477,0.0016845480459966,0.004145866955006869,0.06438840699230623,0.011817932940524346,0.10871031662415645,0.0036207356182002726,0.060172548709525944,0.007071344403219868,0.08409128613132201
2019-05-22,0.0211140059067799,0.0004458012454315,0.0005350439918452,0.003915727530263323,0.06257577430814039,0.008169251773159199,0.09038391324322707,0.002680841044492955,0.051776838880844736,0.0050117840701035445,0.07079395503927963
2019-05-23,0.0194364622764063,0.0003777760658221,0.0067395740974145,0.0037075319531734152,0.06088950610058695,0.0057507645594725805,0.07583379562881302,0.002116769978002554,0.04600836856488778,0.0036316348927181016,0.060263047489469874
2019-05-24,-0.0292980223224074,0.0008583741120042,0.0020530801279061,0.0035077465999323403,0.05922623236313737,0.004118101040459793,0.06417243209088926,0.0017329677258039414,0.04162892895336057,0.00268998817369963,0.051865095909480685
2019-05-27,0.0051017926182517,2.6028287919647544e-05,0.000445542003477,0.0033487842506566565,0.05786868108620289,0.003114618336531572,0.0558087657678574,0.001747630402336167,0.04180466962357395,0.002248567650735939,0.04741906421193842
2019-05-28,0.0028587351086503,8.172366421430249e-06,0.0002664971518304,0.0031494188928924355,0.05611968364925479,0.0022864682355432384,0.04781702871930917,0.0013886973618504118,0.03726522993153822,0.001716395835795988,0.04142940786200049
2019-05-29,-0.0159849343048998,0.0002555181247319,0.0006634475722806,0.0029609441013041748,0.05441455780675034,0.001728422898889173,0.041574305753544136,0.0011301925449849154,0.033618336439879284,0.0013541907575176759,0.03679933093845153
2019-05-30,0.0188353248075406,0.0003547694606055,0.0002697253794179,0.0027986185427098416,0.052901971066396394,0.001401003716773757,0.03742998419414249,0.0011127415499696746,0.0333577809509217,0.0011783542536682506,0.034327164952385025
2019-05-31,-0.0214171218394983,0.0004586931078879,0.0015792930354745,0.002651987597783584,0.05149745234265074,0.0012003004131685261,0.03464535197062553,0.001024953087571853,0.032014888529742734,0.001026508926006436,0.03203917798581037
2019-06-03,0.027407782616992,0.0007511865479802,0.0015428305917705,0.002520389928389844,0.050203485221544566,0.0010853477121355606,0.03294461582923013,0.0010990630156173134,0.03315211932316414,0.0010123617135352134,0.03181763211703871
2019-06-04,-0.0091582743425284,8.38739889330147e-05,0.0003376132088854,0.0024142377255652703,0.04913489315715737,0.001063176247169705,0.03260638353405212,0.0010657691959998106,0.03264612068837292,0.0009559938287209167,0.030919149870604734
2019-06-06,-0.0286423600906253,0.000820384791561,0.0006583826368967,0.0022744159013673346,0.04769083666038303,0.0009232460703748084,0.03038496454457053,0.000984464652140919,0.031376179693215024,0.0008615449770907995,0.029352086418018047
2019-06-07,-0.0118228309192442,0.000139779330945,0.0007289085750277,0.002187174034778957,0.04676723249005608,0.0009675702482588774,0.03110579123344843,0.0011618854589791605,0.034086440984343915,0.0010001320838037338,0.031624864961035545
2019-06-10,-0.0092931451198627,8.636254621882921e-05,0.0011396993818514,0.002064330352548922,0.045434902360948486,0.0008696875429835039,0.029490465289369442,0.0010865464030986032,0.03296280332584902,0.0009068033961963836,0.03011317645477447
2019-06-11,0.0240500974162845,0.0005784071857327,0.0005485925231328,0.0019456522841691162,0.04410954867337815,0.0007941129629530555,0.028180009988519442,0.0010014375581013073,0.03164549822804671,0.0008289238218729181,0.02879103717952721
2019-06-12,-0.0026077833201463,6.8005338448334015e-06,0.0011639398825071,0.0018636175782629355,0.0431696372264458,0.000835720579915915,0.028908832212939956,0.000971590544608347,0.031170347200638413,0.0008135422211480645,0.028522661536891408
2019-06-13,-0.0006529845611943,4.2638883715820306e-07,0.0014779704232649,0.0017522085555978493,0.041859390291759495,0.0007564488135732076,0.02750361455469458,0.0008454431866335052,0.029076505750064006,0.0007439001854509891,0.027274533643143913
2019-06-14,-0.004254520490174,1.8100944601310693e-05,0.0003020807942785,0.0016471016255922078,0.04058449981941638,0.0007021574911414095,0.02649825449235118,0.0007334936722194326,0.02708308830653241,0.0006949946232807562,0.02636275067743797
2019-06-17,-0.0303003518409976,0.0009181113216882,0.0007140968472052,0.001549361584732754,0.0393619306530149,0.0006691058132286986,0.025867079719765405,0.00068242203261955,0.02612320869685709,0.0006667423999421973,0.02582135550164238
2019-06-18,0.0003381290711409,1.1433126875066029e-07,0.0003957747252106,0.0015114865689500835,0.03887784161897473,0.0008156636740443391,0.028559826225737772,0.0009293783451856827,0.030485707227907353,0.0008951107818466772,0.029918402060382123
2019-06-19,-0.0354292435998591,0.0012552313020581,0.0014337060823322,0.0014208042346892035,0.03769355693867592,0.0007417613652136601,0.02723529631220597,0.0007906752317246387,0.028118947912833415,0.0007972699937880717,0.028235969857401243
2019-06-20,0.0388029073726158,0.0015056656205678,0.0015002103613588,0.0014108698587313407,0.03756154760831003,0.0009275177181534883,0.030455175556110135,0.0010943798903705346,0.03308141306489997,0.001076193308088191,0.03280538535192341
2019-06-21,-0.011176968213192,0.0001249246184387,0.0005950019009294,0.0014165576044415284,0.037637183800618354,0.0010988789853409232,0.03314934366380311,0.0011338816491645544,0.0336731591800436,0.0010789087648159622,0.03284674663975052
2019-06-24,0.006450520080985,4.160920931519199e-05,0.0002956729383596,0.0013390596252813589,0.03659316364133278,0.0009548543582742989,0.030900717763092476,0.001058166960356447,0.03252947832899333,0.0009560559740240744,0.03092015481888916
2019-06-25,0.0207644290852861,0.0004311615152378,0.0008259010902643,0.0012612126003233887,0.03551355516311185,0.0008427695886677041,0.02903049411683694,0.0009157962149910269,0.03026212509046625,0.0008429174538701591,0.029033040727250034
2019-06-26,0.0193670615534565,0.0003750830732153,0.0007230399499255,0.0012114095352182578,0.034805309009090235,0.0008407115820727884,0.02899502685069956,0.000887301193009706,0.02978760133024655,0.0008074632308406737,0.028415897501938483
2019-06-27,-0.0061958878210146,3.838902589059784e-05,0.0001828645052978,0.0011612299474980847,0.0340768241991252,0.0008288218975690725,0.028789267055086217,0.0008576753004023958,0.029286093976534252,0.0007775345316814607,0.027884306189709305
2019-06-28,-0.0154942638886888,0.0002400722134523,0.0006507364835125,0.0010938594922016353,0.03307354671337254,0.0007577489260045433,0.027527239709141622,0.0007963852477786403,0.028220298506193026,0.0007282070028726285,0.026985310872262126
2019-07-01,0.0236388254861503,0.0005587940703646,0.0008922801653552,0.0010426322554766766,0.03228981659094205,0.0007479470115022302,0.027348619919517515,0.0008465957167163614,0.02909631792368858,0.0007502702927768293,0.02739106227908712
2019-07-02,0.0038860923440826,1.51017137067377e-05,0.0006961944824714,0.0010136019643699563,0.031837116144053566,0.0008011221889300397,0.028304101980632414,0.0008495072040876273,0.02914630686875487,0.0007582163223845104,0.027535728107034148
2019-07-03,0.0058008196834737,3.3649509000176015e-05,0.0001715603448839,0.0009536919493301631,0.030881903265993226,0.000734830619445798,0.02710775939552729,0.0007491209962977208,0.027370074831788837,0.0007061656405510853,0.02657377731055721
2019-07-04,0.0032081637864635,1.0292314880776065e-05,0.0008124770253797,0.0008984894029103639,0.029974812808595885,0.0006939048031471816,0.026342072871115927,0.000682542188409919,0.026125508385673932,0.0006728827719519217,0.02593998403916089
2019-07-05,-0.05802550284281,0.0033669589801609,0.0019068546695226,0.0008451975776285885,0.029072281947390862,0.0006621144948872848,0.0257315855494232,0.000619563211672759,0.02489102672998362,0.000647880612650284,0.025453499025679827
2019-07-08,-0.0587172747357848,0.0034477183523976,0.0013566260275269,0.0009965032617805306,0.031567439899056284,0.0012699876136176562,0.0356368855768522,0.001319065552322591,0.03631894205951752,0.0015557576718301866,0.03944309409554715
2019-07-09,0.0160693072465647,0.0002582226353844,0.001029533744785,0.0011435761672175567,0.033816803030705854,0.001692280978315095,0.041137342868920145,0.0019377579611995573,0.04401997229894128,0.0021926646488074773,0.04682589720237593
2019-07-10,-0.0128346550262817,0.0001647283696436,0.0005082237316706,0.0010904549553075729,0.03302203741908686,0.0013773026322848488,0.03711202813488976,0.0015889753503018917,0.039861953668904535,0.0017030723474863116,0.041268297123655484
2019-07-11,0.0117712327379251,0.0001385619201704,0.0003498864426159,0.001034911360167738,0.03217003823696419,0.0011488044313330637,0.03389401763339754,0.0014085889307047616,0.03753117278616219,0.0013896057990198465,0.03727741674284642
2019-07-12,-0.0049771307952963,2.4771830953487453e-05,0.0005823744292348,0.0009811303937678976,0.03132300103387122,0.0009908507810039424,0.03147778233935711,0.0011966206317969388,0.0345922047836928,0.0011467033536392338,0.033863008632418264
2019-07-15,-0.0168914587606472,0.0002853213790626,0.0005864113322765,0.0009237488799990329,0.030393237405696567,0.0008637241836613414,0.02938918480770335,0.0010337984411358282,0.032152736137626425,0.0009744164448087187,0.031215644231838605
2019-07-16,0.0158217002118503,0.0002503261975936,0.0003544376747303,0.0008854432299428497,0.029756398134566785,0.000827411096533333,0.028764754414618822,0.0010499314868133722,0.032402646293371966,0.0009294151892330385,0.03048631150587159
2019-07-17,-0.0150970294656935,0.000227920298688,0.0002987203958268,0.0008473362080018984,0.02910903997046104,0.0007965290145019017,0.028222845613118136,0.0009610665640460536,0.0310010735950556,0.0008469266753529357,0.02910200466210078
2019-07-18,-0.0282848693953832,0.0008000338367138,0.0004148318773465,0.0008101712534430655,0.028463507398826755,0.0007716443509204519,0.027778487196398076,0.0009722920501511871,0.031181597940952082,0.0008273104270455601,0.028763004485720195
2019-07-19,-0.0210850341647119,0.000444578665727,0.0004915132145849,0.0008095630084393147,0.028452820746620443,0.0008622122322368357,0.02936345061870004,0.0011470902155423786,0.0338687203115556,0.0009713564243984626,0.031166591478672522
2019-07-22,0.0019007491550712,3.6128473505041345e-06,0.0006316049247557,0.0007876639478765798,0.028065351376324862,0.000856249229373268,0.029261736608979107,0.0011900011446997086,0.03449639321291008,0.0009711380845316175,0.03116308849474996
2019-07-23,0.0180657586832568,0.0003263716368016,0.0005485860745569,0.0007406208818450153,0.027214350659992153,0.0007696014971975469,0.027741692399663488,0.0009858150624892433,0.031397691993031,0.000849115546822372,0.029139587279547595
2019-07-24,-0.0322177768127908,0.0010379851427588,0.0007961219261668,0.0007157659271424144,0.026753802106287892,0.0007720616929856072,0.027785998146289567,0.0009256065648474252,0.030423782881939997,0.0008005907389592365,0.02829471220845401
2019-07-25,-0.0030866229100724,9.527240988984075e-06,0.0002709687236646,0.0007350990800793977,0.027112710673766974,0.0009070928523231723,0.0301179822086934,0.0011631575009670861,0.034105094941475914,0.001018700367480717,0.03191708582375147
2019-07-26,0.0187567371743916,0.0003518151894292,0.0007040165044026,0.0006915647697339727,0.026297619088692662,0.0008047653534261777,0.028368386514325727,0.0009892073699143684,0.03145166720405086,0.0008835569671250737,0.029724686156881012
2019-07-29,-0.0154247193615509,0.0002379219673826,0.0004855441677574,0.0006711797949156866,0.025907137914398932,0.0008003836784415568,0.028291052975129023,0.0009320395752329918,0.03052932320299603,0.0008265977058019221,0.028750612268296515
2019-07-30,-0.0321849591404454,0.0010358715948721,0.0011361757370178,0.0006451843252637016,0.02540047883926013,0.0007761009125617106,0.02785858777041131,0.0009534397421455946,0.03087781958211419,0.0008162966352123967,0.02857090539714128
2019-07-31,0.0271510823726642,0.0007371812740072,0.0005840865566479,0.000668625561440208,0.025857794984108912,0.0009094021798960891,0.030156295858345884,0.0011858085117832894,0.034435570443703836,0.0010287531867336128,0.032074182557527676
2019-08-01,-0.0263535468189684,0.0006945094299395,0.000845004309035,0.0006727389041942273,0.02593721080213189,0.0009427020625899805,0.03070345359385456,0.0011293808805002356,0.033606262519063845,0.0009656126557935516,0.03107430861328296
2019-08-02,0.0209038851676013,0.0004369724151002,0.0009377110225505,0.0006740451357389472,0.025962379238793718,0.0009570081467369437,0.030935548269538454,0.0012465336405342927,0.03530628330105411,0.0010359785230026877,0.0321866202482132
2019-08-05,-0.026900376766155,0.000723630270161,0.0006490789449138,0.000659820772500626,0.02568697671001058,0.0009183182369072385,0.03030376605155271,0.0011357921164991563,0.033701515047533936,0.0009387933966728875,0.03063973558425215
2019-08-06,0.0276806775814206,0.0007662199113665,0.0006672927076196,0.0006636493423602538,0.025761392477120757,0.0009461341044043271,0.030759292976340127,0.0012591129590121153,0.03548398172432338,0.0010258279859008345,0.032028549544130695
2019-08-07,-0.0204892887296858,0.0004198109526484,0.0006849657838943,0.0006698035765006322,0.025880563682049745,0.0009727482018246116,0.03118891152035626,0.0011871842702757614,0.034455540487355024,0.0009666994603390178,0.031091790883431236
2019-08-08,0.0413313226147365,0.0017082782290834,0.0021470563016176,0.0006548040190695001,0.02558913869338904,0.0009256442850464064,0.03042440278865645,0.0012130496642642368,0.03482886251751895,0.0009611740167186589,0.03100280659422077
2019-08-09,0.011394107260012,0.0001298256802526,0.0006861247815958,0.000718012471670336,0.026795754732239507,0.001135601424778277,0.033698685801946,0.001241902772075114,0.035240640914647306,0.0010224345120801613,0.03197552989522083
2019-08-13,-0.0159883279403922,0.0002556266303295,0.0005882794947392,0.0006827212641852753,0.026128935381780776,0.000980369848963083,0.031310858323640424,0.001075947007117655,0.03280163116550235,0.0008971789279958495,0.029952945230742326
2019-08-14,0.0026826542647324,7.196633904087034e-06,0.0005560936598963,0.0006570955861539303,0.02563387575365712,0.0008999749393908029,0.02999958232027244,0.00107144809436537,0.032732981751825936,0.000868953915902012,0.029478024287628437
2019-08-16,0.0166987543790719,0.0002788483978125,0.0007067060053371,0.0006181016490189396,0.024861650166852153,0.0007995609010660858,0.028276507936201845,0.0009054699093253109,0.030091027056671077,0.0007803080073150329,0.027933993758770564
2019-08-19,0.0197508629393893,0.0003900965868505,0.0004303821459117,0.0005977464539465577,0.02444885383707297,0.0007832209751414176,0.027986085384373027,0.0008571226064410409,0.0292766563398391,0.0007489831178504049,0.027367555934909586
2019-08-20,0.0011063779496981,1.2240721675782971e-06,0.0004504349144977,0.0005852874619207967,0.02419271505889318,0.0007931285452562474,0.02816253797611727,0.0008364359333565213,0.02892120214231285,0.0007395251421726819,0.027194211556371365
2019-08-21,-0.0280337947977373,0.0007858936507616,0.0005218791230476,0.0005502436585356036,0.023457273041332057,0.0007268752475300666,0.026960624019671107,0.0007260129667175932,0.02694462778955377,0.0006920444470795484,0.026306737674587254
2019-08-22,-0.0386448672143909,0.0014934257620179,0.0005889563179661,0.0005643826580691659,0.023756739213729772,0.000829575290179531,0.02880234869206904,0.0009377632132337821,0.030622919737245534,0.0008758830769472903,0.02959532187605484
2019-08-23,0.0340855582773173,0.0011618252830763,0.0019191287898206,0.0006201252443060902,0.024902314035167298,0.0010309825175447715,0.03210891648039173,0.0012679568752905644,0.035608382093133134,0.0011949220476028676,0.034567644519157906
2019-08-26,0.0292702908838914,0.0008567499284276,0.0012097885372099,0.0006526272466323086,0.0255465701539817,0.0011037314525601156,0.03322245404180907,0.0012351179757372928,0.035144245271982906,0.00112297656906701,0.03351084255978966
2019-08-27,0.0143200100162696,0.000205062686866,0.0003603523228733,0.000664874607540027,0.025785162546317738,0.0010952763284044244,0.033094959259748674,0.0011794702309194155,0.034343416121862654,0.001042038870125283,0.03228062685459009
2019-08-28,-0.0087881067248541,7.723081980742608e-05,0.0004877233259328,0.0006372858922995892,0.025244522025571987,0.0009674621910465699,0.03110405425417352,0.0010477680023346196,0.032369244698241255,0.0009183998549484084,0.030305112686614587
2019-08-29,-0.0268370809101304,0.0007202289117768,0.0011730833609582,0.0006036825879500593,0.02456995294969161,0.000857891206990371,0.029289779906827074,0.0009669342639679742,0.03109556662882949,0.000834264298786035,0.02888363375314877
2019-08-30,0.037082317957409,0.0013750983050943,0.0007462800847337,0.000610675367379669,0.024711846701120276,0.0009050222793561968,0.030083588206133206,0.0011232146370643169,0.03351439447557298,0.0009541188483126977,0.03088881429114264
2019-09-03,-0.0154073172381323,0.0002373854244764,0.000301270842729,0.0006565407436425516,0.025623051021347,0.001059338187074437,0.03254747589406031,0.001144965777415297,0.033837342942602586,0.0009824635511503034,0.03134427461515585
2019-09-04,-0.0022206503284553,4.931287881268852e-06,0.0004892986708257,0.0006313914244925854,0.025127503347777816,0.0009494491757166143,0.030813133169423298,0.001116866169303419,0.033419547712430504,0.0009216815785224948,0.03035920912215097
2019-09-05,0.0059106972915769,3.493634247265498e-05,0.0005478938363638,0.0005938038162959064,0.024368090124092745,0.0008322743434445203,0.028849165385579533,0.000946848548775127,0.030770904256702095,0.0008166043477125347,0.028576289957104907
2019-09-06,0.0146252885390841,0.0002138990648514,0.00022297742686,0.0005602717678665113,0.023670060580119164,0.0007594142253636858,0.02755747131657195,0.0008314570003296021,0.028834996104206468,0.000747793721161711,0.027345817251669607
2019-09-09,0.0226099890150656,0.0005112116032613,0.0005440868898859,0.0005394894056856085,0.023226911238595813,0.0007441565972441155,0.027279233809696993,0.0007894349042376598,0.02809688424430118,0.0007201079290039605,0.02683482679288168
2019-09-11,0.0214155928727649,0.000458627618092,0.00041802566817,0.0005377927375401552,0.023190358719522974,0.0007896645977249589,0.028100971472975075,0.0007988492752736649,0.028263921795703882,0.0007327680335934772,0.02706968846502444
2019-09-12,-0.0062716794637168,3.9333963295607646e-05,0.0003134551230442,0.000533042830373267,0.023087720337297637,0.0008102898206304482,0.028465590115619388,0.0007998632284936451,0.028281853342623165,0.0007357853487906761,0.02712536356974181
2019-09-13,0.0186985730265426,0.0003496366332289,0.0007042671660285,0.0005034202983486073,0.02243702962400788,0.000745513179067233,0.027304087222744383,0.0007529016720519531,0.027439053774719585,0.0007001996279548479,0.026461285455450723
2019-09-16,0.0013712110324619,1.8802196955454437e-06,0.0002807358941467,0.0004941932784414277,0.022230458349782798,0.0007602879760640131,0.027573320004381285,0.000749292730943194,0.027373211922300862,0.0007022213571812528,0.026499459563946826
2019-09-17,-0.0151882729153058,0.0002306836341498,0.0005179762236158,0.0004646544949166747,0.02155584595687849,0.0007050014814503318,0.026551863992012533,0.0006620545109541266,0.025730419952929774,0.0006668563867891883,0.025823562627747324
2019-09-18,0.0027786205763235,7.720732307168361e-06,0.0002644045466342,0.00045061624327066293,0.021227723459444795,0.000710856773551607,0.02666189741094221,0.0007335229064024368,0.027083628014031594,0.0007061496729799326,0.02657347687036705
2019-09-19,-0.0111614335659752,0.0001245775992476,0.0003429569364992,0.0004240425126128532,0.020592292553595223,0.0006729869848628221,0.02594199269259827,0.0006565734868169586,0.02562368995318509,0.0006701330803668706,0.025886928755008202
2019-09-20,0.0449243300963729,0.0020181954346078,0.0019565663579955,0.0004060746178109427,0.020151293204430893,0.0006695250398592932,0.0258751819290086,0.0006878122891039212,0.02622617564769826,0.0006791897407510157,0.026061268978141025
2019-09-23,0.0218914163951665,0.0004792341117865,0.0006602484217711,0.0005028018668187588,0.022423243895983443,0.0010221418811764947,0.03197095371077464,0.0008430159220516248,0.029034736472915074,0.0008642475299798453,0.029398087182329488
2019-09-24,-0.028958657657329,0.0008386038533143,0.0009362518008158,0.0005013878015168271,0.02239169045688215,0.0009698665311573119,0.031142680217947073,0.0008370960101712308,0.028932611533894252,0.0008269831927036249,0.02875731546413234
2019-09-25,-0.0033828544963651,1.1443704543578011e-05,0.0004965353382965,0.0005216207646246803,0.02283901846894214,0.0010022117731083688,0.031657728489396846,0.0010443211636219612,0.0323159583429296,0.000981741374739901,0.0313327524284079
2019-09-26,0.0343081448989913,0.0011770488064101,0.0012113678905453,0.0004910101410198142,0.022158748633887566,0.0008688356290719177,0.02947601786320394,0.0009065209039659395,0.030108485580745165,0.0008590600621605499,0.029309726408831418
2019-09-27,-0.0215134608521207,0.0004628289978357,0.0004853381130917,0.0005321724609432363,0.023068863451484477,0.0009979782413772442,0.03159079361740132,0.0009584904240830223,0.03095949650887466,0.0008971817044943004,0.029952991578376616
2019-09-30,-0.0243830444715078,0.0005945328576995,0.0006030896131426,0.000528011853156786,0.022978508505923225,0.0009506066830318441,0.030831910142445667,0.0010475760748119164,0.03236627990381218,0.0009259351423732737,0.030429182413815748
2019-10-01,-0.0151990850347321,0.000231012185893,0.0009008074589607,0.0005320031134293505,0.023065192681383576,0.0009435633008059133,0.030717475495325348,0.0011553506909815158,0.03399044999674932,0.0009816210388865502,0.031330832080979754
2019-10-03,-0.0006961868251138,4.84676095462035e-07,0.0002279716032671,0.0005139436577771705,0.02267032548899928,0.000870708078153841,0.029507763015075218,0.0011221598712928542,0.033498654768406064,0.0009193585360883388,0.03032092571291877
2019-10-04,-0.0250410892066349,0.0006270561486546,0.0008763294198256,0.000483136118876268,0.021980357569345136,0.0007786997579133937,0.027905192310991044,0.0009347811369563428,0.03057419069994074,0.0008138086891437375,0.028527332317336253
2019-10-07,-0.0304591904620332,0.0009277622836024,0.0004297276887015,0.0004917713206629708,0.022175917583337354,0.0008345154069028407,0.028887980318859967,0.0010734507345932912,0.03276355802707165,0.0009146469927524787,0.0302431313317996
2019-10-09,0.0232905782323702,0.0005424510343981,0.0005931565988401,0.0005179307784393374,0.022758092592292032,0.0009282646792318399,0.030467436374461174,0.001259299152088958,0.035486605248867605,0.0010656141365690886,0.032643745749669856
2019-10-10,-0.0115773721064038,0.0001340355448901,0.0002767130981404,0.0005194019937968666,0.022790392576629008,0.0009188364263193993,0.030312314763465346,0.0011598081180487431,0.03405595569131401,0.0009700006608177613,0.03114483361358287
2019-10-11,-0.0032805343252332,1.0761905459033847e-05,0.0003405209005879,0.0004962800068624627,0.022277342904001428,0.0008359688187674794,0.02891312537183553,0.0010821147971539584,0.032895513328628244,0.0008848227310493313,0.02974596999677992
2019-10-14,0.0714968243103389,0.0051117958864634,0.004092978506299,0.00046714892077825694,0.021613628126213723,0.0007573575960136064,0.027520130741215718,0.0009329068318330008,0.03054352356610155,0.000793251616076267,0.02816472290075418
2019-10-15,0.0523124490273358,0.0027365923232376,0.0013502734066113,0.0007458277387193698,0.027309846918636686,0.0016608303364441844,0.04075328620423369,0.0012335737135541174,0.03512226805822935,0.0012682555408184053,0.03561257559933577
2019-10-16,0.0326855985874337,0.0010683483550188,0.0005033608545581,0.000865273613790464,0.029415533545908427,0.001820777158782305,0.042670565484679304,0.0013343251048162643,0.03652841503290643,0.0013389727478987706,0.036591976550861126
2019-10-17,0.0148749672094667,0.0002212646494827,0.0007489225313033,0.0008774580982641671,0.029621919219796802,0.0016152181484859415,0.04018977666628594,0.001275245446166263,0.03571057891110508,0.0012106352942692026,0.034794184776614646
2019-10-18,0.0743715807652239,0.0055311320255182,0.0014222409533324,0.0008380864913372796,0.028949723510549797,0.0013187582953677255,0.036314711830988354,0.0011203217578833748,0.033471207894000106,0.0010342632980629206,0.032159964211157334
2019-10-22,0.0200711692734158,0.0004028518360021,0.0005033048742094,0.0011196692233881363,0.033461458775554544,0.0021154583801301498,0.04599411245072732,0.0014113823686343419,0.03756836925705376,0.0014757328005292147,0.03841526780499148
2019-10-23,-0.0123910036702551,0.0001535369719562,0.0004718806695183,0.0010766601801449748,0.0328125003641139,0.0016878576436862261,0.04108354468258826,0.0012498381678769245,0.03535305033341429,0.0012329347696756004,0.03511317088608775
2019-10-24,0.0143483317640884,0.0002058746244123,0.0003734705998087,0.0010212727876536527,0.031957358896718184,0.0013547178076428435,0.036806491379141854,0.0011583588383374903,0.03403467112133582,0.0010682109748010851,0.03268349697937913
2019-10-25,0.0127672986708492,0.0001630039153506,0.0004680814531949,0.0009723488978591744,0.03118250948623562,0.001141389385469511,0.03378445479017696,0.0010325478572580898,0.03213328270280037,0.0009362060349539592,0.0305974841278488
2019-10-27,0.0115163096891648,0.0001326253888567,5.4449667954278694e-05,0.000923788198908664,0.03039388423529747,0.0009904655069057923,0.03147166196605753,0.0009311961448380084,0.03051550662922063,0.0008423006382657904,0.029022416134184804
2019-10-29,0.0641466363029177,0.0041147909489788,0.0021537799023129,0.0008763184303055492,0.02960267606662528,0.0008836819650675942,0.02972678867734613,0.0008489381520462063,0.029136543241198094,0.0007755109580247369,0.02784799737907085
2019-10-30,0.0010223456130817,1.045190552587503e-06,0.0002519221042758,0.0010706267814259442,0.032720433698622396,0.001558566468557033,0.0394786837237139,0.001107988162679519,0.033286456144797374,0.0011509292850011863,0.033925348708615896
2019-10-31,0.0197273595761074,0.000389168715845,0.0002567681602136,0.0010064518859735428,0.03172462586026103,0.0012395352959336974,0.035207034750653135,0.0009229136678005853,0.030379494199222364,0.0009705760139139864,0.03115406897844945
2019-11-01,0.0039989816652658,1.5991854359132435e-05,0.0003491025152699,0.0009694148957658324,0.031135428305482365,0.0010985959005649008,0.0331450735489439,0.000887012935204357,0.02978276238370707,0.0008894616030025842,0.029823842861083215
2019-11-04,0.0022425440194526,5.0290036791826414e-06,0.0002848075630837,0.0009122095132814304,0.030202806380888354,0.0009342466231589075,0.03056544819169036,0.0007775696273772301,0.02788493549171721,0.0007951222469984895,0.028197912103531522
2019-11-05,-0.0017436978119224,3.040482059303119e-06,0.0001307337163886,0.0008577786827052955,0.029287858964173116,0.000822109924701601,0.028672459341702816,0.0006873896314832662,0.026218116474744448,0.0007300896403878719,0.027020170991092413
2019-11-06,0.0343086634929776,0.0011770843906743,0.0010667804925682,0.000806494390666536,0.028398844882609856,0.0007466275627595286,0.02732448650495611,0.0006241634984050397,0.024983264366472205,0.0006863627411542038,0.026198525553057444
2019-11-07,0.0076793771652451,5.897283364608924e-05,0.0002002755718392,0.0008287297906670062,0.028787667336326612,0.0009161294284639741,0.030267630043727806,0.0007272236525248868,0.02696708461300344,0.0007802568435000703,0.02793307794533338
2019-11-08,-0.0052732122380687,2.780676730771839e-05,0.0002775355545511,0.0007825443732457511,0.027973994588648778,0.0008200860664390681,0.028637144872334395,0.0006746237241675504,0.025973519672303762,0.0007257228194290862,0.026939243111659357
2019-11-11,0.0133684644708838,0.0001787158423092,0.000316989857986,0.000737260116889469,0.027152534262743673,0.0007499141132884405,0.027384559760719917,0.000645999935772851,0.025416528790785948,0.0006902166589662223,0.02627197478238403
2019-11-13,-0.0618703760162239,0.0038279434283889,0.0023821372587064,0.0007037474604146578,0.026528238924109868,0.0007311987139635217,0.02704068627020257,0.0006378992369830225,0.02525666717884651,0.0006774076433006009,0.026027055986042696
2019-11-14,0.0204752493083912,0.0004192358342407,0.0007575128090157,0.0008911992184931146,0.02985295996200569,0.0014026664540183322,0.03745218890823782,0.0014130913548744126,0.03759110739090314,0.0017025174355414165,0.04126157335271422
2019-11-15,0.0064055963280204,4.103166431754868e-05,0.0001545537022422,0.0008628814154379742,0.029374843241079165,0.0012134975604959897,0.034835291881883085,0.001253612103206718,0.03540638506267928,0.0013882150831340785,0.037258758475479006
2019-11-18,-0.0121064361031811,0.0001465657951204,0.0002651814203912,0.0008135704303707486,0.0285231560380465,0.0010159016521198245,0.031873212139974606,0.0010557693742535806,0.03249260491640491,0.0011354595279869486,0.033696580360430474
2019-11-19,-0.0072347006362044,5.234089329549773e-05,0.0003657438346199,0.0007735501522557281,0.02781276958980763,0.0009033321632096521,0.030055484744213528,0.0010103445879311224,0.031785918075951845,0.0010002961321915395,0.03162745851616186
2019-11-20,0.0296025299379744,0.0008763097787286,0.0007671177351278,0.0007302775967181141,0.027023648841674103,0.0008102713270463677,0.028465265272720853,0.0009221176418666064,0.030366390003861283,0.0008828694489932341,0.02971311913941776
2019-11-21,-0.0009727943679764,9.463288823666176e-07,0.0004246786296352,0.0007390395276387475,0.027185281452262868,0.0009023817442070067,0.030039669508951105,0.0009427525425281036,0.030704275639202167,0.0008815350489769127,0.029690655920287662
2019-11-22,-0.0100256708195144,0.0001005140753812,0.0003358284344785,0.0006947539357133645,0.026358185364576306,0.0008000014454002382,0.02828429679875811,0.0008081672105043338,0.028428281877460233,0.0007883263949477536,0.02807715076263533
2019-11-25,0.0561474283361438,0.0031525337087624,0.001774862402787,0.0006590995440934384,0.025672934076443978,0.0007500894505944346,0.027387760963511323,0.0007972847659125579,0.028236231439633688,0.0007525978750103588,0.02743351736490162
2019-11-26,-0.0216070621699944,0.000466865135618,0.0008899939762789,0.0008087055939735765,0.028437749453386365,0.0012887222001352536,0.035898777139831015,0.0010082954771278734,0.03175366871918697,0.001033771353117724,0.032152314895163056
2019-11-27,0.0139103041581305,0.0001934965617717,0.0003608105540843,0.0007881951664722421,0.028074813738869973,0.001146104748592691,0.03385416885100993,0.0010883212680185643,0.03298971457922248,0.001019526159935797,0.03193001972964935
2019-11-28,-0.0021094183574594,4.449645806786998e-06,0.0002574720997555,0.0007525132501902097,0.027431974959710972,0.000999339353450806,0.03161232913675938,0.000978724236239764,0.031284568659960196,0.0009019353759300237,0.03003223894300962
2019-11-29,0.0084113213828503,7.075032740559624e-05,0.0007385812474548,0.0007076294339272043,0.02660130511699011,0.0008656007187914154,0.029421093093075508,0.0008456776330582701,0.029080537014612884,0.0008031022869427766,0.028339059387050527
2019-12-02,-0.0278386556165183,0.0007749907465351,0.0004793044809883,0.0006694166875359077,0.02587308809430965,0.0007884492699027584,0.028079338843761233,0.0007685991674723633,0.02772362111038822,0.0007424349100732326,0.027247658799853476
2019-12-03,-0.005517580820531,3.0443698111092063e-05,0.0003456622851626,0.0006757511310758596,0.025995213618584857,0.0008687742153415667,0.029474976087209413,0.0009716791849212291,0.031171769037403523,0.0009070028474502461,0.030116487966730884
2019-12-04,0.0218900519737118,0.0004791743754118,0.0005532221784845,0.0006370326850979734,0.025239506435308385,0.0007830199032232793,0.027982492798592468,0.0008752041351744657,0.02958384922849739,0.0008136815336655678,0.028525103569760582
2019-12-05,-0.0192473589615474,0.0003704608269946,0.0003281853923079,0.0006275611865168032,0.025051171360174023,0.0008096904161194562,0.028455059587346787,0.0008621684817263645,0.029362705626804292,0.0007927400333745841,0.028155639459521854
2019-12-06,-0.0091588976571802,8.388540629470204e-05,0.0002093394497616,0.0006121351649454745,0.024741365462429,0.0008071774047129772,0.02841086772192953,0.0009426882495908119,0.030703228650922232,0.0008298198857341712,0.028806594483454153
2019-12-09,0.0045898973233657,2.106715743904002e-05,0.0004527998525888,0.000580440179426428,0.024092326152250803,0.000751779096593509,0.027418590346578887,0.0008918567213884445,0.029863970288433597,0.0007761192003443223,0.027858915993705182
2019-12-10,-0.0157903922986112,0.000249336488944,0.0002045817990886,0.0005468777981071847,0.023385418493308704,0.0007028985562503409,0.02651223408636739,0.00078409477225106,0.028001692310484737,0.000718917323501188,0.02681263365470069
2019-12-11,0.0095040492308749,9.0326951782894e-05,0.0002271515016577,0.0005290253195573961,0.023000550418574683,0.0007129444764133584,0.026701020138065107,0.0008399690795365712,0.028982220058797623,0.000746528123080987,0.02732266683691376
2019-12-12,0.0204064567441998,0.0004164234768528,0.0002717943075272,0.0005027034174909259,0.022421048536830874,0.0006898688697780079,0.026265354933410055,0.0007697652910598067,0.027744644367153216,0.0007061979920065822,0.026574386013727247
2019-12-13,0.0085187306807089,7.256877241045209e-05,0.0001830156815108,0.0004975266210526442,0.022305304773812085,0.0007355355637289392,0.027120758907688024,0.0007715430436241571,0.027776663651780737,0.0007133374403082933,0.02670837771764308
2019-12-16,-0.0080435429720768,6.469858354364656e-05,0.0001197180587998,0.00047202915013411256,0.021726231843882008,0.0007016719211110821,0.026489090605588596,0.0007127298983088715,0.02669700167263866,0.0006818496782449553,0.02611225149704551
2019-12-17,0.0033197145695445,1.1020504823246404e-05,8.248954531839655e-05,0.00044758931613868454,0.02115630676981889,0.0006775147378863215,0.026029113275068006,0.0007022687397932279,0.026500353578645473,0.0006706563755057713,0.025897034106356104
2019-12-18,-0.0145464278697129,0.0002115985637687,0.0003874144392569,0.0004213951874597582,0.020527912398969315,0.0006512728498053167,0.025520047997707934,0.0006352041465949044,0.02520325666644897,0.0006464501000451686,0.0254253829871876
2019-12-19,0.0114642591025132,0.0001314292367695,0.0001493308200065,0.0004088073900382983,0.02021898588056034,0.0006712918428163188,0.025909300315066764,0.0007044798423365361,0.02654203915181605,0.000687084861671402,0.026212303631527732
2019-12-20,0.0384347664555987,0.0014772312724964,0.0009953794937549,0.0003921647008421738,0.01980314876079493,0.000669673882750529,0.025878057940087563,0.0006750341596008737,0.025981419507041446,0.0006702922618801815,0.025890003126306908
2019-12-23,-0.0196151508887776,0.0003847541443895,0.0005425828314242,0.00045726869514142835,0.02138384191723808,0.0009208444141546577,0.030345418338765043,0.0007936203918734342,0.02817126890776193,0.0008010807521758922,0.028303369979136624
2019-12-24,-0.0254911422093338,0.0006497983311364,0.0006999703954415,0.0004529178220963134,0.02128186603886777,0.000884307934267825,0.02973731551885316,0.0008913026306542253,0.029854691937017626,0.0008393977299856965,0.028972361484450943
2019-12-26,-0.0009566663772947,9.152105574463532e-07,0.0002513641482906,0.00046473065263872334,0.021557612405800494,0.0009095149586572033,0.030158165704452306,0.0010437900640228284,0.0323077400017833,0.0009382265875262238,0.03063048461135122
2019-12-27,0.0007176776984209,5.150612788108184e-07,0.0001386093074959,0.0004369017261138467,0.020902194289448336,0.0008047734700352107,0.028368529571255727,0.0008813166920441013,0.029686978493004324,0.0008267021235785294,0.028752428133612114
2019-12-30,-0.0021545801297964,4.642215535713475e-06,0.0001062016720381,0.0004107185262237445,0.020266191704998365,0.0007345421722097166,0.027102438491946008,0.0007573125603387354,0.027519312497566784,0.0007509946968739575,0.027404282455009792
2019-12-31,-0.0014387481878599,2.069996348070185e-06,7.920127849022776e-05,0.0003863539475824626,0.019655888369200274,0.0006882745350710248,0.026234986850978692,0.0006812624661074972,0.026101005078492612,0.0007009574481972847,0.026475600997848656
2020-01-01,-0.0024026962267473,5.77294915802595e-06,0.0001197529171368,0.0003632969105083991,0.019060349170684127,0.0006568021436201745,0.02562815138905213,0.000616781370704726,0.024835083464823025,0.0006663712553178316,0.02581416772467847
2020-01-02,0.0159887086329901,0.0002556388037506,0.0002648694812829,0.00034184547282737666,0.018489063600609326,0.0006364158754617123,0.025227284345757717,0.0005750939568341633,0.023981116671960113,0.0006439721813629197,0.02537660697104559
2020-01-03,-0.0138258448472228,0.0001911539857394,0.0003540498146613,0.0003366730726827732,0.018348653157187676,0.0006695953863439972,0.02587654123610799,0.0005929014666667372,0.02434956810020944,0.0006542222185033684,0.025577768051637507
2020-01-06,-0.0429146601829514,0.0018416680586181,0.0008777461815014,0.00032794192746617547,0.018109166945670788,0.0006797322678743086,0.026071675586243178,0.0006617089760385842,0.025723704555109944,0.0006867250196823173,0.02620543874241218
2020-01-07,0.0223001912785553,0.0004972985310601,0.0002318717028557,0.0004187654953352967,0.02046376053747934,0.0009958908130780117,0.03155773776869964,0.001092311897592034,0.03305014217203965,0.001162612753864899,0.034097107705271704
2020-01-08,-0.0125756712819459,0.0001581475081915,0.0007376038908621,0.00042347747747878813,0.020578568402072776,0.0009556694100748647,0.030913903184083123,0.0010300438327792215,0.03209429595394206,0.0010309062641848084,0.03210772904122633
2020-01-09,0.0317486768039158,0.0010079784787995,0.0004189805408591,0.0004075576793215543,0.02018805783926612,0.0008651592026940976,0.029413588742179992,0.0009962347456912838,0.03156318655793936,0.0009326908828462211,0.03053998825877674
2020-01-10,0.0052746241410627,2.782165982948192e-05,0.000414528561952,0.0004435829272902312,0.021061408483058087,0.0009638255756572306,0.031045540350543598,0.0010133972297094915,0.03183390063610634,0.0009291760606067406,0.03048238935199701
2020-01-13,0.0212924623509896,0.0004533689529683,0.0003518635880884,0.00041863725124258617,0.020460626853608034,0.0008461942395262595,0.02908941799909822,0.0008769914199352405,0.029614040925467103,0.0008232614102288755,0.028692532307708143
2020-01-14,0.0035050198164281,1.2285163913553966e-05,0.0001052476743073,0.0004207211533461296,0.02051148832596332,0.0008471679422995902,0.02910614956155469,0.0008602602476378662,0.02933019344699019,0.0007965004547070259,0.02822233963914094
2020-01-15,0.010442159298079,0.0001090386908064,0.0002355053987316,0.00039621499398017506,0.019905149936139017,0.0007651443329007754,0.0276612424323416,0.0007552733290444344,0.027482236609206945,0.0007317892618672441,0.027051603683834424
2020-01-16,0.0155752239457367,0.0002425876009598,0.0002259578866544,0.000378984415789752,0.019467522076262095,0.0007283398439793888,0.0269877721195987,0.000709592019384839,0.026638168469037788,0.0006981952513904318,0.026423384555927572
2020-01-17,0.0374708448166548,0.0014040642112738,0.0017794389682094,0.0003708006068999579,0.019256183601637108,0.0007287201620815311,0.02699481731891385,0.0006991909427190755,0.026442218944692886,0.0006895565616603835,0.026259409012016694
2020-01-20,-0.0081326986587314,6.614078747373284e-05,0.0004545118170238,0.00043279642316239,0.020803759832356987,0.0009466795861910514,0.030768158641541282,0.0008083537005913287,0.028431561698072948,0.0008063953776791655,0.028397101571800695
2020-01-21,-0.0102041597087676,0.000104124875362,0.0003044221601872,0.00041079708502107044,0.020268129785973605,0.0008418922379567061,0.02901537933504758,0.0007780370008092415,0.027893314625717064,0.0007553794499014276,0.027484167258649616
2020-01-22,0.0073309209378975,5.3742401797704105e-05,0.0003356147267508,0.00039239675244152834,0.01980900685146856,0.0007788248822797475,0.027907434175856217,0.0007754604102742308,0.027847089799011866,0.0007312833493586779,0.02704225118880967
2020-01-23,0.0162462273034198,0.0002639399015943,0.0002052441975378,0.00037207749140289885,0.019289310288418786,0.0007271385163106466,0.02696550604588474,0.0007099680502833652,0.0266452256564542,0.0006920117143577891,0.026306115531522116
2020-01-24,0.0006531515396769,4.266069337823302e-07,0.0012720842635055,0.00036558923601438787,0.019120387967151396,0.0007319177371457871,0.027053978212931776,0.0007028349287219691,0.02651103409378761,0.0006876253213520622,0.02622261087977439
2020-01-27,0.0034759094196333,1.2081946293495843e-05,0.0007297324582269,0.0003436794782695515,0.01853859429054834,0.0006857265126621825,0.02618638028942111,0.0006236356513147865,0.024972698118440998,0.0006568202647840331,0.025628504926819926
2020-01-28,-0.0028231842084482,7.970369074831821e-06,0.0001957552845923,0.0003237836263509881,0.01799398861706287,0.0006569720858005307,0.02563146671184719,0.0005751467780662915,0.023982217955524705,0.0006371941699664055,0.025242705282247493
2020-01-29,0.0103851444645613,0.0001078512255498,0.0003538565939955,0.0003048348309144187,0.01745951977903226,0.000636941583134686,0.025237701621476667,0.0005458162075438841,0.023362709764577484,0.0006248214537020757,0.024996428818974837
2020-01-30,-0.0034498117866134,1.1901201363056764e-05,0.0001405783668114,0.000293015814592542,0.017117704711571056,0.0006422465208046389,0.025342583151775174,0.0005435128881378027,0.02331336286634347,0.0006256448490563393,0.02501289365619938
2020-01-31,-0.0088947206884426,7.911605612540976e-05,0.0003706753401917,0.00027614893779877287,0.016617729622267083,0.000627815123826085,0.025056239219525444,0.0005257879655629134,0.0229300668460193,0.0006180826793883782,0.02486126866007401
2020-02-03,-0.0379751362260145,0.0014421109713843,0.0006098094708747,0.000264326964898371,0.016258135345062513,0.0006307475209874873,0.025114687355957416,0.0005584447869938647,0.02363143641410451,0.0006314462035954162,0.025128593346930825
2020-02-04,0.0203883709370468,0.0004156856694666,0.0001859821078918,0.0003349940052875303,0.018302841453925408,0.0008881884974968593,0.029802491464588313,0.0009230634331291471,0.030381959007429838,0.0010153093000279268,0.03186391846631432
2020-02-05,0.0467922122866066,0.0021895111306748,0.0018992550613198,0.00033983550513827537,0.018434627881741345,0.0008682326010933241,0.029465786958663163,0.0008907931363843117,0.029846157816112807,0.000922550294257519,0.03037351303780185
2020-02-06,0.0010575781184229,1.1184714765670278e-06,0.000570723520311,0.0004508160426704704,0.021232429033685014,0.0011873480978340507,0.03445791778146281,0.0010240320208401306,0.032000500321715766,0.00104711652009923,0.032359179842808596
2020-02-07,0.0126052944887426,0.0001588934491479,0.0003014169155203,0.00042383418839883613,0.020587233626663787,0.0009909053874905215,0.031478649708818855,0.0008629200537927679,0.029375500911350733,0.0009002949786170413,0.03000491590751491
2020-02-10,0.0206617988984369,0.0004269099337194,0.0003576991155593,0.00040793774404378143,0.020197468753380493,0.0008889002278523476,0.029814429859588924,0.0008030419976004334,0.028337995652488082,0.0008175520545865419,0.028592867197721566
2020-02-11,0.0032667484212352,1.0671645247643188e-05,0.000145896511599,0.00040907607542432144,0.020225629172520725,0.0008708131731382439,0.029509543763641007,0.000799126040796751,0.028268817463713458,0.0007898399161955515,0.028104090737747618
2020-02-12,0.0177780766404142,0.0003160600090324,0.000239838143636,0.0003851718096137207,0.01962579449636933,0.0007806795746363014,0.02794064377633954,0.0007084217998380052,0.02661619431545399,0.0007271091564564038,0.02696496164388898
2020-02-13,0.0069840389064163,4.87767994463375e-05,0.0001163985241921,0.00038102510157884387,0.019519864281773165,0.0007775490469867576,0.027884566465820434,0.0007093035629866944,0.02663275357500036,0.0007168943314277711,0.02677488247271631
2020-02-14,0.0185189223771809,0.000342950486012,0.0002755577624978,0.00036109020345089345,0.019002373626757618,0.0007253532145457346,0.026932382266441537,0.0006575113287562255,0.025641983713360118,0.0006817447838238041,0.026110242890938492
2020-02-17,-0.014351853659203,0.0002059757034551,0.0001840883514645,0.00036000182040456295,0.01897371393282198,0.0007455315089586912,0.027304422882725266,0.0006721866640781023,0.025926562905215614,0.0006890198245066103,0.0262491871208731
2020-02-18,-0.0121527505914217,0.0001476893469373,0.0002393556642751,0.00035076025338759984,0.01872859453850181,0.0007333727568608615,0.027080855910788,0.0007331263570126645,0.02707630619217962,0.0007143614034340881,0.02672754016803806
2020-02-19,0.0180757789868529,0.0003267337859815,0.0001771399931677,0.0003385759990005819,0.018400434750314512,0.0007143037032867184,0.026726460732515975,0.0007598360956591505,0.027565124626221998,0.0007154911104386682,0.026748665582392483
2020-02-20,0.0181416076398066,0.0003291179277566,0.0003813204276859,0.00033786546621944013,0.01838111711021504,0.0007350908758248954,0.027112559374299128,0.0007515433467114696,0.027414290921186885,0.0007101555519113325,0.026648743908697318
2020-02-24,-0.0450759505352443,0.0020318413166557,0.0007971812374606,0.00033734061391167507,0.018366834618727176,0.0007494610908525066,0.02737628701728024,0.0007453437868383511,0.027300985089156602,0.0007067948306360747,0.026585613226632082
2020-02-25,-0.0032407554708366,1.0502496021757609e-05,0.0005166356990929,0.0004390106560763221,0.020952581131600995,0.0010782411430923435,0.032836582390564695,0.0012021598774628977,0.0346721772818336,0.001228497921129448,0.035049934680815714
2020-02-26,-0.0149210228040584,0.0002226369215192,0.0001706743278574,0.0004133001664730482,0.020329785204793685,0.0009195840064476686,0.030324643550216194,0.0010187366117684385,0.03191765360687465,0.0010258733259521282,0.03202925734312502
2020-02-27,-0.0362762357683286,0.0013159652815193,0.0005687269925161,0.00040186037177581915,0.020046455341925642,0.0008530768031763669,0.029207478548761562,0.0010148341333454053,0.031856461406524816,0.0009470174010574009,0.030773647834753046
2020-02-28,-0.0684897095306974,0.0046908403115993,0.0007037097497829,0.00045670666636043187,0.021370696440697293,0.0010134611189793776,0.03183490409879348,0.0012964843287854397,0.036006726160336205,0.0011942846326846405,0.03455842346931701
2020-03-02,-0.0002286038234164,5.225970808060855e-08,0.0008190884231876,0.0007107546850747644,0.026659982840856526,0.0017534665553720235,0.04187441408989532,0.002121777483466356,0.04606275592565382,0.0022897718799349425,0.04785156089340182
2020-03-03,0.0321846560437577,0.0010358520846549,0.0006356164314954,0.0006681125395527633,0.025847873017963457,0.0013698940904582266,0.03701208033140297,0.0016058218907143277,0.040072707554073855,0.0017415590686002218,0.04173199094939303
2020-03-04,-0.0208131946531187,0.0004331890716686,0.0013455457465486,0.0006901769122588967,0.02627121832460186,0.0013071237197967846,0.03615416600886798,0.0014693091109108578,0.03833156807268466,0.0014797828402609834,0.0384679456204901
2020-03-05,0.0029355939917193,8.617712084218582e-06,0.0004076802951,0.0006747576418234795,0.025976097509508227,0.001152117995532173,0.03394286369079918,0.0014291603222887786,0.0378042368298684,0.0013122476003487571,0.03622495825185665
2020-03-06,-0.0320760429305817,0.0010288725300845,0.0006860439946659,0.0006347892460391238,0.02519502423176298,0.0009687137566617139,0.031124166762528983,0.0011586156392802123,0.034038443549613315,0.0010806001134172046,0.03287248261718614
2020-03-09,-0.0726583367933004,0.0052792339055686,0.0011096478561271,0.0006584342430818477,0.025659973559648257,0.001037103192650936,0.032204086583086565,0.001350934644256677,0.03675506283842645,0.0012057811244943109,0.034724359238066736
2020-03-11,-0.0199778132207433,0.0003991130210829,0.0014871866679479,0.0009356822228310573,0.030588923204831146,0.0018795893505366903,0.04335423105691866,0.0022596205730691854,0.047535466475771386,0.0024593603732376893,0.04959193859124373
2020-03-12,-0.1883165622749623,0.0354631276270597,0.0067112802250307,0.0009034880707261681,0.030058078293965635,0.001529170768705658,0.039104613138422145,0.0019763611307602722,0.04445628336647444,0.001966121983426286,0.04434097409198727
2020-03-13,-0.0862548112656565,0.007439892466474,0.017135381851463,0.002977066444106185,0.05456250034690662,0.007866782626051378,0.08869488500500679,0.007223135586077492,0.08498903215166939,0.011274547060987492,0.10618167008004485
2020-03-16,-0.0992168593276281,0.0098439851748383,0.0036677333328101,0.0032448360054482556,0.05696346202126636,0.006859126899789433,0.08281984605026402,0.006678676992963746,0.08172317292520981,0.009870813152177877,0.09935196602069774
2020-03-17,-0.0096981499400706,9.405411226009322e-05,0.0028133828319853,0.003640784955611661,0.06033891742160826,0.006634812789715262,0.08145436016393022,0.006721307451030892,0.08198358037455361,0.009581493779578619,0.09788510499344943
2020-03-18,-0.0242803758458939,0.0005895366512178,0.0020291556213416,0.0034279811050105667,0.05854896331285949,0.004657060071642389,0.06824265580736427,0.004506575491833903,0.06713103225657939,0.006704433907466911,0.08188060763982465
2020-03-19,-0.0100348492141072,0.0001006981987498,0.0049876087205714,0.0032576744377830046,0.057076040838367585,0.003425225071409244,0.05852542243682863,0.0034984524131587216,0.05914771688880917,0.0048927101508440245,0.06994791026788452
2020-03-20,0.066040507380731,0.0043613486151043,0.0032909597843222,0.0030682558634410164,0.05539183932169987,0.002508509916024256,0.050085026864565584,0.0026218940814837547,0.05120443419747703,0.00353161418529607,0.05942738581913283
2020-03-23,-0.1230481155357758,0.0151408387369056,0.0063700514032918,0.0031458414285408186,0.05608780106708426,0.0026930973832296782,0.051895061260486805,0.0024545644758621507,0.04954356139663509,0.003043055305090792,0.055163894941263815
2020-03-24,0.0752593957947773,0.0056639766553949,0.0063742554805845,0.003865541267042708,0.062173477199226265,0.004837219369396303,0.06955012127520917,0.004550917008452981,0.0674604847926027,0.0064152075761980815,0.08009499095572757
2020-03-25,0.0148490975195893,0.0002204956971462,0.0020953289632275,0.003973447390343842,0.06303528686651502,0.004497038689423301,0.06705996338668327,0.003812967547559404,0.06174923114954067,0.005133055097383018,0.07164534246818155
2020-03-26,0.0583543078848462,0.0034052252487194,0.0071400601761521,0.0037482702887519878,0.06122311890741918,0.003248869823644049,0.05699885809070256,0.0027749919464641316,0.052678192323428595,0.0036899449484145115,0.06074491705825691
2020-03-27,-0.0913963118097229,0.0083532858124201,0.0115583841092909,0.003727687586350034,0.06105479167395491,0.0030097798855237357,0.05486146084022677,0.0024897561477275638,0.04989745632522327,0.003049260537471841,0.05522010990093954
2020-03-30,0.0054539001940155,2.974502732628309e-05,0.0017776315677488,0.004005223479914238,0.06328683496521403,0.003777090290306166,0.06145803682437445,0.0036199605948447166,0.06016610835715334,0.0045528746470253996,0.06747499275305927
2020-03-31,0.0668668086504668,0.0044711700990981,0.0016294501297124,0.0037666947727589607,0.061373404441655025,0.002730891426339898,0.05225793170744416,0.002579647843541016,0.05079023374174425,0.0032769715094538954,0.05724483827782113
2020-04-01,-0.0268845436290381,0.0007227786861416,0.0010065860933203,0.003808963292339312,0.06171679910963718,0.002862634168446571,0.05350359023884819,0.0024328874031781934,0.04932430844095225,0.0028822442766368917,0.05368653720102361
2020-04-03,-0.0372664289045343,0.0013887867232967,0.0009117099418558,0.003623792215967452,0.060197941957906266,0.0022482855683778457,0.047416089762630634,0.002205241959325595,0.04696000382586862,0.00234145109692605,0.048388543033718735
2020-04-07,0.0681399445673109,0.0046430520456362,0.0021441258469645,0.0034896918864072077,0.059073614130229136,0.001961627380745391,0.044290262820911225,0.0022219576642112274,0.04713764593412814,0.0021584428835429823,0.046459045228491105
2020-04-08,-0.0003617251815509,1.308451069680595e-07,0.0027248408669622,0.0035588934959609473,0.05965646231516706,0.002379595021379869,0.048781092867830146,0.002193224317693451,0.046831872882615436,0.0021430752670284054,0.04629336093899864
2020-04-09,0.031012705829435,0.000961787922863,0.0006879892270572,0.0033453677369097087,0.05783915401274217,0.0017892923307386256,0.04230002755009298,0.0016538276723039647,0.040667280119328915,0.0016422564256770077,0.040524763116852484
2020-04-13,0.0246157404805823,0.0006059346794073,0.0027459936607496,0.0032023529480669105,0.05658933599245454,0.0015741560177908501,0.03967563506474534,0.0014954046703425919,0.038670462504896315,0.0014047242790303622,0.03747965153293667
2020-04-15,-0.0051501222457683,2.6523759146358053e-05,0.001001939041823,0.0030465678519473387,0.05519572313093958,0.0013633564311376373,0.03692365679530722,0.001339171958765325,0.036594698506277175,0.001206308673555677,0.03473195464634372
2020-04-16,-0.0135162132680924,0.0001826880211085,0.0003275441380403,0.00286536520637928,0.05352910616084748,0.001113558430613848,0.03337002293397246,0.0011373626808650304,0.033724808092338056,0.0010152553414589723,0.0318630717517783
2020-04-17,0.0041781954990322,1.745731762813369e-05,0.0008403181826718,0.0027044045752630365,0.052003890001258914,0.0009755137615134659,0.031233215676799368,0.0010883164691687232,0.032989641846627,0.0009288425588509196,0.030476918460548463
2020-04-20,0.0192711423681188,0.0003713769281723,0.0026849766881384,0.0025431877398049423,0.050430028155900745,0.0008520803660610228,0.029190415654132485,0.0009255026227843864,0.030422074596982804,0.0008219408103968071,0.028669510117837856
2020-04-21,-0.0761025437645112,0.0057915971674293,0.0014720660147426,0.002412879091106984,0.04912106565524596,0.0008357420855727499,0.02890920416705984,0.0008864727614312392,0.029773692438648573,0.0007869454202599631,0.028052547482536466
2020-04-22,0.0120638482490159,0.0001455364345752,0.0008828417410766,0.0026156021756863256,0.05114295822189332,0.0018407530955289277,0.04290399859603913,0.0019496586231227654,0.044154938830472466,0.0023166748758854335,0.04813184887250264
2020-04-23,0.0208566568346261,0.0004350001343173,0.0004601408836931,0.0024673982312196628,0.04967291244953997,0.0014556282282101492,0.03815269621154119,0.0015697914587338353,0.03962059387154407,0.0017751331248491767,0.042132328737552315
2020-04-24,-0.0425288153576079,0.0018087001357215,0.0007959651267582,0.0023454543454055243,0.04842989103235237,0.0012519264087809707,0.03538257210521828,0.0013673287322561814,0.03697740840372918,0.0014390463722890037,0.037934764692680034
2020-04-27,-0.00037135670602,1.3790580310605677e-07,0.000351114848289,0.002313249092824483,0.04809624821984022,0.0013729694462841422,0.03705360233882992,0.0016817691480239898,0.04100937878124942,0.0016629229379010848,0.04077895214324523
2020-04-28,0.0343225182573922,0.001178035259529,0.0008829354612926,0.0021744624216032,0.04663113146389652,0.0011150515612829055,0.03339238777450492,0.0013173250698054104,0.03629497306522503,0.0013171603935517953,0.03629270441220653
2020-04-29,0.0014346550356244,2.0582350712425207e-06,0.0004818763472863,0.0021146767918787494,0.04598561505382688,0.001163079618957719,0.03410395312801317,0.0012734980444403438,0.035686104360665986,0.0012074530753246819,0.03474842550857063
2020-04-30,0.0135281349785119,0.0001830104359968,0.000891115557266,0.001987919678470299,0.04458609288186507,0.0009748264043618412,0.031222210113344653,0.001041971523233662,0.032279583690525845,0.0010089537309834458,0.03176403203284252
2020-05-04,-0.0722056788460029,0.0052136600576121,0.0011346898456173,0.0018796251239218912,0.04335464362582042,0.0008826508928484552,0.02970944113995508,0.0009423683837040313,0.03069801921466646,0.0008936694151877656,0.029894304059264628
2020-05-05,0.0087039132077121,7.575810512738622e-05,0.0004154565913579,0.0020796672199433048,0.04560336851531151,0.0017638455215510827,0.04199816093058222,0.0019055132651679962,0.04365218511332504,0.0022300056992415485,0.047222936156507134
2020-05-06,0.0041361918505267,1.7108083024363547e-05,0.0013724572706118,0.0019594326730543493,0.044265479473900984,0.0013910361075010886,0.03729659646001346,0.0015178383831810586,0.03895944536541888,0.0017090810535484607,0.0413410335326593
2020-05-07,0.0123064534150126,0.0001514487956558,0.0006528025928213,0.00184289319765255,0.042928931941670176,0.0011303335414621044,0.03362043339194343,0.0012266879561133803,0.03502410535778723,0.0013501820069791951,0.036744822859543017
2020-05-08,0.0165415735623639,0.000273623655919,0.0001885537480807,0.0017414065335327495,0.041730163353775045,0.0009808943886930569,0.03131923352658964,0.0010702935854066072,0.032715341743692776,0.0011213718376903168,0.03348689053480954
2020-05-11,0.0209242698625961,0.0004378250692827,0.0006156874692281,0.00165333956087593,0.04066127839697038,0.0009036996022213122,0.030061596800923802,0.0009802635807392044,0.031309161290893825,0.000979356189387775,0.0312946671077961
2020-05-12,-0.0010717079394742,1.1485579075321423e-06,0.0010822564356002,0.001580408691380339,0.039754354370060384,0.0008827717666606692,0.029711475336318613,0.000937495476626927,0.03061854791832766,0.0009005460341023988,0.030009099188452803
2020-05-13,0.0088954939253078,7.912981217518832e-05,0.0003191861027103,0.0014856530833719705,0.038544170549798716,0.0007869045043837227,0.02805181820103151,0.0008052841462987433,0.028377528896976624,0.0008012538233046502,0.02830642724373124
2020-05-14,-0.0017728448248108,3.142978772858764e-06,0.000451790973995,0.0014012616871001634,0.037433430073934765,0.0007373088433367925,0.02715343152046887,0.000740361484553145,0.02720958442448442,0.0007420684986732834,0.027240934247438786
2020-05-15,0.0010639972147121,1.1320900729152783e-06,0.0002454188172393,0.001317374564600525,0.03629565489973318,0.0006898466494385682,0.026264931932875216,0.0006649106007347455,0.025785860480789572,0.000694501483527455,0.02635339605302237
2020-05-18,-0.0371951077489167,0.0013834760404535,0.0026609824912663,0.0012384000161288684,0.03519090814583887,0.0006576793533709523,0.02564525986163822,0.0005965070399884723,0.024423493607354217,0.0006615504464415653,0.02572062297926637
2020-05-19,0.0275780206309631,0.0007605472219218,0.0024091702319882,0.0012471045775883476,0.03531436786335482,0.000895237147679001,0.029920513827122037,0.0009469328284242978,0.030772273696044915,0.0010195678203857232,0.03193067209417495
2020-05-20,0.0117417995490344,0.0001378698566497,0.0004934567743416,0.0012179111362483563,0.03489858358513073,0.0009375939269221135,0.030620155566589036,0.0009502251054280041,0.030825721490794083,0.0009618616625843209,0.031013894669717327
2020-05-21,-0.0218140291916497,0.0004758518695741,0.0008825791726664,0.001153108659472437,0.03395745366591019,0.0008492513676499203,0.029141917707143437,0.0008643878213139985,0.02940047314779132,0.0008570164265305754,0.029274842895062228
2020-05-22,-0.0014468908577141,2.0934931541368317e-06,0.0003956428999085,0.0011124732520785396,0.03335375918961069,0.0008534297694046604,0.02921352031858982,0.0009754654338076758,0.031232442008393705,0.0009023215419453136,0.030038667446231924
2020-05-26,0.0100864112118273,0.000101735691134,0.0004457119764979,0.0010458504665430753,0.03233961141608036,0.0007674282264223498,0.027702494949414753,0.0008367052616137485,0.02892585800998388,0.0008027158222151949,0.028332239978780267
2020-05-27,0.0106954011474325,0.0001143916057045,0.0001767294257985,0.0009892035800185353,0.031451606954471106,0.0007285007469773142,0.026990752990187477,0.0007702226446770134,0.027752885339672583,0.0007454462576957929,0.02730286171257132
2020-05-28,0.0116340610627522,0.0001353513768118,0.0002565078718459,0.0009367148615596931,0.030605797842233964,0.0007047991531182561,0.026548053659698975,0.0007223760222043566,0.02687705382299847,0.0007080074620130748,0.026608409610742893
2020-05-29,0.0391803235280241,0.0015350977517606,0.0025986965025982,0.0008886330524748223,0.029809948884136354,0.0006928523792677128,0.026322089188886826,0.0006898534983780384,0.026265062314375698,0.0006848726800021921,0.02617007222004158
2020-06-01,0.0143886195633811,0.0002070323729397,0.000454111944809,0.0009274209344319713,0.030453586561059953,0.0009472158385323605,0.030776871812001304,0.00081046052254405,0.028468588348283974,0.0008170652425088786,0.028584353106356607
2020-06-02,-0.0036611396649135,1.3403943646003004e-05,0.0003016579380031,0.0008841976207424358,0.02973546066134567,0.0008686598387397518,0.029473035791037064,0.0007720262916976504,0.02778536110432345,0.0007662844413792218,0.027681843171639093
2020-06-03,0.0046573011416972,2.16904539244549e-05,0.001051599115278,0.0008319500001166498,0.028843543473655413,0.0007797493982480685,0.027923993236069738,0.0007064432370276968,0.026578999925273652,0.0007137191349464191,0.02671552235960246
2020-06-04,-0.0177468753752313,0.0003149515855839,0.0009629060810539,0.000783334427345118,0.027988112250473735,0.000721750012655255,0.02686540549955007,0.0006445178075884121,0.02538735526966943,0.0006767337899327906,0.026014107517514234
2020-06-05,0.0296242481190525,0.0008775960766191,0.0006723852731734,0.0007552314568394504,0.027481474793748795,0.0007378700151409333,0.027163762904666454,0.0007462254799785204,0.027317127959917756,0.0007360105478772562,0.027129514331761567
2020-06-08,0.0013111866972851,1.7192105551375582e-06,0.0009305994125714,0.0007625733340262345,0.027614730381197543,0.0008541281383792059,0.02922547071270548,0.0008026017191324285,0.028330226245697872,0.000782236787489761,0.0279684963394488
2020-06-09,-0.0049254119049362,2.425968243328809e-05,0.0004863758183579,0.0007169220866179686,0.02677540077418018,0.0007678258422048895,0.027709670553885866,0.0007017915314115141,0.026491348236953025,0.0007210156326681968,0.02685173425811072
2020-06-10,-0.0003289763891628,1.0822546462665625e-07,0.0003140963716348,0.0006753623423668878,0.025987734460065727,0.0007142451347714649,0.02672536500726351,0.0006640620818570889,0.025769402046944917,0.000686054125896937,0.02619263495521092
2020-06-11,-0.0003294878831637,1.0856226515171034e-07,0.0033495327441653,0.0006348470953527521,0.025196172236130472,0.0006738296516636894,0.025958228977796028,0.00059400953593995,0.024372310845300452,0.0006557411498728285,0.025607443251383543
2020-06-12,0.0032883960648263,1.081354867916545e-05,0.0025229611455304,0.000596762783367496,0.02442872864820222,0.0006467592522592018,0.025431461858477618,0.0005399392073883864,0.023236591991692465,0.0006352171577647534,0.0252035147899009
2020-06-15,-0.020229576128005,0.0004092357503187,0.0011468793837245,0.0005616058292861961,0.023698224180013914,0.0006306339032668619,0.0251124252764814,0.0005084332048425855,0.022548463469659868,0.0006224333166741677,0.024948613522081095
2020-06-16,-0.0206471716451054,0.0004263056969424,0.0020754606614327,0.0005524636245481493,0.023504544763686644,0.0006945124790942219,0.026353604669840176,0.0006550139360211371,0.02559324004539357,0.0007251727383531527,0.026929031515321018
2020-06-17,0.0064769713940244,4.195115843901104e-05,0.0004233809732417,0.0005448941488918071,0.023342967868114094,0.0007404981751495832,0.02721209611826298,0.0007873904925530946,0.028060479193219322,0.0007994289109757248,0.028274173922074625
2020-06-18,0.0047458145951487,2.252275617152699e-05,0.0001967358301107,0.0005147175694646392,0.02268738789426053,0.0006992569994408635,0.026443467991942048,0.0007149278256765483,0.02673813429685303,0.0007369056854091752,0.027146006804117162
2020-06-19,0.0322768949594747,0.0010417979482249,0.0004745154461505,0.0004851858806670524,0.02202693534441531,0.0006679918664270803,0.02584553861746898,0.0006514383853537207,0.025523291036888652,0.0006925206842021053,0.02631578773668205
2020-06-22,0.0126892320851993,0.000161016610912,0.0001016191912607,0.0005185826047205271,0.022772408847562153,0.0008381011038094272,0.02894997588616314,0.0007390485219107562,0.027185446877157567,0.0007701357872894939,0.0277513204602861
2020-06-23,0.0163544460127269,0.0002674679043831,0.0005597187680373,0.0004971286450920185,0.022296381883436123,0.0007869492294240672,0.028052615375826675,0.0007080367589702521,0.026608960125684207,0.0007296491072998869,0.02701201783095604
2020-06-24,-0.015384904501789,0.0002366952865291,0.001300574617551,0.0004833490006494893,0.021985199581752476,0.0007726404885324955,0.027796411432638127,0.0007018442600309459,0.026492343422788136,0.0007134812340587541,0.026711069504210313
2020-06-25,0.0432994815259887,0.0018748451004194,0.0036533062295268,0.00046854977780226993,0.021646010667147653,0.0007572884794980009,0.027518874967883425,0.0007684970895627776,0.027721780057614942,0.0007393712449265512,0.027191381813481845
2020-06-26,0.0030883298078963,9.5377810023413e-06,0.0003427727094079,0.0005529274971593,0.02351441041487751,0.0010540569271650195,0.032466242886497035,0.0009010852954052924,0.030018082806956416,0.000889852549146466,0.029830396396066647
2020-06-29,-0.0149118220837383,0.000222362437857,0.0006504432185252,0.0005203241141898824,0.022810614068671683,0.0009032044916128436,0.030053360737409114,0.0007834748651246435,0.027990621020703408,0.0007947051962431407,0.028190516069116944
2020-06-30,-0.022152717432542,0.000490742889646,0.0011207507251416,0.0005024464136099134,0.022415316495867584,0.0008420542858241007,0.029018171648539485,0.0008297806329502425,0.02880591315945812,0.0007904243189876181,0.02811448592785609
2020-07-01,0.0089200814399561,7.956785289545057e-05,0.0001264981231703,0.0005017442021720816,0.022399647367136868,0.0008514002742509773,0.029178764097387285,0.0009513129785704383,0.03084336198553002,0.0008613287890010941,0.02934840351707558
2020-07-02,0.0034827287978674,1.21293998794953e-05,0.0003306217762612,0.00047641362121548364,0.021826901319598337,0.000780590489805132,0.02793904955085502,0.0008503298588858534,0.029160415958724824,0.0007827898810192567,0.027978382387465802
2020-07-03,0.0113137255611081,0.000128000386072,0.0005817361804535,0.00044855656793532433,0.021179154089229445,0.0007205212758890067,0.026842527375212023,0.0007477717607923598,0.027345415718038734,0.0007224897549413763,0.026879169535932026
2020-07-06,0.0259113356527517,0.0006713973153095,0.000300465407022,0.0004293231970235291,0.020720115757966437,0.0007020052700470431,0.026495382051350817,0.0007080540736245011,0.02660928547752647,0.000693901751493455,0.026342014947483706
2020-07-07,0.0237712876409732,0.0005650741161098,0.0006990778264434,0.00044384764412069106,0.021067691950488812,0.0007914563258350297,0.028132833590575793,0.0007512950016016176,0.02740976106429273,0.0007319451126817463,0.027054484151093072
2020-07-08,-0.031106136798126,0.0009675917465037,0.0008648190474489,0.0004511212324400427,0.021239614696129557,0.00083144203108991,0.02883473653581579,0.0007747248772948092,0.027833880025875106,0.0007464722124860183,0.027321643663696705
2020-07-09,-0.0015351082022433,2.3565571925947587e-06,0.00018025994613,0.00048210946328386384,0.021956991216554783,0.0009336716681614639,0.03055604143473863,0.0010202282212340961,0.03194101158752014,0.0009627004566233629,0.031027414597793398
2020-07-10,-0.0189181006962791,0.0003578945339545,0.0003343418756469,0.00045332428891838765,0.02129141350212305,0.000821223899758912,0.02865700437517697,0.0008701242188893957,0.029497868039731204,0.0008436690703935089,0.02904598200084667
2020-07-13,-0.0231206730229155,0.0005345655210325,0.0009435448939135,0.00044759850362055775,0.021156523902110144,0.000812547182100914,0.02850521324426313,0.00094518789460777,0.03074390825200612,0.0008608468884875755,0.029340192373049898
2020-07-14,-0.0412092089981729,0.0016981989062551,0.0008141465253257,0.00045281652466527865,0.021279486005664674,0.0008398503107025682,0.028980170991603348,0.0010571886401438213,0.03251443741084599,0.0009210609271927078,0.03034898560401497
2020-07-15,-0.0134454826708635,0.0001807810042524,0.0007481807643357,0.0005275394675606677,0.02296822734911573,0.0010762470090923744,0.032806203820198006,0.001408246129903496,0.03752660562725459,0.0012818220564668609,0.0358025425977941
2020-07-16,0.007753162477566,6.01115284035387e-05,0.0003815060478867,0.0005067339597621772,0.022510752092326395,0.0009501649654860547,0.030824745992239007,0.0012870412589779208,0.03587535726620601,0.0011088031533044041,0.03329869597002868
2020-07-17,0.0179706825235831,0.0003229454303634,0.0003776094588001,0.0004799366138806588,0.021907455668805056,0.0008430966484447567,0.029036126608842933,0.0010871245150879919,0.03297157131663567,0.000948292796713043,0.030794363067175833
2020-07-20,0.0582937393598952,0.0033981600485593,0.0014062044066899,0.00047051714286962417,0.021691407120554076,0.0008206468571884321,0.02864693451642657,0.0010009333713000427,0.03163753105569464,0.0008673790215854375,0.029451299149365846
2020-07-21,0.0402494585355084,0.0016200189124016,0.0010920739844822,0.0006461757172110106,0.025419986569843237,0.0013820215257244622,0.037175550106548015,0.0011923362473187909,0.03453022223094996,0.001137432254337316,0.03372583956460263
2020-07-22,0.012474014344163,0.0001556010338583,0.0012940207597639,0.0007046063089224466,0.0265444214275325,0.001424741705170564,0.03774575082271598,0.0012187969931656169,0.03491127315303206,0.0011324512185634438,0.03365191255431768
2020-07-23,0.0032414591350907,1.0507057324463017e-05,0.0003588077217654,0.0006716659924186029,0.025916519681828478,0.0011788685159329403,0.03433465473734868,0.0010655774226681592,0.03264318340278961,0.0009743908968836706,0.031215235012469002
2020-07-24,-0.0070858042426755,5.0208621765519135e-05,0.0004830597353094,0.0006319964563129544,0.025139539699703225,0.0009869855038572403,0.03141632543530896,0.0009041757035226447,0.030069514520900478,0.0008520461785576144,0.029189830053592544
2020-07-27,-0.0167319437170682,0.0002799579405511,0.0004790434202646,0.0005970891862401083,0.02443540845249181,0.0008659030221124645,0.029426230171608198,0.0008407728112578266,0.028996082688146456,0.0007819071099276598,0.027962601987791835
2020-07-28,0.0447793285266355,0.0020051882632963,0.0015506025787536,0.00057806131149877,0.024042905637604826,0.0008278651803833456,0.028772646391726737,0.0008961831504317915,0.029936318251110833,0.0007975974863705258,0.028241768471016927
2020-07-29,0.0314785418720861,0.0009908985983926,0.0038787728781392,0.000663688928606625,0.02576216079071445,0.0011257607446582163,0.033552358257777,0.001015406880775686,0.03186544964025592,0.0009430442077872016,0.030709024858943366
2020-07-30,-0.0228727216292621,0.0005231613947297,0.0007530414131905,0.0006833215087937882,0.026140419063086732,0.001135176181035424,0.03369237571076614,0.0010266076691309888,0.032040718923441604,0.000934381849604047,0.030567660191844044
2020-07-31,0.0011420011998885,1.3041667405469594e-06,0.0005032237651772,0.0006737119019499438,0.02595596081731408,0.0010538110218353814,0.032462455573098306,0.0011190086323554845,0.03345158639519932,0.0009677133697163673,0.031108091708048683
2020-08-03,-0.0172667094233395,0.00029813925431,0.0006630438416914,0.0006333674378373799,0.025166792362901154,0.0009014964921739351,0.030024931176839274,0.0009313942535153563,0.0305187524894999,0.0008465528983015754,0.02909558210968764
2020-08-04,0.0556091969030912,0.0030923827802067,0.0015844146333902,0.0006132537468257395,0.02476396064497235,0.0008551137045303115,0.029242327276232844,0.0009744425553100529,0.031216062456851486,0.0008463671235735921,0.029092389444210182
2020-08-05,-0.0138238341407515,0.000191098390351,0.0004339226618303,0.0007620014888286013,0.027604374450956162,0.0013477933311739456,0.036712304901408,0.0011517712003215597,0.033937754791994706,0.0010909061421180276,0.03302886831421912
2020-08-06,0.0347456068142429,0.0012072571928899,0.0011912897481942,0.0007277473029199456,0.026976791931583442,0.0011339817160407831,0.033674645002446324,0.0011028113754220372,0.033208603936661314,0.0009823764398303567,0.031342884995327995
2020-08-07,0.0366938246277738,0.0013464367658138,0.0022788185054551,0.0007565178963181466,0.027504870410858993,0.0011812364136852718,0.03436912005980473,0.0011143042360295416,0.03338119584480972,0.0009838667813104039,0.03136665078248559
2020-08-10,0.0144112441632313,0.0002076839583322,0.0003347337633451,0.000791913028487887,0.028140949317460612,0.0012389753319364302,0.0351990814075656,0.0011356071350131283,0.03369877052672884,0.0009995775161492917,0.03161609583976636
2020-08-11,0.000766170298458,5.870169262393489e-07,0.0002707600799219,0.0007568592842785497,0.027511075665603294,0.0010642037204842802,0.03262213543721931,0.001016278790043374,0.031879127811835974,0.0008899273239837152,0.02983164970268515
2020-08-12,0.0094016883238388,8.839174333860783e-05,0.0010511100517048,0.000711482948237411,0.026673637701622385,0.0009083231449213075,0.030138399840092832,0.0008558439343851828,0.029254810448628495,0.0007938103468445234,0.028174640136912545
2020-08-13,0.0153096726204423,0.0002343860757451,0.0002763244962813,0.0006740974759434828,0.025963387220150663,0.0008203716018637174,0.028642129841611245,0.0007812686044719433,0.02795118252367766,0.0007380070711550964,0.02716628556050857
2020-08-14,-0.0229259357914974,0.0005255985319158,0.0015683021398732,0.0006477147919315809,0.025450241490633855,0.0007888261487617347,0.028086049005898544,0.0007541114751395116,0.02746109020304022,0.0007156457183709153,0.026751555438346297
2020-08-17,0.0081218904323968,6.596510419586023e-05,0.0002860852114356,0.0006403878163306378,0.025305885013779658,0.000822281108437387,0.028675444345944965,0.0008979206333895656,0.029965323849235562,0.0008202833315261147,0.028640588882320746
2020-08-18,0.0773167541420114,0.0059778804710562,0.0026471389255252,0.0006059224536025511,0.024615492146259254,0.0007585366786058538,0.027541544593683444,0.0008064065542797552,0.02839729836233995,0.0007535622566655473,0.027451088442273966
2020-08-19,0.1141890493258003,0.01303913898593,0.0066461220064248,0.0009282399346497725,0.030467030289310647,0.0018239571284789239,0.042707811094446456,0.0011701977321318922,0.03420815300673061,0.001332868270307478,0.036508468473868884
2020-08-20,-0.0234410938756559,0.0005494848820873,0.0013615558358007,0.0016548938777265901,0.04068038689253815,0.0038611274340904613,0.06213797095247367,0.0018102998271642345,0.04254761834890684,0.00247098767534844,0.049709030118766546
2020-08-21,-0.0027816963353134,7.73783450189645e-06,0.0011458557604521,0.0015885693379882335,0.03985686061380441,0.002884598786746001,0.05370846103498034,0.0017146706920101033,0.04140858234726351,0.002015345825884357,0.044892603242453616
2020-08-24,0.0637079141954934,0.0040586983311403,0.0021472224970059,0.0014937194477790531,0.038648666830552555,0.0021289718391057743,0.04614078281851939,0.0013685220699575882,0.0369935409221338,0.0015578661982777898,0.039469813760363626
2020-08-25,0.2123904007305809,0.0451096823224967,0.0233301114096912,0.0016476181807807309,0.040590863267251795,0.0023821530442705665,0.04880730523467329,0.0015244948949666407,0.03904478063668229,0.0016747154474274423,0.04092328734873876
2020-08-26,-0.0742205512442689,0.0055086902270031,0.0025785013452667,0.004255342029283694,0.06523298267965136,0.010246243311445002,0.10122372899397157,0.0033833931116748765,0.05816694174249559,0.00609008382831075,0.0780389891548497
2020-08-27,0.0040191115136177,1.615325735889477e-05,0.0008368515814764,0.004330542921146861,0.06580686074526622,0.008090919383376461,0.0899495379831184,0.0038355015344686714,0.06193142606519465,0.0058294868247560465,0.07635107612048468
2020-08-28,0.0053917141175697,2.9070581125600824e-05,0.000356465814663,0.004071679541319583,0.06380971353422285,0.005617764893886878,0.07495175043911168,0.0026977862970159546,0.051940218492185365,0.004139894892550097,0.06434201498671065
2020-08-31,-0.0306469189614409,0.0009392336418291,0.0033519261913572,0.003829123003707944,0.06187990791612366,0.0039636566902366225,0.06295757849724386,0.0020091075175237617,0.044823069032851395,0.002997283001387799,0.054747447441755664
2020-09-01,0.0055294542138368,3.057486390291838e-05,0.00111137112193,0.0036557296419952147,0.06046263012799902,0.0030263269905603765,0.055012062227845784,0.001969524017269459,0.0443793197026437,0.002478864412571995,0.0497881955143184
2020-09-02,0.0416326398968278,0.0017332767047789,0.0027530812157315,0.0034382203553096767,0.05863633988670913,0.0022281825168289815,0.047203628216790514,0.0015395348088860182,0.03923690620940976,0.0018728037162740352,0.04327590225834737
2020-09-03,-0.006161114331256,3.795932980280917e-05,0.0005124948536198,0.0033359237362778323,0.05775745610982042,0.00201273273477111,0.04486348999767082,0.0014880627431424487,0.03857541630549758,0.0016423145918462913,0.04052548077254965
2020-09-04,-0.0211667172957517,0.0004480299210782,0.0007819010004302,0.003138045871889331,0.05601826373504744,0.0015506569004093429,0.03937838112987052,0.0012538872323434051,0.03541027015349368,0.0013136077011139623,0.036243726369041614
2020-09-07,0.0003506956321968,1.2298742644191384e-07,0.0004081951872696,0.0029766449148406673,0.05455863739904679,0.0013180192930127119,0.036304535433093095,0.0012727982862719425,0.03567629866272484,0.001203816111175025,0.03469605325069445
2020-09-08,-0.0268246347851169,0.0007195610313549,0.0012010627569247,0.0027980535991958136,0.052896631265098665,0.0010782429185672035,0.032836609425566515,0.0010355022507798147,0.03217922079199269,0.0010062868203247267,0.031722024215436295
2020-09-09,0.0190820746882081,0.0003641255744063,0.0007157281850973,0.002673344045125359,0.051704390965616825,0.0010524896071846261,0.03244209622056852,0.0011783652783683366,0.03432732553474472,0.0010704069169809774,0.03271707378389726
2020-09-10,0.0524761001911696,0.0027537410912736,0.0019908490193879,0.002534790936882219,0.05034670730923939,0.0009686178697187051,0.031122626330673076,0.0010748549227737887,0.0327849801399023,0.0009544090396662925,0.030893511287425592
2020-09-11,-0.0077401164690982,5.9909402955206215e-05,0.0005423983128027,0.002547927946145706,0.050477004132037255,0.0013603446318555732,0.036882850104832915,0.001210750776593086,0.03479584424314326,0.0011282873293171538,0.033589988528089046
2020-09-14,-0.0096750443696747,9.3606483555176e-05,0.0007842231126524,0.002398646833554276,0.04897598221122549,0.0011177988481318162,0.03343349889155809,0.0010750546460758545,0.03278802595576401,0.0009716100708884967,0.03117066041790736
2020-09-15,-0.0158162171185706,0.0002501527239417,0.0036805304975804,0.0022603444125543293,0.04754307954428624,0.0009616567588154135,0.03101059107491203,0.000997174161677666,0.031578064565100664,0.0008747946811319296,0.029576928189586044
2020-09-16,0.0292005495757119,0.0008526720955236,0.0006672562321804,0.0021397329112375755,0.0462572471212628,0.0008864148147185678,0.029772719303391953,0.001008737214896821,0.031760623654091255,0.0008522928664486277,0.02919405532721735
2020-09-17,-0.0115097815885596,0.0001324750722163,0.0003070659365925,0.0020625092622947373,0.045414857285856765,0.0009489523795464613,0.030805070679134326,0.0010076555162817297,0.03174359016056202,0.0008583356134238635,0.029297365298331237
2020-09-18,-0.0073475213716219,5.3986070306441334e-05,0.0006439803884971,0.0019467072108900337,0.04412150508414274,0.000855848120715536,0.02925488199797661,0.0009670971887822704,0.031098186261939303,0.0008087882697356096,0.0284392030432572
2020-09-21,-0.0508328320211519,0.0025839768112906,0.004481884674983,0.001833143942455018,0.0428152302627817,0.0007787746818138676,0.02790653475109132,0.0008909727528964615,0.029849166703552404,0.0007536571407887168,0.027452816627601562
2020-09-22,0.0118383558344547,0.0001401466688631,0.0032159446464397,0.0018781939145851559,0.04333813464588844,0.0012013666042717415,0.034660735772221306,0.0014283947455488745,0.037794109931957316,0.0014120608910702366,0.03757739867354094
2020-09-23,0.0111713140836984,0.0001247982583566,0.0013848712460491,0.0017739110798418367,0.04211782377856003,0.0010263541899615388,0.032036763100562124,0.0012109594756583271,0.03479884302183518,0.0011620744790837199,0.03408921352985017
2020-09-24,-0.0473009891199422,0.0022373835717248,0.0006568603836667,0.0016749643105527247,0.040926327841045364,0.0009062532571088926,0.030104040544566318,0.0010524300292377388,0.03244117798782496,0.0009911942688282638,0.03148323790254528
2020-09-25,0.0357731307305816,0.0012797168822672,0.0003420100111673,0.0017087094662230546,0.041336539117626366,0.0012217876026959955,0.03495407848443434,0.0015052660881938362,0.038797758803748396,0.0014775798071258756,0.038439300294436624
2020-09-28,0.0534850282850378,0.0028606482506513,0.0016840254799039,0.0016829699111857081,0.04102401627322352,0.0012536308589484728,0.03540664992552208,0.001421625502705703,0.03770444937544776,0.0013268093834641966,0.03642539476058148
2020-09-29,0.0074124555484371,5.494449725755652e-05,0.0008866140126469,0.0017536306115536434,0.04187637295126744,0.0015712859933581641,0.03963944996286104,0.0014870748215450177,0.038562609112260775,0.0013917220899003176,0.037305791640177235
2020-09-30,-0.0026891603809343,7.231583554387092e-06,0.0003696398499345,0.0016517094446958781,0.040641228385666174,0.0012581576582400015,0.03547051815578681,0.0012251281990462938,0.03500183136703412,0.0011393036513475036,0.03375357242348584
2020-10-01,0.0365178379754084,0.0013335524903981,0.0009934824098775,0.0015530407730273885,0.03940863830465839,0.0010394797609306707,0.032240964019871844,0.0010290743576322587,0.03207918885558453,0.0009645828517187789,0.031057734169104786
2020-10-05,0.0581495917282758,0.0033813750181651,0.0025844334703564,0.001539871476069636,0.03924119616002596,0.0011416111218585845,0.03378773626419184,0.001068508519167507,0.03268804856774884,0.0009851599185005198,0.031387257263107905
2020-10-06,0.0016825358289518,2.8309268157066748e-06,0.0004002696625705,0.0016503616885953677,0.040624643858074225,0.0015938586056391,0.03992315876329302,0.0012460139101370933,0.03529892222344888,0.0012154054513705585,0.03486266558039644
2020-10-07,0.008976925872013,8.058519811161648e-05,0.0005070345124106,0.0015515098428885879,0.03938920972663183,0.001263508834078234,0.035545869437646815,0.0010240815550328856,0.032001274272017446,0.0010144196868436964,0.031849955837390045
2020-10-08,-0.0428626223004561,0.0018372043904715,0.0013115497688522,0.0014632543642019696,0.03825250794656436,0.0010568132455032744,0.03250866416054764,0.0009043929107861401,0.030073126056100987,0.0008865509925030174,0.029775006171334665
2020-10-09,-0.0103299019089852,0.0001067068734492,0.0004811100520311,0.0014856913657781449,0.038544667150958056,0.0012476245958020834,0.03532172979628947,0.001305637974431989,0.03613361280624993,0.0012966819591535123,0.03600947040923418
2020-10-12,0.0074800522414981,5.5951181535541055e-05,0.000335955750474,0.0014029522962384115,0.03745600480882086,0.0010510701059420723,0.03242021138028055,0.0011742300340672053,0.034267040054069525,0.001098494466255139,0.033143543356966815
2020-10-13,-0.0068412588715747,4.680282294790071e-05,0.0001826738897114,0.0013221322293562392,0.03636113624952113,0.0009099035343276831,0.030164607312671635,0.001005199044635956,0.031704874146351,0.0009408736061877718,0.03067366307091104
2020-10-14,0.0006383855734377,4.075361403734275e-07,0.0001176243066494,0.001245612464971739,0.035293235399602274,0.0008136348153478329,0.02852428465970414,0.0009140772458599461,0.030233710421646003,0.0008411131518319561,0.02900195082803838
2020-10-15,-0.020306790096041,0.0004123657240046,0.0015228383385736,0.001170900169241857,0.034218418567225704,0.0007404573847193954,0.02721134661716313,0.0007809674495060944,0.02794579484477216,0.000760740650900184,0.02758152734893744
2020-10-16,-0.000325739752569,1.0610638640374293e-07,0.0002782439368661,0.0011253881025276257,0.0335468046545066,0.000768659389772677,0.027724707208060414,0.0008890152065386836,0.029816358036129826,0.0008196775643077374,0.02863001160159977
2020-10-19,0.0318962655631871,0.0010173717568773,0.0003579047427113,0.0010578711827591524,0.032524931710291916,0.0007102761539740024,0.026651006622152237,0.0007625758129079043,0.02761477526448304,0.000746213332636348,0.027316905619713738
2020-10-20,0.0154968819514989,0.0002401533502186,0.0007224927307006,0.0010554412172062446,0.03248755480497485,0.0008618449065751352,0.029357195141483376,0.0008286895620622922,0.02878696861536991,0.0008039094460948323,0.028353296917551445
2020-10-21,-0.0312377024995258,0.0009757940574488,0.0012690164817167,0.0010065239451869912,0.03172576153833019,0.0008176861502672957,0.02859521201647744,0.0007918352582188894,0.028139567484573913,0.0007608756115297721,0.02758397381687004
2020-10-22,-0.0016039483059747,2.5726501682393936e-06,0.0001247277261008,0.0010046801519227047,0.03169668992060062,0.0009259953442383056,0.030430171610398547,0.0010366790317739188,0.03219750039636492,0.0009747081869702308,0.031220316894135312
2020-10-23,0.0126010224467466,0.0001587857667034,0.0002988864911718,0.0009445537018174367,0.03073359240013176,0.0008161227693401993,0.02856786252662595,0.0008827298943229907,0.02971077067871163,0.000851858599504656,0.029186616787573307
2020-10-26,-0.0258504949867158,0.0006682480910582,0.0006911287554258,0.0008974076257105952,0.029956762603969664,0.0007718099028343951,0.027781466894935464,0.0008180716535272966,0.02860195191813483,0.0007847457360725276,0.028013313550391133
2020-10-27,0.0214023756401159,0.0004580616830406,0.0005756462215346,0.0008836580536314526,0.02972638648795801,0.0008376214820193107,0.02894169107048361,0.0009877974048570774,0.03142924442071552,0.0009062967891145211,0.03010476356184385
2020-10-28,0.0151686460785096,0.000230087823855,0.000435022610524,0.000858122271396003,0.02929372409571721,0.0008423054681112697,0.02902249934294546,0.0009459451364854056,0.030756221102167372,0.0008532171298541554,0.029209880688803837
2020-10-29,0.0310328307480511,0.0009630365842371,0.0012703017706043,0.0008204402045435479,0.028643327399999252,0.0008027118905741348,0.028332170594116766,0.0008795627358583434,0.029657422947018567,0.0007931972611799732,0.02816375793781741
2020-10-30,0.0323092977519323,0.001043890721223,0.0010029580459786,0.0008289959873251661,0.02879229041471286,0.0009135742879631643,0.030225391444333095,0.0009176291062807319,0.030292393538324632,0.0008299815016200785,0.02880939953591672
2020-11-02,0.0041127614581321,1.691480681149736e-05,0.000398045961722,0.0008418896713590371,0.029015335106785122,0.0010029855194705897,0.03166994662879288,0.0009552757771392478,0.03090753592797795,0.0008634277983955466,0.029384141954386666
2020-11-03,0.0107886928656704,0.0001163958937497,0.0002708383821874,0.0007923911794861847,0.02814944367987021,0.0008703793793553358,0.029502192788932416,0.0008284877103767558,0.028783462445938567,0.0007775929641928074,0.027885353937018756
2020-11-04,0.0202405319508411,0.000409679133653,0.0014382782750135,0.0007518314623419998,0.02741954526140067,0.0008002057441627408,0.028287908090962485,0.0007675136959801154,0.027704037539321148,0.0007299848301300359,0.02701823143971559
2020-11-05,0.0025545911285389,6.525935834010143e-06,0.0002769047726441,0.000731302322620661,0.027042601994273052,0.0008081755263928193,0.028428428137918904,0.0007688889715002145,0.02772884728040844,0.0007287304449061641,0.02699500777747923
2020-11-06,-0.0018442696780122,3.4013306452354557e-06,0.0002287481140795,0.0006878157394134618,0.026226241427498943,0.0007379475494703764,0.027165190031920933,0.000682307645162438,0.026121019221355776,0.0006852956943121584,0.02617815299657633
2020-11-09,0.0163383792975712,0.0002669426380713,0.0004640676652053,0.0006467508748873683,0.025431297153062568,0.0006903228824452305,0.0262739963166099,0.0006211398104241388,0.02492267663041309,0.0006561332198391885,0.025615097498139422
2020-11-10,0.0044603564395553,1.9894779567882445e-05,0.0002063457754611,0.0006239623806784043,0.024979238993180004,0.0007078212954370949,0.026604911115000834,0.0006320986467603919,0.025141572082119125,0.0006636501584873795,0.025761408317236452
2020-11-11,0.0016678153223438,2.7816079494450867e-06,0.0002101435060316,0.000587718324611773,0.02424290256161116,0.0006732356860224952,0.025946785658776603,0.0005860717365274861,0.024208918532794606,0.00064264378040122,0.025350419728304697
2020-11-12,0.0150211935512976,0.0002256362557055,0.0003605591984122,0.0005526221216120333,0.023507916147800793,0.0006468624414972801,0.025433490548827153,0.0005380561533480485,0.02319603744927242,0.0006266132579442755,0.025032244364904147
2020-11-13,0.0083090046618954,6.903955847140092e-05,0.0002470188594896,0.000533002969657644,0.023086857076216414,0.0006709689274448152,0.025903067915689353,0.0005579349091160009,0.023620645823431687,0.0006392997709569598,0.025284378002176755
2020-11-14,0.0071635568063608,5.131654611795885e-05,2.9380162860798178e-05,0.0005051651649864693,0.022475879626534516,0.0006577634051351119,0.025646898548072276,0.0005442074334896703,0.023328253974304856,0.0006313480087319985,0.02512663942376693
2020-11-17,0.0602365557972523,0.0036284426543154,0.0023155699319396,0.0004779342478543586,0.021861707340790165,0.0006455963266747828,0.025408587656042255,0.0005281979180065293,0.02298255682047864,0.0006240919906148279,0.024981833211652583
2020-11-18,0.0005070374641224,2.570869900236928e-07,0.0006884077804905,0.0006669647522420266,0.02582566073195469,0.0013079356134886456,0.03616539248354213,0.0007982026690849513,0.02825248075983685,0.0009970342399861203,0.03157584899865909
2020-11-19,-0.0224297750916161,0.0005030948106604,0.0010262720667303,0.0006269622923269064,0.02503921509007234,0.0010715139624555355,0.03273398787889333,0.0006947466879258141,0.026358047877751003,0.0008662946514390514,0.02943288384509835
2020-11-20,0.0065888508246236,4.341295518914309e-05,0.0006733766302522,0.000619530243426921,0.024890364469547666,0.001007408559487398,0.03173970005351969,0.000841882979577825,0.029015219791995804,0.0009160952108589122,0.03026706478763529
2020-11-23,0.0520591406044987,0.0027101541204789,0.0021298360656218,0.0005849632061326542,0.02418601261334026,0.0008783087064916651,0.029636273491983858,0.0007566704082000524,0.02750764272343329,0.0008160516483887282,0.02856661772749319
2020-11-24,-0.0045329418371074,2.05475616985991e-05,0.0002742051652327,0.000712474660993433,0.026692220982777605,0.0012916853217572741,0.03594002395320952,0.0009466598653659226,0.030767838165297257,0.0010300052026012583,0.03209369412519005
2020-11-25,-0.0197166623278209,0.0003887467733493,0.0007631660412454,0.0006709590350357429,0.025902876964455954,0.0010644326509898583,0.03262564407011543,0.0008464785746381111,0.02909430484885506,0.0008942416797621938,0.029903873992548086
2020-11-26,0.0067399332244677,4.542669987028413e-05,0.0003375708191569,0.0006540262993345571,0.0255739378925999,0.0009812323160089237,0.03132462794685555,0.00093558111240452,0.030587270430761225,0.0009035723869236485,0.0300594808159364
2020-11-27,-0.0088712030271992,7.869824314978844e-05,0.0002976634373932,0.0006175103233667006,0.024849754996110137,0.0008611531992279088,0.029345411893989645,0.0008273745821830836,0.028764119701167348,0.0008077855014344718,0.028421567540064918
2020-12-01,0.0573117405612029,0.0032846356061546,0.0017914509643964,0.0005851815985536858,0.02419052704166831,0.0007869600426624653,0.028052808106541944,0.0008003223838959785,0.028289969669407184,0.00075977388582465,0.02756399618750246
2020-12-02,0.0727781691583632,0.0052966619060433,0.0033686107153571,0.0007471488390097425,0.027334023469107918,0.0013381791759661571,0.036581131419984224,0.0010187846219290445,0.03191840569215581,0.0010525840773968561,0.032443552169835785
2020-12-03,-0.0137581401437537,0.0001892864202151,0.0003366055122954,0.0010201196230317578,0.03193931156164387,0.0020845179921322034,0.04565652190139108,0.0013152449884939546,0.03626630651850219,0.0014633700047431612,0.03825401945865508
2020-12-04,-0.0035813989060349,1.2826418124148624e-05,0.0003783478203435,0.0009702696308627623,0.031149151366654634,0.0016271033965558157,0.040337369727782395,0.0012232079639457399,0.034974390115422166,0.0012340632259333227,0.03512923605678499
2020-12-07,0.0256792440852708,0.0006594235767909,0.0007216125004844,0.0009128230380984453,0.03021296142549494,0.0012876498699332963,0.03588383856185534,0.0010374534417611394,0.03220952408467315,0.0010302805051526035,0.03209798288292589
2020-12-08,-0.0124251822124859,0.0001543851530134,0.000433349417159,0.0008976190704199935,0.02996029156099776,0.0011814792385953868,0.034372652481229705,0.0010086164003724257,0.03175872164260435,0.0009584331445818649,0.03095857142346631
2020-12-09,-0.0062153246362431,3.863026033389107e-05,0.0002052975408404,0.0008530250353756025,0.029206592327342854,0.0010157023787598384,0.031870085954697994,0.000978198167384629,0.03127615972885145,0.0008825866971664974,0.029708360728362266
2020-12-10,-0.0041279342183349,1.703984091090068e-05,0.0003670733893986,0.0008041613488730997,0.028357738782792605,0.0008829674838577535,0.029714768783514933,0.0008873412091479878,0.02978827301385543,0.0007994012809976959,0.02827368530980169
2020-12-11,0.0056854077249429,3.2323860998840985e-05,0.0002355627572685,0.0007569340583953678,0.02751243461410436,0.0007900142246074495,0.028107191688381987,0.0007981433950632795,0.02825143173475071,0.0007371414876730356,0.027150349678651205
2020-12-14,0.0118238710246259,0.0001398039260069,0.0003929236232572,0.0007134574465515761,0.026710624226168437,0.0007306185400446963,0.02702995634559361,0.0007192592755995344,0.026819009593934195,0.0006937156391089881,0.026338482095766037
2020-12-15,0.0159114674686136,0.0002531747970047,0.0005329694530542,0.0006790382353189008,0.026058362099696537,0.0007109808907539633,0.02666422492318056,0.0006883418583061765,0.026236269900772415,0.0006756664055111586,0.0259935839297154
2020-12-16,0.0017284756242711,2.9876279836996695e-06,0.0001685896980204,0.0006534864290200517,0.025563380625810265,0.000719077502683146,0.02681562049782078,0.0006839910113501952,0.02615322181587185,0.0006754212331686626,0.025988867485303446
2020-12-17,-0.0085633230349057,7.333050140014673e-05,0.0005940712668269,0.0006144565009578706,0.024788233114884782,0.0006776061012845184,0.026030868239160183,0.0006140571998855855,0.024780177559605692,0.0006488277343690034,0.02547209717257304
2020-12-18,-0.0090766200579789,8.238503167690577e-05,0.0003094607912366,0.0005819889409844071,0.024124446957068408,0.0006630132975528923,0.025749044594953273,0.0006281299300149073,0.02506252042422923,0.0006506718460077837,0.025508270149263036
2020-12-21,-0.0587039562943273,0.0034461544846063,0.0049840007770388,0.000552012706425957,0.023494950658087304,0.0006549361372687894,0.02559172009202956,0.0006444105822255816,0.025385243395043146,0.0006544103822447518,0.025581446054606684
2020-12-22,0.0666913698981575,0.0044477388188928,0.0035256652673561,0.0007256612131167771,0.026938099656745967,0.0012800237546885065,0.03577741962032067,0.0013549778119126964,0.03681002325335718,0.0015819570648736268,0.03977382386537189
2020-12-23,0.0104077826153108,0.0001083219389675,0.0002700529211889,0.0009489858694633427,0.030805614252329767,0.0018864449203229,0.043433223692501806,0.0015374281942718204,0.039210052209501335,0.0017321214147999412,0.041618762773536905
2020-12-24,0.0214464371720206,0.0004599496673734,0.0004949177528443,0.0008985460336335961,0.0299757574321917,0.0014792574015911955,0.03846111544912856,0.0012782771828182462,0.03575300243082036,0.0013754170066669319,0.03708661492596664
2020-12-28,0.0356699560991337,0.0012723457681141,0.0017698290626911,0.000872230251657986,0.02953354451565179,0.001272429816621977,0.035671134221131474,0.001162293481639492,0.03409242557577111,0.001171044992947652,0.03422053466776421
2020-12-29,-0.0033671107479821,1.1337434789176882e-05,0.0003112531880257,0.0008962371826453544,0.029937220690059965,0.0012861696034619893,0.035863206820667744,0.00116571262765494,0.034142533995808515,0.0011184844500416301,0.03344375053790514
2020-12-30,-0.0103766498521841,0.0001076748621548,0.000470782274943,0.0008431431977739836,0.02903692817386136,0.0010590118729692333,0.03254246261377945,0.0009940517412631012,0.03152858609679637,0.0009516158247259633,0.03084827101680033
2020-12-31,-0.0095467170897806,9.113980719231044e-05,0.0039776570037837,0.0007990150976368344,0.02826685510694167,0.0009249179394613911,0.030412463554624954,0.0009441193216975061,0.03072652472534937,0.0008651258409463566,0.029413021622171985
2021-01-01,0.0239014011205261,0.0005712769755242,0.000404757766661,0.0007565425802101629,0.0275053191257648,0.0008320019570457857,0.028844444127869507,0.0008971218616979055,0.029951992616483892,0.0008020188089204623,0.028319936598101034
2021-01-04,0.0067976420198607,4.6207937030176135e-05,0.0003751109446764,0.0007454266439290104,0.027302502521362584,0.0008597623180452695,0.02932170387350076,0.0008904179554458641,0.029839871907330034,0.0007945724041324561,0.028188160708575084
2021-01-05,-0.0002021583286645,4.0867989848437055e-08,0.0002045650320018,0.0007034735215150802,0.02652307526504195,0.0007799385112147001,0.027927379239998516,0.000794083870375595,0.028179493792039538,0.00073406712522954,0.027093673158683006
2021-01-06,-0.007104529455192,5.0474338779691446e-05,0.0004000902148853,0.0006612675623035662,0.025715123221629062,0.0007178187293578343,0.02679213932029009,0.0006911500868921871,0.026289733488420668,0.0006882309120726979,0.026234155448054696
2021-01-07,0.0539278629006014,0.002908214397026,0.001266840208277,0.0006246199688921337,0.02499239822210213,0.000685663776807482,0.026185182390189344,0.0006761640382807135,0.026003154390971752,0.0006710653561653256,0.02590492918664951
2021-01-08,-0.0001931852406104,3.732053718972531e-08,0.0002081542434968,0.0007616356345801694,0.027597746911300014,0.0011997749218049102,0.03463776727511331,0.0008895590669327138,0.02982547680981335,0.0009527602484520949,0.03086681467939468
2021-01-11,0.0022176705946118,4.918062866206197e-06,0.0002677320673794,0.0007159397357375906,0.02675705020620903,0.0009990262784423485,0.03160737696238567,0.000761722486446285,0.027599320398268595,0.0008363010525740511,0.028918870181493108
2021-01-12,0.0119671108584904,0.0001432117422993,0.000494207139036,0.0006732784353653074,0.025947609434499114,0.0008654788189080188,0.029419021379169272,0.0006753349714471224,0.025987207842458226,0.000757958961526097,0.027531054493536877
2021-01-13,0.0200675638223534,0.0004027071177642,0.0004574578359703,0.0006414744337813529,0.025327345573141945,0.0008019496330798816,0.02831871524416109,0.0006545195795911662,0.02558358027311983,0.0007195237679826334,0.026823940202413094
2021-01-14,-0.0073960988965676,5.470227888780864e-05,0.0002002966853773,0.0006271483948203253,0.025042931034931302,0.0008080367708999484,0.02842598759761828,0.0006774969378732175,0.02602877134774551,0.0007209110862123803,0.026849787451903234
2021-01-15,-0.0090616132070195,8.21128339136311e-05,0.0004522457794648,0.0005928016278643743,0.024347517899456904,0.0007468846808943464,0.02732919100329072,0.000668107568667833,0.025847776861227988,0.0006943548627264579,0.02635061408632554
2021-01-18,-0.0375836299370272,0.0014125292392434,0.0009932631583966,0.0005621603002273297,0.023709919869694406,0.0007110625264974072,0.026665755689599484,0.0006765662303331729,0.026010886765605912,0.0006839121021777019,0.02615171317863711
2021-01-19,0.0428794679296203,0.0018386487699273,0.0005135231566729,0.0006131824365682943,0.024762520803995183,0.0009364390934443282,0.030601292349251005,0.0010250682060195786,0.0320166863685107,0.0010426977309684904,0.03229083044717943
2021-01-20,0.0309259989760212,0.0009564174126648,0.0005502112519521,0.0006867104165698369,0.026205160113417298,0.0011672682080081818,0.034165307082012035,0.0011062689277522074,0.0332606212773034,0.001091403142579264,0.03303639118577064
2021-01-21,-0.018179758527027,0.000330503620101,0.0005618970070999,0.0007028928363355386,0.02651212621302823,0.0011565149770620588,0.03400757234884694,0.0010929096514689944,0.033059184071434586,0.0010311893364127233,0.03211213690199896
2021-01-22,-0.0189908134370368,0.0003606509950003,0.0007998061914059,0.0006805494833614669,0.026087343355762904,0.0010319924780159665,0.03212463973363696,0.0011113220649011637,0.03333649749000581,0.0009802793889611896,0.03130941374349238
2021-01-25,-0.0247921286110478,0.0006146496410667,0.0008552887178523,0.0006613555740597991,0.025716834448660263,0.000954237537682548,0.03089073546684423,0.0011356442077004938,0.03369932058217931,0.000954099998056403,0.03088850915885069
2021-01-27,-0.0021429438993666,4.592208555832805e-06,0.0002867312741208,0.0006585532180802152,0.02566229175424937,0.0009497659094388811,0.030818272330532758,0.0012302044014301143,0.03507426979183051,0.0010062226790191837,0.03172101320921486
2021-01-28,-0.0018543346722572,3.438557076735513e-06,0.0004561368593868,0.0006193155575087522,0.024886051464801568,0.0008324229367375276,0.028851740618852227,0.0010267437299693002,0.032042842101931285,0.000873751563621399,0.029559288956627475
2021-01-29,-0.0102111991737064,0.0001042685885651,0.0007041015246817,0.0005823629374828312,0.024132197112630073,0.0007536098764257272,0.027451955785075262,0.0008780727513142928,0.02963229237359629,0.0007837417575404102,0.02799538814770051
2021-02-01,0.0585500158296672,0.0034281043536542,0.0024402177625885,0.0005536772765477675,0.023530347990366983,0.0007197199182227643,0.026827596206569913,0.0008535962490474967,0.029216369539138445,0.0007505262102447724,0.027395733431408116
2021-02-02,0.0490383524584598,0.0024047600118401,0.000801259575526,0.0007261429011741585,0.026947038820140486,0.0013200329289517257,0.03633225741612714,0.001072293826399899,0.03274589785606587,0.0010614774648075472,0.03258032327659668
2021-02-03,0.0042448119973215,1.8018428892605285e-05,0.0003730969738968,0.0008268599278141169,0.02875517219239205,0.0015303116683765884,0.03911919820723053,0.001184899703826563,0.034422372141189844,0.0011639172332226664,0.03411623122829757
2021-02-04,0.0399603902919733,0.0015968327922868,0.0032876227845054,0.0007783294378788261,0.027898556197029734,0.00122379153796335,0.034982731996848815,0.0009949657515682085,0.03154307771236359,0.0009811626961366076,0.03132351666298993
2021-02-05,0.0095353269771875,9.092246056188066e-05,0.0003735269067387,0.0008274396391433067,0.028765250548940236,0.0013144126295379572,0.036254829051285804,0.0010636153417803702,0.032613116100433735,0.0010241962153722283,0.03200306571833749
2021-02-08,0.0538684010111709,0.0029018046275003,0.0011113423663994,0.000783248608428421,0.02798657907691508,0.0010928464185816567,0.03305822769873873,0.0009363911596912773,0.030600509141046613,0.0008942623463270101,0.029904219540509834
2021-02-09,0.0024640005413887,6.071298667964029e-06,0.0003951932220984,0.000910361969572735,0.03017220524875063,0.0014713061541715517,0.0383576088171767,0.0011086143469099278,0.033295860807462656,0.001103203739452147,0.033214510977163984
2021-02-10,0.0325669791147613,0.0010606081286613,0.0009522101167753,0.0008561045293184486,0.029259263991400202,0.001182030049036726,0.03438066388301317,0.0009309681404998941,0.030511770523846925,0.0009387932682999888,0.030639733489375993
2021-02-11,0.0120677329004926,0.0001456301773576,0.0002070747045933,0.0008683747452790196,0.02946819888081081,0.001185931805390483,0.03443736060429839,0.0009673287593046064,0.0311019092549735,0.0009388671364557616,0.030640938896446396
2021-02-12,0.0876754735536189,0.0076869886628513,0.0036408809184493,0.0008250100712037363,0.028722988549309006,0.0010170437130779628,0.031891122794250486,0.0008789109644460814,0.029646432575372056,0.0008422671932878829,0.029021839936294234
2021-02-15,0.0600557157231469,0.0036066889910194,0.0041668727304167,0.0012367287867025923,0.03516715494182878,0.0023174578148298514,0.048139981458553256,0.0013172853491460292,0.0362944258688029,0.0015734626105374581,0.03966689565037146
2021-02-16,0.0217026900608796,0.0004710067558786,0.0012949848865092,0.0013789263989616028,0.03713389824623322,0.0024236780912014265,0.04923086522905551,0.0014566165719692257,0.038165646489601426,0.001637529190707807,0.04046639582057941
2021-02-17,0.0067065656288725,4.49780225343746e-05,0.0002242365004221,0.001324451220376623,0.036393010597869244,0.0019070793295310252,0.04367011941283221,0.0012925503234125855,0.035952055899664284,0.0013496819346440355,0.03673801756551428
2021-02-18,0.0285527019024647,0.000815256785931,0.0008247836452253,0.001247682828506088,0.03532255410507694,0.0014812053687923796,0.0384864309697896,0.0010850206291883359,0.03293965132159622,0.0011097866473494926,0.033313460452938426
2021-02-19,-0.0330827008944226,0.0010944650984698,0.0061207722539797,0.0012217372659515833,0.03495335843594408,0.001340332577802309,0.0366105528202226,0.00106210628314527,0.03258997212556755,0.0010287253773008306,0.03207374903719287
2021-02-22,0.0302328202247844,0.0009140234187441,0.0005984019016154,0.001214100935902678,0.03484395120968169,0.001298309590482925,0.036032063366991975,0.0012879256924343916,0.035887681625237255,0.0011886957067004447,0.034477466651429665
2021-02-23,-0.0077855168095217,6.061427199134507e-05,0.0008103832997251,0.0011960962848731652,0.03458462497806164,0.001236340813240179,0.03516163837536839,0.0012248583421131116,0.03499797625739396,0.00109258534698465,0.03305427879994737
2021-02-24,0.006916613378163,4.783954062298368e-05,0.0001538573864025,0.001127967364100256,0.03358522538409198,0.0010348726819885377,0.03216943707913674,0.0010858060752910446,0.032951571666478136,0.0009476310723329238,0.03078361694689115
2021-02-25,0.0464692126995337,0.0021593877289145,0.0014736430893719,0.0010631596946916195,0.032606129710402915,0.0008975340022716455,0.02995887184577626,0.0009383582672474884,0.030632634023986385,0.0008378712995802619,0.02894600662578971
2021-02-26,-0.0117462953642955,0.0001379754547852,0.0008650284762355,0.0011289333767449926,0.033599603818274294,0.0012013280351703113,0.034660179387451404,0.001060547233126907,0.03256604417375415,0.0009866007326825097,0.03141020109267863
2021-03-01,0.0211858239814573,0.0004488391377732,0.000300606678059,0.0010694759014274091,0.03270284240593482,0.0010259213885020133,0.03203000762569396,0.0010098159451842647,0.031777601312626864,0.000897145634865117,0.029952389468373253
2021-03-02,0.0244204070972895,0.0005963562827973,0.0002839164880074,0.001032237695608162,0.03212845616596232,0.0009667008924870295,0.03109181391438958,0.0009614156324977127,0.031006703025276854,0.0008460469483984028,0.029086886192894606
2021-03-03,0.0478864573266564,0.0022931127952976,0.0022689763937257,0.0010060848108395131,0.0317188399983277,0.0009546850496625586,0.030897978083728368,0.0009430762480213005,0.030709546529073015,0.0008270318000411739,0.02875816058167097
2021-03-04,0.0033266646078562,1.106669741316336e-05,0.0004705309083305,0.0010833064899070034,0.0329136216467742,0.0012646731895751807,0.03556224387711187,0.0010737073661367124,0.03276747421051419,0.0009933871058046412,0.03151804413038095
2021-03-05,-0.0092983588272072,8.645947687950222e-05,0.000907715112723,0.001018972102357373,0.03192134242724408,0.001044562737057894,0.032319695807013625,0.0009104792127708384,0.03017414808691106,0.0008649671059369977,0.02941032311854118
2021-03-08,0.0003296456124313,1.0866622979525889e-07,0.0001951466287644,0.0009630213448287007,0.031032585210206073,0.0009112632804275046,0.030187137665361793,0.0008687886888965222,0.029475221608946764,0.0008006242724288997,0.028295304777098615
2021-03-09,-0.0055083762077988,3.034220844664458e-05,0.0005264330408891,0.0009052465841127664,0.03008731600048044,0.0008057933264558091,0.028386499017240732,0.0007462206343180115,0.02731703926705842,0.0007332951711707008,0.027079423390661418
2021-03-10,-0.0078189704069439,6.113629822466528e-05,0.0002864198447151,0.000852752321572799,0.02920192325126547,0.0007408160128896991,0.027217935500138492,0.0007040816619413437,0.026534537153327993,0.0006960409210079385,0.02638258745854808
2021-03-12,-0.0045193418431901,2.0424450695609688e-05,0.0005224852949256,0.0008052553601719109,0.0283770216931219,0.0007030659099765381,0.026515390058917447,0.0006932471916314085,0.02632958776037727,0.0006792852707470904,0.026063101710024662
2021-03-15,0.0023459978548431,5.503705934928536e-06,0.0003969999932294,0.0007581655056033327,0.027534805348927615,0.000670149789029653,0.02588725147692688,0.0006536533675232093,0.025566645605616885,0.0006567449777218271,0.02562703606978043
2021-03-16,0.0017837108956341,3.1816245592039867e-06,0.0001200444216035,0.0007130057976232284,0.026702168406764804,0.0006453057187722365,0.025402868317814752,0.0005934780981768317,0.02436140591543993,0.0006364483296198754,0.0252279275728284
2021-03-17,-0.0269813612785024,0.000727993856441,0.0007515290691946,0.0006704163472393868,0.025892399410626023,0.0006282298088603652,0.025064512938821795,0.0005443352010664194,0.02333099228636492,0.0006224607422518815,0.02494916315734621
2021-03-18,-0.0032666117826003,1.0670752538223605e-05,0.0005216834620441,0.0006738709977914878,0.025959025362896192,0.0007526495423705003,0.02743445903185445,0.0007644280301696157,0.027648291632027026,0.0008128477798379697,0.028510485436729585
2021-03-19,0.0211287398316165,0.0004464236468721,0.0014603151197906,0.000634078983076292,0.02518092498452533,0.0007015329046922056,0.02648646644405791,0.0006969512280021821,0.026399833863154937,0.0007444942840600721,0.027285422556010967
2021-03-22,0.1079367845669905,0.0116503494626609,0.005809621345075,0.0006228196629040428,0.024956355160640802,0.0007489713514819723,0.027367340964769893,0.0007172029625255994,0.026780645297034934,0.0007424357547525149,0.02724767429988319
2021-03-23,0.0657488868038162,0.004322916115941,0.003061764264372,0.0012844714508894561,0.0358395235862512,0.002880785656688415,0.05367295088485833,0.001355755922930681,0.03682059101821535,0.0019245229051310555,0.043869384599411185
2021-03-24,-0.0316270281969955,0.0010002689125735,0.0018024884691506,0.001466778130792551,0.03829853953863712,0.002935245552940183,0.05417790650200673,0.0015305915800141998,0.03912277571970322,0.0019508782140984994,0.04416874702884947
2021-03-25,-0.0437539261722668,0.0019144060554881,0.0014719026076167,0.0014387875776994108,0.037931353491530075,0.002348933155691941,0.048465793666171826,0.0016328460768668875,0.04040849015821907,0.0017871567441675857,0.04227477668974238
2021-03-26,0.0068534210778981,4.6969380470979175e-05,0.0005923983588832,0.0014673246863667368,0.03830567433640526,0.0021275625235399726,0.0461255083824555,0.0019104081540302971,0.04370821609297613,0.0019276873861420664,0.0439054368631274
2021-03-30,0.0428315100575053,0.0018345382538061,0.0010379901351649,0.0013821033680129912,0.03717665084448828,0.0016292592060492903,0.04036408311914554,0.0015089555629212823,0.03884527722801425,0.0015013486355950837,0.0387472403610255
2021-03-31,-0.000387793840742,1.5038406291749375e-07,0.0004499921940985,0.0014092494611605824,0.03753997151251692,0.0016305516007128467,0.04038008916177435,0.0014742152270073386,0.038395510505882566,0.0014015088939283492,0.03743673188097953
2021-04-01,0.0711595972510518,0.0050636882809318,0.0020501770932825,0.0013247035165347223,0.036396476704960365,0.001287583523103309,0.03588291408321388,0.0011769119217379974,0.03430614991132053,0.001140167545156588,0.03376636707074938
2021-04-05,0.0276575995172367,0.0007649428110558,0.0007466121941421,0.001549042602398553,0.0393578785302073,0.0020069607318306056,0.04479911530187405,0.0014317347629342258,0.0378382711409259,0.0014980611518136118,0.03870479494602202
2021-04-06,0.0737754800107348,0.0054428214508143,0.0024666726492415,0.001501996614917991,0.03875560107801182,0.0016830550132280746,0.04102505348233046,0.0013133520238120093,0.03624019900348244,0.0012863006846103194,0.035865034289824946
2021-04-07,-0.0500742864540308,0.0025074341638803,0.0053564931209631,0.0017384461050717714,0.04169467717912889,0.0023429131268879006,0.04840364786757193,0.0015616863470963303,0.03951817742629751,0.0016370520760611252,0.04046050019538964
2021-04-08,-0.0026201236012769,6.865047685968429e-06,0.0007546045994361,0.0017845853886002852,0.04224435333391062,0.002234686199714969,0.047272467671097614,0.0019684042787570617,0.044366702365141605,0.0019891346283005935,0.044599715563001
2021-04-09,0.0329146263921741,0.0010833726305364,0.0015043104358118,0.001677922168145426,0.0409624482684498,0.0016934940299635683,0.04115208415090988,0.0015360548139719047,0.03919253518173971,0.001539879304361924,0.039241295905740985
2021-04-12,-0.1117252691096726,0.0124825357576287,0.0038800568546811,0.0016422491958888847,0.0405246739146521,0.0015327794852641513,0.03915072777438692,0.0014241893974490233,0.03773843395596886,0.0013482506417001436,0.03671853267357158
2021-04-13,0.0293040007235787,0.0008587244584075,0.0013083982485992,0.0022926663895932783,0.04788179601469935,0.0035617668941897306,0.059680540330912975,0.00340178379178805,0.0583248128311446,0.004536685235571542,0.06735491990620686
2021-04-15,0.021107125435359,0.0004455107441439,0.0011762359832441,0.0022066298737221314,0.04697477912371841,0.0027420490266094368,0.052364577976046336,0.002644071723920117,0.05142053795829169,0.003353575957934585,0.05791006784605407
2021-04-16,0.0253840896876853,0.0006443520092724,0.001740759653893,0.002100962725947442,0.04583625994720165,0.0021155466188079734,0.045995071679561204,0.002092885519628039,0.04574806574739569,0.0025088769707626935,0.05008869104660945
2021-04-19,-0.0197362514613809,0.0003895196217468,0.0011762490427604,0.0020135660829469423,0.0448727766351375,0.0017331830209868907,0.041631514757295235,0.0017597769234936023,0.04194969515376247,0.001957958237171283,0.044248821873257634
2021-04-20,0.0056163334675144,3.1543201618323226e-05,0.0007544448277881,0.0019161232952749374,0.04377354561004783,0.0014293090200844334,0.03780620346033748,0.0016244397024219412,0.04030433850619485,0.0016239982237358638,0.040298861320586514
2021-04-22,0.0130841327994585,0.0001711945311138,0.0005812696101356,0.0018030484896555403,0.04246231846773726,0.0011586745888207215,0.03403930946451061,0.0013085041858152966,0.03617325235329686,0.0012940995510983479,0.03597359519284037
2021-04-23,-0.0001726823414285,2.98191910412379e-08,0.0003692581079506,0.0017051372521430398,0.0412933075950939,0.0010035784411070296,0.03167930619674347,0.0011335215024815403,0.03366781107350967,0.0010854857049703841,0.03294671007810012
2021-04-26,0.0135138156944012,0.0001826232146222,0.0003728014185954,0.0016028308061659196,0.04003536943960827,0.0008676116349148261,0.029455248002942126,0.0009374592490777454,0.030617956317784266,0.0009261637563357017,0.03043293867400422
2021-04-27,0.0150563990018644,0.0002266951509033,0.0002658060854504,0.0015176183506732989,0.03895662139705263,0.0008107654041823773,0.02847394254721986,0.000864254039946241,0.029398197903038905,0.0008375736913387568,0.028940865421385673
2021-04-28,-0.0050077356407591,2.5077416247729295e-05,0.0002773338450651,0.0014401629586871015,0.03794947903050978,0.000780950306223467,0.0279454881192558,0.0008168634422662907,0.028580822980913106,0.0007822471468410932,0.0279686815356229
2021-04-29,-0.0024498798819264,6.001911435867932e-06,0.0003031171100345,0.001355257826140739,0.03681382656205055,0.0007231892308820818,0.026892177875398673,0.0007535389104220443,0.027450663205504603,0.0007277371765068503,0.026976604243433795
2021-04-30,-0.0201630566145958,0.0004065488520433,0.0008821877792019,0.0012743024712584467,0.035697373450415744,0.0006809251451526727,0.026094542439994473,0.0006810999307680313,0.026097891308840094,0.000685584326811472,0.026183665266945957
2021-05-03,0.0802750468262929,0.0064440831429635,0.00509941274749,0.0012222372541055436,0.03496050992341993,0.0007276941404223693,0.026975806575937063,0.0008040218645224951,0.02835527930602157,0.0007671916752773981,0.027698225128650358
2021-05-04,0.0055202505098015,3.047316569096455e-05,0.0007288727359453,0.0015355480074370224,0.03918606904803061,0.0018906826943853297,0.043481981261038805,0.0011914453117528316,0.034517319011661836,0.0013913417901946358,0.037300694232073425
2021-05-05,0.0039525272664769,1.5622471792243413e-05,0.0005200384483107,0.0014452435169322589,0.038016358543819774,0.0014675040735463896,0.038308015787122014,0.0010066436427943184,0.03172764792407906,0.0011364612317268322,0.03371144066525238
2021-05-06,0.0150732441635503,0.000227202689614,0.0005194019904906,0.0013594662542238578,0.03687094051178866,0.0011812736506690194,0.03436966177705302,0.0008652027742598559,0.029414329403538268,0.0009623199033720938,0.03102128145921915
2021-05-07,0.0093982584654632,8.832726218365196e-05,0.0002157409573608,0.0012915304403472666,0.03593786916815279,0.0010292134380188492,0.03208135654891871,0.0008176785200332159,0.028595078598129712,0.0008667629975953155,0.029440838941771266
2021-05-10,0.0039950954718059,1.5960787828844608e-05,0.0001637263102068,0.0012193382496574496,0.03491902417962807,0.0009013323482999581,0.030022197592780547,0.0007522984354784504,0.027428059272913394,0.0007873944990331377,0.028060550583214466
2021-05-11,-0.0004601841071126,2.117694124390424e-07,0.0003736518075239,0.0011471356019477333,0.033869390339179906,0.0008021128335483128,0.02832159659250009,0.0006764756795254956,0.026009146074515703,0.0007260121285268576,0.02694461223560023
2021-05-12,-0.0136718249623008,0.0001869187977997,0.0005286482119305,0.0010783201719956157,0.032837785735271734,0.0007327032181939668,0.02706849124339897,0.0006046316290327592,0.024589258407539647,0.0006828240915305803,0.026130902998759538
2021-05-14,-0.0522433792324016,0.0027293706736205,0.0017934746437663,0.0010248360895438661,0.032013061233563185,0.0007212083275938802,0.026855322146529543,0.0006700040979809717,0.025884437370377045,0.00070492591347664,0.026550440928102118
2021-05-17,0.0548064883069011,0.0030037511605344,0.0011577247177387,0.001127108164588466,0.03357243161566445,0.0011900607291036181,0.03449725683447335,0.0012566324076685722,0.03544901137787304,0.0014190487103061303,0.03767026294447824
2021-05-18,0.028750406783167,0.0008265858901975,0.0003799134484739,0.0012397067443452275,0.03520946952660928,0.0015555293525189807,0.039440199701814144,0.0013703400735798515,0.03701810467298199,0.0014692908995863612,0.03833133052199416
2021-05-19,-0.0244155645917587,0.0005961197943343,0.0009510244806743,0.0012149194930963683,0.03485569527489544,0.0013922386013266292,0.03731271366875678,0.0012758542461506486,0.035719101978502324,0.0012733325506479973,0.035683785542568174
2021-05-20,0.0056224390709586,3.16118211066429e-05,0.0002765517977189,0.0011777915111706467,0.0343189672217951,0.0012396676906072303,0.03520891493084145,0.0013335615039195628,0.03651796138778235,0.0012172706941651372,0.03488940661812891
2021-05-21,0.010011136681255,0.0001002228576507,0.0002683599481485,0.0011090207297668065,0.03330196285156187,0.0010316648813957598,0.032119540491665814,0.001107653703449066,0.03328143181188373,0.001018722743754418,0.03191743635936975
2021-05-24,-0.0063310718991547,4.008247139226699e-05,0.0001370633506441,0.0010484928574398444,0.03238043942629322,0.0009052040204116055,0.030086608655872225,0.0009711332904039887,0.031163011574685602,0.000891538818250618,0.029858647294387232
2021-05-25,-0.0185752496988918,0.0003450399013761,0.0005166536571296,0.0009879882342769897,0.0314322801316893,0.0008092274126467471,0.028446922727190495,0.0008832835762593839,0.029720087083644015,0.0008058618655682945,0.028387706239995765
2021-05-26,0.0307445542523401,0.000945227616175,0.0011420022962562,0.0009494113343029411,0.030812519116471815,0.0008021024392261221,0.02832141308667564,0.0009516833804790894,0.030849365965593026,0.0008317137239409233,0.028839447358451988
2021-05-27,0.0022653031170853,5.131598212276681e-06,0.0002936335220354,0.0009491603112152696,0.030808445452753203,0.0009098280000693551,0.030163355252182326,0.0009726500875055718,0.03118733857682588,0.0008541787646598316,0.029226336832723864
2021-05-28,-0.0176538643080857,0.0003116589250083,0.0002199111967773,0.00089251858843509,0.02987504959719883,0.0008057734571662508,0.028386149037272577,0.0008318272518596748,0.028841415566155465,0.0007700860260130897,0.027750423888890232
2021-05-31,0.0104625584818975,0.0001094651299871,0.0001838274880257,0.0008576670086294827,0.02928595241117288,0.0007935321065147014,0.028169701924491523,0.0008995777245690375,0.029992961250417362,0.0007983113257935544,0.02825440365312201
2021-06-01,0.073187822949098,0.0053564574280285,0.0028167676753812,0.0008127748959109412,0.028509207212950367,0.0007474340263677202,0.027339239681595396,0.0008196799935737825,0.028630054026735307,0.0007432805616535745,0.02726317225954409
2021-06-02,0.088143266777532,0.0077692354782151,0.0033967840654114,0.0010853958478379958,0.03294534637605129,0.0017000423220289206,0.041231569482969244,0.0011498866108222896,0.0339099780421971,0.001260265332587566,0.035500215951280716
2021-06-03,0.0232290837003049,0.0005395903295557,0.0007168127639346,0.0014864262256606268,0.038554198547766844,0.0027903493556495863,0.052823757492718997,0.0015503085729219944,0.0393739580550647,0.0018651654932483165,0.04318756178864832
2021-06-04,0.0718018675642691,0.0051555081857168,0.0021650797805852,0.0014296160718943354,0.03781026410770408,0.002165532460459657,0.04653528188868804,0.0013691365816281165,0.03700184565164441,0.00151105277769185,0.0388722623176456
2021-06-07,-0.0461097950912443,0.0021261132033565,0.0014133591249673,0.0016531695987236858,0.04065918836774396,0.0026122251913890462,0.051109932414248466,0.0015895195757556094,0.03986877946157381,0.0017588763916209739,0.0419389603068671
2021-06-08,0.0074521395352187,5.553438365237101e-05,0.0005797248213771,0.0016815462150016568,0.041006660617534524,0.002343598583087431,0.04841072797518574,0.0019184134768059106,0.043799697222765256,0.001966757667846604,0.044348141650429995
2021-06-09,-0.0258748199134324,0.0006695063055525,0.0008375359205474,0.0015839855051206994,0.0397993153850754,0.0017755664836931477,0.04213747125413612,0.001518217041938119,0.038964304715189246,0.0015287067809407434,0.03909868004090091
2021-06-10,0.0108213345031419,0.0001171012804288,0.0002115264849063,0.0015291167531466107,0.039103922477759324,0.0015101777473976706,0.03886100548618976,0.0015372247311805952,0.039207457596490435,0.001410358410369256,0.03755473885369536
2021-06-11,-0.0064725623404001,4.1894063250365824e-05,0.0002842622191894,0.0014443958247835472,0.038005207863969735,0.001228877629272567,0.03505535093637727,0.0012806937601798033,0.03578678191986258,0.0011584874706485812,0.03403656079348472
2021-06-14,-0.0645718227562328,0.0041695202940623,0.0211074892526477,0.0013602457190915562,0.03688150917589404,0.001026364933827861,0.03203693078039563,0.0011109505267317965,0.03333092448060504,0.000987103653339036,0.0314182057625676
2021-06-15,0.0246040133382245,0.0006053574723475,0.0014125773296683,0.0015288021935898036,0.03909990017365522,0.00166439447917184,0.04079699105536878,0.0018825979752712953,0.04338891535025156,0.0020061355980541835,0.04478990509092628
2021-06-16,-0.0606447292715907,0.0036777831884245,0.0027626525467135,0.0014733955103152672,0.0383848343791564,0.0014236903460373759,0.03773182139835521,0.001610555530234774,0.040131727227155,0.0016134468129238777,0.040167733480044376
2021-06-17,-0.0572600511797887,0.003278713461112,0.0033801943794882,0.001605658771001823,0.040070672205514885,0.0018383545819849142,0.04287603738669088,0.002212044059673717,0.04703237246486421,0.002294990765593291,0.04790606188775373
2021-06-18,0.083966197112405,0.0070503222575192,0.0052835741490661,0.0017060420524084349,0.04130426191579308,0.0020412976774040123,0.0451807224090542,0.002605910731610663,0.05104812172461062,0.002646703821869918,0.05144612543107516
2021-06-21,0.034685633741485,0.0012030931880484,0.0029660569698076,0.0020266988647150838,0.04501887231723029,0.0028841720919435074,0.053704488564211346,0.0026116916083697202,0.05110471219339485,0.0027279455103940667,0.05222973779748532
2021-06-22,0.0010384538698129,1.078386439729421e-06,0.0003750377173213,0.0019772825241150854,0.044466645073752586,0.0023527408815278406,0.04850506037031436,0.0021788567432321246,0.04667822557930115,0.002165303878748246,0.04653282581950344
2021-06-23,-0.0241940573127692,0.0005853524092535,0.0012184843695716,0.001858710275854564,0.043112762331525036,0.0017714829187302531,0.04208898809344617,0.0016467593013618008,0.04058028217449702,0.0016573847384127015,0.04071099038850199
2021-06-24,0.0024890192003713,6.1952165798170875e-06,0.0001528423952447,0.0017823088038585037,0.0422173993024026,0.0014916689323304626,0.038622130085359904,0.0016074746312736124,0.04009332402375254,0.0014743409346785659,0.03839714748101174
2021-06-25,0.0072326440981572,5.231114065060936e-05,0.0001705765237032,0.0016757419886217822,0.0409358276894676,0.0011956923513888995,0.034578784700866796,0.0012779111385916012,0.0357478829945439,0.001190093174233445,0.03449772708793211
2021-06-28,0.0041376224787153,1.7119919776370742e-05,0.0003324531756762,0.0015783361377435118,0.03972827881677624,0.001006089848166142,0.031718919404137055,0.0010776794886976427,0.03282802901024737,0.001002508078400194,0.03166240796907579
2021-06-29,-0.0014428986888356,2.0819566262436373e-06,0.0001961660717197,0.001484663164665483,0.03853132705559832,0.000872497117857351,0.029538062188595768,0.0009176240928135249,0.030292310786955903,0.000871782073747597,0.029525955932833012
2021-06-30,-0.0105572438612915,0.0001114553979467,0.0002054931995261,0.0013957082921831287,0.03735917949022875,0.0007801974551561305,0.027932014878202585,0.0007943078646272811,0.02818346793116988,0.000782035213377402,0.027964892515033955
2021-07-01,-0.010898827697363,0.0001187844451768,0.0002511266580349,0.0013186531185289477,0.03631326367223067,0.0007388754717142166,0.02718226391811794,0.0007919256563997305,0.02814117368554003,0.0007513470833283031,0.027410711105848806
2021-07-02,-0.0468442320588193,0.0021943820771805,0.0015661879909121,0.001246660998127819,0.03530808686586996,0.0007125715722980679,0.02669403626838901,0.000793604678368462,0.028170990013992446,0.0007325844339473392,0.027066297012102326
2021-07-05,-0.019671224418035,0.0003869570701046,0.0016110255844994,0.0013035242628709808,0.03610435240896838,0.001083998678254472,0.032924135193721824,0.0012742329695044846,0.03569639995159855,0.0012906570400826093,0.035925715582053604
2021-07-06,0.0145598857998541,0.0002119902745047,0.0007746308759381,0.0012485302313050037,0.03533454727748756,0.0009940022661758846,0.0315278014802156,0.0012684219026211825,0.03561491123983299,0.001171482198496064,0.03422692213004354
2021-07-07,0.0076396520118993,5.836428286291826e-05,0.0004918169382274,0.001186337833896991,0.03444325527439285,0.0009009268854674414,0.03001544411577882,0.0011135407485344138,0.03336975799334502,0.0010067741499913843,0.03172970453678042
2021-07-08,0.0001753056172178,3.073205942813174e-08,0.0001948627578867,0.0011186594208349465,0.033446366332308006,0.0008097892730066654,0.02845679660479488,0.0009623666596909011,0.031022035066882718,0.0008790271935935395,0.02964839276577298
2021-07-09,0.0038149507925833,1.4553849549832332e-05,0.0002817840247743,0.0010515416995084154,0.032427483706085114,0.0007378109967493858,0.027162676538761525,0.0008138726810011486,0.02852845388381832,0.0007863714066168173,0.02804231457310215
2021-07-12,-0.0074683916144319,5.577687330651699e-05,0.0001901960742336,0.0009893224285109003,0.031453496284370365,0.0006923218230822571,0.026312009103872266,0.0007221132164366758,0.02687216434224597,0.0007251708045339651,0.026928995609453485
2021-07-13,-0.00211393149749,4.468706376080604e-06,0.0004151173796508,0.0009333096951986373,0.030550117760798193,0.0006695797362094031,0.025876238834293578,0.0007040892460265316,0.02653468006263749,0.0006975345078781416,0.026410878589667206
2021-07-14,-0.011100280750603,0.0001232162327422,0.0004667597179382,0.0008775792358692838,0.029623963878409043,0.0006447298968698488,0.025391531991391318,0.0006402689735426194,0.025303536779324336,0.0006647133064587516,0.025782034567868217
2021-07-15,0.0041991945456241,1.763323483199959e-05,0.0002295529463187,0.0008323174556816592,0.02884991257667273,0.000650343150482767,0.0255018264146466,0.0006738918732788993,0.025959427445128663,0.0006751457932580327,0.025983567754602768
2021-07-16,-0.008881951675504,7.888906556598909e-05,0.0001313786562028,0.0007834364024306796,0.027989933948308624,0.0006343126808946136,0.025185564931019786,0.0006173570745225425,0.024846671296625277,0.0006501882703967326,0.02549878958689476
2021-07-19,-0.0107345045557254,0.0001152295880568,0.001222650747642,0.0007411635622187981,0.027224319315986546,0.000635057065732158,0.025200338603521936,0.0006338097923696173,0.025175579285681142,0.0006531215977897241,0.025556243812221782
2021-07-20,-0.0108511648061372,0.0001177477776499,0.0004274984293617,0.0007036075237690835,0.026525601289491697,0.0006423672474785453,0.0253449649334645,0.0006650190459636416,0.02578796319920675,0.0006651010882163684,0.025789553858420435
2021-07-22,0.0366983888332788,0.0013467717429585,0.0013446633132892,0.0006684559390019355,0.025854514866884188,0.0006477356423713961,0.025450651118810223,0.0006916046770827633,0.026298377841280692,0.0006739045589284987,0.02595967178006106
2021-07-23,-0.0107154303589482,0.0001148204477774,0.0004291461664175,0.0007091548872393308,0.0266299622087477,0.0008816970329239041,0.02969338365568842,0.0007975425064085247,0.028240795073944443,0.00078974598009644,0.02810241947050894
2021-07-26,0.0016039687593682,2.572715781029277e-06,0.0001124761739656,0.000673494820871619,0.025951778761225962,0.0008074910584590219,0.02841638714648683,0.0007961177017845782,0.0282155577968003,0.0007574931995224406,0.027522594345781443
2021-07-27,-0.0051059393147641,2.6070616286054063e-05,0.0003963290195601,0.0006332394945661835,0.02516425032791924,0.0007367481068459134,0.027143104222728715,0.0006983176038304808,0.026425699684785656,0.0007043525843907954,0.02653964175324896
2021-07-28,0.002252667907028,5.074512699353962e-06,0.0003918937744022,0.0005968093618693757,0.024429681984614038,0.0006937685729658951,0.0263394869533538,0.0006630245324880275,0.025749262756203865,0.000675270028304372,0.025985958291053497
2021-07-29,0.000250090267986,6.254514214133988e-08,0.0001420381762269,0.0005613052709191744,0.02369188196237636,0.0006610452336792685,0.025710799942422417,0.0006002895226605095,0.02450080657163167,0.0006489457972421091,0.025474414561322288
2021-07-30,0.0141820273615804,0.0002011299000846,0.0004309828318535,0.0005276307073725523,0.02297021348121415,0.0006381875693509373,0.025262374578628535,0.0005431695411521589,0.023305997965162507,0.0006305929636235751,0.02511161013602224
2021-08-02,0.0125595153425115,0.0001577414256387,7.65582726866524e-05,0.0005080406589352761,0.0225397572953942,0.0006605650424222261,0.025701459927837293,0.0005583357393614039,0.02362912904364873,0.0006394056917855117,0.02528647250577889
2021-08-03,0.0031932308072559,1.0196722988408249e-05,0.0003469332599024,0.00048702270493748646,0.022068590914181323,0.0006674209264729646,0.025834491024074088,0.0005634140823486642,0.023736345176725588,0.0006407893841209797,0.025313818047086056
2021-08-04,-0.0092259410307009,8.511798790197215e-05,0.0002369984326438,0.00045841314602054176,0.021410584906081893,0.0006443575640756424,0.025384199102505528,0.0005266572557168916,0.022949014264601685,0.0006261409624589909,0.025022808844312242
2021-08-05,0.0019568699857319,3.829340141058496e-06,0.0001668643356327,0.00043601543653342745,0.020880982652486148,0.0006429527070696135,0.025356512123508104,0.0005621635830767844,0.023709989099043982,0.0006385527395145923,0.025269601095280318
2021-08-06,0.0702881447719576,0.0049404232954836,0.0028833577694234,0.00041008427074988525,0.020250537542245275,0.0006267751580308835,0.025035477986866627,0.000520499003276787,0.022814447248986486,0.0006239539992666167,0.024979071225059924
2021-08-09,-0.0285492546806832,0.0008150599428225,0.0010578090038481,0.0006819046122339128,0.02611330335736773,0.0015412439529188917,0.03925867996913411,0.0008599846060617993,0.02932549413158795,0.0011355265240830033,0.03369757445400193
2021-08-10,-0.0319086340632266,0.0010181609277809,0.0008893306649041,0.0006898939320692287,0.026265832026974297,0.0013805097810347985,0.03715521203054557,0.001058028425934583,0.032527348891887624,0.0011841731753904161,0.0344118173799411
2021-08-11,-0.0065542767104594,4.295854319727103e-05,0.0004329120135533,0.0007095899518119292,0.026638129660543537,0.0013109181619980121,0.036206603845127645,0.0012675743828055998,0.03560301086713875,0.0012729619810466226,0.03567859275597375
2021-08-12,0.0040625367577454,1.6504204908032707e-05,0.0001331857246082,0.0006695920672950496,0.025876477103636993,0.0010815155555284274,0.032886403809605384,0.0011024876137093707,0.03320372891271959,0.0010649039301254693,0.032632865797007
2021-08-13,-0.0040974425873544,1.6789035756666198e-05,0.0001174239936642,0.0006304067955518285,0.02510790304967399,0.0009229021692732987,0.0303793049504642,0.0009350779360358724,0.030579044066744016,0.0009139635552069601,0.030231830166348846
2021-08-16,-0.0048132437371186,2.3167315272911432e-05,0.0002299939499876,0.0005935897299641187,0.02436369696831987,0.0008167156364209518,0.02857823711184705,0.0008334597078671074,0.028869702247635104,0.0008146394918069332,0.02854189012323699
2021-08-17,0.0080439314577397,6.470483329681513e-05,0.0002125499165854,0.0005593643850826462,0.02365088550314018,0.0007467869759811776,0.02732740338892771,0.0007642618645312075,0.027645286479456268,0.0007491438791736068,0.02737049285587687
2021-08-18,0.0126481129122735,0.0001599747602416,0.000693150139099,0.0005296848119754963,0.02301488240194801,0.0007077341650210864,0.0266032735771575,0.000704848261155384,0.026548978533182478,0.0007052625609253674,0.026556779942707047
2021-08-20,-0.0206920443700132,0.0004281607002105,0.0008848971136418,0.0005075022088714636,0.02252780967762875,0.000699433616920467,0.0264468073105331,0.0006810541023384734,0.026097013283869736,0.0006856151732522378,0.02618425430009871
2021-08-23,-0.0236321157782749,0.0005584768961577,0.0008129475650631,0.0005027417183518114,0.022421902647897913,0.0007441420720377593,0.027278967576463725,0.0008100322418950263,0.028461065368236418,0.0007731556827407428,0.027805677167455262
2021-08-24,0.0290019197374415,0.0008411113484569,0.0006109082379702,0.0005060858290201701,0.02249635146018505,0.0007985141738353249,0.02825799309638469,0.0009532042807088777,0.03087400655420151,0.0008682630943521207,0.029466304389117425
2021-08-25,0.0257809620029833,0.0006646580017992,0.000551000772943,0.0005261873601863799,0.0229387741648585,0.0008879092346668443,0.029797805870010702,0.0009634759683216025,0.031039909283398406,0.0008679274444714465,0.029460608352025703
2021-08-26,0.0002372191755026,5.6272937226178146e-08,0.0001938228188648,0.0005344955986831531,0.023119160855947025,0.0009147123897935137,0.03024421250079945,0.0009525404900302912,0.030863254689521828,0.0008490612568597343,0.029138655714698546
2021-08-27,0.0203580060616288,0.0004144484108053,0.000270143799199,0.0005024292391383975,0.02241493339580552,0.000808093734097013,0.028426989536301815,0.0008070437566433331,0.028408515565642164,0.0007660849905828219,0.02767824038089889
2021-08-30,0.0069475747084395,4.826879432934892e-05,0.0001796258971801,0.0004971503894384125,0.022296869498618244,0.0008143528786935802,0.02853686876119348,0.0008006444707829112,0.028295661695442134,0.0007536766565987894,0.027453172068065093
2021-08-31,0.0457854124632615,0.0020963039944309,0.0010544786065334,0.0004702174937318687,0.02168449892738748,0.0007499093582153505,0.027384472940251207,0.0007272733513387229,0.026968006069020434,0.000706595426389182,0.026581862733623125
2021-09-01,-0.0142098256098377,0.000201919143862,0.0002234027130514,0.0005677826837738155,0.02382819094631012,0.0010906241405819704,0.033024599022273844,0.0008818353908271984,0.029695713340938595,0.0008910538466826749,0.02985052506544357
2021-09-02,0.0034123759105398,1.1644309354832977e-05,0.0001198576718364,0.0005458308713791065,0.023363023592401444,0.0009637569168899409,0.03104443455580953,0.0009002311247010449,0.030003851831074037,0.0008500375706741625,0.029155403798852838
2021-09-03,-0.0031886164450127,1.0167274833405533e-05,0.0001309730181185,0.0005137796776576501,0.022666708575742753,0.0008431160037059428,0.0290364599031277,0.0007844483943040021,0.028008005896600387,0.0007679700807690144,0.027712273107217574
2021-09-06,0.0104525721247997,0.0001092562640241,0.0005506137659556,0.00048356293348819537,0.02199006442664949,0.0007620333546036824,0.027604951631975058,0.0007114619070464096,0.026673243279481586,0.0007139703716018591,0.02672022401855679
2021-09-07,-0.0152227620251335,0.0002317324836738,0.0002258243874968,0.000461104533320352,0.021473344716656323,0.0007262968789377154,0.02694989571292838,0.0006756262372681905,0.025992811261350522,0.0006861535519364427,0.026194532863489717
2021-09-08,-0.0013807938924842,1.906591773521924e-06,0.0002465675834313,0.0004473422103415617,0.021150465960388713,0.0007253171154960001,0.026931712078811478,0.000745137549050775,0.02729720771527328,0.0007195036812881415,0.026823565782500683
2021-09-09,-0.0070624126886078,4.987767298420927e-05,0.0001391547943322,0.00042061607322747927,0.020508926671756356,0.0006815827933837583,0.02610714065890323,0.0006649987755646691,0.02578757017566155,0.0006788834658800027,0.026055392261104086
2021-09-13,-0.0081561001694693,6.652196997441784e-05,0.0001530935870156,0.00039837176921288296,0.019959252721805067,0.0006612809549685539,0.025715383624759593,0.0006550161719430846,0.0255932837272415,0.0006645723773666259,0.025779301335890115
2021-09-14,-0.0126412483047463,0.0001598011587022,0.0003923602075248,0.000378460781258575,0.019454068501436272,0.0006508024685632177,0.02551083041696639,0.0006573684747052124,0.025639198012130028,0.0006594598087036801,0.025679949546361654
2021-09-15,0.0023763588661214,5.647081460594217e-06,0.0003696958754092,0.0003653412039051955,0.019113900802954782,0.0006612679849162207,0.0257151314388284,0.0007033122015289835,0.02652003396545682,0.0006816494183176706,0.026108416618356438
2021-09-16,-0.0090067604112662,8.11217331059526e-05,0.0001946641629693,0.0003437595565585194,0.018540753937165536,0.0006393835225904454,0.02528603414121015,0.0006317300219048387,0.025134240030381637,0.0006533255882255512,0.02556023451037864
2021-09-17,-0.0153851238874148,0.0002367020370311,0.0005663757876595,0.0003280012871513653,0.01811080581176236,0.0006388720234904295,0.025275917856537464,0.0006466680337520949,0.02542966837676211,0.000655859759167293,0.025609759061094133
2021-09-20,-0.0423642666328505,0.0017947310873392,0.0010601042087424,0.00032252333214414944,0.01795893460492992,0.0006676910577931917,0.025839718609017237,0.0007227859577544505,0.02688467886649291,0.0007003591809042994,0.026464300121187778
2021-09-21,0.015802795544567,0.0002497283470233,0.0007764022117464,0.0004108557974558556,0.020269578127229376,0.0009790277940808496,0.03128941984250986,0.0011387014712204956,0.033744651001610546,0.0011589366989078974,0.034043159355557726
2021-09-22,-0.0025702544162812,6.606207764413194e-06,0.000253939690944,0.0004011881504299075,0.020029681735611964,0.0008979704637449537,0.029966155304692554,0.0010265351971424715,0.03203958796773878,0.0010022662433753229,0.03165858877738114
2021-09-23,0.0251378770049603,0.0006319128603165,0.0002558779093799,0.0003775132338699778,0.0194296997884676,0.0007981076265407922,0.028250798688546703,0.0008852058544058261,0.02975240922019301,0.0008716266066558565,0.029523323096424234
2021-09-24,-0.0086170746503986,7.425397553054347e-05,0.0006083464532267,0.00039277721145676987,0.019818607707323185,0.0008484252115006928,0.029127739553571487,0.0008881147167644443,0.029801253610619208,0.0008481069589011684,0.029122275991089165
2021-09-27,0.0464842907446218,0.0021607892860305,0.001074087862334,0.0003736658173011962,0.019330437586904135,0.0007776017583381698,0.027885511620520248,0.0008444777664095403,0.029059899628345934,0.0007858522932352718,0.02803305715107205
2021-09-28,-0.0291219614460409,0.0008480886384646,0.0010784103603411,0.0004808932254249564,0.021929277813575083,0.001121259612791408,0.03348521483866287,0.0009840631058894984,0.03136978013772966,0.000951528137877812,0.030846849723720766
2021-09-29,-0.0011099515620146,1.2319924700186945e-06,0.0001867292976484,0.0005029249502073406,0.02242598827716051,0.001105393311081755,0.03324745570839602,0.0011681441824224301,0.034178124325691575,0.0010686755976486674,0.03269060411874745
2021-09-30,-0.0118834735739472,0.0001412169441827,0.0005024453959862,0.0004728233727431013,0.0217445021268159,0.0009360330007779964,0.030594656408889385,0.0009717696258799368,0.031173219690624462,0.0009151126837721381,0.030250829472464685
2021-10-01,-0.00642339620178,4.126001876504194e-05,0.0003668032518404,0.0004529269870294773,0.021282081360371623,0.0008488332235880538,0.02913474255228719,0.0009439279496346723,0.03072341044927585,0.0008496344266997238,0.029148489269595495
2021-10-04,0.0455302011541684,0.002072999217139,0.0008109016155181,0.00042822696893361116,0.020693645617280952,0.0007716907300589101,0.027779321987026793,0.0008638820633100882,0.02939187070109843,0.0007778133694000775,0.02788930564571441
2021-10-05,0.0006547541911602,4.287030508419668e-07,0.0003169039164934,0.0005269133038259368,0.02295459221650293,0.001100845198625795,0.03317898730560948,0.0009938830665604799,0.0315259110345836,0.000936811857802581,0.030607382406906032
2021-10-06,-0.0319925758886893,0.0010235249119935,0.0007568787878885,0.0004953242277794311,0.02225588074598332,0.0009328360888586693,0.030542365475821766,0.000839105705202939,0.028967321332890605,0.0008255378560355954,0.028732174578955827
2021-10-07,0.0274655948849382,0.0007543589023835,0.0003298806570838,0.0005270162688322779,0.022956834904495828,0.0010120698320458317,0.03181304499801664,0.0010873169688116824,0.032974489667190944,0.001031614903849946,0.03211876248939156
2021-10-08,0.0176955871032203,0.0003131338029276,0.0005114203156899,0.0005406568268453537,0.023252028445822824,0.0010146890306314065,0.03185418387953781,0.0010572249871035437,0.032514996341742736,0.0009693647345552693,0.03113462276237291
2021-10-11,-0.0052791802543006,2.7869744157397745e-05,0.0001498447417126,0.000527005445410292,0.022956599169090618,0.0009337410944098172,0.030557177461438045,0.0009771009912535962,0.03125861467265618,0.0008806098416223274,0.02967507104662645
2021-10-12,0.0095017065587519,9.02824275286296e-05,0.0004172776180829,0.0004970573033351183,0.022294781975500867,0.0008260525388153457,0.02874112974145842,0.0008767593239201641,0.029610121984216208,0.0007951037321208662,0.028197583799341147
2021-10-13,0.0097627540416616,9.531136647798012e-05,0.0004696282938649,0.0004726508107867289,0.021740533820187785,0.0007656207856634641,0.02766985337264121,0.0007975614056717998,0.02824112968122557,0.0007390825015533866,0.027186071830137333
2021-10-14,0.0476762602201482,0.0022730257885792,0.0009116934850153,0.0004500104441282039,0.021213449604630643,0.0007260859538285844,0.026945982146297513,0.0007387589498289911,0.02718012048959664,0.0007016832741479114,0.026489304901184393
2021-10-18,-0.0189162635236581,0.0003578250256964,0.0005557912038743,0.000559391364795269,0.02365145587052241,0.0011077914771392841,0.03328350157569489,0.0009033702093412473,0.030056117669140958,0.0009063952477534951,0.030106398784203584
2021-10-19,-0.028919319273444,0.0008363270272393,0.000792198729471,0.0005472973844493415,0.02339438788362161,0.0010044783361559898,0.03169350621430185,0.0009718006685599532,0.03117371759286905,0.0009032979485658778,0.03005491554747539
2021-10-20,0.0128201958871919,0.0001643574225859,0.0006790073056473,0.0005646391630167444,0.023762137172753304,0.0010249681439551664,0.03201512367546261,0.001155352315562541,0.03399047389435077,0.0010327858901493872,0.03213698632649594
2021-10-21,0.0033597966280976,1.12882333821764e-05,0.000285713164279,0.0005406222585908981,0.023251285095471565,0.000912739762518202,0.030211583250769926,0.0010216117096804274,0.03196266117957683,0.0009078351817018597,0.03013030337885531
2021-10-22,-0.0331765987075997,0.0011006867018051,0.0007518178798012,0.0005088622170783747,0.022557974578369725,0.000808877754537945,0.028440776264686326,0.0008730113570989123,0.029546765594543715,0.0008070656454536346,0.028408900813893426
2021-10-25,-0.0070239197018405,4.933544797790316e-05,0.0005117298305494,0.0005443716861619787,0.023331774175188193,0.0009435050527696649,0.03071652735531256,0.001132619693634534,0.033654415663245944,0.0010403268830799272,0.03225409870202432
2021-10-26,0.0075746675017326,5.737558776180411e-05,0.0002012072375537,0.0005146695118709341,0.022686328743781663,0.0008366159651634902,0.028924314428582232,0.0010100670597591593,0.03178155219241438,0.000909146694026934,0.03015205953209389
2021-10-27,0.0145965931843419,0.0002130605325891,0.0002508047605842,0.0004872318764243863,0.022073329527381825,0.0007665282260858242,0.027686246153746163,0.0008866394638892373,0.029776491799559553,0.0008128218838466062,0.028510031284560287
2021-10-28,-0.1134396984939514,0.0128685651943986,0.0066679515417327,0.00047078159579427376,0.021697502063469744,0.0007487644125051072,0.027363559938449297,0.0008315306390218285,0.02883627297384023,0.0007640481396174193,0.02764142072357026
2021-10-29,0.0177525829468174,0.0003151542012836,0.0010680202606323,0.001214648611710534,0.03485180930325618,0.0031089867927689054,0.05575828900503409,0.0030717737024115186,0.05542358435189408,0.004247293408075663,0.06517126213351758
2021-11-01,0.0151281708568917,0.0002288615534753,0.0003679267857595,0.0011606789470849199,0.03406873856022438,0.002336889344835563,0.04834138335665998,0.0023400884647797712,0.04837446087327249,0.0031002188650957898,0.05567960906019177
2021-11-02,0.0188484199802094,0.0003552629357503,0.0002184781707126,0.0011047699034683431,0.03323807911820933,0.00180356068043513,0.04246834916070002,0.0018499451260649798,0.04301098843394534,0.002314450979549825,0.04810874119689503
2021-11-03,0.0088553667255548,7.841751984406431e-05,0.000219186221839,0.0010597994854052639,0.0325545616681482,0.0014700272760344935,0.038340934730839486,0.0015482724523070113,0.039348093375753436,0.0017957809876367012,0.0423766561639389
2021-11-04,0.0023861249851617,5.69359244481296e-06,0.0001306898475284,0.0010009165674715918,0.031637265486631296,0.001194733871593721,0.034564922560215885,0.001276209588848845,0.03572407575919698,0.0014153603264332162,0.0376212749177007
2021-11-08,0.0515535239498787,0.0026577658316507,0.0012342363581195,0.000941203188969985,0.03067903500715081,0.0009967099610420174,0.03157071366063836,0.001049150055196352,0.03239058590387571,0.0011501060349304079,0.03391321327934597
2021-11-09,0.0419575552062555,0.0017604364388859,0.0015131587487155,0.001044196947530829,0.032314036385614676,0.0013611714372661547,0.036894056936939784,0.0011838282364498196,0.03440680508925262,0.0012506504433849955,0.035364536521563454
2021-11-10,0.0123965090496973,0.0001536734366192,0.0005680480753194,0.001087171317012138,0.03297228104047607,0.0014370957872985829,0.037909046246227075,0.0012237460398887795,0.034982081697474486,0.0012239405809964206,0.03498486216917855
2021-11-11,0.0054506287196383,2.9709353439346746e-05,0.0005143651255789,0.0010311614441885634,0.03211170260494706,0.001186782028009451,0.03444970287258587,0.001068696039026568,0.0326909167663828,0.001036132221213622,0.03218900776994566
2021-11-12,0.0239173973499552,0.0005720418959956,0.0003064738841703,0.0009710743187436103,0.03116206537993928,0.0009958852451248672,0.03155764955006737,0.0009181058621973683,0.03030026175130123,0.0008958778920816356,0.029931219355075322
2021-11-15,0.0256762073921943,0.0006592676260469,0.0006299085963331,0.0009471323733787324,0.03077551581011653,0.0009696754166967162,0.031139611697911653,0.0009067841737309763,0.03011285728274513,0.0008582026144840503,0.02929509539981139
2021-11-16,-0.021930080963002,0.0004809284510438,0.0004255583015484,0.0009298604885388268,0.030493613897647927,0.0009684693659190481,0.031120240454068606,0.0009080060829072135,0.030133139280652678,0.0008419074508633766,0.02901564148633245
2021-11-17,-0.0030132852289949,9.0798878712792e-06,0.0002760858172128,0.0009029245662891265,0.030048703238062146,0.0009342340354050519,0.030565242276236776,0.00101225552044326,0.03181596329585606,0.0008934876968314578,0.029891264557249126
2021-11-18,-0.0104266911363096,0.0001087158880519,0.0007025105171291,0.0008492938855840556,0.029142647195888976,0.0008228607824176706,0.028685550063013793,0.0008793214741208566,0.02965335519162809,0.0007986558825216578,0.02826050039404217
2021-11-22,-0.0077277990918355,5.9718878803774366e-05,0.0010984375977268,0.0008048592057321322,0.02837004063677266,0.0007669380619648536,0.027693646599262683,0.0008568606181910642,0.0292721816438588,0.0007618471346065542,0.027601578480343367
2021-11-23,0.0190331483636014,0.0003622607366308,0.0006287508857117,0.0007601507861164307,0.02757083216220415,0.0007202968915265348,0.02683834740677106,0.0008113153808231311,0.02848359845284881,0.0007234510718081888,0.02689704578217074
2021-11-24,0.0272604179040221,0.0007431303843019,0.0006880141421695,0.0007362773831472966,0.02713443169014779,0.0007457642342596639,0.02730868422790933,0.0007969375958784301,0.02823008317165272,0.0007192977677191066,0.02681972721186975
2021-11-25,0.0044909643448538,2.0168760746748224e-05,0.0001705167326923,0.0007366885632165746,0.027142007354220773,0.0008342117588811672,0.02888272422887369,0.0008303061008316962,0.028815032549551218,0.0007567172884174341,0.02750849484100201
2021-11-26,-0.0544912080348031,0.0029692917530921,0.0014238227224931,0.0006936973750683849,0.026338135375694023,0.0007579439106114994,0.027530781147862466,0.0007377020243177726,0.027160670542491633,0.0007056859225733338,0.026564749623765208
2021-11-29,-0.002698910609394,7.284118477499685e-06,0.0010024938913273,0.0008302330377498134,0.028813764727119804,0.001259636671603793,0.03549136052060829,0.0013588177147376122,0.03686214473871009,0.0014855400780057091,0.03854270460159366
2021-11-30,-0.0013222098481114,1.748238882442919e-06,0.0006327688603166,0.0007808561025934744,0.027943802579346182,0.001040480257407559,0.032256476208779514,0.0011232752085000468,0.03351529812637875,0.0011990244873744046,0.034626932976722105
2021-12-01,0.0181463771223635,0.000329291002667,0.0003548539736431,0.0007341096307708125,0.02709445756553935,0.0008926507253744202,0.029877261008573398,0.000942059891861432,0.030692994182083832,0.0010035103066726508,0.03167823080086151
2021-12-02,0.0227418025336317,0.0005171895824786,0.000276149644011,0.000709820513084586,0.026642456964112486,0.0008550277892107903,0.029240858216044042,0.000892896136864908,0.02988136772078728,0.0009054355718292903,0.030090456490875814
2021-12-03,-0.0140395604589823,0.0001971092578814,0.0002341506168289,0.0006982626572482327,0.02642466002143136,0.0008650470934134587,0.02941168294085632,0.0008806320750629165,0.029675445659044727,0.000858879757308919,0.029306650393876796
2021-12-06,-0.0372765391239049,0.001389540369056,0.000984264867195,0.0006681934532862239,0.025849438161906418,0.0008117628962617639,0.0284914530387933,0.0008973789653631556,0.029956284238255512,0.0008269306887773858,0.028756402570164888
2021-12-07,0.0197656302935339,0.0003906801409006,0.0001382361237524,0.0007114742682324112,0.026673474993566385,0.0009995796450074665,0.03161612950706437,0.001213010824499994,0.034828304932913313,0.0011332098990694238,0.03366318313929067
2021-12-08,0.0218339378921,0.000476720843876,0.0002789465542262,0.0006922266205925064,0.026310199934483705,0.0009381558829525146,0.030629330435915744,0.0011043644170723626,0.03323197883172717,0.000999736199582428,0.03161860527573011
2021-12-09,0.0039269325359291,1.5420799141739316e-05,0.0001295313296616,0.0006792962739895208,0.026063312797676368,0.0009131412706793881,0.030218227457602276,0.0010363081346141123,0.03219174016132263,0.0009184533762994397,0.030305995715360346
2021-12-10,0.0104834226364411,0.0001099021501742,0.0007063336428503,0.0006394637454986539,0.025287620400082207,0.0008099212856775507,0.028459116038231945,0.0008866134610431873,0.029776055162549442,0.0008146914605076835,0.02854280050218765
2021-12-13,-0.0120522887218904,0.0001452576634358,0.0003123158493957,0.0006076900497791894,0.02465137013999809,0.0007584934824257452,0.027540760382127164,0.0008100246091995709,0.028460931277798533,0.000754417264481622,0.027466657322681658
2021-12-14,0.0003196886854161,1.0220085558307749e-07,0.0002500229569717,0.0005799441065985864,0.024082028706041075,0.000730673882604888,0.027030980052615332,0.0008200499925387487,0.028636515020839193,0.0007419431377596698,0.027238633184498626
2021-12-15,-0.0145226343299122,0.0002109069078803,0.000197563597093,0.0005451535922540062,0.0233485244127762,0.0006848325676189831,0.02616930582990277,0.0007101288442976955,0.026648242799436055,0.0006935631012853968,0.026335586214956307
2021-12-16,0.003973702182593,1.579030903594465e-05,0.0001341422363771,0.0005250987911915865,0.02291503417391269,0.0006936406420913673,0.02633705834164794,0.0007660829223651513,0.02767820301907534,0.0007187935817122088,0.02681032602771195
2021-12-17,-0.0339106283851816,0.0011499307174778,0.0004966434230187,0.0004945402822622479,0.022238261673571697,0.0006629680909240006,0.02574816674879982,0.0006868324934874503,0.02620748926332796,0.000679546320972919,0.0260681092711558
2021-12-20,-0.0342202998557181,0.0011710289222152,0.0007752517187537,0.0005338637083751861,0.023105490870682366,0.0008550043320168095,0.02924045711025752,0.0009820180685776302,0.03133716752639955,0.0009675288400031481,0.031105125622687142
2021-12-21,0.0190322376558999,0.0003622260701906,0.0002527645756255,0.0005720936212055906,0.023918478655750468,0.000987585625578541,0.03142587509646376,0.0012388089344559958,0.035196717665941464,0.0011683157791314005,0.03418063456302999
2021-12-22,0.0229376144396577,0.0005261341561823,0.0001770489649684,0.0005595015681446945,0.023653785492912006,0.0009247888677070071,0.030410341459888395,0.0011188085016607518,0.033448594913101384,0.0010204997986905243,0.0319452625390765
2021-12-23,0.010856889412731,0.0001178720477202,8.730154608659077e-05,0.0005574995234269564,0.023611427814237675,0.0009134499123056927,0.030223333904546214,0.0010536586255008957,0.032460108217639935,0.0009377314131512354,0.030622400512553476
2021-12-24,0.0130394989149738,0.0001700285319536,0.0002671629339224,0.0005311218748845552,0.023046081551633787,0.0008293312575119899,0.02879811204770184,0.0009362992111404085,0.03059900670185894,0.000838566109581795,0.028958005966947985
2021-12-27,0.0186681358519839,0.0003484992961881,0.0003321477174282,0.0005094562743086981,0.022571138081822505,0.0007827643242195278,0.027977925659696926,0.0008608477679588582,0.029340207360529308,0.0007769333392641976,0.027873523983597725
2021-12-28,0.0119501104200183,0.0001428051390506,0.0001206710073301,0.0004997988556214637,0.022356181597523842,0.0007850257715561012,0.028018311361609594,0.000833474190018957,0.028869953065756047,0.0007540555107193064,0.0274600712074697
2021-12-29,-0.0189970431902625,0.0003608876499727,0.0002499757373204,0.0004783792326272137,0.021871882237869098,0.0007479856268341709,0.02734932589359692,0.0007772173218332648,0.02787861764566645,0.0007168378986215295,0.026773828613433855
2021-12-30,-0.01268165659415,0.0001608244139719,0.0001985297540791,0.0004713297376679428,0.021710129839960488,0.000764052898551647,0.027641506806823087,0.0008706638083837904,0.029507012867855505,0.0007757960685139018,0.027853115956996657
2021-12-31,0.007663359962176,5.872708590988236e-05,0.0001425059492698,0.00045269941824618306,0.021276734200675232,0.000737315401521244,0.027153552281814694,0.0008745283963325262,0.02957242628416759,0.0007606988980455227,0.027580770439665434
