date,log_return,realized_var_proxy,parkinson_var_proxy,ewma_variance,ewma_volatility,garch_variance,garch_volatility,egarch_variance,egarch_volatility,gjr_garch_variance,gjr_garch_volatility
2015-01-02,0.0162588827857347,0.0002643512694402,0.0001352356885301,0.00023701185103104988,0.015395189217123961,0.00024837390517167603,0.015759882777853267,0.00024849709987343014,0.015763790783736954,0.0002481831361958876,0.01575382925500615
2015-01-05,-0.0021221620851116,4.50357191548538e-06,3.150750769124253e-05,0.00023865221613560248,0.01544837260476334,0.000249752856879061,0.015803571016674078,0.00023505337289305762,0.01533145044974733,0.00023459996046416834,0.015316656308221072
2015-01-06,-0.0313339562125225,0.0009818168119282,0.0002456906465497,0.0002246032974823954,0.014986770748977092,0.0002268539069935537,0.015061670126302518,0.00021580918713131676,0.01469044543679043,0.00021724354563955827,0.01473918402217566
2015-01-07,-0.0068871659087592,4.743305425477515e-05,7.843472615413014e-05,0.00027003610834914837,0.016432775430497076,0.0002971527628090082,0.017238119468463146,0.0003189210229771721,0.01785836003044994,0.00032956305262552015,0.018153871560235305
2015-01-08,0.0214651730541103,0.0004607536542429,7.367155135542466e-05,0.00025667992510348595,0.01602123356996851,0.00027319296846809116,0.016528550101811448,0.00030857462886466,0.017566292405190687,0.0003091612534069634,0.017582981925912435
2015-01-09,-0.0034361819737919,1.1807346557013009e-05,0.0001528356123088,0.000268924348851851,0.016398913038730676,0.00029016811377967903,0.017034321641312255,0.00029401876297334943,0.017146975330166816,0.0002941731019933909,0.017151475213327595
2015-01-12,0.0084738080623048,7.1805423076782e-05,8.814170641814785e-05,0.00025349732871416064,0.01592159943957141,0.00026364368078622,0.016237108141113676,0.0002726826655170277,0.01651310587130803,0.00027233380731598407,0.01650253942022209
2015-01-13,-0.0047275960181253,2.235016411059489e-05,7.893670395724745e-05,0.0002425958143759179,0.015575487612781755,0.00024551558390907606,0.015668936910622752,0.00024930332969175446,0.01578934228179738,0.00025246350658111806,0.01588910024454242
2015-01-14,-0.0055425962220587,3.07203728807799e-05,6.576562925968069e-05,0.00022938107535999848,0.015145331800921315,0.0002247251990856709,0.014990837170941152,0.00023753283098496607,0.015412100148421242,0.00023581486770733027,0.01535626477068334
2015-01-15,0.0333995237629831,0.001115528187594,0.0001187658874289,0.00021746143321124532,0.014746573609189536,0.0002069260585806733,0.014384924698470733,0.00022981186903573393,0.015159547125021048,0.0002217835978924846,0.014892400675931486
2015-01-16,-0.0006500538199214,4.22569968794405e-07,2.745696734381734e-05,0.00027134543847421504,0.01647256623827068,0.00029176426209344587,0.017081108339140227,0.0002341175762470235,0.015300901158004502,0.00022865501415556916,0.015121343001055467
2015-01-19,0.0094696196883166,8.967369704135398e-05,1.755162272293241e-05,0.0002550900663638898,0.015971539260944443,0.0002640125972522247,0.016248464458287273,0.00021012033327883547,0.014495528044153324,0.00021130661037324042,0.014536389179340255
2015-01-20,0.0184314511610481,0.0003397183919021,0.0001223214387145,0.0002451650842045376,0.01565774837594913,0.00024750457312758034,0.01573227806541635,0.0001948314132533951,0.013958202364681316,0.00019738802037436387,0.014049484701381893
2015-01-21,0.0038474941100487,1.4803210926860012e-05,2.3881433898503906e-05,0.0002508382826663914,0.015837874941619895,0.0002559751542734066,0.01599922355220423,0.00018857033873892454,0.013732091564613328,0.00019004107372464404,0.013785538572164819
2015-01-22,0.003742339320577,1.4005103590336849e-05,2.8135005894757485e-05,0.00023667617836201947,0.015384283485493222,0.0002333700897786694,0.015276455406234438,0.00017124107534831622,0.013085911330446811,0.00017647727107241934,0.013284474813571643
2015-01-23,0.0077544412030358,6.013135837134024e-05,3.593358121952576e-05,0.0002233159138757185,0.01494375835844914,0.0002130980856059529,0.014597879490047618,0.0001558721476681149,0.012484876758226926,0.00016413517905069993,0.012811525242948239
2015-01-27,0.0237557255510254,0.0005643344964556,0.0002273594984129,0.00021352484054545573,0.014612489197445304,0.000199268383424777,0.014116245372788652,0.00014514086193701973,0.012047442132544972,0.00015389796668153116,0.012405561925262844
2015-01-28,-0.0030940525696242,9.57316130359859e-06,0.0001885014961186,0.00023457341990006688,0.015315789888218854,0.0002337347962365896,0.015288387627104097,0.00014715589370695121,0.012130782897527727,0.00015528404003963814,0.012461301699246276
2015-01-29,0.0017966715423775,3.2280286311894144e-06,4.9655005390708846e-05,0.00022107340438427876,0.01486853739896022,0.00021301237756655707,0.014594943561609173,0.00014026558726959533,0.011843377359081121,0.00014583509818251738,0.012076220359968486
2015-01-30,-0.0339299275869007,0.0011512399860523,0.0006686922033991,0.00020800268183909337,0.014422298077598221,0.0001939074082772619,0.013925064031352312,0.0001271456998120443,0.011275890200425166,0.00013606275129065583,0.011664593918806424
2015-02-02,0.0011156305745585,1.2446315788898158e-06,0.0001680501168094,0.0002645969200918873,0.01626643538369385,0.00028344836500277085,0.01683592483360421,0.00023396507241075205,0.015295916854204982,0.0002780009301973064,0.01667335989527325
2015-02-03,-0.0246109271268577,0.0006056977340435,0.000407893282295,0.0002487957827811074,0.015773261640545603,0.0002566585885716334,0.01602056767320164,0.00020881692466669178,0.014450499114795025,0.0002561173199197038,0.01600366582754413
2015-02-04,-0.0108386031174313,0.0001174753175371,9.330195180422866e-05,0.000270209899856851,0.016438062533548504,0.00028885485465483975,0.01699573048311957,0.00027880181530616873,0.016697359530960836,0.0003155911081130922,0.017764884128895753
2015-02-05,-0.0063883119246455,4.081052924656892e-05,0.0002129185667758,0.00026104582491767145,0.016156912604754395,0.0002722832477959437,0.016501007478210043,0.00028799795675358365,0.016970502548645506,0.00030564525529031363,0.01748271304146795
2015-02-06,-0.0140177831183666,0.0001964982435535,0.000144850684155,0.00024783170717740524,0.015742671538763846,0.00025035676018984166,0.015822666026616427,0.0002786346553156032,0.01669235319886334,0.0002865596221772404,0.016928072015951503
2015-02-09,-0.0205893004233294,0.0004239192919221,8.686048372485468e-05,0.00024475169935997475,0.015644542158848074,0.00024522331049622105,0.015659607609905844,0.0003011754178468281,0.017354406294852846,0.0002896219791946864,0.01701828367358725
2015-02-10,0.0187672249660783,0.0003522087329273,0.0005220420814156,0.000255501754913703,0.015984422257739033,0.0002617562343771258,0.016178882358714577,0.0003529327076016786,0.01878650333621663,0.00032221148475841547,0.017950250270077447
2015-02-11,0.0099913027515641,9.98261306734132e-05,2.59927589360535e-05,0.0002613041735945244,0.01616490561662902,0.00026986910877822455,0.016427693349287495,0.0003307488468571328,0.018186501776238685,0.00030373059453406477,0.017427868330179248
2015-02-12,0.0098662224040291,9.734234452576616e-05,0.0001916103128185,0.0002516154910192577,0.015862392348547482,0.0002536802516026353,0.015927342892103357,0.0003018565469262606,0.017374019308331063,0.0002815871803268615,0.016780559595164325
2015-02-13,0.0125254162779436,0.0001568860529357,7.414330463710059e-05,0.00024235910222964818,0.01556788689031521,0.00023898466047413022,0.0154591287100577,0.0002763281519696072,0.016623121005683836,0.00026141322196582587,0.01616827826225866
2015-02-16,-0.0093232921555342,8.692377661744611e-05,0.0001587714395819,0.00023723071927201576,0.015402295909117437,0.00023138357541609315,0.015211297624334787,0.0002563532095899359,0.0160110339950278,0.0002443437716502594,0.0156314993410824
2015-02-18,0.0055370313848393,3.06587165566957e-05,4.606673492707392e-05,0.00022821230271274153,0.015106697280105321,0.00021809478954647155,0.014768032690459199,0.00026109062503030893,0.01615829895225079,0.00023689991739963277,0.015391553443354338
2015-02-19,-0.0056229371584726,3.161742228813263e-05,0.0002476841051029,0.00021635908754337875,0.014709149789956548,0.00020099598505795427,0.014177305281962234,0.0002364119573791342,0.015375693720256468,0.00021939313956185685,0.014811925585887098
2015-02-20,-0.0059982293017071,3.597875475585803e-05,0.0001791483461367,0.0002052745876280639,0.014327406870332954,0.00018580703648326188,0.013631105475465366,0.00022908063115797633,0.015135409844400526,0.00020697905258971488,0.014386766578690115
2015-02-23,-0.008431908883543,7.109708742037144e-05,0.0001472129435143,0.00019511683765573151,0.013968422876464312,0.00017264055518987124,0.013139275291654073,0.0002237439364089008,0.01495807261678124,0.00019627021981331947,0.014009647383618172
2015-02-24,-0.0015661480483459,2.4528197093378284e-06,8.18445303688889e-05,0.0001876756526416099,0.013699476363774271,0.0001641374565045773,0.012811614125650884,0.00022751557523003393,0.015083619434009661,0.00019114206677999407,0.013825413801401898
2015-02-25,-0.0080150567151484,6.424113414704663e-05,0.0001376768572623,0.00017656228266567356,0.013287674087878343,0.00015016510941429556,0.012254187423664433,0.00020731823096624131,0.014398549613285405,0.0001774853917271425,0.013322364344482645
2015-02-26,-0.0104613489204968,0.0001094398212363,9.686237622709116e-05,0.00016982301375455586,0.013031615930288763,0.00014341869923739704,0.011975754641666513,0.00021079390318640005,0.014518743168277344,0.00017317407435444058,0.013159562088247487
2015-02-27,0.0285268904280391,0.0008137834774933,0.0002136480192457,0.00016620002220346528,0.012891858756729584,0.00014158813233051268,0.011899081154883879,0.00022276647730694993,0.014925363556943929,0.0001751803990650957,0.013235573242783847
2015-03-02,0.0477822018380094,0.0022831388124882,9.010031076632586e-05,0.0002050550295208583,0.014319742648555466,0.0002053621939479202,0.014330463842734478,0.0002230195649903538,0.014933839593030112,0.00017991097421965897,0.013413089659718934
2015-03-03,-0.002346849155992,5.507700960980808e-06,4.468053548910384e-05,0.000329740056498903,0.018158746005682853,0.00039879845213437005,0.019969938711332343,0.00024180731133707637,0.015550154704602664,0.00021535793920088154,0.014675078848199812
2015-03-04,-0.0160234619636007,0.0002567513332989,0.0008737162266819,0.00031028611516662765,0.017614940112490523,0.00036012112265607776,0.018976857554823923,0.0002225400010469866,0.014917774668059127,0.00019989028717560603,0.014138256157518368
2015-03-05,0.0052853053790153,2.793445294944808e-05,0.0001746445317683,0.0003070740282545675,0.01752352784842617,0.0003488945133636372,0.018678718193806478,0.00025551595773802154,0.015984866522371136,0.0002187642131248169,0.01479067994126088
2015-03-09,-0.0309818261208381,0.0009598735497818,0.0001806785173923,0.0002903256537362603,0.017038945206093607,0.0003176140616846022,0.017821730041850656,0.00023129566244492778,0.015208407623578736,0.00020285581428653772,0.014242746023381086
2015-03-10,-0.004772240047383,2.2774275069846345e-05,0.0001258867604942,0.00033049852749899547,0.018179618464065617,0.00037621022587068704,0.01939613945790984,0.0003336291770107937,0.018265518799387925,0.0003136132107618896,0.017709127893882567
2015-03-11,-0.0005459815255522,2.980958262443935e-07,6.921900585003919e-05,0.0003120350723532465,0.01766451449525988,0.00034154176132968766,0.018480848501345595,0.0003131058796445776,0.017694798095614927,0.00029143604344286433,0.017071497984736558
2015-03-12,0.0051248830387544,2.6264426160912706e-05,2.529942460407383e-05,0.00029333085376162635,0.017126904383502183,0.000308477810054124,0.017563536376656155,0.00027854840035879765,0.016689769332102755,0.0002683382406854165,0.016381032955385216
2015-03-13,-0.0190951677124061,0.0003646254299649,0.0004062221077899,0.0002773068681055835,0.01665253338401048,0.0002813461800677725,0.016773377121729913,0.00025132584509643315,0.01585325976247261,0.00024786740148268437,0.015743805177995705
2015-03-16,0.0030597502333785,9.3620714906601e-06,5.159098872397117e-05,0.00028254598181714347,0.016809104134877132,0.00028852604324027117,0.0169860543752889,0.00029690038252618895,0.017230797501166014,0.0002764985693393429,0.016628246129383066
2015-03-17,0.0116585304641019,0.0001359213325823,0.0001163303982448,0.0002661549471975544,0.016314255949860367,0.00026194938841760096,0.01618485058372801,0.00026539281284552086,0.016290881278970788,0.0002549242317072111,0.01596634684914527
2015-03-18,0.0046589753128814,2.170605096603916e-05,8.743047156349522e-05,0.00025834093032064465,0.016072987597850148,0.00024995591269497033,0.015809994076373665,0.00024583827163096394,0.015679230581599465,0.0002380029236380295,0.015427343375903367
2015-03-19,-0.0177093023922382,0.0003136193912197,0.0003987780863464,0.00024414283755936825,0.01562507080173937,0.00022863286797921795,0.015120610701265275,0.00022225244740820072,0.014908133599086128,0.00022020563604353306,0.01483932734471253
2015-03-20,-0.0109469236183461,0.0001198351367059,6.037420828049691e-05,0.00024831143077899014,0.015757900582850183,0.0002366893529857688,0.015384711664043912,0.00026218980768979614,0.01619227617383659,0.0002446777666799506,0.015642179089882285
2015-03-23,-0.0084927243463045,7.212636682231382e-05,8.618749614216509e-05,0.00024060285313460495,0.015511378182953471,0.0002258919150759161,0.015029701097357727,0.00027292632591422323,0.016520482012163665,0.00024151691949143806,0.0155408146340994
2015-03-24,-0.0063920152089876,4.08578584319291e-05,6.995493994927996e-05,0.00023049426395586745,0.015182037542960677,0.00021181374870892059,0.014553822477580266,0.00027314136924179173,0.016526989116042636,0.00023239179646491115,0.015244402135371237
2015-03-25,-0.0011653361041235,1.3580082355739469e-06,2.7896410069384792e-05,0.00021911607962443112,0.01480257003443764,0.00019633095749848047,0.014011814925215095,0.0002652023771347331,0.01628503537407067,0.00022000178050072123,0.014832456994736955
2015-03-26,-0.026477792046374,0.000701073471651,0.0002735046665712,0.00020605059534109965,0.014354462558420628,0.0001788287045697319,0.013372685017218191,0.0002390497054219273,0.015461232338398105,0.00020356618180033417,0.014267662100019547
2015-03-27,0.0118826366715306,0.0001411970542676,0.0001565635924648,0.00023575196791969527,0.015354216616932799,0.00022817013064955924,0.015105301408762397,0.00031898420328278727,0.017860128870833696,0.00028033923611517673,0.016743334080020524
2015-03-30,0.0174148514291034,0.0003032770502977,0.0001000457084291,0.00023007867310056976,0.015168344441651164,0.00022026369058938294,0.014841283320164161,0.0002934377475537153,0.017130024738852986,0.0002612089000085548,0.016161958421198677
2015-03-31,-0.0084855202597326,7.200405407833252e-05,0.0001210989843073,0.00023447057573240025,0.015312432064580736,0.00022825094249046641,0.015107976121587777,0.00027635247118118565,0.016623852477124116,0.0002472614026771585,0.015724547773375185
2015-04-01,0.0223337847119899,0.0004987979395615,0.0003077581995703,0.00022472258443315617,0.014990749962331977,0.00021391020831758084,0.014625669499806867,0.00027626000147770545,0.016621071008743854,0.0002375956698071956,0.015414138633319592
2015-04-06,-0.0006662781602469,4.439265868220061e-07,6.39570137811834e-05,0.00024116710574085764,0.015529555877128542,0.0002407313076826648,0.01551551828598274,0.00026583078321897106,0.016304317931731184,0.00022994928600337822,0.015164078804971247
2015-04-07,-0.007344550211853,5.394241781443131e-05,0.0001063150560047,0.00022672371499161546,0.015057347541702537,0.00021841604457840003,0.014778905391753479,0.000237862260440849,0.01542278380970339,0.00021248549003124935,0.014576882040794915
2015-04-08,-0.0028575591815406,8.165644476007164e-06,4.834405447972895e-05,0.00021635683716098432,0.014709073293752544,0.0002034452981987156,0.014263425191682243,0.0002365918460506263,0.015381542382044342,0.00020362821269081474,0.01426983576257326
2015-04-09,0.0246309728210867,0.0006066848221131,0.0002524176088211,0.00020386536559988567,0.01427814293246449,0.00018581764947666512,0.013631494763108891,0.00021965156293971355,0.01482064650883063,0.00018958006630196463,0.013768807729864073
2015-04-10,-0.0039812919671611,1.5850685727781604e-05,2.9998180743894e-05,0.00022803453299067924,0.015100812328834473,0.00022564932196742093,0.015021628472553198,0.00021659517084617356,0.014717172651232083,0.00018860546568997985,0.013733370514552494
2015-04-13,-0.0001382820150131,1.9121915676110093e-08,3.393435219443851e-05,0.00021530350215490535,0.014673223986394583,0.00020637088225748318,0.014365614579873816,0.00020555594638905114,0.014337222408439201,0.00017693641289624637,0.013301744731284178
2015-04-15,-0.0043688833100767,1.9087141377067228e-05,0.0001817788144678,0.00020238643934055158,0.014226258796343878,0.0001876751564158831,0.013699458252642077,0.00018354713595827613,0.013547956892398062,0.00016425800924077974,0.012816318084410193
2015-04-16,-0.0042433160900102,1.8005731439739873e-05,5.359397325770856e-05,0.0001913884814627425,0.01383432258777937,0.0001727410826328545,0.013143100191083324,0.00017696509651639553,0.013302822877735218,0.00015523651969048222,0.012459394836447002
2015-04-17,-0.0157644678931608,0.0002485184479544,9.767224987112636e-05,0.0001809855164613623,0.013453085759830802,0.00015929688830307694,0.012621287109604825,0.0001706067352784642,0.013061651322802344,0.0001468971269252286,0.012120112496393283
2015-04-20,-0.0127710120101342,0.0001630987477629,0.0002882143103156,0.00018503749235095044,0.013602848685144978,0.0001686911769367672,0.012988116758667024,0.00020329063308664906,0.014258002422732613,0.00016953128377004482,0.013020417956810942
2015-04-21,-0.0003865472962425,1.4941881223242314e-07,9.267141033934934e-05,0.00018372116767567293,0.013554378173699925,0.00016915248267219073,0.013005863395876135,0.00022414169115098255,0.014971362367900342,0.00017890303758931854,0.013375464013981667
2015-04-22,0.0075901857843127,5.761092024038373e-05,0.0002752520983171,0.00017270686274386648,0.013141798307076033,0.00015443218538567722,0.012427074691401722,0.00020055291205023677,0.014161670524702824,0.0001660621215158268,0.012886509283581291
2015-04-23,0.0001041627470532,1.08498778736704e-08,9.072178375371608e-05,0.00016580110619365744,0.012876377836707706,0.00014661565851163368,0.012108495303365885,0.0001847931342440869,0.013593863845282802,0.00015559551323951975,0.01247379305742723
2015-04-24,-0.0134465450439336,0.0001808095736185,0.0001538977912977,0.0001558536908147104,0.012484137567918354,0.0001342824035443388,0.011588028458039737,0.00016507246618416565,0.012848053011416385,0.00014486365757384126,0.012035931936241633
2015-04-27,-0.0131008207705925,0.0001716315048631,0.0001275913072678,0.00015735104378293988,0.012543964436450698,0.00014005258150174483,0.01183438133160094,0.00018946871696458984,0.013764763600025605,0.000158809286521533,0.012601955662576067
2015-04-28,0.0265830120325598,0.0007066565287232,0.0003395169015162,0.00015820787144775478,0.012578071054329228,0.0001443559703045365,0.01201482294103981,0.00021201483849703654,0.014560729325725294,0.0001702785002166991,0.01304908043567435
2015-04-29,0.0030863359413934,9.525469543137296e-06,5.662073047657323e-05,0.00019111479088428267,0.013824427325726106,0.00019788682031869013,0.014067225039740073,0.000211350340816688,0.014537893272984501,0.00017318576170623415,0.013160006143852447
2015-04-30,0.0019349845049953,3.7441650345719934e-06,7.63177331354769e-05,0.0001802194316038139,0.013424583107263105,0.00018097736683544708,0.013452782865840326,0.00019067012066456906,0.013808335188014848,0.000161049283903895,0.012690519449726831
2015-05-04,0.0088601974820792,7.850309942144268e-05,5.857217451921547e-05,0.0001696309156096594,0.013024243379546444,0.00016533168667303905,0.012858136982978484,0.00017161337306653086,0.013100128742364743,0.00014989853806073787,0.012243305846900088
2015-05-05,-0.0016148063596998,2.607599579327213e-06,2.9190616570955435e-05,0.00016416324663836638,0.012812620599954031,0.00015829466574593436,0.012581520804176828,0.0001600255689981271,0.012650121303692195,0.00014135085438013057,0.011889106542551067
2015-05-06,-0.0370530346852948,0.0013729273793896,0.0007392175271902,0.000154469907814824,0.012428592350496656,0.00014495888199589905,0.012039887125546446,0.0001477240438178514,0.012154178039581756,0.00013226133651874264,0.011500492881556974
2015-05-07,-0.0240314052092166,0.0005775084363295,0.0003002434890257,0.0002275773561093142,0.015085667241103861,0.0002602995478009216,0.016133801405772964,0.00027354365905171886,0.016539155330660596,0.0003036019770492727,0.017424177944720166
2015-05-08,0.0238655891769505,0.0005695663467629,0.0001080273429782,0.00024857322092252917,0.01576620502602098,0.0002894902619275713,0.017014413358313923,0.00034221134788481837,0.018498955318742148,0.0003550449130307513,0.018842635511805435
2015-05-11,0.0224004949171667,0.000501782172534,0.000176338851232,0.00026783280847295603,0.01636559832309702,0.0003148349517712387,0.017743589032978607,0.0003267443658937812,0.018076071638876107,0.00033817340781822135,0.018389491777050865
2015-05-12,-0.0318824592075108,0.0010164912051185,0.0003998544659698,0.0002818697703166194,0.01678897764357971,0.00033118586944045513,0.018198512835955995,0.00031129438671535407,0.017643536683878153,0.00032140565290577315,0.01792778996155893
2015-05-13,0.0262455371654233,0.0006888282211016,0.0002569497857814,0.00032594705640473764,0.018054003888465783,0.0003935946578645081,0.019839220192953855,0.0004225000532742843,0.020554806087002726,0.00042875778481939994,0.020706467222087886
2015-05-14,0.0010355333371442,1.0723292923371878e-06,0.0001373191434545,0.00034771992628655036,0.018647249831719163,0.00041892882851385664,0.02046775093931565,0.0004013118475833751,0.02003276934383699,0.0004076831058244407,0.020191164053229835
2015-05-15,0.0036888829492014,1.360785741290914e-05,2.511758059857512e-05,0.00032692107046689754,0.018080958781737697,0.00037769595120265673,0.01943440123087554,0.00035371663706733927,0.018807355929724393,0.00037395342934888257,0.019337875512808602
2015-05-18,0.013101704022744,0.0001716546482995,5.482485988961066e-05,0.0003081222776836582,0.017553412137919458,0.00034201802406924646,0.01849372931750777,0.0003153935326345152,0.017759322414847793,0.00034356964115586663,0.018535631663255142
2015-05-19,-0.0023121476114986,5.346026577358765e-06,7.142586763547676e-05,0.0002999342199206139,0.01731860906425842,0.0003248165822434479,0.01802266856609886,0.0002915071590596478,0.017073580733391804,0.00031931084427939786,0.01786927094985685
2015-05-20,0.0094625026995453,8.953895733890332e-05,3.674829093044068e-05,0.0002822589283200186,0.01680056333341292,0.0002940024507511156,0.017146499664687124,0.00026625669001341943,0.01631737387000186,0.0002943291535968409,0.01715602382828961
2015-05-21,-0.0022661143860803,5.13527441080022e-06,4.434729622995693e-05,0.0002706957300611516,0.01645283349642704,0.00027428834190078397,0.01656165275269301,0.00024455763162178846,0.015638338518582734,0.0002728261927829891,0.016517451158789272
2015-05-22,-0.0043225078367404,1.8684073998682327e-05,0.0001683818002683,0.0002547621027221305,0.015961268831835723,0.00024883531089150946,0.015774514600820827,0.0002246967958154233,0.014989889786633633,0.00025206180006714154,0.01587645426621264
2015-05-25,-0.0059007754337678,3.4819150719758255e-05,3.194115832048996e-05,0.0002405974209987236,0.015511203080313389,0.00022735095787334184,0.015078161621144066,0.0002139877324587741,0.01462831953639153,0.0002349693506936418,0.015328710014011022
2015-05-26,0.0002428769214762,5.8989198985758624e-08,2.4942648713982952e-05,0.00022825072478198564,0.015107968916501836,0.00020965284225678906,0.014479393711643767,0.00020965127863307228,0.014479339716750632,0.00022155249621619522,0.0148846396065271
2015-05-27,0.0113676200435914,0.0001292227854554,0.0001127169531199,0.00021455922064700562,0.014647840135904188,0.00019061132801837465,0.01380620614138347,0.00018689266028826382,0.013670869039247791,0.00020479855208425062,0.014310784467814844
2015-05-28,-0.0048475986434028,2.3499212607520724e-05,7.001432472170414e-05,0.00020943903453551294,0.014472008655867815,0.00018559246089505765,0.013623232395252517,0.00017564411319750823,0.013253079385467674,0.00019231265791052826,0.013867683941831393
2015-05-29,0.0146436611609297,0.0002144368121961,8.746973725110679e-05,0.0001982826452198334,0.014081287058356328,0.00017128990219290462,0.013087776823926384,0.00017125419948792834,0.013086412781504653,0.00018130751842148908,0.013465048028933616
2015-06-01,-0.0055894860874658,3.12423547219738e-05,5.628728077971479e-05,0.00019925189523841067,0.01411566134612228,0.00017624204296856988,0.013275618364828429,0.00016413524187738492,0.012811527694907619,0.00017277322007649558,0.013144322731753644
2015-06-02,-0.0349652272169481,0.0012225671143328,0.0005646499746982,0.00018917132280742445,0.013753956623729205,0.00016365427136626616,0.012792742918008873,0.00016296781512215123,0.012765884815481895,0.00016456724767785393,0.012828376657935093
2015-06-03,-0.0143368709418108,0.0002055458684021,0.0001928537584716,0.0002511750702989475,0.01584850372429358,0.00026304071357103297,0.016218529944820308,0.00027978311660227767,0.01672671864420149,0.0003132508777122028,0.017698894816123485
2015-06-04,-0.000124218967889,1.5430351983425586e-08,0.0001103430447978,0.000248437318185139,0.015761894498604507,0.0002573967880095403,0.016043590246872432,0.0003036409303661137,0.017425295703835667,0.0003150616441118569,0.01774997589045847
2015-06-05,-0.0096375401724403,9.288218057540249e-05,9.097310938211304e-05,0.00023353200491514967,0.015281753986867793,0.00023326705151733394,0.015273082580714803,0.00026878000873314847,0.01639451154298744,0.00028976933375911604,0.017022612424628485
2015-06-08,-0.0066692973074783,4.447952657553778e-05,4.873295163698751e-05,0.00022509301545476471,0.015003100194785233,0.00022033103138936077,0.014843551845476904,0.00027383882580169183,0.01654807619639491,0.000278958208685973,0.016702042051377222
2015-06-09,0.0032816378699154,1.0769147109263166e-05,3.3150801208829845e-05,0.00021425620612201105,0.01463749316385873,0.00020427757867808616,0.014292570751200995,0.000266895439998988,0.016336934840997193,0.0002627904780626834,0.016210813615074458
2015-06-10,0.012350598693876,0.0001525372880971,0.0001016977643652,0.00020204698258124615,0.014214323148896191,0.00018680307903262184,0.01366759229098607,0.0002394460267492112,0.015474043645705902,0.0002424977742647514,0.015572340038181526
2015-06-11,-0.0230133771193542,0.0005296155264376,0.0003645697488239,0.00019907640091220167,0.014109443678338338,0.00018435487476227302,0.013577734522455247,0.00022341643173333302,0.014947121185476921,0.0002270634708735417,0.015068625381020715
2015-06-12,0.0125849420682459,0.0001583807668611,0.0001697362890862,0.00021890874844372654,0.014795565161349077,0.0002171851858680929,0.014737204140137738,0.0002865212460351496,0.01692693847200815,0.0002792187526020663,0.016709839993311316
2015-06-15,-0.0037077312023792,1.374727066909678e-05,5.3525060629197694e-05,0.00021527706954876927,0.014672323249873187,0.0002120443006597912,0.014561740989998111,0.0002654449114507357,0.016292480211764434,0.0002605550095106187,0.01614171643632172
2015-06-16,0.0081999895826121,6.723982915494777e-05,0.000151805054873,0.00020318528161598887,0.014254307475847041,0.00019401930201504264,0.013929081161908802,0.00024830515516315586,0.01575770145557898,0.00024203993182650833,0.015557632590677424
2015-06-17,-0.0010457791279733,1.093653984504596e-06,2.9430841060011148e-05,0.00019502855446832635,0.01396526242031729,0.00018288140568152497,0.013523365175928843,0.00022755991815013674,0.015085089265567397,0.00022483924528137313,0.014994640551922981
2015-06-18,0.0084660723075948,7.167438031742357e-05,3.1941463149979046e-05,0.00018339246043929704,0.013542247244800142,0.00016678682464313276,0.01291459734730947,0.00020566367601032996,0.01434097890697598,0.00020792724793829352,0.014419682657336586
2015-06-19,0.0082720123881501,6.842618894970882e-05,4.7478080081708106e-05,0.00017668937563198464,0.01329245559074713,0.00015896069142336047,0.012607961430118688,0.000190041971098086,0.013785571119764535,0.00019393569548862907,0.013926079688434541
2015-06-22,0.0250542118853979,0.0006277135331984,0.000241290901396,0.00017019358443104806,0.013045826322278251,0.00015166630364978124,0.012315287396150414,0.00017600114331876938,0.01326654225179905,0.00018115297671966876,0.013459308181317076
2015-06-23,0.0030959291333774,9.584777198894988e-06,4.80730775375101e-05,0.00019764478135709,0.014058619468393402,0.00019708755458701637,0.014038787504162044,0.00017681651981270552,0.013297237300007304,0.00018139370808165932,0.013468248144493749
2015-06-24,-0.001403770771583,1.970572379150983e-06,4.041638749866465e-05,0.00018636118110759828,0.013651416816858178,0.00018026872131928932,0.013426418782359253,0.0001603115340673232,0.012661419117434,0.00016850894815497567,0.012981099651222761
2015-06-25,0.0069102003373734,4.775086870263664e-05,7.219794243131602e-05,0.00017529774458389144,0.01324000546011562,0.00016453379694614167,0.012827072812849456,0.00014739329950611585,0.012140564216959434,0.00015685589565806262,0.01252421237675498
2015-06-26,-0.0065863154512681,4.3379551223614184e-05,7.38831084493873e-05,0.00016764493203101608,0.012947777107712971,0.0001547259002925167,0.01243888661788171,0.00013696431713719267,0.011703175515098143,0.00014702096839326414,0.01212522034411186
2015-06-29,-0.0071151205103972,5.062493987747619e-05,0.0002442297203068,0.00016018900918257187,0.012656579679462057,0.00014555648351711036,0.012064679171743871,0.00014067003153779746,0.011860439769999991,0.00014275741347555854,0.011948113385616934
2015-06-30,0.0030024230193379,9.014543987050616e-06,7.107975704546329e-05,0.00015361516502426605,0.0123941585040803,0.0001380363548607436,0.011748887388205898,0.00014567594472198993,0.012069629021721833,0.0001398328134311236,0.011825092533723514
2015-07-01,0.0154838902853006,0.0002397508583672,0.0001429831270496,0.00014493912776203307,0.012039066731355593,0.0001274528348860933,0.011289501091106432,0.0001327415061832669,0.011521350015656451,0.0001307312540881559,0.011433776895153933
2015-07-02,0.0002126188283716,4.520676617811627e-08,1.753814321382296e-05,0.00015062783159834468,0.01227305306752744,0.00013942393387321645,0.011807791236010928,0.0001296926192891903,0.01138826673770817,0.00012735214089558183,0.011285040580147766
2015-07-03,0.0077235011793868,5.965247046798986e-05,5.06451459790284e-05,0.0001415928741084147,0.011899280402966169,0.00012785970485649793,0.011307506571145468,0.0001167873321436649,0.010806818779995567,0.00011920016288718278,0.010917882710818191
2015-07-06,0.0050858669624844,2.586604276009059e-05,0.0001997376223991,0.00013667644988998919,0.011690870364946709,0.00012306243025829303,0.011093350722766005,0.0001100370444908223,0.01048985435984801,0.00011305620804527293,0.010632789288106528
2015-07-07,-0.0014166995870255,2.0070377198784775e-06,7.266024060541705e-05,0.00013002782546219527,0.011402974412941356,0.00011563839385071863,0.010753529367176091,0.00010233837025844858,0.010116242892420515,0.00010675708409513039,0.010332331977590073
2015-07-08,-0.0180002043112966,0.0003240073552484,7.461213985023108e-05,0.00012234657819765624,0.011061038748583074,0.00010678923700922438,0.010333887797398633,9.563448123700958e-05,0.009779288380910422,0.00010074791367642546,0.010037326022224518
2015-07-09,0.002464003344548,6.071312481944115e-06,3.22124649963847e-05,0.00013444622482070213,0.01159509486035807,0.00012878534754365195,0.011348363209892956,0.00013408879287140564,0.011579671535557718,0.00013749026576932163,0.011725624323221414
2015-07-10,0.0113410059281303,0.0001286184154618,5.641008351919905e-05,0.00012674373008037662,0.011258051788847688,0.00011891362605242948,0.010904752452597422,0.0001221214970824378,0.011050859563058332,0.00012854023234485507,0.011337558482532959
2015-07-13,0.0092388094911407,8.535560081359253e-05,7.533161180117064e-05,0.00012685621120326723,0.011263046266586462,0.00012147360804941133,0.011021506614316,0.00011719541400308249,0.01082568307327914,0.00012300534043874326,0.011090777269368602
2015-07-14,-0.0060176234598463,3.621179210449307e-05,4.3320896415460705e-05,0.00012436617457988667,0.011151958329364699,0.00011974332992787486,0.010942729546501407,0.0001113660642556382,0.010553012093977633,0.00011705877375404328,0.010819370303027957
2015-07-15,0.0019177987585018,3.677952078111412e-06,1.4886228412862744e-05,0.00011907691163136302,0.010912236784058666,0.00011363350932180107,0.01065990193771974,0.00011507563592178945,0.010727331258136361,0.00011459189095039603,0.010704760200508746
2015-07-16,0.0185240225898924,0.0003431394129108,0.0001070720549305,0.0001121529740581679,0.010590230123003367,0.00010515302086498385,0.010254414701238869,0.00010491765298349978,0.010242931854869472,0.00010768217233378996,0.010377002087972709
2015-07-17,-0.0038341471042535,1.4700684017056116e-05,2.510158511690503e-05,0.00012601216038932847,0.011225513814045594,0.0001291000902912011,0.011362222066620645,0.00010601617117012642,0.010296415452482792,0.00010859957230761927,0.01042111185563322
2015-07-20,-0.0032521926491537,1.0576757027209926e-05,8.774035690341936e-05,0.00011933347180699209,0.010923986076839904,0.00011999622898639924,0.010954279026316576,0.00010462090266194818,0.010228435983176909,0.00010408583308307124,0.010202246472374173
2015-07-21,-0.0163843950129613,0.0002684483999407,0.0001607639949821,0.00011280806892020512,0.010621114297483344,0.00011147885015743384,0.01055835451940471,0.00010194485814934406,0.01009677464091103,9.9443782920794e-05,0.009972150365933819
2015-07-22,0.0145069337481508,0.0002104511267732,0.0001834426469584,0.0001221464887814379,0.011051990263361523,0.00012781602409736136,0.011305574912288245,0.00013553983784277474,0.011642157782935892,0.00012902342645905576,0.011358847937139389
2015-07-23,-0.0069726963053549,4.861849376671091e-05,7.437716575288845e-05,0.00012744476706094584,0.011289143770053859,0.00013702749392582064,0.011705874334103398,0.00013156961280397057,0.01147037980208025,0.00012517915457923117,0.011188349055121187
2015-07-24,-0.0122212671696476,0.0001493593712319,6.277897909255332e-05,0.00012271519066329168,0.011077688868319587,0.00013022927289684362,0.01141180410350807,0.00013670040592005223,0.01169189488150027,0.00012359680546944493,0.011117410016251309
2015-07-27,-0.0229486593672193,0.0005266409667526,0.0001534996078636,0.00012431384149740857,0.011149611719580578,0.00013351040262169484,0.011554670164989343,0.0001574708009198114,0.012548737024888656,0.00013536249533822642,0.011634538896674264
2015-07-28,0.0038222942501448,1.46099333346903e-05,4.533316652400998e-05,0.00014845346901272378,0.012184148267840629,0.00017147882502786796,0.013094992364559362,0.0002178963567009881,0.014761312837989314,0.00019550193630582242,0.01398220069609296
2015-07-29,0.0022182087711087,4.920450152223916e-06,1.5301014025233284e-05,0.00014042285687204174,0.011850015057882489,0.0001578536917619232,0.01256398391283287,0.00019701925362902495,0.014036354712995285,0.0001814353573041726,0.0134697942561931
2015-07-30,0.006364945986659,4.051253741308698e-05,2.532383420485978e-05,0.00013229271246885266,0.011501856913944489,0.00014477965219595554,0.012032441655622334,0.0001774037930521056,0.013319301522681496,0.0001684479164892225,0.012978748648819058
2015-07-31,0.0155746317465229,0.0002425691540398,0.0001299643617958,0.00012678590196550668,0.011259924598571105,0.00013640314703766799,0.011679175785887803,0.00016329186537109198,0.012778570552729752,0.00015740097741988435,0.012545954623697805
2015-08-03,0.0098207758006204,9.644763732605212e-05,5.5173058895412095e-05,0.00013373289708996423,0.011564294059300128,0.00014768286578128144,0.012152483934623466,0.00015763000961487839,0.012555079036584293,0.0001516461626665139,0.012314469646172908
2015-08-04,0.0030564918624105,9.342142504981671e-06,9.59344441306285e-05,0.00013149578150412945,0.011467161004543777,0.00014419168024007046,0.0120079840206452,0.00014821469327649516,0.012174345702192588,0.00014331928845041613,0.011971603420194646
2015-08-05,-0.0023244339822834,5.40299333799422e-06,5.527985202814543e-05,0.00012416656316418056,0.011143005122684839,0.0001329831122398463,0.01153183039416754,0.00013502559890678882,0.011620051587957293,0.00013390629323488845,0.011571788679149323
2015-08-06,0.0053111597967789,2.820841838692081e-05,7.318346341193046e-05,0.00011704074897460935,0.010818537284430338,0.00012260231320339405,0.011072592885290873,0.00012725796203429948,0.011280867078123893,0.00012586297991490578,0.011218867140442736
2015-08-07,-0.0071618482600703,5.129207050027307e-05,2.9245972710657388e-05,0.00011171080913934801,0.010569333429282474,0.0001154448013737019,0.010744524250691693,0.00011789491684896068,0.010857942569794735,0.00011844401287087757,0.010883198650712831
2015-08-10,-0.0009823515728028,9.650146125881724e-07,8.471126794025196e-05,0.00010808568482100346,0.010396426540932391,0.00011119317188545497,0.010544817299766505,0.0001242907296933703,0.011148575231542833,0.00011782711913623456,0.010854820087695354
2015-08-11,-0.0137685595737611,0.0001895732327362,0.0001354176223547,0.00010165844460849853,0.010082581247304608,0.00010272061099547087,0.010135117709995818,0.00011426129079444558,0.010689307311254812,0.00011067047488813065,0.010520003559321197
2015-08-12,-0.0303840128415288,0.0009231882363541,0.0002493136162361,0.00010693333189616112,0.010340857406238668,0.00011266560163263757,0.01061440538290476,0.0001399640019544241,0.011830638273331837,0.00012888718595625146,0.011352849243967412
2015-08-13,0.0063833139473995,4.0746696951066106e-05,8.442488082185667e-05,0.0001559086261636427,0.012486337580076981,0.00018967957811540984,0.013772420924275072,0.0002314638839828914,0.015213937162447181,0.00024159116686098403,0.015543203236816535
2015-08-14,0.0297157133239937,0.0008830236183537,0.0003467045856344,0.00014899891041088805,0.012206510984343071,0.00017654349650913029,0.013286967167458882,0.0002111136360329665,0.014529750033395843,0.00022386984178190015,0.014962280634378575
2015-08-17,0.0052443138117919,2.7502827356551568e-05,0.0001024434462096,0.0001930403928874614,0.013893897685223588,0.00024302528315941032,0.015589268204742978,0.0002133506618674747,0.014606528056573701,0.00022562195704988323,0.015020717594372223
2015-08-18,-0.0021914090299412,4.802273536507942e-06,7.976152473543327e-05,0.00018310813895560678,0.013531745598983406,0.00022297859459213427,0.014932467799802358,0.00019419352849049573,0.013935333813385875,0.0002090781677491568,0.014459535530201404
2015-08-19,-0.0041403512192469,1.714250821871954e-05,2.8842365105593016e-05,0.00017240978703046084,0.013130490738371543,0.0002029585327353733,0.014246351558745604,0.00017980700570849347,0.013409213463454651,0.00019409152016676138,0.013931673272323085
2015-08-20,-0.0227202437435679,0.0005162094757671,0.0002555024660213,0.00016309375030175633,0.01277081635220538,0.00018621636580752322,0.013646111746850207,0.0001728690418380233,0.013147967213148324,0.00018209079967571192,0.013494102403483973
2015-08-21,-0.0124325899276179,0.0001545692923083,8.54186225638935e-05,0.00018428069382967914,0.0135750025351629,0.00021760348116578001,0.014751389126647701,0.00023309104286155745,0.0152673194392977,0.00023659587358341972,0.015381673302453791
2015-08-24,-0.0714634307846295,0.0051070219395095,0.0006148283185314,0.00018249800973839673,0.013509182423018675,0.00021206409532864735,0.014562420654844694,0.00025135843151394684,0.01585428748048763,0.0002387254653721636,0.015450743198052435
2015-08-25,0.0224067462668435,0.0005020622782667,0.0004488708931482,0.0004779694455246651,0.021862512333322193,0.0006670298757038694,0.025826921529750104,0.0006511916451650521,0.025518456951098202,0.0008897507308774668,0.02982868972780177
2015-08-26,-0.0161303775727555,0.0002601890806396,0.0001095604461293,0.0004794150154891875,0.021895547846290293,0.000645902126485514,0.025414604590382948,0.000598047088465,0.024455001297587372,0.0008226195645333883,0.028681345235769335
2015-08-27,0.0173888743650137,0.0003023729516822,4.315255776794635e-05,0.0004662614593982154,0.021593088232075917,0.0006045624014608103,0.024587850688110386,0.0006095686208715213,0.024689443510770372,0.0007850772001913123,0.028019229114865245
2015-08-28,-0.0001424025652569,2.0278490591766008e-08,0.000265170841982,0.0004564281489352563,0.021364179107451246,0.0005715423325699419,0.023906951553260444,0.0005545909940467599,0.023549755710978403,0.0007232715410839427,0.02689370820626904
2015-08-31,-0.0038068760209111,1.4492305038588252e-05,0.0001284386396719,0.00042904367670857643,0.02071336951605355,0.0005139601851753522,0.022670690002189,0.0004846865079114401,0.022015596923804726,0.000660702650373818,0.025704136833860382
2015-09-01,-0.0366018855313295,0.0013396980244485,0.0003864732273001,0.0004041705944083771,0.020103994488866562,0.00046385383099962053,0.02153726609854697,0.00044197195965099933,0.021023129159356828,0.0006057442394986185,0.02461187192187174
2015-09-02,-0.0169360644293096,0.0002868302783537,0.000327094751179,0.0004603022402107874,0.021454655443767616,0.0005421499963564748,0.023284114678391248,0.0005862348766168597,0.024212287719603442,0.0007294918303483527,0.027009106433726247
2015-09-03,0.0184532124448129,0.0003405210495333,0.0001094910453702,0.0004498939224993637,0.021210703017565537,0.0005143327370943331,0.022678905112335848,0.000603472427936141,0.024565675808659142,0.0007039454859953006,0.026531971016027073
2015-09-04,-0.0260872318934062,0.0006805436678603,0.00035949171334,0.0004433315501214058,0.021055439917546385,0.0004944637497089477,0.022236540866532,0.0005507555390743678,0.02346818141813225,0.0006503573622326823,0.025502105054929922
2015-09-07,-0.0212419352702665,0.0004512198140261,0.0003673496475849,0.0004575642771857424,0.02139075214165557,0.000508287175951698,0.022545225125327494,0.0006261235603787152,0.025022461117538284,0.0006836392803131023,0.02614649652081713
2015-09-08,0.0349028556889012,0.0012182093352402,0.0004989188057595,0.0004571836093961693,0.021381852337816042,0.0004993421405437616,0.022345964748557212,0.0006669309699833299,0.02582500667925044,0.0006838257462094303,0.0261500620689403
2015-09-09,0.0170124963034366,0.0002894250304744,0.0001329329156871,0.000502845152946815,0.022424209081856487,0.0005625770233802544,0.02371870619111115,0.000630410735795811,0.025107981515761296,0.0006506807568705976,0.025508444814817652
2015-09-10,-0.0020373686736007,4.150871112169706e-06,0.0003594119243638,0.0004900399455984727,0.02213684588188825,0.0005328254870656364,0.023083012954673757,0.0005722048718616884,0.02392080416419332,0.0006008735336753635,0.024512721874067014
2015-09-11,0.0009002879435615,8.105183813222792e-07,8.955011761838101e-05,0.00046088660112929454,0.021468269635191713,0.0004797498274808049,0.021903192175589496,0.000509245535221942,0.02256646926796352,0.0005500232490475821,0.02345257446523904
2015-09-14,0.0178502042031842,0.0003186297900953,0.0002195137302012,0.00043328203616441614,0.0208154278400521,0.00043201590501347297,0.020784992302463643,0.00044630700042916143,0.021125979277400644,0.0005032896991861698,0.02243411908647562
2015-09-15,-0.0102374230298337,0.0001048048302917,7.232156688099412e-05,0.0004264029014002737,0.020649525452181065,0.0004188797492911375,0.020466551963902894,0.00041226783414531257,0.02030437967890949,0.00046756114459137296,0.021623162224600104
2015-09-16,0.0133693436120774,0.0001787393486177,7.011479993935259e-05,0.0004071070171337634,0.020176893148692726,0.0003872853379253889,0.019679566507557755,0.00040811180837229137,0.020201777356764712,0.00044207692907283154,0.021025625533449215
2015-09-18,0.0258523792595749,0.0006683455133808,0.0002373500264337,0.00039340495702280527,0.019834438661651237,0.0003659213805444816,0.019129071606967276,0.00037342833155274346,0.01932429381769858,0.00040897275645070135,0.020223074851532873
2015-09-21,0.0076534683656104,5.8575578023399734e-05,0.0001840218329396,0.0004099013904042909,0.02024602159448347,0.00039230028411504583,0.019806571740587663,0.0003569571720021844,0.01889331024469202,0.00038927061525229507,0.01972994209956773
2015-09-22,-0.0296052925742635,0.0008764733484077,0.000601049237339,0.00038882184166143735,0.019718565912901408,0.00035924314448907487,0.018953710573106124,0.000322366541247593,0.01795456881263354,0.0003584413367601367,0.018932547022525434
2015-09-23,0.0130752687976235,0.0001709626541301,0.0003770231473347,0.0004180809320662156,0.020447027462842014,0.0004056612367475238,0.02014103365638228,0.00042107790730318815,0.020520182925675593,0.0004440600626253806,0.021072732680537203
2015-09-24,-0.0034046940021064,1.1591941247979396e-05,5.522773963999884e-05,0.00040325383539004903,0.020081181125373306,0.0003816182672310279,0.019535052271008334,0.00038445609803554315,0.019607552066373383,0.0004106099371484087,0.020263512458318
2015-09-28,-0.0056186324959873,3.1569031124964506e-05,0.0001173720091003,0.00037975412174152484,0.01948728102485118,0.0003453354484768435,0.01858320339653106,0.00035232733385642156,0.018770384488774373,0.00037810954476714004,0.019445039078570658
2015-09-29,0.0105231162318598,0.0001107359752292,0.000820007457147,0.0003588630163045312,0.01894368011513421,0.00031477152531397205,0.017741801636642542,0.00033328180444168633,0.018256007352148124,0.0003511953323910239,0.01874020630598884
2015-09-30,-0.0037624357795661,1.4155922995359326e-05,0.0001477661293951,0.00034397539384001317,0.018546573641511608,0.0002948142363973452,0.01717015539817113,0.00030462961708014355,0.01745364194316314,0.000324948772060608,0.018026335513925396
2015-10-01,-0.0038469096588066,1.4798713923019824e-05,9.430808548485084e-05,0.0003241862255893339,0.018005172189938478,0.0002680131484578368,0.016371107123766455,0.00028333558296162636,0.016832575054388628,0.0003006068965138122,0.017338018817437368
2015-10-05,0.0300877292842189,0.0009052714534804,0.0001333237350007,0.00030562297488935503,0.01748207581751535,0.00024412575942270206,0.015624524294284996,0.0002647424291627279,0.01627090744742677,0.00027857213750570614,0.016690480445622474
2015-10-06,-0.003894740652303,1.5169004748702098e-05,0.0001285490919611,0.00034160188360482036,0.01848247504001616,0.00030547688914359106,0.017477897160230432,0.00026308000301758543,0.016219741151374315,0.00027580053227361406,0.01660724336768791
2015-10-07,0.0006502331913338,4.228032031121916e-07,3.5384904852193667e-05,0.0003220159108734532,0.01794480177860578,0.00027763443323056077,0.016662365775320164,0.0002468742447400754,0.01571223232835091,0.00025607959127162475,0.016002487033946466
2015-10-08,-0.0081217449146171,6.596274045810877e-05,5.778171628626278e-05,0.0003027203244132327,0.017398859859577946,0.0002513874531292353,0.015855202714857835,0.0002196631614941474,0.014821037800847396,0.00023618038849969789,0.015368161519833721
2015-10-09,0.0066134620559255,4.3737880365166616e-05,7.321820934590045e-05,0.0002885148693759253,0.016985725459217962,0.0002340219149801757,0.01529777483754339,0.00022261815895239967,0.014920394061565522,0.00022673475890972318,0.015057714265774975
2015-10-12,-0.0004036966674775,1.6297099933251613e-07,5.2435240254129954e-05,0.00027382825003527975,0.0165477566466056,0.00021644166793538235,0.014711956631780232,0.00020350828601091125,0.01426563303926297,0.00021043351148288374,0.014506326601965217
2015-10-13,-0.0016107440946451,2.5944965384340847e-06,2.942766319117779e-05,0.00025740833329312285,0.016043950052687238,0.0001966868788015594,0.014024509930887403,0.00018256437725350325,0.01351163858506818,0.00019471504829098797,0.013954033405828866
2015-10-14,-0.0006609898649781,4.36907601603849e-07,3.1636873617111154e-05,0.0002421195030878415,0.01556018968675644,0.0001792615523043987,0.013388859260758501,0.00016773246585019425,0.012951156930953861,0.00018075066183416983,0.01344435427360384
2015-10-15,0.0081097207830991,6.576757117983078e-05,3.333394013781858e-05,0.00022761854735866722,0.01508703242386213,0.00016349145419669025,0.01278637768082463,0.00015189512580117184,0.012324574061653078,0.00016777870257260292,0.012952941850120494
2015-10-16,0.0127392410539133,0.0001622882626297,0.0001515865836283,0.00021790748878793695,0.014761689902851129,0.00015546769703939876,0.012468668615349385,0.0001418373861998826,0.011909550209805685,0.00015732824842528377,0.01254305578498652
2015-10-19,-0.0032318138284236,1.0444620621590635e-05,2.1144782124658532e-05,0.00021457033521844334,0.014648219523834402,0.00015726188354403702,0.012540410022963244,0.00013605852922256228,0.011664412939473734,0.0001498782270049569,0.012242476342838359
2015-10-20,-0.001389988172782,1.932067120474017e-06,3.864656041943612e-05,0.00020232279234263213,0.014224021665570963,0.00014476387322472496,0.012031785953245883,0.00013058079232041366,0.011427195295452584,0.00014103715449058818,0.011875906470269466
2015-10-21,-0.0067358699593617,4.537194410943256e-05,0.0001222627049045,0.00019029934882930263,0.013794903001808408,0.00013280622801549807,0.01152415845150951,0.00012088030082105454,0.010994557781968974,0.00013188774506543062,0.011484238985036432
2015-10-23,0.0125405592574341,0.0001572656264892,1.8394413172217455e-05,0.00018160370454611035,0.013476041872378936,0.00012615602828587336,0.011231920062298938,0.0001259583035000018,0.011223114696910204,0.00012926726886268124,0.011369576459247778
2015-10-26,-0.0066575027627982,4.4322343036666456e-05,5.966436850150424e-05,0.00018014341986269668,0.013421751743446035,0.00013060513498041595,0.01142826036544565,0.00012148333955560842,0.011021948083510846,0.00012427326768922506,0.011147792054448498
2015-10-27,-0.0004912841036815,2.41360070530204e-07,1.5561838491316194e-05,0.0001719941552531348,0.013114654217825752,0.00012409185373279914,0.011139652316513255,0.00012631407536994917,0.01123895348197283,0.000122210570693765,0.011054888995090136
2015-10-28,-0.024626390307646,0.0006064590995845,0.0001898316622923,0.0001616889875421785,0.012715698468514364,0.00011417852963458835,0.010685435397520699,0.00011486343781327817,0.010717436158581874,0.00011455878981226685,0.010703213994509632
2015-10-29,-0.0093075389328065,8.663028098570897e-05,5.9117741885662024e-05,0.00018837519426471907,0.013724984308359667,0.00016161797646616736,0.012712905901727085,0.00017885741868710193,0.01337375858489684,0.00018705931332292183,0.013676962869106643
2015-10-30,0.0082334317998189,6.778939920227e-05,6.317198182684226e-05,0.00018227049946797845,0.013500759218206154,0.00015573116283883513,0.012479229256602152,0.000188557174898976,0.013731612246891331,0.00018480813713153208,0.01359441565980429
2015-11-02,-0.0008012977465887,6.420780786881888e-07,3.217195263860426e-05,0.00017540163345203588,0.013243928173017094,0.00014872154622363296,0.0121951443707581,0.00017464963075347454,0.013215507207575293,0.00017284543644687024,0.013147069500343802
2015-11-03,-0.0008654063825648,7.489282069839035e-07,4.839235406557589e-05,0.000164916060129635,0.012841964807989274,0.00013622265835403668,0.011671446283731794,0.00015838733397015062,0.012585202976915018,0.0001606222629939578,0.01267368387620418
2015-11-04,-0.0060525929247286,3.6633881112475136e-05,8.992049848891684e-05,0.00015506603221427593,0.012452551233152021,0.00012506468000503758,0.011183232091172819,0.0001442098317433842,0.012008739806631844,0.00014952929865532142,0.012228217313055956
2015-11-05,-0.0132075127660655,0.0001744383934657,5.417227913132587e-05,0.00014796010314816786,0.012163885199563825,0.00011842739505095645,0.010882435161808061,0.00014590030992117894,0.012078920064359186,0.00014415256908028237,0.012006355362068972
2015-11-06,0.0053635815776365,2.87680073399627e-05,6.695717093311962e-05,0.00014954880056722476,0.012229014701406846,0.0001252942806644519,0.011193492782168215,0.00016977393115850077,0.013029732582002624,0.00015732809894824552,0.012543049826427602
2015-11-09,-0.0048988213387291,2.399845050878821e-05,0.0002956282016112,0.000142301952973589,0.011929038225003262,0.00011790207236667707,0.010858272070945592,0.0001557716299695347,0.012480850530694402,0.00014704763924264016,0.012126320103091464
2015-11-10,-0.0098703472391067,9.742375462054227e-05,7.388210362240632e-05,0.0001352037428257009,0.01162771442828301,0.00011085411816141348,0.010528728230959971,0.0001532287190086588,0.01237855884215359,0.00014024147678962364,0.01184235942663554
2015-11-13,0.005735999231344,3.290168718197918e-05,6.188942266098514e-05,0.00013293694353339134,0.011529828426017073,0.00011137541585189943,0.010553455161789405,0.00016601367063610474,0.012884629239372964,0.0001436802866581538,0.011986671208394506
2015-11-16,0.0147756720703096,0.0002183204851293,0.0001746304769327,0.0001269348281523066,0.011266535765367569,0.00010584928440228235,0.010288308140908415,0.0001527092294512652,0.0123575575843799,0.00013473375657060212,0.011607487091123648
2015-11-17,-0.0025900224301221,6.708216188536075e-06,9.213853931596354e-05,0.00013241796757092783,0.011507300620515996,0.00011813075465764467,0.010868797295820944,0.00014740845608638423,0.012141188413264338,0.00013053484444453087,0.011425184656911716
2015-11-18,-0.0193422742493662,0.0003741235731376,0.0001991515153551,0.0001248753824879843,0.011174765433242181,0.00010945277068053978,0.01046196782066069,0.00013911418603113537,0.011794667694815965,0.00012297047582551074,0.011089205373944101
2015-11-19,0.0153349658375582,0.000235161177239,6.936637369653155e-05,0.00013983027392696693,0.011824985155464972,0.00013581934670677708,0.01165415576980062,0.0001845191125500107,0.013583781231675173,0.0001642519425401984,0.012816081403463322
2015-11-20,-0.0009551838676703,9.123762210577494e-07,0.0001356416672696,0.00014555012812569353,0.012064415780537968,0.00014647328302477952,0.012102614718513496,0.00017668325264532926,0.013292225270635812,0.00015771446698377623,0.012558442060374217
2015-11-23,0.0002725121376365,7.42628651592228e-08,3.059009180786725e-05,0.00013687186301141537,0.011699224889342686,0.00013423891069175856,0.011586151677401714,0.00016062121464926834,0.012673642517022023,0.00014690846114250063,0.012120580066255106
2015-11-24,-0.0042056333504806,1.7687351878674973e-05,2.5589103004357565e-05,0.00012866400700264,0.011343015780763068,0.0001232295249040399,0.01110087946534147,0.00014402210434248254,0.012000920978928348,0.0001369712404492332,0.011703471299116053
2015-11-26,0.0028156176037048,7.927702490292417e-06,2.3942324398141787e-05,0.00012200540769520207,0.01104560580933441,0.0001150281711937774,0.01072511870301571,0.00014049004266940857,0.011852849559047333,0.00013025808185383568,0.011413066277466178
2015-11-27,0.0194381418372737,0.0003778413580859,0.0001524041731357,0.00011516074538290748,0.010731297469686854,0.00010679382542863853,0.010334109803395672,0.0001280236274653242,0.011314752647111832,0.00012200783539387578,0.011045715703107507
2015-11-30,0.0034165322834687,1.1672692843984044e-05,3.124086850934415e-05,0.00013092158214509126,0.011442096929544482,0.00013378880475168494,0.011566711060266221,0.00012810999181780925,0.011318568452671445,0.0001223526688971212,0.011061314067375594
2015-12-01,-0.0018289376328844,3.345012864980955e-06,2.381855116254829e-05,0.00012376664878702482,0.011125046012804838,0.00012390445174686386,0.011131237655663626,0.00011743279102666557,0.010836641132134327,0.00011490372365025481,0.010719315446904938
2015-12-02,-0.010402422343151,0.0001082103906052,0.000113245721373,0.00011654135063170217,0.010795431933540324,0.00011429930812231405,0.010691085451080917,0.00011017681660900562,0.010496514498108676,0.00010832597321113306,0.010407976422491217
2015-12-03,-0.0063155509016336,3.988618319112516e-05,2.3608914159593196e-05,0.00011604149303011727,0.01077225570760912,0.00011545544651393075,0.010745019614404189,0.00012585394115541534,0.011218464295767729,0.00011609301061369595,0.010774646658415113
2015-12-04,-0.0125150485498503,0.0001566264402051,2.0935850826727884e-05,0.00011147217443977773,0.010558038380294786,0.00011014346242620634,0.010494925556010693,0.00012949205305767825,0.011379457502784492,0.00011419590188550386,0.010686248260521737
2015-12-07,0.0029369691611511,8.625787853552955e-06,1.5169717512726214e-05,0.00011418143038569769,0.010685571130533814,0.00011623836310071427,0.010781389664635736,0.00015128336684741626,0.012299730356695477,0.00012777252438165868,0.011303650931520253
2015-12-08,-0.0086434521116011,7.47092644055425e-05,3.222641827879815e-05,0.00010784809183376897,0.010384993588528063,0.00010793997442820231,0.010389416462352556,0.00013765783576688762,0.011732767609003752,0.00011976405439423185,0.01094367645694224
2015-12-09,-0.0083916866989567,7.042040565344753e-05,7.534106643805811e-05,0.00010585976218807533,0.010288817336704706,0.00010666218706475754,0.010327738719814591,0.00014733514609844282,0.012138168976350708,0.00012209577616971622,0.011049695750097205
2015-12-10,0.0030146052096919,9.087844570301935e-06,3.849228983759378e-05,0.0001037334007959976,0.01018495953826021,0.00010512217938690693,0.010252910776306742,0.0001557817217348127,0.01248125481411275,0.00012365245141569516,0.01111991238345407
2015-12-11,-0.0223012291764253,0.0004973448227794,0.0003290196928646,9.805466742245584e-05,0.009902255673454197,9.805044493471201e-05,0.009902042462780697,0.00014168885102000853,0.011903312607001823,0.0001160300163119548,0.010771722996436308
2015-12-14,0.0004986050989691,2.486070447180379e-07,7.478803216228742e-05,0.00012201207674387509,0.011045907692167045,0.00013707432148555158,0.011707874336768035,0.00019859176390667348,0.014092259006513948,0.00017409519401207047,0.013194513784602693
2015-12-15,0.0029313369328554,8.592736213922211e-06,7.625498918932835e-05,0.00011470626856192565,0.010710101239574053,0.00012577918797181445,0.011215132097831681,0.0001774375250285914,0.0133205677442289,0.00016167901083821533,0.012715306163762449
2015-12-16,0.0109619556910756,0.0001201644725731,0.0001012614306677,0.00010833945662104543,0.010408624146401167,0.00011646174260162929,0.010791744187184446,0.0001607357644633714,0.012678160925913954,0.0001505735423855,0.012270841144171821
2015-12-17,0.0097296786067594,9.466664579083174e-05,6.706524331361982e-05,0.00010904895757816898,0.010442650888455909,0.00011849773652404065,0.010885666563148103,0.0001518466034213923,0.01232260538284791,0.00014284738389060242,0.011951877839511347
2015-12-18,-0.0088313425874198,7.799261189637491e-05,3.537701497144802e-05,0.00010818601887092873,0.010401250832035958,0.00011794903528584315,0.01086043439673769,0.00014295285893513708,0.011956289513688479,0.00013528624846282248,0.011631261688347593
2015-12-21,0.0138155478209709,0.0001908693615935,9.269255746235568e-05,0.00010637441445245548,0.010313797285794185,0.00011591031078625159,0.010766165091909542,0.00015295305679642363,0.012367419164741836,0.0001366308328550106,0.011688919233830414
2015-12-22,-0.0045244173600482,2.0470352447906284e-05,7.458669529803687e-05,0.00011144411128092017,0.010556709301715197,0.00012457111771453034,0.011161143208226044,0.00014692225486909706,0.012121149073792347,0.00013167675477156242,0.011475049227413468
2015-12-23,0.0079272252484281,6.284090013931728e-05,1.2849534056190391e-05,0.00010598568575093928,0.010294934956129605,0.0001164853465029349,0.01079283774097132,0.0001440391797702557,0.012001632379399716,0.0001258118342169876,0.011216587458625176
2015-12-24,-0.0042441976211165,1.801321344709149e-05,4.24118135354246e-05,0.00010339699861424187,0.010168431472662923,0.0001131954065344962,0.010639332992932226,0.00013467098879615862,0.011604783013747332,0.00011913170031316038,0.01091474691933626
2015-12-28,0.0099527097202717,9.905643077599172e-05,3.879662390302484e-05,9.827397150421282e-05,0.00991332292948297,0.00010609283169992856,0.010300137460244331,0.00013203060874847307,0.01149045729065963,0.00011409033499200239,0.010681307737913105
2015-12-29,0.0007240950494166,5.243136405897383e-07,1.9351523858870245e-05,9.83209190605195e-05,0.0099156905488483,0.0001072727716128315,0.010357256954079661,0.00012525184744253696,0.011191597180140865,0.00010924831480653474,0.010452191866136726
2015-12-30,-0.0043380247663274,1.8818458873270716e-05,1.8761503365200103e-05,9.24531227353237e-05,0.009615254689051335,9.91767617249008e-05,0.009958753020579475,0.0001131922958015083,0.010639186801701919,0.0001027597119179434,0.010137046508620911
2015-12-31,0.0002540700717219,6.45516013448031e-08,7.188079817213884e-06,8.803504290360047e-05,0.009382699126775858,9.364179021183289e-05,0.00967686882270463,0.00011249245902541123,0.010606246226889665,9.931895503583043e-05,0.00996588957573936
2016-01-01,0.0068932632286775,4.751707793983747e-05,7.441208318123954e-05,8.275681342546512e-05,0.009097077191354656,8.695462559116108e-05,0.00932494641224072,0.00010163192691040748,0.01008126613627512,9.372734248303852e-05,0.009681288265672008
2016-01-04,-0.0261680652043823,0.0006847676365408,0.0001959626816442,8.064242929632745e-05,0.008980112989062412,8.538630068322151e-05,0.009240470804197235,9.585095247951521e-05,0.009790349967162318,8.965227945891246e-05,0.00946848876320358
2016-01-05,-0.003418607684526,1.1686878500700707e-05,5.011553424170223e-05,0.00011688994173099607,0.010811565184144063,0.00014316399987250245,0.011965115957336245,0.00016378717519769398,0.012797936364808742,0.00017469069425290025,0.013217060726685803
2016-01-06,-0.0066322439957549,4.398666041922797e-05,7.463587541292395e-05,0.0001105777579371783,0.010515595938280355,0.00013228261456616568,0.01150141793720086,0.0001562185385136865,0.012498741477192274,0.00016374659411276863,0.01279635081235149
2016-01-07,-0.0221069128827709,0.0004887155972064,5.9116976366151585e-05,0.00010658229208610123,0.010323870014975063,0.00012555952761879582,0.011205334783878428,0.00015878895080035106,0.012601148788914092,0.00015803524642473657,0.012571207039291675
2016-01-08,0.0042711472713197,1.824269901330202e-05,2.1528400901314775e-05,0.0001295102903933205,0.011380258801684631,0.0001608526424677399,0.012682769510944363,0.00021583032584238438,0.014691164890585919,0.0002111335750814425,0.014530436162808138
2016-01-11,-0.0078610607672968,6.179627638713397e-05,0.0001408956928061,0.00012283423491051936,0.011083060719427615,0.00014869643555821826,0.01219411479190754,0.00019557439473177484,0.013984791551245046,0.000195716544237165,0.013989872917119905
2016-01-12,-0.0177289843921939,0.0003143168875786,0.0002073785178402,0.00011917195739911618,0.010916590923869785,0.00014187937756777736,0.011911313007715705,0.00019935282014857102,0.014119235820276218,0.00018941994711322828,0.013762991939009057
2016-01-13,0.008672244935464,7.520783222068154e-05,0.0002616102801268,0.00013088065320988852,0.011440308265509654,0.00015923887807907359,0.012618988789878275,0.00023953559499749661,0.015476937519984262,0.0002167948051776096,0.014723953449315492
2016-01-14,-0.0166481731844925,0.0002771616703808,0.0001807034489577,0.00012754028395053606,0.01129337345307132,0.0001525446518539296,0.01235089680363048,0.00022023128591241146,0.014840191572631785,0.00020206838300702775,0.014215075905777913
2016-01-15,-0.0261890944771816,0.0006858686695347,0.0003746131009924,0.00013651756713635522,0.011684073225393412,0.00016531796167139503,0.012857603263104481,0.0002558051947864079,0.015993911178520653,0.00022341847619202393,0.01494718957503463
2016-01-18,-0.0122739221130872,0.0001506491640381,0.0001551467196063,0.00016947863328025856,0.013018395956501653,0.00021468611368289219,0.01465217095460233,0.0003348313267982623,0.018298396836834156,0.000296385835891539,0.01721586001022136
2016-01-19,0.0164313273521342,0.0002699885185529,9.854589045610912e-05,0.0001683488651257309,0.012974932181931853,0.00020909334640545224,0.014460060387337676,0.0003463393860286831,0.018610195754711532,0.0002925416941276678,0.01710385027201968
2016-01-20,-0.0221262931486986,0.0004895728485021,0.0009542751392766,0.00017444724433136665,0.01320784783117093,0.0002151787322650331,0.014668971752138358,0.00032237230011450716,0.01795472918521767,0.00027502725271244305,0.016583945631617435
2016-01-21,0.0110332926518195,0.0001217335467406,0.0003136107820242,0.00019335478058161347,0.013905206959323312,0.00024100804969500266,0.015524433957313956,0.0003813811452433725,0.019528982186570103,0.00031755437320875123,0.017820055364918236
2016-01-22,0.0259077561601622,0.0006712118292544,0.0001371157942585,0.00018905750655115832,0.01374981841884315,0.00022992701867752033,0.01516334457425275,0.0003473722483231792,0.01863792500047093,0.0002946129969730906,0.017164294246286113
2016-01-25,0.0040954988960698,1.6773111207708966e-05,5.2207540097354925e-05,0.00021798676591335418,0.014764374890707503,0.00027105393006043367,0.016463715560602766,0.0003336272553585312,0.018265466196035928,0.0002854148076558292,0.016894224091559495
2016-01-27,-0.0017076993622773,2.9162371119225275e-06,8.003102180437452e-05,0.00020591394663101544,0.014349701970111275,0.00024702608771642794,0.015717063584411304,0.00029836073767230406,0.01727312182763452,0.0002631833545153869,0.016222926817174108
2016-01-28,-0.0099075072583872,9.8158700074996e-05,7.46657365007498e-05,0.00019373408405986984,0.01391883917788656,0.00022427009746108282,0.01497565015153208,0.00027002784731861473,0.01643252407022776,0.00024300869694305575,0.015588736220202577
2016-01-29,0.0091218962007115,8.320899029655604e-05,0.0002676967105097,0.00018799956102077733,0.013711293192867598,0.00021278215884235107,0.01458705449507717,0.0002760709498939627,0.016615382929501286,0.00023715925833938994,0.015399975920091237
2016-02-01,-0.0134872939897312,0.0001819070991654,0.0001224260930938,0.000181712126777324,0.013480064049451842,0.00020112923038082174,0.014182003750557315,0.00025289704494090937,0.015902737026716796,0.00022074279376508343,0.01485741544701108
2016-02-02,-0.0162235454490414,0.0002632034269371,0.0003069592602241,0.0001817238251206109,0.013480497955217044,0.00019988291868709246,0.014137995568222974,0.00027445040815808467,0.016566544846710936,0.00022790308167813125,0.015096459243085156
2016-02-03,-0.0156481403502902,0.0002448642964223,4.72146198129473e-05,0.00018661260122960094,0.013660622285591567,0.00020631900295713841,0.014363808790050723,0.0003067544250179554,0.01751440621368465,0.00024506455403469364,0.015654537809679774
2016-02-04,0.0023634497678158,5.585894804988736e-06,7.677706413032078e-05,0.00019010770294116772,0.013787954994892018,0.0002103666340898099,0.014504021307548121,0.0003351576307672649,0.018307310855700924,0.0002582552554547033,0.01607032219511181
2016-02-05,0.0195069907704517,0.0003805226889184,0.0001640603820922,0.00017903639445299697,0.013380448215698792,0.00019176237181961164,0.013847829137435645,0.00029794082115434023,0.017260962347283543,0.00023826682443761656,0.015435894027804693
2016-02-08,-0.0076302753412519,5.8221101783317706e-05,0.0002608767979984,0.00019112557212092642,0.0138248172545219,0.000209958190221798,0.0144899340999812,0.00028248274654976544,0.016807223046945187,0.00022805187353409922,0.015101386477211263
2016-02-09,-0.0114766859798071,0.0001317143210791,6.801622200049082e-05,0.00018315130390066984,0.013533340456098407,0.00019628545231953362,0.014010191016525564,0.0002784963574259184,0.016688210132483304,0.00021833387664699203,0.014776125224394657
2016-02-10,-0.019458542211192,0.0003786348649847,0.0001406120593326,0.0001800650849313757,0.0134188332179581,0.00019089373605156077,0.013816429931482329,0.00029034065987642226,0.017039385548675817,0.00021913565841127225,0.014803231350325923
2016-02-11,-0.039135585833298,0.0015315940785154,0.0005590180250503,0.00019197927173457763,0.013855658473511017,0.00020900673913058592,0.014457065370627123,0.00033691760310319233,0.01835531539100302,0.0002522267109495316,0.01588164698479133
2016-02-12,-0.0040749620122115,1.660531540096724e-05,0.0002182605132274,0.00027235616014142916,0.016503216660440145,0.00033226181803938144,0.018228050308230485,0.0004932081326385902,0.022208289727905436,0.0004334078168168489,0.02081844895319651
2016-02-15,0.0333287681737268,0.001110806787978,0.0003210718419353,0.00025701110945700143,0.01603156603258089,0.0003017004621637683,0.017369526826133415,0.0004507110400303742,0.02122995619473517,0.00039948262544440617,0.01998706145095887
2016-02-16,-0.0194718489394789,0.0003791529011218,0.0003784880007156,0.0003082388501682629,0.0175567323317371,0.0003760078313762979,0.019390921364811367,0.00043536160651092714,0.020865320666381505,0.0003900267020024148,0.019749093700785737
2016-02-17,-0.0032948949868105,1.0856332974109244e-05,0.000158183959513,0.0003124936932254803,0.017677491146242452,0.0003744564358731279,0.01935087687607794,0.0004767106227938756,0.02183370382674171,0.00040758009487393493,0.020188613000251775
2016-02-18,0.0125486127681105,0.0001574676824039,7.411764697359524e-05,0.000294395451610398,0.017157955927510654,0.00033886795606949085,0.018408366469339174,0.00043257951339094173,0.02079854594415056,0.00037525997184507774,0.019371628012252295
2016-02-19,0.0032154765407431,1.0339289384069256e-05,6.265858754831273e-05,0.0002861797854580132,0.016916849158694215,0.00032068447087336293,0.017907665142987316,0.00039390978028624107,0.019847160509408924,0.00034780650889961525,0.018649571279244336
2016-02-22,0.0028264198818643,7.988649348597948e-06,3.634462629083004e-05,0.00026962935569357655,0.016420394504809456,0.00029077406654038756,0.01705209859637187,0.0003497074842733914,0.018700467488097495,0.0003197411353884735,0.017881306870261845
2016-02-23,-0.0265185605677618,0.000703234054586,0.0003043914590862,0.0002539309133128778,0.015935209860961284,0.00026383047883196144,0.016242859318234628,0.0003110248129347425,0.017635895580739372,0.0002941888261398473,0.01715193359769817
2016-02-24,-0.015416195379909,0.0002376590799915,8.609639501351274e-05,0.0002808891017892682,0.016759746471509292,0.0003043208457472956,0.017444794230580526,0.00039276743066648845,0.01981836094803222,0.00036296950970821795,0.01905175870381047
2016-02-25,-0.0174301761470463,0.000303811040517,0.0002029587040847,0.0002782953004814038,0.016682185123100744,0.000297263295151236,0.017241325214473392,0.0004153652232563021,0.020380510868383602,0.0003644489312254081,0.019090545597897617
2016-02-26,0.017241697448546,0.0002972761309071,0.0001651487779638,0.00027982624488354324,0.016728007797808538,0.00029710057082816995,0.017236605548314028,0.0004468973548481713,0.021139946897950603,0.00037446341964668064,0.019351057326324073
2016-02-29,0.011172578334938,0.0001248265066503,0.0012561666578442,0.0002808732380449625,0.01675927319560614,0.00029634830276480746,0.01721476990159344,0.0004120524877483006,0.020299076031886295,0.0003500464501219777,0.018709528324412073
2016-03-01,0.0329021972292607,0.0010825545825131,0.0002575368560105,0.00027151043416128427,0.016477573673368426,0.000279661407236303,0.016723080076239037,0.00037436776919905294,0.019348585715732634,0.00032420350481614826,0.01800565202418808
2016-03-02,0.0460709728122116,0.0021225345358635,0.0002225293249174,0.0003201730830623975,0.01789338098466574,0.0003536920064963047,0.01880670110615641,0.0003659632435267457,0.019130165799771462,0.000321023067045004,0.0179171165940562
2016-03-03,0.0056359090323669,3.176347062111481e-05,6.723123959109654e-05,0.00042831477023046616,0.0206957669640549,0.0005164181547535353,0.0227248356375472,0.00037395107063987445,0.019337814525945646,0.0003401792555184595,0.01844394902179193
2016-03-04,0.0105811116831617,0.0001119599244515,0.0003097503320609,0.00040452169225390505,0.020112724635262747,0.0004676539622098012,0.021625308372594396,0.0003350216295498336,0.018303596082459687,0.0003132645573841889,0.017699281267446677
2016-03-08,-0.012642128710367,0.0001598234183294,0.0001057044519019,0.0003869679861857632,0.019671501879260853,0.000431530128372211,0.020773303260969617,0.0003062183968523611,0.01749909702962873,0.00029050773394762285,0.017044287428567464
2016-03-09,0.0087130869339231,7.591788391810146e-05,0.0001834021803754,0.00037333931211438657,0.019321990376624933,0.00040369796347558085,0.020092236398061337,0.00032125458999138814,0.017923576372794247,0.0002884027910489893,0.016982425947107478
2016-03-10,-0.0064609910375293,4.174440518703445e-05,0.0001016804998661,0.00035549402642260947,0.018854549223532486,0.0003710376164839998,0.019262336734778566,0.00029222236667054166,0.01709451276493547,0.0002671522695783795,0.016344793347680464
2016-03-11,-0.0008204818829809,6.731905203000104e-07,0.0001589514314884,0.00033666904914847495,0.018348543515725572,0.00033868165815594735,0.018403305631216022,0.0002827383870406459,0.01681482640530808,0.00025170416551190307,0.015865187219566715
2016-03-14,0.0071996572518052,5.183506454347229e-05,5.905081321892912e-05,0.0003165092976307844,0.017790708182385106,0.0003059571083400233,0.0174916296650719,0.00025314380451748936,0.015910493534692424,0.00023228378956584796,0.015240859213503941
2016-03-15,0.0032021729826084,1.02539118105477e-05,2.1649352819887667e-05,0.0003006288436455456,0.01733865172513554,0.0002814685510128748,0.01677702449819022,0.00023092877541654904,0.0151963408561584,0.00021564746116131572,0.014684939944082704
2016-03-16,0.0087630684708934,7.679136902556701e-05,0.0001485657966257,0.0002832063477354457,0.016828735773534675,0.00025572625914211853,0.015991443310161797,0.00020792933847672143,0.014419755146212484,0.00019964887623206943,0.014129716070468982
2016-03-17,-0.0011454458535629,1.312046203444654e-06,0.0002307491814241,0.00027082144901285286,0.016456653639572442,0.0002389043016272887,0.01545652941728151,0.00019229852641195838,0.013867174420622191,0.00018652176766214003,0.013657297231229173
2016-03-18,0.0135602017182175,0.0001838790706387,7.358194808565165e-05,0.0002546508848442883,0.01595778445913744,0.0002168642124418702,0.014726310211382558,0.0001749557093852016,0.013227082421501788,0.00017313749775501003,0.013158172280184281
2016-03-21,0.0171784524949477,0.0002950992301211,6.354069363756487e-05,0.0002504045759919559,0.015824176945167034,0.00021412543687651718,0.014633025554427121,0.00016663759824225762,0.012908818623028895,0.00016470149194637912,0.012833607908393458
2016-03-22,0.0006214597515499,3.862122227965383e-07,5.097058149289447e-05,0.00025308625523970906,0.015908684899755512,0.00022200689888688245,0.01489989593543802,0.00016191035015074596,0.01272439979530453,0.00015939357115273632,0.012625116678777124
2016-03-23,-0.0030323027023162,9.19485967847451e-06,2.052795946444043e-05,0.0002379242526586943,0.015424793439741562,0.00020168020868607553,0.014201415728232011,0.00014539981442625703,0.012058184541059945,0.0001483228387850857,0.012178786424972141
2016-03-28,-0.0179634023286484,0.0003226838232208,0.0001985515557647,0.00022420048907988106,0.014973325919109657,0.00018433610081766265,0.01357704315444503,0.00013850819928768078,0.011768950645137432,0.0001394600032264381,0.011809318491193219
2016-03-29,0.0039237699947749,1.5395970971896494e-05,5.483243716404197e-05,0.00023010948912834166,0.015169360208273178,0.00019795145739027765,0.014069522287209245,0.0001788371113104747,0.01337299933861042,0.0001724937479508389,0.013133687522963186
2016-03-30,0.0294727613286724,0.0008686436603368,0.0002324793058049,0.0002172266780389549,0.014738611808408379,0.00018158029176335404,0.01347517316264819,0.00016271448632227027,0.01275595885546321,0.00016054491080379782,0.012670631823385833
2016-03-31,0.0004214125054136,1.7758849971899298e-07,6.717141844441146e-05,0.00025631169697683086,0.016009737567394128,0.000246190306513061,0.01569045271855025,0.0001680697765844669,0.01296417280756728,0.00016777494334459199,0.012952796738333848
2016-04-01,0.0020577333406909,4.234266501391076e-06,6.421566319608554e-05,0.00024094365046820412,0.015522359693944865,0.00022326898947886935,0.014942188242652726,0.0001506616225638252,0.012274429622749288,0.00015593441203547414,0.01248737010084486
2016-04-04,0.0009701319508995,9.411560021562188e-07,7.43170318255527e-05,0.00022674108743019533,0.015057924406444446,0.00020316525529571482,0.01425360499297335,0.00013650122485145516,0.011683373864233532,0.00014526113937542824,0.012052432923498401
2016-04-05,-0.0310886067585488,0.0009665014701876,0.000338821983472,0.00021319309154451297,0.014601133228092707,0.00018489651735828193,0.013597665879050048,0.00012327814110721252,0.011103068994976683,0.00013549272702192066,0.01164013432147244
2016-04-06,-0.0037054552335935,1.3730398488165558e-05,5.3002658062545264e-05,0.0002583915942631034,0.016074563579242314,0.0002582410720384573,0.01606988089683484,0.00021598701039433302,0.014696496534696051,0.0002532703204247028,0.01591446890174796
2016-04-07,-0.0068148027352826,4.6441536320815224e-05,0.0001069951177095,0.00024371192251660713,0.015611275492944422,0.00023529508557513606,0.015339331327510208,0.00020409654883698117,0.014286236342612465,0.00023541826006879995,0.015343345791215159
2016-04-08,0.0024180805893616,5.847113736647663e-06,3.795617823851403e-05,0.0002318756993448596,0.015227465296130529,0.00021783033877230033,0.014759076487785417,0.00020369236392659432,0.014272083377229629,0.00022348369253592595,0.014949370974590401
2016-04-11,0.0159401573478695,0.0002540886162748,0.0002520347564245,0.00021831398420836686,0.014775452081353276,0.00019845553682064403,0.014087424776042072,0.00018341495711378337,0.013543077830160446,0.00020667609452490452,0.014376233669668302
2016-04-12,0.0038929049395172,1.5154708868117496e-05,3.879131824452843e-05,0.00022046046213235513,0.014847911035979275,0.00020419716321035767,0.014289757283115682,0.00017617158287244633,0.013272964358893092,0.0001966657351706271,0.014023756100653886
2016-04-13,0.0247752002356871,0.0006138105467183,9.937655054557628e-05,0.00020814211693650087,0.014427131278826739,0.00018713849718348974,0.013679857352453998,0.0001603381611940088,0.012662470580183348,0.0001825044280335771,0.013509419973987672
2016-04-18,-0.0034367501070034,1.1811251297988164e-05,0.0001400499818421,0.00023248222272341426,0.01524736773096964,0.0002274912534139714,0.015082813179707935,0.0001620748603498707,0.012730862513980375,0.0001823270217233493,0.01350285235508962
2016-04-20,0.0077980232506632,6.080916661788506e-05,6.944106215414464e-05,0.00021924196443788867,0.014806821550822063,0.00020764154255852323,0.014409772467271065,0.00015472327225589651,0.012438780979497006,0.00017070188258063565,0.013065293053760243
2016-04-21,0.0174286348121068,0.0003037573114137,7.68450208116206e-05,0.00020973599656868837,0.014482264897752988,0.00019445584445064944,0.013944742537983605,0.00014414504066655615,0.012006041840113509,0.00015987937571557503,0.012644341648167176
2016-04-22,0.0039741908331879,1.5794192778594972e-05,5.559800157024496e-05,0.00021537727545939392,0.01467573764617622,0.00020523593299065604,0.014326057831471155,0.0001415341455822575,0.011896812412669938,0.00015519534434274313,0.012457742345334612
2016-04-25,-0.0014828502550848,2.1988448790052676e-06,3.437461039087441e-05,0.00020340229049854594,0.014261917490244639,0.00018812603643478604,0.01371590450662245,0.0001297281355970474,0.011389825968690101,0.00014483461748886496,0.012034725484566109
2016-04-26,0.0192338880394538,0.0003699424491142,0.0002678845248447,0.00019133008376137346,0.01383221181739831,0.00017157559782024888,0.013098686873891171,0.00012035179259279082,0.010970496460634352,0.00013537339356788663,0.01163500724399803
2016-04-27,-0.0076516505216776,5.854775570588975e-05,3.544730673294688e-05,0.0002020468256825457,0.01421431762985989,0.00019093852749252918,0.013818050784844048,0.00012085154114269605,0.010993249798976463,0.0001343302546921691,0.011590092954423148
2016-04-28,-0.0092914856798777,8.633170613937338e-05,0.0001387609031222,0.00019343688148394628,0.013908158809991576,0.00017932149842594193,0.013391097730430538,0.00012845009203845737,0.011333582489153964,0.00013321361117758193,0.011541820098129322
2016-04-29,0.0046609534234894,2.1724486815937572e-05,0.0001275513575354,0.00018701057096327182,0.01367518083841204,0.00017152173730357144,0.013096630761519217,0.00014042600926952365,0.011850148069518947,0.00013584042443998297,0.01165506003588068
2016-05-02,-0.0151181124596499,0.0002285573243426,3.1295813443897064e-05,0.00017709340591443175,0.013307644641875276,0.0001585527356764792,0.012591772539101839,0.00012920676942816586,0.011366915563518798,0.00012737287894580684,0.011285959371972187
2016-05-03,-0.0093711352771894,8.781817638338452e-05,0.0001718502528226,0.00018018124102012315,0.013423160619620221,0.0001661725549405416,0.012890793417805654,0.0001594496512622265,0.012627337457367112,0.00014917377329760754,0.012213671573184188
2016-05-04,-0.0070078833204364,4.911042863285152e-05,6.236533428080789e-05,0.00017463945714191878,0.013215122290085658,0.00015991104676059062,0.012645593966302675,0.000170358594872943,0.013052149051897277,0.0001505379478777926,0.012269390688937759
2016-05-05,0.000414684492363,1.7196322820640318e-07,5.682813268555745e-05,0.00016710771543137468,0.012927014946667877,0.00015072167656443602,0.012276875684164763,0.00017310844063573677,0.013157068086611727,0.00014670434071059371,0.012112156732415318
2016-05-06,0.0009577005177622,9.171902817220087e-07,3.489688245929558e-05,0.00015709157029918455,0.012533617606229439,0.00013796614022160633,0.011745898868184007,0.00015507367908104586,0.012452858269531773,0.00013678783115697268,0.011695632995138514
2016-05-09,0.0236195782371735,0.0005578844761019,0.000167108765274,0.00014772110749813677,0.012154057244317092,0.00012663812710552155,0.011253360702719945,0.00013962765443761673,0.011816414618555695,0.00012779268264052478,0.011304542566620057
2016-05-10,0.0059065428148279,3.488724802339604e-05,5.077543095152945e-05,0.0001723309096143662,0.01312748679734115,0.00016823983214047283,0.012970729822969594,0.00014191745170927657,0.011912911134952554,0.0001314259259354679,0.011464114703520194
2016-05-11,-0.0018187782165905,3.3079542011442164e-06,0.0001525130012934,0.00016408428991890791,0.012809539020546677,0.00015684269054957613,0.012523685182468302,0.0001313814719612379,0.01146217570800753,0.00012364053994912846,0.011119376778809524
2016-05-12,0.0100511134075935,0.0001010248807323,4.220656183072382e-05,0.00015443770977584208,0.012427296961762927,0.00014372656458489497,0.011988601444075743,0.00012268159586226494,0.011076172437365939,0.00011626009733327068,0.010782397568874497
2016-05-13,-0.0122946636193436,0.0001511587535128,0.000113608600419,0.0001512329400332299,0.01229768027040994,0.00014108175032991808,0.011877783898098083,0.00011685892750633862,0.010810130781185702,0.00011126166569490681,0.010548064547342646
2016-05-16,0.0012344354364771,1.5238308468306003e-06,0.0001587747455379,0.00015122848884200477,0.012297499292214038,0.0001433743186659201,0.011973901564065078,0.000138042238118163,0.011749137760625798,0.0001243896199825373,0.011153009458551414
2016-05-17,0.0015044352886502,2.2633255377362027e-06,3.455748524716609e-05,0.0001422462093622943,0.011926701529018587,0.00013152673358202626,0.011468510521511774,0.0001248109337392888,0.011171881387630679,0.00011653952053314498,0.010795347170570522
2016-05-18,-0.0020184814595404,4.074267402508739e-06,5.3275707831515854e-05,0.0001338472363328208,0.011569236635699903,0.00012100945309185134,0.011000429677601295,0.0001132918236027388,0.010643863189779302,0.00010942195862362867,0.010460495142373934
2016-05-19,-0.0098335745923989,9.669918926427388e-05,4.72743513945688e-05,0.00012606085819700204,0.011227682672617803,0.00011178031635797288,0.010572621073223654,0.00010690000335655184,0.01033924578277119,0.00010344037538623452,0.010170564162632992
2016-05-20,-0.005071609898355,2.57212269610934e-05,3.712492677466419e-05,0.00012429915806103832,0.011148953227143718,0.0001121356970644092,0.010589414387226954,0.0001210326525448326,0.01100148410646639,0.00011014485096486275,0.010494991708660981
2016-05-23,-0.0044938685894074,2.0194854898862917e-05,7.400689498783773e-05,0.00011838448219504157,0.010880463326303783,0.000105861782668241,0.010288915524400082,0.000121647476468058,0.011029391482219588,0.00010693439948134158,0.010340909025871061
2016-05-24,0.0029880670207224,8.92854452032899e-06,2.3426137107838204e-05,0.00011249310455727082,0.010606276658529647,9.974275449116857e-05,0.00998712944199526,0.00012070602593729442,0.01098662941658152,0.00010329281186165054,0.010163307132112585
2016-05-25,0.0323336375991259,0.0010454641203916,0.000232458596944,0.0001062792309550543,0.010309181876126462,9.322907288515775e-05,0.009655520332180848,0.00011057810721425429,0.010515612545841269,9.752621655566644e-05,0.009875536266738452
2016-05-26,0.0210651608944136,0.0004437410035075,0.0002499465787865,0.00016263032432124757,0.012752659499933634,0.000183668106957837,0.013552420704724193,0.00012071802816634236,0.010987175622804178,0.00011425939593231125,0.010689218677354825
2016-05-27,0.0087465425719861,7.650200696356553e-05,5.517705577240746e-05,0.00017949696507242463,0.013397647744004341,0.00020859671324377277,0.01444287759567922,0.00012244887913328127,0.011065662164248521,0.00011670879209665104,0.010803184349841071
2016-05-30,0.0005052294025644,2.55256749215584e-07,3.835893723304944e-05,0.00017331726758589307,0.013165001617390447,0.00019676663442790007,0.014027353079890021,0.00011579966791732977,0.010761025411982343,0.00011114953388750712,0.010542747928671495
2016-05-31,0.0057054672365587,3.2552356387445863e-05,4.05109933874375e-05,0.0001629335469356924,0.01276454256664501,0.00017911557865173835,0.013383406840253282,0.00010470584136377017,0.01023258722727396,0.00010448161040866852,0.010221624646242324
2016-06-01,-0.0112687842893531,0.0001269854993599,9.069155881642302e-05,0.00015511067550279752,0.012454343639983503,0.00016634346362009664,0.012897420812708898,9.792076936695416e-05,0.00989549237617584,9.910724892098929e-05,0.00995526237328727
2016-06-02,0.0082507548172063,6.807495505365308e-05,7.146125028797638e-05,0.00015342316493422795,0.01238641049433725,0.00016370107473263234,0.01279457208087212,0.00011613699536261492,0.010776687587687366,0.00011017687668779752,0.010496517359953135
2016-06-03,0.0064116984508719,4.110987702491328e-05,1.4691140101042167e-05,0.00014830227234139345,0.01217794204048424,0.00015586927330876917,0.012484761644051086,0.00010978261203981927,0.010477719792007194,0.00010503546250169196,0.010248681012778765
2016-06-06,-0.0005318197792245,2.828322775744309e-07,1.5834943021690136e-05,0.00014187072862240462,0.011910949946263925,0.00014636732461392982,0.012098236425774206,0.00010291339097471178,0.010144623747321129,9.979193199832192e-05,0.009989591182742261
2016-06-07,0.0155394929905707,0.0002414758424039,9.355901527807532e-05,0.0001333754548417148,0.011548829154581637,0.00013408577229226913,0.011579541108881177,9.417824191609892e-05,0.009704547486415785,9.419282861207968e-05,0.009705298996531723
2016-06-08,-7.519860297382837e-05,5.654829889215469e-09,2.218997117584634e-05,0.0001398614780954517,0.011826304498678008,0.00014551073294055063,0.012062782968310034,9.416221178127773e-05,0.00970372154285549,9.418692597270904e-05,0.009704994898128955
2016-06-09,-0.0032985167409582,1.0880212690382024e-05,3.838629471108244e-05,0.00013147012869951796,0.011466042416610797,0.00013329465730186713,0.011545330541039834,8.541707977018323e-05,0.00924213610428797,8.906333661551945e-05,0.009437337368957383
2016-06-10,-0.0033094329709463,1.0952346589187112e-05,6.259601472774213e-05,0.00012423473373896976,0.011146063598372734,0.0001233893306828901,0.0111080750214828,8.436124005041412e-05,0.009184837508111622,8.583289421695453e-05,0.00926460437455127
2016-06-13,-0.0132488828514071,0.0001755328968103,2.2504475205380244e-05,0.00011743779050998276,0.010836871804629911,0.00011454550539453279,0.010702593395739781,8.340768229990094e-05,0.009132780644464255,8.290690595116222e-05,0.009105322946011428
2016-06-14,0.0044491258421828,1.9794720759579543e-05,2.398044656396756e-05,0.00012092349688800234,0.010996522035989486,0.00012192740961331004,0.011042074515837594,0.0001068945519844606,0.01033898215418039,0.00010181876336031812,0.010090528398469434
2016-06-15,0.013796053326755,0.0001903310873946,9.183445588284133e-05,0.00011485577032029691,0.010717078441454878,0.00011406041936322968,0.0106799072731569,9.914042661303073e-05,0.009956928573261472,9.641712480739685e-05,0.009819222209900174
2016-06-16,-0.0138582778306851,0.0001920518644324,9.156250373984544e-05,0.00011938428934475917,0.010926311790570466,0.000122868230836445,0.01108459430184276,9.770423228741898e-05,0.009884545122939091,9.51239014054506e-05,0.009753148281731934
2016-06-17,0.0013996123530142,1.9589147387101697e-06,7.320341726747481e-05,0.00012374434385002111,0.011124043502702654,0.00013089791439065734,0.011441062642545812,0.00012336973951691528,0.011107193143045424,0.00011508516639537678,0.010727775463504854
2016-06-20,0.0012734330045161,1.6216316169909557e-06,0.0001452243259193,0.00011643721810334244,0.010790607865330964,0.00012041932639595661,0.010973574002846867,0.00011195067460710066,0.010580674581854441,0.00010809396117721902,0.010396824571820909
2016-06-21,-0.0056314598881836,3.171334047222125e-05,3.64385528044171e-05,0.00010954828291416134,0.010466531560844851,0.0001110252644385038,0.010536852681826001,0.00010175818227206337,0.010087526072931032,0.00010173403409668706,0.010086329069422981
2016-06-22,0.0003944515929982,1.555920592188409e-07,6.518604641351032e-05,0.0001048781863676449,0.010241005144400862,0.00010542606285603069,0.010267719457407797,0.00010504573344289939,0.010249182086532534,0.00010007700051385956,0.010003849284843288
2016-06-23,0.0150008908533604,0.0002250267263944,0.0001005390732616,9.859483070913933e-05,0.009929492973417088,9.749246429734534e-05,0.009873827236555506,9.512487390865506e-05,0.009753198137465221,9.44180941355218e-05,0.009716897351290782
2016-06-24,-0.0264126201103728,0.0006976265010948,0.0003205988451931,0.0001061807444502569,0.010304404128830396,0.00011128662198976266,0.010549247460826893,9.471747168043395e-05,0.009732290155992779,9.40429211360698e-05,0.009697572950799071
2016-06-27,0.0050885585951839,2.5893428576620435e-05,8.284555759635658e-05,0.00014166748984893368,0.01190241529475987,0.00016750039045448133,0.01294219419010862,0.0001634789513876139,0.01278588876017674,0.00018036572717468514,0.01343003079574597
2016-06-28,0.0026570598036309,7.059966800071206e-06,2.467691938920147e-05,0.00013472104617259485,0.01160693956961071,0.00015534676931400597,0.012463818408256997,0.0001499867529365057,0.012246907892872621,0.00016792056290657718,0.01295841668208648
2016-06-29,0.007282064464393,5.302846286357592e-05,2.55007881268822e-05,0.00012706138141024343,0.011272150700298654,0.00014273837665264817,0.011947316713498817,0.00013631807122415425,0.011675533016704388,0.00015621263107353214,0.01249850515355865
2016-06-30,0.0137824988370213,0.0001899572741924,3.618731353039198e-05,0.00012261940629744333,0.01107336472340017,0.00013574154969242077,0.011650817554679189,0.0001273075772947189,0.011283065952777149,0.00014654832390491627,0.012105714514431449
2016-07-01,0.0027978367219521,7.827890322704145e-06,1.590952610978271e-05,0.00012665967837114633,0.011254318209964845,0.00014220585736212589,0.011925009742642809,0.00012355157551001682,0.011115375635128884,0.00014066925793771064,0.01186040715733278
2016-07-04,0.0062078417178739,3.853729879417587e-05,9.226505101863936e-06,0.00011952977108823977,0.010932967167619217,0.00013106813369936473,0.011448499189822426,0.00011298824323928293,0.01062959280684274,0.00013146616005118084,0.011465869354356905
2016-07-05,-0.0051742280185774,2.677263558823239e-05,2.001147821550102e-05,0.00011467022275059591,0.0107084183122717,0.00012396831357755828,0.011134105872388599,0.00010567225540424532,0.010279701133994379,0.00012375447616050697,0.011124498917277442
2016-07-07,0.0044694601725075,1.9976074233630852e-05,2.4666873877920348e-05,0.00010939636752085402,0.010459271844677048,0.00011653200289047718,0.010794998975936828,0.00010758686925572173,0.010372409038199455,0.00011943901299650884,0.010928815717931603
2016-07-08,-0.0038031651633214,1.4464065259501608e-05,3.15483722739329e-05,0.00010403114992362063,0.01019956616350032,0.00010925640255246349,0.010452578751316036,9.9772680650225e-05,0.00998862756589838,0.0001124321598004022,0.010603403217854265
2016-07-11,0.020584548831338,0.0004237236505897,2.9645575251388697e-05,9.865712484377348e-05,0.00993262930163879,0.00010224369022676778,0.010111562205058513,9.878029129120798e-05,0.009938827460581454,0.00010753742120199246,0.01037002513024884
2016-07-12,0.0149306888782848,0.0002229254703801,5.0736931874899705e-05,0.00011816111638853139,0.010870193944384404,0.00013398411879212162,0.01157515091876221,0.00010157831413273592,0.010078606755536,0.00011017631839282358,0.010496490765623699
2016-07-13,-0.0026095729162322,6.809870805132776e-06,2.841521963821766e-05,0.00012444697762802775,0.011155580559882474,0.00014369720244719993,0.011987376795913272,0.00010065187606943948,0.010032540858099681,0.00010831758028517675,0.010407573217862882
2016-07-14,0.0130623011974521,0.0001706237125729,9.296134390971704e-05,0.00011738875121865404,0.010834608955502457,0.0001323061282413405,0.011502440099445878,9.681556551854099e-05,0.009839490104600999,0.00010279538766167267,0.010138806027421211
2016-07-15,0.0047544067324751,2.2604383377805084e-05,5.997915890150884e-05,0.00012058284889991231,0.01098102221561874,0.00013734083476863744,0.011719250606102655,9.51176976551707e-05,0.00975283023820115,0.00010050193914517111,0.010025065543185796
2016-07-18,-0.0015972922038515,2.551342384485023e-06,7.429596509941997e-05,0.00011470414096858584,0.010710001912632222,0.00012809341589643667,0.011317836184378914,8.87456945672241e-05,0.009420493329291417,9.528011244075787e-05,0.00976115323313582
2016-07-19,-0.0009648910145099,9.310146698820156e-07,3.883708429514732e-05,0.00010797497305353977,0.010391100666124824,0.00011796849098498767,0.010861330074396398,8.376388213037053e-05,0.009152261039238913,9.039034363247886e-05,0.009507383637598666
2016-07-20,0.0033294980164248,1.1085557041376762e-05,1.6958538102029416e-05,0.0001015523355505203,0.010077317874837545,0.00010877127965844364,0.010429347038930272,7.79590148940609e-05,0.0088294402367342,8.57347351280779e-05,0.009259305326431239
2016-07-21,-0.0156155366505057,0.0002438449848832,0.0001288484018023,9.612432883997168e-05,0.009804301547788689,0.0001014964781984373,0.010074546054211937,7.25402421088682e-05,0.008517055953137105,8.161724716470584e-05,0.009034226428682526
2016-07-22,0.0008617650720804,7.42639039457878e-07,3.517056999977786e-05,0.0001049875682025706,0.010246344138402272,0.00011661183429878677,0.010798695953622676,0.00010211931024422509,0.010105409949340258,0.00010960015619997832,0.010469009322757255
2016-07-25,0.0158813734109064,0.0002522180214166,0.0002189281331927,9.873287245278381e-05,0.009936441639378948,0.00010754159747008341,0.010370226490780392,9.279761860559116e-05,0.00963315205971499,0.00010308405180490587,0.010153031655860522
2016-07-26,-0.0068030916891287,4.62820565306924e-05,5.334104976035618e-05,0.00010794198139061548,0.010389513048772569,0.00012279079019462545,0.01108110058589062,9.308285480256382e-05,0.009647945626016133,0.00010249393373221536,0.010123928769613868
2016-07-27,0.008505205591058,7.233852214616484e-05,5.8780083374777266e-05,0.00010424238589902006,0.010209916057393423,0.00011729163721490753,0.010830126371142099,9.968918296469366e-05,0.009984447053527485,0.00010267694683389361,0.010132963378691033
2016-07-28,0.0028662693885037,8.215500207473827e-06,1.624878244289501e-05,0.0001023281540738487,0.010115737940152893,0.00011479784436100777,0.0107143755936129,9.504040077956974e-05,0.009748866640772647,9.831079879009269e-05,0.00991518021974854
2016-07-29,-0.0064896807187262,4.2115955831006825e-05,2.4822632214540512e-05,9.668139484186618e-05,0.009832669771830343,0.00010661475240558503,0.010325441995652536,8.761907748924777e-05,0.009360506262443702,9.29840390772419e-05,0.009642823190188748
2016-08-01,-0.0112779205595529,0.0001271914921475,0.00020007628027,9.34074685012146e-05,0.009664753928642704,0.00010245127025564935,0.010121821489023077,9.369180184797639e-05,0.009679452559312246,9.348945641722755e-05,0.009668994591850156
2016-08-02,-0.0017275852719039,2.984550871699405e-06,3.881217084706161e-05,9.543450991999689e-05,0.009769058804204062,0.00010663178953289978,0.010326266969863784,0.000111922555789751,0.01057934571652477,0.00010509909226650371,0.010251784833213371
2016-08-03,-0.0056955674114054,3.2439488137863856e-05,5.6145887701782936e-05,8.988751237709903e-05,0.009480902508574753,9.883250960791872e-05,0.00994145409927133,0.000104975234356969,0.010245742255052535,9.936944473907378e-05,0.009968422379648335
2016-08-04,-0.0016302462240763,2.657702751115293e-06,8.260853554893877e-05,8.644063092274488e-05,0.009297345369660356,9.459912971135417e-05,0.009726208393374788,0.00010823580435879696,0.010403643801995384,9.802351458549542e-05,0.009900682531295276
2016-08-05,0.0188950924282248,0.0003570245178711,5.615533453695478e-05,8.141365523244709e-05,0.00902295158096546,8.805083552785121e-05,0.009383540671188632,0.000101428778724862,0.010071185566995674,9.289716179011271e-05,0.009638317373385913
2016-08-08,0.0007130603930631,5.084551241553288e-07,1.7663246329775523e-05,9.795030699076977e-05,0.009896984742373294,0.0001151085460156319,0.010728865085163105,0.00010299356805136659,0.010148574680779888,9.545905615092108e-05,0.00977031504870345
2016-08-09,-0.0003246930426117,1.054255719204721e-07,2.8954945873934564e-05,9.210379587877289e-05,0.009597072255577368,0.00010617664421137074,0.010304205171257545,9.348853178711724e-05,0.009668946777551174,9.022933488748689e-05,0.009498912300231374
2016-08-10,-0.0151940681897544,0.0002308597081549,0.0001427748005991,8.658389366036174e-05,0.009305046676957711,9.81584586645026e-05,0.009907495075169232,8.534112601453756e-05,0.00923802608864781,8.54802241748528e-05,0.009245551588458786
2016-08-11,-0.0003969339653633,1.575565728590386e-07,2.7340783038013132e-05,9.524044253003443e-05,0.009759120991668995,0.00011242338232025062,0.01060298931057891,0.0001144815754056335,0.010699606320123815,0.00011140846372595138,0.010555020782828965
2016-08-12,0.0171952873539746,0.0002956779071857,8.621847099455039e-05,8.953546937260391e-05,0.00946231839311085,0.00010374483273917792,0.010185520739715664,0.0001041526720207179,0.010205521643733744,0.00010473213405009241,0.01023387189924187
2016-08-16,0.0020255904962972,4.103016858689877e-06,4.98534558828499e-05,0.0001019040156413932,0.010094751886073932,0.0001234342898545826,0.011110098552874434,0.00010445689619482566,0.010220415656656321,0.00010491280698483008,0.01024269529883761
2016-08-17,0.0020555511025482,4.225290335187185e-06,2.939545970238111e-05,9.603595571443097e-05,0.009799793656727215,0.000113949605948871,0.010674718073507656,9.554284401651068e-05,0.009774601987626436,9.889598098387525e-05,0.009944645845070363
2016-08-18,0.0162294584995958,0.0002633953231901,7.89581636160045e-05,9.052731579167635e-05,0.009514584373038917,0.00010548628606825386,0.010270651686638675,8.761728470124627e-05,0.009360410498543656,9.343119602162448e-05,0.00966598137912672
2016-08-19,0.0031932550370454,1.0196877731616429e-05,1.6258817764174047e-05,0.00010089939623558191,0.010044869149749135,0.00012199233879962104,0.01104501420549657,8.84571358404132e-05,0.009405165380811398,9.395950857211686e-05,0.009693271303957031
2016-08-22,-0.0043591943944705,1.900257576878309e-05,5.556224949162766e-05,9.545724512534394e-05,0.009770222368264907,0.00011322711946698123,0.010640823251373985,8.1902096354108e-05,0.009049977699094512,8.907210579400789e-05,0.009437801957765796
2016-08-23,0.0005896024384806,3.476310354623807e-07,1.5296045278558796e-05,9.086996496395028e-05,0.009532573889771339,0.00010621304585732885,0.010305971368936014,8.339813080310763e-05,0.009132257705688535,8.690541510194855e-05,0.009322307391517862
2016-08-24,0.0007209494879461,5.197681641698391e-07,1.1218079527905684e-05,8.5438624928241e-05,0.00924330162486549,9.821347664947316e-05,0.009910271270226319,7.600742808990573e-05,0.008718223906846264,8.24533923534026e-05,0.009080385033323344
2016-08-25,-0.002656515054776,7.057072236251811e-06,2.16419511698832e-05,8.034349352239671e-05,0.008963453214157851,9.108175460255735e-05,0.009543676157674114,6.948336891689932e-05,0.008335668474507568,7.841157181642372e-05,0.008855030876085284
2016-08-26,-0.0056363425755699,3.1768357629182105e-05,4.890213783535247e-05,7.594630824522799e-05,0.00871471790967602,8.53165726929563e-05,0.009236697066211292,6.829635438262178e-05,0.008264160839590537,7.56527576781038e-05,0.008697859373323059
2016-08-29,0.0011064164121707,1.22415727712082e-06,2.241766223503506e-05,7.329563120826523e-05,0.008561286772925272,8.246015817946857e-05,0.009080757577397855,7.321232170608467e-05,0.008556419911743735,7.638464433386895e-05,0.0087398309099129
2016-08-30,0.0162358294671653,0.0002636021584868,5.498166025090844e-05,6.897134277239655e-05,0.008304898721381047,7.707139596370378e-05,0.008779031607398608,6.717391645877813e-05,0.008195969525247036,7.291194636694251e-05,0.008538849241375709
2016-08-31,0.0130242650214429,0.0001696314793487,4.8053956581297553e-05,8.064919171526516e-05,0.008980489503098656,9.662251330653122e-05,0.009829675137385325,6.924475904492222e-05,0.008321343584116823,7.53184356920624e-05,0.008678619457728423
2016-09-01,6.316961646209218e-05,3.990400443967827e-09,3.306558369990585e-05,8.598812897327611e-05,0.009272978430540865,0.00010536496653640537,0.010264743861217647,6.952132858008888e-05,0.008337945105365523,7.55131139397462e-05,0.00868982818816035
2016-09-02,0.0047565420129367,2.2624691920832582e-05,1.3996275717158256e-05,8.082908065890618e-05,0.008990499466598403,9.742379536326951e-05,0.00987034930300187,6.337645269698654e-05,0.007960932903685757,7.209413711933012e-05,0.008490826645228962
2016-09-06,0.0269431631827117,0.0007259340422902,0.0001935472312421,7.733681733462173e-05,0.008794135394376285,9.2428964726733e-05,0.00961399837355577,6.0039402527326635e-05,0.007748509697182203,6.94669057782576e-05,0.008334680904405254
2016-09-07,-0.0009451695273847,8.933454354966282e-07,3.408373947059363e-05,0.00011625265083195834,0.010782052255111656,0.00015327966802236437,0.012380616625288273,6.805687091398686e-05,0.008249658836217826,8.198881328809323e-05,0.009054767434235582
2016-09-08,0.0005069438884951,2.569921060825625e-07,1.7514425143415005e-05,0.00010933109250817063,0.010456150941344076,0.000140318727222759,0.011845620592554828,6.375289402889807e-05,0.007984540940398395,7.809548490181682e-05,0.008837164981022863
2016-09-09,-0.0084573315144774,7.152645634577336e-05,3.90137009331214e-05,0.00010278664648404533,0.010138374942960304,0.00012867888077283153,0.01134367139742824,5.842452027290027e-05,0.007643593413630808,7.444605250406708e-05,0.008628212590337993
2016-09-12,-0.022715717282571,0.0005160038116616,1.4584568316316025e-05,0.00010091103507574897,0.010045448475590772,0.00012489706496404408,0.011175735544654055,6.95048118050829e-05,0.008336954588162448,8.049900459876222e-05,0.008972123750749442
2016-09-14,0.0059724562552069,3.567023372036041e-05,4.474131174315616e-05,0.00012581660167090575,0.011216799974632059,0.00016279487624335754,0.012759109539593957,0.00012104690676509875,0.011002131919091806,0.0001442543585679006,0.01201059359764956
2016-09-15,-0.0036028407417878,1.298046141068646e-05,4.643679774159477e-05,0.00012040781959387301,0.010973049694313473,0.00015205027225497972,0.012330866646549208,0.00011275933613312807,0.010618819903036687,0.0001353140944602333,0.011632458659296121
2016-09-16,0.0009018540580104,8.133407419499863e-07,0.0001773527781078,0.00011396217810288179,0.010675306932490596,0.00014034273197131543,0.011846633782273994,0.00011026199427951065,0.010500571140633764,0.00012813535866788305,0.011319688982824707
2016-09-19,0.0025854146580439,6.6843689540284295e-06,2.464151899820962e-05,0.00010717324786122586,0.010352451297215837,0.00012875199525810095,0.011346893639146396,0.00010004116782521923,0.010002058179455828,0.00011992814161417694,0.010951170787371409
2016-09-20,-0.0027439970030457,7.52951955272403e-06,2.5388889471400595e-05,0.000101143915126794,0.010057033117515025,0.00011894075760253225,0.01090599640576377,9.192869815649346e-05,0.00958794546065493,0.0001125948553217915,0.010611072298396213
2016-09-21,-0.0012021870775719,1.4452537694810506e-06,3.233868599840654e-05,9.552705139234978e-05,0.009773794114485417,0.00011025278898956985,0.01050013280818723,8.914266051979397e-05,0.00944153909697958,0.00010677638762523818,0.010333266067668934
2016-09-22,0.0140795261349254,0.000198233056184,6.387777932127147e-05,8.988214353497764e-05,0.009480619364523482,0.00010192496595258477,0.01009578951605989,8.329040133440342e-05,0.009126357506387937,0.00010069182456612498,0.010034531606713139
2016-09-23,-0.0103869998177693,0.0001078897652143,6.87428914967278e-05,9.638319829392183e-05,0.009817494501853404,0.00011275888816440802,0.010618798809865833,8.318710611112274e-05,0.009120696580367243,9.917575217888634e-05,0.00995870233408381
2016-09-26,-0.0157017434729792,0.0002465447480912,4.7475505728340053e-05,9.707359230914689e-05,0.009852593176882262,0.00011404928818529937,0.010679386133355203,9.899873015355259e-05,0.009949810558676612,0.0001077363537203297,0.01037961240703764
2016-09-27,-0.0037355624656212,1.395442693455806e-05,4.438813627573236e-05,0.00010604186165607278,0.010297662922045602,0.00012807863210205047,0.01131718304623772,0.00013031268280552292,0.011415458063762615,0.0001336879415022954,0.011562350172101492
2016-09-28,0.0068850632117065,4.7404095429195046e-05,3.4001603799546706e-05,0.00010051661557278189,0.010025797503080833,0.00011901424222731328,0.010909364886523562,0.00012668053952304806,0.011255244978366667,0.00012678535614781968,0.01125990036136287
2016-09-29,-0.024199628585899,0.0005856220236954,0.0005152444725695,9.732986436416662e-05,0.009865589914656225,0.00011402144730467165,0.010678082566859636,0.00011839961060066077,0.010881158513718141,0.00011968908170129408,0.010940250531925403
2016-09-30,0.005305434163566,2.814763166393334e-05,5.8992378472246416e-05,0.00012662739392404424,0.011252883804787298,0.0001595425622523148,0.012631015883622141,0.0001810432840317351,0.013455232589284181,0.00018899011491839258,0.013747367563224335
2016-10-03,0.0156069093438031,0.0002435756192656,5.8084530712120214e-05,0.00012071860818843758,0.010987202018186322,0.00014844569682055867,0.01218382931678537,0.00016571180796715924,0.012872909848482559,0.00017580516848819544,0.013259154139242647
2016-10-04,0.0042611212083448,1.815715395220613e-05,4.531001825885663e-05,0.00012809002885307263,0.011317686550398567,0.0001585364900907753,0.012591127435252782,0.00015985354314645484,0.012643320099817723,0.00016839104181574249,0.012976557394615203
2016-10-05,-0.0069294230923946,4.801690439341193e-05,9.783333027807596e-05,0.00012149405635902063,0.011022434230197095,0.00014661898233507756,0.012108632554300983,0.0001461761549710248,0.012090333120763248,0.00015687539205593611,0.01252499070083232
2016-10-06,-0.0072844707743988,5.306351446307126e-05,5.719222552514182e-05,0.00011708542724108407,0.01082060198145575,0.0001387435116094387,0.011778943569329072,0.00015029779250068061,0.012259600013894442,0.00015231973535682149,0.012341788175010195
2016-10-07,0.0002602844203458,6.774797947474943e-08,1.8274906655216292e-05,0.00011324411247440323,0.010641621703218135,0.00013217534660356993,0.011496753741972988,0.0001552211521952797,0.012458778118069192,0.00014884152634307902,0.012200062554883848
2016-10-10,-0.0011113888572373,1.235185191991442e-06,2.1532445934625333e-05,0.00010645353060470753,0.01031763202506794,0.00012138510147247443,0.011017490706711507,0.00013927378662950834,0.011801431550007327,0.0001387276424534128,0.011778269926156932
2016-10-13,-0.02213869716254,0.0004901219120546,0.0002204109724222,0.00010014042987994455,0.01000701903065766,0.00011185230786028945,0.010576025144650964,0.00012791696917329666,0.011310038424925737,0.0001296977983714273,0.011388494122201904
2016-10-14,0.0034708236140717,1.2046616559998413e-05,1.6220756439423578e-05,0.0001235393188104273,0.011114824281581212,0.0001487356818828999,0.01219572391795173,0.0001832905589976052,0.013538484368554893,0.00018556818502724745,0.01362234139299289
2016-10-17,0.0026384817463725,6.961585925941161e-06,5.648627866125348e-05,0.00011684975667540151,0.010809706595250471,0.0001372943844842507,0.011717268644366343,0.0001662993481090994,0.012895710453833064,0.0001723544048240676,0.013128381652894906
2016-10-18,0.0220231635686269,0.0004850197335704,0.0001174558466392,0.00011025646643043388,0.010500307920743747,0.00012659922541649677,0.011251632122341041,0.00015070476688234578,0.012276186984660415,0.00016023949456470268,0.012658573954624695
2016-10-19,-0.0042641140674628,1.818266878033475e-05,6.129693212751743e-05,0.00013274226245883758,0.011521382836224026,0.00016143840381179286,0.01270584132640546,0.00015100530329009267,0.01228842151336341,0.0001593651000036868,0.012623989068582355
2016-10-20,0.0126234328754486,0.0001593510575609,5.5708342649541074e-05,0.00012586868683812737,0.011219121482456965,0.0001492142453276214,0.012215328293894576,0.0001470368086127762,0.012125873519576898,0.00015067188064588066,0.012274847479536381
2016-10-21,0.0026518841431927,7.032489508917316e-06,4.848616615070762e-05,0.0001278776290814971,0.011308299124160853,0.00015140158502233348,0.012304535140440434,0.00014069096493609702,0.011861322225456022,0.00014376744553882948,0.011990306315471239
2016-10-24,0.0049090238738206,2.4098515393740637e-05,1.9615218451774984e-05,0.00012062692070714229,0.010983028758368171,0.0001392107570725552,0.011798760827839302,0.00012809203515951493,0.011317775185941579,0.0001342645636066127,0.01158725867522654
2016-10-25,0.0013621801478606,1.855534755225715e-06,4.0791330509587875e-05,0.00011483521638833818,0.010716119465008693,0.00012990296744862928,0.011397498297812081,0.00011837950350602646,0.01088023453359469,0.00012599124999740553,0.011224582397461632
2016-10-26,-0.0178699750497727,0.0003193360082795,7.98870865963933e-05,0.0001080564354903514,0.010395019744586896,0.00011952072927420161,0.010932553648356894,0.00010750914684518192,0.010368661767324745,0.00011800192338592566,0.010862869021852637
2016-10-27,0.0015898358051284,2.527577887268584e-06,8.178474663322793e-05,0.00012073320985770027,0.010987866483430725,0.00013972727329687623,0.011820629141330686,0.00014624041155359422,0.012092990182481512,0.00015255641375039645,0.012351372950016384
2016-10-28,0.0021166892002347,4.480373170390609e-06,4.930088303061314e-05,0.00011364087193947433,0.01066024727384287,0.00012836127043239066,0.011329663297397265,0.0001322809500844189,0.011501345577123527,0.0001421554361266686,0.011922895459017854
2016-11-01,-0.00499049431554,2.490503351343756e-05,2.881998382833532e-05,0.00010709124201332928,0.01034848984216196,0.00011838696380763231,0.010880577365546018,0.00012029466731011194,0.010967892564668562,0.00013274565939796267,0.011521530254179029
2016-11-02,-0.0119266786064722,0.000142245662582,1.852546812785857e-05,0.00010216006950333574,0.010107426453026296,0.00011137156516845572,0.0105532727231156,0.00012074920672229792,0.010988594392473404,0.00012736435654664926,0.011285581799209523
2016-11-03,-0.0025621518056854,6.564621875377455e-06,3.9193707411800066e-05,0.00010456520508806049,0.010225712937886556,0.0001160001994576658,0.010770338873854703,0.00014079069284531436,0.011865525392721317,0.00013785364454908436,0.011741109170307735
2016-11-04,-0.0063080309127594,3.979125399632862e-05,6.831041947197231e-05,9.868517009529948e-05,0.009934040975116796,0.00010753575987373958,0.010369945027517724,0.00013307814251074782,0.01153595000469176,0.00012960211218454766,0.011384292344478318
2016-11-07,0.01551023779544,0.000240567476471,2.0346631859467473e-05,9.515153512936119e-05,0.009754564835468632,0.0001030583149536115,0.010151764130121007,0.00013624238443780092,0.011672291310526862,0.00012645892740906453,0.011245395831586567
2016-11-08,0.0074530675092452,5.554821529736726e-05,4.933032841049756e-05,0.00010387649160986525,0.010191981731236827,0.00011770298389563316,0.010849100603074577,0.0001329165806110784,0.011528945338194574,0.00012348726894840817,0.011112482573593003
2016-11-09,0.0008944052816532,7.999608078491962e-07,0.0021153695791678,0.00010097679503111531,0.01004872106444971,0.00011360613597570704,0.01065861792052361,0.000124371297283749,0.011152188004322246,0.00011686481620409541,0.010810403147158547
2016-11-10,0.0343450603885302,0.0011795831730917,0.0,9.496618497771934e-05,0.009745059516376456,0.00010486129445031493,0.010240180391492864,0.00011252094826729291,0.010607589182622643,0.00010968652731477405,0.010473133595766553
2016-11-11,-0.0231086735014488,0.0005340107909965,0.0003301865152104,0.0001600432042645634,0.012650818323909461,0.00020651675379280195,0.01437069079038311,0.0001240398811251596,0.011137319297082202,0.00012815238801002575,0.011320441157924268
2016-11-15,-0.023012481712771,0.0005295743145806,0.0003642915305898,0.00018248125946848334,0.013508562450108574,0.00023739525289120196,0.015407636187657144,0.00018288490401600061,0.013523494519391081,0.000189916168394873,0.013781007524664988
2016-11-16,-0.0094615667480818,8.952124532840795e-05,0.0002640171949948,0.00020330684277521154,0.01425857085318201,0.0002645735510101143,0.016265717045679674,0.0002447679534364157,0.01564506163095613,0.0002454582937854907,0.015667108660677973
2016-11-17,-0.0010603343234833,1.1243088775569954e-06,9.982335990729092e-05,0.0001964797069284033,0.014017121920294598,0.00024799163420292155,0.015747750131460733,0.00025086695654766506,0.015838780147084088,0.00023825309840266485,0.01543544940721406
2016-11-18,-0.0067705314531089,4.584009615753758e-05,0.0001012278838923,0.0001847583830453525,0.013592585590878304,0.00022496641492910708,0.014998880455857599,0.00022614109284772513,0.015037988324497566,0.00022012018258209563,0.014836447775060432
2016-11-21,-0.0274121864978923,0.0007514279685952,0.0005410333496965,0.00017642328583208355,0.013282442766000671,0.0002085456984512068,0.014441111399445917,0.00022378280986510112,0.014959371974287594,0.00020950378891371538,0.014474245711390814
2016-11-22,0.005527844716259,3.055706720707254e-05,0.0001134078729153,0.0002109235667978723,0.014523207868713865,0.00025939883798594603,0.01610586346601591,0.00030766969149655966,0.017540515713529055,0.0002923343094151319,0.017097786681764746
2016-11-23,-0.0004179123087443,1.746506978000506e-07,5.038246703591054e-05,0.0002001015768224243,0.014145726450855194,0.0002378921910592991,0.015423754116922997,0.00027716668286207274,0.016648323725290567,0.00026976317759850785,0.016424468868079353
2016-11-24,-0.0154799481437026,0.0002396287945317,7.2747999795715e-05,0.00018810596125494683,0.013715172665881637,0.0002158542543651544,0.014691979252815271,0.00024686348870041645,0.015711890042271057,0.00024862833450632474,0.01576795276839466
2016-11-25,0.0136660944493585,0.0001867621374987,8.331634815900221e-05,0.0001911973312515533,0.01382741231219903,0.00021840029070482623,0.01477837239701403,0.00027691945907383253,0.016640897183560523,0.0002608074081441745,0.01614953275312244
2016-11-28,-0.0111850659187864,0.0001251056996075,8.674220592293597e-05,0.00019093121962638734,0.013817786350439325,0.0002157656799632552,0.014688964564027487,0.00025797015371510537,0.016061449303070546,0.0002444266132679988,0.015634148946073106
2016-11-29,-0.0042545029773645,1.810079558440348e-05,6.131288955448502e-05,0.00018698168842525993,0.013674124777303297,0.00020768582779551973,0.014411309024357217,0.00026992618532547716,0.01642943046260208,0.00024197948416331138,0.015555689768162368
2016-11-30,0.0219293785566407,0.0004808976438804,0.000173820942785,0.00017684883485480853,0.013298452348104593,0.00019052925118214644,0.013803233359693171,0.0002542995600007537,0.01594677271427525,0.00022573129220707119,0.015024356632051544
2016-12-01,-0.0107595266481677,0.0001157674136926,0.0001096469501277,0.00019509176339634721,0.01396752531396837,0.0002181778197983165,0.014770843570978487,0.0002455988820712206,0.015671594752009785,0.00021878888600912285,0.01479151398637485
2016-12-02,-0.0098593061993626,9.720591873279123e-05,0.0001146156320335,0.00019033230241412424,0.013796097361722418,0.00020897389188002412,0.01445592929838909,0.0002566436682424337,0.016020102004744966,0.0002174590453284658,0.014746492644980562
2016-12-05,0.0087979346188059,7.740365355678416e-05,6.443283627815588e-05,0.00018474471939324417,0.013592082967420562,0.00019902634080011633,0.014107669573679288,0.0002634471514910472,0.016231055156429208,0.00021381789316567802,0.014622513230142006
2016-12-06,0.0006516538332466,4.2465271838502406e-07,1.9004248493169824e-05,0.0001783042554430565,0.013353061650537547,0.00018829912823855823,0.013722212949759898,0.00024146369182981848,0.015539102027781995,0.0001994098673597105,0.01412125587048512
2016-12-07,-0.0101896921688791,0.0001038298264965,0.000437333483304,0.00016763147927957619,0.012947257596864912,0.0001715654949298563,0.01309830122305394,0.00021495529353100274,0.01466135374141838,0.00018468571190210814,0.013589912137394713
2016-12-08,0.015309317446372,0.0002343752006737,5.213863476641369e-05,0.00016380338011259257,0.012798569455708422,0.00016621664166296612,0.012892503312505533,0.0002256974780303188,0.01502323127793481,0.00018490553781755302,0.013597997566463712
2016-12-09,0.0096934724638226,9.396340840688796e-05,9.86345229093245e-05,0.0001680376893462644,0.012962935213379122,0.00017356062759017073,0.013174241063156948,0.00021375090584792734,0.014620222496526081,0.00017646534018765932,0.01328402575229585
2016-12-12,-0.0163315235054252,0.0002667186600082,6.699661592511247e-05,0.00016359323248990175,0.012790357011823468,0.00016708305939602873,0.012926061248347415,0.00019824678459924352,0.014080013657636966,0.00016581934745989418,0.01287708614011315
2016-12-13,0.003966496840325,1.573309718430879e-05,4.329230565331235e-05,0.000169780758141003,0.01302999455644564,0.00017733839491052093,0.01331684628245445,0.00023287202014665652,0.01526014482718485,0.00018911095040381826,0.01375176172000585
2016-12-14,-0.0067676739277894,4.580141039288072e-05,2.8135535184183175e-05,0.0001605378984836013,0.01267035510487379,0.00016319358925461906,0.012774724625392872,0.0002102822348982099,0.014501111505612592,0.00017565179779924328,0.013253369299889114
2016-12-15,0.003246863449705,1.0542122261030828e-05,0.0001804356306344,0.00015365370919815806,0.012395713339625036,0.00015334737047639245,0.012383350535149704,0.00020922173457573314,0.0144644991125076,0.0001690911309269052,0.01300350456326698
2016-12-16,-0.0048128220074153,2.3163255675061328e-05,2.7477059763383476e-05,0.00014506701398193039,0.012044376861503893,0.00014127526505264393,0.011885927185232287,0.00018893188363219843,0.013745249493268517,0.0001573501213577293,0.012543927668706054
2016-12-19,-0.0030489974615918,9.296385520793476e-06,1.1092981923690876e-05,0.00013775278848351821,0.011736813387096099,0.00013166077526253074,0.011474352934371974,0.0001832488075424956,0.013536942326186354,0.00014949368486562474,0.012226761012861286
2016-12-20,-0.0103314411363214,0.0001067386759532,7.701247277429282e-05,0.0001300454043057547,0.011403745187689643,0.00012178235419666044,0.011035504256564828,0.00017264564220903064,0.013139468870887842,0.00014053723553326524,0.011854840173248445
2016-12-21,0.0008353060824527,6.977362513825948e-07,1.6700294968221326e-05,0.00012864700060460587,0.011342266114168097,0.00012200496237615393,0.011045585651116645,0.0001860964293339455,0.013641716509807169,0.00014516989149173038,0.01204864687389129
2016-12-22,-0.0107322238881365,0.000115180629585,4.041616125165566e-05,0.00012097004474341245,0.010998638313146425,0.00011235624993667663,0.010599823108744627,0.00016676463459829662,0.012913738211621631,0.00013540465160535048,0.01163635044184174
2016-12-23,-0.000416447884684,1.734288406578236e-07,2.2897490227043138e-05,0.00012062267983391297,0.010982835691838104,0.0001143666008795442,0.01069423213136615,0.00018181209103966469,0.01348377139526122,0.00014161244812558379,0.011900102861974925
2016-12-26,-0.0128562717446127,0.0001652837231713,7.396322974477648e-05,0.00011339572477431765,0.010648742872955363,0.00010548259503067028,0.01027047199648927,0.0001635841598041128,0.012790002337924445,0.00013218000876803987,0.011496956500223868
2016-12-27,0.0126074558307322,0.0001589479425238,9.698300002930946e-05,0.00011650900467813821,0.010793933698061064,0.00011287779275713871,0.010624396112586292,0.00018595640393979416,0.01363658329420512,0.00014524900662244298,0.012051929580878034
2016-12-28,-0.0001595019347907,2.5440867201979698e-08,5.951280885182312e-05,0.00011905534094888172,0.010911248368032034,0.00011889710794642357,0.010903995045231063,0.00017579194772734304,0.013258655577672385,0.0001388312360663651,0.011782666763783362
2016-12-29,0.0087135993516124,7.592681366042161e-05,5.617269464498523e-05,0.00011191354694398093,0.010578919932771064,0.00010951691250510063,0.010465032847779342,0.0001575703690569721,0.012552703655267741,0.00012963337755332965,0.011385665441832095
2016-12-30,0.0079562504601743,6.330192138502452e-05,5.75105753355909e-05,0.00010975434294696729,0.010476370695377636,0.00010818426863550996,0.010401166695881283,0.00014735417549734974,0.012138952817164657,0.00012288166907805807,0.01108520045276846
2017-01-02,-0.0114866243926444,0.0001319425399376,0.0001808506452221,0.00010696719765325067,0.010342494749974528,0.00010582111056742753,0.010286938833658317,0.00013766193228488283,0.011732942183650391,0.00011647888721703887,0.01079253849736191
2017-01-03,0.0036661838585648,1.3440904084801674e-05,9.01236411967971e-05,0.00010846571819031723,0.010414687618470236,0.00011008399248001566,0.01049209190200008,0.00015607677189075723,0.012493068954054373,0.0001266118502234645,0.011252193129495444
2017-01-04,-0.0080497521636949,6.479850989691179e-05,5.595040514950506e-05,0.00010276422934398626,0.010137269323835994,0.00010288813435993683,0.01014337884336067,0.00014240877357255474,0.01193351472000411,0.00011881144560812485,0.010900066312097594
2017-01-05,0.0124948575299575,0.0001561214646939,3.831369123736213e-05,0.00010048628617716173,0.010024284821230975,0.00010122793567268649,0.010061209453772767,0.00015007885478766407,0.012250667524166349,0.00011993121150872075,0.010951310949321124
2017-01-06,0.0081391741008098,6.62461550432941e-05,3.06656587334372e-05,0.00010382439688816816,0.01018942573888088,0.00010822534152112113,0.010403140944980085,0.00014335320879344955,0.011973020036459036,0.00011576551267342831,0.010759438306595205
2017-01-09,0.0012394120017914,1.53614211018476e-06,1.4706728924296585e-05,0.00010156970237747566,0.010078179517029634,0.00010613122935591314,0.010302001230630539,0.00013420305196251036,0.011584604091746527,0.00011007498312956005,0.01049166255316859
2017-01-10,0.0067009113345409,4.490221271337969e-05,2.9276654902619052e-05,9.556768876143818e-05,0.009775872787707406,9.82507451234515e-05,0.009912151387234332,0.00012142532761800084,0.011019316113897488,0.00010353233934521657,0.010175084242659447
2017-01-11,0.022579149303227,0.0005098179832574,0.0001443965895841,9.252776019855462e-05,0.00961913510657557,9.523668184432045e-05,0.009758928314334543,0.0001135624772336462,0.010656569674789642,9.850646463891032e-05,0.0099250422990993
2017-01-12,0.0023313074380525,5.434994370718931e-06,2.603287480311808e-05,0.00011756517358208634,0.010842747510759731,0.0001357185261487397,0.011649829447195342,0.00011678551362000091,0.010806734641879614,0.00010379514287047546,0.010187990129091972
2017-01-13,0.0020192052526098,4.077189852167328e-06,2.9629104458182064e-05,0.0001108373628294043,0.010527932504979517,0.0001250494090338581,0.011182549308358006,0.00010668777941433543,0.01032897765581548,9.79086167073362e-05,0.009894878306848256
2017-01-16,0.0097005151699597,9.409999456261898e-05,7.24334248531247e-05,0.00010443175245077004,0.010219185508188509,0.00011539033519159851,0.010741989349817776,9.752419076965079e-05,0.00987543370033189,9.253085707898947e-05,0.009619296080222786
2017-01-17,-0.0015405731498853,2.373365630147805e-06,4.806664351014872e-05,0.00010381184697748095,0.010188809890143253,0.00011511991346958617,0.010729394832402532,9.377314579186157e-05,0.009683653535306888,8.955255151501718e-05,0.009463220990498804
2017-01-18,0.0050978108264167,2.5987675221931628e-05,4.098709975809524e-05,9.772553809664094e-05,0.009885622797610728,0.00010635998825034614,0.010313097897835846,8.818812783169455e-05,0.009390853413385525,8.51624899731136e-05,0.009228352505897984
2017-01-19,-0.0021024704622054,4.420382044446486e-06,1.912598221858508e-05,9.342126632415835e-05,0.009665467724024449,0.00010072586395970344,0.01003622757612159,8.269275399847737e-05,0.009093555630141456,8.141316381687257e-05,0.009022924349504021
2017-01-20,-0.0159944606883097,0.0002558227727098,7.810559630137522e-05,8.808121326737561e-05,0.009385159203091634,9.368883682324517e-05,0.009679299397334766,7.931949922653142e-05,0.008906149517413876,7.803467189155869e-05,0.00883372355756952
2017-01-23,0.0011628602940969,1.3522440635871395e-06,3.554781478891118e-05,9.814570683392615e-05,0.009906851509633429,0.00011074794750210892,0.01052368507235507,0.00011046507899107833,0.010510236866554357,0.00010791459856585,0.01038819515439761
2017-01-24,0.0095495351587816,9.1193621748807e-05,2.1737389285497747e-05,9.23380990677058e-05,0.00960927151597382,0.00010235875836521778,0.010117250533876177,0.00010037533015351224,0.01001874893155389,0.0001015653399959557,0.01007796308764602
2017-01-25,0.0233640311898783,0.0005458779534416,0.000158016831402,9.226943042857181e-05,0.009605697810600321,0.0001032061449069213,0.010159042519200384,9.628307199474874e-05,0.009812393795336017,9.770040554345151e-05,0.009884351548961192
2017-01-27,0.0120008249611632,0.0001440197997484,6.307429827914573e-05,0.00011948594180935389,0.010930962528952055,0.00014618808487019036,0.012090826475894456,0.00010098261794529055,0.010049010794366306,0.000103827115517115,0.010189559142431777
2017-01-30,-0.0062632473934678,3.922826791178165e-05,3.956434406375636e-05,0.00012095797328570133,0.010998089528900069,0.00014727392047456399,0.012135646685470205,9.830997763374232e-05,0.009915138810613915,0.00010087548331732378,0.010043678774100841
2017-01-31,-0.0035855667208422,1.285628870961148e-05,3.365443202558615e-05,0.00011605419096326613,0.01077284507283318,0.00013851253945691716,0.011769135034356483,0.00010334730133342192,0.010165987474585138,0.00010028179083509515,0.010014079629955774
2017-02-01,0.0255706173753872,0.0006538564729584,0.0003074896056298,0.00010986231682804682,0.010481522638817645,0.00012823507943950655,0.01132409287490643,0.00010156502152428354,0.010077947287234814,9.628588645061135e-05,0.009812537207603922
2017-02-02,0.0024794540971837,6.147692620041261e-06,4.8258439185094275e-05,0.00014250196619587126,0.011937418740911757,0.00017857927886838658,0.013363355823609075,0.00010743839584603658,0.010365249434820012,0.00010483076962095428,0.010238689839083626
2017-02-03,0.006283041220297,3.94766069759523e-05,4.30071451995153e-05,0.00013432070978132145,0.011589681176862522,0.00016341217368257476,0.012783277110450776,9.846220792379075e-05,0.009922812500687028,9.886477957750136e-05,0.009943076967292436
2017-02-06,0.0086175438616916,7.426206220817927e-05,2.346905563095211e-05,0.00012863006361299922,0.011341519457859217,0.00015295531795594407,0.01236751058038537,9.263214382804927e-05,0.00962455940955477,9.415012494483403e-05,0.009703098729005804
2017-02-07,-0.0021794297586272,4.749914072789986e-06,1.841755197788918e-05,0.00012536798352870998,0.011196784517383103,0.00014684238805484276,0.012117854102721436,8.86859926477199e-05,0.00941732407044166,9.060341207330914e-05,0.009518582461338933
2017-02-08,-0.0040346743956479,1.6278597478896923e-05,7.5581766951249e-05,0.00011813089936135477,0.010868803952659867,0.00013492508773637775,0.011615725880735037,8.494915764368644e-05,0.009216786730942972,8.642886811613333e-05,0.009296712758611688
2017-02-09,-0.0046663025858119,2.1774379822355048e-05,0.0001458405961214,0.00011201976124840727,0.010583938834309619,0.00012534746645831332,0.01119586827621303,8.55372163175315e-05,0.009248633213482493,8.41465380423933e-05,0.009173142212044535
2017-02-10,0.0031091638952803,9.66690012771508e-06,1.798151205245377e-05,0.00010660503836284412,0.01032497159138194,0.00011730012312108931,0.010830518137240218,8.749530586657248e-05,0.009353892551583672,8.279292880447637e-05,0.009099061973878206
2017-02-13,0.0018731364256169,3.508640068972903e-06,3.247581169280604e-05,0.00010078875006873635,0.010039360042788402,0.00010898535341132851,0.010439605040964361,8.099419063184849e-05,0.008999677251537884,7.891400926380836e-05,0.008883355743400595
2017-02-14,0.0003109808520162,9.670909032073714e-08,2.1214858160855e-05,9.495194346875053e-05,0.009744328784926672,0.00010098411635323645,0.010049085349087073,7.452094690682637e-05,0.008632551587267022,7.52587608626747e-05,0.008675180739481725
2017-02-15,-0.0046707326796566,2.181574376481242e-05,5.6056139104057415e-05,8.926062940604474e-05,0.009447784364920948,9.351806540178373e-05,0.009670473897476986,6.795578558143055e-05,0.008243529922395536,7.186497675920541e-05,0.008477321319804117
2017-02-16,0.0039597220154069,1.5679398439298367e-05,3.803500759693751e-05,8.521393626757077e-05,0.009231139489118923,8.886402584528527e-05,0.009426771761599263,7.088265833347133e-05,0.0084191839470029,7.163832563251612e-05,0.008463942676584957
2017-02-17,0.0150830010069138,0.0002274969193745,0.0002944242614297,8.104186399787441e-05,0.009002325477223894,8.41357287258019e-05,0.009172553010247579,6.64689141994348e-05,0.008152846999633612,6.890548743466043e-05,0.008300932925560863
2017-02-20,0.0061001516530306,3.721185018997224e-05,4.509455066572475e-05,8.982916732047571e-05,0.00947782503111741,9.958162136869507e-05,0.009979059142459026,6.797971616103006e-05,0.008244981271114572,7.091245848655168e-05,0.008420953537845442
2017-02-21,0.0088521727532265,7.836096245296638e-05,6.753988162377461e-05,8.667212829264548e-05,0.00930978669426134,9.571166071087698e-05,0.00978323365308613,6.487593309420915e-05,0.008054559770354252,6.870236492192123e-05,0.008288688974857317
2017-02-22,0.0003594629886377,1.292136402003793e-07,1.3663296039103954e-05,8.617345834226468e-05,0.00928296603151518,9.607516628795306e-05,0.009801794034152782,6.336770838172867e-05,0.007960383683072612,6.756640081355861e-05,0.008219878394085804
2017-02-23,0.0003929211916059,1.543870628130164e-07,2.774997839339454e-05,8.101080366014082e-05,0.009000600183328933,8.913488022133608e-05,0.009441127063086063,5.8012946184333405e-05,0.00761662301708135,6.48757624345344e-05,0.008054549176368248
2017-02-27,-0.0127069735727227,0.0001614671773778,6.066214633356929e-05,7.615941866430116e-05,0.008726936384797426,8.293599197706357e-05,0.00910692000497773,5.322940613197564e-05,0.007295848554621706,6.243136342052571e-05,0.0079013519995331
2017-02-28,-0.0002814559231125,7.921743665511768e-08,1.2357273366359187e-05,8.127788418711548e-05,0.009015424792383079,9.23777137548891e-05,0.009611332569154451,7.379018803149568e-05,0.00859012153764402,8.136950686703272e-05,0.009020504801120207
2017-03-01,0.0085284807728781,7.273498429335294e-05,2.0113339975924097e-05,7.640596418208786e-05,0.008741050519364812,8.582652059248487e-05,0.009264260391012597,6.767837982757175e-05,0.008226687050542992,7.742602958333382e-05,0.008799206190522746
2017-03-02,-0.010821457675478,0.0001171039462221,0.0001266561632474,7.618570538876367e-05,0.008728442323161886,8.672021605585166e-05,0.009312368981942869,6.57924732658888e-05,0.008111255961063539,7.537416810128125e-05,0.00868182976689138
2017-03-03,-0.0031397370324712,9.857948633071277e-06,2.117779846723983e-05,7.864079983876756e-05,0.008867964808160187,9.163911865505678e-05,0.009572832321473972,8.241972282104983e-05,0.00907853087349764,8.731595138548596e-05,0.009344300475984597
2017-03-06,0.0081659270132581,6.668236398585908e-05,3.232487632276074e-05,7.451382876642576e-05,0.008632139292575496,8.607469058114417e-05,0.009277644667756152,8.124750714019417e-05,0.009013739908616964,8.4111095607524e-05,0.009171210149567177
2017-03-07,-0.0017510202634173,3.066071962898287e-06,1.1251500692974704e-05,7.404394087959171e-05,0.008604878899763304,8.637987517825146e-05,0.009294077424804006,7.804969736358913e-05,0.008834573977481264,8.132045477589075e-05,0.009017785469608974
2017-03-08,0.0023751362866673,5.6412723802438666e-06,2.7762414059759992e-05,6.978526874459008e-05,0.008353757761905122,8.074476006543817e-05,0.008985808815317527,7.436996921039467e-05,0.008623802479787827,7.777292711010107e-05,0.008818896025586257
2017-03-09,0.0021643303228673,4.684325746482873e-06,2.619755212799248e-05,6.59366289627293e-05,0.008120137250239634,7.594886841696564e-05,0.00871486479625276,6.883376226936247e-05,0.008296611493215918,7.426708987026695e-05,0.00861783556760437
2017-03-10,0.0002992235618611,8.95347399728878e-08,4.35495133476019e-05,6.226149076975451e-05,0.007890595083373276,7.15748157046163e-05,0.008460190051329598,6.375473108191964e-05,0.00798465597768117,7.10611152931686e-05,0.008429775518551404
2017-03-14,0.0179371147881372,0.0003217400869228,3.712501842949459e-05,5.853117340796761e-05,0.007650566868407047,6.723984831210695e-05,0.008199990750733011,5.8332127048964776e-05,0.007637547188002493,6.805050283132772e-05,0.00824927286682455
2017-03-15,0.0026124497374846,6.824893630883612e-06,1.8879762824367424e-05,7.432370821885818e-05,0.008621119893543888,9.323695804954753e-05,0.009655928647703831,6.169540001773156e-05,0.00785464194077181,7.213337988760702e-05,0.008493137222935175
2017-03-16,0.0043388815457796,1.8825893068306932e-05,7.297811636278417e-06,7.027377934357968e-05,0.00838294574380508,8.722071040407195e-05,0.009339202878408412,5.752819702259295e-05,0.007584734472781031,6.91676302237019e-05,0.008316707895778347
2017-03-17,-0.0035286100909767,1.245108917414321e-05,3.464897345156274e-05,6.71869061670633e-05,0.008196761931827916,8.295961023141626e-05,0.009108216632876946,5.452292597001416e-05,0.007383964109474948,6.672711433537172e-05,0.008168666619184046
2017-03-20,-0.0030649698619186,9.394040254469415e-06,1.1186072834788943e-05,6.390275714748807e-05,0.007993920011326613,7.856026427075046e-05,0.008863422830416613,5.593969001258214e-05,0.0074792840574871965,6.574227369467992e-05,0.008108160931720579
2017-03-21,-0.0043318716274857,1.876511179701645e-05,2.6209940290464383e-05,6.063223413390694e-05,0.00778667028542412,7.43455012785556e-05,0.0086223837352878,5.6441691170778885e-05,0.007512768542340359,6.444669723875131e-05,0.008027870031256816
2017-03-22,-0.0113708983450242,0.0001292973291728,1.7507335059761996e-05,5.812020679369346e-05,0.00762366098365434,7.144981719533323e-05,0.008452799370346679,5.924100904533347e-05,0.007696818111748092,6.449764489972377e-05,0.008031042578627245
2017-03-23,0.0054779573715292,3.0008016964291457e-05,2.10705113873175e-05,6.23908341364443e-05,0.007898786877517603,7.912719308187009e-05,0.008895346709480754,7.695060266189195e-05,0.008772149261263852,7.90307768406987e-05,0.008889925581280121
2017-03-24,0.0108073420438379,0.0001167986420525,4.88320789879075e-05,6.044786510611511e-05,0.007774822512836875,7.676639970617994e-05,0.008761643664643064,7.272681203456555e-05,0.008528001643677466,7.592661693777894e-05,0.00871358806335134
2017-03-27,-0.0031128548001759,9.689865006978475e-06,3.2354702592024635e-05,6.382891172289858e-05,0.007989299826824538,8.271691600454477e-05,0.009094884056685097,7.160978667272997e-05,0.008462256594592838,7.494577091233605e-05,0.008657122553847558
2017-03-28,0.0079702802073216,6.352536658322284e-05,1.1540807511488842e-05,6.058056891994335e-05,0.007783352036233704,7.808698986771081e-05,0.008836684325453231,7.116930695747315e-05,0.008436190310648116,7.284851472275036e-05,0.00853513413618968
2017-03-29,0.0077787057602459,6.0508263304482985e-05,2.1009628635970964e-05,6.07572567797401e-05,0.007794694142796117,7.894959381116061e-05,0.008885358395200533,6.872162692455765e-05,0.008289850838498702,7.10194345022956e-05,0.008427302919813409
2017-03-30,0.0106737920707076,0.0001139298371687,0.0001033083411665,6.074231717122466e-05,0.007793735764780883,7.944015361629143e-05,0.008912920599685124,6.637996936762451e-05,0.008147390340938901,6.929342501422823e-05,0.00832426723587297
2017-03-31,-0.0081992587223325,6.72278435957461e-05,2.0023364022101695e-05,6.39335683710732e-05,0.007995846945200565,8.483953119024368e-05,0.0092108377029586,6.565839326314544e-05,0.008102986687829706,6.885749890497649e-05,0.008298041871729528
2017-04-03,0.0048195596779475,2.3228155489297617e-05,1.92190861251387e-05,6.413122488455354e-05,0.008008197355494778,8.53269025527807e-05,0.009237256224268152,7.618876848884795e-05,0.008728617787991862,7.485739568129641e-05,0.008652016856276715
2017-04-05,0.0048586851940153,2.3606821814544195e-05,3.078500111521394e-05,6.167704072083817e-05,0.0078534731629285,8.167629220593204e-05,0.009037493690505794,7.169991412940362e-05,0.008467580181457015,7.199061965980787e-05,0.008484728614387609
2017-04-06,-0.0013749234119908,1.8904143888405212e-06,2.653197796921187e-05,5.939282758646049e-05,0.00770667422345466,7.844959485835299e-05,0.008857177589861964,6.76513359495714e-05,0.008225043218705383,6.939366125158469e-05,0.008330285784508517
2017-04-07,-0.0089097382904413,7.9383436404157e-05,3.76891961353405e-05,5.594268279460329e-05,0.00747948412623513,7.354978391706774e-05,0.008576117065261396,6.41783430916472e-05,0.008011138688828648,6.678118657737701e-05,0.008171975683846412
2017-04-10,0.0041442825634413,1.7175077965644358e-05,1.9046292695040565e-05,5.734912801117644e-05,0.007572920705459449,7.636822586299656e-05,0.008738891569472444,7.630445153277634e-05,0.008735241927547075,7.456385484987696e-05,0.008635036470674397
2017-04-11,0.0099870929708415,9.974202600823244e-05,5.617677792638011e-05,5.4938685008444466e-05,0.007412063478441376,7.310948470023109e-05,0.008550408452245488,7.146177279655248e-05,0.008453506538505337,7.15955674112523e-05,0.008461416395099126
2017-04-12,-0.0031956570544687,1.0212224009775866e-05,4.254566170138063e-05,5.7626885468431705e-05,0.007591237413520388,7.786543755778207e-05,0.00882413947973297,7.001660303277804e-05,0.008367592427501356,7.064864980788677e-05,0.008405275117917721
2017-04-13,0.0009133797788383,8.342626203907791e-07,1.3324124892248353e-05,5.4782005780912334e-05,0.007401486727740065,7.380064714877801e-05,0.008590730303575943,6.98515246361619e-05,0.008357722455080804,6.901226398756032e-05,0.008307362035421373
2017-04-17,-0.0017999854500559,3.239947620413219e-06,2.132525597872299e-05,5.154514119128103e-05,0.0071794944941326495,6.929781451603476e-05,0.008324530888646806,6.407344497919251e-05,0.008004588995019827,6.620453729824589e-05,0.008136617067199727
2017-04-18,0.0011196026292051,1.2535100473230324e-06,7.434697682531616e-05,4.8646829577028946e-05,0.006974727921362162,6.549788813420516e-05,0.008093076555563104,6.169342532401389e-05,0.007854516237427604,6.406016516227744e-05,0.008003759439305846
2017-04-19,-0.0053437184500265,2.8555326873154514e-05,4.314058701894384e-05,4.580323040524658e-05,0.006767808390110242,6.191813705015702e-05,0.007868807854443837,5.6853381751533704e-05,0.007540118152359001,6.171354541447478e-05,0.007855796930577748
2017-04-20,-0.0030175803580713,9.105791217418105e-06,2.0736131438852443e-05,4.4768356193321e-05,0.006690915945767141,6.12550030175045e-05,0.007826557545786301,6.156772172314068e-05,0.007846510162049156,6.329722956002229e-05,0.007955955603195777
2017-04-21,0.002790222542605,7.78534183726119e-06,4.068540264114627e-05,4.262860229476681e-05,0.00652905830076335,5.8856281285227587e-05,0.007671784752274244,6.162599952451671e-05,0.007850222896486233,6.218715228577255e-05,0.007885883101198784
2017-04-24,0.0140964750855965,0.0001987106098388,7.160571303756723e-05,4.053800666731646e-05,0.006366946416243541,5.659037055802365e-05,0.007522657147446217,5.754612881614659e-05,0.00758591647832657,6.015003987629425e-05,0.00775564567758831
2017-04-25,0.008986156199778,8.07510032468103e-05,2.775160627894874e-05,5.002836285760805e-05,0.00707307308442434,7.229625055625856e-05,0.008502720185696961,5.906072445168361e-05,0.0076850975564194115,6.234631591826615e-05,0.007895968333160041
2017-04-26,0.0084949057329874,7.216342341234335e-05,0.0001578310473841,5.187172128096009e-05,0.007202202529848775,7.53751799713363e-05,0.008681888041856812,5.805242790542288e-05,0.00761921438899201,6.184144392051105e-05,0.007863933107581158
2017-04-27,0.0037447554929386,1.402319370189441e-05,3.237716580765164e-05,5.308922340884302e-05,0.007286235201312336,7.73287434652253e-05,0.008793676333890468,5.688994349875478e-05,0.007542542243750099,6.12006309225611e-05,0.007823083210765504
2017-04-28,0.001430006349056,2.0449181583406323e-06,2.9187075104920195e-05,5.0745261626426066e-05,0.007123570847996534,7.367501490058432e-05,0.008583415107087874,5.367875375406319e-05,0.00732657858444603,5.938584057468079e-05,0.007706220900978689
2017-05-02,-0.0007561852011624,5.718160584570635e-07,3.678337868151636e-05,4.7823241018340925e-05,0.006915434984029633,6.929798958404388e-05,0.008324541403827834,4.977271534895913e-05,0.007054978054463325,5.748285108523734e-05,0.007581744593775059
2017-05-03,-0.0015252076210209,2.3262582872204285e-06,3.153988545020704e-05,4.498815552074789e-05,0.006707321039039945,6.525026541303007e-05,0.008077763639339175,4.684686205480888e-05,0.006844476755370631,5.578523538052671e-05,0.007468951424432128
2017-05-04,0.0183360035246564,0.0003362090252562,6.0972362950211056e-05,4.2428441686736225e-05,0.006513711820977056,6.179650529537544e-05,0.007861075326911417,4.5379307744736866e-05,0.006736416535869562,5.447258869904747e-05,0.007380554769056827
2017-05-05,-0.0050811628938093,2.581821635342511e-05,8.081827153833409e-05,6.005527670090479e-05,0.007749533966691468,8.971694282102928e-05,0.00947190280888847,4.9375293945624e-05,0.007026755577478414,6.010210610354332e-05,0.007752554811385942
2017-05-08,0.00715868386234,5.1246754640927706e-05,2.865960213470161e-05,5.800105308005597e-05,0.007615842243642916,8.583937306422246e-05,0.009264954023859075,5.381053757207675e-05,0.007335566615611691,6.147420716713287e-05,0.007840548907259801
2017-05-09,-0.0026410124705961,6.974946869844378e-06,2.0377635884152396e-05,5.759579517370824e-05,0.007589189362093176,8.473617040299188e-05,0.00920522516851119,5.2363443305924704e-05,0.007236258930270856,6.042352419362417e-05,0.007773256987493992
2017-05-10,0.0054042579557086,2.9206004051840556e-05,9.553938163795444e-06,5.455854427547639e-05,0.007386375584512095,7.963909302942549e-05,0.008924073791123956,5.234511348727149e-05,0.007234992293518459,5.9296592291500984e-05,0.0077004280589783435
2017-05-11,-0.0005213950726269,2.7185282175969306e-07,3.134095695754086e-05,5.303739186205819e-05,0.007282677520119794,7.714930837602513e-05,0.008783467901462675,5.0249313736561964e-05,0.00708867503392291,5.797753176141778e-05,0.007614297850847298
2017-05-12,-0.0064519579945066,4.1627761962878365e-05,5.5238367331545087e-05,4.987145951964027e-05,0.007061972778171852,7.223765327542172e-05,0.008499273691052767,4.6909498636740826e-05,0.006849050929635494,5.619542794160706e-05,0.007496360979942672
2017-05-15,0.0065856486238057,4.337076779623463e-05,1.804531331835522e-05,4.9376837666234516e-05,0.007026865422521946,7.168959723292656e-05,0.00846697095973091,5.39117245925419e-05,0.007342460390941302,5.9996350279110675e-05,0.007745731100361713
2017-05-16,0.0046820028630298,2.192115080941934e-05,3.240393719047088e-05,4.901647347403448e-05,0.007001176577835649,7.136176907745203e-05,0.008447589542434696,5.2204002600184754e-05,0.007225233740176491,5.891366289070063e-05,0.007675523623226016
2017-05-17,0.0003204956663638,1.0271747215802677e-07,1.5069941571409971e-05,4.7390754114157566e-05,0.006884094284229231,6.907690714758918e-05,0.008311251839981097,4.9810530695521313e-05,0.007057657592680543,5.747514178757147e-05,0.007581236164872551
2017-05-18,-0.0104023182236214,0.0001082082244254,2.1188875690945973e-05,4.455347191563759e-05,0.00667483871832403,6.500916230800428e-05,0.008062825950496778,4.58308201469387e-05,0.006769846390202565,5.570546284183663e-05,0.007463609236946735
2017-05-19,0.003131850039759,9.808484671538595e-06,5.2172991081030416e-05,4.837275706622849e-05,0.006955052628573597,7.141392903940076e-05,0.008450676247460955,6.069848001653874e-05,0.007790922924566687,6.827745534064004e-05,0.008263017326657377
2017-05-22,-0.0051494502837269,2.651683822457577e-05,5.47351836952288e-05,4.6058900722547084e-05,0.0067866708128910365,6.79986558230097e-05,0.00824612974813092,5.6861555745798186e-05,0.007540660166444195,6.572707203413035e-05,0.008107223447896965
2017-05-23,-0.003097015029267,9.591502091505938e-06,4.3439799847534514e-05,4.488637697266876e-05,0.0066997296193703785,6.649871036000363e-05,0.008154674141865121,6.119964587123142e-05,0.007823020252513182,6.667707270807053e-05,0.008165603021704554
2017-05-24,-0.0020612358986517,4.2486934298907e-06,2.9346046714652207e-05,4.276868447979898e-05,0.006539777097103462,6.358670065020228e-05,0.00797412695222507,6.1430148960467e-05,0.00783773876577084,6.532201179238414e-05,0.008082203399592473
2017-05-25,0.0286282956759877,0.0008195793133117,0.0003340527271425,4.045748501680447e-05,0.0063606198610516316,6.048862008703844e-05,0.007777443030137761,5.973907789902041e-05,0.007729105892599765,6.339044142473229e-05,0.00796181144116917
2017-05-26,0.0073636178445155,5.4222867760067846e-05,6.662590302518239e-05,8.720479471450281e-05,0.009338350749168872,0.00013343707727005394,0.011551496754535921,6.868107083544403e-05,0.008287404348494409,7.845239930883077e-05,0.008857335903579065
2017-05-29,-0.0077108362386844,5.945699549980991e-05,6.923427300700624e-05,8.522587909723667e-05,0.009231786343781828,0.0001275416507413023,0.011293433965862744,6.613731562442496e-05,0.008132485205914915,7.591437876685003e-05,0.008712885788695387
2017-05-30,0.0053559816445649,2.8686539376916354e-05,3.9581830159624216e-05,8.367974608139099e-05,0.009147663421955958,0.00012276009221102776,0.011079715348826782,7.557907653735298e-05,0.008693622751037279,8.025136872263465e-05,0.008958312827906528
2017-05-31,0.005030911035714,2.531006584926922e-05,3.226995911112456e-05,8.038015367912249e-05,0.008965497960466138,0.0001156301800077405,0.01075314744657305,7.142015867494092e-05,0.008451044827412817,7.700773233171169e-05,0.008775404966821285
2017-06-01,-0.0049064757653354,2.407350443582454e-05,1.966029215482416e-05,7.707594840933127e-05,0.0087792908830572,0.0001089459607058276,0.010437718175244415,6.748263750978665e-05,0.008214781647115562,7.398872399679457e-05,0.008601669837699805
2017-06-02,0.0028167217859272,7.93392161931747e-06,1.3852744591651444e-05,7.389580177092081e-05,0.008596266734514513,0.00010285869860658967,0.010141927755934256,7.091473147374231e-05,0.008421088496966548,7.386404694312389e-05,0.008594419523337449
2017-06-05,0.0035763051418252,1.2789958467445638e-05,1.377509111826981e-05,6.993808896182458e-05,0.008362899554689425,9.592083823573124e-05,0.009793918431135274,6.594139844197176e-05,0.008120430927110442,7.076376485369756e-05,0.008412120116456824
2017-06-06,-0.0018494844983331,3.420592909574616e-06,1.562425097398144e-05,6.650920113216183e-05,0.008155317353246398,9.017274113976447e-05,0.009495932873591961,6.181366905289735e-05,0.00786216694384553,6.804953816248277e-05,0.008249214396685467
2017-06-07,0.0064426226973891,4.150738722091418e-05,2.0802781716276286e-05,6.272388463880659e-05,0.007919841200352858,8.416665274307999e-05,0.009174238537507077,5.970903457461463e-05,0.0077271621294376005,6.576035902494547e-05,0.008109276109798301
2017-06-08,-0.0013396450294397,1.794648804902629e-06,1.3612061048292296e-05,6.145089479373298e-05,0.007839062111868548,8.233711771364911e-05,0.009073980257508229,5.7469876203728884e-05,0.007580888879526522,6.41118083962679e-05,0.00800698497539916
2017-06-09,0.0065556220580608,4.2976180568133535e-05,3.481722821691848e-05,5.787152003440315e-05,0.007607333306382937,7.701443724255188e-05,0.008775786987077107,5.4829034463756535e-05,0.007404663021620669,6.196911444273237e-05,0.007872046394853905
2017-06-12,-0.0093489008132452,8.740194641589751e-05,2.3086119659103036e-05,5.6977799666426955e-05,0.007548364039076743,7.608293151141975e-05,0.008722553038613164,5.303556967790476e-05,0.007282552415046854,6.069791198058409e-05,0.007790886469496529
2017-06-13,0.0003152607048652,9.938931203215857e-08,1.8450061924818773e-05,5.8803248471395144e-05,0.007668327618939813,7.937627086057023e-05,0.00890933616273234,6.594240933275576e-05,0.00812049317053809,7.008703831792951e-05,0.008371800183827223
2017-06-14,0.0008876707202482,7.879593075859716e-07,1.7465753870894207e-05,5.528101692183336e-05,0.007435120504862941,7.421145402985676e-05,0.00861460701540452,6.029647858891402e-05,0.007765080720051404,6.716558624751598e-05,0.00819546131999389
2017-06-15,-0.0045616408342158,2.080856710038548e-05,1.718083751130384e-05,5.201143346497851e-05,0.007211895275513817,6.966057521236483e-05,0.008346291105177487,5.549540613413918e-05,0.0074495238864063775,6.452551428445841e-05,0.008032777495017424
2017-06-16,0.0047340111955506,2.2410861999599183e-05,1.2237923315895764e-05,5.01392614831029e-05,0.007080908238573842,6.745354933831406e-05,0.008213010978825857,5.876546139390517e-05,0.007665863382157627,6.483708867806583e-05,0.008052148078498422
2017-06-19,0.0101345654504022,0.0001027094168684,4.7257035434055895e-05,4.847555751409263e-05,0.00696243904921922,6.563034513437779e-05,0.008101255775148553,5.5827960514996844e-05,0.0074718110599102305,6.286802898806203e-05,0.007928936182620088
2017-06-20,-0.0018634740741732,3.4725356251159255e-06,7.64642399688664e-06,5.172958907535623e-05,0.007192328487726087,7.145830992002892e-05,0.00845330171708244,5.5579182566441224e-05,0.007455144704594353,6.27810039885345e-05,0.007923446471614136
2017-06-21,0.0004556700678236,2.076352107104125e-07,1.4572005148246738e-05,4.8834165868341794e-05,0.006988144665670696,6.744991536301204e-05,0.008212789743017415,5.399419427186904e-05,0.007348074187967147,6.09797486233732e-05,0.007808953106746973
2017-06-22,0.0011529146000672,1.3292120750483175e-06,2.6429604109825743e-05,4.591657402888391e-05,0.006776176947872886,6.356516960788433e-05,0.007972776781516233,4.9648032120187596e-05,0.0070461359708841554,5.88922574938047e-05,0.007674129103279714
2017-06-23,-0.00817917441825,6.68988941641555e-05,5.020892553379361e-05,4.324133231165376e-05,0.006575814193820698,6.019826081342656e-05,0.007758753818328467,4.602002649599965e-05,0.006783806195344886,5.701916937456759e-05,0.007551103851396006
2017-06-27,-0.0139654480041549,0.0001950337379567,0.0002259481735199,4.4660786022803854e-05,0.006682872587652996,6.327909373056625e-05,0.0079548157571729,5.633345359592542e-05,0.0075055615110346955,6.405701400089571e-05,0.00800356258180666
2017-06-28,0.0008438730715335,7.121217608595042e-07,2.9197491094485836e-05,5.368316313884088e-05,0.007326879495313191,7.793124520784574e-05,0.008827867534566077,8.023976450356245e-05,0.008957665125665419,8.724608559208055e-05,0.009340561310332509
2017-06-29,-0.000367987419437,1.3541474086391866e-07,8.21551673660777e-05,5.050490065616198e-05,0.00710668000237537,7.297720898140557e-05,0.008542669897719657,7.332211393478739e-05,0.008562833288975525,8.277067996056994e-05,0.009097839301755662
2017-06-30,-0.0006934655536203,4.808944740580428e-07,4.478956733164769e-05,4.7482731501244096e-05,0.0068907714735901736,6.849716365133892e-05,0.008276301326760578,6.742142668071732e-05,0.008211055150266457,7.87066147723979e-05,0.00887167485722949
2017-07-03,0.0026504738382308,7.025011567146216e-06,2.305884324655927e-05,4.466262127961293e-05,0.006683009896716668,6.452627462573831e-05,0.008032824822298711,6.271927603829512e-05,0.007919550242172538,7.505895500738034e-05,0.00866365713814786
2017-07-04,-0.0025212327357455,6.356614507794975e-06,2.6485837366038015e-05,4.24043646968649e-05,0.006511863381311443,6.158596633795795e-05,0.007847672670158838,5.847042735655482e-05,0.007646595801829388,7.183028772732258e-05,0.00847527508269334
2017-07-05,0.005944168653677,3.5333140983357254e-05,2.0311718134847953e-05,4.0241499685520686e-05,0.006343618816221596,5.889669534770817e-05,0.007674418241645954,5.782944103102089e-05,0.0076045671166096555,6.958066313787878e-05,0.008341502450870513
2017-07-06,0.0048719439600751,2.3735837950112285e-05,1.909275288556449e-05,3.9946998163390816e-05,0.006320363768280337,5.918473945807807e-05,0.007693161863504373,5.551837139853983e-05,0.007451065118393466,6.745236131604805e-05,0.00821293865288473
2017-07-07,-0.0007460260514251,5.565548694049806e-07,5.553049980500175e-06,3.89743285505941e-05,0.006242942299156232,5.836511314804769e-05,0.007639706352213263,5.292439188958377e-05,0.007274915249649563,6.527256593804441e-05,0.008079143886455075
2017-07-10,0.0095875492099902,9.192109985398371e-05,0.0002943221310932,3.666926212972275e-05,0.006055515017710942,5.548019641236843e-05,0.007448502964513637,4.969493612316181e-05,0.007049463534423156,6.286160304526832e-05,0.007928530951271384
2017-07-11,-0.0038278057008585,1.465209648352523e-05,2.3762432274216077e-05,3.998437239317841e-05,0.006323319728843261,6.138716481744467e-05,0.00783499615937651,4.9604540719375906e-05,0.007043049106699165,6.25464668740364e-05,0.00790863242754627
2017-07-12,0.0046890453305087,2.1987146111565627e-05,2.9278053448537517e-05,3.8464435838599196e-05,0.006201970319067901,5.948943348578377e-05,0.007712939354473349,5.1795279760707494e-05,0.007196893757775468,6.223187137842958e-05,0.007888717980662612
2017-07-13,0.0081204657112963,6.594196336833912e-05,1.0205997738590464e-05,3.747579845497717e-05,0.006121747990155848,5.8474966486469804e-05,0.0076468926033042865,4.9439426503734604e-05,0.007031317551052193,6.049173465089854e-05,0.007777643258140511
2017-07-14,0.002051146056292,4.2072001442425655e-06,2.733155465453835e-05,3.9183768349778876e-05,0.00625969395016872,6.165044379173397e-05,0.007851779657614825,4.873183856039006e-05,0.0069808193330289006,5.9842288727225756e-05,0.007735779774995262
2017-07-17,0.0032261163063832,1.0407826422311974e-05,1.4565047546479434e-05,3.7085174257446676e-05,0.006089759786514298,5.875469883020765e-05,0.007665161370134855,4.55540529299122e-05,0.006749374262101058,5.7943454468981346e-05,0.007612059804611453
2017-07-18,0.0002914447883605,8.494006466250798e-08,2.63066880748111e-05,3.548453338733857e-05,0.005956889573203332,5.674314554440428e-05,0.007532804626724649,4.3132256423747354e-05,0.006567515239704233,5.6349464408645036e-05,0.007506628031855917
2017-07-19,0.005421912025353,2.9397130010668433e-05,1.000959671284254e-05,3.3360557787978e-05,0.005775859917620752,5.398715250969568e-05,0.007347595015356772,3.9802476570238814e-05,0.006308920396568562,5.468220405181279e-05,0.007394741648753714
2017-07-20,0.0025100259092353,6.300230065032607e-06,1.0210887685782396e-05,3.312275212133937e-05,0.005755236930078497,5.4246751479674585e-05,0.007365239404097778,3.869547304300581e-05,0.006220568546604547,5.378857528425185e-05,0.007334069490007021
2017-07-21,0.0018032320972618,3.2516459965952836e-06,3.0517391096366355e-05,3.1513400797960956e-05,0.005613679791185186,5.2333785640304354e-05,0.0072342093998103455,3.659359983379519e-05,0.006049264404354895,5.2486927996713563e-05,0.0072447862630110466
2017-07-24,0.0067299284181444,4.529193651334856e-05,3.104862736075903e-05,2.9817695509879008e-05,0.005460558168344973,5.0341418189388186e-05,0.007095168651229384,3.4420684121606654e-05,0.005866914361195896,5.123951957678852e-05,0.007158178509704024
2017-07-25,0.0040803348778483,1.664913271538583e-05,1.8230896488261227e-05,3.074614997008712e-05,0.005544921096831507,5.246533535564016e-05,0.007243295890383063,3.416781003787645e-05,0.005845323775281952,5.099722120762272e-05,0.007141233871511472
2017-07-26,0.0060986376305947,3.719338094930619e-05,3.318735165713959e-05,2.990032893480501e-05,0.005468119323387613,5.1703132599240334e-05,0.0071904890375579,3.2991794944966194e-05,0.0057438484437671395,5.016985985347493e-05,0.007083068533727097
2017-07-27,0.010150779291784,0.0001030383202305,3.150078279998974e-05,3.0337912055675055e-05,0.00550798620692491,5.292996115717905e-05,0.0072752980115716945,3.2605558400214804e-05,0.005710127704370087,4.985356285531738e-05,0.007060705549399251
2017-07-28,-0.0044678390327744,1.9961585622782812e-05,2.5634298006386863e-05,3.4699936546165206e-05,0.005890665204046586,6.014091369685338e-05,0.007755057298102535,3.369266022981579e-05,0.005804537899765647,5.0961974893138875e-05,0.007138765642121814
2017-07-31,0.0117141012832884,0.0001372201688751,6.656429330763666e-05,3.381563549076224e-05,0.0058151212791103715,5.886896556741561e-05,0.00767261139165901,3.7424291667427236e-05,0.006117539674364788,5.240114558738642e-05,0.007238863556345458
2017-08-01,0.0007624930936981,5.813957179373905e-07,1.8275571698816075e-05,4.001990749382485e-05,0.00632612895014201,6.862182014442138e-05,0.008283828833602333,3.889032316667147e-05,0.006236210641621358,5.4001525321858245e-05,0.007348573012623488
2017-08-02,-0.0026944253267765,7.259927841574816e-06,4.265483933062774e-05,3.765359678727159e-05,0.0061362526665116705,6.464698981156786e-05,0.008040335180299878,3.613919255973202e-05,0.00601158818946641,5.2559200017376376e-05,0.007249772411419298
2017-08-03,-0.015288736950934,0.0002337454775548,8.708804217907214e-05,3.5829976650529776e-05,0.00598581461879081,6.171564252853259e-05,0.007855930405020948,3.713364636690883e-05,0.006093738291632553,5.218777918977093e-05,0.007224110961894961
2017-08-04,0.0061572138636878,3.791128256319023e-05,4.8859925782853327e-05,4.770490670478928e-05,0.00690687387352551,8.012929425188928e-05,0.008951496760424442,6.224220465592481e-05,0.007889372893704848,8.153446464121419e-05,0.009029643660810441
2017-08-07,0.0031729478084983,1.0067597795454406e-05,1.0576193822442373e-05,4.711728925629328e-05,0.006864203468450894,7.839573467980835e-05,0.00885413658578906,5.965905341508605e-05,0.007723927331033485,7.836920983429184e-05,0.008852638580349468
2017-08-08,-0.0123966438033908,0.0001536767775881,0.000109735107262,4.489430776864293e-05,0.006700321467559816,7.426104288886752e-05,0.008617484719386946,5.5938397648484106e-05,0.007479197660744373,7.49027530192742e-05,0.008654637659617773
2017-08-09,-0.0091845538893784,8.435603014689648e-05,2.5223412476523368e-05,5.142125595781321e-05,0.007170861591037245,8.390308169157481e-05,0.009159862536718267,7.59305164638207e-05,0.008713811821689788,9.168098087680682e-05,0.009575018583627231
2017-08-10,-0.0064722829598565,4.189044671244952e-05,0.000158525319772,5.3397342409158174e-05,0.007307348521122978,8.608080307921531e-05,0.009277974082697975,8.872711347438108e-05,0.00941950707173051,9.784156109118781e-05,0.009891489326243435
2017-08-11,-0.0096094290017649,9.234112573996216e-05,6.512698892522295e-05,5.2706928667355614e-05,0.007259953764822171,8.408300648038261e-05,0.009169678646516606,9.471238116254872e-05,0.009732028625242977,9.787383940037868e-05,0.009893120811977314
2017-08-14,0.0054052317838486,2.9216530637127577e-05,1.8761897146441957e-05,5.50849804917119e-05,0.007421925659268752,8.698311316910486e-05,0.009326473780004148,0.00010843593656304716,0.010413257730559018,0.00010451545716081911,0.010223280156623858
2017-08-16,0.0132619095978333,0.0001758782461811,0.000162504318077,5.353287350043681e-05,0.007316616260296614,8.371225301465625e-05,0.009149440038311429,0.0001010940823056452,0.010054555301237604,9.906728975830232e-05,0.009953255234258907
2017-08-17,-0.008236299225054,6.783662492462667e-05,8.567416325895142e-05,6.087359586127679e-05,0.007802153283631179,9.44096126814568e-05,0.009716460913391088,9.917948315227236e-05,0.009958889654588627,9.72256755943006e-05,0.009860308088203968
2017-08-18,-0.0067396235662374,4.542252581458254e-05,2.6049487816486577e-05,6.129137760507769e-05,0.007828880993161008,9.39344164217148e-05,0.009691976909883495,0.00010919772705353095,0.010449771626860128,0.00010071481560604185,0.010035677137395456
2017-08-21,-0.0057465743493364,3.302311675245143e-05,8.833806802455529e-05,6.033924649764798e-05,0.00776783409308206,9.142831162722424e-05,0.00956181528932787,0.00011490453850489806,0.010719353455544698,0.00010094764168138413,0.010047270359723786
2017-08-22,0.001584093618034,2.5093525906960957e-06,4.732509545297259e-05,5.8700278712936164e-05,0.007661610712698484,8.803759238957757e-05,0.009382834986803167,0.00011769578688749847,0.010848768911148327,9.953408548622154e-05,0.00997667707637275
2017-08-23,0.0141788576398004,0.0002010400039697,4.681711649924423e-05,5.532882314560176e-05,0.007438334702445283,8.217424920515277e-05,0.009065001335088306,0.00010703897094161907,0.010345963992863066,9.397465402185096e-05,0.00969405250769001
2017-08-24,-0.0017534158650693,3.0744671958767427e-06,2.1146070796260277e-05,6.407149399504923e-05,0.008004467127488826,9.537206441604507e-05,0.009765862195220914,0.00010522200724464292,0.01025777789019839,9.313148878542491e-05,0.009650465728938936
2017-08-28,0.0042300940472109,1.7893695648249887e-05,8.912089293598762e-06,6.041167238709888e-05,0.007772494605150838,8.878016495670063e-05,0.009422322694362608,9.899689459621174e-05,0.009949718317430486,8.850649262443251e-05,0.009407788933879868
2017-08-29,-0.0102318575147031,0.0001046909082011,2.9145109362194545e-05,5.7860593782767894e-05,0.00760661513307778,8.42664313407854e-05,0.009179674903872436,9.193275680221489e-05,0.00958815711188625,8.42802147320981e-05,0.009180425629136053
2017-08-30,0.0074219526533168,5.508538118807663e-05,1.244227918470592e-05,6.0670412647873005e-05,0.007789121429780961,8.829388234535828e-05,0.009396482445328053,0.0001073342031249003,0.01036022215615574,9.378180185238548e-05,0.009684100466867612
2017-08-31,0.0003990073470046,1.5920686296369104e-07,1.315678037163595e-05,6.0335310760285205e-05,0.007767580753380373,8.728578140824891e-05,0.009342685984675334,0.00010131853276514202,0.010065710743168711,8.986220363593727e-05,0.009479567692460309
2017-09-01,0.004742378556113,2.2490154369480648e-05,1.8574610755656528e-05,5.672474452644591e-05,0.007531583135466667,8.128424836218157e-05,0.009015777745828785,9.182515362193933e-05,0.009582544214452617,8.513617632515267e-05,0.009226926699890526
2017-09-04,-0.0081014325334762,6.563320909446752e-05,5.602365974602557e-05,5.4670669117027976e-05,0.007393961665915504,7.799559851869516e-05,0.008831511678002536,8.577580176146553e-05,0.009261522648110598,8.131511030511525e-05,0.009017489135292333
2017-09-05,0.0037660910753523,1.4183441987848737e-05,1.0583104232964907e-05,5.532842151567429e-05,0.007438307705094909,7.906368183296288e-05,0.008891776078656214,9.580611911102917e-05,0.00978806002796413,8.596839384854533e-05,0.009271914249417179
2017-09-06,-0.00202228357205,4.089630845783518e-06,1.993083679717019e-05,5.285972274400473e-05,0.007270469224472704,7.524008407515894e-05,0.008674104223212846,8.880792026159863e-05,0.00942379542761825,8.189523950701469e-05,0.00904959885890058
2017-09-07,0.0010599506635547,1.1234954091701777e-06,1.6830292480852444e-05,4.993351723011144e-05,0.007066365206392282,7.088628164906424e-05,0.008419399126366694,8.472374866142033e-05,0.00920455043233619,7.842937533290872e-05,0.00885603609595787
2017-09-08,0.002707765729152,7.331995243970194e-06,1.3015151091070304e-05,4.7004915920854954e-05,0.006856013121403354,6.672065511916779e-05,0.008168271244221006,7.743245695528322e-05,0.0087995714074768,7.476782119804724e-05,0.008646838797968147
2017-09-11,0.0122933875283545,0.0001511273769223,4.577605355387954e-05,4.4624540680241855e-05,0.006680160228635377,6.357517912751195e-05,0.007973404487890474,7.175155147349272e-05,0.008470628753138266,7.157224753819202e-05,0.008460038270492163
2017-09-12,0.0045474183066662,2.067901325580305e-05,1.658563909682129e-05,5.101471085476547e-05,0.007142458320127984,7.411838556198773e-05,0.008609203538190262,7.147916085168085e-05,0.00845453492817203,7.171676061370565e-05,0.00846857488682161
2017-09-13,0.0018985688419689,3.604563647695497e-06,2.601753123729151e-05,4.919456899882771e-05,0.007013884016636411,7.142462336054447e-05,0.008451308973203174,6.729747769256174e-05,0.008203503988696643,6.908274502030715e-05,0.00831160303553455
2017-09-14,0.0032345666514706,1.0462421422806026e-05,1.8590346495789207e-05,4.645916867775976e-05,0.006816096293169556,6.743207696801398e-05,0.008211703658073274,6.224749360570911e-05,0.007889708081146547,6.632730879094608e-05,0.008144157954690348
2017-09-15,-0.0027313006806729,7.46000340824427e-06,9.16665362750441e-06,4.429936384246252e-05,0.006655776727209418,6.450155346599584e-05,0.008031285916090638,5.831094788632403e-05,0.007636160546133379,6.396887301120038e-05,0.007998054326597212
2017-09-18,0.0081217176879259,6.596229820236982e-05,1.541644827126312e-05,4.208900221640942e-05,0.006487603734539388,6.160427371952037e-05,0.007848839004561145,5.805965117598406e-05,0.00761968839100288,6.258175793738972e-05,0.007910863286480795
2017-09-19,-0.0002136089830582,4.5628797643171085e-08,7.012733799988131e-06,4.352139997556696e-05,0.006597075107619054,6.444840447543739e-05,0.008027976362411475,5.6724347157981847e-05,0.007531556755278543,6.174188478015339e-05,0.00785760044671103
2017-09-20,-0.0030596340358927,9.361360433593108e-06,7.541846519639239e-06,4.091285370489153e-05,0.006396315635183393,6.086823994311354e-05,0.007801810042747359,5.225647559013225e-05,0.007228864059458598,5.958637505237837e-05,0.007719221142860099
2017-09-21,-0.0066634664475343,4.440178509741655e-05,4.779428774035533e-05,3.901976410861362e-05,0.0062465801930827415,5.853443773067771e-05,0.007650780204049631,5.296931500363944e-05,0.007278002129955682,5.884866437862353e-05,0.007671288312834001
2017-09-22,-0.0175077148744353,0.0003065200801245,8.196253007924811e-05,3.9342685367941725e-05,0.0062723747789765975,5.970322828316462e-05,0.007726786413714606,6.034179883315934e-05,0.007767998380095051,6.277087212029866e-05,0.00792280708589441
2017-09-25,-0.0083982717814256,7.053096891469025e-05,7.480089826036002e-05,5.5373329053336614e-05,0.007441325759119582,8.508947707617987e-05,0.009224395756697555,9.423542018750554e-05,0.009707492991885471,0.00010068928110747666,0.010034404870617722
2017-09-26,0.0014101343886417,1.9884789940300637e-06,2.9865503878558608e-05,5.628278744501779e-05,0.007502185511237228,8.585698067910059e-05,0.009265904201916864,0.00010480974404691392,0.010237663016866395,0.00010421526153797165,0.010208587636787551
2017-09-27,-0.0160880316358932,0.0002588247619175,0.0001992661461081,5.302512893795851e-05,0.0072818355473025145,8.017747584604208e-05,0.008954187615079443,9.550072794825277e-05,0.009772447387847773,9.821730912023552e-05,0.009910464626859607
2017-09-28,0.0081638681110291,6.664874253427802e-05,0.0001360760390572,6.537310691673104e-05,0.008085363746717339,9.895417316608104e-05,0.009947571219452568,0.00012785775080377586,0.011307420165704282,0.00012664763653792631,0.011253783210011036
2017-09-29,0.0018663782827946,3.4833678944875473e-06,3.0742909609122505e-05,6.544964505378384e-05,0.008090095491017633,9.788471978097492e-05,0.009893670692972095,0.00012029547112016339,0.010967929208385846,0.00011997189941183506,0.010953168464505376
2017-10-03,0.0020932209737021,4.381574044746416e-06,2.989117855430947e-05,6.173166842422604e-05,0.007856950325936014,9.106322467412789e-05,0.009542705312128625,0.00010951725345016057,0.01046504913749384,0.00011256676024460142,0.010609748359155433
2017-10-04,0.0004106670602318,1.6864743435944926e-07,1.8260824493638532e-05,5.829066276145725e-05,0.0076348322025737575,8.505155273012971e-05,0.00922233987283757,0.00010008426742729718,0.010004212484113739,0.00010585688987436571,0.010288677751507514
2017-10-05,-0.0022939221392235,5.262078780820145e-06,1.489646150079122e-05,5.480334184183138e-05,0.00740292792358749,7.928881586448324e-05,0.008904426756646563,9.073756165172107e-05,0.009525626575282125,9.96704480059151e-05,0.009983508802315702
2017-10-06,0.0054696148519207,2.9916686628352065e-05,1.7380452483874005e-05,5.183086605817068e-05,0.007199365670541445,7.461275115089362e-05,0.008637867280231483,8.706710153961325e-05,0.009330975379863203,9.473504025103283e-05,0.009733192705943555
2017-10-09,0.0025556859910345,6.5315308847702645e-06,1.4764525890345398e-05,5.0516015292381526e-05,0.007107461944490559,7.272421204313174e-05,0.008527849203822248,8.188268441581902e-05,0.00904890515011728,9.019485062954302e-05,0.009497096957994217
2017-10-10,0.0039320735198862,1.5461202165790862e-05,6.860836798005481e-06,4.787694622792483e-05,0.006919316890266324,6.886509073463625e-05,0.00829849930617797,7.566865596882488e-05,0.008698773245051562,8.557353121162876e-05,0.00925059626249188
2017-10-11,-0.009906153978135,9.813188663852004e-05,0.0001010424257801,4.5932001584196756e-05,0.006777315219480112,6.624618546627948e-05,0.008139175969733022,7.078038478398482e-05,0.008413107914676051,8.156352204818435e-05,0.009031252518238228
2017-10-12,0.0104728265571242,0.0001096800960956,0.0001061958469612,4.906399468745615e-05,0.00700456955761424,7.158347271242248e-05,0.008460701667853706,8.529678794323867e-05,0.009235626017939372,9.045354002949009e-05,0.009510706599905713
2017-10-13,0.0133701327166707,0.0001787604488613,9.168438892522388e-05,5.2700960771945136e-05,0.007259542738488777,7.742483862661133e-05,0.008799138516162326,8.302072740626798e-05,0.009111571072338074,8.799520989614051e-05,0.00938057620277883
2017-10-16,0.0005628642686818,3.1681618495870077e-07,7.753123355217028e-05,6.026453005731173e-05,0.007763023254976873,8.905939419657431e-05,0.009437128493168582,8.253735438552029e-05,0.009085007120829366,8.722578304325387e-05,0.009339474452197719
2017-10-17,-0.0023284067906014,5.4214781825188114e-06,3.331653291520648e-05,5.6667667224970544e-05,0.007527792984997033,8.288362850913018e-05,0.009104044623634606,7.522700810909154e-05,0.008673350454645052,8.274385146227276e-05,0.00909636473885435
2017-10-18,-0.0135563341215504,0.0001837741948151,2.070817763161302e-05,5.359289588242343e-05,0.007320716896754268,7.783956070584034e-05,0.008822673104328434,7.294348788792189e-05,0.00854069598381314,7.937505085687057e-05,0.008909267694758676
2017-10-19,-0.0125820208731392,0.0001583072492521,6.834485526046493e-05,6.140377381838473e-05,0.007836056011692663,8.98955605390312e-05,0.009481326939781752,9.683823449524466e-05,0.009840641975767875,9.968957347275503e-05,0.00998446660932646
2017-10-23,0.0032912100715384,1.083206373499596e-05,3.5509272030095866e-05,6.721798234440828e-05,0.00819865735010363,9.8302718483948e-05,0.009914772739904229,0.00011876195511679736,0.010897795883425114,0.00011481118988327002,0.010714998361328387
2017-10-24,0.0055163333728341,3.0429933880244057e-05,4.1953729183320106e-05,6.383482722784353e-05,0.007989670032475905,9.211915655983339e-05,0.009597872501749196,0.00010903645709028495,0.010442052340909088,0.00010803310282096999,0.010393897383607844
2017-10-25,0.0330432778249413,0.0010918582094162,0.0002080663809954,6.183053362698751e-05,0.007863239385074544,8.841405139121448e-05,0.009402874634451662,0.00010170024780461493,0.010084654074613314,0.00010228943096481831,0.010113823755870888
2017-10-26,-0.000547417166493,2.996655541713091e-07,5.951097394405557e-05,0.00012363219417434377,0.011119001491786202,0.00018367427060787705,0.013552648103152279,0.00011261756506111111,0.010612142340786383,0.0001195711325958114,0.0109348585997173
2017-10-27,-0.0073262340856926,5.367370587836421e-05,2.2592623105674137e-05,0.00011623224245713341,0.01078110580864196,0.00016742152397938452,0.01293914695717552,0.00010284538954704787,0.010141271594186197,0.00011216802366296117,0.01059094064108383
2017-10-30,0.0059805700359894,3.576721795537537e-05,3.810109585911288e-05,0.00011247873026240724,0.010605599005355956,0.00015785614902668734,0.012564081702483765,0.0001103691245047332,0.010505671063988878,0.00011243639295971257,0.010603602829213878
2017-10-31,0.0012317729896183,1.5172646979533311e-06,9.824962046404686e-06,0.00010787603952398526,0.010386339081889502,0.0001476464688258939,0.012150986331401,0.00010317880739510381,0.010157696953301166,0.00010640376149912509,0.010315219895820208
2017-11-01,0.0186543167968351,0.0003479835351566,7.996065406858116e-05,0.00010149451303442334,0.010074448522595335,0.00013534333946960806,0.011633715634723416,9.394940768679717e-05,0.009692750264336596,0.00010019596889322913,0.010009793648883533
2017-11-02,-0.0024803629651614,6.152200438944473e-06,2.0711186002588503e-05,0.00011628385436175899,0.010783499170573483,0.0001565253447750715,0.012511008943129707,9.583764120558288e-05,0.00978967012751619,0.00010189968852808296,0.010094537558901991
2017-11-03,0.0087473492524258,7.651611894391506e-05,4.99276170532486e-05,0.0001096759551263901,0.010472628854609051,0.00014370714669998983,0.011987791568925021,9.213089707562517e-05,0.009598484103004243,9.687737256982954e-05,0.009842630368444684
2017-11-06,-0.0031060129491066,9.647316440018372e-06,1.4987216170075134e-05,0.00010768636495544153,0.010377204101078553,0.0001387883655031468,0.01178084740174266,8.830324419200158e-05,0.009396980589104225,9.312939387264124e-05,0.009650357188863076
2017-11-07,-0.0106287783415079,0.0001129709290329,0.0001109753829969,0.0001018040220445161,0.010089797918913743,0.00012818352825826366,0.011321816473440278,8.660691215752154e-05,0.009306283477173986,8.936605544032433e-05,0.009453362123621644
2017-11-08,-0.0046132686709931,2.128224783076668e-05,5.640321189406919e-05,0.00010247403646381959,0.010122946036792826,0.0001283032510017814,0.011327102498069902,0.00010306236642245763,0.010151963673223897,9.948842577916863e-05,0.009974388491490023
2017-11-09,0.0042396422446569,1.7974566362679785e-05,2.708920963243905e-05,9.760252914583639e-05,0.009879399230005657,0.00011989544844249718,0.010949678006338687,0.0001037702192466555,0.010186766869161947,9.666931362107149e-05,0.009832055411818603
2017-11-10,0.008174837954151,6.682797557662772e-05,7.289715374112198e-05,9.282485137884697e-05,0.00963456544836595,0.00011207580775795465,0.010586586218321497,9.62178378948904e-05,0.009809069165567669,9.169933150556478e-05,0.009575976791198107
2017-11-13,-0.0055311083312405,3.059315937191807e-05,4.18185613531836e-05,9.126503883071382e-05,0.009553273723217284,0.0001096256969878208,0.010470229080006837,9.169371591911465e-05,0.009575683574508644,8.821882926178777e-05,0.009392487916510074
2017-11-14,-0.0029105807827574,8.471480492957204e-06,1.8582917162056852e-05,8.762472606318608e-05,0.009360807981322236,0.00010407150620176448,0.010201544304749378,9.529884089989633e-05,0.009762112522394747,8.764917138883426e-05,0.009362113617599086
2017-11-15,-0.0026018005903789,6.769366312096193e-06,1.3026886213477536e-05,8.287553132897231e-05,0.009103599910418533,9.705441690353048e-05,0.00985162001416673,9.260445091721302e-05,0.009623120643388662,8.423216978823828e-05,0.00917780855042413
2017-11-16,0.0089884217359722,8.079172530369855e-05,2.767262857892268e-05,7.830916142795973e-05,0.008849246376271809,9.06264975060735e-05,0.009519795034877248,8.944715304561793e-05,0.009457650503461095,8.090411794474753e-05,0.00899467164185261
2017-11-17,0.0110133070014853,0.0001212929311089,3.26120048564e-05,7.8458115260504e-05,0.008857658565360487,9.175724967753556e-05,0.009579000452945786,8.5991410262571e-05,0.009273155356326723,7.870543399637859e-05,0.0088716083094543
2017-11-20,0.0015612440902986,2.437483109492401e-06,8.028246015838689e-06,8.102820421141167e-05,0.009001566764258968,9.652878151250621e-05,0.00982490618339464,8.396139600711151e-05,0.009163045127418695,7.756610283673313e-05,0.008807162019443785
2017-11-21,-0.0004308394533173,1.856226345348228e-07,1.1330577771798646e-05,7.63127609452965e-05,0.008735717540379639,8.975455081350555e-05,0.009473887840454179,7.701304578824005e-05,0.008775707708683104,7.401123645610142e-05,0.008602978347996781
2017-11-22,0.00035519253761,1.261617387738795e-07,1.500850521282013e-05,7.17451326466508e-05,0.008470249857392094,8.34925755577937e-05,0.009137427184814865,7.084608457883044e-05,0.008417011618076242,7.075365312838057e-05,0.008411519073769053
2017-11-23,-0.0011805450452384,1.3936866038369703e-06,2.579720238742311e-05,6.744799439217817e-05,0.008212672792226546,7.789190621667856e-05,0.008825639139273629,6.469733748801401e-05,0.008043465514814744,6.777189416946925e-05,0.008232368685224761
2017-11-24,0.0016849517944916,2.839062549760615e-06,5.4080734814080935e-06,6.34847359248777e-05,0.007967730914437164,7.300535345037503e-05,0.008544317026560697,6.113584861833782e-05,0.007818941655898056,6.524241391088386e-05,0.008077277629924816
2017-11-27,0.0043466180953667,1.8893088866970007e-05,3.6158296747855335e-05,5.984599552237066e-05,0.007736019358970779,6.877338846454173e-05,0.008292972233436075,5.660530206601454e-05,0.007523649517754967,6.2821444295763e-05,0.007925997999984797
2017-11-28,-0.0017607585027295,3.1002705049343683e-06,1.3448922411973105e-05,5.738882112304658e-05,0.007575540978903525,6.648295458300085e-05,0.008153708026597522,5.368513112902687e-05,0.00732701379342409,6.096187860799419e-05,0.007807808822454235
2017-11-29,-0.0019635831679209,3.8556588573426125e-06,9.282600376634437e-06,5.4131508085959834e-05,0.00735741177901304,6.296980689590057e-05,0.007935351718474775,5.2072176710866824e-05,0.007216105369994733,5.9277952792963086e-05,0.007699217674086315
2017-11-30,-0.0181235387799665,0.0003284626579089,0.0001145671432328,5.111495713224278e-05,0.007149472507272322,5.9900918757324417e-05,0.007739568383141557,5.092326637905072e-05,0.007136053978148618,5.784680547876461e-05,0.007605708742698777
2017-12-01,-0.0055597436039777,3.091074894197127e-05,4.697612081137186e-05,6.775581917884519e-05,0.008231392298927637,8.730383885902701e-05,0.009343652329738463,8.542055270168759e-05,0.009242323988136727,9.909076445123172e-05,0.009954434411418446
2017-12-04,-0.004649138031885,2.1614484439520108e-05,5.266592575995687e-05,6.554511496463273e-05,0.00809599376016513,8.415616069121927e-05,0.009173666698284785,8.94172057555638e-05,0.009456067139967007,9.756991977411142e-05,0.009877748719931653
2017-12-05,0.0019820196103512,3.928401735817008e-06,5.041794510171444e-05,6.290927713312594e-05,0.007931536870816774,8.048036534729865e-05,0.008971084959317834,9.110037149497339e-05,0.009544651460109656,9.496954756381183e-05,0.009745232042584304
2017-12-06,-0.010927135634411,0.0001194022931728,4.035062629745778e-05,5.937042460928738e-05,0.00770522060743801,7.555356094503326e-05,0.008692155138113519,8.361237870195932e-05,0.00914398046268469,8.985702593289509e-05,0.009479294590469013
2017-12-07,0.0082330082731622,6.778242522595771e-05,2.848514062972508e-05,6.297233672309902e-05,0.00793551111920959,8.187502161588687e-05,0.009048481729875288,0.00010083187453835147,0.010041507582945475,0.00010077748422830535,0.010038798943514376
2017-12-08,0.0104767902727595,0.0001097631344193,2.791614505793408e-05,6.326094203327051e-05,0.007953674750281817,8.2729580773653e-05,0.009095580287900987,9.591710972363995e-05,0.009793728080952623,9.648820952847258e-05,0.009822841214662516
2017-12-11,0.0033000933636023,1.08906162084921e-05,9.481891976802185e-06,6.605107357643757e-05,0.008127181158091504,8.739172675729302e-05,0.009348354227204541,9.27606986264112e-05,0.009631235571120209,9.348056124782302e-05,0.009668534596712318
2017-12-12,-0.011058891089004,0.0001222990721184,5.3474612203456586e-05,6.274144613436083e-05,0.007920949825264697,8.237549659228365e-05,0.009076094787532997,8.581859339673859e-05,0.009263832543647288,8.865160167221098e-05,0.009415497951367787
2017-12-13,-0.004991416649921,2.491424017310859e-05,6.31562129134722e-05,6.631490369340631e-05,0.00814339632422531,8.82395129007736e-05,0.009393588925473246,0.00010340600613895763,0.010168874379151196,0.00010006180234131939,0.010003089639772273
2017-12-14,0.0066914527253165,4.4775539575146395e-05,5.786399838851192e-05,6.383086388218844e-05,0.007989421999255543,8.443532351318059e-05,0.009188869544899447,0.00010501465867196489,0.010247666010949268,9.766635498636513e-05,0.009882628951163002
2017-12-15,0.0107533474524684,0.0001156344814335,1.2130984281278784e-05,6.268754442376588e-05,0.00791754661645676,8.288067893577783e-05,0.00910388262972331,9.878534850071698e-05,0.009939081874132892,9.317346931187668e-05,0.009652640535722684
2017-12-18,0.0060449007109734,3.654082460552753e-05,0.0007426095581122,6.586436064435045e-05,0.008115686085867938,8.807198419751368e-05,0.009384667505964912,9.554810591441327e-05,0.009774871145668022,9.059298370257388e-05,0.009518034655461909
2017-12-19,0.0047416233280385,2.24829917849991e-05,1.046130228839209e-05,6.410494848202103e-05,0.008006556593319067,8.536535098688424e-05,0.009239337150839569,8.986445597488692e-05,0.009479686491381818,8.657146440995497e-05,0.009304378776143788
2017-12-20,-0.0048530437028802,2.3552033182065996e-05,2.5060640353267377e-05,6.160763108019969e-05,0.007849052877908245,8.164144583154575e-05,0.009035565606620636,8.400944867926494e-05,0.00916566684313067,8.261917784501832e-05,0.009089509219150301
2017-12-21,-0.0014624360976855,2.1387193398137207e-06,8.08342534380292e-06,5.9324295206311615e-05,0.007702226639505722,7.841337120894872e-05,0.008855132478339819,8.64760096227e-05,0.009299247798757704,8.163803226348563e-05,0.00903537670844363
2017-12-22,0.0036814062871445,1.3552752251027256e-05,9.860833797480187e-06,5.5893160654321736e-05,0.007476172861452692,7.354047679527808e-05,0.008575574429464074,8.142727383139288e-05,0.00902370621371246,7.793996092146572e-05,0.008828361168499265
2017-12-26,0.0010404347169632,1.0825044002624691e-06,1.5377807406191587e-05,5.3352736150124054e-05,0.007304295732657876,7.024646665054429e-05,0.008381316522512694,7.584380250197126e-05,0.008708834738469394,7.458658322070924e-05,0.008636352425689288
2017-12-27,-0.0070039292167135,4.905502447273385e-05,5.081817672755419e-05,5.021652224513234e-05,0.007086361707190252,6.614516632794974e-05,0.008132967867141105,6.949495585365691e-05,0.008336363466983484,7.127507908663408e-05,0.008442456934248116
2017-12-28,-0.0002373532230846,5.633655250867725e-08,1.1598916875407625e-05,5.014683237878838e-05,0.0070814428175893914,6.693563095150514e-05,0.00818141986158302,7.732350661127831e-05,0.008793378566357661,7.467239616638451e-05,0.008641319121892473
2017-12-29,0.0019380890977915,3.756189350978648e-06,7.478138560509889e-06,4.7141402629211596e-05,0.006865959701979877,6.309160000204521e-05,0.007943022095024363,7.075297102891249e-05,0.008411478528113383,7.133749176277404e-05,0.008446152482803873
2018-01-01,-0.0087047698820791,7.57730186999517e-05,5.5853290465333415e-05,4.453828983251759e-05,0.0066737013592546674,6.000050495702093e-05,0.007745999287181798,6.537147845307018e-05,0.00808526304167466,6.837936915237627e-05,0.008269181891358798
2018-01-02,0.0007955814612625,6.329498615047317e-07,2.0875524677746155e-05,4.641237356456362e-05,0.006812662736739844,6.392650249722418e-05,0.007995405086499631,7.703944246533955e-05,0.008777211542701904,7.554289623171893e-05,0.008691541648736369
2018-01-03,-0.0007758327085962,6.019163917277342e-07,1.3281504625685333e-05,4.366560814238008e-05,0.006607995773483824,6.045645673431924e-05,0.007775375022101457,7.0441719282643e-05,0.008392956528103967,7.213453283430933e-05,0.008493205097859662
2018-01-04,0.0056713946585891,3.2164717373473774e-05,1.8122588488273147e-05,4.1081786637340934e-05,0.006409507519095436,5.73530486854719e-05,0.007573179562473869,6.559365435530599e-05,0.008098990946735649,6.910288901138797e-05,0.008312814746605867
2018-01-05,0.0054539691097168,2.9745779049746145e-05,1.140556525961994e-05,4.0546762481508854e-05,0.006367633978292789,5.751123393182481e-05,0.007583616151403288,6.249188329985811e-05,0.00790518078856253,6.695105055449759e-05,0.008182362162266933
2018-01-08,0.0028959411387062,8.386475078851004e-06,8.89954993098914e-06,3.989870347560302e-05,0.006316542050489573,5.7427936755976083e-05,0.007578122244723694,5.955862573168107e-05,0.007717423516412785,6.494443700926957e-05,0.008058811141183888
2018-01-09,0.00107830091437,1.162732861931309e-06,1.8988497410790378e-05,3.8007969771797896e-05,0.006165060402931823,5.5369953112750045e-05,0.007441098918355409,5.5723402315281236e-05,0.007464810936338658,6.266827604297902e-05,0.00791632970782414
2018-01-10,-0.003370899305559,1.1362962128218444e-05,1.985346382616041e-05,3.5797255557205887e-05,0.005983080774751908,5.286027964761317e-05,0.007270507523386051,5.1466538776532243e-05,0.007174018314482633,6.0446837508042406e-05,0.0077747564275700886
2018-01-11,0.0017004564217406,2.8915520422390372e-06,1.449958027192466e-05,3.433119795146662e-05,0.005859283057803797,5.15651135083891e-05,0.007180885287232285,5.27667877951981e-05,0.0072640751507124495,5.989288917113689e-05,0.0077390496297114475
2018-01-12,0.003429355593398,1.1760479785970313e-05,2.591265851887295e-05,3.244481919691295e-05,0.0056960353928774835,4.9621160189820804e-05,0.007044228857002078,4.906260151171208e-05,0.00700447010927394,5.796154415283601e-05,0.0076132479371708375
2018-01-15,0.0123567400080729,0.0001526890236271,3.3124233670513294e-05,3.120375883225638e-05,0.005586032476835091,4.8707838688248726e-05,0.006979100134562387,4.641605287517566e-05,0.006812932766083609,5.639457661860551e-05,0.007509632255883474
2018-01-16,-0.0036238508915964,1.313229528452418e-05,2.2298529181535392e-05,3.8492874719947574e-05,0.006204262624998041,6.09792687827904e-05,0.0078089223829405805,4.771923813919743e-05,0.0069079112718098395,5.795820039959358e-05,0.0076130283330349945
2018-01-17,0.0120237525895073,0.0001445706263336,9.035208758835522e-05,3.697123995382216e-05,0.006080398009491004,5.8983835544106134e-05,0.007680093459334081,4.9643370831467976e-05,0.007045805193976624,5.786340783854939e-05,0.007606800105073709
2018-01-18,0.0094006449853964,8.837212614145991e-05,0.0001092460536448,4.342720313661385e-05,0.006589931952350786,6.940706659616922e-05,0.008331090360581214,5.062872328883876e-05,0.007115386376637516,5.912080056333604e-05,0.007689005173839854
2018-01-19,0.0139243262595585,0.0001938868617826,0.0001391289827104,4.6123898516904535e-05,0.006791457760812809,7.350140508982e-05,0.00857329604585191,5.0395649145675284e-05,0.007098989304519009,5.907203625731774e-05,0.007685833478375506
2018-01-22,0.0048822002154072,2.3835878943322853e-05,2.7105961990968647e-05,5.4989676312848096e-05,0.00741550243158534,8.695849284018563e-05,0.009325153770323877,5.219737154886005e-05,0.007224774844163661,6.126449719063463e-05,0.007827164057986431
2018-01-23,0.0128382803066976,0.0001648214412333,6.155153376767487e-05,5.3120448470676536e-05,0.0072883776295329635,8.319057397633672e-05,0.00912088668805488,4.988998841718853e-05,0.007063284534633199,5.965189053923422e-05,0.0077234636361696056
2018-01-24,0.0002902495942283,8.424482694973654e-08,3.254677629778902e-05,5.982250803643632e-05,0.0077345011498115585,9.291668334196673e-05,0.009639330025575777,5.1226168667789974e-05,0.00715724588565951,6.117525162531398e-05,0.00782146096489102
2018-01-25,0.0017175988258195,2.9501457264567235e-06,6.646571015897589e-05,5.623821224386712e-05,0.007499214108416102,8.630856303694049e-05,0.009290240203403811,4.709174368920364e-05,0.00686234243456297,5.9067291694703096e-05,0.00768552481582768
2018-01-29,0.0019218625965606,3.693555840058787e-06,2.848448201433517e-05,5.304092825282248e-05,0.007282920310756015,8.067027621600105e-05,0.008981663332367844,4.3933655767244666e-05,0.006628246809469655,5.721258131062896e-05,0.007563899874444992
2018-01-30,-0.0083771776955986,7.017710614363623e-05,2.509793127418979e-05,5.0080085908056644e-05,0.007076728474942121,7.57014392685723e-05,0.00870065740439033,4.114744380591088e-05,0.006414627331802751,5.5543000058731916e-05,0.007452717629075445
2018-01-31,0.0040402908357736,1.6323950037636386e-05,5.560625342055713e-05,5.128590712219133e-05,0.007161417954720373,7.743579825934717e-05,0.008799761261497221,5.170401957862487e-05,0.0071905507145576045,6.314530344243812e-05,0.007946401918002772
2018-02-01,-0.0058150149526821,3.381439889991652e-05,0.0001553335678801,4.918818969711802e-05,0.0070134292394746535,7.398433201737131e-05,0.008601414535840677,4.908092231780124e-05,0.007005777781074792,6.120170101535991e-05,0.007823151603756628
2018-02-02,-0.0286780031659964,0.0008224278655889,0.0002162349638024,4.8265762249285914e-05,0.006947356493608624,7.252467785891867e-05,0.00851614219344174,5.487360285701166e-05,0.0074076718918302305,6.352140317427576e-05,0.0079700315667051
2018-02-05,-0.013412236786046,0.0001798880956049,4.699815937222122e-05,9.471548844966279e-05,0.009732188266246332,0.00014445596845295537,0.012018983669718309,0.00012613438403110002,0.011230956505618745,0.0001689884096547303,0.012999554209846208
2018-02-06,-0.0110750631678637,0.0001226570241721,0.0006875239256534,9.982584487898096e-05,0.00999128844939335,0.00014905720547853343,0.012208898618570531,0.00015078858365022858,0.012279600304986664,0.0001806102235556283,0.013439130312472913
2018-02-07,-0.0054894039796682,3.0133556051997345e-05,0.0001465148463629,0.00010119571563657238,0.010059608125397947,0.0001478536339304894,0.012159507964160779,0.00016753681364692325,0.012943601262667328,0.00018366979298231435,0.013552482908394106
2018-02-08,0.0097170057362159,9.442020047765438e-05,0.0001287554977051,9.693198606149785e-05,0.00984540431173336,0.00013818592913152015,0.011755251130091614,0.00016579334999505452,0.012876076653820236,0.000174323435201042,0.01320316004602845
2018-02-09,-0.0177880579221701,0.0003164150046424,2.869226295602699e-05,9.678127892646714e-05,0.009837747655152938,0.00013551777703648372,0.011641210290879713,0.00015546142462135982,0.012468417085635203,0.00016388272193479953,0.012801668716804052
2018-02-12,0.0093013031897941,8.651424102847523e-05,4.078312729814323e-05,0.00010995930246942782,0.010486148123568913,0.00015374955839134714,0.012399578960244866,0.00019555528082100044,0.01398410815250656,0.00019386459578748917,0.013923526700785586
2018-02-14,-0.0141197399602824,0.0001993670565459,0.0001981284350992,0.0001085525987829706,0.010418857844455436,0.00014868986394779124,0.012193845330649034,0.00018173041332036197,0.01348074231340255,0.00018147181241525966,0.013471147405297725
2018-02-15,0.0032738960943053,1.0718395636308084e-05,5.699996760582026e-05,0.00011400146624875211,0.010677146915199403,0.00015464917655782498,0.012435802208053365,0.00020821273327130733,0.014429578416270772,0.00019450665561080596,0.013946564294148074
2018-02-16,-0.0102969600085373,0.0001060273854174,0.0001403677257433,0.00010780448201200542,0.010382893720538867,0.00014245481370017522,0.01193544359042324,0.00018806776361424179,0.013713780062923635,0.00018044846896732433,0.013433110919192335
2018-02-19,-0.0041952964580563,1.7600512370980266e-05,0.0001442756612923,0.00010769785621633008,0.010377757764388706,0.00014040998960784752,0.011849472123594685,0.0002006619355617064,0.014165519247867563,0.000181343256294597,0.013466375024281664
2018-02-20,-0.0073759474402024,5.440460064062919e-05,6.253540192168231e-05,0.00010229201558560905,0.010113951531701595,0.00013037105098964884,0.011418014319033273,0.000191903777361887,0.013852933890042463,0.00017056671930141317,0.013060119421407033
2018-02-21,0.0025014337835861,6.257170973665952e-06,2.4058928637290795e-05,9.94187706889102e-05,0.009970896182836836,0.00012481899757566466,0.011172242280565915,0.0001943128854148911,0.013939615683902161,0.00016559798723196978,0.012868488148650943
2018-02-22,0.0007415337309543,5.498722741430356e-07,2.456190376574515e-05,9.382907470599553e-05,0.00968654090509071,0.00011538690637140616,0.010741829749693772,0.0001752493992663703,0.013238179605458233,0.00015408513189190033,0.012413103233756672
2018-02-23,0.0138210247551319,0.0001910207252819,8.331583009613317e-05,8.823232256008437e-05,0.009393206191715605,0.00010642920866594396,0.010316453298781707,0.00015718973801477455,0.012537533171033868,0.00014350262891474756,0.01197925827898988
2018-02-26,0.0151168968462814,0.0002285205702611,6.422040905348666e-05,9.439962672339745e-05,0.009715947031730744,0.00011611369969709466,0.010775606697401992,0.00015076869256803465,0.012278790354429652,0.00013792423574338699,0.01174411494082832
2018-02-27,-0.0119167838767211,0.0001420097379644,7.45377947714083e-05,0.00010244688333566036,0.010121604780649182,0.0001282493714275928,0.011324723900722384,0.00014589394389420544,0.012078656543432528,0.00013365020130777253,0.011560718027344692
2018-02-28,-0.0109406140790463,0.0001196970364266,3.6147005928839245e-05,0.00010482065461338954,0.010238195867113968,0.00013105880546448762,0.011448091782672238,0.00016550891337518687,0.012865026753768796,0.0001435345525367344,0.011980590658925561
2018-03-01,-0.0081924166401675,6.711569040609338e-05,7.945536116537678e-05,0.00010571323752218373,0.010281694292390906,0.00013149697229606242,0.01146721292625468,0.00018130334199794695,0.01346489294416955,0.00014959187677255576,0.012230775804198022
2018-03-05,-0.0033729086447446,1.1376512725793132e-05,2.144374466235991e-05,0.00010339738469521831,0.01016845045693877,0.00012700545146902915,0.011269669536815583,0.00018714660448373427,0.013680153671787985,0.00014820451213828513,0.012173927555981477
2018-03-06,-0.0150305192576153,0.0002259165091535,0.0002719251192103,9.787613237705277e-05,0.00989323669872771,0.00011781594189210628,0.010854305223831984,0.0001771363680617033,0.013309258734493942,0.0001396384190288942,0.011816870102903484
2018-03-07,-0.0129410952358706,0.0001674719459038,4.699999505319254e-05,0.00010555855498364228,0.010274169308690717,0.0001295285153801863,0.01138105950165389,0.00020705114852760133,0.01438927199435751,0.0001599731228343043,0.012648048182795016
2018-03-08,0.0141347142511672,0.0001997901469621,0.0001443496442809,0.0001092733584388561,0.010453389806127776,0.0001345663130144115,0.011600272109498617,0.00022839902072865667,0.015112875991308096,0.000170790886432974,0.013068698727607657
2018-03-09,-0.0074302617733206,5.520879002007035e-05,5.631906277394406e-05,0.0001147043657502537,0.010710012406633976,0.00014206891096249234,0.011919266376857777,0.00021513720505084586,0.014667556205818536,0.00016290646389578012,0.012763481652581326
2018-03-12,0.015022566295201,0.0002256774980937,7.658658515300327e-05,0.00011113463120644263,0.010542041130940566,0.00013534585296448492,0.011633823660537619,0.00021598876915674174,0.014696556370685676,0.00015874265732574694,0.012599311779845237
2018-03-13,0.0030140809365595,9.084683892131624e-06,9.956563686118624e-05,0.00011800720321967862,0.010863112041200653,0.0001451694979661967,0.01204863054318609,0.00020478290738872062,0.014310237852276272,0.00015250724139278133,0.012349382227171581
2018-03-14,0.004557324862696,2.0769209904147222e-05,9.81521170116644e-05,0.00011147185206002578,0.010558023113254952,0.00013383289451204561,0.011568616793378783,0.00018484739783368562,0.013595859584214807,0.00014224975605858922,0.011926850215316247
2018-03-15,-0.0024092381317261,5.804428375363143e-06,2.5261397340042424e-05,0.00010602969353067306,0.010297072085339263,0.0001247886051147878,0.01117088202044887,0.00016850288623828803,0.012980866159016047,0.00013317666783943362,0.011540219575009551
2018-03-16,-0.0122684109411499,0.0001505139070209,7.136387118272823e-05,0.00010001617762135446,0.01000080884835594,0.00011531770588657957,0.01073860819131509,0.00015753841497477693,0.012551430793928512,0.000125252596830466,0.01119163066002743
2018-03-19,-0.0100319651357058,0.000100640324484,9.75681950129606e-05,0.00010304604138532879,0.010151159607913216,0.0001202939620593754,0.010967860413926474,0.000178046343145839,0.013343400733914837,0.00013701840042864365,0.011705485911684473
2018-03-20,-0.0031768687801567,1.0092495246334906e-05,4.572719549084697e-05,0.00010290169837125005,0.010144047435380518,0.00012010873624338609,0.010959413134077303,0.00019023013444161626,0.013792394079405369,0.0001411731153289405,0.011881629321306927
2018-03-21,0.0036098572570732,1.303106941644424e-05,3.840432848914812e-05,9.73331461837551e-05,0.009865756239830532,0.00011153440516039037,0.010560985046878458,0.00017930105759826216,0.013390334484181572,0.00013308083159936505,0.011536066556645946
2018-03-22,-0.0047152059874326,2.2233167503920577e-05,2.967520717319524e-05,9.227502157771643e-05,0.00960598883914178,0.0001041460351188065,0.010205196476247114,0.00016288736973127323,0.012762733630820366,0.0001246809997685803,0.011166064650026897
2018-03-23,-0.019706996680672,0.000388365718172,2.335040631625993e-05,8.807251033328866e-05,0.009384695537591439,9.839900445403041e-05,0.009919627233622764,0.00015920455898388186,0.012617628897058348,0.00011968596505195183,0.010940108091419931
2018-03-26,0.0239582792677115,0.0005739991454696,0.0002519528771979,0.00010609010280361239,0.010300004990465413,0.00012726529191977988,0.01128119195474396,0.00020670388894107781,0.014377200316510784,0.00016313400710737304,0.012772392379948755
2018-03-27,0.0077981856799865,6.0811699899548e-05,3.224926260449281e-05,0.00013416464536357496,0.011582946316182898,0.0001702967187157104,0.013049778492974905,0.0002041416904513973,0.014287816154031284,0.00016388153455123926,0.012801622340595713
2018-03-28,-0.0070147957601957,4.920735955725966e-05,1.5193289020316005e-05,0.00012976346863573324,0.011391376942044068,0.00016108804696475821,0.012692046602686196,0.00018814501502652144,0.01371659633533485,0.00015368190701569562,0.012396850689416873
2018-04-02,0.0026814881033637,7.190378448481237e-06,5.926935895385392e-05,0.00012493010209102483,0.011177213520865781,0.00015178234148560777,0.012319997625227359,0.00018963443175781894,0.013770781813601541,0.00014957390163517704,0.012230040949856915
2018-04-03,0.0074571652934259,5.560931421347702e-05,4.8758196310285515e-05,0.0001178657186724722,0.010856597932707658,0.00013956562992388963,0.011813789820539792,0.00017127850527339948,0.013087341413495695,0.00013954412845090404,0.011812879769594883
2018-04-04,-0.015670524639273,0.00024556534247,0.0002031419966217,0.00011413033440493241,0.010683179976249227,0.00013314633750198998,0.011538905385780316,0.0001586695694464616,0.012596410974815866,0.00013145667865267722,0.011465455885078326
2018-04-05,0.025786303535004,0.0006649334499993,0.000117498327364,0.00012201643488884021,0.011046104964594542,0.00014505111326093158,0.012043716754429737,0.00019103025154914083,0.013821369380388502,0.0001551137909216929,0.012454468712943676
2018-04-06,0.0045674966513319,2.0862025659928946e-05,5.543234888826816e-05,0.00015459145579547142,0.012433481242012288,0.0001946332762810522,0.013951103048900907,0.00019131793054586463,0.013831772501955945,0.00015852140083291914,0.012590528218979501
2018-04-09,0.0088319350370893,7.800307649936716e-05,6.0945858499232546e-05,0.0001465676899873388,0.012106514361588095,0.00017912307003902484,0.013383686713272424,0.00017422287705942376,0.013199351387830531,0.00014796437399307243,0.012164060752605291
2018-04-10,0.0052861013557452,2.7942867543211512e-05,1.44854123426261e-05,0.0001424538131780604,0.011935401676443923,0.00017057099134484455,0.013060282973383255,0.0001623352847067895,0.012741086480625956,0.00013958271592779995,0.011814512936545457
2018-04-11,-0.0051088115145645,2.6099955091347548e-05,3.780365899732588e-05,0.00013558315643996945,0.011644018053918048,0.00015828071032003652,0.012580966191832665,0.00014911519923936162,0.012211273448717853,0.00013090525047476358,0.011441383241320238
2018-04-12,0.0038513601214007,1.4832974784715884e-05,4.3396952786056685e-05,0.0001290141643590521,0.011358440225623063,0.0001471280576296439,0.012129635510997184,0.0001477195997590239,0.012153995217994118,0.00012584862311599377,0.011218227271543119
2018-04-13,0.0002182751327947,4.7644033596570255e-08,6.331021184267288e-05,0.0001221632929845919,0.011052750471470524,0.00013611671199296235,0.011666906701990993,0.00013513353961113725,0.011624695248097356,0.00011814742549127632,0.010869564181294313
2018-04-16,0.0047603414031615,2.2660850274654023e-05,4.488308945484725e-05,0.00011483635404753219,0.01071617254655468,0.00012490489013211866,0.011176085635503992,0.00012158376480344921,0.011026502836504836,0.0001108360622149954,0.010527870735100968
2018-04-17,0.0005369534234593,2.883189789647561e-07,1.794506230698414e-05,0.00010930582382115947,0.010454942554656121,0.00011698699915789144,0.010816052845557452,0.00011247244148625852,0.010605302517432426,0.00010467173337704602,0.010230920456002286
2018-04-18,-0.0092055442728308,8.47420453590487e-05,7.665707370902943e-05,0.00010276477353062777,0.010137296164689467,0.00010783462065616342,0.010384344979639469,0.00010178219762860587,0.010088716351875786,9.859605539107096e-05,0.009929554642131286
2018-04-19,0.000949578764829,9.01699830614193e-07,1.4187481319657872e-05,0.00010168340984033299,0.010083819209026557,0.00010749975814259598,0.010368209013257593,0.00011430113523221768,0.010691170900898446,0.00010417575251956181,0.010206652365960243
2018-04-20,-0.0072817974689027,5.302457437811901e-05,4.7764901877825614e-05,9.563650723974985e-05,0.00977939196677124,9.941462322715216e-05,0.00997068820228334,0.00010364720764072001,0.010180727264823473,9.815836974212708e-05,0.009907490587536639
2018-04-23,0.0006732468626039,4.532613380060052e-07,0.0002244792521095,9.307979126805193e-05,0.009647786858552169,9.703091299382349e-05,0.00985042704626675,0.00011102237983562848,0.010536715799319467,9.962100504379644e-05,0.009981032263438308
2018-04-24,0.003257830374037,1.0613458745998076e-05,1.632352970512774e-05,8.752219947224916e-05,0.009355330003385726,9.001894404236837e-05,0.009487831366670066,0.00010057963484692434,0.010028939866552414,9.401004979287634e-05,0.00969587797947542
2018-04-25,-0.0091342752932625,8.343498513310659e-05,3.907613140962085e-05,8.29076750286741e-05,0.009105365178216307,8.469720712201503e-05,0.009203108557548098,9.279366241378805e-05,0.009632946714987479,8.912686261766142e-05,0.009440702443020933
2018-04-26,0.0078876133313885,6.221444406549852e-05,5.6082256838438866e-05,8.293931363493999e-05,0.009107102373144818,8.670482943280075e-05,0.009311542806259376,0.00010529922314176705,0.010261540973058923,9.539996551236338e-05,0.0097672905921941
2018-04-27,0.0152248141341562,0.0002317949654196,9.606932246657466e-05,8.169582146077345e-05,0.009038574083381374,8.652799295281586e-05,0.009302042407601454,9.975949489611659e-05,0.009987967505759948,9.148372527710228e-05,0.009564712503630324
2018-04-30,0.0053803335608648,2.8947989226168417e-05,1.2891690081047172e-05,9.070177009830319e-05,0.009523747691864962,0.00010211828022398517,0.010105358985408939,9.914974285423865e-05,0.009957396389329826,9.151999283214053e-05,0.009566608219852035
2018-05-02,0.0014364648210974,2.063431182250393e-06,2.599485462647094e-05,8.699654324597508e-05,0.009327193749782144,9.721076170753884e-05,0.00985955180054037,9.27307824247556e-05,0.009629682363648117,8.725286221100314e-05,0.009340924055520585
2018-05-03,0.0014440918529917,2.0854012798770336e-06,1.877018755303216e-05,8.190055652215159e-05,0.009049892624896253,9.032917125040693e-05,0.009504165994468265,8.476986084295321e-05,0.009207054949491353,8.280548371070835e-05,0.009099751848853262
2018-05-04,0.0015667669413311,2.4547586484480933e-06,1.1199146989493631e-05,7.711164720761511e-05,0.008781323773077446,8.41824307326885e-05,0.009175098404523437,7.767397999696083e-05,0.008813284291168693,7.87646999736006e-05,0.008874947885683646
2018-05-07,0.0080257157651624,6.441211354317656e-05,3.0796493861083804e-05,7.263223389406508e-05,0.008522454687123017,7.872454767274707e-05,0.008872685482577813,7.139394984695813e-05,0.008449494058637956,7.51007454242881e-05,0.008666068625639201
2018-05-08,0.0091813631646966,8.429742956204903e-05,1.3904056324584876e-05,7.213902667301175e-05,0.008493469648677844,7.960160788573974e-05,0.008921973317923548,6.895568669936793e-05,0.00830395608727358,7.30847921780074e-05,0.008548964392135892
2018-05-09,0.0024480085444887,5.992745833889998e-06,3.5911905496260196e-05,7.28685308463539e-05,0.00853630662794829,8.223194438968183e-05,0.009068183080952977,6.72949468267117e-05,0.008203349732073581,7.16744755213631e-05,0.008466077930267539
2018-05-10,-0.0008969797131364,8.045726057783813e-07,2.3062807066630063e-05,6.885598374560606e-05,0.008297950575027913,7.731032483147409e-05,0.00879262900567709,6.250389677047921e-05,0.007905940599984243,6.873299200138679e-05,0.008290536291542713
2018-05-11,0.0107397086103177,0.0001153413410345,5.950390342414244e-05,6.477289907721639e-05,0.008048161223361296,7.243099498721569e-05,0.0085106401044349,5.8639217998788304e-05,0.007657624827502867,6.603853363223464e-05,0.008126409639701572
2018-05-14,0.0023445183744753,5.49676640825276e-06,2.664405381538992e-05,6.780700559465534e-05,0.008234500931729581,7.870784770552172e-05,0.008871744344012722,5.848508964894564e-05,0.007647554488131853,6.592976212715798e-05,0.00811971441167471
2018-05-15,-4.3453163122353474e-05,1.88817738533786e-09,0.0001615001167498,6.406839124347116e-05,0.008004273311392557,7.411544391035046e-05,0.008609032693070137,5.4507404744923935e-05,0.007382913025691413,6.350236452421121e-05,0.007968837087317772
2018-05-16,-0.0110852042418746,0.000122881753084,5.563248603287081e-05,6.0224401059506004e-05,0.00776043820022465,6.950178964685779e-05,0.008336773335461255,4.99879379392701e-05,0.007070214843925897,6.118035715701015e-05,0.007821787337751528
2018-05-17,-0.0041468605406018,1.719645234320058e-05,3.89004814272729e-05,6.398384218098013e-05,0.00799899007256417,7.67908179504121e-05,0.00876303702778963,6.657854724711192e-05,0.008159567834579962,7.517556613882603e-05,0.00867038442854906
2018-05-18,-0.0076305975255568,5.8226018597034734e-05,1.9973028603140828e-05,6.117659879071333e-05,0.007821547084222745,7.34890605825293e-05,0.008572576076217073,6.851813497108251e-05,0.00827756817979064,7.40411715672027e-05,0.008604717983013894
2018-05-21,-0.0048346801868929,2.3374132509535452e-05,7.836038905619887e-05,6.0999563979092536e-05,0.007810221762478485,7.434916060233952e-05,0.008622595931756256,7.775433218432349e-05,0.008817841696488063,7.838788322794057e-05,0.008853693197075477
2018-05-22,0.0010440339590712,1.0900069076939956e-06,3.2280520517894916e-05,5.8742038090919065e-05,0.007664335463099137,7.188110892253252e-05,0.008478272755846707,8.052521846821505e-05,0.00897358448270339,7.77698177218512e-05,0.008818719732583137
2018-05-23,-0.003604601799508,1.299315413301637e-05,4.313773429540375e-05,5.528291621992555e-05,0.007435248228534508,6.760643486434008e-05,0.00822231323073623,7.367845672533376e-05,0.008583615597481853,7.416778364903345e-05,0.008612071971891169
2018-05-24,0.0128373246457964,0.0001647969040615,9.271487925093922e-05,5.2745530494710996e-05,0.0072626118232155985,6.489236370829516e-05,0.008055579663084162,7.409382979347908e-05,0.008607777285308855,7.257451582823005e-05,0.008519067779295458
2018-05-25,0.0098202855817028,9.64380089062e-05,4.552278571906478e-05,5.946861290872264e-05,0.007711589518946314,7.656474181029159e-05,0.008750128102507505,7.394651902415962e-05,0.008599216186616057,7.291727882628246e-05,0.008539161482621257
2018-05-28,0.0128840288732569,0.0001659982000069,9.937073124482177e-05,6.168677666857127e-05,0.007854092988281413,8.06459184165581e-05,0.008980307256244527,7.222316955124674e-05,0.008498421591757304,7.177962342349117e-05,0.008472285607998066
2018-05-29,-0.0135979373724811,0.0001849039007859,6.335968462369042e-05,6.794546206887204e-05,0.008242903740119257,9.07522851942527e-05,0.009526399382466216,7.222821277337485e-05,0.008498718301801446,7.222044087617801e-05,0.008498261050131257
2018-05-30,0.0027765435825446,7.70919426576998e-06,9.478013182764018e-05,7.496296839189482e-05,0.008658115752973901,0.0001015381409242322,0.010076613564299874,9.619911552164969e-05,0.009808114779184106,9.333637771635937e-05,0.009661075391298806
2018-05-31,0.0235879069094725,0.0005563893523699,0.00033051659882,7.092774194432731e-05,0.008421860954939075,9.472003508038514e-05,0.009732421850720669,8.860502678666351e-05,0.009413024316693521,8.84531428835923e-05,0.009404953103742321
2018-06-01,-0.0098194434111113,9.642146890401877e-05,5.733707929330714e-05,0.00010005543856986413,0.010002771544420282,0.00013958180073849572,0.011814474204910505,9.381262452470074e-05,0.009685691742188616,9.564712896995123e-05,0.009779935018697785
2018-06-04,-0.016440268601931,0.0002702824317036,0.0003604249190347,9.983740038991331e-05,0.009991866711976962,0.00013695085461277906,0.011702600335514285,0.00010810367595048003,0.010397291760380682,0.0001030268747889076,0.010150215504554945
2018-06-05,-0.0002495158297409,6.225814929133739e-08,3.909924783627097e-05,0.00011006410226873681,0.010491143992374559,0.0001507458746672187,0.012277861160121445,0.00014214276375017367,0.011922364016845554,0.00013251969111151795,0.011511719728672947
2018-06-06,0.0044318625969456,1.964140607820597e-05,4.016660270437581e-05,0.00010346399162157008,0.010171725105485798,0.00013797757361679245,0.011746385555429058,0.00012824390893095868,0.01132448272244515,0.00012390302040153929,0.011131173361399923
2018-06-07,0.0056802584016692,3.22653355097346e-05,4.076170663590575e-05,9.843463648896819e-05,0.009921423108050992,0.000128387189094404,0.011330807080451241,0.00011820625642095905,0.010872270067513916,0.0001164814251283396,0.010792656073846678
2018-06-08,-0.0025090085430083,6.295123868888841e-06,2.0069522443701935e-05,9.446447843021412e-05,0.009719283843484257,0.00012099040533572957,0.010999563870250927,0.00011002851569552052,0.01048944782605455,0.00011000517115067736,0.010488335003739982
2018-06-11,8.321336498562184e-05,6.924464112230314e-09,2.734108430152116e-05,8.917431715653458e-05,0.009443215403480669,0.00011196953939075407,0.010581566017880059,0.00010511504935340015,0.010252563062639514,0.00010426140485701114,0.010210847411307797
2018-06-12,0.0057876819404381,3.3497262243674226e-05,2.183463031109803e-05,8.382427359498924e-05,0.009155559709542025,0.00010332533019761932,0.010164906797291321,9.500751139365273e-05,0.009747179663556671,9.821723236713072e-05,0.009910460754532592
2018-06-13,0.0013408340266919,1.797835887135079e-06,1.417159091232428e-05,8.080465291391027e-05,0.008989140832911134,9.871174838230148e-05,0.009935378622996784,8.923035743014514e-05,0.0094461821616008,9.343495677299513e-05,0.009666175912582758
2018-06-14,-0.00302790151804,9.16818760294931e-06,7.37915176080046e-06,7.606424389230374e-05,0.008721481748665404,9.164565541662736e-05,0.009573173737931814,8.159868465164866e-05,0.009033199026460596,8.841740688424847e-05,0.009403053061864985
2018-06-15,-0.005468125900728,2.990040086621258e-05,3.0020178051324644e-05,7.205048051494244e-05,0.008488255445905386,8.601647579154788e-05,0.009274506768100817,8.025152675134448e-05,0.008958321648129436,8.502156446858041e-05,0.009220713880637464
2018-06-18,-0.0003066518745526,9.403537216665599e-08,1.244107601730712e-05,6.952147573601864e-05,0.008337953929833065,8.291205972503389e-05,0.009105605950458975,8.429242136722514e-05,0.009181090423649315,8.465308084083345e-05,0.00920071088779739
2018-06-19,-0.0054504304168988,2.9707191729455743e-05,2.5940390559195345e-05,6.535582931418751e-05,0.008084295226807809,7.737022514238248e-05,0.008796034626033624,7.710889352917737e-05,0.008781166979916585,8.041169380397861e-05,0.008967256760234906
2018-06-20,0.0110538663816891,0.0001221879619842,3.6170977444047394e-05,6.321691105910359e-05,0.00795090630425888,7.516859201187352e-05,0.008669982238267477,8.1257536847546e-05,0.009014296248046545,8.043885494708615e-05,0.008968771094586268
2018-06-21,-0.0022901191528594,5.244645734293848e-06,2.6560779380925073e-05,6.675517411461157e-05,0.008170383963719916,8.178974179435505e-05,0.009043768119227464,7.962279493350814e-05,0.008923160591041054,7.916020342531351e-05,0.008897201999803843
2018-06-22,0.010134608905889,0.0001027102976753,9.983517534142144e-05,6.306454241179247e-05,0.007941318682170642,7.684573850219536e-05,0.008766170115973986,7.689862255428665e-05,0.008769185968736588,7.609548062815674e-05,0.008723272357788489
2018-06-25,-0.0058883804923844,3.467302482309321e-05,2.723077428712953e-05,6.544328772760441e-05,0.008089702573494555,8.147947562127126e-05,0.009026598230854815,7.510912682834325e-05,0.008666552188058597,7.48005600079224e-05,0.00864873169938358
2018-06-26,-0.0003006909454191,9.041504465703973e-08,2.7669791475866297e-05,6.359707195333373e-05,0.007974777235342297,7.930141279682899e-05,0.00890513406955948,8.030716218423199e-05,0.008961426347643102,7.599096669657622e-05,0.00871727977620176
2018-06-27,-0.0067251025290377,4.522700402606962e-05,4.559973080573966e-05,5.978667253881313e-05,0.007732184202333331,7.414373407687906e-05,0.008610675587715465,7.353992943935007e-05,0.008575542515744999,7.254011856253706e-05,0.008517048700256272
2018-06-28,-0.0037461911553596,1.4033948172495037e-05,5.560372233397664e-05,5.8913092428048495e-05,0.007675486461980667,7.37269503190269e-05,0.008586439909475108,8.064811314020954e-05,0.008980429451880882,7.532019669012762e-05,0.008678720913252575
2018-06-29,0.0015031687434405,2.259516271256565e-06,1.563074686189095e-05,5.622034377271525e-05,0.007498022657522131,7.045776972425083e-05,0.008393912658840978,8.08969165614079e-05,0.008994271319090162,7.375810298340476e-05,0.008588253779634411
2018-07-02,-0.0050917236597462,2.5925649827219615e-05,5.075856728434939e-05,5.298269412262772e-05,0.007278921219701977,6.644327265112654e-05,0.00815127429615312,7.42445434590206e-05,0.008616527343368707,7.054720571260728e-05,0.008399238400748445
2018-07-03,-0.0009994003312865,9.98801022175593e-07,1.5890889750709706e-05,5.1359271464903203e-05,0.007166538318107509,6.505405607747906e-05,0.008065609467205753,7.77484161400726e-05,0.00881750623136001,7.097955408298223e-05,0.008424936443854175
2018-07-04,0.0087332943261066,7.627042978640644e-05,6.297279854163914e-05,4.833764323833954e-05,0.006952527830820927,6.149791411528008e-05,0.007842060578399026,7.260910377940554e-05,0.008521097568940608,6.81053989097446e-05,0.008252599524376826
2018-07-05,0.0026201004032602,6.86492612316447e-06,1.7238146909851316e-05,5.001361043122351e-05,0.007072030149202102,6.531064758770043e-05,0.008081500330241931,7.043131420066145e-05,0.00839233663532758,6.697963247507356e-05,0.008184108532703703
2018-07-06,-0.0003566713293856,1.2721443720573534e-07,2.0497848408638347e-05,4.742468937273995e-05,0.006886558601561447,6.227194614511412e-05,0.007891257576908393,6.54108827830061e-05,0.00808769947407828,6.448536519618374e-05,0.008030278027327805
2018-07-09,0.009745283532738,9.497055113345632e-05,1.4565071147690716e-05,4.458684087660789e-05,0.006677337858503783,5.893112575625874e-05,0.007676661107295198,6.030587980567285e-05,0.007765686048616236,6.209001724937749e-05,0.007879721901779116
2018-07-10,0.0052658218204586,2.7728879444818608e-05,1.2967681114885433e-05,4.760986349201868e-05,0.006899990108110206,6.47538010114666e-05,0.008046974649610038,5.9565581146869386e-05,0.007717874133909505,6.19099856389854e-05,0.007868289880208114
2018-07-11,-0.0029175734772131,8.512234994937645e-06,1.3490309688201132e-05,4.641700444918664e-05,0.006813002601583728,6.371195261457544e-05,0.007981976736033214,5.6799432676048665e-05,0.007536539834436535,6.0320960228121136e-05,0.0077666569531633835
2018-07-12,0.0078136101501161,6.105250357799876e-05,2.579251658493129e-05,4.414271828193168e-05,0.006643998666611221,6.0996472923660475e-05,0.0078100238747177,5.698302468471128e-05,0.007548710133838183,5.940487805668449e-05,0.00770745600420038
2018-07-13,-0.0033579151126444,1.1275593903725838e-05,1.9796491020783063e-05,4.515730539969562e-05,0.006719918556031436,6.344937362418732e-05,0.007965511510517533,5.5588049981642154e-05,0.007455739398721106,5.875103246553248e-05,0.007664922208707175
2018-07-16,-0.0095550807306523,9.129956776928454e-05,4.375949369203195e-05,4.3124402709937414e-05,0.006566917291236232,6.101847809877428e-05,0.007811432525393423,5.663811980551778e-05,0.00752583017384247,5.8340492055722794e-05,0.007638094792271355
2018-07-17,0.0122300493556844,0.0001495741072424,7.521626985483552e-05,4.601491261349815e-05,0.006783429266491849,6.627796436378066e-05,0.008141127954023365,7.009019111381446e-05,0.008371988480272442,6.845573435748221e-05,0.008273798061197905
2018-07-18,-0.0047207772161912,2.2285737524910553e-05,6.149868175186288e-05,5.222846429123685e-05,0.007226926337748078,7.638910928354458e-05,0.008740086343025713,6.989936159765053e-05,0.008360583807226056,6.88519162550433e-05,0.008297705481339
2018-07-19,-0.0034003449845028,1.1562346013633644e-05,4.355213807258855e-05,5.043190068525723e-05,0.00710154213430134,7.3602751633454e-05,0.008579204603776156,7.283350862413002e-05,0.008534255012836799,6.8962013476016e-05,0.008304337028084542
2018-07-20,0.0031138082728333,9.695801959965366e-06,2.603027281052331e-05,4.8099727404959795e-05,0.006935396701340147,7.011726854540353e-05,0.00837360546869767,7.288806760806888e-05,0.008537450884665098,6.765660207597537e-05,0.008225363340058321
2018-07-23,0.0050091941709819,2.509202624259964e-05,6.800150159591743e-05,4.579549187826011e-05,0.006767236650085477,6.682961023854549e-05,0.008174937934843633,6.78646432708979e-05,0.008237999955747628,6.516052558715535e-05,0.00807220698366657
2018-07-24,-0.0012504187781837,1.5635471208346326e-06,3.341179316614796e-05,4.4553283940120444e-05,0.006674824637405873,6.532183776200229e-05,0.008082192633314444,6.424196270019671e-05,0.008015108402273591,6.321876716241318e-05,0.007951023026152871
2018-07-25,0.0021072247214169,4.440396026550928e-06,8.965806305206899e-06,4.197389973096328e-05,0.006478726705994264,6.178962595715025e-05,0.007860637757660013,6.084793276482096e-05,0.007800508493990693,6.112733541482451e-05,0.007818397240792035
2018-07-26,0.0137811109560095,0.0001899190191818,8.167077517956264e-05,3.972188950869851e-05,0.006302530405218091,5.890071571476345e-05,0.007674680170193638,5.653521145875445e-05,0.00751899005576909,5.9116095747634825e-05,0.00768869922338199
2018-07-27,0.0082848357365235,6.86385031811778e-05,2.016373278144885e-05,4.873371728908731e-05,0.006980953895356086,7.354412940854807e-05,0.008575787392918978,5.795334996035916e-05,0.007612709764621212,6.12204202345294e-05,0.007824347911137989
2018-07-30,0.0075057666696655,5.63365332994617e-05,3.31000778998418e-05,4.992800444261269e-05,0.00706597512326591,7.53653327501312e-05,0.008681320910445092,5.670125128410451e-05,0.007530023325601622,6.056159471710387e-05,0.007782133044166225
2018-07-31,-0.0028215362238646,7.961066662580486e-06,1.654195823187745e-05,5.031251617402362e-05,0.007093131619674318,7.58501622668091e-05,0.008709199863753793,5.518779384850847e-05,0.007428848756604786,5.9702146910009066e-05,0.007726716437789669
2018-08-01,-0.0060530713362139,3.663967260129533e-05,5.526534652830643e-05,4.7771429203337e-05,0.006911687869351234,7.179091897925145e-05,0.008472952199750182,5.53030349889032e-05,0.007436601037362647,5.877033545777406e-05,0.0076661812826057055
2018-08-02,-0.0087585663613415,7.671248470602459e-05,1.2283992911971524e-05,4.710352380721444e-05,0.006863200696993673,7.082721023309695e-05,0.008415890341080791,6.14416303825494e-05,0.007838471176355081,6.168235962128311e-05,0.007853811789270424
2018-08-03,0.0123359198362118,0.0001521749182054,3.580534753017042e-05,4.888006146114295e-05,0.006991427712645175,7.368753369374519e-05,0.00858414431925193,7.320751982215341e-05,0.008556139305910898,6.958057974243023e-05,0.008341497452042422
2018-08-06,0.0073029934787842,5.333371375116486e-05,2.4110669646424017e-05,5.507775286580101e-05,0.007421438732873903,8.32511726600729e-05,0.00912420805659718,7.285614185881358e-05,0.008535580932708306,6.992917590571048e-05,0.008362366645018052
2018-08-07,-0.0008104030953793,6.56753177000353e-07,1.1988668706593075e-05,5.497311051892282e-05,0.007414385377016953,8.261739124721723e-05,0.009089410940606505,6.992900275590355e-05,0.008362356292092771,6.815063655114833e-05,0.008255339881019334
2018-08-08,0.0066698333744782,4.44866772433036e-05,3.352800311631994e-05,5.171412907840747e-05,0.007191253651374527,7.715919288836682e-05,0.008784030560532381,6.519539514876755e-05,0.008074366547833183,6.548998428919244e-05,0.008092588231782983
2018-08-09,0.0091358806723793,8.346431565995446e-05,2.4203679306657022e-05,5.128048196830122e-05,0.007161039168186501,7.635254639174973e-05,0.00873799441472411,6.260605480180357e-05,0.007912398801994474,6.39292809306188e-05,0.007995578836495754
2018-08-10,-0.0069360175529574,4.810833949493337e-05,3.812058077288531e-05,5.3211511989800365e-05,0.007294622127965256,7.925150221125537e-05,0.008902331279572524,6.140692763570678e-05,0.00783625724665205,6.333737317003106e-05,0.007958478068703277
2018-08-13,-0.0117976149847156,0.0001391837193275,1.3837145921013728e-05,5.2905321640108335e-05,0.007273604446222542,7.855837889612365e-05,0.008863316472750122,6.923629391647807e-05,0.008320834929048771,6.733547491633569e-05,0.008205819576150556
2018-08-14,0.0081445611760728,6.633387675079301e-05,1.812261595296217e-05,5.8082025501357005e-05,0.0076211564412073975,8.639688645553451e-05,0.009294992547363042,8.838359622470669e-05,0.009401255034552924,8.290521339506569e-05,0.009105230002315466
2018-08-16,-0.0069885645931451,4.884003507256272e-05,2.529127035380292e-05,5.8577136576323125e-05,0.007653570184974012,8.663539825149755e-05,0.009307813827720102,8.45488541055314e-05,0.009195045084475191,8.02173047483718e-05,0.008956411376682728
2018-08-17,0.0107945292284086,0.0001165218612629,2.3046741041026196e-05,5.7992910486097415e-05,0.0076153076422490916,8.522392531266503e-05,0.009231680524837556,9.192268938631085e-05,0.009587632105285999,8.276985154402488e-05,0.009097793773438969
2018-08-20,0.0051663845715087,2.669152954072383e-05,1.0259193509101846e-05,6.150464753270962e-05,0.007842489880944038,9.024810954354869e-05,0.00949990050177099,8.928615440543656e-05,0.009449135114148625,8.115822253293992e-05,0.00900878585231883
2018-08-21,-0.0005784248259979,3.345752793307235e-07,1.074100273805527e-05,5.9415860453190435e-05,0.007708168424028528,8.639507793108478e-05,0.009294895261974972,8.372109175098248e-05,0.009149923046178175,7.778948183278747e-05,0.008819834569468266
2018-08-23,-0.008172647364779,6.679216494902928e-05,5.90414295758374e-05,5.587098334275885e-05,0.007474689514806542,8.050468027889572e-05,0.008972440040417974,7.714197672649473e-05,0.008783050536487577,7.420639626263437e-05,0.008614313452773492
2018-08-24,-0.0069170514728691,4.784560107832138e-05,5.334619874453903e-05,5.652625423913507e-05,0.007518394392364308,8.141320323920344e-05,0.009022926534068835,8.750526618379965e-05,0.009354424952064112,7.966073648878766e-05,0.008925286353321536
2018-08-27,0.0153125816154649,0.0002344751557302,5.889266035978013e-05,5.6005415049486204e-05,0.00748367657301451,8.046548429861923e-05,0.008970255531400387,9.460467272238658e-05,0.009726493341507337,8.213377352295457e-05,0.009062768535218946
2018-08-28,0.0001928485396973,3.7190559263398574e-08,2.512415806540947e-05,6.671359949033346e-05,0.008167839340384547,9.695025750372761e-05,0.009846332185323001,9.442204034944748e-05,0.00971710040852967,8.308068341662308e-05,0.009114860581304745
2018-08-29,-0.0016126145019746,2.600525531978879e-06,1.404094647130048e-05,6.271301495446926e-05,0.007919154939415522,8.990823852989348e-05,0.009481995493032755,8.559534025686948e-05,0.009251774978720002,7.897134944278347e-05,0.008886582551396429
2018-08-30,-0.0042909615415426,1.8412350950997937e-05,3.378739088143371e-05,5.910626558911983e-05,0.007688059936623792,8.385416008432482e-05,0.009157191713856646,8.094240553693288e-05,0.008996799738625556,7.557732257430116e-05,0.008693521874033628
2018-08-31,-0.0014778060917466,2.183910844803375e-06,2.1468195670986648e-05,5.66646307108325e-05,0.007527591295416649,7.991315444876058e-05,0.00893941577782131,8.234830804565626e-05,0.009074596853064948,7.45656011084626e-05,0.008635137584802144
2018-09-03,-0.0086702564437823,7.517334680094878e-05,8.346898294875556e-05,5.3395787518870746e-05,0.007307242128113092,7.488474725675594e-05,0.008653597359292605,7.772258368515334e-05,0.008816041270613095,7.151929830527228e-05,0.008456908318367432
2018-09-04,-0.0140725183103132,0.0001980357715941,0.0001131127543741,5.4702441075795414e-05,0.007396109860987424,7.717005619581675e-05,0.008784648894282387,8.926708591043003e-05,0.009448126052844025,7.831749536595263e-05,0.008849717247796826
2018-09-05,-0.0019960979881612,3.984407178341258e-06,6.623982925590076e-05,6.330244090689372e-05,0.007956283108769679,9.062176844863727e-05,0.009519546651423967,0.00011530009685239145,0.010737788266323352,0.00010059777736902473,0.010029844334236935
2018-09-06,0.0033786133128603,1.1415027917837069e-05,4.514840191824434e-05,5.974335888318056e-05,0.0077293828267967525,8.462022311456205e-05,0.009198925106476411,0.00010865850525108675,0.010423939046784894,9.541022982092777e-05,0.009767816021042154
2018-09-07,0.0004639912952119,2.152879220324976e-07,3.765918446207958e-05,5.684365902525993e-05,0.007539473391773455,7.994782608417468e-05,0.00894135482374873,0.00010008183273136943,0.010004090799836307,9.041617216277776e-05,0.009508741881173228
2018-09-10,-0.0102298699581801,0.0001046502393612,3.3359982843639045e-05,5.344595675906628e-05,0.007310674165839036,7.473290830306024e-05,0.008644819738031571,9.076535463412663e-05,0.009527085316828365,8.564074598487091e-05,0.009254228546176656
2018-09-11,-0.014599635706902,0.0002131493627742,0.0001471163768868,5.651821371519885e-05,0.007517859649873683,7.977179230640991e-05,0.008931505601319965,0.0001061666414851475,0.010303719788753355,9.501276086129552e-05,0.00974744894119972
2018-09-12,0.0004363257652567,1.9038017342689506e-07,5.837727001423175e-05,6.59160826587418e-05,0.008118872006550036,9.434999106012413e-05,0.00971339235592407,0.00013429923363542096,0.011588754619691494,0.0001177493056472773,0.010851235212973558
2018-09-14,0.0127690150860387,0.0001630477462674,2.29063104132316e-05,6.19725405096229e-05,0.007872264001519696,8.75990964705564e-05,0.009359438897207268,0.00012098998044266616,0.010999544556147139,0.00011047732399222818,0.010510819377775845
2018-09-17,-0.0127279417973035,0.0001620005023955,3.355493128190467e-05,6.803705285509455e-05,0.00824845760461279,9.669103301337803e-05,0.009833159869206746,0.00011710401702881711,0.010821460947063346,0.00010732177026983211,0.010359622110377971
2018-09-18,-0.0142262128642572,0.0002023851324591,0.0001236970918701,7.367485982752161e-05,0.008583406073786886,0.000104717530121719,0.01023315836492913,0.00013960922202027205,0.011815634643144314,0.00012223047798251604,0.01105578934235435
2018-09-19,-0.0062254866497351,3.8756684026031054e-05,7.29943344972213e-05,8.139747618541976e-05,0.009022054986831977,0.00011563966400267168,0.010753588424459608,0.00016693385032198968,0.012920288321937312,0.00014107072778657642,0.011877319890723513
2018-09-21,-0.0262360738862394,0.0006883315729642,0.001121997461837,7.883902865585637e-05,0.00887913445420534,0.00011020317063046463,0.010497769793173435,0.0001674924318555989,0.012941886719315654,0.00013674464814560192,0.011693786732517484
2018-09-24,-0.0247822166576815,0.0006141582624682,0.0003135218161194,0.00011540858131435779,0.010742838605990401,0.00016566912978168414,0.012871252067366412,0.00024264958288424564,0.015577213578950685,0.0002179497520235267,0.014763121350972047
2018-09-25,0.0143141721576297,0.0002048955245582,0.0003054313618742,0.00014533356218359233,0.01205543703826586,0.00020834041594685866,0.01443400207658495,0.00031446342134179393,0.017733116515203803,0.00028201782857279313,0.016793386453386735
2018-09-26,0.0018124533422037,3.284987117665704e-06,6.0238145967105605e-05,0.00014890727992607246,0.01220275706248684,0.00020846104344242894,0.0144381800599116,0.00029191820570712934,0.017085613998540684,0.00026408452840974374,0.01625067778308781
2018-09-27,-0.013255276689502,0.0001757023601152,0.0001124363519956,0.00014016994235756803,0.011839338763527633,0.00018984602802652118,0.013778462469612536,0.0002598781516979027,0.016120736698361608,0.00024351499931345768,0.015604967135930075
2018-09-28,0.0030979698756143,9.597417350213789e-06,0.0001082393780061,0.00014230188742302924,0.011929035477482211,0.00018922503634621595,0.013755909142845338,0.00028013920140127505,0.016737359451277703,0.0002477825376900964,0.015741109798552845
2018-10-01,0.0097907209069735,9.58582158782484e-05,0.0002850854626523,0.00013433961921866032,0.01159049693579444,0.00017324464402651338,0.013162243122907029,0.00025082969140306506,0.015837603714042886,0.00022883550106918383,0.01512730977633445
2018-10-03,-0.0117811597710737,0.0001387957255515,0.000111392821273,0.00013203073501823556,0.011490462785207373,0.0001669766879249435,0.012921945980576745,0.00023122140104918744,0.015205965968960585,0.00021344729833716326,0.014609835671121126
2018-10-04,-0.0100463696321092,0.0001009295427849,9.102966147478005e-05,0.00013243663445023534,0.011508111680472837,0.00016536363840172476,0.012859379394112485,0.0002470497875647115,0.015717817519131323,0.00021562343620404217,0.014684121907830994
2018-10-05,-0.0152592927568565,0.0002328460154394,0.0004080403765069,0.00013054620895031917,0.011425681990599913,0.00016040587278043686,0.012665144009463013,0.00025523617322876694,0.015976112581875698,0.00021263794404913236,0.014582110411361326
2018-10-08,0.0071297531899471,5.0833380549561473e-05,0.0001535212880797,0.0001366841973396672,0.011691201706397304,0.000168226628707446,0.012970220842662857,0.0002840725682824149,0.0168544524764946,0.00022721463425128343,0.015073640378199403
2018-10-09,-0.0036909789078127,1.3623325297918276e-05,5.181566010242638e-05,0.0001315331483322608,0.011468790186077205,0.00015831174930704882,0.012582199700650472,0.00025805163239532103,0.016063985570067007,0.00021101998038263882,0.01452652678318664
2018-10-10,0.0318606151300836,0.0010150987964673,0.0003809070276523,0.00012445855895020026,0.011156099629807913,0.0001459971345603017,0.012082927400274394,0.00024165703531181594,0.015545321975173623,0.00019701213460346424,0.01403610111831146
2018-10-11,-0.0214654075360577,0.000460763720689,0.0001176519988068,0.000177896973201227,0.013337802412737527,0.00022799707019214086,0.015099571854597099,0.00024359874086200513,0.015607650074947386,0.00020401668022349532,0.014283440769768863
2018-10-12,0.0243894962410533,0.0005948475268923,0.000146664287087,0.00019486897805049596,0.013959547917124535,0.000249785989909451,0.01580461925860446,0.00029989403001633326,0.01731744871556816,0.0002492525465997648,0.0157877340552647
2018-10-15,-0.0003071413857161,9.433583081962473e-08,5.709348206167967e-05,0.00021886769098100741,0.014794177604078147,0.00028170649100135964,0.016784114245361883,0.0002892366754359858,0.017006959617638474,0.0002425777950095076,0.015574909149317938
2018-10-16,0.0079093816690713,6.255831838704163e-05,6.984167457853959e-05,0.00020574128967199614,0.014343684661620115,0.0002549953804168266,0.015968574777256318,0.00025695514129125214,0.016029820376138097,0.0002239149605384476,0.014963788308394623
2018-10-17,-0.0157965220599146,0.0002495301091893,0.0003667937924937,0.00019715031139489882,0.014041022448343952,0.00023692948418681055,0.015392513900815894,0.00023492715275966308,0.015327333517597347,0.0002082701818317128,0.014431568931745183
2018-10-19,-0.0040894853668129,1.6723890565377498e-05,7.225039861704728e-05,0.000200293099262567,0.014152494453719706,0.00023815074982920623,0.01543213367714284,0.00026666254671990603,0.016329805470975643,0.0002254324210369087,0.015014407115730833
2018-10-22,-0.0002871062116075,8.242997674366664e-08,0.0001320637083172,0.00018927894674073558,0.01375786853915735,0.00021762214406531903,0.014752021694171922,0.00025077955984515425,0.01583602095998721,0.00021051482292513594,0.014509128951289113
2018-10-23,-0.0042417406500438,1.799236374223469e-05,6.683602455558548e-05,0.00017792715573489607,0.013338933830516443,0.000197734168363522,0.014061798190968394,0.00022345548238694276,0.014948427421870929,0.00019477837841497462,0.013956302462148584
2018-10-24,0.0036673587443039,1.3449520159422363e-05,0.0001531999170522,0.00016833106821533635,0.012974246344791529,0.0001816272585406561,0.013476915765139147,0.0002125972871841983,0.014580716278159942,0.0001828263206791622,0.013521328362226923
2018-10-25,-0.009893535470314,9.788204410236166e-05,4.600316932689436e-05,0.00015903817533198148,0.012611033872446045,0.00016681367155318893,0.012915636707231623,0.00019223794931007643,0.013864990058059055,0.00016989266378069213,0.013034288004363419
2018-10-26,-0.0161014551296434,0.0002592568572919,0.000104883175217,0.00015536880745820424,0.012464702461679711,0.00016141848468367823,0.012705057445115242,0.00020320858056396823,0.014255124712326029,0.00017068382987223818,0.01306460217045426
2018-10-29,0.0218169328652241,0.0004759785596456,0.0002264276275585,0.0001616020904482272,0.012712281087524268,0.0001715840827772168,0.01309901075567223,0.00023686042048420234,0.015390270318750166,0.00019255323782247733,0.013876355350828882
2018-10-30,-0.0061063812290375,3.7287891714341585e-05,0.0001098683071082,0.0001804646786000753,0.013433714251839484,0.0002007932758601007,0.014170154404949183,0.00022969690810312874,0.015155754949956426,0.00018853633188857944,0.013730853283338928
2018-10-31,0.0138310132490745,0.000191296927496,0.0002642188860554,0.00017187407138693125,0.01311007518616622,0.00018615250821722728,0.013643771773861776,0.0002246858295366629,0.014989523992998006,0.00017968324646034942,0.013404597959668519
2018-11-01,0.006751645528645,4.558471734447277e-05,4.184891823235089e-05,0.00017303944275347984,0.013154445741021543,0.00018737304127828177,0.013688427275559517,0.00021154708120828093,0.01454465816746069,0.00017080673979571605,0.013069305252985565
2018-11-02,0.0148164695407844,0.0002195277696529,6.975816526241763e-05,0.00016539215922893938,0.012860488296675961,0.00017493186752521353,0.013226181139135118,0.0001938439921000135,0.013922786793598955,0.00015965191941323,0.012635344055989532
2018-11-05,0.0011879020111409,1.41111118807261e-06,3.5281216542906886e-05,0.00016864029585438254,0.012986157855747115,0.00017996895888136347,0.01341525098093075,0.00018468038791821285,0.0135897162559861,0.00015320310473827218,0.012377524176436585
2018-11-06,-0.0052288567294566,2.7340942697183643e-05,4.989997335783459e-05,0.00015860654477440394,0.012593909034704195,0.0001642140007197109,0.01281460107532462,0.00016579050179816094,0.012875966053005923,0.00014271940449467178,0.01194652269468701
2018-11-07,0.0066851308840288,4.469097493659682e-05,3.19947343662242e-06,0.0001507306086497707,0.012277239455584904,0.00015254476709876023,0.01235090146907343,0.0001633998945331292,0.012782796819676406,0.00013674657268281657,0.011693869021107452
2018-11-09,5.047647213890013e-05,2.547874239589161e-09,2.7377046114045575e-05,0.0001443682306269802,0.012015333146732978,0.00014372940263134362,0.011988719807858704,0.00015108052740916736,0.012291481904521007,0.00012868313788849458,0.011343859038638243
2018-11-12,-0.0090137952518351,8.12485048420063e-05,9.273260724391029e-05,0.00013570628966181578,0.011649304256556088,0.00013170272950288405,0.011476180963320683,0.00013549386626135094,0.011640183257206518,0.00012040871059235987,0.010973090293639248
2018-11-13,0.0089206467415508,7.957793828754166e-05,9.346785315081308e-05,0.00013243882257262711,0.011508206748778331,0.00012850175819748642,0.011335861599255984,0.0001463720401402941,0.012098431309070366,0.00012353862467868174,0.011114793056043902
2018-11-14,0.0062497150374298,3.905893804907627e-05,3.0485254609908823e-05,0.00012926716951552195,0.011369572090255726,0.0001254865141433089,0.011202076331792642,0.00013745878206993938,0.011724281729382802,0.00011742088038027625,0.010836091563856233
2018-11-15,0.008624369229704,7.437974461026685e-05,0.0001180023437998,0.00012385467562753518,0.011129001555734243,0.00011902951447858552,0.010910064824673844,0.00012763228309480842,0.011297445865982648,0.00011100285187105341,0.01053578909579408
2018-11-16,0.0034657025527399,1.2011094184067914e-05,2.3166617063806652e-05,0.00012088617976649899,0.010994825135785424,0.00011654021833196013,0.010795379489946619,0.00012039597006313952,0.010972509743132585,0.00010591966382542413,0.01029172793195701
2018-11-19,0.0020989945508626,4.4057781245511255e-06,1.593360199806416e-05,0.00011435367463155312,0.010693627758228408,0.00010852406599132312,0.010417488468499646,0.00011060005737384105,0.010516656187868892,9.997853364846408e-05,0.00999892662481649
2018-11-20,-0.0071487962988915,5.110528852304503e-05,2.4973099478577454e-05,0.00010775680084113297,0.01038059732583501,0.00010065526447036002,0.010032709727205309,0.00010105043656191765,0.010052384620671737,9.441871743595178e-05,0.009716929424254958
2018-11-21,0.0056782894924497,3.224297156006507e-05,4.163264426769655e-05,0.00010435771010204768,0.01021556215301183,9.796120360008813e-05,0.009897535228534836,0.00010819243801053288,0.010401559402826716,9.597130308120177e-05,0.009796494428171832
2018-11-22,-0.0100496492321679,0.0001009954496896,7.468964603503743e-05,0.00010003082578952869,0.010001541170716076,9.380235795832469e-05,0.009685161741464346,0.00010103953326001611,0.01005184228189122,9.136753363712484e-05,0.009558636599281554
2018-11-26,0.0139847749950845,0.0001955739316631,7.247688112758392e-05,0.00010008870322353375,0.010004434178079925,9.647116019079866e-05,0.009821973334864979,0.00011586502218681506,0.010764061602704393,9.973757269873679e-05,0.009986870015111681
2018-11-27,0.0029351586698775,8.615156417357541e-06,2.568150996053337e-05,0.00010581781692991017,0.01028677874409235,0.000107638906836994,0.010374917196633138,0.00011321020007053804,0.010640028198766112,9.82522714898129e-05,0.009912228381641179
2018-11-28,0.0005614172969096,3.1518938126932533e-07,1.4031037574659594e-05,9.998565729915698e-05,0.009999282839241872,0.00010025527333145488,0.010012755531393688,0.00010387449515397498,0.010191883788288355,9.293932859703456e-05,0.009640504582076322
2018-11-29,0.018040647550324,0.000325464964035,9.145633317712372e-05,9.400542922408372e-05,0.0096956397016434,9.288712514499791e-05,0.009637796695562629,9.41829209678957e-05,0.009704788558639271,8.793560871648059e-05,0.009377398824646449
2018-11-30,-0.0028493569385801,8.118834963435106e-06,3.063207072452608e-05,0.00010789300131273939,0.010387155592978252,0.00011649901207588707,0.010793470807663635,9.568132848368739e-05,0.00978168331544665,9.028156528875057e-05,0.009501661185748024
2018-12-03,-0.0002009847386343,4.0394865163909655e-08,2.9996824169072248e-05,0.0001019065513317811,0.01009487747978058,0.00010812578853627456,0.010398355088006687,9.281698098705698e-05,0.009634156994104725,8.657795751063783e-05,0.009304727696748456
2018-12-04,-0.0061156425608579,3.7401083932177286e-05,1.997950199798179e-05,9.579458194378407e-05,0.009787470661196594,9.989400254721545e-05,0.009994698722183448,8.44849282521602e-05,0.009191568323858567,8.215376279076242e-05,0.009063871291603959
2018-12-05,-0.0065472932232205,4.286704855082911e-05,1.728534629151198e-05,9.229097206308761e-05,0.009606819039780421,9.600835032477943e-05,0.009798385087593743,8.98100484455594e-05,0.00947681636656316,8.303023560544525e-05,0.00911209282247746
2018-12-06,-0.0121895081389588,0.0001485841086697,2.317440584955816e-05,8.932553665235209e-05,0.009451218791899385,9.304407822226547e-05,0.009645935839630361,9.59299153798035e-05,0.009794381827343853,8.45430632965795e-05,0.00919473019161408
2018-12-07,0.015002409794647,0.0002250722996465,8.561585264906242e-05,9.288105097339553e-05,0.009637481567992517,0.0001002130047295771,0.010010644571134123,0.0001167226856059303,0.010803827359132054,9.977348260709301e-05,0.009988667709314041
2018-12-10,-0.0186600738663514,0.0003481983566976,3.6664560249747887e-05,0.00010081252589378303,0.010040544103472831,0.00011372168859648668,0.010664037162186123,0.00011466378027708673,0.010708117494549951,9.891022834202427e-05,0.009945362152381594
2018-12-11,0.0023245980642671,5.403756160394667e-06,0.0002124914316072,0.00011565567574201748,0.010754332882239488,0.0001372260988865813,0.011714354394783405,0.00015647465942797583,0.012508983149240222,0.00013899097420848233,0.011789443337515233
2018-12-12,0.0181968276770413,0.0003311245375079,0.0001081746876911,0.00010904056056712008,0.010442248827102334,0.0001263935417674963,0.011242488237374157,0.0001418160544409703,0.011908654602471695,0.00012988974666499074,0.011396918296846335
2018-12-13,0.0064534236105496,4.1646676297200195e-05,2.5985854773853704e-05,0.00012236559918356907,0.01106189853431901,0.0001469629663839946,0.01212282831619728,0.0001399548153332029,0.011830250011441132,0.00012852447941753663,0.01133686373815689
2018-12-14,0.0003598091149898,1.294625992297663e-07,1.5584077052641504e-05,0.00011752246381038686,0.010840777823126294,0.00013845928668729804,0.011766872425895422,0.0001300014270290472,0.011401816830183126,0.00012114734078263083,0.011006695270726397
2018-12-17,0.0070503520198784,4.970746360420454e-05,1.0104011958590998e-05,0.00011047888373771743,0.0105108935746547,0.00012700560593658866,0.011269676390056134,0.00011715307223914016,0.010823727280338329,0.00011356376344956067,0.010656630023115218
2018-12-18,0.0058644518722498,3.4391795761934784e-05,6.733238194711524e-05,0.00010683259852970659,0.01033598560997966,0.00012137572832809107,0.011017065322856677,0.0001099426507601634,0.010485354107523666,0.00010772369660810071,0.010379002678875303
2018-12-19,0.0045417948475692,2.0627900437406384e-05,1.0904264025497326e-05,0.00010248615036364023,0.01012354435776523,0.00011492306012261984,0.010720217354261985,0.00010272494413971839,0.010135331476558544,0.00010209226554495645,0.010104071730988278
2018-12-20,-0.0008539328742195,7.292013536729339e-07,2.4598117314495717e-05,9.757465536806618e-05,0.009877988427208557,0.00010787932614977314,0.01038649729936773,9.54571840849573e-05,0.009770219244467204,9.668331341728359e-05,0.009832767332612095
2018-12-21,-0.0149768020196926,0.000224304598737,0.0001464588650468,9.176392812720257e-05,0.009579349045065775,9.973775236678682e-05,0.009986879010320833,8.822215079933786e-05,0.009392664733681165,9.142658826781834e-05,0.00956172517215478
2018-12-24,-0.0057815583989549,3.3426417520527064e-05,3.338600701901039e-05,9.971636836379454e-05,0.00998580834804046,0.00011322575166505233,0.010640758979746338,0.00011686136060653669,0.010810243318563032,0.00011595267194394739,0.010768132240270241
2018-12-26,0.0101320116309416,0.0001026576596895,0.0001948533229887,9.573897131319842e-05,0.009784629339591686,0.00010755131058172787,0.010370694797443798,0.00011962198752622164,0.010937183710911217,0.00011322173357185846,0.010640570171370444
2018-12-27,-0.0040192609684361,1.6154458732394388e-05,7.689514916628718e-05,9.615409261577867e-05,0.009805819324043182,0.00010891037170943778,0.010436013209527754,0.00011413804960069649,0.010683541060935577,0.0001085353742447638,0.010418031207707328
2018-12-28,0.0091364623306948,8.34749439202067e-05,1.481414708557948e-05,9.135411458277557e-05,0.00955793464001379,0.0001020914880193146,0.010104033255057834,0.00011256578169243552,0.010609702243344793,0.0001042180355913602,0.010208723504501442
2018-12-31,0.0012875522663291,1.6577908385293306e-06,1.6064564250851074e-05,9.088136434302133e-05,0.009533171788183685,0.0001022505317460048,0.01011190050119189,0.00010710757568646168,0.010349278993556105,9.994723459414536e-05,0.009997361381591912
2019-01-01,0.0085130066984019,7.247128304703601e-05,8.240268115825037e-05,8.55279499327518e-05,0.009248132240228392,9.479459390215657e-05,0.009736251532399754,9.747001107653888e-05,0.009872690164111244,9.433202289421092e-05,0.009712467394756645
2019-01-02,-0.0079792735126331,6.366880578940955e-05,4.976855842763758e-05,8.474454991960883e-05,0.009205680307267292,9.470880452935229e-05,0.009731844867719188,9.302827682166652e-05,0.009645116734475873,9.073073719221269e-05,0.009525268352766377
2019-01-03,-0.0079376047946847,6.30055698766029e-05,3.9281488705553895e-05,8.348000527179679e-05,0.009136739312894769,9.38146984235058e-05,0.009685798801518944,0.00010256781415412836,0.01012757691425389,9.426673419320285e-05,0.009709105736019298
2019-01-04,0.0086843817226441,7.54184859045954e-05,5.961225995156946e-05,8.225153914808506e-05,0.00906926342919231,9.295421208388313e-05,0.009641276475855422,0.00011169458616326372,0.010568565946393282,9.739290177824509e-05,0.009868784209731465
2019-01-07,0.0040202973889001,1.616279109519726e-05,1.891123350485876e-05,8.184155595347564e-05,0.009046632299009153,9.333809748148124e-05,0.009661164395738293,0.0001060366223950173,0.010297408528120913,9.357457723892435e-05,0.00967339533147097
2019-01-08,0.0074779603149226,5.591989047155759e-05,6.978188189624723e-05,7.790083006197892e-05,0.008826144688479727,8.817825438695834e-05,0.009390327703917385,9.811845120818045e-05,0.009905475819372862,8.88487953406855e-05,0.00942596389451421
2019-01-09,0.0076372368903175,5.832738731882731e-05,5.6413817818430046e-05,7.658197368655362e-05,0.008751112711338691,8.725996416487259e-05,0.009341304200424724,9.301395978527534e-05,0.009644374514984129,8.539736357900761e-05,0.009241069395854985
2019-01-10,-0.0069449520623515,4.823235914836161e-05,2.404334120171646e-05,7.548669850448998e-05,0.008688308149719944,8.6663036213071e-05,0.009309298373834141,8.847518757190839e-05,0.009406125002991848,8.231214796977792e-05,0.009072604255106574
2019-01-11,-0.0027153882337841,7.373333260173166e-06,2.5234253781607284e-05,7.38514381431222e-05,0.008593685946270215,8.519218761873681e-05,0.009229961409385026,9.56064124325389e-05,0.00977785316071677,8.459375164057009e-05,0.009197486158759365
2019-01-14,-0.0075189655719014,5.65348432714392e-05,2.08785447060102e-05,6.986275185014526e-05,0.008358394095168357,8.008354631098413e-05,0.008948941072047805,9.2446704919654e-05,0.009614920952335177,8.131183915062596e-05,0.009017307755124363
2019-01-15,0.005581079765537,3.11484513492872e-05,8.185995703074633e-06,6.906307733542285e-05,0.008310419805005211,8.008435703039494e-05,0.008948986368879714,0.00010084846811735003,0.010042333798343392,8.477294971838398e-05,0.009207222692994016
2019-01-16,0.0030226519606396,9.136424875158824e-06,1.099220305582562e-05,6.678819977625467e-05,0.008172404773153044,7.772754455092113e-05,0.0088163226206237,9.437630543563309e-05,0.009714746802445913,8.116859748373746e-05,0.009009361657949883
2019-01-17,0.0016378589423854,2.6825819151518934e-06,3.6506981235914006e-05,6.332909328218889e-05,0.00795795785878443,7.357753280947989e-05,0.008577734713167567,8.711186731822378e-05,0.009333373844340737,7.742676447164815e-05,0.008799247949208396
2019-01-18,-0.0026206826446872,6.867977524164783e-06,1.3116514966838336e-05,5.969030260016666e-05,0.007725949948075425,6.927010559411224e-05,0.008322866428948156,7.986686424075631e-05,0.00893682629576945,7.388981806463609e-05,0.008595918686483493
2019-01-21,0.0027968344379022,7.822282873036212e-06,2.603754030272884e-05,5.652096309560654e-05,0.0075180425042431455,6.581005111593644e-05,0.008112339435448718,7.780344091098243e-05,0.00882062587977647,7.151914122574361e-05,0.008456899031308321
2019-01-22,-0.0018667428601863,3.4847289060568917e-06,1.0470338083378318e-05,5.359904228225229e-05,0.007321136679659265,6.280707503327653e-05,0.007925091484221273,7.212996331747105e-05,0.00849293608344435,6.863062639219435e-05,0.008284360349006696
2019-01-23,-0.0084592537335669,7.155897372886629e-05,6.770876729557957e-05,5.0592183479680545e-05,0.007112818251556871,5.972106911068459e-05,0.007727940806624012,6.919649295819228e-05,0.008318442940730692,6.629678895111611e-05,0.008142284013169531
2019-01-24,0.0005741522661457,3.296508247203303e-07,1.935176038782354e-05,5.1850190894631645e-05,0.007200707666238899,6.328548113472585e-05,0.007955217227375118,8.030306911567479e-05,0.008961197973244135,7.30981834426004e-05,0.008549747566016227
2019-01-25,-0.005557008871305,3.088034759576266e-05,7.331369307603197e-05,4.875895849043696e-05,0.00698276152323971,5.985553050225467e-05,0.00773663560614397,7.32419620334829e-05,0.008558151788411029,6.990663861427004e-05,0.008361018993775223
2019-01-28,-0.0171946076953553,0.0002956545337971,0.0001491697045538,4.768624183675649e-05,0.006905522560730396,5.96279559303011e-05,0.007721914006922189,7.779280164677894e-05,0.008820022769062387,7.104686716941344e-05,0.008428930369235081
2019-01-29,-0.0029928511744146,8.957158152195283e-06,4.660923274486302e-05,6.256433935438141e-05,0.00790976228178707,8.401317873639424e-05,0.009165870320727553,0.00011241392757145742,0.010602543448223044,0.0001067854365552498,0.01033370391269509
2019-01-30,0.009442161035721,8.915440502448787e-05,2.48626252059922e-05,5.934790848225021e-05,0.007703759373335216,7.917717195994081e-05,0.0088981555369605,0.0001084512591252975,0.01041399342832986,0.00010168459026442453,0.010083877739462361
2019-01-31,0.0173671227990951,0.0003016169543188,9.245192944437868e-05,6.113629827478448e-05,0.007818970410148927,8.230375465868426e-05,0.00907214167981763,0.0001035640549372698,0.010176642616171102,9.776553734297591e-05,0.009887645692629562
2019-02-01,-0.007704896146775,5.9365424632589025e-05,0.0001766279374509,7.556513763742835e-05,0.00869282104022787,0.00010482797472784318,0.010238553351320838,0.00010401824944745604,0.010198933740713097,9.8708291055802e-05,0.00993520463079659
2019-02-04,0.0037090472071849,1.37570311851262e-05,8.632994033581652e-05,7.459315485713795e-05,0.008636732880964766,0.0001024566557205669,0.01012208751792667,0.00011248166647043676,0.01060573743171293,0.00010095176785254265,0.010047475695543763
2019-02-05,0.0031253516674915,9.767823045492255e-06,1.8478109421352735e-05,7.094298743681723e-05,0.008422766020543206,9.610237811446726e-05,0.009803182040259543,0.0001036930335509259,0.010182977636768427,9.550131124831775e-05,0.00977247723191606
2019-02-06,0.004779240090273,2.2841135840473192e-05,8.721936267203416e-06,6.72724775733377e-05,0.008201980100764552,9.00542949971268e-05,0.009489694146658616,9.549941428878683e-05,0.009772380175207412,9.046401759465328e-05,0.009511257413962325
2019-02-07,-0.0005548287819691,3.0783497730134036e-07,3.405728188665088e-05,6.460659706936579e-05,0.008037822906071381,8.586433109098077e-05,0.009266300831021016,8.910306295149019e-05,0.009439441877118064,8.616386013322816e-05,0.009282449037470024
2019-02-08,-0.0033923402378132,1.150797228908687e-05,3.2804518210158534e-05,6.074867134384192e-05,0.00779414340026163,8.002796855927266e-05,0.008945835263365443,8.190829768006504e-05,0.009050320308147388,8.181253213946465e-05,0.00904502803420004
2019-02-11,-0.002443056738982,5.968526229885833e-06,1.1589729846392571e-05,5.77942294005566e-05,0.00760225160071387,7.58532248252506e-05,0.008709375685159677,8.131228032467387e-05,0.009017332217716827,7.932650103482267e-05,0.008906542597148608
2019-02-12,-0.0080036250313238,6.40580136420332e-05,4.341884976985122e-05,5.468468721031632e-05,0.007394909547135537,7.160861582166236e-05,0.008462187413527448,7.876299570287481e-05,0.008874851869348289,7.634146709831599e-05,0.008737360419389599
2019-02-14,-0.0014875828816694,2.2129028298360537e-06,2.235129499710025e-05,5.5247086796219315e-05,0.007432838407783349,7.321055643904634e-05,0.008556316756586699,8.869879312400905e-05,0.009418003669781036,8.124248548254114e-05,0.009013461348590848
2019-02-15,-0.0065599880516345,4.303344323758745e-05,7.804359073531358e-05,5.20650357582363e-05,0.007215610560322411,6.889859066018254e-05,0.008300517493517049,8.348988140558703e-05,0.009137279759621406,7.759025778969562e-05,0.00880853323713407
2019-02-18,-0.0052387605664412,2.744461227250024e-05,2.2751880529857137e-05,5.152314020699737e-05,0.007177962120755261,6.883664633279367e-05,0.008296785301114743,8.989090868544852e-05,0.009481081620018284,7.96216658484053e-05,0.008923097323710265
2019-02-19,0.0011473747877149,1.3164689034840056e-06,6.900764901868665e-05,5.007842853092748e-05,0.007076611373456047,6.733362340661087e-05,0.008205706758507209,9.290826927022705e-05,0.009638893570852779,7.942442777533691e-05,0.008912038362537322
2019-02-20,0.0100914285614259,0.0001018369304103,3.1964169596087405e-05,4.715271095328086e-05,0.0068667831590404,6.356423453051956e-05,0.007972718139412653,8.477041398383273e-05,0.009207084988411518,7.567609748109931e-05,0.008699200967968225
2019-02-21,0.0035883515425489,1.2876266792913193e-05,8.071318907220468e-06,5.043376412070576e-05,0.007101673332441148,6.953119168808683e-05,0.008338536543548084,8.232554379747074e-05,0.009073342482099457,7.440096017869746e-05,0.008625599119985663
2019-02-22,-0.0068564798646389,4.701131613419956e-05,1.11288326617986e-05,4.8180314281038195e-05,0.0069412040944664775,6.660130134951553e-05,0.008160962035784477,7.660374179623834e-05,0.008752356356789772,7.135641899429905e-05,0.008447272873199909
2019-02-25,0.0107984014713676,0.0001166054743368,3.443451603920612e-05,4.811017439222782e-05,0.006936149824811155,6.715340152134856e-05,0.008194717903707764,8.392022989300297e-05,0.009160798540138461,7.44784508454192e-05,0.008630089851526414
2019-02-26,-0.0076249080668937,5.813922302858149e-05,7.58877220193412e-05,5.2219892388904196e-05,0.007226333260299043,7.410965201514735e-05,0.008608696301714177,8.193550926736898e-05,0.009051823532712566,7.362575463229115e-05,0.008580545124424854
2019-02-27,-0.0057169210145079,3.268318588612278e-05,0.0001096888218093,5.257505222728478e-05,0.007250865619171602,7.489560586531344e-05,0.008654224740860006,9.090144804042653e-05,0.009534225088617666,7.799902583893383e-05,0.008831705715145508
2019-02-28,-0.0003508355962302,1.2308561558226617e-07,1.248928661956064e-05,5.138154024681501e-05,0.007168091813503438,7.323386018448947e-05,0.00855767843427699,9.498800931712119e-05,0.009746179216345305,7.863655562925641e-05,0.008867725504843754
2019-03-01,0.0094364850249141,8.904724962542904e-05,1.0783772233244828e-05,4.830603296894104e-05,0.0069502541657799136,6.872533951600424e-05,0.00829007475937366,8.673106569328262e-05,0.009312951502788073,7.49483975804215e-05,0.008657274258126601
2019-03-05,0.0186880752325108,0.0003492441558959,0.0001880567220707,5.075050596833027e-05,0.007123938936313973,7.295497017491624e-05,0.008541368167624918,8.375917922796578e-05,0.009152004109918536,7.346858868776341e-05,0.008571381959040409
2019-03-06,0.0025951746495952,6.734931461901637e-06,1.7036822464857908e-05,6.866012496398948e-05,0.008286140534892555,0.00010089768305702534,0.010044783873086834,8.627158339022833e-05,0.00928824974848482,7.763974264298909e-05,0.008811341705040674
2019-03-07,0.0050170984612062,2.517127696943781e-05,3.071335010897764e-05,6.494461335386419e-05,0.008058822082281269,9.405730250583888e-05,0.009698314415703322,7.962310107951365e-05,0.008923177745596781,7.416925176046466e-05,0.00861215720713833
2019-03-08,-0.0001008118875305,1.0163036667470538e-08,1.2918697437536696e-05,6.255821317079859e-05,0.007909375017711488,8.965745594579391e-05,0.009468762112641436,7.491010312373034e-05,0.00865506228306477,7.140650777124805e-05,0.008450237142900077
2019-03-11,0.0073517548389652,5.4048299212248675e-05,2.7638670124139886e-05,5.880533016275072e-05,0.0076684633508122555,8.338952590864717e-05,0.009131786567186466,6.83400632248076e-05,0.008266804898194199,6.836378849617608e-05,0.008268239745929969
2019-03-12,0.0169139130702781,0.0002860804553489,5.380980661162117e-05,5.851990830572057e-05,0.007649830606341592,8.28073722891309e-05,0.009099855619136543,6.581892062005197e-05,0.008112886084498658,6.674334661833327e-05,0.008169660128691601
2019-03-13,0.0153715286562346,0.0002362838932294,0.0001449021414862,7.21735411283128e-05,0.008495501228786492,0.00010383514783471142,0.010189953279319363,6.8314680084373e-05,0.008265269510691892,7.018965475028913e-05,0.008377926637915202
2019-03-14,0.0013423639409246,1.8019409498946784e-06,2.7035359583406363e-05,8.202016225438054e-05,0.009056498343972715,0.00011799929312541183,0.010862747954611294,6.986982195625759e-05,0.00835881701894817,7.226562941960923e-05,0.008500919327908555
2019-03-15,0.0157229077115883,0.0002472098269071,0.0001183096937532,7.720706897611137e-05,0.008786755315593543,0.00010887968131157108,0.010434542697769323,6.42938092925977e-05,0.008018342053853633,6.91813229740568e-05,0.008317531062404083
2019-03-18,0.0072791048328356,5.29853671674112e-05,8.356687602240436e-05,8.740723445197208e-05,0.009349183624893249,0.00012352129178985925,0.011114013307075859,6.625380042985414e-05,0.00813964375325199,7.158099250751438e-05,0.008460555094526267
2019-03-19,0.0057863576480658,3.3481934831330395e-05,2.6022663274599736e-05,8.534192241489839e-05,0.009238069193013137,0.00011856685960621556,0.010888841058910519,6.38703924342557e-05,0.007991895421879324,6.964422684819265e-05,0.008345311668727097
2019-03-20,0.0021593415145858,4.6627557766138305e-06,2.58010030244377e-05,8.223032315988426e-05,0.009068093689408169,0.00011232880808346559,0.010598528581056222,6.097345818589385e-05,0.007808550325501773,6.747087735828736e-05,0.008214065823834585
2019-03-22,-0.0084053169196714,7.064935252011537e-05,0.0001015812497578,7.757626911688803e-05,0.008807739160357101,0.00010407871013658985,0.010201897379242248,5.6671853773310676e-05,0.007528071052621028,6.488506712863438e-05,0.008055126760556558
2019-03-25,-0.0102373112619565,0.0001048025418741,1.2645190613187176e-05,7.71606541210816e-05,0.008784113735664036,0.00010283507423964561,0.010140763000861702,6.762414107843359e-05,0.0082233898775647,7.169615934469316e-05,0.008467358463221759
2019-03-26,0.0203156520189501,0.000412725716955,0.0001855387570441,7.881916738626759e-05,0.008878015960014241,0.00010489554688369584,0.010241852707576684,8.288883206560328e-05,0.009104330401825456,8.236153781719144e-05,0.00907532576920473
2019-03-27,0.0045958530349961,2.1121865119283113e-05,8.924075622036674e-05,9.885356036039582e-05,0.009942512778990824,0.0001353322475147253,0.011633238909036695,8.640134488034435e-05,0.0092952323736604,8.706632352626383e-05,0.009330933689951066
2019-03-28,0.013261227589252,0.0001758601571739,0.0001095789170666,9.418965864592905e-05,0.009705135684055583,0.0001261610441301103,0.011232143345333085,8.080915828507478e-05,0.008989391430184514,8.303999297143895e-05,0.009112628214266122
2019-04-01,-0.0030964464506056,9.58798062146809e-06,7.192250572904797e-05,9.908988855760961e-05,0.00995439041617364,0.0001323364194541625,0.01150375675395488,8.042273070970024e-05,0.008967872139459853,8.26615879841404e-05,0.009091841836731455
2019-04-02,0.0009145691584392,8.364367455682489e-07,3.465550544123327e-05,9.371977408144112e-05,0.009680897379966441,0.00012241312942799546,0.011064046702178885,7.930878338589085e-05,0.008905547899253075,7.984637964345402e-05,0.00893568014442404
2019-04-03,-0.0086339302585495,7.454475170949707e-05,0.0001258325231603,8.814677384128873e-05,0.009388651332395337,0.00011273383250910783,0.01061761896609159,7.25270895158049e-05,0.008516283785537263,7.604934119018926e-05,0.008720627339256578
2019-04-04,-0.0062802298247954,3.944128665225074e-05,7.597223215647641e-05,8.73306525133812e-05,0.00934508707896193,0.00011093027713351431,0.010532344332270679,8.402384903551804e-05,0.009166452369129403,8.235147398947001e-05,0.009074771291303711
2019-04-05,0.0059927327921518,3.591284631813242e-05,4.203616891690587e-05,8.44572905617133e-05,0.009190064774620105,0.00010605885532538732,0.010298488011615458,8.975110769490763e-05,0.009473706122469054,8.34772899740447e-05,0.009136590719411957
2019-04-08,-0.0079877159567748,6.380360620611542e-05,0.0001066626050193,8.154462390709839e-05,0.009030206194052181,0.00010137851078152495,0.010068689625841336,8.459625990144656e-05,0.009197622513532861,8.00922546025567e-05,0.008949427613124578
2019-04-09,0.0089578251853853,8.02426320519238e-05,8.573080995905942e-05,8.048016284503938e-05,0.008971073672924516,9.978667662590814e-05,0.009989328136862265,9.437468414080335e-05,0.009714663357049659,8.46174120231369e-05,0.009198772310647595
2019-04-10,-0.0103593393917385,0.0001073159126332,6.037646706638491e-05,8.04659109974524e-05,0.008970279315464619,9.989098365682365e-05,0.009994547696460488,9.046888417095743e-05,0.00951151324295758,8.206799467002136e-05,0.00905913873776207
2019-04-11,-0.0005840144296738,3.4107285406722593e-07,1.832000124429374e-05,8.207691109559875e-05,0.009059630847644884,0.00010249837494493303,0.010124148109590902,0.00010621447203401975,0.010306040560468396,9.21156435351147e-05,0.009597689489409141
2019-04-12,0.0051051389568852,2.6062443769107235e-05,3.4967281304803527e-05,7.717276080110685e-05,0.00878480283222719,9.489376612175661e-05,0.009741343137460902,9.723342061748752e-05,0.00986070081776582,8.722516244816159e-05,0.009339441227833794
2019-04-15,0.0055193831184189,3.0463590007888516e-05,2.379399274235755e-05,7.410614177918685e-05,0.008608492421974178,9.04876051202778e-05,0.009512497312497797,9.084814145225091e-05,0.009531429140073953,8.328906062251671e-05,0.009126284053354724
2019-04-16,0.014087624518478,0.0001984611645736,5.132382446883072e-05,7.148758867290888e-05,0.008455033333636768,8.695936679401518e-05,0.009325200630228563,8.532558176759895e-05,0.009237184731702564,7.980569712875813e-05,0.0089334034459862
2019-04-18,-0.0101375294459371,0.0001027695032672,0.0001086000200859,7.91060032269517e-05,0.008894155565704465,9.940813549167297e-05,0.009970362856570115,8.508407189111749e-05,0.009224102768893974,8.020175529637961e-05,0.008955543271984097
2019-04-22,-0.0178752708854684,0.0003195253092288,0.0001657120849536,8.05258132293691e-05,0.008973617622195026,0.00010164473691223863,0.010081901453210036,0.00010025537606378994,0.010012760661465446,8.982395446659068e-05,0.009477550024483684
2019-04-23,-0.0070392986343184,4.955172526311757e-05,8.329632248445251e-05,9.486578298933943e-05,0.009739906723852105,0.00012377244668195119,0.011125306588222689,0.00013859257093847512,0.011772534601285958,0.00012697643222121024,0.011268381969972896
2019-04-24,0.0128446969825928,0.0001649862405746,9.42913467366231e-05,9.214693952576607e-05,0.009599319742865433,0.00011847240025551951,0.010884502756466163,0.00014350201753736777,0.011979232760797653,0.0001253522713807733,0.011196082858784732
2019-04-25,-0.0100788437590433,0.0001015830915192,0.0001210978007164,9.651729758869782e-05,0.009824321736827324,0.00012445670814400936,0.011156016679084401,0.00013764395981930987,0.011732176261005879,0.00012087944962307451,0.01099451907193191
2019-04-26,0.0151795087505081,0.0002304174859067,9.552272853936776e-05,9.682124522452832e-05,0.009839778718270463,0.00012391574925453257,0.011131745112718517,0.00015167005153171603,0.012315439559013557,0.0001266315164467181,0.011253066979571307
2019-04-30,-0.0083207330038787,6.923459772183731e-05,5.5950900765960144e-05,0.00010483701966546174,0.010238995051540056,0.00013539675237539978,0.01163601101646951,0.00014676088634894052,0.012114490758960548,0.0001234289310631523,0.011109857382664833
2019-05-02,-0.0018899824663825,3.572033723233529e-06,3.201219672946523e-05,0.00010270087434884421,0.010134143986980065,0.00013068672494561043,0.011431829466258252,0.00015502098644051935,0.012450742405194934,0.00012470844709275874,0.011167293633318627
2019-05-03,0.0082313694293725,6.775544268280821e-05,4.287968312440427e-05,9.675314391130755e-05,0.009836317599147944,0.0001203804303543259,0.010971801600207958,0.00014402308888533772,0.012000961998329038,0.00011726509595536537,0.01082890095787035
2019-05-06,-0.0112704403527726,0.0001270228257454,2.148768149454166e-05,9.501328183759758e-05,0.009747475664888709,0.00011713210379996526,0.010822758603977327,0.0001348680386212105,0.011613269936637591,0.00011146962123890465,0.010557917466948898
2019-05-07,-0.0112127712250763,0.0001257262385459,0.0001445002329572,9.693385447206602e-05,0.009845499198723549,0.00011973362097972194,0.01094228591198941,0.00015266451613592385,0.012355748303357585,0.00012141522483134572,0.011018857691763957
2019-05-08,-0.0100820067071012,0.000101646859242,4.090106031077167e-05,9.866139751649601e-05,0.009932844381973172,0.0001219376976372256,0.01104254036158463,0.00016980292019807994,0.013030844953343583,0.00013028267197849616,0.011414143506128533
2019-05-09,-0.0037941304493033,1.4395425866330516e-05,2.8199575455700183e-05,9.884052522002827e-05,0.009941857231927457,0.00012167090604795576,0.011030453573990316,0.00018254828198345518,0.013511042964310905,0.00013518440600824279,0.01162688290163115
2019-05-10,0.005382835024285,2.8974912898670196e-05,3.9170070144611e-05,9.377381925880641e-05,0.00968368830863563,0.00011332981864435638,0.010645647873396733,0.00017428728070310477,0.013201790814245799,0.0001282029646445282,0.01132267480079368
2019-05-13,-0.0131907750886813,0.0001739965474401,7.94468632095673e-05,8.988588487719818e-05,0.009480816677755043,0.00010723090146964389,0.010355235461815626,0.00015978690991532175,0.01264068470911769,0.00012058656179483797,0.01098119127393918
2019-05-14,0.0058880854120425,3.4669549819507885e-05,9.826552741497192e-05,9.493252463097681e-05,0.009743332316562789,0.00011524905139254141,0.010735411095647032,0.00018339240310991098,0.013542245128113395,0.00013585619961310654,0.011655736768351735
2019-05-15,-0.0074069854207691,5.4863433023487015e-05,7.982961470347902e-05,9.131674614228867e-05,0.009555979601395592,0.00010947459725756796,0.01046301090783948,0.0001682383019707011,0.012970670837343037,0.00012766163167884207,0.011298744694825264
2019-05-16,0.008311972663463,6.908888955815687e-05,7.783879041530354e-05,8.912954735516051e-05,0.009440844631449058,0.00010619038408523346,0.01030487186166007,0.00017239210280952467,0.013129817318208378,0.0001266710749781159,0.0112548245200943
2019-05-17,0.020405340927324,0.0004163779383603,0.0002092312690365,8.792710788734024e-05,0.009376945552115585,0.00010457696516517862,0.010226287946521877,0.00016030638265044365,0.012661215686119704,0.00012004492535649727,0.010956501510815269
2019-05-20,0.0435063356743864,0.0018928012438123,0.0001995436559146,0.00010763415771571928,0.010374688318967432,0.00013538675885492338,0.01163558158644953,0.00015861908302967827,0.012594406815316006,0.00012138593362079433,0.011017528471521838
2019-05-21,-0.0147804312557938,0.0002184611481072,0.0001686601280942,0.00021474418288151942,0.014654152410887482,0.0003000254370703683,0.017321242365095187,0.00017595836026120795,0.013264929711883434,0.00015390269428750737,0.012405752467605799
2019-05-22,0.0071800522289729,5.155315001078012e-05,6.418756436773206e-05,0.00021496720079506302,0.014661759812350733,0.00029164245942193414,0.017077542546336522,0.00020496658732886957,0.01431665419463883,0.0001719576700801309,0.01311326313623466
2019-05-23,-0.0038630998740731,1.4923540637063644e-05,0.0007492867155034,0.00020516235774800594,0.014323489719618119,0.0002686520660482783,0.01639060908106463,0.00018837231330816147,0.013724879354958332,0.0001608242710268884,0.012681650958250208
2019-05-24,0.0260783760547142,0.000680081697651,0.0001907286137613,0.0001937480287213494,0.013919340096475457,0.0002447082318698503,0.015643152874975374,0.00017975818370405137,0.013407392874979511,0.00015157064638566473,0.012311403103857201
2019-05-27,0.0138436626006507,0.0001916469942006,0.0001138511905998,0.0002229280488571339,0.014930775226261156,0.00028508482595165544,0.01688445515708622,0.00018114486586184785,0.013459006867590485,0.00015562293452674568,0.01247489216493456
2019-05-28,-0.0015732517884746,2.475121189938612e-06,5.347499987349486e-05,0.00022105118557774514,0.014867790204927737,0.000275802722653896,0.01660730931409107,0.00017244414052688866,0.013131798830582528,0.0001489510063179733,0.012204548591323371
2019-05-29,-0.0096147226223897,9.24428911054933e-05,3.0516914968155658e-05,0.00020793662171447673,0.014420007687739862,0.0002499413894099366,0.01580953476260249,0.00015864467425283382,0.01259542275006416,0.00013915008891622992,0.011796189593094456
2019-05-30,0.0076886433548297,5.9115236637767445e-05,5.360920293637203e-05,0.00020100699787793766,0.014177693672735974,0.00023518895033953515,0.015335871358991478,0.00017037373180740453,0.013052728902700941,0.00014203574915823273,0.011917875194774979
2019-05-31,-0.0051404571167216,2.64242993688544e-05,0.0004990450721544,0.0001924934922035274,0.013874202398823775,0.00021891246365733928,0.014795690712411479,0.0001580369864426612,0.012571276245579093,0.00013379508857751983,0.01156698269115675
2019-06-03,0.0088293599367577,7.795759689282319e-05,5.5331598685947066e-05,0.000182529340633447,0.013510341988027062,0.00020133335226255142,0.014189198436224347,0.0001560175138331884,0.01249069709156332,0.00012851707481018924,0.011336537161328817
2019-06-04,-0.0020429355731504,4.1735857560435304e-06,2.071858069616631e-05,0.0001762550360090095,0.013276107713068974,0.0001904119123002607,0.01379898229219317,0.00014604696001240962,0.012084989036503492,0.00012191035560643201,0.011041302260441565
2019-06-06,-0.0234339841290107,0.0005491516121587,0.0002036730340319,0.00016593014899383152,0.012881387696744148,0.000173801441000403,0.013183377450426087,0.00013641229484306935,0.01167956740821634,0.00011480136471933069,0.010714539874363747
2019-06-07,0.0067551137506981,4.5631561784871014e-05,9.934748236686192e-05,0.00018892343678372515,0.013744942225550645,0.00020956981190508537,0.014476526237502054,0.0001974883237083979,0.01405305389260277,0.00017976876617286882,0.01340778751967933
2019-06-10,-0.0010483373372827,1.0990111727410408e-06,9.542984562289794e-05,0.00018032592428379388,0.013428548852493104,0.00019476928949262363,0.013955976837635681,0.00018140560964008263,0.013468689974904116,0.00016779653782252036,0.01295363029511497
2019-06-11,0.0074302750788565,5.5208987747476554e-05,6.730048061249649e-05,0.0001695723094971307,0.013021993299688443,0.00017740928405059973,0.013319507650457644,0.00016505818926863152,0.01284749739321365,0.00015609431111273986,0.012493770892438354
2019-06-12,-0.0096335002734718,9.280432751898155e-05,3.61104386347136e-05,0.0001627105101921514,0.012755803000679786,0.00016692290409789365,0.012919864708962461,0.00015310574993700093,0.012373590826312342,0.00014648703300369285,0.012103182763376451
2019-06-13,0.0003358156076589,1.12772122347317e-07,6.027685565472151e-05,0.0001585161392317612,0.012590319266474588,0.00016104453716063918,0.01269033242908314,0.00016514259566790916,0.01285078190881431,0.00014875006415447414,0.012196313547727204
2019-06-14,-0.0117470957560835,0.0001379942587025,0.0001044780447965,0.00014901193720519637,0.012207044572917573,0.00014718423890328004,0.012131951158131163,0.00014803325787984535,0.012166891874256356,0.00013864548692913293,0.011774781820871796
2019-06-17,-0.0112043580165399,0.0001255376385628,7.341044669182981e-05,0.00014835087649504029,0.012179937458584929,0.00014760442675321446,0.012149256222222595,0.00016704491323230053,0.01292458561162796,0.0001475473886330035,0.012146908603961894
2019-06-18,0.0025649469888391,6.578953055554921e-06,4.197342744343626e-05,0.00014698208221910596,0.012123616713634012,0.00014682307092096983,0.012117057023921685,0.0001836693412419679,0.013552466242052325,0.00015400376061901942,0.012409825164724095
2019-06-19,0.0003656455964697,1.3369670221774137e-07,8.118723035098107e-05,0.00013855789446929289,0.011771061739252449,0.00013507768348984677,0.011622292522985592,0.00016594490052066813,0.01288196027476673,0.0001435564968630782,0.011981506452156933
2019-06-20,0.0137057769313594,0.0001878483212921,0.0001411755556871,0.00013025244260326835,0.011412819222403742,0.00012398449750881767,0.01113483262149987,0.00014875820493299462,0.012196647282470482,0.00013392663326179942,0.011572667508478735
2019-06-21,-0.0049748088312803,2.474872290778466e-05,2.66069349404345e-05,0.00013370819532460327,0.011563225991244971,0.00013150494466254616,0.011467560536685479,0.0001430342110007383,0.01195969109135927,0.0001291554572545543,0.011364658255071039
2019-06-24,-0.0008590221501068,7.379190543742725e-07,2.5083404448734463e-05,0.00012717062697959413,0.011276995476614954,0.00012307811706714468,0.011094057736786152,0.00014173715739837953,0.01190534154900142,0.00012408152040687984,0.011139188498579231
2019-06-25,0.0079740870355069,6.358606404984064e-05,8.172512106450584e-05,0.00011958466450408092,0.010935477333161133,0.00011331885770835856,0.010645133052637649,0.00012945257009676028,0.011377722535585067,0.00011632396794062554,0.010785358962066378
2019-06-26,0.0101695309076415,0.0001034193588814,7.14340454536618e-05,0.00011622474847682642,0.010780758251478716,0.00011043531262771214,0.010508820705850496,0.00012160529912403824,0.011027479273344305,0.00011052605056899003,0.01051313704699934
2019-06-27,0.0034325360212425,1.1782303537127968e-05,4.046676786761597e-05,0.00011545642510110537,0.01074506515108705,0.00011155799703159757,0.01056210192298851,0.00011596075407243265,0.01076850751369161,0.00010610200464294333,0.010300582733173077
2019-06-28,-0.0052681974861557,2.7753904753137688e-05,2.286603031849147e-05,0.00010923597780726668,0.010451601686213778,0.00010405114663056758,0.010200546388824845,0.00010662800458476059,0.01032608370025929,0.00010013937327363293,0.01000696623725857
2019-07-01,0.0085471172245673,7.305321285049563e-05,1.5258891410117408e-05,0.00010434705342401891,0.010215040549308598,9.882691018804789e-05,0.009941172475520576,0.00010871625415358923,0.010426708692276255,9.810902112157806e-05,0.00990499980421898
2019-07-02,-0.0028376623813601,8.052327790586375e-06,3.926603257172151e-05,0.00010246942298960748,0.010122718162114732,9.836576743431702e-05,0.00991795177616412,0.00010325445374574155,0.010161419868588324,9.417516081725324e-05,0.00970438874001105
2019-07-03,0.0031596051957186,9.983104992812112e-06,1.9182664468669645e-05,9.68043972776662e-05,0.009838922566910779,9.191734810991806e-05,0.009587353550898082,9.971918509285756e-05,0.009985949383651889,9.010727805769187e-05,0.009492485346719893
2019-07-04,0.0028494515915391,8.119374372524737e-06,1.1802660223503111e-05,9.159511974057494e-05,0.009570533931843872,8.633491461352369e-05,0.00929165833495419,9.196818657031593e-05,0.009590004513571197,8.556712444041178e-05,0.009250249966374519
2019-07-05,0.0001255398003616,1.5760241474851472e-08,4.1425707078713e-05,8.658657501849192e-05,0.009305190756695529,8.117386809648169e-05,0.009009654160758985,8.48610547262725e-05,0.00921200600989125,8.140206334491187e-05,0.00902230920246651
2019-07-08,-0.0280932276604722,0.0007892294403831,0.0002616455387185,8.139232613187088e-05,0.009021769567655278,7.580986167416158e-05,0.008706885876945993,7.706931575991251e-05,0.00877891313090137,7.744556455628374e-05,0.008800316162291202
2019-07-09,-0.0011344752012185,1.287033982179888e-06,4.889516391455347e-05,0.0001238625529869459,0.011129355461433779,0.00014430830781031088,0.012012839290122502,0.00014995867797605033,0.012245761633154972,0.0001772899030028659,0.013315025460090788
2019-07-10,-0.0015403625921533,2.3727169153055072e-06,3.465837947135773e-05,0.00011650802184665991,0.010793888170935436,0.0001323392732860144,0.011503880792411507,0.000137469093967675,0.011724721487851001,0.00016474539718561358,0.012835318351549118
2019-07-11,0.0063506342704629,4.033055563717802e-05,1.900842278929975e-05,0.00010965990355077862,0.01047186246809891,0.00012174562548835235,0.01103384001553187,0.0001274156778320246,0.011287855324729522,0.0001534887342677055,0.012389057037067247
2019-07-12,-0.0037542347350371,1.4094278445759506e-05,3.981370953923897e-05,0.00010550014267596257,0.010271326237441909,0.00011580507737635343,0.010761276754008023,0.00011871082322310402,0.01089544965676516,0.00014380399118384528,0.011991830184915281
2019-07-15,-0.005094408380576,2.5952996748083435e-05,5.061928498329515e-05,0.00010001579082215037,0.01000078950994122,0.0001080606663647423,0.010395223247470074,0.00011610333049374549,0.010775125544222,0.00013599595041284665,0.011661730163781301
2019-07-16,0.0040923593710456,1.6747405221785276e-05,1.6275118732513105e-05,9.557202317770632e-05,0.009776094474671688,0.00010224221910033144,0.010111489460031665,0.00011712211293529788,0.010822297026754435,0.00013045518571653983,0.011421698022471958
2019-07-17,0.0053730065240325,2.886919910729608e-05,2.0512356705537388e-05,9.084254610035102e-05,0.009531135614414005,9.618848107941312e-05,0.009807572639517544,0.00010807024284118787,0.010395683856350571,0.00012237390595371174,0.011062273995599265
2019-07-18,-0.0099696582135816,9.939408489563702e-05,5.8914275738116786e-05,8.712414528076771e-05,0.00933403156630444,9.190510053914875e-05,0.00958671479387745,0.00010074635768775775,0.010037248511806299,0.0001152875644404441,0.010737204684667425
2019-07-19,-0.0219357448425393,0.0004811769017969,0.0002791333307181,8.786034165765975e-05,0.00937338474925999,9.462722609956354e-05,0.009727652651054288,0.00011535696793867321,0.010740436114919785,0.00012126337440487527,0.011011965056468136
2019-07-22,-0.0164392055291715,0.0002702474784303,8.109262910845839e-05,0.00011145933526601955,0.010557430334414693,0.00013251418297720503,0.011511480485897764,0.00016902698253576856,0.013001037748417184,0.0001767316098370577,0.013294044149056288
2019-07-23,-0.0053703703609894,2.8840877814193437e-05,3.494880660011628e-05,0.00012098662385587895,0.010999391976644844,0.00014677841118569305,0.01211521403796454,0.00020422120399297744,0.014290598447685017,0.00019948922107342306,0.014124065316806739
2019-07-24,-0.0060554123698652,3.666801896911693e-05,6.212225975320278e-05,0.00011545787909337782,0.010745132809480664,0.00013710515908181423,0.011709191222360929,0.00019896794749108725,0.014105599862858979,0.00018852882888680274,0.013730580063741034
2019-07-25,0.00313128671,9.804956460223022e-06,4.090530202516508e-05,0.00011073048748592215,0.01052285548156593,0.00012918887284642485,0.011366128313828982,0.00019643730186871337,0.014015609222174874,0.00017959518538504017,0.013401312823191621
2019-07-26,0.0096713911893118,9.353580753669872e-05,6.262847478693752e-05,0.00010467495562438017,0.010231077930715813,0.00011962090978385467,0.010937134441152978,0.00017760822109923226,0.013326973441079271,0.00016687933180280806,0.012918178346919044
2019-07-29,-0.0010030085096383,1.0060260704070217e-06,9.97626206152146e-05,0.00010400660673911924,0.010198362944076821,0.0001188475869932614,0.010901724037658512,0.00016600404143522228,0.012884255563874162,0.0001570996567669853,0.012533940193210804
2019-07-30,-0.0173639231371979,0.0003015058267145,0.0002669100376996,9.78265718989965e-05,0.009890731615962314,0.00010956372814724777,0.010467269373969879,0.00015132374711848622,0.012301371757592168,0.00014636206878317857,0.012098019209076277
2019-07-31,0.0029271021785734,8.56792716380958e-06,8.833607745528431e-05,0.00011004732718792771,0.010490344474226178,0.00012917475685125907,0.011365507329251038,0.00018977446810255043,0.01377586542118318,0.00017598984451501102,0.013266116406658394
2019-08-01,-0.0177754916259566,0.0003159681025444,0.0002661548787837,0.00010395856318648059,0.010196007217851534,0.00011949341881161422,0.010931304533842895,0.00017159092210546973,0.013099271815848,0.00016357700276205833,0.0127897225443736
2019-08-02,-0.0057378416952775,3.292282732006578e-05,0.0001673013308028,0.00011667913554795896,0.010801811678971216,0.0001393901065917172,0.011806358735516942,0.00021186396831475595,0.014555547681717646,0.00019352822155886844,0.013911442109244766
2019-08-05,-0.0199422598316715,0.0003976937271939,0.0001075389170765,0.00011165375705428532,0.010566634140268382,0.00013088269833108824,0.01144039764741979,0.00020716109720575013,0.014393091996014967,0.00018364717856022178,0.013551648555073357
2019-08-06,0.0134382574910238,0.000180586764395,0.0001935053459445,0.00012881615526266212,0.011349720492710916,0.00015715610514842817,0.012536191812046758,0.00025651908272652715,0.01601621312066392,0.00022247693256165183,0.014915660647844326
2019-08-07,-0.0114870182186125,0.0001319515875547,0.0001319040439692,0.00013192239181060585,0.011485747333569803,0.00016046980743787922,0.012667667797897103,0.00023961011100431042,0.015479344656809939,0.00020946551893651582,0.01447292364854164
2019-08-08,0.0146349497109238,0.0002141817530412,0.0002251325102808,0.00013192414355525363,0.01148582359063788,0.0001589140764545247,0.012606112662296998,0.00025384296284331284,0.01593244999500431,0.00021110824518736368,0.014529564521600903
2019-08-09,0.0113703962416297,0.0001292859106916,5.498827781022947e-05,0.00013685960012441454,0.01169870078788301,0.00016516041293219855,0.01285147512670038,0.00023833271933575118,0.015438028350011254,0.00019984717493797154,0.014136731409274619
2019-08-13,-0.0250293912917538,0.0006264704284357,0.0002095275924529,0.00013640517875844967,0.011679262766050334,0.0001628576356162043,0.01276156869731164,0.0002215521076506655,0.014884626553953765,0.00018781477248585828,0.013704552983802801
2019-08-14,0.0104075533091079,0.0001083171658819,6.696949923023372e-05,0.000165809093739086,0.012876687995718696,0.00020697169697792703,0.014386510938303527,0.00029393101070304884,0.017144416312696354,0.00025624842399139054,0.01600776136726777
2019-08-16,0.0070346839921746,4.9486778869758586e-05,0.0001294127385497,0.00016235957806765618,0.012742039792264667,0.0001982692153733194,0.014080810181708984,0.0002698756322955243,0.016427891900530765,0.00023862102070150288,0.015447362904441098
2019-08-19,-0.0010957111740586,1.2005829769570673e-06,4.678491885600982e-05,0.00015558721011578225,0.012473460230256167,0.00018503009480124694,0.013602576770643382,0.0002454954577285891,0.015668294665616585,0.00022135620376351106,0.014878044352787468
2019-08-20,-0.0072514496609895,5.258352218586474e-05,6.482701527877484e-05,0.00014632401248745273,0.012096446275144314,0.00016871663334957362,0.012989096710301823,0.0002215558274863929,0.014884751509057614,0.00020477628798538827,0.014310006568320934
2019-08-21,-0.0094575392345509,8.944504837307124e-05,8.686466507839011e-05,0.00014069958306935743,0.011861685507100475,0.00015891210307383737,0.01260603439126823,0.0002212737447741263,0.014875272931080165,0.0001964449024904652,0.014015880368013463
2019-08-22,-0.025017233944578,0.0006258619942377,0.0002464905122481,0.00013762431098758018,0.011731338840370274,0.00015357483026859784,0.012392531229276683,0.00022894596633462512,0.015130960522538718,0.0001937055618165692,0.013917814548863955
2019-08-23,-0.00279843727802,7.831251199012448e-06,0.0002087264882681,0.00016691857198259012,0.012919697054598073,0.00019862089990810552,0.014093292727680977,0.00030150647462722695,0.017363941794052033,0.0002615215297770931,0.016171627307636455
2019-08-26,0.0361612523313171,0.0013076361701691,0.0006188039982945,0.00015737333273557543,0.012544852838338736,0.00018147593989220693,0.013471300601360172,0.0002768862359680772,0.016639898917002988,0.000242142811239069,0.015560938636183519
2019-08-27,0.0062342801170236,3.886624857751655e-05,4.58095969558833e-05,0.00022638910298159213,0.015046232185553702,0.00028686461785704353,0.016937078197169768,0.0002804615844998106,0.016746987326077805,0.0002512274835540493,0.015850157209127275
2019-08-28,-0.0115090431208629,0.0001324580735578,9.867957564498838e-05,0.00021513773171734753,0.014667574159258494,0.0002632048253742494,0.01622358854798313,0.0002540395105461673,0.01593861695838655,0.00023258631911533936,0.015250780934605919
2019-08-29,-0.0181135787313444,0.0003281017344566,0.0001096412738371,0.00021017695222777958,0.014497480892478513,0.000250756040575149,0.015835278354836363,0.00026752741186133046,0.0163562652173817,0.00023218406516914287,0.015237587248942756
2019-08-30,0.0044817552777501,2.0086130369641695e-05,0.0001040286581665,0.00021725243916150954,0.014739485715638437,0.00025780158367627473,0.016056200785873186,0.0003084302391245612,0.01756218207184293,0.00025746046004790265,0.016045574469239255
2019-09-03,-0.0222563333758529,0.0004953443753371,0.0001259554767669,0.00020542246063399742,0.014332566435708485,0.0002354926300790869,0.015345769126345115,0.0002768080731636804,0.01663755009500138,0.00023785199447053134,0.015422450987781784
2019-09-04,0.0111108412457331,0.0001234507931878,0.0002015904194377,0.00022281777551618381,0.014927081949134727,0.000259694732292307,0.01611504676668073,0.0003368497060584836,0.018353465777843803,0.0002845303545182948,0.016868027582331455
2019-09-05,-0.0075550840506123,5.707929501181681e-05,9.066751762648512e-05,0.0002168557565764858,0.014726023107970658,0.0002467832601550762,0.01570933671913223,0.00030837516828095753,0.017560614120268048,0.00026464109358966496,0.016267793138273704
2019-09-06,0.0121181331592192,0.0001468491512645,6.368140560904547e-05,0.00020726916888260562,0.014396845796305718,0.00022908304370578296,0.015135489542984163,0.00030176043799286646,0.01737125320732118,0.00025143216482195676,0.015856612652832155
2019-09-09,0.009378593609006,8.795801808289003e-05,0.0001583898502077,0.00020364396782552335,0.014270387795204563,0.00022160427755476167,0.014886378926883518,0.00027846983384365156,0.016687415433303373,0.0002350614031513206,0.015331712335917362
2019-09-11,0.0098244588333329,9.65199913678547e-05,3.635340728956199e-05,0.00019670281084096524,0.014025077926377636,0.000209452919653355,0.014472488371159777,0.0002552542869845766,0.01597667947304998,0.00021893718515806092,0.014796526117912302
2019-09-12,0.0015217036429886,2.3155819770848207e-06,4.0998182052850066e-05,0.0001906918416725785,0.013809121683603867,0.00019939065822110436,0.01412057570430839,0.00023516700286537013,0.015335155782233519,0.00020446691298037082,0.014299192738765738
2019-09-13,0.010023871100613,0.0001004779918417,0.0001424186918216,0.00017938926609084886,0.013393627816646573,0.0001816515088132157,0.013477815431783287,0.00021020926784367226,0.01449859537485174,0.00018932103964655644,0.013759398229812102
2019-09-16,-0.0087126393528141,7.591008449220563e-05,3.316462492145876e-05,0.0001746545896359002,0.013215694822289905,0.00017491733988301533,0.013225631927549449,0.00019537240228127006,0.013977567824241458,0.0001776391810786018,0.013328134943742196
2019-09-17,-0.0263078049835016,0.0006921006030499,0.0003090445827401,0.00016872991932727848,0.012989608128318517,0.00016661875458566438,0.012908088727060424,0.00020207077715172578,0.014215160116992203,0.00017484320362027547,0.013222828881153816
2019-09-18,0.0015062838394416,2.2688910049631544e-06,5.150365767992831e-05,0.0002001321603506389,0.01414680742608165,0.00021642712298891503,0.014711462299476386,0.00027961880516178835,0.01672180627688852,0.00025306318079785557,0.015907959667973
2019-09-19,-0.0153905003567191,0.0002368675012301,0.0001412202281619,0.00018826036418989833,0.013720800420890114,0.00019686945143857753,0.014031017476953607,0.00024890474569427764,0.01577671530117336,0.0002334785674544794,0.015280005479530411
2019-09-20,0.0798390337009862,0.0063742713023072,0.0033200994693361,0.00019117679241231468,0.013826669606680948,0.000201180718631674,0.01418381890153967,0.0002785172370338323,0.016688835700366646,0.00024667919161725513,0.01570602405503236
2019-09-23,0.0532353121154482,0.0028339984560291,0.0004131245692382,0.0005621624630060087,0.023709965478802553,0.0007749900412459483,0.027838642949072578,0.00033157276031089717,0.018209139472004084,0.000362755537532019,0.01904614232678153
2019-09-24,-0.0126126637780115,0.0001590792875771,0.0002384822580973,0.0006984726225873995,0.02642863262803052,0.0009589237554858272,0.03096649407804873,0.00035051190418898293,0.01872196314997396,0.000393182858566137,0.019828839062490194
2019-09-25,-0.0199791302809385,0.0003991656467827,0.0001453099735963,0.0006661090224867852,0.025809087982468216,0.0008748611745691166,0.029578052244343553,0.0003624655773923441,0.01903852876123426,0.0003816042230351355,0.019534692806264846
2019-09-26,0.0139810047051942,0.0001954684925666,0.0004719646028815,0.000650092419944541,0.025496910007774293,0.0008220461841597277,0.028671347791126383,0.0004095643355042653,0.020237695904036734,0.00040254970426293246,0.020063641351034275
2019-09-27,-0.0042067633772946,1.7696858112547438e-05,6.491972659468042e-05,0.0006228149843018683,0.024956261424778116,0.0007559388047902115,0.027494341323083402,0.00037540438173734396,0.01937535500932419,0.0003734097438467509,0.019323812870309806
2019-09-30,-0.026230796480779,0.000688054684016,0.0002754069121986,0.000586507896730509,0.02421792511200142,0.0006803621254946609,0.02608375213604555,0.0003477787765944137,0.018648827753894176,0.00034510656361349845,0.018577043995574173
2019-10-01,-0.0130612157914458,0.0001705953579507,0.0009133211192857,0.0005926007039676413,0.024343391381803015,0.0006750870476097885,0.02598243729155886,0.000428163085847432,0.020692102016166263,0.0004072480284394361,0.02018038722223724
2019-10-03,-0.0108997328816885,0.0001188041768921,0.0001238962418385,0.0005672803832066256,0.023817648565856067,0.0006223192411374718,0.024946327207376075,0.0004364982473156464,0.020892540470599703,0.0003958943258835449,0.019897093402895433
2019-10-04,-0.0243039330966288,0.0005906811639654,0.0005261121850867,0.0005403718108277578,0.02324589879586844,0.0005703609463639655,0.023882230766073036,0.0004333854834894332,0.020817912563209435,0.00037878945006799376,0.019462513970913257
2019-10-07,0.0012865577343727,1.655230803874422e-06,0.0001765857013576,0.0005433903720160169,0.023310735123886952,0.000567757014295288,0.023827652303474802,0.0005017709709735645,0.022400244886464176,0.0004250928357269637,0.020617779602250183
2019-10-09,0.0360158359865136,0.0012971404418074,0.0006024651701601,0.0005108862635432883,0.022602793268604843,0.0005107297911958248,0.02259933165374199,0.00044036939550455106,0.0209849802359819,0.0003897856812908969,0.01974299068760599
2019-10-10,-0.0271992503183872,0.0007397992178822,0.0001845359441137,0.0005580615142391379,0.023623325638849793,0.0005800820503471177,0.0240848925749549,0.0004294520967562007,0.020723226021934923,0.0003851652964103102,0.019625628560897362
2019-10-11,0.0010365045043165,1.0743415874685102e-06,0.000341888860745,0.0005689657764577268,0.023853003510202374,0.0005902909551556712,0.024295904081875017,0.0005147598294318728,0.022688319228886762,0.00045043051335346513,0.021223348306840396
2019-10-14,0.0049604460800116,2.4606025312702544e-05,0.0001172230597815,0.0005348922903655113,0.023127738548451106,0.0005308101834555548,0.023039318207263747,0.00045120052761879334,0.021241481295305027,0.00041279723989821735,0.020317412234293456
2019-10-15,0.0131538814291079,0.000173024596651,0.0001153489817652,0.0005042751144623427,0.0224560707707814,0.0004798487220876241,0.021905449597933935,0.00040121327361735066,0.02003030887473657,0.0003790994301880231,0.019470475859311272
2019-10-16,-0.0005709547966101,3.259893797721735e-07,9.130016649143863e-05,0.0004844000833936639,0.02200909092610742,0.00044809712953668547,0.021168304833800118,0.00036713039780464726,0.01916064711341053,0.0003516251386260885,0.018751670288965953
2019-10-17,0.0156673301941722,0.0002454652354132,0.0001372115288178,0.00045535563775283037,0.021339063656890627,0.000403688856354679,0.020092009763950418,0.0003254497872496291,0.018040226917908464,0.00032303459904277056,0.017973163300954303
2019-10-18,0.0045019170664616,2.0267257273298332e-05,6.345356403150636e-05,0.0004427622136124537,0.021041915635522677,0.0003867746915230436,0.01966658820240673,0.00030304883542621377,0.017408297889978035,0.00030221572279190477,0.017384352814870756
2019-10-22,0.0099400409231671,9.880441355423808e-05,8.747767605018972e-05,0.00041741251623210435,0.020430675863321417,0.0003507484166501257,0.018728278528741656,0.00027213543309887237,0.01649652791040807,0.00027852410240667504,0.0166890413866907
2019-10-23,0.0016459716336642,2.7092226188275033e-06,7.69153347675001e-05,0.0003982960300714323,0.0199573552874982,0.00032585196721936005,0.018051370231075534,0.0002501945004274669,0.015817537748570948,0.0002586608543993092,0.016082936746729722
2019-10-24,-0.0120085200140201,0.0001442045529271,0.0002047116711664,0.000374560821624276,0.019353573872137313,0.0002946827093499185,0.0171663248643942,0.00022342103440886336,0.014947275149968417,0.00023857440296870444,0.01544585390869357
2019-10-25,0.0098455581182886,9.693501466060024e-05,0.0001181654091368,0.00036073944550244673,0.018993142065030912,0.00027997274507149834,0.016732386114105133,0.00024051672829477236,0.015508601751762548,0.0002391648697745233,0.015464956184047963
2019-10-29,0.016099868687831,0.0002592057717654,0.0001533443928282,0.00034491117965193584,0.018571784503701734,0.0002624394808236271,0.01619998397602995,0.0002221370769454885,0.014904263716986776,0.00022285622875130263,0.014928369929476649
2019-10-30,0.0038239102755219,1.4622289795242157e-05,6.371735498228434e-05,0.0003397688551787438,0.01843282005496565,0.00026184276903605796,0.016181556446648076,0.0002112471792018077,0.014534344815016868,0.00021147679672875154,0.014542241805469732
2019-10-31,0.0026226174499361,6.878122288709735e-06,7.260668509890583e-05,0.00032026006125573367,0.01789581127682491,0.00023859607009351117,0.015446555282441168,0.00019117938162662443,0.013826763237526867,0.00019595167545101392,0.013998274016857003
2019-11-01,0.0087522378755091,7.660166782949709e-05,5.706398544911307e-05,0.0003014571449177122,0.017362521271915326,0.00021710570413696658,0.014734507258030945,0.00017259086020148488,0.013137384069954143,0.00018168012271777708,0.013478876908621767
2019-11-04,8.39680628223465e-05,7.050635574137531e-09,5.6234196014082214e-05,0.00028796581629241924,0.016969555571446745,0.00020437877148977553,0.014296110362255025,0.000160817098456981,0.012681368161873584,0.0001701898767674436,0.013045684219980322
2019-11-05,-0.0037405113724195,1.3991425327200186e-05,5.1392188294525275e-05,0.00027068829035300856,0.016452607402871088,0.00018589406135290955,0.01363429724455608,0.00014406129145490848,0.012002553538931142,0.00015812520159115212,0.012574784355652072
2019-11-06,0.0128147126931336,0.0001642168614075,0.0001838558232903,0.00025528647845146,0.015977686893022407,0.0001706764339515463,0.01306431911549723,0.0001392371455194832,0.011799879046815826,0.0001489958854683711,0.012206387076787754
2019-11-07,0.0007691051039913,5.915226609855733e-07,4.945312032096063e-05,0.00024982230142882593,0.015805767979722652,0.0001710301677404842,0.013077850272138926,0.00013375083442932617,0.011565069581689777,0.0001423476487125971,0.01193095338657381
2019-11-08,0.0037877062613736,1.4346718722449148e-05,0.0001388167634549,0.00023486845470275548,0.015325418581649099,0.00015615097523617795,0.012496038381670327,0.00012072164813853903,0.01098734035781813,0.00013283788090994537,0.01152553169749428
2019-11-11,0.0118372360055586,0.0001401201562512,0.0001266899199899,0.00022163715054393708,0.014887483015739668,0.00014413363666876947,0.012005566903264896,0.00011109149337135288,0.010539994941713818,0.00012448812504789613,0.011157424660193593
2019-11-13,-0.0186196685380951,0.0003466920564685,0.0001913540511578,0.00021674613088637842,0.014722300461761349,0.00014507610226856266,0.012044754138983604,0.00010746260019507732,0.010366416941020523,0.00011956708811407925,0.010934673662898187
2019-11-14,0.0068002809978596,4.6243821649850735e-05,7.84837457842494e-05,0.00022454288642130741,0.014984755133845444,0.0001651017464164212,0.012849192442189556,0.00014872668219919182,0.012195354943550918,0.00015756405314738445,0.012552452077079779
2019-11-15,0.0083697761970685,7.005315358901568e-05,3.482726164056427e-05,0.00021384494253501998,0.014623438122925127,0.00015509341604328367,0.012453650711469455,0.00013807853233595933,0.011750682207257557,0.00014763251043456674,0.012150411945056297
2019-11-18,-0.0005257705329052,2.764346532714725e-07,3.404682620191895e-05,0.00020521743519825964,0.014325412217393942,0.00014836193826243705,0.012180391547993727,0.0001296262953324222,0.01138535442278466,0.0001391126299346404,0.011794601728529896
2019-11-19,0.0078469242389207,6.157422001136122e-05,3.8995221065072886e-05,0.00019292097516556032,0.013889599532224114,0.00013586738857190487,0.01165621673494041,0.00011788112422455618,0.010857307411350025,0.00012992197123195084,0.01139833194954204
2019-11-20,0.0037577560718489,1.412073069551728e-05,2.6004531974263316e-05,0.00018504016985630838,0.013602947101871285,0.00013039585393735987,0.0114191003996532,0.00011110142575769,0.010540466107231217,0.00012283965283621794,0.011083305140445152
2019-11-21,-0.0001244082859765,1.547742161962729e-08,1.7782660986033113e-05,0.00017478500350666092,0.013220627954324292,0.0001211001507746394,0.01100455136635017,0.00010248998025436698,0.010123733513598972,0.00011539813197534467,0.010742352255225327
2019-11-22,-0.0076318835187137,5.824564604321437e-05,4.251341073817915e-05,0.00016429883194155845,0.01281791059188503,0.00011148443152730269,0.010558618826688588,9.290803897390964e-05,0.009638881624644513,0.0001083388492830279,0.01040859497161014
2019-11-25,0.01417983903678,0.0002010678351089,0.0001079522056895,0.00015793564078765777,0.012567244757211413,0.0001083002874422115,0.01040674240299103,0.00010157693349314021,0.010078538261729239,0.00010955611249328072,0.010466905583470252
2019-11-26,0.0051347748250491,2.636591250395822e-05,5.32044834129147e-05,0.0001605235724469377,0.012669789755435475,0.00011871856682128272,0.010895805010245122,0.00010018737035317824,0.01000936413330928,0.00010729065799615509,0.010358120389151454
2019-11-27,0.0049564132709017,2.456603251197049e-05,1.1834213685450736e-05,0.00015247411285035893,0.012348040850692021,0.00011180352253246639,0.010573718481805083,9.35225174371314e-05,0.009670704081768369,0.00010152863341893159,0.010076141792319696
2019-11-28,0.0077189498971588,5.958218751484897e-05,2.2173427088728413e-05,0.00014479962803005562,0.01203327170930897,0.0001054577023971428,0.01026926007057679,8.742342984913199e-05,0.009350049724420292,9.6254634635412e-05,0.009810944635223053
2019-11-29,-0.0055206113619959,3.047714981019865e-05,3.53619731844366e-05,0.00013968658159914317,0.011818907800602524,0.00010303945462609744,0.010150835168896076,8.343840455231962e-05,0.009134462466523118,9.220454674779655e-05,0.009602319862814223
2019-12-02,-0.0023395224112184,5.473365112593255e-06,3.270471287525936e-05,0.00013313401569180647,0.011538371448857351,9.817584898704884e-05,0.009908372670981287,8.74435338476833e-05,0.009351124737040101,9.125571343178033e-05,0.009552785637277765
2019-12-03,-0.0081310843348651,6.611453246068958e-05,6.741357834366148e-05,0.00012547437665705365,0.011201534567060606,9.150815540292672e-05,0.009565989515096006,8.415810220292648e-05,0.009173772517504807,8.711642079613418e-05,0.009333617776410934
2019-12-04,0.0115093663044029,0.0001324655127289,0.0001179287009397,0.00012191278600527174,0.011041412319321825,9.118200660678076e-05,0.009548926987194988,9.429613678140195e-05,0.009710619793885556,9.130302029159623e-05,0.009555261393159072
2019-12-05,-0.0083637886121803,6.99529599492377e-05,8.825702208278321e-05,0.00012254594960869092,0.011070047407698439,9.705234997530287e-05,0.009851515110646832,9.188007093182153e-05,0.009585409273047319,8.925013723217333e-05,0.009447229076939614
2019-12-06,-0.0117803852841579,0.0001387774774432,0.0001450596570756,0.00011939037022912368,0.01092659005495876,9.649226872784926e-05,0.009823047832920762,0.00010242442150034748,0.010120495121304465,9.374496954547331e-05,0.009682198590478988
2019-12-09,-0.0007947476256227,6.316237884329893e-07,6.34688893806082e-05,0.0001205535966619685,0.010979690189707927,0.00010238329865771864,0.01011846325573793,0.00012209526375071543,0.01104967256305432,0.00010684978225847858,0.010336816833942573
2019-12-10,-0.005003472221178,2.503473426810054e-05,3.034185928499401e-05,0.00011335827828955635,0.010646984469301924,9.481792647705225e-05,0.009737449690604427,0.000111853211015181,0.01057606784278453,0.00010065187898291019,0.010032541003300718
2019-12-11,0.0030888853813279,9.54121289898125e-06,4.3289442851451445e-05,0.00010805886564826897,0.010395136634420394,9.032440207881299e-05,0.009503915092150865,0.00011293024843392292,0.010626864468596696,9.821833905326561e-05,0.009910516588617649
2019-12-12,0.0129908302612262,0.0001687616708759,4.6844809931187894e-05,0.0001021478064833117,0.010106819800674776,8.487056205631027e-05,0.009212522024739494,0.00010371801361068338,0.010184204122595117,9.292812599451597e-05,0.009639923547130235
2019-12-13,0.0109549030219098,0.0001200099002194,3.9576488889111406e-05,0.00010614463834687242,0.010302652005521317,9.478368617103798e-05,0.009735691355576037,0.00010142656304837678,0.010071075565617447,9.149627062807138e-05,0.009565368295474637
2019-12-16,-0.0012517665168814,1.5669194127855442e-06,2.9380958890392913e-05,0.00010697655405922699,0.010342947068375966,9.911378742204049e-05,0.009955590762081398,9.80844082059642e-05,0.009903757277213744,8.916169776127101e-05,0.009442547207256685
2019-12-17,0.0051798347697897,2.6830688242322883e-05,1.787785822753192e-05,0.00010065197598044049,0.010032545837445273,9.198343762878287e-05,0.009590799634482146,9.144287955375345e-05,0.00956257703518008,8.47016321188548e-05,0.009203348962136272
2019-12-18,0.0032305708868731,1.0436588255112402e-05,2.663960183030083e-05,9.622269871615339e-05,0.00980931693422908,8.795853681393221e-05,0.009378621264020219,8.567391988142805e-05,0.009256020736873273,8.101226167930154e-05,0.009000681178627623
2019-12-19,-8.686620011934269e-05,7.545736723173692e-09,2.0582885183075195e-05,9.10755320884909e-05,0.009543350150156437,8.283978410943122e-05,0.009101636342407404,7.942456654892491e-05,0.008912046148271726,7.731226679224347e-05,0.008792739436162286
2019-12-20,0.0044409082312132,1.972166591805791e-05,2.0538245884487357e-05,8.561145290738482e-05,0.009252645724731107,7.729761408175581e-05,0.008791906168843922,7.233782088367117e-05,0.008505164365470615,7.372989797614128e-05,0.008586611553816865
2019-12-23,-0.0014059175229035,1.9766040812073923e-06,3.2261264621636345e-05,8.165806568802515e-05,0.00903648525080549,7.417639569816666e-05,0.00861257195605161,6.802274143380184e-05,0.008247590037932405,7.089175071283214e-05,0.008419723909537186
2019-12-24,-0.0018167667971515,3.300641595232193e-06,7.190304211659889e-06,7.687717799161606e-05,0.008767963160940861,6.973963506878875e-05,0.008351025988990141,6.457399737490464e-05,0.008035794756892726,6.815376878683111e-05,0.00825552958851406
2019-12-26,-0.0088070572146581,7.756425678226188e-05,4.31061723917923e-05,7.246258580783303e-05,0.00851249586242678,6.589829633326028e-05,0.008117776563398396,6.218329126537853e-05,0.007885638291563881,6.583935009453533e-05,0.008114145062453304
2019-12-27,0.0128754777476936,0.0001657779272313,5.2366739042217045e-05,7.276868606629872e-05,0.008530456380891864,6.936259282930856e-05,0.00832842078843934,7.406332600749393e-05,0.008606005229343863,7.346959604049815e-05,0.0085714407214014
2019-12-30,-0.0017740417432485,3.1472241067884264e-06,4.558697508745274e-05,7.834924053620198e-05,0.008851510635829455,8.065004717713924e-05,0.008980537131883551,7.393840774431627e-05,0.008598744544659776,7.375141782347226e-05,0.008587864567136132
2019-12-31,-0.0059906773022314,3.588821453947106e-05,1.9538705928181404e-05,7.383711955043714e-05,0.008592852817920084,7.563262865498806e-05,0.00869670217122491,7.066796300849662e-05,0.00840642391320451,7.09057212739521e-05,0.008420553501638244
2020-01-01,-0.0018284014353869,3.343051808924985e-06,2.9412349883436065e-05,7.156018524977914e-05,0.008459325342471416,7.419003730591371e-05,0.0086133638786431,7.625380538252757e-05,0.008732342491137619,7.261106783964886e-05,0.008521212815066225
2020-01-02,0.0105645116208143,0.0001116089057863,4.0938763209085374e-05,6.746715724332788e-05,0.008213839372871123,6.98787207637992e-05,0.008359349302655033,7.28874143960769e-05,0.008537412628898577,6.989517265706591e-05,0.008360333286243193
2020-01-03,-0.011613277627358,0.00013486821725,4.763094840159684e-05,7.011566215590743e-05,0.008373509548326044,7.608074417044582e-05,0.008722427653494515,7.16321574423701e-05,0.008463578288311045,6.93550950475444e-05,0.008327970644013126
2020-01-06,-0.0262895202082648,0.0006911388727807,0.0002006272309529,7.400081546155861e-05,0.008602372664652387,8.378232699588009e-05,0.009153268650918102,9.039012395492329e-05,0.009507372084594318,8.41747957364801e-05,0.009174682323463853
2020-01-07,0.0051806906621444,2.6839555736831016e-05,0.0001535898829809,0.00011102909890071093,0.01053703463507219,0.00014232250307821844,0.011929899541832632,0.00015807640833361296,0.012572844082927815,0.00017054844961369813,0.01305941995701563
2020-01-08,-0.0008204253504144,6.730977556027414e-07,0.000113201733139,0.00010597772631087808,0.01029454837818921,0.00013293789845954354,0.011529869837059894,0.00014525792308944102,0.012052299493849339,0.00015901984345688514,0.01261030703261761
2020-01-09,0.0226508903498798,0.0005130628336422,9.04763770147831e-05,9.965944859756154e-05,0.009982957908233487,0.00012212266690225137,0.011050912491837556,0.00013247192090486595,0.01150964469064384,0.00014806327138922303,0.012168125220806328
2020-01-10,0.0001557898004403,2.4270461921236243e-08,5.411332150245601e-05,0.00012446365170024453,0.01115632787705007,0.00016004280208317171,0.012650802428430053,0.00013453412027054112,0.011598884440778825,0.00014889527070228984,0.01220226498246493
2020-01-13,0.0024971111578881,6.235564134849596e-06,2.150069491011108e-05,0.00011699728882594513,0.010816528501600925,0.00014628095819667702,0.012094666518622042,0.00012101557195922838,0.011000707793557121,0.00013877555727957052,0.011780303785538408
2020-01-14,-0.0032996881157054,1.0887941660928023e-05,1.5041486905019308e-05,0.00011035158534447936,0.01050483628356384,0.000134561410278088,0.011600060787689348,0.00011054747929623312,0.010514156138094637,0.00012971163456323948,0.011389101569625212
2020-01-15,-0.0077234274278828,5.965133123377319e-05,3.8884092375554664e-05,0.00010438376672346624,0.01021683741298971,0.0001245219069022886,0.011158938430795672,0.0001074911396357914,0.010367793383154942,0.0001227702535738117,0.011080173896370567
2020-01-16,0.000910770479831,8.295028669317612e-07,3.1275651061992866e-05,0.0001016998205940846,0.010084632893372202,0.00012007996332162021,0.010958100351868484,0.00011586775095623266,0.01076418835566494,0.00012285389430619894,0.011083947595789099
2020-01-17,-0.0082986060931523,6.886686308930604e-05,3.8847989390610925e-05,9.564760153045541e-05,0.009779959178363447,0.00011064847764069387,0.010518958011166974,0.00010501071678477034,0.010247473678169187,0.00011512931656905183,0.010729833016829844
2020-01-20,-0.0162757536835961,0.000264900157969,0.0002772833034372,9.404075722398636e-05,0.009697461380381278,0.0001085397046571017,0.010418239038201308,0.00011500924699764325,0.010724236429585244,0.00011711854607175453,0.010822132233148629
2020-01-21,-0.004291577201678,1.8417634877962383e-05,3.665206003793104e-05,0.0001042923212686927,0.010212361199482356,0.00012486035191772426,0.01117409289015105,0.00014876368826088201,0.012196872068726557,0.00014461910426740276,0.012025768344160083
2020-01-22,-0.0079840314728445,6.374475855937194e-05,0.0001082751498372,9.913984008524888e-05,0.009956899119969474,0.0001165531526052503,0.010795978538569364,0.00014506652452254197,0.012044356542486692,0.0001373032664307648,0.0117176476491984
2020-01-23,0.0098079946434921,9.61967589267714e-05,8.224051302236579e-05,9.701613519369624e-05,0.009849676908086693,0.00011333992993782147,0.010646122765487043,0.00015239780676310247,0.012344950658593272,0.00013659627318025492,0.011687440831091078
2020-01-24,0.007637501170455,5.833142412870158e-05,9.173018312295318e-05,9.696697261768066e-05,0.009847180947747464,0.00011348257108733757,0.010652819865525633,0.00014350463914880745,0.011979342183475997,0.00012963841770644038,0.011385886777341517
2020-01-27,-0.013027115414534,0.0001697057360235,6.565935989183627e-05,9.46488397083419e-05,0.009728763524124837,0.00011009361416933964,0.010492550412999674,0.000133990987007446,0.011575447594259412,0.00012251325010065003,0.011068570372936607
2020-01-28,-0.0024675470573275,6.088788480126088e-06,5.8256067907539976e-05,9.915225348725675e-05,0.009957522457281065,0.0001174084471521935,0.010835517853438916,0.00015738390491947386,0.012545274206627524,0.00013704457261306727,0.01170660380354043
2020-01-29,0.0037508804692105,1.406910429430544e-05,2.2966868353899464e-05,9.356844558682888e-05,0.009673078392467874,0.00010874985668059883,0.010428319935665516,0.0001477409398333032,0.012154873089971083,0.00012880455887305016,0.011349209614464355
2020-01-30,-0.0074636870960066,5.5706625067095656e-05,5.7613341163571425e-05,8.879848510927743e-05,0.009423294811756524,0.0001017544071116897,0.010087338950966687,0.0001350833025271199,0.011622534255794641,0.00012081723586356463,0.010991689399885925
2020-01-31,0.0060571556726181,3.668913484232972e-05,4.41994201251918e-05,8.681297350674651e-05,0.009317347986779634,9.937060876339227e-05,0.009968480765061056,0.00014142238844073754,0.011892114548756143,0.00012056221324786021,0.010980082570174972
2020-02-03,-0.0266329629491437,0.0007093147154504,9.842668471397952e-05,8.380554318688149e-05,0.009154536754357453,9.547457593362642e-05,0.009771109247860574,0.00013104242369403637,0.01144737627991831,0.00011380708548331847,0.01066804037690702
2020-02-04,0.0218572261734615,0.0004777383359978,0.0001372222227003,0.0001213360935226963,0.011015266384554497,0.00015445758376682615,0.012428096546407506,0.00020488875468127875,0.014313935681051482,0.00019985696141451936,0.014137077541504799
2020-02-05,0.0102208254632219,0.0001044652731496,7.172054587278575e-05,0.00014272022807120557,0.011946557163936628,0.00018565397426589336,0.013625489872510763,0.00020064653445712896,0.014164975625010054,0.0001952103935227722,0.013971771309421444
2020-02-06,0.0096974136561158,9.40398316178215e-05,0.000113520815735,0.00014042493077591193,0.011850102563940614,0.00017886387265814054,0.013373999875061333,0.00018701438758793082,0.013675320383374235,0.00018307525160961497,0.013530530352119053
2020-02-07,-0.0032669772547784,1.0673140383239495e-05,2.4438559743736623e-05,0.00013764182482642649,0.011732085271869894,0.00017182866743270379,0.0131083434282408,0.00017442909355424682,0.013207160692376194,0.0001718272701320678,0.013108290129992844
2020-02-10,-0.0046192924581422,2.133786281384972e-05,3.170268479046303e-05,0.00013002370375983526,0.011402793682244509,0.00015780068513887783,0.012561874268550766,0.00016537254943100053,0.012859725869201121,0.00016101178933124134,0.012689042096677011
2020-02-11,0.007776015541378,6.046641769975249e-05,2.8752237240914517e-05,0.00012350255330307612,0.011113170263389116,0.00014625691232095404,0.012093672408369347,0.00016118960719026444,0.012696046911943277,0.00015258172992542912,0.012352397739930054
2020-02-12,0.0061248906439886,3.7514285400819304e-05,1.3189768606736996e-05,0.00011972038516687668,0.010941681094186426,0.0001395761364169039,0.011814234482898327,0.00014990749379010674,0.012243671581274415,0.00014340666685133872,0.011975252266709821
2020-02-13,-0.0083749946139983,7.014053478450074e-05,8.033836410723524e-05,0.00011478801918091322,0.010713917079243856,0.00013147530923978367,0.011466268322335025,0.00013865856055292596,0.011775336961332612,0.00013458290433246095,0.011600987213701295
2020-02-14,-0.012743187920073,0.0001623888383662,0.0001626525227027,0.00011210917011712845,0.010588161791223651,0.0001272670009750975,0.011281267702483506,0.0001474883724340505,0.012144479092742123,0.00013496258959470037,0.011617340039557264
2020-02-17,-0.005010238903365,2.5102493868792295e-05,5.134398726315377e-05,0.00011512595021207842,0.01072967614665412,0.00013207357498946736,0.011492326787446803,0.00016979220022045888,0.013030433615979895,0.00014739806937038842,0.012140760658640315
2020-02-18,-0.0038599808553785,1.4899452203888973e-05,7.530252883365012e-05,0.00010972454283148123,0.01047494834505074,0.00012361904820432744,0.011118410327215281,0.0001664045666230245,0.012899789402274152,0.00014070460683827948,0.01186189726975746
2020-02-19,0.0089803659768508,8.06469730781808e-05,4.42781522495331e-05,0.00010403503739382567,0.010199756732090509,0.00011511731322337431,0.01072927365777266,0.000159878429590437,0.012644304235126462,0.00013328512755914992,0.01154491782383703
2020-02-20,0.003387825561475,1.1477362034983684e-05,5.539132342690612e-05,0.00010263175353488689,0.010130733119319987,0.0001136266346621047,0.010659579478671037,0.00014961620556902503,0.012231770336669383,0.0001263000069592813,0.011238327587291683
2020-02-24,-0.0158884806684526,0.0002524438179517,2.9016643351639487e-05,9.716249004489267e-05,0.009857103532219426,0.00010587117957059964,0.010289372166007003,0.00013649453896869316,0.011683087732645559,0.00011848645499819199,0.010885148368221353
2020-02-25,-0.0007358010039423,5.414031174025944e-07,3.0620062428497466e-05,0.00010647936971930664,0.01031888413149923,0.00012131922130804289,0.011014500501976606,0.0001694533954948919,0.013017426608008663,0.0001442295149606493,0.012009559315838749
2020-02-26,-0.0041438996387526,1.7171904216054278e-05,5.771947376535484e-05,0.00010012309172319239,0.01000615269337783,0.00011172901428938287,0.010570194619276546,0.0001536212920317291,0.01239440567480866,0.00013460631666345916,0.01160199623614226
2020-02-27,-0.0039624246101079,1.5700808790789095e-05,5.098826097918542e-05,9.514602047276407e-05,0.009754282160813478,0.00010470446407876326,0.01023251992809021,0.00014908105082850998,0.012209875135664164,0.00012804156311253375,0.011315545197317438
2020-02-28,-0.0350541632865958,0.0012287943637233,0.0001103384299375,9.037930777184555e-05,0.009506803236201197,9.829133209558206e-05,0.009914198509994747,0.00014442798001545798,0.01201781927037755,0.00012188348640902891,0.011040085434860951
2020-03-02,-0.0096096107269321,9.234461832316888e-05,0.0006300235988957,0.00015868421112893413,0.012596992146101153,0.00020521647087607265,0.014325378559607863,0.00025931554680371074,0.01610327751744069,0.00027528111457704744,0.016591597710197997
2020-03-03,0.0106348725203505,0.0001131005135241,0.000122977100833,0.0001547038355605882,0.012437999660740799,0.00019521759127645463,0.013972028889050246,0.00026495297682501264,0.016277376226683852,0.00026572258024275237,0.01630099936331366
2020-03-04,-0.0180999239615489,0.0003276072474138,0.0005777591577407,0.0001522076362383993,0.012337245893569573,0.00018821099691060438,0.013719001308790826,0.00024449441125230635,0.015636317061645505,0.00024733140949930967,0.015726773651938586
2020-03-05,0.0056257306903319,3.164884580014268e-05,0.0001554989850149,0.00016273161290892646,0.01275663015490088,0.0002018709414644249,0.01420812941468457,0.00028578855342635816,0.016905281820376677,0.00027115975825443947,0.01646692922965419
2020-03-06,-0.0358200693836338,0.0012830773706483,0.0003706876823846,0.0001548666468823994,0.012444542855500937,0.00018659173834984126,0.01365985865043417,0.0002581315822142185,0.016066473857515175,0.00025054540414563397,0.015828626097853026
2020-03-09,-0.0493557448978598,0.0024359895544226,0.0007007311790421,0.00022255929030835585,0.014918421173447136,0.00028915496151130527,0.017004557080715313,0.0003888717830338625,0.01971983222631122,0.00039930835611929846,0.019982701421962408
2020-03-11,0.0009518157846376,9.059532878853032e-07,0.0001594011996081,0.0003553651061552114,0.018851130102866816,0.00048786292294350557,0.022087619223073944,0.0006198659814818252,0.02489710789392666,0.0006855921847263581,0.026183815320276724
2020-03-12,-0.0998332398587851,0.0099666757807017,0.0017278460835831,0.0003340975569831718,0.018278335727936825,0.0004392739124731271,0.020958862384994257,0.0005409851270656058,0.02325908697833184,0.0006264806727954251,0.025029595937518148
2020-03-13,0.0486606971391037,0.0023678634460635,0.0122403061991565,0.0009120522504062851,0.030200202820615047,0.0013213418960832841,0.03635026679521464,0.0013105497238104426,0.03620151549052115,0.0018790241463302487,0.043347712123366425
2020-03-16,-0.0856292521354049,0.0073323688212687,0.000739671718447,0.0009994009221457225,0.031613302930028085,0.0014038072963985992,0.03746741646282272,0.0012209605664426815,0.03494224615623159,0.0017611062772389986,0.04196553678006512
2020-03-17,-0.0418124778006871,0.0017482832998329,0.0014642290687835,0.0013793789960931042,0.03713999186985781,0.001938525663363637,0.044028691365558856,0.001877029798691402,0.043324701945788406,0.0025647733502135376,0.05064359140319274
2020-03-18,-0.0737405236647108,0.0054376648303457,0.0040855087509049,0.001401513254317495,0.037436790117710346,0.0018977301102874006,0.043562944233458335,0.0020089947222301768,0.04482181078705073,0.002563175836468318,0.05062781682502533
2020-03-19,-0.0244309199957643,0.0005968698518394,0.0051048896695629,0.001643682348879192,0.04054235253261942,0.002203897525782166,0.04694568697742281,0.002524029962108587,0.05023972494061434,0.0030452707157679624,0.05518397154761482
2020-03-20,0.0115889421820714,0.0001343035808993,0.0024627672809288,0.0015808735990568065,0.03976020119487333,0.0020279155921807948,0.045032383816324836,0.002396024182557802,0.04894920001958972,0.0028488854933498555,0.053374951928314235
2020-03-23,-0.1831300361888116,0.0335366101545154,0.0050293191797257,0.0014940793979673617,0.03865332324609828,0.0018277169400196347,0.04275180627785959,0.0020583262098751555,0.045368780123286934,0.0025950526022759336,0.05094165880962195
2020-03-24,0.0111478550287712,0.0001242746717424,0.003729935245056,0.0034166312433602485,0.05845195671113371,0.004750781246115398,0.06892591128244441,0.004563683224127794,0.06755503848069212,0.006757007437808731,0.08220101847184579
2020-03-25,0.0772406265539746,0.0059661143904505,0.0051188332849962,0.003219089849063183,0.056737023618296925,0.00425969759977977,0.06526635886718188,0.0038511827756754777,0.06205789857605136,0.006146077153162828,0.07839692055918286
2020-03-26,0.0594925678044568,0.0035393656239678,0.0040199965214688,0.003383911321546426,0.05817139607699325,0.004363417925115933,0.06605617249823012,0.003486883850587641,0.05904984208774517,0.005714775492813233,0.07559613411288459
2020-03-27,0.0179425641509714,0.0003219356083117,0.0030387467448502,0.003393238579691714,0.058251511394054954,0.004230730385497172,0.06504406495213204,0.0031174557486722395,0.0558341808274487,0.005271415910922711,0.07260451715232814
2020-03-30,-0.0612607965286173,0.0037528851913206,0.0010750247771114,0.0032089604014089146,0.05664768663775172,0.003813382144239747,0.06175258815822821,0.0026774583353689116,0.051744162331309525,0.0048003381302632,0.06928447250476256
2020-03-31,0.0190690846056652,0.000363629987698,0.0004477085138927,0.0032415958888036187,0.056935014611428865,0.003759095786558956,0.06131146537605308,0.0029965285233067296,0.05474055647604187,0.004857323552836536,0.06969450159687303
2020-04-01,-0.0501090460351348,0.0025109164945512,0.001291272303201,0.0030689179347372824,0.05539781525238412,0.0033958431633429108,0.05827386346676279,0.0025800252637537043,0.050793949086025046,0.004424944032345589,0.0665202527982688
2020-04-03,-0.0541087283439139,0.0029277544829954,0.0016057867098534,0.003035437848326121,0.05509480781640064,0.0032706829997569565,0.05718988546724811,0.0027572249343134018,0.052509284267769275,0.004353432113435931,0.06598054344604878
2020-04-07,0.0999515308746438,0.0099903085241848,0.0016007032346521,0.003028976846406282,0.055036141274677694,0.0031975610891228465,0.056546981255614755,0.0029734334841429217,0.05452919845498301,0.004343083186594896,0.06590207270332926
2020-04-08,-0.006106587633172,3.729041252160941e-05,0.0032524328463456,0.003446656747072998,0.05870823406535916,0.0037880981253422407,0.06154752736984842,0.0028070955489674465,0.052982030434548716,0.004161736240410687,0.06451152021469256
2020-04-09,0.0497863353951536,0.0024786791920787,0.0006350864839589,0.0032420947669999146,0.05693939556229864,0.0033914511841297156,0.05823616732005735,0.0024343615508110807,0.04933924959716231,0.0037900558532908348,0.06156342951209618
2020-04-13,-0.0216039584778759,0.0004667310219137,0.0003305768861324,0.003196289832504643,0.05653573942653128,0.003263764960791279,0.05712937038679211,0.0021929717547017453,0.04682917631884791,0.0034999741122361534,0.05916057903905398
2020-04-15,-0.0223616941164305,0.0005000453637568,0.0018840815204299,0.0030325163038691914,0.05506828764242803,0.002962833929807171,0.05443192013705902,0.002075498505962467,0.04555763938092564,0.0032450093806724004,0.056964983811745265
2020-04-16,0.0178359165999952,0.0003181199209619,0.0006590623373387,0.002880568047462448,0.05367092366880272,0.002697042342521185,0.05193305635644012,0.0019804119465122202,0.044501819586531745,0.0030176940322178443,0.05493354195951545
2020-04-17,0.0639640212588333,0.0040913960156004,0.0011327926252186,0.00272682115987242,0.05221897317903158,0.0024426597618659603,0.04942327146057776,0.0017254766310712494,0.041538856882095944,0.0027523424191886084,0.052462771745196694
2020-04-20,-0.0077079468742384,5.941244501608254e-05,0.0003837377044794,0.0028086956512161036,0.05299712870728096,0.002565775660273989,0.05065348616111224,0.0016178461970536566,0.04022245886384442,0.0025912108203520064,0.050903937179279234
2020-04-21,-0.0557743469041911,0.003110777772589,0.0003900512031079,0.0026437386588441017,0.051417299217715644,0.0023013462893524926,0.04797234921652777,0.0014451886794221765,0.03801563730127612,0.002365848255205503,0.04863998617604144
2020-04-22,0.0149577057014017,0.0002237329598497,0.0005439010844512,0.0026717610056687987,0.05168908013951108,0.002348444179695287,0.04846074885611331,0.0017523835119279908,0.04186148004942002,0.00256099082761466,0.05060623309054587
2020-04-23,0.0283282004830472,0.0008024869426077,0.0005392544208894,0.0025248793229196553,0.050248177309427405,0.002122417909757822,0.04606970707262878,0.0015265732412438155,0.03907138647711155,0.0023353439002737953,0.048325396017764775
2020-04-24,-0.0341925571775115,0.0011691309663373,0.000175086443244,0.0024215357801009385,0.04920910261426171,0.0019742074820484814,0.04443205466831892,0.001364393681340027,0.03693770000067718,0.002142571582457154,0.04628792048101917
2020-04-27,0.0249333474042976,0.0006216718127833,0.0001277678623327,0.002346391491275126,0.04843956534977503,0.0018758285723632323,0.043310836662009106,0.0014563197828961275,0.0381617581211365,0.0021036227619302132,0.04586526749001049
2020-04-28,0.0289550366938487,0.0008383941499421,0.0002063811036434,0.002242908310565622,0.047359352936517427,0.0017370854446363871,0.041678357028995125,0.0012971091775933463,0.036015401949629086,0.0019281778874098148,0.043911022390850964
2020-04-29,0.020071823085947,0.0004028780819935,0.0007546324364122,0.002158637460928212,0.04646113925559953,0.0016332430250482258,0.04041340155255711,0.0011689370661149478,0.034189721644303395,0.0017733486442486107,0.04211114631838714
2020-04-30,0.020847919002968,0.0004346357267543,0.0002892403194186,0.0020532918981921327,0.04531326404257514,0.001500013913011965,0.03873001307786979,0.0010416272447981286,0.032274250491655554,0.001623425851624217,0.04029175910312451
2020-05-04,-0.0868192794466228,0.0075375872836307,0.0007032737581939,0.0019561725279058635,0.04422863922738143,0.0013839213686383627,0.037201093648417956,0.0009338086165185798,0.030558282290053213,0.0014878670402310727,0.03857287959474989
2020-05-05,-0.0241967733053338,0.0005854838383897,0.0009482464922918,0.0022910574132493588,0.04786499152041457,0.0019398152081646117,0.04404333329988333,0.0015840479296092144,0.03980009961808154,0.0023433828085417103,0.04840849934197207
2020-05-06,0.0217017462148758,0.0004709657887748,0.0007202173128586,0.0021887229987577798,0.04678378991443275,0.0017908976065987492,0.04231899817574548,0.0015629046501986414,0.03953358888589096,0.002209600808620975,0.047006391146534265
2020-05-07,-0.0103481034915641,0.0001070832458721,0.0001706365952619,0.0020856575661588055,0.045669000056480384,0.001647203152277839,0.04058575060631304,0.0013810421178432066,0.03716237502963456,0.002021283384415927,0.04495868530568846
2020-05-08,-0.0071515876609071,5.114520607163877e-05,0.0004388228499548,0.0019669431069416045,0.04435023232116834,0.0014850181162958393,0.038535932793898206,0.0012635350393434693,0.03554623804769598,0.0018542138219132202,0.04306058315807184
2020-05-11,-0.0210120231430797,0.0004415051165653,0.0006700872786185,0.0018519952328894065,0.04303481419605999,0.0013349091564915298,0.036536408642497006,0.0011370837706323944,0.03372067274881085,0.001695069357689436,0.04117122001701475
2020-05-12,-0.0046359084298741,2.1491646970178153e-05,0.0005181067289619,0.0017673658259099612,0.04204005026055465,0.0012370362898436354,0.03517152669196541,0.0011337420990430722,0.033671086989330655,0.0016016200467333108,0.040020245460682904
2020-05-13,0.0401167018777078,0.0016093497695448,0.0004421544184772,0.0016626133751735741,0.040775156347628815,0.001110580709376644,0.033325376357614386,0.0010072570128200173,0.03173731262756847,0.0014616556038353288,0.03823160477713863
2020-05-14,-0.0292732788405163,0.0008569248540746,0.0001235204526622,0.0016594175588358526,0.04073594921977212,0.0011450494780076402,0.03383857972799154,0.0009388778103971963,0.03064111307373145,0.001365771824825007,0.03695635026385867
2020-05-15,-0.0123767485502677,0.0001531839046765,0.0001914437536907,0.0016112679965501785,0.040140602842386144,0.0011059729055809305,0.03325617093985612,0.0010171007177462621,0.0318920165205379,0.001356840282682291,0.03683531298472013
2020-05-18,-0.0692861363161379,0.0048005686856184,0.0017969253882079,0.0015237829510377611,0.03903566255410251,0.0010057038121359034,0.03171283355576892,0.000961223131543953,0.031003598686990402,0.001256488985175868,0.03544698837949238
2020-05-19,-0.0049600583109991,2.460217844851191e-05,0.0007024234870571,0.0017203900951126023,0.041477585454225786,0.0013476970184508074,0.036710993155331655,0.0014108117340619541,0.03756077387464154,0.0017744082563094703,0.04212372557489983
2020-05-20,0.0200394477602564,0.000401579466536,0.0004073413523728,0.0016186428201127566,0.04023236035969996,0.0012097462155180598,0.03478140617511115,0.0012460648321761787,0.035299643513443286,0.0016190726907262178,0.04023770235396422
2020-05-21,-0.0059086580793807,3.491224029903101e-05,0.0003298182951405,0.001545619018898154,0.03931436148404491,0.0011214940100632465,0.0334887146672315,0.0011075519240802349,0.033279902705390156,0.0014832106557483,0.03851247402788219
2020-05-22,-0.0260595473022143,0.0006791000055963,0.0008429681230104,0.0014549766121822064,0.03814415567530898,0.0010085886628770232,0.031758284948608655,0.0009938409909610517,0.031525243709780444,0.0013558181716848262,0.036821436306651946
2020-05-26,0.0093003339292194,8.649621119499124e-05,0.0001616974838738,0.0014084240157870547,0.03752897568262495,0.0009675296746083587,0.031105139038563365,0.001042956538269526,0.03229483764116993,0.001324489080799977,0.036393530754791806
2020-05-27,0.0703011729289302,0.0049422549151833,0.0018777948941569,0.001329108347511531,0.036456938262990915,0.0008758101510406696,0.029594089799158712,0.0009144790757928263,0.03024035508708233,0.0012088487053850507,0.034768501626976256
2020-05-28,0.0242485590652226,0.0005879926167395,0.0003991820395517,0.0015458971415718403,0.039317898488752424,0.001244793384253254,0.035281629557791884,0.000912092263227729,0.030200865272831653,0.001206704094194614,0.034737646641570495
2020-05-29,0.0066264094211624,4.390930181687047e-05,0.0003924689850282,0.001488422870081905,0.038580083852707024,0.0011701205357549287,0.03420702465510452,0.0008279486533042404,0.028774096915528735,0.00111245075322151,0.03335342191172459
2020-06-01,0.0337626767184896,0.0011399183391972,0.0003187897294049,0.0014017520559860028,0.03743997938014927,0.0010528725495205957,0.03244799761958503,0.0007268474069217818,0.026960107694921805,0.0010152706660505812,0.0318633122266123
2020-06-02,0.0281716924128778,0.0007936442534057,0.0005132434638188,0.001386042032978677,0.03722958545268369,0.001049892271857673,0.032402041168075706,0.0006816195720582183,0.02610784502899882,0.0009501988773109777,0.030825296062016627
2020-06-03,0.0197976093602766,0.0003919453363821,0.0005095783838491,0.0013504981662043041,0.03674912469983883,0.0010150722127758713,0.03186019793999829,0.0006332297375331397,0.025164056460219995,0.0008837288123529334,0.029727576631016082
2020-06-04,-0.0266279122210347,0.0007090457092511,0.00057228675756,0.0012929849964149725,0.03595810056739611,0.000946655848598863,0.030767772889808958,0.0005786082807705476,0.024054277806048296,0.0008148132272561261,0.028544933477871796
2020-06-05,0.0310973146444699,0.0009670429780971,0.0004985164263667,0.001257948639185142,0.035467571656164196,0.0009149729302246383,0.030248519471614447,0.0006563943552771647,0.025620194286483558,0.0008368128444581913,0.02892771758120905
2020-06-08,0.0072403317293497,5.242240355102811e-05,0.0006350804264547,0.001240494299519863,0.0352206516055547,0.0009106230926075062,0.030176532150124644,0.0006153858372530626,0.024806971545375357,0.0007843728722803616,0.02800665764207435
2020-06-09,-0.0220683687202144,0.0004870128979713,0.000714814297617,0.001169209985761733,0.034193712664197976,0.0008217991569116835,0.028667039556111884,0.0005456586882754552,0.023359338352690027,0.0007173329121314267,0.026783071372257265
2020-06-10,0.0179417949519634,0.0003219080060982,0.0002760762913465,0.0011282781604943092,0.03358985204632955,0.0007827926940044468,0.027978432658110904,0.0005963166883218515,0.02441959639965107,0.0007191337162574135,0.026816668627132147
2020-06-11,-0.0276267248666146,0.0007632359268556,0.0005128108044237,0.0010798959512305485,0.03286177036056561,0.0007326073093404939,0.027066719589571506,0.0005438056611081915,0.023319641101616283,0.0006637640505776553,0.02576361873995296
2020-06-12,0.0062846676094192,3.949704696088377e-05,0.001328169813009,0.001060896349768053,0.03257140386547766,0.0007287505183539003,0.02699537957417714,0.0006292264618822112,0.025084386814953463,0.000706659696512051,0.02658307161544826
2020-06-15,-0.0365679302705747,0.0013372135242736,0.0004764294337174,0.0009996123915996227,0.03161664738076481,0.0006580935765279427,0.02565333460834951,0.0005562480664329765,0.023584911838566973,0.0006464424057198314,0.025425231674850703
2020-06-16,0.019090518482024,0.0003644478959125,0.0011472572475242,0.001019868459560062,0.03193537943347569,0.0007154747332430158,0.026748359449562806,0.0007017707710549903,0.02649095640128892,0.0007661478615978739,0.027679376105647212
2020-06-17,-0.0046889964916626,2.198668809882424e-05,0.0003694534687434,0.0009805432257412082,0.03131362683786738,0.0006764084479599662,0.026007853582330976,0.0006372554585111183,0.025243919238325856,0.000707386712254756,0.026596742512096403
2020-06-18,0.036670071844951,0.0013446941691138,0.0008527001723437,0.0009230298334826652,0.030381406048480792,0.0006096992103706906,0.024692088011561326,0.0005795649435761391,0.02407415509578974,0.0006491474180881207,0.025478371574496686
2020-06-19,0.0180548598809678,0.0003259779653213,0.0002795301965521,0.0009483296936205375,0.030794962146762535,0.0006729285052341646,0.025940865545200385,0.0005553020514323674,0.02356484779141099,0.0006218505205293396,0.024936930856248922
2020-06-22,0.0172027905615851,0.0002959360031057,0.0003247966196868,0.0009109885899225879,0.030182587528616363,0.000634820345407085,0.025195641397017163,0.0005081417446932408,0.022541999571760285,0.0005754509119872878,0.023988557938885942
2020-06-23,0.0253145307420446,0.0006408254666899,0.0003395405493495,0.0008740854347135783,0.029564935899027048,0.0005979803812931367,0.024453637383692772,0.00046575756940187024,0.021581417224127573,0.0005326516078316622,0.02307924625787554
2020-06-24,-0.0383690418429091,0.0014721833719429,0.0009825474491965,0.0008600898366321588,0.02932728825909683,0.000597092008476509,0.024435466201333442,0.0004386740650021513,0.020944547381171817,0.0005010718806451117,0.022384634923203722
2020-06-25,0.0036964905362773,1.3664042284787805e-05,0.0004794462456387,0.0008968154487508039,0.029946877111825934,0.0006735032576617921,0.0259519413081525,0.0005946653448297664,0.02438576110827313,0.0006517421302027462,0.02552924068989805
2020-06-26,0.0039863149096463,1.5890706558868537e-05,0.0001675808147778,0.000843826364362843,0.02904868954639508,0.0006063304969814835,0.024623779096261473,0.0005230978935403506,0.022871333444737116,0.0005959922173214614,0.0244129518354799
2020-06-29,-0.0108520659415066,0.0001177673351988,0.0001368590143793,0.0007941502248946044,0.028180671122146905,0.000546517638891894,0.023377716716820186,0.00046202058940792877,0.02149466420784304,0.0005453805188805336,0.02335338345680415
2020-06-30,0.0005219163140799,2.723966389027593e-07,0.0001510042052376,0.0007535672515128566,0.027451179419341103,0.0005025350490865987,0.02241729352724362,0.00045635454209851377,0.021362456368557287,0.0005144888584046245,0.022682346845170686
2020-07-01,0.0280285936358625,0.0007856020612043,0.0004670163494238,0.0007083695602204192,0.026615212947117654,0.00045232479118161164,0.021267928699843144,0.0004004817746793095,0.02001204074249574,0.00047098885706044126,0.021702277692916043
2020-07-02,-0.0011108688214799,1.2340295385362148e-06,0.0001522111527087,0.0007130035102794528,0.02670212557605579,0.00048039189844349553,0.021917844292801598,0.0003837498945447111,0.01958953533253689,0.0004481091662958395,0.021168589142780383
2020-07-03,-0.0046020703647905,2.1179051642483592e-05,9.827371689699496e-05,0.0006702973414349978,0.025890101224888978,0.0004326289327141065,0.020799733957772307,0.00034205088657515714,0.018494617773156523,0.0004108268380473957,0.020268863758173414
2020-07-06,0.0157341874886538,0.0002475646559281,3.78198067625243e-05,0.0006313502440474469,0.02512668390471466,0.0003918043872206753,0.019794049288123824,0.0003198959380685721,0.01788563496408702,0.00037956316724668067,0.019482380943988357
2020-07-07,0.0191430834761162,0.0003664576449735,0.0002902109250155,0.0006083231087602866,0.024664207036924714,0.0003763507458030561,0.019399761488303306,0.00029819137799204045,0.017268218726667797,0.00035362667797529917,0.018804964184366297
2020-07-08,-0.0019175240947899,3.676898654100054e-06,0.0002345158652296,0.0005938111809330826,0.02436824123594238,0.0003735838741310683,0.019328317933308845,0.00028233839544032993,0.016802928180538353,0.00033257904970586155,0.0182367499765134
2020-07-09,0.0141807408943513,0.0002010934123127,7.30121742257963e-05,0.0005584031239963435,0.023630554881262172,0.00033742158551059294,0.018369038774813256,0.0002567497319973177,0.01602341199611736,0.0003061669599263436,0.017497627265613575
2020-07-10,-0.0224595141433875,0.000504429775557,0.0001877848257007,0.0005369645412953265,0.023172495361857913,0.00032344347626451597,0.017984534363294367,0.00024050453977823296,0.015508208786904855,0.00028594779165244384,0.01690999088268364
2020-07-13,-0.0139006458162125,0.0001932279541077,0.0003306610963048,0.0005350124553510283,0.023130336256765235,0.00033912355854443665,0.0184153077233164,0.00030134267201574325,0.017359224407090982,0.0003294248761925336,0.018150065459731368
2020-07-14,-0.0320647439769211,0.0010281478063054,0.0003663324304938,0.0005145053852764338,0.022682711153573194,0.000324233773946339,0.018006492549809332,0.00032218862615646294,0.017949613537802504,0.0003281442135139708,0.01811475126834401
2020-07-15,-0.0024079705164329,5.798322008010186e-06,0.0003848422981049,0.0005453239305381777,0.02335217185912646,0.00038846538385249217,0.019709525206165982,0.000434832731222488,0.020852643267041424,0.0004364087537552624,0.020890398602115338
2020-07-16,0.011942946224305,0.0001426339645166,0.0003276162913484,0.0005129523940263676,0.022648452353888723,0.0003509153953001524,0.01873273592671803,0.00039201681120613554,0.019799414415738046,0.0004007931086758241,0.020019817898168406
2020-07-17,0.0169708970499922,0.0002880113466814,0.0002005348725271,0.000490733288255784,0.022152500722396648,0.0003300714468989273,0.018167868529327464,0.00035770112241164255,0.0189129881936103,0.0003706935365990285,0.01925340324719317
2020-07-20,0.0160337539616213,0.0002570812661018,7.987046297304204e-05,0.0004785699717613229,0.02187624217641876,0.00032494777751782136,0.01802630792807616,0.0003330211914053576,0.01824886822258733,0.000346424426954972,0.018612480408450992
2020-07-21,0.0204047264505444,0.0004163528615215,4.863797661139214e-05,0.00046528064942175193,0.021570365073909897,0.0003174973615948011,0.01781845564561646,0.00031014577845931617,0.01761095620513878,0.00032371586536734216,0.017992105640178477
2020-07-22,0.0044060801299084,1.9413542111174116e-05,0.0002098235140963,0.0004623449821477396,0.02150220877369903,0.00032563127095035937,0.01804525618965714,0.0002943284717210989,0.017156003955499044,0.00030645736725773274,0.01750592377618881
2020-07-23,0.0087586590263433,7.67141079397461e-05,0.0001029932523968,0.00043576909574554563,0.020875083131464307,0.0002960367807707225,0.017205719420318424,0.000264435842435436,0.016261483402058866,0.0002823603075934908,0.01680358020165616
2020-07-24,-0.0184437113951934,0.0003401704900291,0.0001343458682315,0.00041422579647719756,0.020352537838736414,0.0002749150447576828,0.016580562256982807,0.00024229955559844387,0.015565974290048273,0.00026167845702388553,0.016176478511217625
2020-07-27,-0.0365480282352292,0.0013357583678831,0.0005481516885383,0.00040978247809031693,0.020243084697997904,0.00028050871284363493,0.016748394336282953,0.0002851217937940951,0.016885549851695537,0.00028584324502323904,0.016906899332025344
2020-07-28,0.0116690860620237,0.0001361675695229,0.0002900186553451,0.0004653410314778846,0.02157176468158979,0.0003779631484397271,0.01944127435225703,0.00042206863633267053,0.020544309098450366,0.0004382874447852381,0.020935315731682627
2020-07-29,-0.0012945599089175,1.6758853577765294e-06,0.0001426685456777,0.00044559062376058647,0.021109017593450116,0.00035363841837053627,0.018805276343902427,0.00038369438682232245,0.01958811851154476,0.000404626857985253,0.02011533887323932
2020-07-30,-0.0196583267020278,0.0003864498087236,0.000339597306981,0.00041895573945641785,0.02046840832738144,0.0003194142632897532,0.017872164482506118,0.0003427661204258698,0.018513943945736407,0.00037137319115193243,0.019271045408901212
2020-07-31,-0.0003141323248454,9.867911751279873e-08,0.0001443658298329,0.0004170053836124523,0.02042070967455471,0.0003245670629802369,0.018015744863319888,0.0003889006162476082,0.0197205632842373,0.00039158636392231505,0.019788541227748827
2020-08-03,-0.026595871584466,0.0007073403853374,0.000208947984829,0.00039199098134275596,0.019798762116424246,0.00029329220136257577,0.017125775934613174,0.0003432024145072904,0.018525723049513894,0.00035931682308909367,0.01895565411926198
2020-08-04,0.0196610578513368,0.0003865571958336,0.0002134850957721,0.00041091194558243497,0.02027096311432772,0.00033102657533145094,0.018194135740162293,0.000425574720332137,0.020629462434395545,0.0004226882933678392,0.02055938455712717
2020-08-05,0.0009046159555854,8.183300270996975e-07,0.0001826210764282,0.00040945066059750563,0.020234887214845197,0.00033495277094682246,0.018301714972833078,0.0003961487215616472,0.01990348516118841,0.0003957601287660814,0.019893720837643254
2020-08-06,0.0061479751215514,3.7797598095216126e-05,0.000238149538977,0.00038493272076328125,0.019619702361740383,0.0003026387829690598,0.01739651640326476,0.0003491248698980109,0.018684883459577983,0.00036311385915375273,0.01905554667685377
2020-08-07,0.00513413170116,2.635930832485622e-05,8.709576335504021e-05,0.0003641046134031973,0.019081525447489707,0.0002771999831727378,0.016649323805270223,0.0003139566555367734,0.0177188220696742,0.00033423271726408873,0.01828203263491477
2020-08-10,0.0067003917719873,4.489524989811531e-05,5.7464160331022734e-05,0.00034383989509849676,0.018542920349785705,0.00025340789073942583,0.015918790492352924,0.0002822673387274732,0.01680081363290103,0.0003077464884870915,0.017542704708427705
2020-08-11,0.0148186714923182,0.0002195930247972,4.1521631660346856e-05,0.00032590321638647384,0.018052789712021625,0.00023387074233240134,0.015292833038139183,0.000256061666733574,0.01600192696938634,0.00028407188622359895,0.016854432242695064
2020-08-12,0.0016543144168756,2.736756189882742e-06,8.310790012714559e-05,0.00031952460489112006,0.017875251184000747,0.0002326375863214178,0.015252461647924829,0.00024048392953365227,0.01550754427798458,0.0002662625795612368,0.016317554337621703
2020-08-13,-0.0030432161694028,9.261164653714943e-06,6.54893208832347e-05,0.00030051733396904576,0.01733543578826462,0.00021139713706939012,0.014539502641747762,0.00021496118197927765,0.014661554555342269,0.0002454825317987624,0.01566788217337501
2020-08-14,-0.0235653311077333,0.0005553248302171,0.0005771905969035,0.0002830419638101259,0.01682385103982218,0.0001930244463872191,0.013893323806318598,0.00020100615642979167,0.014177663997633448,0.00022775588516166727,0.015091583255631839
2020-08-17,0.0009889048429023,9.779327883157363e-07,0.0001971136254855,0.00029937893579454455,0.01730257020776233,0.00022731907300422457,0.01507710426455374,0.0002659822304757145,0.01630896166148276,0.00028321751049624797,0.0168290674280023
2020-08-18,0.0214156386690941,0.0004586295796051,0.0002685700862303,0.0002814748756141708,0.016777212987089684,0.0002064816486210773,0.014369469322876098,0.00023658048378741406,0.01538117303028004,0.0002608518749890182,0.016150909416779546
2020-08-19,0.0051871123013863,2.6906134027194033e-05,2.479005958391105e-05,0.0002921041578536324,0.017091054907571752,0.00023036352198179015,0.015177731121013779,0.00022907262880153176,0.015135145483328918,0.0002502302478593664,0.015818667701780906
2020-08-20,-0.0129367656971336,0.0001673599067025,2.7858253467089792e-05,0.00027619227642404606,0.01661903355866538,0.0002116097516725541,0.014546812423089606,0.00020798565378394926,0.014421707727725911,0.00023142661120253508,0.015212712158012294
2020-08-21,0.0135512874054345,0.0001836373903446,2.3333915878117025e-05,0.00026966233424075524,0.016421398668833152,0.00020789644389893985,0.014418614493041272,0.00022928174621405346,0.015142052245784039,0.00023570464751852485,0.015352675581752025
2020-08-24,0.0236381498955858,0.0005587621304861,0.0001670035253677,0.00026450083760699123,0.01626348171846949,0.00020609018787000135,0.014355841593929676,0.00021541273114385824,0.014676945565881828,0.0002215499647701915,0.014884554570768703
2020-08-25,0.0112859378721658,0.0001273723936543,7.075272383323002e-05,0.00028215651517974277,0.016797515148966016,0.000239312673279963,0.015469734105018191,0.0002118264716507627,0.01455425957068111,0.00021664001576674206,0.014718696129981829
2020-08-26,0.0138498852483734,0.0001918193213931,8.642210754703879e-05,0.00027286946788822135,0.01651876108817551,0.00022893583829895964,0.015130625839632664,0.00019787146451868254,0.01406667922854156,0.00020303354813561007,0.01424898410889738
2020-08-27,0.0079188920234518,6.27088508790889e-05,3.732031585055505e-05,0.00026800645909851473,0.01637090281867542,0.0002256489550676612,0.015021616260165255,0.0001875104409547059,0.013693445182082773,0.00019203579526641372,0.013857698050773574
2020-08-28,0.0383825389970231,0.0014732192998579,0.0006366301403165,0.00025568860260534915,0.015990265870377177,0.00021072209253528737,0.014516269924994071,0.00017347126919144606,0.013170849220587337,0.00017930537303517075,0.013390495623208678
2020-08-31,-0.0318784168242605,0.0010162334592212,0.0020848495002772,0.00032874044444050816,0.01813120085489398,0.00032837346433913184,0.018121077902242235,0.0001857578726326579,0.013629301986259527,0.00019763842364443505,0.014058393352173465
2020-09-01,0.0024239461761853,5.8755150650437245e-06,0.000335097885361,0.0003699900253273554,0.019235124780654672,0.00039105780545177623,0.019775181552940956,0.0002891912430959212,0.01700562386670719,0.0003162590423868039,0.01778367347841283
2020-09-02,0.0026234459694346,6.882468754542828e-06,0.0001263182452879,0.00034814315471161665,0.01865859466068162,0.00035323892265541563,0.018794651437454638,0.0002580826515590596,0.016064951028841003,0.0002909799178655102,0.017058133481290098
2020-09-03,-0.0145007648345632,0.0002102721807873,0.0002301458042273,0.0003276675135541922,0.01810158870249217,0.0003195408246741206,0.017875704872091634,0.00023116285378846788,0.015204040705959317,0.0002680305973677719,0.016371640032928035
2020-09-04,-0.0223182262463153,0.0004981032227817,0.0001807475235014,0.0003206237935881789,0.017905970892084542,0.0003083192063388367,0.01755902065432001,0.00025772465968859864,0.01605380514671206,0.00027459027426057634,0.016570765651006483
2020-09-07,-0.0028918636289575,8.362875248487497e-06,0.0001060319858232,0.00033127255933979125,0.018200894465377003,0.0003250223254563749,0.01802837556343818,0.00031803764992510003,0.01783361012036262,0.0003182753273138069,0.017840272624424967
2020-09-08,-0.0087832137253366,7.7144843344942e-05,0.0001234322508176,0.00031189797829431296,0.017660633575676522,0.00029446644786253987,0.01716002470460168,0.0002918126821230342,0.017082525636539645,0.00029378360014823703,0.017140116690041438
2020-09-09,-0.0212132897233583,0.0004500036608871,0.0001628462676519,0.00029781279019735064,0.017257253263406394,0.00027355193485727555,0.016539405517045514,0.0002916431194645711,0.01707756187119728,0.0002805432929257857,0.01674942664468804
2020-09-10,0.0089061774258172,7.931999634013602e-05,0.0001470956083174,0.00030694424243873794,0.017519824269630616,0.0002894905437479056,0.01701442164012358,0.00034655557665680604,0.01861600324067457,0.0003173805844293272,0.017815178484352247
2020-09-11,0.0006118504494688,3.743609725152445e-07,0.0001534583063345,0.0002932867876728218,0.01712561787711094,0.00026930790500261006,0.016410603432007308,0.00031459040751274865,0.01773669663473863,0.00029355596747515585,0.01713347505543332
2020-09-14,-0.016989620805384,0.0002886472151107,0.0003824825371757,0.00027571204207080334,0.016604578948916572,0.00024394310505082973,0.015618678082694123,0.00027839022973305836,0.016685030108844826,0.00027023344212387206,0.01643877860803144
2020-09-15,0.0163533407130896,0.0002674317524783,0.0001482130025736,0.00027648815245319934,0.01662793289778376,0.00024805015694530336,0.015749608152119322,0.00031396046228401473,0.01771892949035056,0.0002868641334308818,0.016937063896404293
2020-09-16,0.004791463803349,2.295812537880379e-05,0.0001405363008471,0.00027594476845471097,0.016611585368492405,0.00024974965673497105,0.01580346976885048,0.00029355709282818834,0.017133507896172,0.0002698139596948532,0.016426014723445646
2020-09-17,-0.0112801446317448,0.000127241662913,4.056347021091822e-05,0.00026076556987015653,0.01614823736109166,0.00022856485123877782,0.015118361393973151,0.00026413030827643173,0.016252086274581235,0.00024913827050136294,0.01578411449848749
2020-09-18,-0.0130459189917906,0.0001701960023403,0.0003452071258412,0.00025275413545273204,0.015898243156170812,0.00021932039432939274,0.014809469751797083,0.0002760841154970239,0.016615779111947292,0.0002465408274784471,0.015701618626066775
2020-09-21,-0.0306145007710762,0.0009372476574622,0.000521518853636,0.0002478006474659899,0.015741685026260367,0.00021504936976644452,0.014664561697045176,0.0002946247031003714,0.01716463524518862,0.00024981036364375134,0.015805390335064534
2020-09-22,-0.0107139969694328,0.000114789731061,0.0002124617388634,0.00028916746806576405,0.017004924817997993,0.0002824663055789353,0.016806733935507377,0.0003981069624055057,0.019952617933632313,0.00035331448097362527,0.01879666143158474
2020-09-23,0.0018621500575458,3.4676028368179735e-06,0.0002399738012942,0.0002787048038454791,0.01669445428414715,0.0002663256050680858,0.016319485441278037,0.0003974650492207484,0.019936525505231558,0.0003395717923257907,0.018427473845478406
2020-09-24,-0.0346687735179141,0.0012019238572364,0.0002557898049279,0.0002621905717849594,0.01619229976825279,0.00024156564301953596,0.01554238215395362,0.00035130235896477295,0.018743061621964884,0.0003121127321825338,0.017666712545986982
2020-09-25,0.0253638313566716,0.0006433239410896,0.0003364209181793,0.00031857456891204726,0.017848657341997667,0.00033073836661951813,0.018186213641643995,0.00048045113316355257,0.02191919554097624,0.00044461709790466627,0.021085945506537435
2020-09-28,0.0320395503977175,0.0010265327896878,0.0003372174218553,0.0003380595312427051,0.018386395275929023,0.0003585401961125557,0.018935157673295348,0.00045177826113641795,0.02125507612633787,0.00042112953607963507,0.02052144088702436
2020-09-29,-0.0118022327132146,0.0001392926970168,0.0002190025985478,0.0003793679267494156,0.019477369605504117,0.0004189685890966703,0.020468722214556295,0.000434685297128563,0.020849107825721535,0.00040791034716436723,0.020196790516425308
2020-09-30,0.0018896686437288,3.570847583091923e-06,0.0001402980044067,0.00036496341296546304,0.01910401562408969,0.0003905674732503223,0.01976277999802463,0.00043620041254867895,0.020885411476642708,0.0003923934985844132,0.019808924720549907
2020-10-01,0.0363536876857254,0.0013215906083512,0.0002959981233851,0.00034327985904252076,0.018527813120887224,0.00035258677952177206,0.01877729425454509,0.0003847247999644208,0.01961440287045264,0.0003601130151310316,0.018976643937509908
2020-10-05,0.0056009675212462,3.137083717405564e-05,0.0001934907286025,0.0004019785040010453,0.020049401587105917,0.0004410500305410249,0.02100119116957476,0.0003794505074263094,0.019479489403634517,0.0003587206119371325,0.018939921117500265
2020-10-06,0.0213497772743753,0.0004558129896654,9.703716560058992e-05,0.00037974204399142587,0.01948697113436118,0.0004002752077262463,0.020006879010136647,0.0003397630926909112,0.01843266374377049,0.0003301044170838635,0.018168775882922424
2020-10-07,0.0048496183871084,2.3518798500579887e-05,0.0001270949830726,0.0003843063007318662,0.019603731806262455,0.00040325874622722013,0.020081303399610798,0.00032181715527736053,0.017939262952456004,0.0003130990267103827,0.01769460445193344
2020-10-08,0.0098167342266323,9.63682708763356e-05,0.0001000264014197,0.000362659050597989,0.019043609179931965,0.0003657790686603528,0.019125351465015036,0.0002888382475303107,0.01699524190855519,0.00028848248501422475,0.01698477215078921
2020-10-09,0.0278707135395338,0.0007767766732027,0.0003883494846004,0.00034668160381468965,0.01861938784747473,0.0003390557936916482,0.018413467725869787,0.0002648129160556678,0.01627307334389137,0.0002676582070112716,0.016360263048351992
2020-10-12,-0.0056350328592869,3.1753595325243704e-05,0.0002574593413025,0.0003724873079779735,0.019299930258370714,0.00037836515702848817,0.019451610653837593,0.0002609340935065773,0.0161534545378559,0.0002631593296776346,0.016222186340861536
2020-10-13,-0.0093466276951072,8.735944927094666e-05,7.645698978966565e-05,0.00035204328521880963,0.018762816558790144,0.0003443010923224141,0.01855535212067974,0.00025131492046982925,0.015852915204145553,0.0002467664165548009,0.015708800608410588
2020-10-14,0.0161488478701567,0.0002607852875334,0.0004299749431896,0.00033616225506193775,0.018334728115299057,0.0003190283582964167,0.017861364961738412,0.0002565084129458576,0.016015880024084148,0.00023915843057726964,0.015464747995918642
2020-10-15,-0.0341801086829015,0.0011682798295749,0.000812989401536,0.00033163963701022934,0.01821097572921971,0.00031255227021047125,0.01767914789265793,0.00024212469317918766,0.015560356460543816,0.00022632378556651948,0.015044061471774152
2020-10-16,0.0197771779601146,0.000391136768066,0.0001629127811107,0.00038183804856411314,0.019540676768323894,0.00039104134856065924,0.01977476544894172,0.0003623994701911609,0.019036792539478938,0.00036225275659700925,0.019032938727296143
2020-10-19,0.0306928151122194,0.0009420488995128,0.0002000540637908,0.0003823959717342289,0.0195549475001655,0.00038900195340777806,0.019723132444106794,0.00034027382021371735,0.0184465124132915,0.000340940570253247,0.018464576091891387
2020-10-20,0.0018547018698719,3.4399190261066263e-06,8.461691986594229e-05,0.0004159751474009482,0.020395468795812177,0.00043834082723467855,0.02093659063063226,0.0003325406767409426,0.018235697868218333,0.00033325319094193315,0.018255223661788784
2020-10-21,0.0132083902998536,0.0001744615743132,0.0003157773130645,0.00039122303369845766,0.01977935877874856,0.00039526066592644076,0.019881163595887458,0.00029516158623332306,0.017180267350461197,0.0003063705506916678,0.0175034439665932
2020-10-22,-0.0061442640230838,3.77519803853631e-05,0.0001171189478898,0.0003782173461353462,0.01944781083143669,0.000372650168011969,0.019304148984401488,0.0002737097667346327,0.01654417621807241,0.00028556823119822825,0.016898764191449867
2020-10-23,-0.0002389454530814,5.7094929548323135e-08,9.72404709081131e-05,0.00035778942419034714,0.018915322471222823,0.0003397517304462688,0.018432355531680395,0.0002647730430784771,0.016271848176481894,0.0002679151399265506,0.01636811351153671
2020-10-26,-0.0165943776071494,0.0002753733681686,0.0003095314547641,0.00033632548443469917,0.018339178946580437,0.00030685601589325204,0.01751730618255136,0.00023546525502019322,0.015344877158849895,0.00024693364994247415,0.01571412262719348
2020-10-27,0.0284204505944575,0.0008077220119919,0.0004763628971389,0.0003326683574587369,0.018239198377635376,0.00030303088036363353,0.01740778217819931,0.00027050911341931533,0.01644716125716883,0.0002639523205010355,0.016246609507864572
2020-10-28,-0.0219183652721083,0.0004804147362015,0.0003159998524544,0.0003611715767307327,0.019004514640756618,0.00034905025456741863,0.018682886676512776,0.0002666814535730607,0.016330384366972525,0.0002604478601246338,0.016138397074202684
2020-10-29,-0.0058148588193871,3.381258308940425e-05,0.0001662942846656,0.00036832616629898254,0.01919182550720443,0.00035977332699909834,0.018967691662379434,0.00032512303552304026,0.018031168445861744,0.00030310605013664303,0.017409941129614512
2020-10-30,-0.0079637146794696,6.34207514960001e-05,0.0002779241467956,0.0003482553513064078,0.018661600984545987,0.00032788028710334583,0.018107464955187565,0.00030976261228498784,0.017600074212485238,0.0002833351125652454,0.016832561081583677
2020-11-02,0.0406504132746328,0.0016524560993984,0.0006168132185664,0.0003311652753177833,0.01819794700832441,0.0003021330835359265,0.017381975823706767,0.000304697606666102,0.017455589553667387,0.0002692502085073051,0.016408845434926402
2020-11-03,0.031254961377931,0.0009768726107359,0.000254280303173,0.0004104427247626229,0.020259386090467374,0.00042669527803154147,0.020656603739035648,0.00031100125339158494,0.01763522762517073,0.0002831691914650932,0.016827631784214116
2020-11-04,0.0034515978048245,1.191352740626958e-05,0.0003108124083601,0.0004444285179210231,0.021081473333736025,0.00047525419398199376,0.021800325547614966,0.0003065531768577252,0.01750866005317726,0.0002814956383921486,0.016777831754793245
2020-11-05,0.0207937456229216,0.0004323798570307,7.401904190893128e-05,0.0004184776184901378,0.020456725507522894,0.0004290300982711103,0.02071304174357572,0.00027417099072333113,0.016558109515380406,0.00025951906215589913,0.01610959534426297
2020-11-06,0.0182958448162087,0.0003347379375387,0.0002650262029077,0.00041931175280257577,0.020477103135028055,0.0004267754288865237,0.02065854372618079,0.0002624300552074065,0.01619969305904919,0.0002484626865953114,0.015762699216673247
2020-11-09,0.0270624985496123,0.0007323788277477,0.0001336148364425,0.00041423732388674866,0.020352821030185195,0.0004156932250428911,0.020388556227523592,0.0002494602546084556,0.015794310830436874,0.0002363460864765967,0.015373551524504567
2020-11-10,0.0381912899654135,0.0014585746292222,0.0003517683005784,0.0004333258141184098,0.020816479388177288,0.00044271853213124297,0.021040877646411115,0.0002461229326159656,0.015688305600540985,0.00023376541740606678,0.015289389046200204
2020-11-11,0.0083201424257231,6.922476998431894e-05,0.000295951800685,0.000494840743024643,0.022245016139006125,0.000534304976385947,0.023115037884155566,0.00025398696596819274,0.01593696853131714,0.00024681479752077087,0.01571034046482669
2020-11-12,-0.0198241896839084,0.0003929984966235,0.0001650468375071,0.00046930378464222344,0.02166342042804468,0.0004871149317727035,0.02207068036497071,0.00023268189764111673,0.015253914174437876,0.00022922015433670228,0.015140018307013446
2020-11-13,0.0065873988895444,4.339382412997146e-05,0.0003048627689765,0.0004647254673611049,0.02155749213988271,0.00047501770460869983,0.02179490088549842,0.0002816132217127295,0.016781335516362503,0.0002632728638593646,0.016225685312471847
2020-11-17,0.024828243379158,0.0006164416692947,0.0001144975631021,0.0004394455687672368,0.020962957061617923,0.00043174224671316475,0.02077840818525723,0.0002553814234906762,0.01598065779280303,0.0002436277089832405,0.015608578057697648
2020-11-18,0.0192959825057915,0.0003723349408638,0.0002208585154889,0.00045006533479888483,0.021214743335682493,0.00044629187960860045,0.021125621401715037,0.000249362626035318,0.01579121990332976,0.00023792437762463914,0.015424797490555238
2020-11-19,-0.0288769264959572,0.0008338768838529,0.000275520432022,0.00044540151116278045,0.0211045376912829,0.00043662288938314537,0.02089552318998367,0.00023865409899015527,0.015448433544866459,0.00022756712915905243,0.015085328274818961
2020-11-20,0.0114536724606662,0.0001311866128362,0.0002926250652289,0.0004687100335241886,0.021649712088713528,0.00047084516493677546,0.021698966909435468,0.00033055693217318415,0.01818122471598611,0.0003195542442071514,0.017876080224902533
2020-11-23,-0.0072709063105541,5.2866078576855666e-05,0.0001732785575252,0.00044845862828291066,0.021176841791988497,0.0004361670137989595,0.020884611890072544,0.00030319427118347353,0.017412474585292968,0.00029663063469643634,0.017222968231301955
2020-11-24,0.0242705472905605,0.0005890594657833,0.0001596791759743,0.0004247230753005473,0.020608810623142407,0.0003979083563372528,0.019947640370160398,0.000295903182330214,0.017201836597590794,0.00027994825855110226,0.016731654387749654
2020-11-25,-0.0183550559827146,0.0003369080801285,0.0004654400523199,0.00043458325872951453,0.02084666061338157,0.0004135180263578164,0.02033514264414726,0.0002855122069400536,0.0168971064664946,0.00027034771384499347,0.01644225391620606
2020-11-26,0.012029863193198,0.000144717608447,0.0002062018022107,0.0004287227480134589,0.02070562116946649,0.0004040491151172435,0.020100972989316797,0.0003270707768903404,0.018085098199632214,0.0002932932504479462,0.017125806563427784
2020-11-27,0.0020048239480007,4.019319062477323e-06,5.0090551938730475e-05,0.0004116824396394749,0.020289959084223777,0.00037774054112931117,0.019435548387666122,0.0003007176719680758,0.017341213105433996,0.00027305460106965645,0.016524363862783234
2020-12-01,0.0070271259403265,4.9380498981210624e-05,6.824665097719307e-05,0.000387222652404855,0.01967797378809249,0.0003411674148985863,0.018470717768906176,0.000267704555532023,0.01636167948384343,0.00025168150305033513,0.015864472983693315
2020-12-02,-0.0119668581489206,0.0001432056939563,0.0002244665571691,0.00036695212319943625,0.019155994445588992,0.0003127014217420777,0.017683365679136923,0.00024358056250105054,0.0156070677098887,0.00023322176625358292,0.015271599989967749
2020-12-03,-0.0004888845179167,2.3900807185873837e-07,7.741692834008524e-05,0.0003535273374448533,0.018802322660906905,0.00029597991313784125,0.017204066761607305,0.0002594787040828555,0.01610834268579035,0.0002341701142967792,0.015302617890308155
2020-12-04,0.0202910464757457,0.0004117265670808,0.000192480313565,0.0003323300376824736,0.01822992149413907,0.0002677622836091139,0.016363443513182484,0.00023171521165613553,0.015222194705630838,0.0002162940200605478,0.014706937820652802
2020-12-07,0.005281786411576,2.7897267697509803e-05,6.4622720360227e-05,0.00033709382944637753,0.018360115180640277,0.000280762776367093,0.0167559773324952,0.00022363549200198526,0.014954447231575805,0.00020874707883280968,0.014448082185287073
2020-12-08,0.0016652003633265,2.772892250022876e-06,4.535716285358934e-05,0.0003185420357414454,0.017847745956883335,0.0002567341121226252,0.01602292458081936,0.0002032821854515016,0.014257706177765818,0.00019375264385571657,0.013919505876851972
2020-12-09,0.0146792794019945,0.0002154812437618,8.914687028088748e-05,0.00029959588713196,0.017308838410822373,0.00023293101784751768,0.015262077769672047,0.00018245766721351205,0.01350768918851452,0.0001795948785094303,0.013401301373725997
2020-12-10,-0.0065028637808954,4.228723735288162e-05,6.491062810027276e-05,0.0002945490085297516,0.017162430146391027,0.0002314160862705019,0.015212366228516256,0.00017429431338068555,0.013202057164725714,0.0001712391168539708,0.013085836498060444
2020-12-11,0.0030925588341986,9.563920142980405e-06,9.017049794932871e-05,0.0002794133022591394,0.016715660389561023,0.00021397861414119496,0.014628007866459293,0.00017516691569976881,0.013235063872145417,0.00016462082755317844,0.01283046482217922
2020-12-14,0.0045981741263543,2.1143205296274573e-05,1.8741214350523604e-05,0.0002632223393321698,0.016224128307313457,0.0001953591417984875,0.013977093467473396,0.0001588551053900454,0.01260377345837529,0.000153267303896346,0.012380117281203196
2020-12-15,-0.0017855789099807,3.188292043767916e-06,8.167309525994447e-05,0.00024869759129001606,0.015770148740262918,0.00017979775136254636,0.013408868384861803,0.00014553235587790473,0.01206367920154978,0.00014319603523310035,0.011966454580747814
2020-12-16,0.0002394448835314,5.733385224940036e-08,4.541265783350119e-05,0.00023396703333524116,0.015295980953676725,0.00016422606478919087,0.012815071782443939,0.000135263478904113,0.011630282838526027,0.00013401412586957904,0.011576447031346838
2020-12-17,0.0048305912134939,2.3334611471884588e-05,3.452777899140631e-05,0.00021993245136626164,0.014830119735398687,0.00015002182235772778,0.012248339575539526,0.00012171189338741572,0.011032311334775488,0.00012525404082755725,0.011191695172205024
2020-12-18,-0.0043013815642864,1.8501883361583295e-05,8.850209373190421e-05,0.00020813658097259898,0.014426939418067818,0.00013949183869892644,0.01181066631054008,0.00011263131862119475,0.010612790331538391,0.00011778736310892315,0.010852988671740295
2020-12-21,-0.0418268439212355,0.0017494848724114,0.0007979255530678,0.000196758499115938,0.014027063096597877,0.000129634379383122,0.011385709436970627,0.00011188162416686806,0.010577411033275962,0.00011293280819538302,0.010626984906142618
2020-12-22,0.0057377656672136,3.292195485185513e-05,0.0002259376114865,0.0002899220815136655,0.017027098446701527,0.000281576377545505,0.01678023770825387,0.0002584431563217827,0.016076167339318867,0.0003353917807821913,0.018313704725756372
2020-12-23,0.0086491512021392,7.480781651746753e-05,0.0001003965401024,0.0002745020739139569,0.016568104113445115,0.0002579276976285474,0.016060127571988568,0.00023427073305768627,0.015305905169498675,0.00030893882716174874,0.017576655744530833
2020-12-24,0.0172151322754468,0.0002963607792611,0.000113909545794,0.00026252041847016745,0.01620248186143615,0.0002406871075035558,0.015514093834431832,0.00021555365002404924,0.014681745469257027,0.0002857894486782006,0.016905308298821427
2020-12-28,0.0156245056441117,0.0002441251766228,5.8348753195825016e-05,0.0002645508401176252,0.016265018909230485,0.00024585721453904423,0.01567983464641908,0.00020629075212712258,0.014362825353220813,0.0002694506707207811,0.01641495265667194
2020-12-29,0.0141972648460289,0.0002015623291082,4.7214197803671235e-05,0.0002633253003079404,0.01622730107898231,0.0002456258449656349,0.01567245497570929,0.00019657243475915945,0.01402042919311529,0.00025349660412906977,0.015921576684771826
2020-12-30,-0.0006211344979546,3.858080645493708e-07,9.34328137694774e-05,0.0002596195220359613,0.016112713056340364,0.00024146646514173198,0.01553919126408231,0.00018662849993120035,0.013661204190377961,0.00023809716709516523,0.015430397502824262
2020-12-31,-0.0012466761915215,1.5542015265066198e-06,3.8154724477064936e-05,0.00024406549919767654,0.015622595789358327,0.00021906751904055834,0.014800929668117416,0.00016840930264656184,0.01297726098398895,0.00021988169957338273,0.01482840853137594
2021-01-01,-0.0012226494380896,1.494871648460897e-06,1.4169758324462856e-05,0.00022951482133740632,0.015149746576672705,0.00019916230542842828,0.014112487570532286,0.00015413659921714948,0.01241517616536912,0.00020348278046508313,0.014264739060532553
2021-01-04,-0.0004292412515253,1.8424805201102075e-07,0.0001316689823514,0.00021583362435606958,0.014691277151972512,0.0001813712567265221,0.013467414626665435,0.00014141452005273026,0.01189178372039831,0.0001885736140468663,0.01373221082152711
2021-01-05,0.0162013011027122,0.0002624821574207,0.0002540953632067,0.00020289466177782605,0.014244109722191346,0.00016535303601523254,0.012858967144185125,0.00012806144553267603,0.011316423707721271,0.00017485415793381688,0.013223243094408303
2021-01-06,0.002381962423177,5.673744985427669e-06,6.737589904865545e-05,0.0002064699115164011,0.014369060912822421,0.0001753991712282588,0.013243835215988563,0.0001258954698856819,0.011220315052870926,0.00016792766983041965,0.012958690899563106
2021-01-07,0.0049596907806061,2.45985326392299e-05,2.4834294852171975e-05,0.00019442214152454266,0.013943534039996555,0.00016052669696534056,0.012669913060685956,0.00011480622652516406,0.010714766750852025,0.0001561897029421166,0.012497587884952704
2021-01-08,0.0040037016778096,1.602962712489574e-05,3.0387026253881673e-05,0.00018423272499142382,0.013573235612462632,0.00014899544137139263,0.012206368885602,0.00010653485978180832,0.010321572544036511,0.0001459248128103689,0.0120799343048863
2021-01-11,-0.0026621033121992,7.086794044822212e-06,7.152275727330978e-05,0.00017414053911943213,0.013196232004607684,0.00013789636951372857,0.01174292848967959,9.855448930690416e-05,0.009927461372722846,0.0001364156501632409,0.0116797110479344
2021-01-12,0.0105723939673831,0.0001117755142015,0.0001585021463105,0.0001641173144149555,0.01281082801441638,0.0001271487336121663,0.011276024725592184,9.502117752814432e-05,0.009747880668542487,0.0001283638718150121,0.01132977810087259
2021-01-13,0.0072604222669765,5.2713731494809314e-05,9.834043768767131e-05,0.0001609768064021517,0.012687663551740001,0.00012726763640619508,0.0112812958655553,9.199666280115573e-05,0.009591489081532425,0.00012248803781235532,0.011067431400842534
2021-01-14,-0.0016868130732313,2.8453383440240992e-06,2.5995813718993253e-05,0.00015448102190771106,0.012429039460381123,0.00012188903615893194,0.011040336777423592,8.733848366690633e-05,0.009345506067993661,0.00011589674631307327,0.010765535115036005
2021-01-15,-0.008428736820551,7.104360439011234e-05,8.66156160657176e-05,0.00014538288089388984,0.012057482361334386,0.00011245210808935619,0.010604343831155051,8.267780515532874e-05,0.009092733645902575,0.00010916282475765884,0.010448101490589515
2021-01-18,-0.0135830941926267,0.0001845004478457,0.0002195425545767,0.00014092252430366318,0.011871079323450887,0.00011035341497526645,0.01050492336836716,9.357130386243648e-05,0.009673226135185535,0.000111982200062101,0.010582164242823914
2021-01-19,0.0190893521587282,0.0003644033658399,0.0001259321233406,0.00014353719971618955,0.011980701136251984,0.00011901451033457833,0.010909377174457684,0.00011831863364259952,0.010877436905935126,0.0001294142646161689,0.011376039056550786
2021-01-20,0.0036586678842612,1.338585068732448e-05,2.7707555997951073e-05,0.00015678916968361466,0.012521548214322966,0.00014346019348316795,0.011977486943560737,0.00011886461327785591,0.010902504908407789,0.0001287978847190181,0.011348915574583243
2021-01-21,-0.0110242356225221,0.0001215337710608,0.0002520055347258,0.0001481849705438372,0.012173124929279138,0.0001327050440204804,0.011519767533265609,0.0001093558466543524,0.010457334586516414,0.00012079668711662876,0.010990754619980775
2021-01-22,-0.0321916280763926,0.0010363009182087,0.0003690128095004,0.00014658589857486008,0.012107266354336971,0.00013313847601947458,0.011538564729613237,0.00012682621942410792,0.01126171476392951,0.00012917113519226775,0.011365348001370998
2021-01-25,0.0009989089123363,9.978190151449786e-07,0.0001715949251847,0.00019996879975289582,0.014141032485391433,0.00021847666955952084,0.014780956314106366,0.00022518256644379092,0.015006084314163736,0.0002566742299474863,0.016021055831233044
2021-01-27,-0.0297290811058862,0.0008838182634003,0.0004805188365772,0.00018803054090863074,0.013712422867919103,0.00019858270546192316,0.01409193760495423,0.0002010589759196892,0.01417952664653123,0.00023673291508842915,0.015386127358384539
2021-01-28,0.002432238550476,5.915784366421995e-06,0.0002405631787138,0.0002297778042581345,0.015158423541322973,0.00026279136732039314,0.016210841042968535,0.0002950018504385575,0.01717561790558225,0.00033442855810643444,0.018287387951985774
2021-01-29,0.0068019550017087,4.626659184527104e-05,0.0002816655482732,0.00021634608306463172,0.014708707729254523,0.00023863511387837484,0.015447819065433632,0.000263144266513232,0.016221722057575515,0.0003074910698552277,0.01753542328702754
2021-02-01,0.0793305742041911,0.0062933400035666,0.0020153784247184,0.00020614131359147,0.014357622142662412,0.0002207984463327856,0.014859288217569024,0.00023936586960625746,0.015471453377309367,0.00028386886272730117,0.01684840831435721
2021-02-02,0.0350065167976463,0.0012254562183038,0.0003543757734569,0.0005713732349899824,0.023903414714010682,0.0007850029288570331,0.028017903719890127,0.0002920082575132922,0.01708824910613408,0.00039483345856473526,0.01987041666812086
2021-02-03,0.0142137268286253,0.0002020300303587,0.0002439480138058,0.000610618213988817,0.024710690277465277,0.0008184912373484451,0.0286092858587635,0.0002931816383258364,0.0171225476587404,0.0003882325067402051,0.01970361659036749
2021-02-04,0.0167285887527119,0.0002798456816573,0.0004101193018828,0.0005861029229710148,0.02420956263485598,0.0007533717634831152,0.027447618539376332,0.0002729458891328903,0.016521074091380688,0.00036053907072331734,0.01898786640787525
2021-02-05,0.0087240541406463,7.610912064892904e-05,0.0003173745080228,0.0005677274884921954,0.02382703272529325,0.0007024132003080249,0.026503079072213945,0.0002573759398690246,0.0160429404994541,0.00033702415292172493,0.018358217585640633
2021-02-08,0.009189256770241,8.444243998942128e-05,9.73457145583687e-05,0.0005382303864215994,0.023199792809885163,0.0006379609006213074,0.025257887889158653,0.00023603900861140156,0.01536356106543667,0.00031133764363494923,0.017644762498683547
2021-02-09,0.0020225508769135,4.0907120497036706e-06,0.0001959025903282,0.0005110031096356686,0.02260537789190149,0.0005811459075842955,0.024106968029685847,0.0002175913311165433,0.014750977293608154,0.00028817344945103533,0.01697567228274142
2021-02-10,-0.0076113734384154,5.7933005619016614e-05,0.0001794163802226,0.00048058836578051064,0.0219223257383999,0.0005229190962631912,0.022867424346943648,0.0001952706023359637,0.013973925802578304,0.000265421230597462,0.01629175345374039
2021-02-11,-0.0008667162309195,7.511970249393253e-07,5.3559581151743855e-05,0.0004552290441708209,0.021336097210380836,0.0004758928931227862,0.02181496947334069,0.00019822640376982538,0.014079289888692021,0.0002522529517498252,0.01588247309929487
2021-02-12,0.0099302829590381,9.86105196465644e-05,0.0001077960159118,0.00042796037334206794,0.020687203130004498,0.0004285641805352491,0.020701791722825567,0.0001793358270265068,0.013391632724448009,0.0002327926852071821,0.01525754518941963
2021-02-15,0.032621496535199,0.001064162036196,0.0002887595866073,0.0004081993821203376,0.020203944716820466,0.00039536324755998274,0.01988374329848338,0.00016774938387999457,0.012951810061917778,0.00021710146256464897,0.014734363324034364
2021-02-16,-0.0055870328767775,3.1214936366193326e-05,0.0002328216331299,0.0004475571413648774,0.021155546349949872,0.0004553648959821644,0.02133928058726827,0.000175407156169137,0.013244136671340152,0.00022331155141998803,0.014943612395267352
2021-02-17,-0.0050656248746781,2.5660555370958452e-05,8.45428242659133e-05,0.00042257660906495627,0.020556668238431934,0.0004130512279249439,0.020323661774516517,0.0001733234339509107,0.013165235810683783,0.00021048688842320305,0.014508166266734162
2021-02-18,-0.0088152440795906,7.770852818275797e-05,0.0001468586597493,0.0003987616458433163,0.019969017147654422,0.0003747276612502226,0.01935788369761071,0.00016980359535268298,0.013030870859335648,0.00019810537605308406,0.014074991156412286
2021-02-19,-0.020583736545771,0.0004236902101857,0.000317494831586,0.00037949845878368273,0.01948072018134039,0.00034531860609183097,0.018582750229495928,0.00017837825789591925,0.013355832355039473,0.0001936761632511267,0.013916758360017848
2021-02-22,-0.0164395037091348,0.0002702572822026,0.0003025260883682,0.0003821499638678043,0.019548656318729537,0.0003511712666499551,0.018739564206511183,0.00022991812453878094,0.015163051293812237,0.00023499729592622227,0.015329621519340334
2021-02-23,-0.003985779140178,1.5886435354278716e-05,0.0001435787351526,0.0003754364029678954,0.019376181330899425,0.0003421519590207793,0.018497350054015285,0.00026444039212123984,0.016261623292932344,0.00025243544271666944,0.015888217103145006
2021-02-24,0.037320675531402,0.0013928328221201,0.0006387927487931,0.00035386340491107835,0.018811257398458996,0.000310470658074397,0.01762017758350911,0.0002484181790352558,0.015761287353362217,0.00023494220198521035,0.01532782443744742
2021-02-25,0.0026491717492755,7.018110957159595e-06,0.0001446462032097,0.000416201569943625,0.020401018845724962,0.00041003477930870664,0.0202493155269186,0.0002552527445570487,0.015976631201759923,0.0002464904806824578,0.015700015308351065
2021-02-26,-0.0489329744819815,0.0023944359916542,0.000448649933822,0.00039165056240443705,0.019790163273819574,0.0003703011771430686,0.019243211196239274,0.00022871610402011756,0.015123362854210618,0.00022760675521977535,0.015086641615010788
2021-03-01,0.0140488206395772,0.000197369361363,0.0001033899751701,0.0005118176881594261,0.022623388078699132,0.0005565090866609324,0.02359044481693663,0.0004387684067039703,0.020946799438195093,0.0005241239666341729,0.022893753878168888
2021-03-02,0.0034985379833509,1.2239768020949353e-05,0.000159811396531,0.0004929507885516411,0.022202495097435358,0.000518854858332665,0.022778385771003728,0.0004010966758969428,0.020027398130984034,0.0004839222929601178,0.02199823386001971
2021-03-03,0.026422502691532,0.000698148648484,0.0002176380455066,0.00046410812731979953,0.02154316892473806,0.0004680180936954478,0.02163372583942599,0.0003562336187128846,0.018874152132291523,0.00044346728439894115,0.021058662929990146
2021-03-04,-0.0156730141913945,0.0002456433738436,0.0001776677322732,0.00047815055858965255,0.021866654032788202,0.0004862925829709722,0.022052042603146135,0.0003421680843287596,0.01849778593045015,0.0004212469330241139,0.020524301036189123
2021-03-05,-0.0161722573795599,0.0002615419087507,0.0001516175157854,0.00046420012750489256,0.02154530407083856,0.00046059862124892773,0.02146156148207599,0.00036893202316586244,0.019207603264485198,0.0004184509898802805,0.02045607464496257
2021-03-08,0.0013503401836934,1.8234186116971696e-06,0.0001556315274131,0.0004520406343796428,0.02126124724421507,0.0004391172047561092,0.020955123592002724,0.00039666531234457055,0.019916458328341678,0.00041799410040899154,0.020444904020537526
2021-03-09,0.0165841837477964,0.0002750351505806,7.985480762240459e-05,0.00042502760143356606,0.020616197550313832,0.00039580425004157813,0.019894829731404544,0.0003500547777986104,0.018709750874840916,0.00038333875893621893,0.019579038764357636
2021-03-10,0.0020236551097478,4.0951800032085045e-06,4.744327978878742e-05,0.0004160280543823925,0.020396765782407577,0.0003824757490669689,0.01955698721856127,0.00032582837300371956,0.018050716689475783,0.0003576398253399625,0.018911367622146277
2021-03-12,-0.0123653537632786,0.000152901973691,0.0004813805490044,0.0003913120819196414,0.01978160968980132,0.00034540542296275945,0.018585086035925673,0.00028951277310901633,0.017015074878148975,0.00032854411888624704,0.01812578602119773
2021-03-15,-0.0088880316703775,7.899710697363418e-05,0.0003654458079067,0.0003770074754259246,0.01941668034000469,0.00032610177341912836,0.018058288219516497,0.00030439289975060216,0.01744685930907343,0.00032205858616010663,0.01794599081020902
2021-03-16,-0.0108006507699316,0.000116654057054,0.0001278874768994,0.0003591268533187871,0.01895064255688411,0.0003019904773564176,0.01737787321154167,0.00030360774967190936,0.017424343593717077,0.0003064790084679502,0.017506541876337264
2021-03-17,-0.0166690331053977,0.0002778566646688,0.0002854175830225,0.0003445784855429013,0.01856282536530744,0.00028394381154381684,0.016850632378157707,0.00031089670666912205,0.01763226323161953,0.0002972576231578504,0.017241160725364472
2021-03-18,-0.0109406658517309,0.0001196981692792,0.0004171807052545,0.0003405751762904579,0.018454678980964635,0.0002827891745634029,0.01681633653812277,0.0003438071592826723,0.018542037624885575,0.000310006243324522,0.017606994159268696
2021-03-19,0.008962353073003,8.032377260516697e-05,0.0003111502416551,0.00032732255586978424,0.01809205781191803,0.00026706992008069364,0.016342274018039647,0.0003486724539385191,0.01867277306504096,0.0003008617300389135,0.01734536624112946
2021-03-22,-0.0164734961849236,0.0002713760765546,0.0001825810089228,0.00031250262887390714,0.017677743885289976,0.00024936803486628247,0.015791391163107907,0.00031650242814335787,0.017790515117425854,0.0002785668728707372,0.01669032273117381
2021-03-23,0.0171406059396128,0.000293800371977,0.0001700562630925,0.0003100350357347543,0.017607811781557476,0.00025129349017629873,0.015852239279556018,0.0003482662761168714,0.01866189369053611,0.00029217293463401785,0.017093066858642363
2021-03-24,-0.0264146402026337,0.0006977332170345,0.0001882275029091,0.00030906095590929443,0.0175801295760098,0.0002550963651258381,0.015971736446793696,0.0003248429569969169,0.018023400261796243,0.00027519694751479456,0.016589061079964548
2021-03-25,-0.0086516830749401,7.485162002920593e-05,0.0004271120900721,0.00033238129157681236,0.018231327202834477,0.00029600597227755063,0.017204824099000565,0.0004061516162918574,0.02015320362353979,0.00034499098174386046,0.018573932856125557
2021-03-26,0.0094007888188494,8.837483041660419e-05,6.393989775642832e-05,0.0003169295112839559,0.01780251418434924,0.00027471455490209233,0.016574515223743116,0.0003950836119115548,0.01987671028896771,0.0003267739207667204,0.018076889134104917
2021-03-30,0.0165764667554815,0.0002747792500955,5.7437474106078086e-05,0.0003032162304319148,0.017413105134694237,0.00025694627550696916,0.016029543833402406,0.000357546011439393,0.01890888710208491,0.00030228346656685864,0.017386301118031362
2021-03-31,-0.0170057821927639,0.0002891966279877,0.0001243448491929,0.0003015100116117349,0.01736404364230103,0.00025838077565873885,0.01607422706256008,0.00033245411790778357,0.018233324378943726,0.00028398097585234996,0.016851735099162636
2021-04-01,0.0165008071747204,0.0002722766374173,0.0001753664554801,0.00030077120859429437,0.01734275666075882,0.0002610014047603945,0.016155537897587766,0.00036602826307057434,0.01913186512263178,0.0002994282680819048,0.017303995725898247
2021-04-05,-0.0354471828336136,0.0012565027708396,0.0006191013245436,0.000299061534323675,0.017293395685164754,0.0002617716725827361,0.016179359461447666,0.00033987693018135487,0.018435751413526786,0.00028133345844950436,0.016772997896902758
2021-04-06,-0.0054464560143469,2.9663883116215955e-05,0.0001513353788039,0.00035650800851463237,0.018881419663643737,0.00035386122252876036,0.018811199391021306,0.00047329443278812817,0.02175533113487653,0.0004238019004218221,0.020586449436991852
2021-04-07,0.0149592152442583,0.000223778120724,0.0003728054109985,0.00033689736099072734,0.018354763986244207,0.0003222124794104022,0.01795027797585325,0.00043981999626374,0.020971885853774335,0.00039246542239273444,0.019810740076855647
2021-04-08,-0.0063353488462448,4.013664500361637e-05,0.0001200120904839,0.00033011020657472667,0.018168935207510832,0.00031196060564639037,0.017662406564406517,0.0004031000536606638,0.020077351759150503,0.00036484647243569207,0.01910095475194086
2021-04-09,-0.0102651273934135,0.000105372840403,0.0001395364992863,0.00031271179288046,0.01768365892230621,0.00028574635804458554,0.016904033780272255,0.0003817130394044891,0.019537477815841253,0.0003402663362069084,0.018446309555217498
2021-04-12,-0.0523854474842984,0.0027442351081301,0.0005170678361298,0.00030027145573181287,0.017328342555819148,0.0002683818594217048,0.01638236428058248,0.0003803834365942275,0.01950342115102444,0.00032648096881891076,0.018068784375793262
2021-04-13,0.0313178697627184,0.0009808089664745,0.0004975891809553,0.00044690927487571534,0.021140228827420844,0.0004979274980906553,0.022314289101171367,0.0006336055999090078,0.025171523591332484,0.0006598153160742869,0.025686870499815405
2021-04-15,0.0106834545242637,0.000114136200572,0.0002174235313477,0.00047894325637164794,0.02188477224856699,0.0005392665620900158,0.02322211364389589,0.0005955771108274453,0.024404448586834437,0.0006238303568369567,0.024976596181965162
2021-04-16,-0.0042252950453627,1.785311822036706e-05,5.9709173395508306e-05,0.00045705483302366966,0.021378840778294543,0.0004957189184124476,0.022264746089107945,0.0005332492988593609,0.023092191296179773,0.0005727591882966537,0.02393238785196023
2021-04-19,-0.0243436762326014,0.0005926145725177,0.0003059898870435,0.00043070273013547144,0.020753378764323448,0.00044786715365474416,0.021162872055908295,0.0004864528495498008,0.02205567612996257,0.000526272146973793,0.02294062220110416
2021-04-20,-0.0030712040475341,9.43229430158999e-06,0.0002600127635925,0.0004404174406784065,0.020986124956227783,0.00045848693966131374,0.0214123081348395,0.0005534146162186942,0.023524766018362314,0.0005593609987351771,0.023650813912742562
2021-04-22,0.0213028860595093,0.0004538129544644,0.0006067092914361,0.00041455833189579745,0.02036070558442898,0.0004138179396840659,0.02034251556922265,0.0004982109714849884,0.022320640033049868,0.0005129937931953147,0.022649366286837138
2021-04-23,-0.0018990517863361,3.6063976871866887e-06,0.000212672185317,0.00041691360924991575,0.02041846246047718,0.0004151735985241852,0.020375809150170825,0.0004622848327465841,0.021500810048614077,0.0004792447763048596,0.021891659971433403
2021-04-26,0.0172776859440297,0.0002985184315805,7.247076022307589e-05,0.000392115176556152,0.01980189830688341,0.0003745759389169183,0.01935396442377939,0.00041355777379738294,0.02033611992975511,0.00043943011616881896,0.020962588489230497
2021-04-27,0.014157909785423,0.0002004464094921,0.0001463083095303,0.00038649937185761415,0.01965958727587164,0.000365688809401147,0.019122991643598732,0.00038273239203695265,0.019563547532003307,0.00040910680452813894,0.020226388815805428
2021-04-28,0.0297187188933876,0.0008832022526641,0.0002856913826698,0.00037533619411568786,0.019373595281095553,0.0003486404836147031,0.018671916977501347,0.0003520199772830715,0.018762195428122783,0.00037947358316239063,0.01948008170317544
2021-04-29,-0.0002461805961998,6.06048859452936e-08,0.0003048074367193,0.00040580815762859823,0.020144680628607598,0.000396812523959263,0.019920153713243856,0.0003420804689984897,0.01849541751349479,0.0003670199467505101,0.019157764659544968
2021-04-30,-0.0280545960430824,0.0007870603591405,0.0002069443252134,0.000381463304464039,0.019531085593587443,0.0003578408219006205,0.01891668104876277,0.00030250137845520304,0.017392566758681796,0.0003369887901442439,0.018357254428270145
2021-05-03,-0.0096877528765336,9.385255579678514e-05,0.0001512165168309,0.00040579912774462877,0.020144456501594396,0.0003961048038345063,0.01990238186334757,0.00039229198360604656,0.01980636220021351,0.0004128476774815506,0.020318653436720423
2021-05-04,-0.006036857389151,3.6443647136947514e-05,0.0002282826139831,0.0003870823334277581,0.019674408083288252,0.00036591856458011504,0.019128998002512183,0.00038734766475151064,0.019681149985494004,0.00039092437406493675,0.0197718075568456
2021-05-05,0.0157825205895387,0.0002490879561592,0.0002155352890272,0.0003660440122503094,0.019132276713718872,0.0003336154649029004,0.01826514344052355,0.0003663319423744132,0.01913979995648892,0.0003634788160858072,0.01906512040575163
2021-05-06,0.0013443400553884,1.8072501845217037e-06,5.173485738473364e-05,0.00035902664888484356,0.018947998545620685,0.0003244997326464195,0.01801387611388564,0.0003393560312220227,0.018421618583121916,0.0003390434215280177,0.01841313176860519
2021-05-07,0.0023337125286275,5.4462141662730355e-06,7.873706027791827e-05,0.0003375934849628242,0.018373717233124715,0.0002933907093722946,0.01712865170911869,0.0003005487431471578,0.01733634168869424,0.0003115974142740134,0.017652122089822895
2021-05-10,0.0072039213807949,5.1896483260674925e-05,2.3811207944113053e-05,0.00031766464871503113,0.01782314923673791,0.0002659323733102762,0.01630743306931769,0.00026787231166641474,0.01636680517591673,0.000286734883176499,0.01693324786260743
2021-05-11,-0.0081860673445748,6.701169856991402e-05,9.820949362452389e-05,0.00030171855878776966,0.017370047748574834,0.0002457116902993657,0.015675193469280233,0.00024389107170000855,0.015617012252668835,0.00026512745119636736,0.01628273475790745
2021-05-12,-0.012855919141678,0.0001652746569773,5.322223892502086e-05,0.0002876361471746983,0.016959839243775227,0.00022904796785549428,0.01513433076999093,0.00024524286910273884,0.015660232089683052,0.00025317589319572237,0.015911501915146866
2021-05-14,-0.0087509464023442,7.65790629367015e-05,8.854117112202301e-05,0.00028029445776285816,0.01674199682722638,0.00022328404293401878,0.014942691957409106,0.00026459834812117447,0.016266479278601576,0.00025519451039366834,0.01597480861837375
2021-05-17,0.0393078248555681,0.001545105094876,0.00047017311533,0.00026807153407328873,0.016372890217468898,0.00020989708955107363,0.014487825563247013,0.00026648745919407164,0.016324443610551374,0.00024540395678595607,0.01566537445406129
2021-05-18,0.0137472808368937,0.0001889877304084,5.32634799496439e-05,0.00034469354772145253,0.01856592437023949,0.000334312072732439,0.018284202819167126,0.0002740986470972383,0.01655592483364304,0.0002592248509371275,0.01610046120262173
2021-05-19,-0.0070169344469133,4.9237369032278575e-05,3.894447816277142e-05,0.00033535119868267086,0.018312596721455722,0.000319540882317775,0.017875706484437894,0.000255540947859538,0.015985648183903522,0.00024303575281150316,0.015589603997905243
2021-05-20,-0.0104641332721728,0.0001094980851377,0.000100378071197,0.00031818436890364727,0.0178377231984255,0.0002933645724090056,0.01712788873180246,0.00025155925365740297,0.015860619586176416,0.00023077199948232994,0.015191181635486094
2021-05-21,0.0374585939309988,0.0014031462592874,0.0003988020005719,0.0003056631918776961,0.017483226014603143,0.0002755719178721899,0.016600358968172642,0.00026107194419522605,0.016157720884927614,0.00022752619023735089,0.015083971301926787
2021-05-24,0.0096823391257632,9.374769094628515e-05,0.0001403166842219,0.000371512175922282,0.01927465112323131,0.00037981011999733104,0.019488717761754648,0.00026715671908106276,0.016344929460877546,0.00023997032098473827,0.015490975469115502
2021-05-25,-0.008091373613662,6.54703269558662e-05,0.0001527372715955,0.00035484630682372216,0.01883736464646056,0.000351349337401718,0.01874431480213982,0.0002455566647547733,0.015670247756649328,0.00022352056014116197,0.01495060400589762
2021-05-26,0.0006402507234514,4.099209888800555e-07,5.6863971396306133e-05,0.0003374837480316508,0.018370730742995795,0.00032329328807895034,0.01798035839684377,0.0002464239858676822,0.01569789749831748,0.00021516647232638583,0.014668553859409107
2021-05-27,0.0117759123224425,0.0001386721110258,0.0001416420042258,0.00031725931840908455,0.01781177471250646,0.00029218297257068885,0.017093360482090373,0.00021926272915109206,0.01480752272161323,0.0001990031311735807,0.014106846960734377
2021-05-28,0.0013211101714671,1.7453320851539242e-06,6.14250824585457e-05,0.00030654408596609065,0.01750840043996283,0.0002772254246362026,0.016650087826681353,0.00020492243327745397,0.014315112059549306,0.00018724678071018022,0.013683814552608501
2021-05-31,0.010901768491899,0.0001188485562509,0.0001241834851861,0.0002882561607332344,0.0169781082789937,0.0002511448173974978,0.01584754925524757,0.0001836203432022258,0.013550658404750147,0.00017366133971642047,0.013178062821083397
2021-06-01,-0.0053468157196446,2.858843833983958e-05,6.403095125257502e-05,0.00027809170446429804,0.016676081807915733,0.00023871642005031624,0.015450450480497849,0.00017234372014948013,0.013127974716211185,0.00016379893685128564,0.012798395870236458
2021-06-02,0.0010338203329785,1.0687844808799775e-06,3.467349721657897e-05,0.0002631215084968305,0.016221020575069574,0.00021922939201507064,0.014806396996402287,0.00016976984654648822,0.013029575839085792,0.0001560646508299823,0.012492583833218102
2021-06-03,0.0077510562762263,6.007887339722786e-05,2.7521554781630232e-05,0.00024739834505587343,0.01572890158453137,0.00019926186198688652,0.014116014380372617,0.0001525956907872082,0.012352962834365211,0.00014531238091534365,0.012054558511838733
2021-06-04,-0.0100747551256717,0.0001015006908422,0.0001153572486453,0.00023615917675635464,0.015367471384595276,0.0001869006832506919,0.01367116246888654,0.00014220870401911062,0.011925129098634975,0.0001367929302508581,0.011695850984467017
2021-06-07,0.004297769386315,1.847082169794726e-05,1.233893080724448e-05,0.00022807966760150824,0.015102306698034848,0.0001797025121887624,0.01340531656428756,0.0001560643738897198,0.012492572749026511,0.00014108099818998073,0.011877752236428436
2021-06-08,-0.0101618125796139,0.0001032624349032,6.897414498987747e-05,0.00021550313684729454,0.014680025096957244,0.00016556019740796338,0.012867019756259155,0.00014284426525710333,0.01195174737254362,0.00013206591669849397,0.011491993591126562
2021-06-09,-0.0081506018650693,6.643231076287219e-05,0.0001704220682494,0.00020876869473064881,0.01444883022014754,0.00016079814727453981,0.01268062093410807,0.00015694879197843733,0.012527920496971448,0.00013701655148265853,0.011705406933663542
2021-06-10,0.0094578464986546,8.945086039211317e-05,5.491472861728829e-05,0.00020022851169258215,0.014150212425705211,0.0001531229279185389,0.012374284945746923,0.0001641307273843832,0.012811351504988973,0.00013668798305010844,0.011691363609524273
2021-06-11,-0.0023881323499577,5.7031761209145225e-06,5.993702243663553e-05,0.000193581852614554,0.013913369563644674,0.00014840267493986564,0.012182063656863137,0.00015377826146114766,0.012400736327377808,0.00012957874866380888,0.011383266168539189
2021-06-14,-0.0027657378863229,7.64930605584227e-06,0.0001155472577771,0.00018230913202493563,0.01350218989738093,0.00013640774793487726,0.011679372754342473,0.00014428465605216607,0.012011854813148804,0.00012196996455695479,0.011044001292871836
2021-06-15,0.0084660039803962,7.167322339608532e-05,4.6677396945588555e-05,0.00017182954246679,0.013108376805187972,0.0001258708713191885,0.011219218837298277,0.0001367760538511094,0.011695129492703765,0.00011531107338820099,0.010738299371325097
2021-06-16,-0.0069536105449491,4.83526996108277e-05,6.280387001451497e-05,0.00016582016332254766,0.012877117818927792,0.00012240170567966524,0.01106353043470597,0.00012852120873375924,0.011336719487301396,0.00010977708930520997,0.01047745624210428
2021-06-17,-0.0114383830274043,0.0001308366062816,5.401956818781035e-05,0.00015877211549984445,0.012600480764631342,0.00011713627837565781,0.010822951463240414,0.00013377247600730447,0.011566005187933492,0.00010956640133073893,0.010467397065686336
2021-06-18,-0.0013706381542527,1.87864894989352e-06,0.0002359325773564,0.00015709598494675043,0.012533793717256976,0.00012009152218486523,0.01095862775099443,0.0001521171519094674,0.012333578228132637,0.00012018565536688399,0.010962921844421039
2021-06-21,0.0090250844195103,8.145214877928833e-05,0.0002982881740197,0.000147782944786939,0.012156600873062298,0.00011075623579239574,0.010524078857192002,0.00014002049969134186,0.011833025804558268,0.0001129333774682503,0.010627011690416563
2021-06-22,-0.0036284168823315,1.316540907198848e-05,0.0001124625932139,0.00014380309702647991,0.011991792902918226,0.00010980473503428698,0.01047877545490345,0.0001318221678984966,0.011481383535902657,0.00010782382181418889,0.010383825008838934
2021-06-23,-0.0049337795395575,2.434218054495657e-05,5.080316508901414e-05,0.0001359648357492104,0.011660396037408437,0.00010261303043161236,0.010129809002721243,0.0001277762549876809,0.011303815948062889,0.00010317970328987409,0.010157741052511335
2021-06-24,0.0072909658995732,5.315818374874062e-05,3.510153335664093e-05,0.00012926747643695515,0.011369585587740441,9.722510295974264e-05,0.009860279050804933,0.0001275349738387872,0.01129313835206083,0.00010042455648946154,0.010021205341148415
2021-06-25,0.0153198083261031,0.0002346965271485,9.659276142432822e-05,0.00012470091887566219,0.011166956562808963,9.508695905926404e-05,0.009751254230060052,0.00011943189757947365,0.010928490178404044,9.585749622747368e-05,0.009790684155230097
2021-06-28,-0.0001470299158817,2.1617796164184284e-08,3.335681613287511e-05,0.00013130065537203474,0.011458649805803245,0.00011003527250634689,0.0104897698976835,0.00011736517953900481,0.01083352110530112,9.555586575718597e-05,0.009775268065745612
2021-06-29,-0.009923339135994,9.847265960795112e-05,5.2492546210865e-05,0.00012342391311748248,0.011109631547332363,0.00010159840484138864,0.010079603406949534,0.00010612566785852107,0.01030173130393727,9.030935871224188e-05,0.009503123629220124
2021-06-30,-0.0068240988555931,4.6568325190908e-05,6.920975020351885e-05,0.00012192683790691055,0.011042048628171791,0.0001032027365572028,0.010158874768260646,0.00012052251404099234,0.01097827463862115,9.844538105787443e-05,0.009921964576527898
2021-07-01,-0.0025397383962561,6.450271121417741e-06,2.120292528395457e-05,0.00011740532714395034,0.010835373881133514,9.981606903564487e-05,0.009990799219063751,0.00012586061039528005,0.011218761535716857,9.903562253671652e-05,0.0099516643098889
2021-07-02,0.0036232284176565,1.3127784166514298e-05,2.0462957960197124e-05,0.00011074802378259836,0.010523688696583454,9.306443253306262e-05,0.009646990853787653,0.00011954004809298865,0.010933437158231104,9.431391594218705e-05,0.009711535200069402
2021-07-05,0.011485171739891,0.0001319091698947,2.7785504557264993e-05,0.00010489080940563328,0.010241621424639425,8.765188213025516e-05,0.009362258388351348,0.00010993576817089148,0.010485025902251815,8.945628044819683e-05,0.009458133031851309
2021-07-06,0.0103728250215236,0.0001075954989271,0.0001180169900043,0.00010651191103498273,0.01032046079567103,9.384647743360202e-05,0.00968743915767227,0.0001061855274102183,0.01030463620950387,8.756024562633005e-05,0.009357363177002913
2021-07-07,0.0053862320600004,2.9011495804176256e-05,3.853649483374355e-05,0.00010657692630851252,0.010323610139312338,9.712350271605455e-05,0.009855125707775348,0.00010207461648075522,0.010103198329279457,8.532193681973255e-05,0.009236987432043662
2021-07-08,-0.0139969422834356,0.0001959143932858,0.0001311276639678,0.00010192300047825235,0.01009569217430149,9.275376775224433e-05,0.009630875752092555,9.536602953348557e-05,0.0097655532118506,8.162215115449486e-05,0.009034497836321334
2021-07-09,-0.0057473401216622,3.3031918474068146e-05,3.919514191394949e-05,0.00010756248404670685,0.010371233487233178,0.00010434899099258756,0.010215135387873601,0.00012137733274854392,0.011017138137853402,0.00010332261899910517,0.010164773435699645
2021-07-12,0.0036130751143963,1.3054311782269884e-05,3.241324821396419e-05,0.00010309065011234852,0.010153356593380758,9.958318647028679e-05,0.009979137561447221,0.00012375927061024613,0.011124714405783463,0.00010169333644641541,0.010084311401697956
2021-07-13,0.0133905269906962,0.0001793062130885,4.28146105329708e-05,9.768846981254379e-05,0.009883747761479133,9.346964119412913e-05,0.00966796985897914,0.00011368744276315918,0.010662431372025763,9.616026401106706e-05,0.009806133999240836
2021-07-14,-0.0001443335662916,2.0832178358460172e-08,3.877122941755549e-05,0.00010258553440910496,0.01012845172813224,0.00010344629420002744,0.010170855136124368,0.00011082844371744094,0.010527508903698014,9.4656784133975e-05,0.009729171811309275
2021-07-15,0.0066893524787395,4.474743658481877e-05,3.6370012516773485e-05,9.643165227526016e-05,0.009819961928401767,9.571100343429368e-05,0.009783200061037988,0.00010033764765664739,0.010016868156097862,8.949227712863638e-05,0.00946003578897228
2021-07-16,-0.004349623306174,1.8919222905612445e-05,2.5832757581630183e-05,9.333059933383365e-05,0.009660776331839675,9.29530197567109e-05,0.009641214641149263,9.456200270671585e-05,0.009724299599802335,8.574524224536697e-05,0.009259872690559357
2021-07-19,-0.0189922987717555,0.0003607074126356,5.8641923228235326e-05,8.886591674814034e-05,0.009426872055360693,8.809016223069598e-05,0.009385635952384685,9.522046695397871e-05,0.0097580975068903,8.387143196820402e-05,0.009158134742850425
2021-07-20,-0.0191027675466827,0.0003649157279425,8.66869102711858e-05,0.00010517640650138947,0.01025555490948147,0.00011548570119391827,0.01074642736884767,0.00013691708744868378,0.011701157526017834,0.00012696499354177324,0.011267874402112105
2021-07-22,0.0075797227565071,5.7452197065512087e-05,5.547376872114024e-05,0.00012076076578786174,0.010989120337309158,0.00014035474273853542,0.011847140698857906,0.00018134726482023927,0.013466523858080053,0.0001666748653692826,0.012910262017840016
2021-07-23,0.0102450813703082,0.0001049616922842,0.0001394706460728,0.00011696225166452073,0.010814908768201455,0.00013402256040714452,0.011576811322948324,0.00016772566208459513,0.012950894258104154,0.0001561489373725094,0.012495956841014993
2021-07-26,-0.0024205568491377,5.859095459907794e-06,6.502414560990477e-05,0.00011624221810170365,0.010781568443492054,0.0001327767067685791,0.0115228775385569,0.00015759038761334988,0.012553501010210254,0.00014759136206619414,0.012148718535968892
2021-07-27,-0.0043658276748998,1.9060451286921194e-05,6.593783921877955e-05,0.00010961923074319587,0.01046992028351677,0.0001224602439786288,0.01106617567087333,0.00014779462166493657,0.012157081132613065,0.00013835812416837325,0.011762573024996413
2021-07-28,-0.0076316145338393,5.824154039310797e-05,0.0001600836013186,0.00010418570397581938,0.01020713985285885,0.00011446832425134355,0.010698987066603247,0.00014439009959261225,0.012016243156353497,0.00013169828151661059,0.01147598716959071
2021-07-29,0.0045823058708203,2.099752709375504e-05,2.406933084155836e-05,0.00010142905416085665,0.010071199241443724,0.00011096604888345476,0.010534042380940698,0.0001507033939193083,0.012276131064765817,0.00013078185257042846,0.011435989356869325
2021-07-30,-0.0030934233256504,9.569267871678372e-06,2.593841034514186e-05,9.66031625368305e-05,0.009828690784475342,0.00010437801657588022,0.010216556003657994,0.00013828782563481772,0.011759584415905935,0.00012276083893461012,0.011079749046553813
2021-08-02,0.0036265592072117,1.3151931683412028e-05,2.2374286267283352e-05,9.138112885692135e-05,0.009559347721310348,9.743023477780704e-05,0.009870675497543571,0.0001322343143813976,0.011499317996359506,0.00011628136471844905,0.010783383732319326
2021-08-03,0.0142297977522445,0.0002024871440697,0.0001025636454701,8.668737702651078e-05,0.009310605620823535,9.155501950089618e-05,0.009568438718040482,0.00012123502953142875,0.011010677977828103,0.0001094182012511427,0.010460315542618335
2021-08-04,0.0230401861651602,0.0005308501785252,0.0002318645645517,9.363536304910709e-05,0.009676536728040001,0.00010388828170282364,0.01019256011524208,0.00011829552636666672,0.01087637468859301,0.00010719542809907312,0.010353522497153957
2021-08-05,-0.0053797929929169,2.8942172646637853e-05,5.775827298555722e-05,0.00011986825197767505,0.010948436051677658,0.00014540201017154217,0.012058275588637962,0.00012154646008024081,0.01102481111313209,0.00011213649566940198,0.01058945209486317
2021-08-06,-0.0007118613872103,5.067466346010895e-07,4.035907799668456e-05,0.00011441268721781281,0.010696386643059086,0.00013588473569275833,0.011656960825736626,0.0001229391432920377,0.01108779253467694,0.0001091663209451603,0.01044826880134505
2021-08-09,0.0061165915249708,3.741269188334524e-05,8.397079324791454e-05,0.00010757833078282009,0.010371997434574504,0.00012474025171844814,0.011168717550303084,0.00011240361231225585,0.010602056984956072,0.00010274050731536075,0.010136099215939076
2021-08-10,0.0001429970968821,2.0448169716714986e-08,5.033361157354552e-05,0.00010336839244885155,0.010167024758937668,0.0001182098397881234,0.01087243486014625,0.00010509066778714927,0.01025137394631321,9.762817383039852e-05,0.009880697031606551
2021-08-11,-0.0063392247306958,4.018577018626647e-05,0.0001358054759901,9.716751579210346e-05,0.009857358459146317,0.000108902366791012,0.010435629678702287,9.502024323744499e-05,0.009747832745664289,9.219002636241977e-05,0.009601563745683292
2021-08-12,0.0036422561769327,1.3266030058404575e-05,2.4462918451915694e-05,9.374861105575315e-05,0.00968238664048039,0.00010431603127196613,0.010213521981763497,0.00010040355432652677,0.010020157400287022,9.251497335900973e-05,0.009618470427204614
2021-08-13,0.0064432665278236,4.15156835485732e-05,2.4301270540357308e-05,8.891965619591223e-05,0.009429721957508198,9.771815431868503e-05,0.009885249330122383,9.285654167985458e-05,0.009636209922986038,8.782454567445967e-05,0.009371475106644614
2021-08-16,-0.0020715351114119,4.291257717812422e-06,1.4495131364722786e-05,8.60754178370718e-05,0.009277683861668913,9.444631181326395e-05,0.009718349232933748,8.765713223330185e-05,0.009362538770723561,8.416129706707619e-05,0.009173946646186482
2021-08-17,-0.0063103952773179,3.9821088555997086e-05,4.102698964439566e-05,8.116836822991624e-05,0.009009348934851854,8.806599295095578e-05,0.009384348296549728,8.378119763062033e-05,0.009153206958799759,8.05149254602591e-05,0.008973010947294063
2021-08-18,-0.0087634393752287,7.679786968330903e-05,0.0001873878354713,7.868753144948102e-05,0.008870599272286006,8.566462327267587e-05,0.00925551853072943,8.958856043469305e-05,0.009465123371340336,8.185823125472678e-05,0.009047553882388697
2021-08-20,-0.0147518990252117,0.00021761852485,4.223454002613473e-05,7.857415174351068e-05,0.008864206210570165,8.695286351093356e-05,0.009324851929705563,0.00010119692001565937,0.010059667987347264,8.792520701408808e-05,0.00937684419269554
2021-08-23,0.0025811382880051,6.662274861806389e-06,0.0001087631631189,8.691681412990256e-05,0.009322918755942398,0.0001011813953175666,0.010058896327011558,0.00012965748181960145,0.011386723928312368,0.00011189472629283162,0.010578030359799106
2021-08-24,0.0165936923022219,0.0002753506242208,0.0001511380764307,8.210154177381676e-05,0.009060990110016496,9.430405535760017e-05,0.009711027512966904,0.00011826987062577455,0.010875195199433182,0.00010529457304592779,0.010261314391730125
2021-08-25,-0.0035303243967408,1.2463190346223434e-05,4.7710643811458595e-05,9.369648672063688e-05,0.009679694557197395,0.00011311112907470602,0.010635371600217174,0.00011714290137325334,0.010823257428946857,0.00010499297337745477,0.01024660789615055
2021-08-26,0.000879198777764,7.729904908217708e-07,3.981025919040829e-05,8.882248893817205e-05,0.009424568368799287,0.00010550211945097763,0.01027142246482821,0.00011410155996661709,0.010681833174442348,0.00010051532851837255,0.010025733315741674
2021-08-27,0.000287741417197,8.27951231705807e-08,3.879939319924213e-05,8.353951903133103e-05,0.009139995570640668,9.761775717080115e-05,0.009880169895846991,0.00010342828559142146,0.010169969793043706,9.482948260255167e-05,0.00973804305815864
2021-08-30,0.0200032709668795,0.0004001308493744,0.0001269653444732,7.85321155968414e-05,0.008861834775984113,9.050889233635094e-05,0.009513616154562414,9.363127886593115e-05,0.009676325690360529,8.96482297796551e-05,0.00946827491043934
2021-08-31,0.0021149283117989,4.4729217640488515e-06,3.086883045841603e-05,9.782803962349519e-05,0.009890805812647178,0.0001213079679540692,0.011013989647446978,9.636743905559519e-05,0.009816691859052885,9.342060946692673e-05,0.00966543374437623
2021-09-01,0.0041013564807375,1.682112498208813e-05,6.964193169359464e-05,9.222673255192839e-05,0.009603475024798492,0.00011208406434745458,0.010586976166377942,8.838585930335863e-05,0.009401375394236666,8.846107802100713e-05,0.009405374953770165
2021-09-02,0.0070021942036177,4.903072366517746e-05,4.8770059397154013e-05,8.770239609773792e-05,0.009364955744569107,0.00010498912989659461,0.010246420345496011,8.2329100385895e-05,0.009073538471064914,8.421621026084604e-05,0.009176939046373036
2021-09-03,-0.0019064258612002,3.6344595642529816e-06,8.836316695958881e-05,8.538209575178429e-05,0.009240243273409218,0.00010164090568325299,0.010081711446141126,7.841257097304863e-05,0.008855087293361293,8.104177917890092e-05,0.009002320766274712
2021-09-06,-0.0046023470602478,2.1181598462972314e-05,3.642399583167543e-05,8.04772375805324e-05,0.00897091063273581,9.443345159706525e-05,0.009717687564285305,7.501271006561281e-05,0.00866098782273782,7.759419518876937e-05,0.008808756733431192
2021-09-07,-0.0033821623427177,1.1439022112497971e-05,7.751756126755283e-05,7.691949923347875e-05,0.008770376231010775,8.962304337311056e-05,0.009466944775011131,7.743221009099977e-05,0.008799557380402709,7.67612451591694e-05,0.00876134950559384
2021-09-08,0.0081762930418591,6.685176790635371e-05,5.7467017495211094e-05,7.299067060621988e-05,0.008543457766397623,8.442013219153305e-05,0.009188042892342908,7.713306361334501e-05,0.00878254311764793,7.472745433348138e-05,0.00864450428500567
2021-09-09,-0.0023144834602495,5.356833687768547e-06,2.2583771208469777e-05,7.262233644422789e-05,0.008521873998377815,8.491723998160241e-05,0.009215055072087329,7.429230850845889e-05,0.008619298608846249,7.279730699107583e-05,0.008532133788864063
2021-09-13,-0.0057795499083397,3.340319714299023e-05,4.278103903053514e-05,6.858640627884032e-05,0.008281691027733426,7.965061282948255e-05,0.00892471920171624,7.205704840842117e-05,0.00848864231832283,7.03283397601266e-05,0.008386199363247132
2021-09-14,0.0038654199516591,1.4941471402684818e-05,1.376278814632215e-05,6.647541373068926e-05,0.008153245594895891,7.754937867790835e-05,0.008806212504698508,7.713633421097845e-05,0.008782729314454502,7.17607148122413e-05,0.008471169624806324
2021-09-15,0.0065118890296482,4.240469873445357e-05,5.504160427934402e-05,6.338337719100896e-05,0.007961367796491314,7.395743194785018e-05,0.008599850693346378,7.207127956153128e-05,0.008489480523655807,6.900105711569101e-05,0.008306687493561499
2021-09-16,0.0219102678135592,0.0004800598356618,0.0001709797141218,6.212465648361557e-05,0.007881919593830907,7.32983905389147e-05,0.008561447923039344,6.88129545976299e-05,0.008295357412289714,6.707559181352872e-05,0.00818996897512614
2021-09-17,0.0037982126516244,1.442641934696033e-05,0.0001299808402481,8.720076723431195e-05,0.009338135104736488,0.00011335288366167632,0.010646731125640223,7.385765495574442e-05,0.008594047646816046,7.46036647537871e-05,0.008637341301221521
2021-09-20,-0.0177771721694232,0.0003160278503413,0.0001387780532934,8.283430636107082e-05,0.009101335416359008,0.00010590044752390724,0.010290794309668581,6.907808975788098e-05,0.008311322984813007,7.157347401550636e-05,0.00846011075669263
2021-09-21,0.0024240806494395,5.876166994987505e-06,0.0001755341882701,9.682591899988546e-05,0.009840016209330423,0.00012725017782082428,0.011280522054445187,0.00010467684221355233,0.010231170129244863,0.00010993417046591281,0.010484949712130851
2021-09-22,-0.0078512305389159,6.164182097520708e-05,5.140652541818005e-05,9.136893387959155e-05,0.009558709843885394,0.00011752381170716061,0.010840839990847602,9.596976855553336e-05,0.00979641610771681,0.0001034963882761349,0.010173317466595394
2021-09-23,0.0221393677630123,0.0004901516049459,9.676443863584776e-05,8.95853071053284e-05,0.009464951510986646,0.00011401193334128551,0.010677637067314356,0.00010509470313554303,0.010251570764304514,0.00010560097652013348,0.010276233576565564
2021-09-24,0.0015501798686767,2.4030576252505543e-06,4.7000936352837216e-05,0.00011361928497576321,0.010659234727491614,0.00015066808973430122,0.01227469306069611,0.00010852547043299826,0.010417555876163961,0.00010982489174591359,0.010479737198322943
2021-09-27,0.0089722268588505,8.050085480667861e-05,3.709270565182692e-05,0.00010694631133473244,0.010341484967582385,0.00013812545294898342,0.011752678543590965,9.888258438591106e-05,0.009943972263935126,0.0001033234634496406,0.010164814973704174
2021-09-28,-0.0059448382116794,3.534110136304383e-05,0.0002840645201798,0.00010535958394304918,0.010264481669477967,0.00013417110461189533,0.011583225138617282,9.458222858484414e-05,0.009725339510003964,9.907130692233983e-05,0.009953457033731537
2021-09-29,-0.0053376735808127,2.849075925530691e-05,7.765483453699985e-05,0.00010115847498824883,0.010057756956113467,0.00012644403543698998,0.011244733675680806,9.902671588062488e-05,0.009951216804020746,9.813290048426383e-05,0.009906205150523779
2021-09-30,-0.0084583780606715,7.154415941724993e-05,7.175278887135345e-05,9.679841204427225e-05,0.00983861840119192,0.00011890364460937164,0.0109042947781767,0.00010175325767303394,0.010087281976480776,9.638235229054203e-05,0.009817451415237155
2021-10-01,-0.0053369924560869,2.8483488476328903e-05,4.692854043031908e-05,9.528315688665086e-05,0.009761309178929374,0.00011616442222258077,0.010777960021385345,0.00011227811893300836,0.010596136981608361,0.00010043442924545906,0.010021697922281386
2021-10-04,0.0094579309917832,8.945245864533414e-05,2.5447371142305215e-05,9.127517678203151e-05,0.009553804309385424,0.00010971801590397197,0.010474636791028698,0.00011417739625762615,0.010685382363660467,9.847275539190898e-05,0.009923343962188804
2021-10-05,0.0042844475482793,1.8356490793956903e-05,4.545999619208069e-05,9.116581369382961e-05,0.009548079057791134,0.00010962003163409463,0.010469958530676931,0.00010877037736721276,0.0104293037815193,9.485332154301389e-05,0.009739266992079738
2021-10-06,-0.0058316490668892,3.400813083935037e-05,0.0001083705622493,8.679725431983722e-05,0.009316504404541287,0.00010293007165663662,0.01014544585795206,0.00010072192335526513,0.010036031255195707,9.005726983656911e-05,0.009489850885897476
2021-10-07,0.006154835758757,3.788200321727505e-05,1.8881075691112186e-05,8.362990691100796e-05,0.009144938868631542,9.840602270429029e-05,0.00991998098306092,0.00010456366512267758,0.01022563763892881,8.976730900104762e-05,0.009474561150842166
2021-10-08,0.0005839134145276,3.409548756652853e-07,4.66366465874469e-05,8.08850326893839e-05,0.008993610659206007,9.472348422671963e-05,0.009732599047876144,9.805932437465317e-05,0.009902490816691182,8.584962049038958e-05,0.009265507028241336
2021-10-11,0.0136338501342509,0.0001858818694832,0.000139866948815,7.605238802056077e-05,0.00872080202851554,8.794680023699132e-05,0.009377995534067571,8.903822073395491e-05,0.00943600660946965,8.149387005577916e-05,0.009027395530039612
2021-10-12,0.005928470726043,3.514676514954883e-05,5.295253271955633e-05,8.264215690831993e-05,0.00909077317439611,9.912222781609905e-05,0.009956014655277434,8.82680935040348e-05,0.009395110084721455,8.146910205381385e-05,0.00902602360144343
2021-10-13,0.0029615211499713,8.77060752172743e-06,1.8447953461172497e-05,7.979243340279366e-05,0.008932661048242772,9.510941072101045e-05,0.009752405381289811,8.321925829393866e-05,0.009122459004782573,7.825121198185116e-05,0.008845971511476348
2021-10-14,0.0180866466325333,0.0003271267864101,0.0001167376369058,7.553112384992967e-05,0.00869086439026232,8.907445954598734e-05,0.009437926655043859,7.70791180110193e-05,0.008779471397015843,7.476803611288705e-05,0.008646851225323994
2021-10-18,0.008703614309323,7.575290204545281e-05,3.261067029907105e-05,9.06268636035416e-05,0.00951981426308001,0.00011324667826483112,0.010641742257019342,7.96177814529683e-05,0.008922879661464022,7.835166732472797e-05,0.00885164771806515
2021-10-19,-0.0036428418327369,1.327029661833829e-05,8.708017566934937e-05,8.973442591005622e-05,0.009472825656057237,0.00011150070704626656,0.01055938952052942,7.684624452039802e-05,0.008766198977915002,7.62792536100447e-05,0.008733799494495206
2021-10-20,-0.0005641641490761,3.182811871027738e-07,5.3559233155003334e-05,8.514657815255312e-05,0.009227490349632078,0.00010413814157630233,0.010204809727589356,7.713145792131449e-05,0.008782451703329457,7.45294925093611e-05,0.008633046536962551
2021-10-21,0.0128728958176741,0.0001657114467326,0.0001357343666764,8.00568803346261e-05,0.00894745105237386,9.635680002881469e-05,0.009816149959572475,7.12086547459767e-05,0.008438522071190944,7.124196950010615e-05,0.008440495808902824
2021-10-22,0.0073039446166451,5.3347606963019385e-05,4.2422079305026746e-05,8.519615431851001e-05,0.009230176288593302,0.00010476351024788102,0.010235404742748623,7.127622591230621e-05,0.008442524854112437,7.172580604644211e-05,0.008469108928715116
2021-10-25,0.0213155893545658,0.0004543543495324,0.0003716943570487,8.328524147718055e-05,0.009126074812162157,0.00010184020431091754,0.010091590772069463,6.848419679782855e-05,0.008275517917195791,6.978349519855766e-05,0.008353651608641436
2021-10-26,0.0011137327244242,1.2404005814533582e-06,6.183151339792253e-05,0.00010554938796049847,0.010273723179086463,0.0001364681550008529,0.011681958525900222,7.32144458160198e-05,0.008556544034598303,7.651936366031924e-05,0.008747534719011936
2021-10-27,-0.0088646981269627,7.858287288217775e-05,7.629286731028261e-05,9.929084871775576e-05,0.009964479350059178,0.00012532967525776806,0.011195073704883235,6.717937373884249e-05,0.008196302443104602,7.303470762994026e-05,0.008546034614365908
2021-10-28,-0.0339755638858315,0.0011543389413602,0.0005595523928023,9.804837016762098e-05,0.009901937697623682,0.0001225598133798572,0.011070673573900425,7.92178860482378e-05,0.008900443025391365,8.014138684045899e-05,0.008952172185590433
2021-10-29,-0.0100057219875449,0.000100114472492,0.0004291344490844,0.00016142580443917682,0.012705345506485718,0.0002199862504981644,0.014831933471336918,0.00017839928884047753,0.013356619663690268,0.000227592397268924,0.015086165757704108
2021-11-01,0.016434281237424,0.0002700855997907,0.0001273160117304,0.0001577471245223486,0.012559742215600947,0.00020913611703718456,0.01446153923471442,0.00019047667631019385,0.013801328787844808,0.00022340708791799023,0.014946808619835548
2021-11-02,0.0043837591227922,1.921734404666453e-05,6.068838727870507e-05,0.00016448743303845248,0.012825265417855978,0.0002152259638822474,0.014670581579550533,0.00018296687198495425,0.01352652475637975,0.0002122079900198099,0.014567360434197058
2021-11-03,-0.013521594396312,0.0001828335150183,0.0001671633609509,0.00015577122769894514,0.012480834415172134,0.000197370139701829,0.014048848340765481,0.00016670933019380306,0.012911596732929784,0.0001967135061301913,0.0140254592128098
2021-11-04,0.0043468228320825,1.8894868733513744e-05,1.1173984653530352e-05,0.00015739496493811099,0.012545715003064234,0.00019661016030414106,0.014021774506250664,0.00019133836670330289,0.013832511221875184,0.00020618953857142995,0.014359301465302201
2021-11-08,-0.0034285198670181,1.1754748478537936e-05,0.0001285228128558,0.00014908495916583515,0.012210035182825443,0.00018070675649563966,0.01344272132031456,0.00017406887765390798,0.013193516500687298,0.00019123781607116057,0.01382887616804636
2021-11-09,-0.0017625337218766,3.1065251207523142e-06,2.6429379719482156e-05,0.00014084514652459732,0.011867819788174966,0.00016583380536505004,0.012877647508961023,0.0001655293170414137,0.012865819718984628,0.00017879154885826364,0.013371295706036257
2021-11-10,-0.0088160246247207,7.772229018368269e-05,2.8402086838049403e-05,0.0001325808292403666,0.011514374895771224,0.00015174152388801437,0.012318340955177948,0.00015303688580963398,0.012370807807481045,0.00016634838510655388,0.012897611604733407
2021-11-11,-0.0119370242930315,0.0001424925489724,8.237139634446986e-05,0.0001292893168969655,0.011370546024574435,0.00014607918709626778,0.012086322314760093,0.0001625035606229478,0.012747688442339176,0.00016482098459333,0.012838262522371554
2021-11-12,0.0044804422712802,2.0074362946275124e-05,3.0444416046602445e-05,0.000130081510821493,0.011405328176843182,0.00014703478912908127,0.012125790247611958,0.00018175715196681844,0.013481734011870226,0.00017192213831638374,0.01311190826372667
2021-11-15,-0.0008006735932562,6.410782029378969e-07,6.225163810726222e-05,0.00012348108194897988,0.011112204189492735,0.0001365201231262068,0.011684182604110858,0.00016571454398420582,0.012873016118385226,0.0001601246755354729,0.012654037914257761
2021-11-16,-0.0102650814822176,0.0001053718978365,6.429490388462159e-05,0.00011611068172421734,0.010775466659231856,0.00012532045260879558,0.011194661790728453,0.00015050430953924575,0.012268019788834943,0.00014906301496529949,0.012209136536434486
2021-11-17,-0.0069562728820457,4.838973240948536e-05,5.573727000115043e-05,0.00011546635469095831,0.010745527194649796,0.00012503936685373488,0.01118210028812722,0.0001646563857118464,0.012831850439895503,0.00015273797151074152,0.012358720464139543
2021-11-18,-0.0017180595861399,2.95172874152744e-06,5.890319224675508e-05,0.00011144175735406986,0.010556597811514364,0.00011949649828590118,0.01093144538868951,0.0001676395611575098,0.012947569700816822,0.00014860900333976852,0.012190529247730326
2021-11-22,-0.0225679441739628,0.0005093121042391,0.0006468008642885,0.0001049323556373173,0.010243649527259185,0.00011032422785056742,0.010503534064807302,0.0001547887538700078,0.01244141285666575,0.0001389017834952061,0.011785660078892743
2021-11-23,0.0038708291576505,1.4983318367717608e-05,0.0001686927326835,0.00012919514055342437,0.011366404029130073,0.0001491524442495219,0.01221279837913989,0.00021350776169632707,0.01461190479356908,0.0001964468244522942,0.014015948931567003
2021-11-24,0.0045279061968597,2.0501934527561356e-05,0.0001092756556184,0.00012234243122228195,0.01106085128831782,0.0001379394867222915,0.011744764225913243,0.00019320418325361236,0.013899790762943605,0.0001823018747166696,0.013501921149105768
2021-11-25,-0.0020639900408787,4.260054888846564e-06,3.931209726318966e-05,0.00011623200142059866,0.0107810946299807,0.000128433071990089,0.011332831596299709,0.00017585609939367242,0.01326107459422774,0.0001695656113761305,0.013021736112213704
2021-11-26,-0.0365007232385952,0.0013323027969405,0.000253604322046,0.00010951368462869352,0.01046487862465177,0.00011843065921731881,0.010882585134852785,0.00016310151580623038,0.012771120381792287,0.0001581161353293598,0.012574423856756214
2021-11-29,-0.0013625008448574,1.8564085522372309e-06,0.0002921790727241,0.00018288103136740338,0.013523351336388602,0.00023282362423387908,0.01525855904841211,0.000288050402785442,0.01697204768981757,0.0003217713122711789,0.017937985178697716
2021-11-30,-0.0078454687420242,6.155137978207892e-05,0.0004298339538616,0.0001720195539984934,0.01311562251662091,0.00021148160959024573,0.014542407283192343,0.00025973698525237393,0.016116357691872377,0.0002961075701080441,0.017207776442877333
2021-12-01,0.0185849301507841,0.0003453996287095,0.0001133324560779,0.0001653914635455085,0.01286046124932961,0.000197955915320874,0.01406968071140472,0.0002585277343958837,0.01607879766636435,0.0002806112931994014,0.016751456450094165
2021-12-02,0.0039342202622614,1.547808907198847e-05,4.2943618882030745e-05,0.00017619195345534947,0.013273731707976829,0.0002122304491796584,0.014568131286464246,0.0002462305785598029,0.015691735995733643,0.0002657849363306174,0.016302911897284406
2021-12-03,-0.0085579114809644,7.323784891602354e-05,0.0001656297043854,0.00016654912159234778,0.01290539118323609,0.00019434636234184227,0.01394081641590055,0.00022196078980449085,0.014898348559638779,0.0002453186056700177,0.015662650020670757
2021-12-06,-0.0128245330743425,0.0001644686485749,0.0001166588775647,0.00016095044523176826,0.012686624658740727,0.00018373065096664607,0.013554727993089573,0.00022631581984554615,0.015043796723086434,0.0002359919931437667,0.015362030892553455
2021-12-07,0.0243950208419949,0.0005951170418813,0.0001770157682295,0.00016116153743235643,0.012694941411143119,0.00018271764438481178,0.013517309065964711,0.00024642704540356786,0.0156979949485139,0.00023947418354765073,0.015474953426348356
2021-12-08,0.0180322284828515,0.0003251612640577,6.014224388964643e-05,0.000187198867699297,0.013682063722234924,0.00022180517611413304,0.01489312512920418,0.00024080346762433605,0.01551784352364516,0.00023369809316588065,0.015287187222176637
2021-12-09,-0.0054392011633814,2.9584909295730583e-05,6.883793775954141e-05,0.00019547661148080483,0.01398129505735448,0.0002316605806757012,0.015220400148343709,0.00022977586349746574,0.015158359525274024,0.0002227267644516167,0.014924033116139105
2021-12-10,0.0006254234567475,3.91154500249999e-07,2.8508806450243684e-05,0.0001855231093497003,0.013620686816372378,0.00021301745622862703,0.014595117547612524,0.00022241811891472306,0.01491368897740338,0.00020974186497672737,0.014482467503044064
2021-12-13,-0.0048736647140043,2.3752607744531257e-05,0.0001346468568718,0.00017441519205873326,0.013206634395588198,0.0001936484964988968,0.013915764316015733,0.00019833894731015013,0.014083286097717043,0.00019407349433841846,0.01393102632035481
2021-12-14,-0.000848048958895,7.191870366829015e-07,6.493186683464488e-05,0.0001653754369998811,0.012859838140500878,0.00017851159516848878,0.01336082314711518,0.00019199222774275677,0.013856126000536975,0.00018294076855241602,0.013525559823993092
2021-12-15,-0.002833627966712,8.029447453732558e-06,3.065347250950511e-05,0.0001554960620020892,0.012469806013009553,0.00016284757301618442,0.012761174437181886,0.00017379644283857537,0.01318318788603786,0.00016980580827207712,0.01303095576970765
2021-12-16,-0.0065697279195472,4.316132493687913e-05,0.0001596163313958,0.00014664806512918778,0.012109833406335027,0.0001495304636076593,0.012228264946739554,0.00016351989197100757,0.012787489666506384,0.00015882843085290957,0.012602715217480302
2021-12-17,-0.0257748490049505,0.0006643428412279,0.000286459221348,0.0001404388607176492,0.011850690305532804,0.00014089403481183616,0.011869879309067813,0.00016538803332729818,0.012860327885683871,0.0001534580315800384,0.012387817869989791
2021-12-20,-0.0336549079040765,0.0011326528260318,0.0004424885468584,0.00017187309954827014,0.013110038121541453,0.00019086403095543207,0.013815354897918188,0.0002383564828914233,0.01543879797430562,0.00022999282194735633,0.015165514232869135
2021-12-21,0.0048661538621425,2.3679453410045208e-05,0.0001303576759582,0.00022951988313728622,0.015149913634647764,0.0002790029538348083,0.01670338150898818,0.0003554596622869362,0.018853637905903897,0.00036091730997731496,0.018997823822146445
2021-12-22,0.012110011961913,0.0001466523897176,5.3362170502237696e-05,0.0002171694573536517,0.014736670497559877,0.00025476999806404587,0.015961516158061108,0.0003181335416596408,0.017836298429316572,0.00033193746830201205,0.018219151141093595
2021-12-23,0.0046039647802835,2.1196491698090892e-05,5.389815360758054e-05,0.00021293843329549313,0.014592410126346269,0.0002445375963660233,0.015637697924119884,0.0002929186842410793,0.017114867345120712,0.00030821089221175695,0.01755593609614016
2021-12-24,-0.0095391510716894,9.099540316851328e-05,0.0001636442231367,0.00020143391679964897,0.014192741694248119,0.00022374421875312857,0.014958082054632825,0.00026339405810258776,0.016229419524511273,0.0002839914990094754,0.016852047323974478
2021-12-27,0.0057455678694007,3.3011550141890674e-05,0.0002486263157157,0.0001948076059817808,0.013957349532836841,0.0002116470522104482,0.014548094452898229,0.00026845914729494965,0.016384722984992748,0.00027346070924383716,0.01653664746083187
2021-12-28,0.0035847662296057,1.2850548920921808e-05,2.8800234543076975e-05,0.0001850998426313873,0.013605140301789883,0.00019545335568386853,0.0139804633572664,0.0002430636921936303,0.015590500062333803,0.00025266512269747334,0.015895443457087738
2021-12-29,-0.0039413869754729,1.5534531290428112e-05,6.943987219902688e-05,0.00017476488500875936,0.013219867057151497,0.00017911182536350755,0.013383266617814485,0.00021888309834794867,0.01479469831892319,0.0002333411766030867,0.01527550904562878
2021-12-30,0.0005192867212277,2.69658698843502e-07,5.399303357537764e-05,0.00016521106378565944,0.012853445599747153,0.00016475972985638423,0.012835876668789874,0.0002074788365875674,0.014404125679386702,0.00021754547821463283,0.014749422979039988
2021-12-31,0.0118533650308142,0.0001405022625537,6.737057321712557e-05,0.00015531457948045048,0.012462527010219496,0.00015051837607204117,0.01226859307630835,0.00018521703723963756,0.01360944661768573,0.00020116191585397889,0.01418315606111626
