date,log_return,realized_var_proxy,parkinson_var_proxy,ewma_variance,ewma_volatility,garch_variance,garch_volatility,egarch_variance,egarch_volatility,gjr_garch_variance,gjr_garch_volatility
2015-01-05,-0.0020329035926431,4.132697016981306e-06,3.408062845343358e-05,0.00012507772274452346,0.01118381521416209,0.00013350975441826264,0.011554642115542248,0.0001332703106701407,0.011544276099874809,0.0001330822345247449,0.011536127362540035
2015-01-06,-0.0304220829180295,0.0009255031290714,0.0002502518281229,0.00011782102120087093,0.010854539197997809,0.0001199032522343831,0.010950034348548094,0.00012416160729279886,0.011142782744575022,0.00012118209324125084,0.011008273853845153
2015-01-07,-0.0031116297926513,9.68223996651568e-06,4.033932100874035e-05,0.00016628194767310644,0.012895035776340694,0.00020104553414880587,0.014179052653432311,0.00022535426972744896,0.015011804346162021,0.0002723797971014268,0.01650393277680889
2015-01-08,0.0162214424605465,0.0002631351955008,3.1105232739521883e-05,0.00015688596521071097,0.012525412776060955,0.00017961046463828336,0.01340188287660668,0.00020832231161664838,0.014433374921225055,0.0002448485286740733,0.015647636520384582
2015-01-09,0.0060415571776879,3.6500413131273386e-05,6.711750863291995e-05,0.00016326091902811756,0.01277735962662543,0.00018643679676254318,0.013654186052729148,0.00018656931214566065,0.013659037745963682,0.00021890011067172743,0.014795273254378488
2015-01-12,0.0046364677367432,2.1496833073860928e-05,3.973253819127393e-05,0.00015565528867430683,0.012476188868172316,0.00016952501833072907,0.013020177354042805,0.00016563860518957173,0.012870066246510612,0.00019604486976458342,0.014001602399889214
2015-01-13,-0.002839496664365,8.06274130694025e-06,4.1116834911104e-05,0.00014760578133828003,0.01214931196974874,0.00015319860030520814,0.012377342214918683,0.0001473729575354575,0.012139726419300292,0.00017591408426799376,0.013263260695168205
2015-01-14,-0.0026362628028638,6.949881565763422e-06,4.240826990436687e-05,0.00013923319893639963,0.011799711815819895,0.00013754334982574181,0.011727887696671631,0.00013895768663568228,0.01178803149960511,0.00015959781130716656,0.012633202733557574
2015-01-15,0.0258307299503242,0.0006672266097665,0.0001083927691462,0.00013129619989416143,0.01145845538867091,0.00012372034398342832,0.011122964711956444,0.0001309063394779712,0.011441430831761,0.00014503123585372102,0.012042891507180534
2015-01-16,0.002310616221134,5.338947321367715e-06,3.0824157791654324e-05,0.00016345202448650632,0.012784835723876405,0.00017830249045375316,0.013352995561062437,0.00012130567642812988,0.011013885618987055,0.00013098152261303102,0.011444715925396795
2015-01-19,0.0043248203159316,1.8704070765095524e-05,7.67640228649727e-06,0.00015396523985659798,0.012408273040862616,0.0001592538134660918,0.012619580558247244,0.00010866225883731082,0.010424119091669608,0.00011860660321796525,0.010890665875783962
2015-01-20,0.016803931894622,0.000282372127119,8.596028910959854e-05,0.00014584956971110778,0.012076819519687615,0.00014392118108496477,0.011996715429023261,9.801640353122511e-05,0.00990032340538556,0.00010770683415067987,0.010378190311932031
2015-01-21,0.0038909887639506,1.5139793561189847e-05,1.2962320033208265e-05,0.000154040923155587,0.012411322377393435,0.0001571236532387118,0.012534897416361723,9.072396932046735e-05,0.009524913087292048,9.810637035494944e-05,0.009904865993790599
2015-01-22,0.0036476596725423,1.3305421086691815e-05,1.047162393294769e-05,0.00014570685537992317,0.012070909467804121,0.00014169562952460064,0.011903597335452869,8.227463514321601e-05,0.009070536651335245,8.96503283336799e-05,0.00946838573008514
2015-01-23,0.0084332168549455,7.111914652253795e-05,2.331449171534696e-05,0.00013776276932232924,0.011737238573119712,0.00012799875213127422,0.011313653350322972,7.482500012910826e-05,0.008650144514926225,8.220228747646938e-05,0.009066547715446568
2015-01-27,0.0084413856608369,7.125699187498408e-05,4.5423201765868426e-05,0.00013376415195434172,0.011565645332377339,0.00012184245559617308,0.011038227013255937,6.894040627180731e-05,0.00830303596715125,7.5642089164281e-05,0.008697246067824056
2015-01-28,0.000426350341849,1.817746139947945e-07,5.573301812751101e-05,0.00013001372234958017,0.011402355999949315,0.00011646479638414116,0.010791885673233439,6.372336620774136e-05,0.007982691664328603,6.98638982639413e-05,0.008358462673478976
2015-01-29,0.0042593170470792,1.8141781707540076e-05,5.042764676987124e-05,0.00012222380548544502,0.011055487573392909,0.00010457651874705918,0.01022626611951103,5.8044638571701426e-05,0.007618703208007346,6.477449570233999e-05,0.008048260414669743
2015-01-30,-0.0161534056387028,0.0002609325137284,0.000224134685798,0.0001159788840587707,0.010769349286691871,9.597892877995486e-05,0.009796883625926914,5.34977790828196e-05,0.00731421759881531,6.02917745761373e-05,0.007764777818852082
2015-02-02,-0.0013063506955069,1.7065521396515043e-06,3.750968159398243e-05,0.00012467610183895298,0.01116584532576701,0.00011297122388688281,0.010628792212047558,8.695963337141459e-05,0.00932521492360442,0.00010213106211978774,0.010105991397175624
2015-02-03,-0.0046542982322204,2.166249203445063e-05,5.7258487650428474e-05,0.00011729792885699489,0.010830416836714776,0.00010167090922331379,0.01008319935453593,8.130485990071073e-05,0.009016920754931294,9.349471794366002e-05,0.009669266670418187
2015-02-04,-0.0037584872121479,1.4126226123879991e-05,3.686636732075174e-05,0.00011155980264764219,0.010562187398812909,9.378983708247345e-05,0.009684515325119448,8.400573992451338e-05,0.009165464523116838,8.938967566639247e-05,0.009454611344015812
2015-02-05,-0.0013765100457609,1.894779906080698e-06,0.0001126070589771,0.0001057137880562164,0.010281721064890663,8.612656118590404e-05,0.00928043970865088,8.434875441285516e-05,0.009184157795511527,8.445153321160145e-05,0.009189751531548688
2015-02-06,-0.0058310324086079,3.400093895023648e-05,3.1096147559529735e-05,9.948464756720826e-05,0.00997419909402295,7.817981329116225e-05,0.00884193492914092,7.91379970351029e-05,0.008895953969929414,7.795570414657354e-05,0.008829252751313302
2015-02-09,-0.0156746171972853,0.0002456936242814,3.915706437478012e-05,9.55556250501899e-05,0.009775255753697185,7.44629138595148e-05,0.008629189640952087,8.485502768056227e-05,0.009211678874155475,7.786810084000481e-05,0.008824290387334543
2015-02-10,0.0045869991503771,2.1040561205561035e-05,0.0001521083714301,0.00010456390500406444,0.010225649368331795,9.258872618464744e-05,0.009622303579946303,0.00011920600977097122,0.010918150473911377,0.0001149381310356903,0.010720920251344579
2015-02-11,0.0071949086167784,5.176671000379243e-05,1.648752247097988e-05,9.955250437615419e-05,0.009977600131101376,8.577299779436764e-05,0.009261371269653736,0.00010723596354276521,0.010355479879888002,0.00010447566162012596,0.010221333651736742
2015-02-12,0.0097064786272237,9.421572734075227e-05,8.53421076053928e-05,9.668535671381246e-05,0.009832871234477366,8.290724498614727e-05,0.009105341563398227,9.724864121009922e-05,0.009861472568034615,9.52603692327261e-05,0.009760141865399606
2015-02-13,0.0107268172689105,0.0001150646087205,4.0026555091977455e-05,9.653717895142874e-05,0.009825333528762713,8.468482724726994e-05,0.009202435940949003,8.890684841102814e-05,0.009429042815208134,8.71435843316255e-05,0.00933507280805166
2015-02-16,0.0004370868354434,1.9104490171794638e-07,2.7202470835937348e-05,9.76488247375788e-05,0.009881741989020905,8.834734598144975e-05,0.009399326889807044,8.172292254243737e-05,0.009040073149175142,7.999435950340942e-05,0.008943956591095991
2015-02-18,0.0067596684272623,4.569311724652713e-05,3.357279489668529e-05,9.180135794742715e-05,0.009581302518312797,7.995266186865427e-05,0.008941625236423984,7.387483331076165e-05,0.008595047022021558,7.369735689716497e-05,0.008584716471565324
2015-02-19,0.0029497438893496,8.700989012755832e-06,6.515494711845127e-05,8.903486350537312e-05,0.009435828713227743,7.719645775951749e-05,0.008786151476017101,6.786480309206784e-05,0.00823800965598292,6.815098750123363e-05,0.008255361136936024
2015-02-20,-0.0069604370777794,4.8447684313726485e-05,3.21642434248482e-05,8.421483103581604e-05,0.00917686389981981,7.104640665693008e-05,0.008428903051817009,6.203248755865974e-05,0.007876070565876091,6.326577219894727e-05,0.0079539783881368
2015-02-23,-0.0089433113192368,7.998281735279011e-05,8.22179379529248e-05,8.206880223249066e-05,0.009059183309354693,6.96747201994967e-05,0.008347138443772016,7.110771845408615e-05,0.008432539264900351,6.746435101543627e-05,0.008213668547941064
2015-02-24,0.0008162806567537,6.66314110590284e-07,2.554324987708676e-05,8.194364313970856e-05,0.009052272816243916,7.165847593583368e-05,0.008465132954409735,8.499736853384741e-05,0.009219401744899037,7.66961284620977e-05,0.008757632583186948
2015-02-25,0.000587630561085,3.453096763211429e-07,3.713346710867355e-05,7.706700339796145e-05,0.00877878143012807,6.538483067898943e-05,0.00808608871327723,7.67980206683746e-05,0.008763447989711275,7.079229097032585e-05,0.008413815482308002
2015-02-26,-0.0095582544879628,9.136022885666186e-05,6.437497334478355e-05,7.246370177466303e-05,0.00851256141091875,5.985805548173928e-05,0.007736798787724757,6.957668480679791e-05,0.008341263981363851,6.559221950164065e-05,0.008098902364002214
2015-02-27,0.0183421253958649,0.0003364335640376,9.090340769767938e-05,7.359749339958292e-05,0.008578898146008198,6.421032624963868e-05,0.00801313460823158,8.50909735665556e-05,0.00922447687224352,7.704363777686875e-05,0.00877745052830654
2015-03-02,0.0126003788387932,0.0001587695468811,3.4163250965527566e-05,8.936765763786589e-05,0.009453446865448913,9.277443643053778e-05,0.009631948734837503,7.950636443056161e-05,0.008916634142464387,7.109837550167252e-05,0.008431985264554992
2015-03-03,0.0044003858673006,1.936339578113938e-05,3.07907287559928e-05,9.353177099246038e-05,0.009671182502282768,9.984629949179368e-05,0.009992312019337351,7.368782061190831e-05,0.008584161031336045,6.586181727910381e-05,0.008115529389947633
2015-03-04,-0.0082147923882021,6.748281398126477e-05,0.0002256160881271,8.908166847978109e-05,0.00943830856031848,9.195966511212646e-05,0.009589560214740113,6.737121821445157e-05,0.008207997210918846,6.124948215475877e-05,0.007826204837260443
2015-03-05,0.0016908482052135,2.85896765307385e-06,5.326779349381552e-05,8.778573720987001e-05,0.009369404314569311,8.991275501259649e-05,0.009482233651023185,7.941822055178841e-05,0.008911690106359647,6.902863936702149e-05,0.008308347571389962
2015-03-09,-0.0204590481140191,0.0004185726497317,0.0001056071380985,8.269013103646224e-05,0.009093411408072453,8.159308175980055e-05,0.00903288889336078,7.20335183579015e-05,0.008487256232605536,6.403880371142501e-05,0.008002424864466083
2015-03-10,-0.0051177291370559,2.619115152027122e-05,4.796870474450121e-05,0.00010284308215817942,0.010141157831242911,0.00011629403008263946,0.010783970979311816,0.0001223049049019915,0.01105915480052574,0.0001330936404796701,0.01153662171000116
2015-03-11,-0.0013898014383852,1.931548038137599e-06,2.545681629745683e-05,9.824396631990491e-05,0.009911809437227135,0.00010705391762499119,0.0103466863113265,0.00012309172637401273,0.011094671080028137,0.0001250628902863376,0.011183152072932639
2015-03-12,0.0087034220055012,7.574955460584323e-05,1.385800343344765e-05,9.246522122299887e-05,0.0096158837983307,9.651135592422182e-05,0.00982401933651506,0.00011344424079378838,0.01065102064563713,0.00011373244272523772,0.01066454137435069
2015-03-13,-0.0147215514720097,0.000216724077743,0.0002243753609707,9.146228122596949e-05,0.009563591439724382,9.473399249717277e-05,0.009733138882044825,0.0001029259412770942,0.010145242297604044,0.00010341369719742144,0.01016925253877695
2015-03-16,-0.0016896819631506,2.8550251365964695e-06,1.2845984965586352e-05,9.897798901699318e-05,0.009948768216065404,0.00010741586712036917,0.010364162634789613,0.00013467574179173883,0.011604987798000429,0.0001323550803647666,0.011504567804344785
2015-03-17,0.010388094769848,0.0001079125129473,5.969177089248744e-05,9.321061118416938e-05,0.009654564266924189,9.692161664651958e-05,0.009844877685706388,0.00012443950143572736,0.011155245467300456,0.0001203174173901298,0.010968929637395337
2015-03-18,-0.0042965180681336,1.8460067509798983e-05,3.298296847927747e-05,9.409272528995981e-05,0.00970014047784669,9.83417582970099e-05,0.009916741314414222,0.00011281322738040263,0.010621357134585138,0.00010921371099018415,0.010450536397246992
2015-03-19,-0.0059178429387673,3.5020865047918287e-05,0.0001434864231474,8.955476582315012e-05,0.009463337985253941,9.05507767100918e-05,0.009515817185617418,0.00011210480565624095,0.010587955688245061,0.00010267293686114489,0.010132765509037743
2015-03-20,-0.007410433126336,5.491451911989905e-05,2.7419300238459324e-05,8.628273177663619e-05,0.009288849862961301,8.54002096596417e-05,0.009241223385442086,0.00011599088633997092,0.010769906514913252,9.98178932420792e-05,0.009990890512966259
2015-03-23,-0.0023362039252688,5.457848780441437e-06,2.2550877412215043e-05,8.440063901723189e-05,0.00918698204075919,8.289869282456857e-05,0.009104871927960797,0.00012398606146989927,0.011134902849594121,0.00010079406276748369,0.010039624632797966
2015-03-24,-0.0009301819792756,8.652385145691596e-07,4.1361930907797854e-05,7.966407160302446e-05,0.008925473186505266,7.571277091232815e-05,0.008701308574710367,0.00011678500094050759,0.010806710921483354,9.297536155367874e-05,0.009642373232440172
2015-03-25,-0.0014232834235154,2.0257357036537506e-06,1.616119397809967e-05,7.493614161771712e-05,0.008656566387299131,6.895560587763161e-05,0.008303951220812391,0.0001067093199954445,0.01033002032889793,8.528279006403018e-05,0.009234868167116961
2015-03-26,-0.0223620971083219,0.000500063387082,0.0001544920718784,7.056151726287331e-05,0.008400090312780769,6.315500414972629e-05,0.007947012278191489,9.909431430342965e-05,0.009954612714888995,7.871085088258374e-05,0.008871913597560772
2015-03-27,-8.990891811211022e-05,8.08361355609014e-09,0.0001075739181434,9.633162945202206e-05,0.009814867775575078,0.00010837685337131402,0.010410420422409175,0.00015966463073326058,0.012635847052463898,0.0001603164561518867,0.012661613489278793
2015-03-30,0.017928732765285,0.000321439458569,6.305763018918881e-05,9.055221670171409e-05,0.009515892848372879,9.747569058591762e-05,0.009872977797296904,0.00014157484614174052,0.01189852285545313,0.0001444460890888478,0.012018572672694865
2015-03-31,-0.0001530685679444,2.3429986492572434e-08,4.627024152404518e-05,0.0001044054512137515,0.010217898571318444,0.00012039327844475927,0.010972387089633653,0.00012915485765044882,0.011364631874832058,0.00013046612816628654,0.011422177032697687
2015-04-01,0.0111553075287278,0.0001244408860604,9.520569295766608e-05,9.814252994011596e-05,0.00990669117011911,0.00010800102484074805,0.010392354152969772,0.00011545035187787345,0.010744782542139857,0.00011815675770833707,0.010869993454843341
2015-04-06,0.0085411337249402,7.295096530731161e-05,4.270187739154472e-05,9.972043130733848e-05,0.009986011781854579,0.00010971428839102318,0.010474458859102134,0.00010510044568302553,0.01025185084182488,0.00010731061240768354,0.010359083569876417
2015-04-07,4.6121183134830896e-05,2.1271635337566103e-09,5.505684226380517e-05,9.811426334733682e-05,0.009905264425917,0.00010601424193787115,0.010296321767401752,9.560364050256949e-05,0.009777711414363255,9.775738015650989e-05,0.009887233190155368
2015-04-08,0.0062275331572998,3.878216922526958e-05,1.2234430537852436e-05,9.222753517630862e-05,0.009603516812934136,9.540595337229863e-05,0.009767597113533023,8.594662399384568e-05,0.009270740207440056,8.934293945670946e-05,0.009452139411620496
2015-04-09,0.0073058701712128,5.337573895861835e-05,5.0210560735312074e-05,8.90208132192462e-05,0.009435084165986343,9.003218484508448e-05,0.009488529119156692,7.843419557587265e-05,0.008856308236272755,8.19315408431694e-05,0.009051604324271439
2015-04-10,0.0002334809071557,5.451333400625327e-08,1.3603061264394208e-05,8.688210876360844e-05,0.009321057277133771,8.67998821288061e-05,0.009316645433245063,7.197162638236154e-05,0.008483609278035,7.540361684045065e-05,0.008683525599688794
2015-04-13,0.0060916874846368,3.71086564104807e-05,2.9461778844396177e-05,8.16724530378323e-05,0.009037281285753604,7.858362916658285e-05,0.00886474078394754,6.528675759658297e-05,0.00808002212847112,6.965385299398701e-05,0.00834588838854121
2015-04-16,-0.0145150465251854,0.0002106865756282,6.226957393108599e-05,7.899862524019121e-05,0.008888117080697757,7.513044924523302e-05,0.008667782256450205,6.016565364969034e-05,0.007756652219204516,6.458948884697585e-05,0.008036758603253917
2015-04-17,-0.0116332322327412,0.0001353320921808,5.130969147105625e-05,8.689990226347755e-05,0.00932201170689447,8.963762241798939e-05,0.00946771474105496,8.926325751202317e-05,0.009447923449733447,9.709946311619623e-05,0.009853905982715495
2015-04-20,-0.0185181166395568,0.0003429206438762,0.0001931751145521,8.980583365852223e-05,0.009476593990380838,9.473194179361719e-05,0.009733033535009379,0.00011078182058942639,0.01052529432317341,0.00011251111464719352,0.010607125654351113
2015-04-21,-0.0083621357545242,6.992531437709308e-05,6.937384339398781e-05,0.00010499272227158475,0.010246595643021382,0.00012015995384485611,0.010961749579554174,0.00015671643493655785,0.012518643494267174,0.00016251263250576122,0.012748044261994121
2015-04-22,0.0061818253391529,3.821496452379408e-05,0.0001406864985611,0.00010288867779791517,0.010143405631143574,0.00011485678972860067,0.01071712600134013,0.0001651332805044682,0.012850419468035595,0.0001586493343140485,0.012595607738971887
2015-04-23,-0.0037319262025762,1.39272731814749e-05,0.0001038515119681,9.900825500146783e-05,0.00995028919185105,0.00010700961446696156,0.01034454515515117,0.00014725113782822688,0.01213470798281635,0.0001429762777615892,0.011957268825345911
2015-04-24,-0.0111414361987288,0.0001241316005703,0.0001014854168992,9.390339609226824e-05,0.009690376468036123,9.768412700402438e-05,0.009883528064614597,0.00014153307612341047,0.011896767465299576,0.00013161544114158089,0.011472377309938027
2015-04-27,-0.0110722021738192,0.0001225936609779,9.206606160358864e-05,9.571708836095281e-05,0.009783511044658395,0.00010064768376897892,0.010032331920793836,0.0001604246141827116,0.012665883868988835,0.00014094719260239496,0.011872118286236664
2015-04-28,0.0087033783611285,7.57487948969609e-05,8.004503565766349e-05,9.732968271797124e-05,0.009865580708603586,0.00010308778499987651,0.01015321550051394,0.00017823400497242613,0.013350430890889857,0.0001488966811145202,0.012202322775378473
2015-04-29,-0.0055490174921902,3.0791595128633356e-05,4.183635614652162e-05,9.603482944871056e-05,0.009799736192812058,0.0001004934424492661,0.010024641761642463,0.0001590459053739648,0.012611340348034574,0.00013438618805962114,0.01159250568512352
2015-04-30,-0.0070944957684806,5.033187020898969e-05,3.855872459864783e-05,9.212023538950588e-05,0.009597928703085155,9.368067290670397e-05,0.009678877667720777,0.0001578630758488747,0.012564357359167826,0.00012700863183462717,0.01126981063880965
2015-05-04,0.0182220379751438,0.0003320426679675,8.28637021961849e-05,8.961293347867486e-05,0.009466410802340815,8.968773554602579e-05,0.009470360898404336,0.00016189228411924816,0.012723689878303706,0.00012393938428630234,0.01113280666706749
2015-05-05,-0.0008585577695799,7.37121443706118e-07,2.93616184085152e-05,0.00010415871754800935,0.010205817828474567,0.00011464364419806408,0.010707177228292435,0.00014689728515658804,0.012120119024027282,0.00011240392189671594,0.010602071585153344
2015-05-06,-0.0277453653883998,0.0007698053005358,0.0003318844801808,9.795342178175114e-05,0.009897142101725686,0.00010303767425626022,0.010150747472785451,0.00013276689555080854,0.011522451802928426,0.00010237289032050065,0.010117948918654444
2015-05-07,-0.0049151341398104,2.4158543612330004e-05,8.73812301491935e-05,0.00013826453450699493,0.011758594070168207,0.00017054942570435475,0.013059457328095787,0.0002211367562737461,0.01487066764720892,0.00022849135924911236,0.015115930644492662
2015-05-08,0.0165185427140141,0.0002728622533947,5.561183849689061e-05,0.00013141817505331503,0.011463776648788785,0.0001543645925506589,0.012424354814261337,0.0002112078623809992,0.014532992203293828,0.00020873206306367106,0.014447562530187266
2015-05-11,0.0161960341674642,0.0002623115227536,6.149656066690057e-05,0.00013990481975379864,0.011828136782849556,0.00016530931900544864,0.01285726716707126,0.00018911736428318758,0.013751994920126591,0.0001870889026853803,0.013678044549034788
2015-05-12,-0.0241073419925435,0.0005811639379454,0.0002384089957166,0.0001472492219337908,0.012134629039809615,0.00017382890126990593,0.013184418882525917,0.0001700283139478178,0.013039490555532367,0.00016802571184826323,0.01296247321494873
2015-05-13,0.0132623072083406,0.0001758887924884,0.000147301356295,0.00017328410489449045,0.013163742055148697,0.0002134943775554826,0.014611446798845164,0.00024301796005008755,0.015589033326351174,0.00025321583195449026,0.015912756893589817
2015-05-14,-0.0013669794296785,1.8686327611643904e-06,5.2690550299547886e-05,0.00017344038615012521,0.013169676767108797,0.00020729985433561441,0.014397911457416816,0.00021558546627810325,0.014682828960323118,0.00022626999087313354,0.015042273460921176
2015-05-15,0.0046279521918878,2.1417941490399976e-05,2.381298571287248e-05,0.00016314608094678752,0.01277286502499684,0.000184298717583887,0.013575666377157587,0.00019371650331443925,0.01391820761859943,0.00020286412656327717,0.01424303782776965
2015-05-18,0.0133809139137836,0.000179048857168,6.598960986818022e-05,0.0001546423925794042,0.012435529445078091,0.00016612919115297495,0.012889111340700529,0.00017145511550537687,0.013094087043600133,0.00018192045262855027,0.01348778901927778
2015-05-19,-0.0009558345015271,9.136195943096792e-07,4.421650586718149e-05,0.00015610678045472522,0.012494269904829382,0.0001661373828964752,0.012889429114451702,0.00015418187168782,0.01241699930288393,0.0001634733660681026,0.01278567034097558
2015-05-20,0.0068616566932103,4.708233257547824e-05,1.2176519789789222e-05,0.00014679519080310028,0.012115906520071055,0.0001481528564283733,0.012171805799813489,0.00013936922220524831,0.011805474247367121,0.00014738558076232567,0.012140246322143784
2015-05-21,-0.000267153481263,7.137098255096323e-08,2.0767601285645792e-05,0.00014081241930944291,0.011866440886358593,0.00013706535950471735,0.011707491597465161,0.00012513849806261294,0.011186531994439248,0.00013305521818727297,0.011534956358273445
2015-05-22,0.0044964894818342,2.0218417660245817e-05,2.398586937111834e-05,0.0001323679564098294,0.011505127396505846,0.00012260699687041682,0.01107280438147522,0.00011227108133077661,0.010595804893011979,0.00012044562819974831,0.010974772352980645
2015-05-25,-0.0105413228961067,0.0001111194883999,3.0917462312683344e-05,0.00012563898408485434,0.011208879698027557,0.00011197946092210598,0.01058203481954704,0.00010118847149232224,0.010059248057997289,0.00010932663844772324,0.010455937951600672
2015-05-26,-0.0036985237912854,1.3679078234704152e-05,1.7918488754672436e-05,0.00012476781434376207,0.011169951402927501,0.00011185307194614659,0.01057606126807833,0.0001192752599736032,0.010921321347419606,0.00011903199713821902,0.010910178602489468
2015-05-27,-0.0005697510609127,3.24616271411164e-07,2.1996656252446e-05,0.00011810249017721859,0.010867496960074044,0.00010190087837547699,0.010094596493940558,0.00011631539917489561,0.010784961714113575,0.00011048188224097562,0.010511036211571893
2015-05-28,-0.0018734224796336,3.509711787196767e-06,4.641268685218876e-05,0.00011103581774287013,0.010537353450599925,9.183610977990083e-05,0.009583115870107219,0.00010537743916466518,0.010265351390218709,0.00010060758194344917,0.010030333092347889
2015-05-29,0.0136876467831972,0.0001873516744615,9.822061596450648e-05,0.00010458425138552972,0.010226644189837139,8.334324903273392e-05,0.00912925238082144,9.90407146141304e-05,0.009951920147093746,9.24692569724427e-05,0.009616093644117798
2015-06-01,-2.9643593685729908e-05,8.78742646604646e-10,1.9323725208157663e-05,0.00010955029677009206,0.010466627764953336,9.447342474839225e-05,0.009719744068049953,9.112306724622605e-05,0.00954584031116308,8.468518617374263e-05,0.009202455442638266
2015-06-02,-0.0236306089312696,0.0005584056784626,0.0002496646288093,0.00010297733168844532,0.010147774716086543,8.529857245060836e-05,0.009235722627418407,8.2097284010865e-05,0.009060755156766184,7.782916850838746e-05,0.008822084136324447
2015-06-03,-0.0123814043972364,0.0001532991748479,0.0001099297508371,0.00013030303249489454,0.011415035369848598,0.00013366240551384364,0.011561245846094772,0.0001461628042364314,0.012089780983807415,0.00016977760303808745,0.013029873485114406
2015-06-04,-0.0005471860103022,2.9941252987053914e-07,5.854030449379864e-05,0.00013168280103607516,0.011475312677050467,0.00013510279066331676,0.011623372602791187,0.00016932826794803648,0.013012619565177354,0.00017967847749479233,0.013404420073050245
2015-06-05,-0.0019636033769903,3.85573822212791e-06,4.486739554844488e-05,0.0001237997977257029,0.011126535746839755,0.00012091124412608412,0.010995964902003103,0.00015124559696781876,0.012298194866232149,0.0001615511852267253,0.012710278723408283
2015-06-08,-0.0087321487398675,7.625042161517034e-05,5.573413755866066e-05,0.00011660315415548836,0.010798294039128976,0.00010884171455666347,0.010432723256976745,0.00013977049388419973,0.011822457184705712,0.00014620880724594966,0.01209168339173457
2015-06-09,-0.0027074902267056,7.330503327706809e-06,1.5120592353639264e-05,0.00011418199020306922,0.010685597325515744,0.00010558330221452796,0.010275373580290303,0.0001505304091094042,0.01226908346655952,0.00014539891463579398,0.01205814723064012
2015-06-10,0.0126404408480797,0.0001597807448338,9.097401940104028e-05,0.00010777090099054745,0.010381276462485114,9.576871127088047e-05,0.009786148949963948,0.0001413563565458956,0.011889337935557876,0.00013259170678823223,0.011514847232518208
2015-06-11,-0.0197771607529252,0.000391136087447,0.0002328521405703,0.00011089149162114271,0.010530502913970572,0.00010257076658806373,0.010127722675313722,0.0001279540020304506,0.011311675474060003,0.0001200248456454666,0.010955585134782468
2015-06-12,0.0022008448289133,4.843717960954441e-06,1.7373195364365474e-05,0.00012770616737069686,0.011300715347742234,0.00013189483667987043,0.011484547735103478,0.00017970514381356436,0.013405414719939267,0.0001775913902705561,0.013326341968843367
2015-06-15,0.0038757800540692,1.5021671027521084e-05,7.174876247250597e-05,0.00012033442040611231,0.010969704663577426,0.00011856074754834429,0.01088856039834212,0.00015894218375386097,0.012607227441188685,0.00015966034890496162,0.012635677619540696
2015-06-16,0.0041590853857635,1.7297991246071817e-05,6.745370476936367e-05,0.00011401565544339681,0.010677811360170998,0.00010791095075907553,0.010388019578296699,0.0001414596305791253,0.011893680279002177,0.0001438667745159249,0.011994447653640617
2015-06-17,0.005483675969067,3.0070702133723963e-05,4.2549210673024905e-05,0.00010821259559155729,0.010402528326880793,9.881394557895527e-05,0.009940520387733997,0.0001264395394083272,0.011244533756822788,0.00012995587068720385,0.011399818888350984
2015-06-18,0.0102115147270589,0.0001042750330209,3.937945714702581e-05,0.00010352408198408722,0.010174678470796374,9.21369872533942e-05,0.009598801344615597,0.00011367608488442764,0.010661898746678644,0.00011770321396997605,0.01084911120645263
2015-06-19,0.0061404434830307,3.77050461682952e-05,1.622240544188842e-05,0.00010356913904629844,0.010176892406147293,9.378407350919013e-05,0.009684217754118818,0.00010338662489759751,0.010167921365628154,0.00010691113327898516,0.01033978400543189
2015-06-22,0.0154604393327622,0.000239025184362,6.552241676626957e-05,9.961729347361817e-05,0.009980846330528197,8.850297988422996e-05,0.009407602238840138,9.371094587074582e-05,0.00968044140887934,9.74055208737025e-05,0.009869423532998394
2015-06-23,0.0034001576033196,1.1561071727412616e-05,2.0775799877920687e-05,0.00010798176692692231,0.010391427569247755,0.00010421126738780726,0.010208392007941665,8.670312329355764e-05,0.009311451191600461,8.903302351168518e-05,0.009435731212348367
2015-06-24,-0.0024727884395158,6.114682666603434e-06,3.491352109777983e-05,0.0001021965252149517,0.010109229704332161,9.499439449619963e-05,0.009746506784289417,7.867595184328475e-05,0.008869946552448034,8.165856837899918e-05,0.009036513065281275
2015-06-25,0.0044335324134881,1.965620966144981e-05,4.508537877337131e-05,9.643161466205078e-05,0.009819960013261296,8.637232467590124e-05,0.009293671216257935,7.649520172310192e-05,0.00874615353873358,7.623616999473494e-05,0.008731332658577094
2015-06-26,-0.0020144580738723,4.0580413313894345e-06,2.438055137151061e-05,9.18250903620147e-05,0.009582540913662447,8.018895740826919e-05,0.008954828720208398,6.985175626456865e-05,0.008357736312218079,7.038716178055616e-05,0.008389705702857292
2015-06-29,-0.0075091485816652,5.638731242152484e-05,9.458369061496768e-05,8.655906742017717e-05,0.009303712561132636,7.319824903854563e-05,0.008555597526680742,6.749424542873132e-05,0.008215488143058287,6.594747646601706e-05,0.008120805161190426
2015-06-30,0.0060046813650915,3.6056198296278264e-05,3.241525057877316e-05,8.474876212025801e-05,0.00920590908711671,7.236117209287293e-05,0.008506537021189817,7.778160673541737e-05,0.008819388115703796,7.121960502024831e-05,0.008439170872795995
2015-07-01,0.0100526429119175,0.0001010556295145,6.310317984862863e-05,8.182720829081915e-05,0.009045839280620629,6.957462681058588e-05,0.008341140618080112,7.120923275167696e-05,0.008438556319162476,6.596859564826316e-05,0.008122105370423556
2015-07-02,-0.0009645447643201,9.303466023773384e-07,1.0695946186543988e-05,8.298091356424152e-05,0.00910938601466869,7.369917477572287e-05,0.008584822349689181,6.595930902241554e-05,0.00812153366196407,6.134353202758472e-05,0.007832211183796357
2015-07-03,0.0047254040314225,2.2329443260184734e-05,2.7291836835464727e-05,7.805787954652966e-05,0.0088350370427367,6.719870796337795e-05,0.008197481806224271,6.184432175474971e-05,0.007864116082227533,5.743305278989906e-05,0.007578459790082617
2015-07-06,0.0043805431106717,1.9189157944453894e-05,0.0001089096199502,7.471417336934891e-05,0.008643736077029939,6.366702152889049e-05,0.007979161705899341,5.693255507320574e-05,0.007545366463811134,5.3825467215820374e-05,0.007336584165387894
2015-07-07,-0.0013327799926047,1.776302508687395e-06,2.982495289556627e-05,7.138267244385517e-05,0.008448826690366845,6.025686001773649e-05,0.007762529228140561,5.252352031154336e-05,0.00724731124704489,5.064792331471042e-05,0.007116735439420973
2015-07-08,-0.0175127525255737,0.0003066965010219,6.891094022141127e-05,6.72062902477451e-05,0.008197944269616933,5.551159508315368e-05,0.007450610383260802,5.0435416577952e-05,0.007101789674297036,4.816085821595565e-05,0.006939802462315166
2015-07-09,-0.0041338217950059,1.7088482632866336e-05,3.082432442486579e-05,8.157570289419969e-05,0.00903192686497182,8.215278272326573e-05,0.00906381722693401,8.782027968312785e-05,0.009371247498765991,9.947673551927223e-05,0.009973802460409582
2015-07-10,0.0038348430969963,1.4706021578580376e-05,1.971038260501385e-05,7.770646967851965e-05,0.008815127320607437,7.623421205029757e-05,0.008731220536116217,8.877481329621933e-05,0.009422038701693988,9.38559744686769e-05,0.009687929317902608
2015-07-13,0.0117836567339471,0.0001388545660234,6.885861294090971e-05,7.392644279252328e-05,0.008598048778212606,7.081019763900983e-05,0.008414879537997548,8.055784111816403e-05,0.008975402003150836,8.590660022299557e-05,0.009268581348998108
2015-07-14,-0.0006563631896272,4.3081263669767707e-07,1.5917921738797135e-05,7.78221301863817e-05,0.008821685223718975,7.859896848753642e-05,0.00886560592895581,7.450048182378304e-05,0.008631366162073247,7.890482989232546e-05,0.008882839067118432
2015-07-15,0.0082107432951097,6.741630545819015e-05,2.3405583515970294e-05,7.317865113340064e-05,0.008554452123508591,7.143941236620998e-05,0.008452183881471698,6.882602484695702e-05,0.008296145179959004,7.281330218829801e-05,0.008533071087732599
2015-07-16,0.009835561378738,9.67382676349229e-05,2.625480223023957e-05,7.283291039288794e-05,0.008534219963938588,7.193474320427847e-05,0.00848143520898901,6.359052463540754e-05,0.007974366723157867,6.73723163960552e-05,0.00820806410769648
2015-07-17,0.000209062052318,4.3706941719431424e-08,1.2043540991864433e-05,7.426723182741002e-05,0.00861784380384154,7.533007071272302e-05,0.00867928975854148,5.914851664699712e-05,0.007690807281878614,6.257992246346583e-05,0.007910747275919375
2015-07-20,-0.000743543008016,5.528562047694993e-07,2.0707727656320574e-05,6.981382033426858e-05,0.008355466494114411,6.853746855727711e-05,0.00827873592749987,5.397413396153612e-05,0.007346709056546075,5.835880509578285e-05,0.007639293494544038
2015-07-21,-0.0086384042959938,7.46220287810454e-05,8.129936297571107e-05,6.565816248649864e-05,0.008102972447595922,6.264004529834724e-05,0.007914546436678936,5.068300690918793e-05,0.007119199878440549,5.4737878893538996e-05,0.007398505179665619
2015-07-22,0.0121250808588124,0.0001470175858327,0.0001035801936444,6.619599446417137e-05,0.008136092087984954,6.49561843173281e-05,0.008059539956928565,6.36910164535679e-05,0.007980665163604342,6.454601852572327e-05,0.008034053679539568
2015-07-23,-0.0050745547700366,2.5751106114101648e-05,3.185072243495784e-05,7.104528994628541e-05,0.008428836808616324,7.429658835942668e-05,0.00861954687668828,5.9539370318836726e-05,0.007716175886981628,6.0090532989391834e-05,0.007751808368980224
2015-07-24,-0.0079772038426155,6.363578114663966e-05,2.822771458135315e-05,6.832763891635436e-05,0.008266053406333301,7.022881531251874e-05,0.008380263439326878,6.44296416953848e-05,0.008026807690195698,6.068488895104891e-05,0.0077900506385420185
2015-07-27,-0.019020189089775,0.0003617675930107,0.0001006002452185,6.804612745017146e-05,0.008249007664572233,7.049268869575598e-05,0.008395992418752888,7.591481420250475e-05,0.008712910776686787,6.78562827465461e-05,0.00823749250358057
2015-07-28,-0.0028745977394444,8.263312163619253e-06,2.953754578431739e-05,8.566941538380894e-05,0.009255777405696884,0.00010083516732536424,0.010041671540404229,0.00012128941567613278,0.01101314740099908,0.00012648807835204313,0.011246691884818536
2015-07-29,0.0045535850933296,2.073513720219362e-05,9.564204870243302e-06,8.102504919059754e-05,0.009001391514126999,9.17045879937231e-05,0.009576251249509022,0.00011585483790326486,0.010763588523502041,0.00011609882024752973,0.010774916252460142
2015-07-30,0.0055665344162307,3.098630540708112e-05,1.298381256009056e-05,7.740765447129328e-05,0.008798161993921985,8.496783644619946e-05,0.009217799978639125,0.00010431673646083579,0.010213556504021299,0.0001054979910563348,0.010271221497774001
2015-07-31,0.0130998158712683,0.0001716051758611,5.089288559189337e-05,7.462237352744054e-05,0.008638424250257713,8.010327240809382e-05,0.008950043151186134,9.442999824992767e-05,0.009717509879075383,9.616083204806889e-05,0.009806162962549056
2015-08-03,0.0011946892258352,1.4272823463267266e-06,1.5440514480010363e-05,8.044134166746209e-05,0.008968909725683613,9.004550732350735e-05,0.009489231123937668,8.696445562059102e-05,0.00932547347970016,8.793670762046711e-05,0.00937745741768349
2015-08-04,-0.0030655933038692,9.39786230472771e-06,6.811423567584155e-05,7.570049810819396e-05,0.008700603318632217,8.156474346436656e-05,0.009031320139623364,7.857588401011694e-05,0.008864303921353156,8.069293865150343e-05,0.008982924838353232
2015-08-05,0.0059760495252578,3.571316792833466e-05,1.039410873188016e-05,7.172233995998599e-05,0.00846890429512496,7.494246264238434e-05,0.008656931479593928,7.774585902949532e-05,0.008817361228252777,7.596177041890273e-05,0.008715604994428255
2015-08-06,0.0024130893825477,5.823000368164785e-06,1.4716763853142304e-05,6.956178963808686e-05,0.008340371073164961,7.180063178937378e-05,0.008473525346004093,7.117360709575385e-05,0.00843644516936807,7.014547196364132e-05,0.008375289365964695
2015-08-07,-0.002804226255741,7.863684893387305e-06,9.176746001306512e-06,6.573746228189152e-05,0.008107864224436144,6.6030154918037e-05,0.008125894099607563,6.488052939988625e-05,0.00805484508850954,6.502250445345667e-05,0.008063653294472468
2015-08-10,-0.0045640272766171,2.0830344981705243e-05,7.538857966435904e-05,6.226503563858125e-05,0.007890819706379133,6.118257732144626e-05,0.007821929258274218,6.460732848002165e-05,0.008037868404000009,6.189011507200958e-05,0.007867027079654015
2015-08-11,-0.0074464894442594,5.545020504346755e-05,6.5983380691924e-05,5.977895419916867e-05,0.007731685081479242,5.824678557412385e-05,0.007631958174290779,6.812941457084629e-05,0.008254054432268199,6.140647188521881e-05,0.00783622816699583
2015-08-12,-0.0134311748403183,0.0001803964575912,6.084182159457101e-05,5.951922924982655e-05,0.00771487065671399,5.917228218682487e-05,0.007692352188168771,7.82493715669461e-05,0.008845867485269384,6.705546941669342e-05,0.00818874040476882
2015-08-13,0.0007661537895581,5.869916292543693e-07,4.132610438269724e-05,6.677186295030892e-05,0.008171405200472494,7.260241738566327e-05,0.00852070521645147,0.00010506419211409499,0.010250082541818625,9.395626875722258e-05,0.009693104185823165
2015-08-14,0.0192842700246075,0.0003718830703819,0.0001118481962894,6.280077067104564e-05,0.00792469372727083,6.62035072369625e-05,0.00813655376906971,9.429872816173974e-05,0.009710753223192306,8.599493894617089e-05,0.009273345617746105
2015-08-17,-0.0048541357972207,2.3562634337859515e-05,5.275605073132829e-05,8.134570865370144e-05,0.009019185587052825,9.810043946260926e-05,0.00990456659640437,8.783211677686668e-05,0.009371879041946,7.898263821877986e-05,0.008887217687149328
2015-08-18,-0.001268897173926,1.6101000379974275e-06,4.259504310744309e-05,7.787872419475092e-05,0.008824892304994487,9.085479415081535e-05,0.009531778121149031,9.057964762590963e-05,0.009517334060854943,7.694093734303841e-05,0.008771598334570412
2015-08-19,0.003372375730519,1.1372918067793624e-05,4.486340508201141e-05,7.330260674534571e-05,0.008561694151588558,8.229196797299497e-05,0.009071492047783262,8.44361820801047e-05,0.009188916262547217,7.129045292127586e-05,0.00844336739229532
2015-08-20,-0.0145130734956471,0.00021062930229,0.0001017530138446,6.958682542469257e-05,0.008341871817805196,7.577883480810176e-05,0.008705103951596543,7.66828890037095e-05,0.008756876669435826,6.603099813561598e-05,0.008125945984044933
2015-08-21,-0.008732870680242,7.626303031783064e-05,4.9730401400553746e-05,7.804937403661429e-05,0.008834555678505529,9.019968303793586e-05,0.009497351369615417,0.00010681867299312093,0.010335311944644966,9.835908736416885e-05,0.009917615003828735
2015-08-24,-0.0609725995392517,0.0037176578945739,0.0004864978136999,7.794219341348726e-05,0.008828487606237393,8.925819602750791e-05,0.009447655583662432,0.0001192374305820883,0.010919589304643665,0.0001032553256515641,0.010161462771253167
2015-08-25,0.0091398425148358,8.35367211960018e-05,0.0003955104675033,0.0002963251354831156,0.01721409699877155,0.00045621539043683076,0.021359199199334013,0.00045537149623885734,0.021339435237111064,0.0007465488420307854,0.027323045987422145
2015-08-26,-0.0113384290206531,0.0001285599726563,0.0001368058016768,0.00028355783062588864,0.016839175473457382,0.0004105432803984528,0.02026186764339489,0.00039340895286221983,0.019834539391229124,0.0006607953167840725,0.025705939328958056
2015-08-27,0.0199615408679432,0.0003984631138225,5.911136326107882e-05,0.00027425795914771863,0.01656073546518145,0.00037509176860178186,0.019367286041203136,0.00039316217035909056,0.01982831738597833,0.0006078233414004323,0.024654073525493352
2015-08-28,0.0066454173430795,4.416157166370297e-05,9.482973114463372e-05,0.00028171026842820947,0.016784226774808824,0.0003713042074032066,0.019269255496858373,0.00034468577286869906,0.01856571498404247,0.0005386065677279352,0.023207898821908355
2015-08-31,-0.0038377197180878,1.4728092634600085e-05,5.161463050010062e-05,0.00026745734662233904,0.016354123230009582,0.0003322025859731477,0.018226425485353612,0.00029993277909216436,0.017318567466513054,0.00047764076870450385,0.02185499413645549
2015-09-01,-0.0235395704702459,0.0005541113779236,0.0001957796229601,0.0002522935913830747,0.015883752433951955,0.0002949852511027172,0.017175134674951378,0.00027590037696554963,0.01661024915422853,0.0004265268292526706,0.020652525977532882
2015-09-02,-0.008882308721944,7.889540823192356e-05,0.0001588759297153,0.0002704026585755106,0.016443924670695574,0.0003168687691524674,0.017800808103916727,0.00034730911569751257,0.01863623126325472,0.0004761552629308479,0.021820982171544157
2015-09-03,0.0136424252274776,0.0001861157660873,4.9690605001673875e-05,0.0002589122235548953,0.016090749626878644,0.0002880370644651439,0.016971654735621507,0.0003398919271901617,0.01843615814615837,0.0004364782890065494,0.020892062823152466
2015-09-04,-0.0217025774501897,0.0004710018679814,0.0001920727389689,0.0002545444361068406,0.015954448787308215,0.00027361602054110985,0.0165413427671731,0.0002978922113205131,0.01725955420399128,0.00038768667544918436,0.019689760675264296
2015-09-07,-0.0126531136580957,0.0001601012852446,0.0001571176752972,0.00026753188201931907,0.01635640186652673,0.00028975987419400815,0.017022334569441647,0.0003588872212433226,0.018944318970164183,0.0004273612386825578,0.020672717254452976
2015-09-08,0.0169807677548254,0.0002883464735433,0.0002038720644723,0.0002610860462128412,0.016158157265382746,0.00027249735986121815,0.01650749405152757,0.0003687853960331136,0.01920378598175666,0.0004077505099293737,0.02019283313280664
2015-09-09,0.0168123335375422,0.0002826545589775,3.932407163677734e-05,0.00026272167185266985,0.01620869124428835,0.00027033193230427264,0.016441774001131164,0.0003232411914998725,0.017978909630449576,0.0003623833867784037,0.019036370105101542
2015-09-10,-0.0039085826532683,1.5277018357429935e-05,0.0001200106849858,0.00026391764508016367,0.01624554231412924,0.00026786060233484934,0.01636644745614788,0.00028471079106949,0.016873375212727595,0.0003224242444336081,0.017956175662807716
2015-09-11,0.0001540317435698,2.3725778027158744e-08,6.509205005134091e-05,0.0002489992074767996,0.01577970872598096,0.0002386910587057972,0.01544962972714224,0.00026299823775695444,0.016217220407855178,0.00028990919025760983,0.01702671989132404
2015-09-14,0.0105929453984274,0.000112210492214,8.22466247890707e-05,0.00023406067857487323,0.015299041753484864,0.0002116042737422969,0.014546624135595753,0.00022931646277150736,0.01514319856475201,0.00025858932314421683,0.01608071276853787
2015-09-15,-0.0054963440346811,3.02097977475755e-05,3.779148323641961e-05,0.0002267496673932247,0.015058209302344841,0.000199213009780539,0.014114283891878432,0.00020324429252899283,0.014256377258230537,0.00023100293588570127,0.015198780736812452
2015-09-16,0.0089075730435619,7.93448575263923e-05,2.1311613291773963e-05,0.00021495727521448566,0.014661421323135273,0.00018007885855788485,0.013419346428119547,0.0001974217633656282,0.01405068551230253,0.00021200610333464983,0.014560429366424942
2015-09-18,0.0104213197402917,0.0001086039051293,5.532755022049415e-05,0.00020682053015319996,0.014381256209149462,0.00016828414120645619,0.012972437751111246,0.0001755675982703503,0.013250192386163692,0.00018997266149313024,0.013783057044543138
2015-09-21,-0.0006015169913181,3.618226908444414e-07,3.613022420380231e-05,0.0002009275326517716,0.014174890922041397,0.0001609096955082615,0.012685018545838296,0.00015711149392583172,0.012534412388533884,0.00017056571263463714,0.013060080881626926
2015-09-22,-0.0209139361191767,0.000437392723997,0.0003157075523653,0.00018889359005411596,0.013743856447668389,0.0001435188035596388,0.011979933370417334,0.00014086962304278044,0.011868850957139045,0.00015353565761966418,0.012390950634219482
2015-09-23,0.0043364869720647,1.880511925888755e-05,0.0001509908417399,0.00020380353809068923,0.014275977657964067,0.00017242837426978546,0.01313119850850582,0.0001979738972323228,0.01407031972743771,0.00021522452552847788,0.014670532557766193
2015-09-24,0.0028699470722847,8.236596197715961e-06,4.784077534487826e-05,0.00019270363296078108,0.013881773408350284,0.00015546944719248463,0.012468738797187334,0.00017503269706423867,0.013229992330467871,0.0001928074321718573,0.013885511592010475
2015-09-28,-0.0092951223724626,8.639929991905607e-05,6.591771073110106e-05,0.00018163561075499715,0.013477225632710805,0.00013954967896513278,0.01181311470210684,0.00015507771199790803,0.012453020195836351,0.000173062564915819,0.01315532458420616
2015-09-29,0.0060873145802312,3.7055398798696435e-05,0.0003276652035854,0.0001759214321048406,0.01326353769191465,0.00013350186335168567,0.011554300643123567,0.0001668299062158967,0.012916265180612261,0.00017083246873318879,0.01307028954282149
2015-09-30,0.0133739027610214,0.0001788612750612,3.9842692607330974e-05,0.00016758947010647187,0.012945635175860313,0.00012322154195060456,0.011100519895509604,0.00014869230882843512,0.012193945580837858,0.00015370712355131542,0.012397867701799185
2015-10-01,0.0002515754959328,6.329023015383633e-08,3.4197097842359274e-05,0.00016826577840375892,0.012971729969582273,0.0001285406349369163,0.011337576237314406,0.00013446818924137707,0.011596041964453952,0.00013862320246258518,0.011773835503462123
2015-10-05,0.0209588019821642,0.0004392713805275,8.494687371855974e-05,0.00015817362911334262,0.012576709788865393,0.00011514036939646503,0.010730348055700013,0.00011967902480952537,0.010939790894232183,0.00012533735781832052,0.011195416821999997
2015-10-06,0.0041297606980133,1.7054923422856064e-05,3.883389022373807e-05,0.00017503949419819627,0.013230249211492438,0.00014776476062313424,0.012155852936883295,0.00011053329789616895,0.010513481720922377,0.00011363525021609759,0.010659983593612966
2015-10-07,0.0030005595334899,9.003357514017275e-06,1.6983136798153544e-05,0.0001655604199516758,0.012867028404090658,0.00013369269633640678,0.01156255578738571,9.961370463097378e-05,0.009980666542419588,0.00010332809050435736,0.010165042572678059
2015-10-08,-0.0058932581603976,3.473049174509314e-05,4.485352946615105e-05,0.00015616699620541626,0.012496679407163178,0.00012055540755850227,0.010979772655137367,8.990944865678562e-05,0.009482059304643986,9.424959415072014e-05,0.009708223017149954
2015-10-09,0.0073963094292302,5.4705393172920625e-05,4.610455855547144e-05,0.00014888080593779686,0.012201672259891137,0.00011164843616463314,0.01056638235938077,9.518790647059978e-05,0.009756428981476767,9.234769995250849e-05,0.009609771066602393
2015-10-12,-0.0056449363258414,3.1865306122804684e-05,7.279582962111655e-05,0.00014323028117190422,0.011967885409373881,0.00010586532918245779,0.010289087869313674,8.673179707348792e-05,0.009312990769537352,8.457811933537577e-05,0.009196636305485596
2015-10-13,-0.0014623268695636,2.1383998734478234e-06,2.0793756420874368e-05,0.0001365483826689582,0.011685391849183244,9.849372659722688e-05,0.009924400566141356,9.155656486864569e-05,0.0095685194710909,8.332633768865745e-05,0.009128326116471599
2015-10-14,-0.0029311448392646,8.591610068748079e-06,1.0096192465040986e-05,0.00012848378370122754,0.011335068755910904,8.903537575896025e-05,0.009435855857258537,8.575327175606783e-05,0.00926030624526359,7.700738707306918e-05,0.008775385294849974
2015-10-15,0.0087921410807536,7.730174478387548e-05,1.998997263191817e-05,0.00012129025328327874,0.011013185428534232,8.140368589656354e-05,0.00902239912088595,8.398010299893709e-05,0.009164065855226985,7.257407574031047e-05,0.008519041949674297
2015-10-16,0.0071448275156084,5.104856022779498e-05,5.234690648177264e-05,0.00011865094277331452,0.01089270135335191,8.165971912888175e-05,0.009036576737287288,7.708437705449855e-05,0.00877977089988677,6.716160689960817e-05,0.008195218538855945
2015-10-19,0.0044690883706706,1.9972750864863824e-05,1.0161776941936004e-05,0.00011459479982058335,0.010704896067715153,7.923237097436982e-05,0.008901256707587409,7.075626798928658e-05,0.008411674505666905,6.239433055816602e-05,0.007899008200917759
2015-10-20,-0.0016205672034621,2.626238060937037e-06,2.222300479247715e-05,0.00010891747688324013,0.010436353620074404,7.396787601094799e-05,0.008600457895423243,6.479193454606404e-05,0.00804934373387446,5.819533664506561e-05,0.007628586805238937
2015-10-21,-0.0012051093404612,1.4522885224670376e-06,3.157927269841358e-05,0.00010254000255390195,0.010126203758265086,6.760531744878158e-05,0.008222245280261444,6.210291143380111e-05,0.007880540047090752,5.495772743740237e-05,0.007413347923671354
2015-10-23,0.0052879318689634,2.796222345079954e-05,1.1725478854875086e-05,9.647473971201584e-05,0.009822155553238598,6.19145258095743e-05,0.007868578385551885,5.885575961872208e-05,0.0076717507531672375,5.190005582134447e-05,0.007204169335970974
2015-10-26,-0.0042160476348582,1.777505765939357e-05,3.721478093844119e-05,9.236398873634282e-05,0.009610618540777842,5.960813522161424e-05,0.0077206304937883306,5.434754664904028e-05,0.007372078855318917,4.8952030284068874e-05,0.0069965727527174955
2015-10-27,-0.0033527781799373,1.1241121523864135e-05,3.302027086472728e-06,8.788865287172586e-05,0.009374894819235353,5.655933076010881e-05,0.007520593777096913,5.7672410828279354e-05,0.007594235368243426,4.947453690858268e-05,0.007033813823849952
2015-10-28,-0.0075225686348222,5.658903886561085e-05,3.228389288025641e-05,8.328980099085414e-05,0.009126324615684791,5.322930968467723e-05,0.007295841944880469,5.905213740046296e-05,0.007684538854118897,4.878820290463614e-05,0.0069848552529480626
2015-10-29,-0.0073021729802976,5.3321730234188954e-05,3.625621158778076e-05,8.168775526333953e-05,0.009038127862745665,5.4893083134493224e-05,0.0074089866469371655,6.949263132961568e-05,0.008336224045070747,5.614119831991307e-05,0.007492743043766619
2015-10-30,-0.0056807513422626,3.22709358126194e-05,5.692578328191239e-05,7.998579376159046e-05,0.008943477721870305,5.6020189181808574e-05,0.007484663598439717,7.922504191553233e-05,0.00890084501131956,6.204434365374187e-05,0.007876823195536502
2015-11-02,-0.0018614353765358,3.4649416610191255e-06,2.371655553838278e-05,7.712290228465213e-05,0.00878196460278975,5.488115466219781e-05,0.007408181602943991,8.456515090492151e-05,0.009195931214668883,6.354987587466125e-05,0.007971817601692932
2015-11-03,0.0012289844981697,1.5104028967415412e-06,2.6088398894226195e-05,7.270342464723414e-05,0.008526630321952168,5.0974195117894786e-05,0.007139621496822839,8.042717967723208e-05,0.008968120186373066,5.982115282273358e-05,0.007734413540969579
2015-11-04,-0.0025464428174963,6.484371022778751e-06,4.3653803222251335e-05,6.843184334220457e-05,0.008272354159621345,4.735513636755655e-05,0.006881506838444364,7.28528700992386e-05,0.008535389276373902,5.592889415782829e-05,0.007478562305538966
2015-11-05,-0.0105967298586547,0.0001122906836973,4.2886674195540266e-05,6.4714995003039e-05,0.008044563070983968,4.4687997137811754e-05,0.006684908162257112,7.136095704882404e-05,0.008447541479556288,5.363846934953544e-05,0.007323828872218099
2015-11-06,-0.0001446145447922,2.0913366565481853e-08,3.3276525906383855e-05,6.75695363246949e-05,0.008220069119216388,5.303862349998987e-05,0.007282762079045962,8.970425822095657e-05,0.009471233194307729,7.01876453120254e-05,0.008377806712500916
2015-11-09,-0.0049276522249893,2.4281756450442717e-05,0.0001611987446301,6.351661894720713e-05,0.007969731422526554,4.901268945409326e-05,0.007000906330904111,8.111380040957787e-05,0.009006320025936113,6.50633203484566e-05,0.008066183753700171
2015-11-10,-0.0167981368479892,0.0002821774015637,7.414678140543206e-05,6.116252719740122e-05,0.007820647492209403,4.7937194521844594e-05,0.006923669151674175,8.449236433516488e-05,0.009191972820628055,6.480705894693638e-05,0.008050283159425908
2015-11-13,-0.0027146086971354,7.369100378563217e-06,1.1722647585177488e-05,7.442341965938351e-05,0.008626900930194081,7.304281451058881e-05,0.008546508907769815,0.0001226654587685578,0.011075443953564922,0.00010983609124701467,0.010480271525443159
2015-11-16,0.0056973016429889,3.2459246011204425e-05,9.274683007711748e-05,7.040016050253428e-05,0.00839048034992838,6.727419424929465e-05,0.008202084750189713,0.00011664509143321353,0.010800235711928398,0.00010127491708243733,0.010063543962364219
2015-11-17,0.0039567183391247,1.5655620015166387e-05,2.6787130059977148e-05,6.812370563305447e-05,0.008253708598748473,6.475624360379054e-05,0.008047126419026268,0.00010520078918301101,0.010256743595460062,9.244116894553293e-05,0.009614633063488847
2015-11-18,-0.0135845913820275,0.0001845411230166,8.337537038038785e-05,6.497562049598114e-05,0.008060745653845005,6.085389435112595e-05,0.00780089061268814,9.493824843835793e-05,0.009743626041590365,8.466044637057121e-05,0.009201111148691293
2015-11-19,0.0142478689427783,0.0002030017694105,4.731080651427384e-05,7.214955064722163e-05,0.0084940891593638,7.449375739439379e-05,0.008630976618807039,0.0001226985347558924,0.011076937065628404,0.00011018994051798521,0.010497139635061792
2015-11-20,0.0017580157603643,3.0906194136892728e-06,4.637274955725539e-05,8.000068377302352e-05,0.008944310133991527,8.830385110962295e-05,0.00939701288227397,0.00011198312679862663,0.010582208030398317,0.00010029347841447273,0.010014663170295481
2015-11-23,-0.0009295680963622,8.640968457744707e-07,1.600402447234526e-05,7.538607991146346e-05,0.008682515759355894,8.020742749067972e-05,0.008955859952605318,0.00010047699034606301,0.010023821144955801,9.157672251932134e-05,0.009569572744868046
2015-11-24,-0.0022511419581774,5.067640115867002e-06,1.9528763214264384e-05,7.091476092752212e-05,0.008421090245777094,7.289183568795952e-05,0.008537671561260689,9.238744272140912e-05,0.009611838675373673,8.405067524002197e-05,0.009167915534079816
2015-11-26,0.0066431524907187,4.413147501494236e-05,2.4713543840478997e-05,6.696393367882279e-05,0.008183149374099363,6.690952149467336e-05,0.008179824050349333,8.835957270042284e-05,0.009399977271271608,7.815939427909385e-05,0.008840780184977673
2015-11-27,0.0074432960618276,5.540265626401857e-05,3.666786988755787e-05,6.559398615898995e-05,0.008099011430970447,6.56157671589708e-05,0.008100355989644578,8.061849320788945e-05,0.008978780162577178,7.208112841618867e-05,0.008490060566108387
2015-11-30,-0.0009384329548349,8.806564107203191e-07,1.0665124112406862e-05,6.498250636529165e-05,0.008061172766123528,6.562111067470532e-05,0.008100685815084135,7.391973795584892e-05,0.008597658864821802,6.67274212833637e-05,0.008168685407295578
2015-12-01,0.0024732192560477,6.116813488485334e-06,8.233889926778996e-06,6.113639536801736e-05,0.00781897661897114,6.011905569879866e-05,0.007753647896235594,6.889678164682119e-05,0.008300408522887364,6.216643688636239e-05,0.00788456954350473
2015-12-02,-0.0029648056574549,8.79007258647703e-06,2.681067963023457e-05,5.783522045524542e-05,0.007604947104039936,5.5829300987726296e-05,0.007471900761367638,6.288014884188929e-05,0.007929700425734208,5.7994609002286975e-05,0.00761541916129946
2015-12-03,-0.0085088285592863,7.240016345132777e-05,2.0205129183303497e-05,5.489251158311929e-05,0.007408948075342362,5.234240529390438e-05,0.007234805131716015,6.309613795810449e-05,0.007943307746657214,5.5862538501275596e-05,0.007474124597655273
2015-12-04,-0.01051393274392,0.0001105427817436,1.2385573980639454e-05,5.5942970695211705e-05,0.007479503372230786,5.571327437182685e-05,0.007464132526411013,7.590394667571005e-05,0.008712287109347927,6.514672706774911e-05,0.008071352245302463
2015-12-07,-0.0021225558652615,4.505243401156133e-06,3.746440967733413e-05,5.9218959358119395e-05,0.007695385588657621,6.251783854715267e-05,0.007906822278713027,9.40637464626053e-05,0.009698646630463721,8.001734643545537e-05,0.008945241552661133
2015-12-08,-0.008236846826399,6.784564564156083e-05,4.445519221911416e-05,5.593613640070159e-05,0.0074790464900748935,5.776734596344175e-05,0.007600483271703303,8.955522304945238e-05,0.00946336214299402,7.450817013184095e-05,0.008631811520870978
2015-12-09,-0.0116494760359169,0.0001357102919114,5.666846380510497e-05,5.665070695515305e-05,0.007526666390584417,6.000433938757286e-05,0.00774624679361385,0.00010116960299486524,0.01005831014608643,8.077049612136094e-05,0.008987240740147165
2015-12-10,0.0092574839139351,8.570100841676774e-05,4.137988325309752e-05,6.1394282052528e-05,0.00783545034139889,6.881780599160746e-05,0.008295649823347623,0.00012272578849594474,0.011078167199313465,9.819500494664196e-05,0.009909339279015628
2015-12-11,-0.009526788440796,9.075969799568514e-05,0.0001008703928739,6.285268563438235e-05,0.007927968569210044,7.148554342776015e-05,0.008454912384392882,0.00011111842204831146,0.010541272316391008,8.972839725485772e-05,0.009472507442850478
2015-12-14,0.0051898297247641,2.693433257204507e-05,7.94396746731666e-05,6.452710637606047e-05,0.008032876594101297,7.433283212329302e-05,0.00862164903735318,0.0001257996363838075,0.01121604370461383,9.819728690784184e-05,0.009909454420291858
2015-12-15,0.0066250342311558,4.389107856398711e-05,3.9190871383062666e-05,6.227153994781954e-05,0.007891231839695216,7.038006314423232e-05,0.008389282635853456,0.0001130682474610863,0.010633355418732428,8.973040719348196e-05,0.009472613535528722
2015-12-16,0.0064717605906419,4.188368514258639e-05,2.2257017097465137e-05,6.116871226478954e-05,0.007821042914138085,6.86309294401367e-05,0.008284378639351095,0.00010224363843202058,0.010111559643893745,8.227282054924676e-05,0.00907043662395845
2015-12-17,0.0119845868239735,0.0001436303213413,7.897852826127934e-05,6.0011610637457305e-05,0.007746716119586241,6.68963201675463e-05,0.008179017066099465,9.276537650138714e-05,0.009631478417220648,7.570421435230047e-05,0.008700816878448854
2015-12-18,-0.0105599234296625,0.0001115119828403,4.069836463774233e-05,6.502873327969143e-05,0.008064039513772948,7.565361240868808e-05,0.008697908507721158,8.532081206120668e-05,0.009236926548436265,6.99186178308109e-05,0.008361735336089686
2015-12-21,0.0092970839936813,8.643577078556555e-05,6.848171677321543e-05,6.781772825333005e-05,0.008235151987263505,8.00791429055581e-05,0.008948695039253383,0.00010363108440719995,0.010179935383252682,8.439047717855806e-05,0.009186428967697844
2015-12-22,-0.0061905952301657,3.832346930375054e-05,2.8509125567341827e-05,6.893481080526416e-05,0.008302699007266502,8.142224527496552e-05,0.009023427579083546,9.444097767719339e-05,0.009718074792735102,7.756943605626946e-05,0.008807351250873867
2015-12-23,0.0102032371351069,0.0001041060480352,1.2041196462598669e-05,6.709813031517333e-05,0.008191344841671198,7.773915818195672e-05,0.00881698123974168,0.0001002403151900217,0.010012008549238345,7.828638230136514e-05,0.008847959216755304
2015-12-24,-0.0006231818889286,3.88355666688742e-07,1.6545397425149276e-05,6.931860537837639e-05,0.008325779565805018,8.115762789377824e-05,0.0090087528489674,9.161423338963598e-05,0.009571532447295783,7.219297885294801e-05,0.008496645152820495
2015-12-28,0.0081210742469741,6.595184692486713e-05,3.181748454195611e-05,6.518279039567513e-05,0.00807358596880439,7.367595535141571e-05,0.008583469889934706,8.386889315781789e-05,0.009157996132223354,6.689408607993966e-05,0.00817888049062582
2015-12-29,0.000479408231073,2.298322520206256e-07,8.920467597813186e-06,6.522893378742657e-05,0.008076443139614527,7.374555952047369e-05,0.008587523480053705,7.688657716380801e-05,0.008768499139750656,6.215869951632993e-05,0.007884078862893872
2015-12-30,-0.0041326797069952,1.707904156061033e-05,1.7342310740149996e-05,6.132898769530221e-05,0.007831282634109319,6.716857883444102e-05,0.00819564389382805,6.963923773561329e-05,0.008345012746282254,5.798779396406167e-05,0.007614971698178639
2015-12-31,0.0063247528004326,4.000249798658056e-05,2.3827149072932977e-05,5.867399092722067e-05,0.00765989496841965,6.311034314156095e-05,0.007944201856798514,7.189783117353884e-05,0.008479258881148685,5.731105899964215e-05,0.007570406792216792
2016-01-04,-0.0197050145234202,0.0003882875973682,0.0001429296231209,5.755370135078223e-05,0.007586415579888979,6.187148260143252e-05,0.00786584277756888,6.60555392061193e-05,0.008127455887676003,5.3718015676740847e-05,0.007329257511968101
2016-01-05,-0.0008538680302466,7.290906130773561e-07,2.739184714454856e-05,7.739773511182737e-05,0.008797598258151334,9.596338574374607e-05,0.009796090329501156,0.00011285827662207828,0.010623477614325654,0.00011868881117318106,0.010894439461173808
2016-01-06,-0.0056229552549625,3.161762579931054e-05,3.808375753153826e-05,7.279761644190235e-05,0.008532151923278344,8.667700496018738e-05,0.009310048601386964,0.00010307524060595981,0.010152597726983957,0.00010790718112976805,0.010387838135520213
2016-01-07,-0.0225624324733549,0.0005090633591147,8.71045904372266e-05,7.032681700334683e-05,0.0083861085733102,8.16638971372587e-05,0.00903680790640471,0.00010677864881247242,0.010333375480087444,0.00010383100013500357,0.010189749758213082
2016-01-08,0.0043574301946149,1.8987197900941792e-05,1.7538851908311785e-05,9.665100953002803e-05,0.009831124530287878,0.0001254956318199305,0.011202483288089767,0.00016886766172849533,0.012994909069650904,0.00018402144976154304,0.013565450591909693
2016-01-11,-0.0049455432107058,2.445839764895833e-05,7.761672559804348e-05,9.199118083228284e-05,0.009591203304710147,0.00011438492565397695,0.0106950888567593,0.00015009193215669795,0.012251201253619906,0.0001653239141623138,0.01285783473848975
2016-01-12,-0.0071049470232057,5.048027220256035e-05,6.411232585010113e-05,8.793921384128337e-05,0.009377591046813854,0.00010520694732396219,0.010257043790681708,0.00014783312474639908,0.012158664595521956,0.00015314710084779435,0.012375261647649894
2016-01-13,0.0069132015057189,4.7792355058674206e-05,0.0001745086137875,8.569167734295995e-05,0.009256979925599923,9.97972426960955e-05,0.009989856990772965,0.00015268887580669062,0.012356734026703441,0.00014698806232857348,0.012123863341714699
2016-01-14,-0.0033909243778356,1.149836813620042e-05,0.0001651456954018,8.34177180059028e-05,0.009133330061149811,9.478803352672929e-05,0.009735914621992598,0.00013666709222989788,0.01169047014580243,0.0001327050858761476,0.011519769349954348
2016-01-15,-0.0132225829045312,0.0001748366986672,0.0001243528570756,7.910255701372062e-05,0.008893961828888216,8.673535067908232e-05,0.009313181555144424,0.0001310593979446151,0.011448117659450181,0.0001221424081802518,0.011051805652482847
2016-01-18,-0.0117387215413259,0.0001377975834247,0.0001066559703601,8.484660551292942e-05,0.009211221716630722,9.618015520092559e-05,0.009807148168602613,0.00015761176433052977,0.012554352405860279,0.00014150096797350663,0.011895417940261983
2016-01-19,0.0113756844633348,0.0001294061970093,6.38030326974642e-05,8.802366418764098e-05,0.009382092740302718,0.00010071079786208199,0.01003547696236118,0.00017799981046511326,0.013341656961004254,0.00015205238200591793,0.01233095219380555
2016-01-20,-0.0170645596338279,0.0002911991954964,0.0003508038506485,9.050661615694394e-05,0.009513496526353702,0.00010383112700049179,0.010189755983363477,0.00015940797677641526,0.012625687180364293,0.00013716571412234328,0.011711776727821586
2016-01-21,-0.0044563049278707,1.985865361016532e-05,0.000148672029942,0.00010254817091731542,0.010126607078252588,0.00012290498980473998,0.011086252288521128,0.00020057377959431153,0.01416240726692717,0.00017515236132408576,0.013234514019188078
2016-01-22,0.0198180393784127,0.0003927546848043,7.411866440498608e-05,9.758679987888638e-05,0.009878603133990471,0.00011220410190088989,0.010592643763522395,0.00019134332196663382,0.01383269033726389,0.00016099680036400855,0.012688451456502032
2016-01-25,0.001844010986664,3.400376518937569e-06,2.8232333804544956e-05,0.00011529687297441219,0.010737638146930273,0.0001404950294716215,0.011853059920190291,0.00017274563564945042,0.013143273399326761,0.00014504391449945132,0.012043417891091021
2016-01-27,0.0002151550935434,4.629171427768763e-08,2.2018510184760315e-05,0.0001085830831870837,0.010420320685424403,0.00012594687485053052,0.01122260552859854,0.00015290506848227936,0.012365478902261706,0.00013099268988303419,0.011445203793862047
2016-01-28,-0.0017628513745914,3.107644968899063e-06,2.2879179666213177e-05,0.00010207087569871533,0.010103013198977587,0.00011286708080419117,0.010623891980069789,0.00013554937684496056,0.011642567450736996,0.00011861643929514014,0.010891117449331824
2016-01-29,0.0185350984938957,0.0003435498761784,0.0001921403711133,9.613308185492633e-05,0.009804747924088938,0.00010172121315533793,0.010085693489063503,0.00012541186078894164,0.011198743714762904,0.00010826081783887251,0.010404845882514191
2016-02-01,-0.0010052726631166,1.010573127209706e-06,2.2053420479969708e-05,0.00011097808951433563,0.010534613875901462,0.00012634459351236834,0.011240311094999476,0.00011513207313469891,0.010729961469394889,9.859431650621844e-05,0.0099294670806755
2016-02-02,-0.0133766629206659,0.0001789351108931,0.0001408503269345,0.00010438003853110807,0.010216654958013806,0.000113312788810026,0.010644847993749183,0.00010545318212419186,0.01026903998065018,9.025744124922763e-05,0.0095003916366236
2016-02-03,-0.0126542537612866,0.000160130138255,3.157874510220958e-05,0.00010885334287282866,0.010433280542227773,0.00011987017196220457,0.010948523734376455,0.00013265534472548955,0.011517610200275469,0.00011413602048401015,0.010683446095900431
2016-02-04,0.005715953184809,3.267212081092873e-05,5.449369884731892e-05,0.0001119299505957611,0.010579695203348775,0.00012371371190871323,0.011122666582646143,0.00015715235620294453,0.012536042286261822,0.0001318683178237013,0.011483393131984173
2016-02-05,0.0114282484242265,0.0001306048620458,6.043627238972425e-05,0.00010717448080867112,0.010352510845619584,0.0001142065303889424,0.01068674554712249,0.0001402825736898636,0.011844094464747552,0.00011938768814531847,0.010926467322301315
2016-02-08,-0.0136931019234252,0.0001875010402853,0.00014543005358,0.00010858030368290098,0.010420187315154223,0.0001157715294634596,0.010759717908173039,0.0001267908341169971,0.011260143609963288,0.00010839480997499038,0.010411282820814657
2016-02-09,-0.012127772043135,0.0001470828547302,1.5792642863144402e-05,0.00011331554787904558,0.010644977589410208,0.00012288865680954103,0.011085515631198263,0.00015507661865384967,0.012452976297008264,0.00013161445033857904,0.0114723341277431
2016-02-10,-0.011368534484495,0.0001292435763251,6.118645764179853e-05,0.00011534158629011766,0.010739720028479218,0.0001250394718070686,0.011182104981043087,0.00017700361327290526,0.013304270490068415,0.00014497373642073346,0.012040503993634712
2016-02-11,-0.0337333633197819,0.0011379398008644,0.0004445907451162,0.00011617570569221973,0.010778483459755354,0.00012512134834723095,0.01118576543412345,0.00019506738517183084,0.013966652611554095,0.00015361014839662462,0.0123939561237171
2016-02-12,0.0006591672782349,4.345015006956149e-07,0.0002051713566523,0.000177481551402551,0.013322220212958162,0.00022707160906183113,0.015068895416115646,0.00032175498130726087,0.017937529966727886,0.0003382200142764105,0.0183907589369338
2016-02-15,0.0257368959166137,0.0006623878114226,0.0001129646974287,0.00016685872840843967,0.012917380864882776,0.00020146964236589834,0.014194000224246101,0.00027897479163338664,0.016702538478727914,0.0003011412629560037,0.017353422226062606
2016-02-16,-0.0161425754990748,0.0002605827437433,0.0001982541709259,0.00019659047338928972,0.01402107247642953,0.00024590530690998114,0.015681368145349473,0.0002494770965129242,0.015794843985077033,0.00026848247839633075,0.016385434946815748
2016-02-17,0.0085048856518307,7.233307995071681e-05,0.0001933672349853,0.00020043000961053213,0.01415733059621524,0.00024423891351739885,0.01562814491606086,0.00028421940351487727,0.016858807891273846,0.00028544304913702986,0.016895059903327656
2016-02-18,0.0116502910075185,0.0001357292805598,5.3387445801035466e-05,0.00019274419383094314,0.013883234271269182,0.00022376625395801076,0.014958818601681443,0.00024941138983305,0.015792763844022048,0.0002546555676782384,0.01595793118415537
2016-02-19,0.0026384323585623,6.961325310708695e-06,4.570849525249854e-05,0.00018932329903467856,0.01375948033301689,0.00021223967193316522,0.014568447821685234,0.00022064181311056704,0.014854016733212839,0.00022753810312433888,0.015084366182386944
2016-02-22,0.003295165423269,1.0858115166708091e-05,1.8460029333932147e-05,0.00017838158061124035,0.013355956746382505,0.00018913929042303093,0.013752792095535761,0.00019398614380313622,0.013927890859822826,0.0002036531716795453,0.014270710272426712
2016-02-23,-0.0174292103005059,0.0003037773716992,0.0001601484383481,0.00016833017268456837,0.012974211832884816,0.0001693019390239623,0.013011607856985328,0.0001713956089502983,0.013091814578212537,0.00018261543974506004,0.013513528027316184
2016-02-24,-0.0128608796700014,0.0001654022258862,4.76667954922073e-05,0.00017645700462544993,0.013283712004761694,0.00018151363160191889,0.013472699492006747,0.00021405195469122092,0.014630514505348776,0.00021739143976032773,0.014744200207550347
2016-02-25,-0.006876725240095,4.728935002775987e-05,3.9036024111843405e-05,0.00017579371790109826,0.013258722332905922,0.0001782325057941649,0.013350374743585473,0.00023604581214936373,0.01536378248184228,0.00022374032098233538,0.01495795176427359
2016-02-26,0.0084498250215755,7.139954289524483e-05,3.365330349420665e-05,0.00016808345582869792,0.012964700375585158,0.00016342952255616756,0.01278395566936023,0.00023196350156698512,0.015230348044840771,0.00020860629536740029,0.01444320931674814
2016-02-29,-0.0060927355742289,3.712142677747512e-05,0.0005380697350761,0.00016228242105269063,0.012739011776927229,0.0001529004523343799,0.012365292246218035,0.00020499375158173226,0.014317602857382665,0.00018697812710164236,0.013673994555419509
2016-03-01,0.0331150269508819,0.0010966050099576,0.0002845392473271,0.00015477276139617765,0.012440770128741133,0.00014021717084462126,0.011841333153180906,0.00020115297656959444,0.0141828409202668,0.00017444209669560868,0.01320765295938717
2016-03-02,0.0200882345975481,0.0004035371692461,3.4858073723505786e-05,0.0002112826963098651,0.014535566597483054,0.00023611745458248818,0.015366113841257592,0.00018424260220661036,0.013573599456541009,0.00015688646640961377,0.012525432783325843
2016-03-03,0.014382727390574,0.0002068628471915,3.948865475733638e-05,0.00022281796468604092,0.01492708828559813,0.0002501053064303982,0.01581471803195992,0.00016666484888772413,0.012909874084890376,0.00014142355226033618,0.011892163481063325
2016-03-04,0.0013033933343828,1.6988341841136192e-06,2.46530868821332e-05,0.00022186065763637254,0.01489498766821821,0.00024249148079272137,0.015572137964734367,0.00015024754387689851,0.012257550484370787,0.000127803892363388,0.011305038361871578
2016-03-08,-6.718875810813698e-06,4.5143292161137426e-11,4.651775561813265e-05,0.00020865094822923697,0.014444755042202584,0.00021510180623632178,0.01466634945159571,0.00013347394637655446,0.011553092502726466,0.00011580776188419923,0.010761401483273413
2016-03-09,0.0061929600024488,3.835275359193182e-05,8.477447551938828e-05,0.00019613189404408027,0.014004709709382779,0.00019094280889022573,0.013818205704440274,0.00011879324314308193,0.010899231309733817,0.0001052416361805885,0.01025873462862689
2016-03-10,-0.0060793974986435,3.695907394651305e-05,6.378453306630717e-05,0.0001866651456169513,0.013662545356446261,0.00017365839526999128,0.013177951102883608,0.00010715604383776045,0.010351620348416978,9.593503591533518e-05,0.009794643225525633
2016-03-11,0.0032074889464729,1.0287985341746182e-05,4.4519444043140784e-05,0.000177682781316725,0.013329770490024387,0.00015838023269864154,0.012584920845942637,0.00011184497281533196,0.010575678361945959,9.422329374536291e-05,0.00970686837993402
2016-03-14,0.0037942631968658,1.439643320709086e-05,2.9825282189030897e-05,0.00016763909355822621,0.01294755164338904,0.0001423060870513718,0.011929211501661449,0.00010060044944442226,0.010029977539577158,8.623013326273043e-05,0.009286018159724352
2016-03-15,-0.010420532757604,0.0001085875029522,5.476037889730895e-05,0.00015844453393715807,0.012587475280498393,0.00012864357311094125,0.01134211501929606,9.08976816230681e-05,0.00953402756567591,7.918979622305245e-05,0.008898864883964271
2016-03-16,0.0051004869597104,2.6014967226176107e-05,6.86213030193559e-05,0.00015545311207806648,0.012468083737209439,0.0001261914917974033,0.011233498644563203,0.00010876165719978066,0.010428885712279172,9.204330733690178e-05,0.009593920332007233
2016-03-17,0.0018385894298917,3.3804110917094985e-06,7.129498924819574e-05,0.00014768682338695303,0.012152646764674476,0.00011570415453904583,0.010756586565404744,9.823211066707794e-05,0.00991121136224417,8.431001179296165e-05,0.0091820483440767
2016-03-18,0.0121455354001086,0.0001475140301552,5.770956547067608e-05,0.0001390284386492384,0.01179103212824214,0.00010423342436294332,0.01020947718362421,8.851958355271285e-05,0.009408484657622227,7.749856253188347e-05,0.00880332678774811
2016-03-21,0.0130516598291204,0.000170345824295,5.6391210760342856e-05,0.00013953757413960157,0.011812602344090043,0.00010874507980488841,0.010428090899339553,8.15985412988403e-05,0.009033191091681849,7.149907101693025e-05,0.00845571233054497
2016-03-22,0.0013813866658977,1.908229120720221e-06,4.349220525075326e-05,0.00014138606914892998,0.011890587418161055,0.00011500232879308675,0.010723913874751453,7.560981947361214e-05,0.008695390702758108,6.621474794859721e-05,0.008137244493598383
2016-03-23,0.0002073820485646,4.300731406688953e-08,1.925421604549474e-05,0.00013301739874723738,0.011533316901361784,0.00010347008637974191,0.010172024694216089,6.864389862006001e-05,0.008285161351480127,6.15603417785789e-05,0.007846039878727286
2016-03-28,-0.0132277622974579,0.000174973695398,0.0001603757444975,0.00012503893526124714,0.011182080989746369,9.318195335575383e-05,0.009653079993232928,6.235470045270279e-05,0.007896499253004638,5.746076336667316e-05,0.0075802878155564225
2016-03-29,-0.0023796985402065,5.6629651422612595e-06,3.1024903086152036e-05,0.00012803502086945523,0.01131525611152727,0.00010183981879500883,0.010091571671202105,8.781143554973747e-05,0.009370775610894623,8.455372826562665e-05,0.00919531012340675
2016-03-30,0.0180279329159478,0.0003250063652219,5.91345452881814e-05,0.00012069269752582356,0.010986022825655495,9.232180930429731e-05,0.009608423872014459,8.454569507639828e-05,0.009194873303988384,7.870694677876002e-05,0.0088716935688041
2016-03-31,0.0004135698294723,1.710400038498211e-07,3.4411744062320424e-05,0.000132951517587589,0.011530460423920157,0.00011623985375331737,0.01078145879523348,7.897347147162727e-05,0.00888670194569545,7.256341001428803e-05,0.008518415933393251
2016-04-01,-0.0032812610960895,1.0766674380710864e-05,3.332998979060433e-05,0.00012498468893256464,0.011179655134777845,0.00010437843355196323,0.010216576410518508,7.146115420403577e-05,0.008453469950501733,6.715221257749022e-05,0.008194645360080582
2016-04-04,0.0059139837185546,3.4975203423329264e-05,2.1741680104931144e-05,0.00011813160805945339,0.01086883655500686,9.50605615113567e-05,0.009749900589819196,7.1695137732491e-05,0.00846729813650677,6.42753594688689e-05,0.008017191495085351
2016-04-05,-0.0202584208946938,0.0004104036171465,0.0001339274586925,0.00011314222378128591,0.010636833353084268,8.934519198883444e-05,0.00945225856548764,6.58196957299501e-05,0.008112933854651479,5.985213779966507e-05,0.007736416340894864
2016-04-06,0.0014654006885952,2.1473991781354988e-06,1.368039218803874e-05,0.00013097790738320276,0.011444557981119357,0.0001222581244705021,0.01105703958890001,0.00011461139109681133,0.01070567097835588,0.0001279725683448537,0.011312496114689
2016-04-07,-0.0089573577941213,8.023425865190651e-05,5.648601465828909e-05,0.00012324807689089871,0.011101715042771488,0.00010984874721097888,0.010480875307481664,0.00010270985550374159,0.010134587090934765,0.00011595633087173858,0.010768302135050752
2016-04-08,0.0011588138717068,1.3428495892601108e-06,1.1515591861685735e-05,0.00012066724779655913,0.010984864486945623,0.0001068676130567291,0.01033767928776711,0.00011595479442623935,0.010768230793693054,0.00011945175161518058,0.01092939850198448
2016-04-11,0.015263021567415,0.0002329598273673,0.0001638812251395,0.00011350778390412118,0.010654003186789517,9.628873481572411e-05,0.00981268234560378,0.00010382335511163236,0.010189374618279198,0.00010845123676512039,0.010413992354765794
2016-04-12,0.0048829015384887,2.3842727434575737e-05,1.781604684512406e-05,0.00012067490651191644,0.010985213084502114,0.00011041729897051989,0.010507963597696743,9.559396048585305e-05,0.00977721639761814,9.876203657091077e-05,0.009937909064330926
2016-04-13,0.0181888630048617,0.0003308347374096,5.059366366123319e-05,0.00011486497576727597,0.010717507908430764,0.00010166998334368413,0.010083153442434769,8.669314439235863e-05,0.009310915335903266,9.022783596136708e-05,0.009498833400021662
2016-04-18,0.0081509347042485,6.643773655292286e-05,3.5188672383341634e-05,0.000127823161465817,0.011305890564914248,0.00012501549530977146,0.011181032837344297,8.090766941984513e-05,0.008994869060739302,8.271095340733833e-05,0.009094556251260329
2016-04-20,6.292661701482301e-06,3.959759128930213e-11,3.056269347479728e-05,0.00012414003597104335,0.011141814752141743,0.00011875694562451736,0.010897566041301028,7.427814333997666e-05,0.008618476857309338,7.60901196524276e-05,0.008722965072292081
2016-04-21,-0.0003412181075164,1.1642979689711573e-07,5.104150437821785e-05,0.00011669163618863622,0.010802390299773297,0.00010656558946750564,0.01032306105123406,6.728282790206018e-05,0.008202611041739099,7.025852134583321e-05,0.008382035632579547
2016-04-22,-0.0016127659027939,2.6010138572147893e-06,1.4453888387076262e-05,0.00010969712380513185,0.010473639472749282,9.590035891764684e-05,0.009792872863345405,6.17937613030971e-05,0.007860900794635249,6.51425085494367e-05,0.008071090914457395
2016-04-25,-0.0056175110317398,3.155643019171896e-05,4.110004310023417e-05,0.00010327135720825681,0.010162251581625837,8.681087180465282e-05,0.009317235201745893,5.937342516862362e-05,0.0077054153144800455,6.107233653669761e-05,0.007814879176078003
2016-04-26,0.0136052345659834,0.0001851024075954,0.0001334909669017,9.89684615872645e-05,0.009948289379951937,8.177495471185377e-05,0.009042950553434083,6.546041302962234e-05,0.008090760967277575,6.25683574330645e-05,0.007910016272616921
2016-04-27,0.0021640210559946,4.6829871307882815e-06,1.4467286932417346e-05,0.0001041364983477544,0.010204729214817725,9.287276231104377e-05,0.009637051536182826,6.131834298799949e-05,0.007830602977293606,5.8348618678524e-05,0.007638626753450125
2016-04-28,-0.0167627158699707,0.0002809886433373,0.0001429788961037,9.816928767473641e-05,0.009908041566058168,8.436963307968163e-05,0.009185294392651856,5.613990643361482e-05,0.0074926568341019606,5.463189321563271e-05,0.00739133906783018
2016-04-29,0.0003248769344116,1.0554502251269353e-07,5.9108549765532e-05,0.00010913844901449428,0.010446934910034344,0.00010482967050217189,0.010238636164166197,9.180502858815991e-05,0.009581494068680516,0.00010066525486195387,0.0100332076058434
2016-05-02,-0.0056081833742117,3.1451720758784566e-05,1.632495593138873e-05,0.00010259647477497539,0.010128991794595126,9.437897073275191e-05,0.009714883979376795,8.267576429074224e-05,0.009092621420181435,9.190418141354776e-05,0.009586666856293054
2016-05-03,-0.0075741738575637,5.736810962460197e-05,0.0001421559124964,9.832778953400393e-05,0.009916036987325325,8.839239360204546e-05,0.009401722906044694,8.764413082561379e-05,0.009361844413661967,8.970652297870242e-05,0.00947135275336646
2016-05-04,-0.0052350803802913,2.7406066588110963e-05,1.6193934477641473e-05,9.587020873943977e-05,0.009791333348397437,8.57670107324891e-05,0.009261048036398963,9.750606883530276e-05,0.009874516131705025,9.231856543666573e-05,0.009608255067215157
2016-05-05,0.0037495319075121,1.4058989525451358e-05,3.0076482634257475e-05,9.176236021036004e-05,0.009579267206334733,8.044157093455297e-05,0.00896892250688749,0.00010055768625443288,0.010027845544005596,8.936159128812084e-05,0.009453126006148487
2016-05-06,-0.0002650218241854,7.0236567294595e-08,2.2253107628298985e-05,8.71001579692655e-05,0.009332746539431225,7.442958185011678e-05,0.008627258072534795,9.085317627820151e-05,0.009531693253467692,8.194796928520453e-05,0.0090525117666427
2016-05-09,0.0170009042776952,0.0002890307462593,8.521499774561994e-05,8.187836268514725e-05,0.009048666348426559,6.775151495825914e-05,0.008231130843223132,8.238939714058232e-05,0.00907686053327814,7.543041183097525e-05,0.008685068326212249
2016-05-10,0.0027612316174809,7.624400045376389e-06,2.0422379076580952e-05,9.430750569959973e-05,0.009711205162058915,9.108805464023009e-05,0.009544006215433333,7.690025128212766e-05,0.00876927883478041,6.967745390046217e-05,0.008347302192952055
2016-05-11,-0.0049502005585438,2.450448556980801e-05,7.392935486295776e-05,8.910651936034631e-05,0.009439624958670038,8.31036993189752e-05,0.009116123042114734,6.997241677514448e-05,0.00836495168994684,6.461027641021562e-05,0.008038051779518194
2016-05-12,0.0065463420522076,4.285459426450231e-05,2.559104706888528e-05,8.523039733291398e-05,0.009232031051340435,7.781602694484406e-05,0.008821339294282023,7.406945796479509e-05,0.008606361482345202,6.444710387111883e-05,0.008027895357509267
2016-05-13,-0.0108812233515407,0.0001184010216261,5.5088716981460576e-05,8.268784914880924e-05,0.009093285937921958,7.503853711438252e-05,0.00866247869344465,6.800711868314434e-05,0.00824664287350582,6.000340943759098e-05,0.007746186767538656
2016-05-16,0.0058498663461592,3.4220936267926037e-05,6.101634697866102e-05,8.483063949744756e-05,0.009210355014734642,8.023626477028418e-05,0.00895746977501371,8.707497495073034e-05,0.00933139726679399,7.686607729305422e-05,0.008767330112015529
2016-05-17,0.0038091656381104,1.4509742858561688e-05,2.1030482604109833e-05,8.179405730367627e-05,0.009044006706304251,7.628613947921066e-05,0.008734193693708118,7.936959118972703e-05,0.008908961285678989,7.094198107851684e-05,0.008422706279962328
2016-05-18,-0.0026140778146703,6.833402821151938e-06,2.9782169247598436e-05,7.775699843696935e-05,0.008817992880297044,7.083585061683902e-05,0.00841640366289777,7.229410409342074e-05,0.008502593962634034,6.572406582436208e-05,0.008107038042612239
2016-05-19,-0.0110838613858264,0.0001228519832202,7.056451402767921e-05,7.350158270002027e-05,0.008573306404183877,6.528726657409362e-05,0.008080053624456561,7.099819817402938e-05,0.008426042853797349,6.232725615446294e-05,0.007894761310797365
2016-05-20,-0.0043390900326874,1.8827702311767368e-05,3.506286092834067e-05,7.646260673123188e-05,0.008744289950089251,7.214581315092575e-05,0.008493869150800814,9.069077815368587e-05,0.009523170593541096,7.969395147547854e-05,0.00892714688327007
2016-05-23,-0.0024094956185153,5.8056691356447815e-06,5.782517352579245e-05,7.300451246606399e-05,0.008544267813339185,6.764593692406553e-05,0.008224715005643996,9.19339672175623e-05,0.009588220232011897,7.673658709446582e-05,0.008759942185566399
2016-05-24,0.0022997953380331,5.289058596839096e-06,1.2605674248831626e-05,6.897258186623882e-05,0.008304973321223784,6.238979212738963e-05,0.007898720917173212,8.833103941030178e-05,0.009398459416856669,7.184668796020037e-05,0.008476242561430175
2016-05-25,0.0237262813366222,0.0005629364260645,0.0001011808486325,6.515157047007481e-05,0.00807165227633567,5.7734370566948756e-05,0.007598313666001737,7.993758162344811e-05,0.008940781935795556,6.652092726370456e-05,0.008156036247081333
2016-05-26,0.0168393595342784,0.0002835640295246,0.0001015526285099,9.501866180574316e-05,0.009747751628234234,0.00010997974470912268,0.010487122804140452,7.571807546644295e-05,0.00870161338295623,6.183002305309728e-05,0.007863206919132759
2016-05-27,0.0107234347618368,0.0001149920530913,4.154154540756309e-05,0.00010633138386888015,0.01031171100588453,0.00012751869289272404,0.011292417495502194,7.09323226722839e-05,0.008422132905166238,5.7698297335555735e-05,0.00759593952948256
2016-05-30,0.0026752262230023,7.1568353442391565e-06,1.3062695754457797e-05,0.00010685102402222954,0.010336876898862129,0.00012585320156270353,0.011218431332530567,6.580586780017537e-05,0.008112081594768101,5.4059093329731745e-05,0.007352488920748657
2016-05-31,-0.0022523239460265,5.072963157844788e-06,3.394702132156074e-05,0.00010086937270155011,0.01004337456742255,0.0001135032098738852,0.010653788522111992,6.017654418362256e-05,0.007757354199959066,5.085370006396339e-05,0.007131178027784988
2016-06-01,0.0024296262330994,5.903083632565059e-06,1.0544189563133588e-05,9.512158812892776e-05,0.009753029689738863,0.00010247682196070872,0.010123083619170036,5.916323618966676e-05,0.007691764179280768,4.892059339832048e-05,0.006994325800126877
2016-06-02,0.0047564254428807,2.262358299368312e-05,3.002961936110441e-05,8.976847785914597e-05,0.009474622834664501,9.290393805526158e-05,0.009638668894368225,5.4263424622038715e-05,0.0073663711976819845,4.632773421165396e-05,0.006806447987875464
2016-06-03,0.0002250167286977,5.0632528193830946e-08,1.4461316654951462e-05,8.573978416721818e-05,0.009259577969174307,8.620894065387136e-05,0.009284876986469523,5.019170967120067e-05,0.007084610763563561,4.404395639853962e-05,0.006636562091816788
2016-06-06,-0.0024053331374929,5.78562750232145e-06,1.2663791903247655e-05,8.059843506887671e-05,0.00897766311847781,7.806570053602239e-05,0.00883547964380103,4.603291752905433e-05,0.006784756261580391,4.2032415961106115e-05,0.006483241161726603
2016-06-07,0.0079430070714572,6.30913613372201e-05,3.265172370845218e-05,7.610966661488338e-05,0.008724085431429668,7.151322275984913e-05,0.008456549104679115,4.639492053801238e-05,0.006811381690818125,4.127590526370437e-05,0.006424632694847571
2016-06-08,0.0007980422292402,6.368713996507013e-07,7.160508479431932e-06,7.532856829822352e-05,0.008679203206413796,7.156256474574247e-05,0.008459465984667264,4.3516286766762444e-05,0.006596687560189769,3.959432992993062e-05,0.0062924025562523115
2016-06-09,-0.0084301856371499,7.106802987680961e-05,4.1953040496605e-05,7.084706648430915e-05,0.008417069946502117,6.529785954083007e-05,0.008080709098886685,4.014674374669474e-05,0.00633614581166617,3.8113206518464364e-05,0.006173589435528116
2016-06-10,-0.0040980298028367,1.6793848264938607e-05,5.6435481271353496e-05,7.086032428785911e-05,0.008417857464216123,6.692489889439945e-05,0.008180763955426135,5.238013083033263e-05,0.007237411887569521,4.9279442660842443e-05,0.007019931813119159
2016-06-13,-0.0073031447296469,5.3335922942169864e-05,2.0718634299047843e-05,6.761633572648383e-05,0.008222915281485261,6.286812773274629e-05,0.007928942409473429,5.556474313357952e-05,0.007454176220990453,4.9590740493875356e-05,0.007042069333219842
2016-06-14,-0.0002157902993896,4.6565453310654875e-08,2.3535994581122224e-05,6.675951095942496e-05,0.008170649359715846,6.300603343331678e-05,0.007937633994668486,6.55232241387058e-05,0.008094641693040267,5.627722261980065e-05,0.0075018146217965586
2016-06-15,0.0119825911101933,0.000143582489714,4.3837273257264906e-05,6.27567342290581e-05,0.007921914808242897,5.774457137070381e-05,0.00759898489080639,5.999229302723831e-05,0.007745469193485848,5.281558876397291e-05,0.007267433437189013
2016-06-16,-0.0080563476172897,6.490473693061091e-05,6.1582063683078e-05,6.760627955815962e-05,0.008222303786540585,6.763383274575834e-05,0.008223979130917,5.621100394836972e-05,0.007497399812492977,4.9758427269171894e-05,0.007053965357809173
2016-06-17,0.0036110989197415,1.304003540815884e-05,1.9118628780735245e-05,6.744418700050662e-05,0.008212440989164344,6.834821116066415e-05,0.008267297693966521,6.791756037030954e-05,0.008241211098516379,5.845498073198013e-05,0.007645585702350091
2016-06-20,0.0083248762334282,6.930356430189811e-05,0.0001009842481492,6.417993790496571e-05,0.008011238225453398,6.373550485340696e-05,0.007983451938441601,6.21672412236959e-05,0.007884620550394033,5.472557639742179e-05,0.007397673715258182
2016-06-21,-0.0022601974495153,5.10849251079566e-06,1.616764644813355e-05,6.448735548878163e-05,0.008030401950636196,6.537840333258028e-05,0.00808569127116416,5.768293467167106e-05,0.007594928220310647,5.144073512385392e-05,0.007172219679001329
2016-06-22,-0.0019727952444882,3.89192107667558e-06,3.888613697407871e-05,6.092462371010246e-05,0.007805422711814041,6.033350909953813e-05,0.007767464779420511,5.689153527429838e-05,0.0075426477628415325,4.94438856190465e-05,0.007031634633500698
2016-06-23,0.0081036488925214,6.566912537326477e-05,5.032870505670755e-05,5.750266155209682e-05,0.007583050939568903,5.57924010382817e-05,0.007469431105397633,5.56103858701606e-05,0.007457237147238956,4.747158997882998e-05,0.006889962988204652
2016-06-24,-0.0222332696976114,0.0004943182814467,0.0001693615955069,5.799264938136681e-05,0.007615290498816628,5.805488657010997e-05,0.007619375733622143,5.180174323756771e-05,0.007197342790055765,4.505145901950822e-05,0.006712038365467544
2016-06-27,0.0007538756415223,5.683284828807268e-07,3.651557626125035e-05,8.417218730528834e-05,0.009174540168601822,0.00010332999861246262,0.010165136428620259,0.00010599494042746802,0.010295384423491335,0.0001296612930985522,0.011386891283337705
2016-06-28,0.0040868972986644,1.6702729529830856e-05,1.938224464330356e-05,7.915595577594387e-05,0.008896963289569305,9.311232439115971e-05,0.00964947275197768,9.51061422777877e-05,0.00975223780871794,0.0001174437514557427,0.010837146831880737
2016-06-29,0.0093253922536919,8.69629406852181e-05,1.6138149847363613e-05,7.540876220117706e-05,0.008683821866043606,8.579343433969938e-05,0.00926247452572472,8.614165853749961e-05,0.009281253069359742,0.00010668259995049878,0.01032872692786961
2016-06-30,0.0101566807593836,0.000103158164048,2.297872624855345e-05,7.610201291021945e-05,0.008723646766703673,8.647997050212448e-05,0.009299460764051025,7.907097935589652e-05,0.008892186421566774,9.72042298262934e-05,0.0098592205486181
2016-07-01,0.0048867894542098,2.388071116977663e-05,1.2017898874231563e-05,7.772538197848827e-05,0.008816199973825926,8.871694874782032e-05,0.009418967499031957,7.294622307500643e-05,0.008540856109021298,8.885572732799872e-05,0.009426331594422016
2016-07-04,0.0050722259326849,2.572747591220192e-05,5.848062215834454e-06,7.449470172996554e-05,0.008631031324816608,8.266901562885207e-05,0.009092250306104208,6.67839007305495e-05,0.008172141746846386,8.150240675947387e-05,0.009027868339728592
2016-07-05,-0.0041600260138615,1.7305816436004982e-05,1.9562435412089986e-05,7.156866818089968e-05,0.008459826722864936,7.755886054385896e-05,0.008806750850561117,6.135839495472325e-05,0.007833159959730381,7.502563761713568e-05,0.008661734099886447
2016-07-07,0.0002339226096985,5.47197873281571e-08,1.015381484535422e-05,6.831289707620597e-05,0.008265161648522427,7.223288254157181e-05,0.00849899303103443,6.418788276582713e-05,0.008011734067343169,7.2357702937582e-05,0.008506333107607648
2016-07-08,-0.0017646132140196,3.113859795092915e-06,2.2522654867536465e-05,6.421740643887329e-05,0.008013576382544393,6.582611521543497e-05,0.00811332947780595,5.8429883144870486e-05,0.007643944213877446,6.697102678062591e-05,0.008183582759441362
2016-07-11,0.0172357704308392,0.0002970717823445,2.354438137519356e-05,6.0551193640246446e-05,0.007781464749020357,6.052414931380905e-05,0.007779726814857258,5.6613788000741984e-05,0.0075242134473140765,6.277287918936048e-05,0.007922933748893806
2016-07-12,0.0062569595942416,3.914954336397261e-05,1.120801258859215e-05,7.474242896250713e-05,0.008645370377404725,8.557059511387654e-05,0.009250437563373775,5.3841935746587145e-05,0.007337706436386451,5.852876045423977e-05,0.0076504091690732315
2016-07-13,-0.0001818960901539,3.3086187613296534e-08,1.596665731359009e-05,7.260685582659502e-05,0.008520965662798731,8.145564731927991e-05,0.009025278240546377,4.9996271165342697e-05,0.0070708041385222015,5.4790561220227276e-05,0.007402064659284413
2016-07-14,0.0053264781029264,2.8371368980954928e-05,2.4742684069600673e-05,6.825242964825611e-05,0.008261502868622398,7.390107348345387e-05,0.008596573357068144,4.61412411989916e-05,0.006792734441960145,5.1503779302893326e-05,0.007176613358882679
2016-07-15,-0.0027591572520208,7.612948741379157e-06,3.5417878221815294e-05,6.585956600821802e-05,0.00811539068734328,7.014707715618683e-05,0.008375385194496241,4.2994174440052696e-05,0.006556994314474636,4.860299184591673e-05,0.006971584600786018
2016-07-18,-0.0038357821106622,1.471322440047684e-05,4.2536473682521064e-05,6.236476897220767e-05,0.007897136757851397,6.476278460792585e-05,0.008047532827390383,4.4177479261990615e-05,0.006646614120135952,4.738388947201964e-05,0.006883595679005242
2016-07-19,0.0023301434628515,5.429568557469648e-06,1.9994621953411365e-05,5.950567629790378e-05,0.007713992241239537,6.076444067573137e-05,0.007795154948795525,4.723922060286934e-05,0.0068730794119426075,4.7556044856707545e-05,0.0068960890986636434
2016-07-20,0.0043639864706521,1.904437791603491e-05,1.6261222590634058e-05,5.6261109833477724e-05,0.007500740618997415,5.6325106466435806e-05,0.00750500542747544,4.364112144589821e-05,0.006606142705535372,4.512584646511e-05,0.0067175774253156175
2016-07-21,-0.0065296748506876,4.263665365570278e-05,3.3057320268398965e-05,5.402810591843113e-05,0.00735038134510252,5.381231068326708e-05,0.00733568747175526,4.064435338843958e-05,0.006375292415916275,4.298533949238439e-05,0.0065563205757791
2016-07-22,0.0036478885225085,1.3307090672649286e-05,1.7386725623689013e-05,5.334461878266739e-05,0.007303740054428785,5.399447149665777e-05,0.007348093051714694,4.894810159532959e-05,0.006996291988998858,4.8581742065633274e-05,0.006970060406168176
2016-07-25,0.0109974930243212,0.0001209448528199,7.528925585787813e-05,5.0942367096066294e-05,0.0071373921775440006,5.119171217148505e-05,0.007154838374937973,4.531709619645541e-05,0.0067317973971633615,4.602927559920322e-05,0.006784487865653768
2016-07-26,-0.0052245810557146,2.7296247207732204e-05,2.2326872268952884e-05,5.514251623950193e-05,0.007425800713694243,5.960854154561864e-05,0.007720656807915933,4.2888665623292724e-05,0.006548943855561195,4.378107550114383e-05,0.006616726947754745
2016-07-27,0.0029232563005614,8.545427398772158e-06,4.1952485754307994e-05,5.347174009759572e-05,0.007312437356832243,5.7521328983236866e-05,0.007584281705160804,4.8615686949111386e-05,0.00697249503041138,4.6590734462712694e-05,0.006825740579798846
2016-07-28,0.0058442139411648,3.415483659010587e-05,1.1787541137216602e-05,5.0776161335666286e-05,0.007125739353615615,5.3799545914970894e-05,0.007334817374343474,4.493739789167605e-05,0.006703536222895797,4.427560574546328e-05,0.006653991715163409
2016-07-29,-0.0032129615963578,1.0323122219670168e-05,7.405652576627631e-06,4.9778881850932606e-05,0.007055415072901991,5.312662681840881e-05,0.007288801466524439,4.197097989807476e-05,0.006478501362049309,4.2236451584943e-05,0.006498957730662894
2016-08-01,-0.0002257817306269,5.09773898849214e-08,7.032966553631437e-05,4.7411536273056856e-05,0.006885603551836023,5.0130286793516876e-05,0.007080274485746783,4.400996624285026e-05,0.006634000771996508,4.225184467245076e-05,0.006500141896332015
2016-08-02,-0.0015816745902789,2.5016945095340725e-06,2.7700928666730303e-05,4.456990274006654e-05,0.006676069407972518,4.6468653242441425e-05,0.006816792005220742,4.086195542450054e-05,0.006392335678333902,4.04628779903669e-05,0.006361043781516277
2016-08-03,-0.0090927837382057,8.267871610977953e-05,5.486330247589389e-05,4.204581024623458e-05,0.006484274072418175,4.350937877187228e-05,0.006596163943677589,4.019611015688978e-05,0.0063400402330655425,3.931720921312516e-05,0.0062703436279940164
2016-08-04,0.0007311673892417,5.346057510905418e-07,3.41165526509606e-05,4.448378459804719e-05,0.00666961652556181,4.9015593579032156e-05,0.00700111373847277,5.387715072807029e-05,0.007340105634667003,5.2377330430157184e-05,0.0072372184180220225
2016-08-05,0.0153245270883402,0.0002348411304812,4.7597070770016805e-05,4.184683386722979e-05,0.00646891288140672,4.5541270130923594e-05,0.00674842723387632,4.936626220437723e-05,0.007026112880133455,4.93724114471093e-05,0.007026550465705723
2016-08-08,0.0032423172214172,1.051262096429876e-05,3.188869004196746e-06,5.342649166407237e-05,0.0073093427655345575,6.616352951724183e-05,0.008134096724113983,4.705313069912326e-05,0.0068595284604062445,4.672569336754636e-05,0.006835619457484915
2016-08-09,-0.0038068328301676,1.4491976196842565e-05,3.887595449479689e-05,5.085165942208594e-05,0.007131034947473329,6.156692772928741e-05,0.007846459566536197,4.357725241589528e-05,0.006601306871816768,4.439447689525235e-05,0.00666291804656581
2016-08-10,-0.0119339403558223,0.0001424189324163,7.632424577890113e-05,4.8670078428571295e-05,0.00697639437163434,5.794321650846932e-05,0.007612044174101286,4.6611552353203e-05,0.006827265364199857,4.488416077357136e-05,0.006699564222661901
2016-08-11,0.0019630860910883,3.853707001024467e-06,1.8331015029040608e-05,5.4295009667836465e-05,0.007368514753180349,6.769028327854167e-05,0.008227410484383387,6.748941146368686e-05,0.008215193939505436,6.776370648208156e-05,0.008231871383961338
2016-08-16,0.0058486143833095,3.420629020465547e-05,3.239771878717198e-05,5.126853150782773e-05,0.007160204711307333,6.223148129139469e-05,0.007888693256262071,6.156992493004712e-05,0.007846650554857603,6.292465695285341e-05,0.007932506347482705
2016-08-17,-0.0021428662849281,4.591875915081752e-06,1.950320843399444e-05,5.024479702963735e-05,0.007088356440645275,6.051637173841542e-05,0.00777922693706871,5.6832579610686006e-05,0.0075387385954605165,5.866244556539805e-05,0.007659141307313637
2016-08-18,0.0056887871001746,3.23622986711133e-05,1.0004151780178067e-05,4.7505621762764e-05,0.006892432209515303,5.602324468390872e-05,0.007484867713186969,5.5883619292770894e-05,0.007475534716177224,5.571407888471472e-05,0.007464186418137929
2016-08-19,-0.0007323592374647,5.363500526998791e-07,1.175178476758992e-05,4.659702237726494e-05,0.006826201167359847,5.489305828995271e-05,0.0074089849702879485,5.1749679265411776e-05,0.0071937249923396274,5.23114033259449e-05,0.007232662257146044
2016-08-22,-0.0043651652530661,1.9054667686575744e-05,2.4200250961153885e-05,4.383338203779103e-05,0.006620678366888927,5.068883167872815e-05,0.007119608955464349,4.866373281059917e-05,0.006975939564718087,4.940846025453446e-05,0.007029115182904208
2016-08-23,0.0003996372089627,1.597098987875453e-07,1.8788464132420197e-05,4.2346659176718103e-05,0.006507431073528025,4.8877194683683725e-05,0.006991222688749353,5.254523283175384e-05,0.0072488090629946825,5.010110030490563e-05,0.007078213072867023
2016-08-24,0.002048290749933,4.195494996261265e-06,7.786620815424846e-06,3.9815442220042266e-05,0.0063099478777595515,4.5382198122452634e-05,0.006736631066226845,4.8144492136497426e-05,0.0069386232162077675,4.736751897725001e-05,0.006882406481547716
2016-08-25,-0.0067391421502295,4.541603692100108e-05,4.781157892259376e-05,3.76782453866154e-05,0.0061382607786420575,4.272895377934753e-05,0.0065367387724573735,4.441745172846364e-05,0.006664641905493771,4.4959793783535126e-05,0.00670520646837479
2016-08-26,-0.0022896225356679,5.242371355838549e-06,2.7820275726595955e-05,3.8142512878678466e-05,0.0061759625062558846,4.4568571098925716e-05,0.006675969674805729,5.31677327825574e-05,0.007291620723992534,5.080854959325052e-05,0.007128011615678703
2016-08-29,0.004062914858462,1.650727714711162e-05,2.997945140380224e-05,3.616850438730806e-05,0.006014025639063078,4.2122127586198673e-05,0.006490156206610028,5.279293068671395e-05,0.007265874392439904,4.891055231948768e-05,0.0069936079615237
2016-08-30,0.0157796028316789,0.0002489958655255,5.598852049263179e-05,3.4988830752896255e-05,0.005915135734105875,4.111733136108352e-05,0.00641227973197392,4.879749817455329e-05,0.006985520608698631,4.6318890078365524e-05,0.006805798269003095
2016-08-31,0.0047745981624819,2.2796787613176132e-05,1.982934603373911e-05,4.782925283925422e-05,0.006915869637236826,6.371874942320983e-05,0.007982402484415943,4.65914023976671e-05,0.006825789507278048,4.40361665355088e-05,0.006635975175926203
2016-09-01,-0.0013154039773133,1.730287623531771e-06,1.3271705143563567e-05,4.63273049256895e-05,0.006806416452560738,6.066653388348683e-05,0.007788872439800695,4.333596278984887e-05,0.006583005604573709,4.202555468815397e-05,0.0064827119855932185
2016-09-02,0.0039808288831956,1.584699859728481e-05,1.4566215750376489e-05,4.365148388756003e-05,0.0066069269624811225,5.5865733094374723e-05,0.007474338304784894,4.202989240104809e-05,0.006483046537010828,4.055824313786102e-05,0.006368535399749382
2016-09-06,0.0150233474468299,0.0002257009685081,4.774998378078527e-05,4.1983214770143484e-05,0.006479445560396621,5.308706310175618e-05,0.007286086954034805,3.9156137465221954e-05,0.0062574865133871406,3.896221660393774e-05,0.006241972172634042
2016-09-07,-0.0028049819116828,7.867923524868224e-06,1.3822517803271453e-05,5.300627999442511e-05,0.007280541188292606,7.184885040290626e-05,0.008476370119509073,3.773054576450493e-05,0.006142519496469257,3.755644416914245e-05,0.006128331271165296
2016-09-08,0.0038667014380895,1.4951380011323442e-05,1.8736340405624524e-05,5.029797860625167e-05,0.007092106781926769,6.62789216910938e-05,0.008141186749552783,3.928751544347506e-05,0.006267975386316945,3.769888598225719e-05,0.006139941854957357
2016-09-09,-0.0096301143518348,9.273910242941472e-05,2.947810404085096e-05,4.817718269055597e-05,0.006940978511028252,6.211630196873754e-05,0.007881389596304546,3.667798803194591e-05,0.006056235467016281,3.644370866998986e-05,0.006036862485595465
2016-09-12,-0.0171882299396912,0.0002954352484596,1.071679624371313e-05,5.0850897874887487e-05,0.007130981550592281,6.632732733776626e-05,0.008144159093348206,5.133999459861917e-05,0.007165193270151139,5.161173116650299e-05,0.007184130508732633
2016-09-14,0.0012613090035687,1.590900402483688e-06,1.2328765449300037e-05,6.552595890997606e-05,0.008094810616066078,9.048763114265163e-05,0.009512498680296971,8.780018824427869e-05,0.009370175464967488,0.0001005401572346494,0.010026971488672409
2016-09-15,0.0018260991839711,3.334638229699986e-06,1.0727460026514233e-05,6.16898553995265e-05,0.007854288981157143,8.196847357858962e-05,0.009053644215374803,7.931714155052023e-05,0.008906017154178417,9.179399602934789e-05,0.009580918329124192
2016-09-16,0.0042573919410826,1.812538613999532e-05,4.396817255742969e-05,5.818854236933691e-05,0.007628141475440588,7.46836556797651e-05,0.008641970590077538,7.196408666309362e-05,0.00848316489661103,8.409041960008377e-05,0.009170082856773093
2016-09-19,0.0032465772692253,1.0540263965050412e-05,1.1692146808846215e-05,5.5784752995576394e-05,0.007468919131680058,6.979760290220532e-05,0.008354495969369146,6.582990713584417e-05,0.008113563159046966,7.730514679238694e-05,0.008792334547342188
2016-09-20,-0.0036964832905136,1.3663988717046398e-05,1.5254159165075849e-05,5.307008365374484e-05,0.007284921664214712,6.4752380418786e-05,0.00804688638038254,6.02727930875692e-05,0.007763555441134507,7.132871136627772e-05,0.00844563268004699
2016-09-21,0.0001424253843608,2.0284990110322673e-08,2.2569823726389375e-05,5.070571795754292e-05,0.007120794756032708,6.064935581131265e-05,0.007787769630087465,6.2190569998542e-05,0.007886099796384903,6.846241131172159e-05,0.008274201551311255
2016-09-22,0.0102354930170989,0.000104765317303,1.4160176751767444e-05,4.766459197949696e-05,0.006903954807173708,5.567797815989565e-05,0.007461767763733715,5.665480209311311e-05,0.007526938427615381,6.354007278264678e-05,0.00797120271870229
2016-09-23,-0.0040567760733005,1.645743210890379e-05,1.9384591767793448e-05,5.1090635498911965e-05,0.007147771365881254,6.190340145476512e-05,0.00786787146913097,5.300025994443024e-05,0.007280127742315394,5.920450084973355e-05,0.007694446104154188
2016-09-26,-0.0123615900172105,0.0001528089077535,4.190733007669636e-05,4.901264329551145e-05,0.007000903034288609,5.843640608111426e-05,0.007644370875429466,5.6071208104652027e-05,0.007488071053659415,5.827365038922555e-05,0.007633717992513579
2016-09-27,-0.0019104927510736,3.64998255190502e-06,2.8795909057249413e-05,5.5240419162996663e-05,0.007432389868877753,6.917160040360064e-05,0.00831694657934032,7.871754079798677e-05,0.008872290617308857,8.138030546549473e-05,0.00902110333969713
2016-09-28,0.0044408733836031,1.972135640919461e-05,1.9300848448493694e-05,5.214499296633114e-05,0.007221149005963742,6.350821785756974e-05,0.007969204342816776,7.528091859084554e-05,0.008676457721377172,7.55585792628153e-05,0.008692443802683759
2016-09-29,-0.0177550621960591,0.0003152422335859,0.0002813540745394,5.0199574772902936e-05,0.007085165825363789,6.017153458564981e-05,0.007757031299772473,6.878223021256382e-05,0.008293505303100964,6.979034314566089e-05,0.008354061476052286
2016-09-30,0.0023136770509358,5.353101496027225e-06,3.278012354078243e-05,6.61021343016844e-05,0.008130321906399795,8.709700085303427e-05,0.009332577396037725,0.00010901996218024236,0.010441262480190906,0.00012002746033469111,0.010955704465468714
2016-10-03,0.0146348095219124,0.0002141776497426,5.800178488747452e-05,6.245719233334494e-05,0.0079029862921142,7.937899942366603e-05,0.008909489290844117,9.799380095964202e-05,0.009899181832840631,0.00010895831821705253,0.01043831012267084
2016-10-04,0.0035471948830647,1.2582591538440394e-05,1.0627623876853351e-05,7.156041977790373e-05,0.008459339204565788,9.371103096697644e-05,0.009680445804144375,9.035327182109705e-05,0.00950543380499265,9.92086714572644e-05,0.009960354986508484
2016-10-05,-0.0028778699216004,8.282135285652369e-06,2.6771278311461227e-05,6.802175008353592e-05,0.008247529938323105,8.590163665273524e-05,0.009268313581916359,8.189744678036541e-05,0.009049720812288378,9.062122980574401e-05,0.009519518359966748
2016-10-06,-0.0039419526365027,1.5538990588430984e-05,4.404138820847123e-05,6.44373731956629e-05,0.00802728928067644,7.862795253114243e-05,0.00886724041239113,8.034674032702434e-05,0.008963634325820322,8.451077678638398e-05,0.009192974316638984
2016-10-07,-0.0013730217286708,1.8851886674022664e-06,1.7122335332697963e-05,6.150347023922895e-05,0.007842414821930103,7.29907256141103e-05,0.008543460985696038,8.141057383793241e-05,0.009022780826216074,8.04021303341113e-05,0.008966723500482844
2016-10-10,0.0012869056479532,1.6561261467340242e-06,8.298137045467337e-06,5.7926373344919346e-05,0.0076109377441232135,6.667469929874404e-05,0.0081654576907081,7.650904610114061e-05,0.008746944958163428,7.438732666307604e-05,0.008624808789942885
2016-10-13,-0.0156754771216134,0.0002457205829902,9.560452147595434e-05,5.455015851302821e-05,0.007385807912004496,6.11200936334673e-05,0.00781793410265572,6.942100657471993e-05,0.008331926942473748,6.875870952800496e-05,0.008292087163555685
2016-10-14,0.001171641761961,1.372744418371114e-06,1.464267922536386e-05,6.602038398166003e-05,0.008125292855132056,8.090603004428865e-05,0.008994777931905193,0.00010281857238037802,0.010139949328294397,0.00010691935392013294,0.01034018152259103
2016-10-17,-0.0073668169692744,5.4269992258790295e-05,5.874122811701115e-05,6.21415256078627e-05,0.00788298963641731,7.355503365355977e-05,0.008576423127012785,9.241024503920342e-05,0.009613024760147216,9.741276157352947e-05,0.00986979035104239
2016-10-18,0.0183162749892034,0.0003354859294801,8.101877446507678e-05,6.166923360691828e-05,0.007852976098710494,7.245978826464809e-05,0.008512331541043739,0.00010150909017282467,0.01007517196740704,9.856253482263485e-05,0.00992786657961492
2016-10-19,-0.002168862965894,4.703966564826884e-06,1.848369683857313e-05,7.809823535931028e-05,0.008837320598422934,9.990346609094832e-05,0.009995172139135389,9.405765476308205e-05,0.009698332576431995,9.005211579700489e-05,0.009489579326661687
2016-10-20,0.0046433567024341,2.1560761466039752e-05,1.129471286765528e-05,7.369457923164125e-05,0.00858455469035181,9.052912488469297e-05,0.0095146794420355,8.966111613805833e-05,0.009468955387900945,8.338161772247427e-05,0.009131353553689303
2016-10-21,-0.0007302693005771,5.332932513654876e-07,1.5578622001493025e-05,7.056655016570515e-05,0.0084003898817677,8.402177374274948e-05,0.009166339167996649,8.14576157814513e-05,0.009025387292601427,7.668083753163335e-05,0.008756759533733546
2016-10-24,0.0018274215664756,3.3394695816203695e-06,1.325228154765952e-05,6.636455475084477e-05,0.008146444301095096,7.61989651519002e-05,0.008729201862249503,7.514524077220678e-05,0.008668635461951712,7.087240347610511e-05,0.008418574907673218
2016-10-25,-0.0020287520787162,4.115834996895483e-06,1.672706710466381e-05,6.258304964069128e-05,0.00791094492716839,6.963130458412986e-05,0.008344537409834643,6.829755175045876e-05,0.008264233282674126,6.566278220881096e-05,0.00810325750601639
2016-10-26,-0.0087886141432832,7.723973855951828e-05,1.7855983486651284e-05,5.907501676206352e-05,0.0076860273719304125,6.39578703024644e-05,0.007997366460433359,6.611412052317193e-05,0.008131059003793536,6.179640727807378e-05,0.007861069092564558
2016-10-27,0.0,0.0,2.7217897798543812e-05,6.0164900069910756e-05,0.007756603642697669,6.637470273308139e-05,0.008147067124621068,7.962233100511758e-05,0.008923134595259537,7.122248391765693e-05,0.008439341438622858
2016-10-28,0.0026371858270232,6.954749086252084e-06,2.517658439946182e-05,5.655500606571611e-05,0.007520306248133523,6.069009252645187e-05,0.007790384619930641,7.197119685167939e-05,0.008483583962670458,6.597113136608459e-05,0.008122261468709598
2016-11-01,-0.0013611945858348,1.852850700505989e-06,1.4661587623222334e-05,5.357899064694826e-05,0.007319767116988645,5.64140371899028e-05,0.007510927851464345,6.561425452716882e-05,0.008100262620876488,6.134576547276099e-05,0.00783235376325412
2016-11-02,-0.0130980125467139,0.0001715579326738,9.889099021935425e-06,5.0475422250161716e-05,0.007104605706875063,5.215384645491239e-05,0.007221762004865045,6.232481716870616e-05,0.007894606840666998,5.75968982205462e-05,0.007589262033988957
2016-11-03,-0.0034178384703509,1.1681619809410644e-05,1.885062990911401e-05,5.774037287558451e-05,0.007598708632102201,6.55630955758616e-05,0.008097104147524695,8.740512402268021e-05,0.009349070757175828,8.407424749619782e-05,0.009169201028235657
2016-11-04,-0.0060525159761116,3.663294964108669e-05,5.434628253950954e-05,5.497684769161407e-05,0.007414637394479522,6.115914687432256e-05,0.00782043137392833,8.664752116147576e-05,0.009308465027139317,7.934075771726768e-05,0.008907342910052789
2016-11-07,0.0074775084884729,5.5913133195184494e-05,1.4742958436696968e-05,5.3876213808582395e-05,0.00734004181245464,5.982233234686113e-05,0.007734489792278552,9.252573611151381e-05,0.00961902989451191,7.954990657502496e-05,0.008919075432746656
2016-11-08,0.0054575679826926,2.978504828571143e-05,3.124798719947012e-05,5.399842897177851e-05,0.007348362332641098,6.059887557233592e-05,0.0077845279607909375,8.440732728999985e-05,0.009187346041703221,7.330588491212219e-05,0.008561885593262864
2016-11-09,-0.0131425976316571,0.0001727278725076,0.0011941168364594,5.2545626130614485e-05,0.007248836191459598,5.864001646492749e-05,0.007657676962690937,7.696579438569671e-05,0.008773015125126408,6.780618087235231e-05,0.008234450854328558
2016-11-10,0.0110570040404547,0.0001222573383506,3.795067613683591e-05,5.975656091323595e-05,0.0077302367954181035,7.136173907425646e-05,0.008447587766590913,0.00010284810757852041,0.010141405601716185,9.327183170509804e-05,0.009657734294600264
2016-11-11,-0.0272813871024,0.000744274082231,0.0001587453396883,6.35066075594797e-05,0.007969103309625223,7.740567538248146e-05,0.008798049521483808,9.404282040676983e-05,0.009697567757266243,8.539209010921582e-05,0.00924078406355304
2016-11-15,-0.022902856859881,0.0005245408523441,0.0002051730051128,0.00010435265603977077,0.010215314779279725,0.0001455226904178232,0.012063278593227597,0.00017589006182355165,0.01326235506324392,0.00020905461186529464,0.014458720962287593
2016-11-16,0.0003883961302774,1.5085155401450978e-07,7.904937997051781e-05,0.00012956394781803642,0.011382616035781775,0.0001829853262390619,0.01352720688978556,0.00024329634660386916,0.015597959693622406,0.00027941784094203824,0.016715796150409298
2016-11-17,-0.0039094394399234,1.5283716734429025e-05,4.540899124443455e-05,0.0001217991620421951,0.011036265765293762,0.00016283096390396263,0.012760523653203367,0.00021269649728725444,0.014584117981120916,0.00024934859347985444,0.01579077558196096
2016-11-18,-0.0007242886837538,5.245940974138258e-07,3.585793630546907e-05,0.0001154082353237291,0.010742822502663306,0.00014670853310201626,0.01211232979661701,0.0002001063697836611,0.01414589586359454,0.00022554568623599493,0.01501817852590636
2016-11-21,-0.018121871425978,0.0003284022239796,0.0001946308320825,0.00010851521685015017,0.010417063734572721,0.00013109810279623687,0.011449807980758318,0.00017825924304619957,0.013351376073131922,0.00020199031471609055,0.014212329672368657
2016-11-22,0.0091894274947825,8.444557768186638e-05,3.708212511177402e-05,0.00012170843727792185,0.011032154697878464,0.0001505424661147268,0.012269574813934132,0.00022386887506536333,0.014962248329223897,0.00023877783023460776,0.015452437679363336
2016-11-23,0.0038664021768522,1.4949065793168152e-05,3.7852497720242885e-05,0.00011947266570215841,0.010930355241352333,0.00014293183622908845,0.011955410332945015,0.00019826119612595812,0.014080525420805791,0.00021355306888316524,0.014613455063165769
2016-11-24,-0.0084756620986245,7.183684801006127e-05,2.9542576660003947e-05,0.00011320124970761894,0.010639607591806145,0.00012924740980406916,0.011368703083644552,0.0001751748825730664,0.013235364844728172,0.000191335221253923,0.013832397523709438
2016-11-25,0.0185081971326499,0.000342553361101,0.00011784912847,0.00011071938560576539,0.010522327955626805,0.00012300849713724863,0.011090919580325547,0.00018264527727236118,0.013514631969549195,0.00018437156101477946,0.013578348979709554
2016-11-28,0.0015516218520139,2.4075303716472547e-06,3.5126493368801903e-05,0.00012462942413548128,0.011163754929927532,0.00014488699282669084,0.012036901296708005,0.00016494105909680928,0.01284293810219489,0.0001656322904680958,0.01286982091826051
2016-11-29,0.0018747258935887,3.514597176092223e-06,2.55088625529862e-05,0.00011729611050965122,0.01083033289006627,0.00012969300526777505,0.011388283684022586,0.00014615106558566902,0.012089295495837175,0.00014912683172043246,0.012211749740329288
2016-11-30,0.0100632436210104,0.0001012688721758,4.856780185870655e-05,0.00011046921970963765,0.010510433849734161,0.00011649817888325362,0.010793432210527549,0.00013005555673291854,0.011404190314657088,0.00013458890359647035,0.01160124577778052
2016-12-01,-0.0038495313077255,1.4818891289158923e-05,2.3088002949244683e-05,0.00010991719885760779,0.010484140349003718,0.00011481557507957558,0.010715202988258113,0.00011764549848961736,0.010846450962854963,0.00012178396691939156,0.011035577326057372
2016-12-02,-0.0130348946163291,0.0001699084776588,4.363123569795283e-05,0.00010421130040350084,0.01020839362502744,0.0001046105104971433,0.010227927966951239,0.00011526062653522162,0.010735950192471163,0.00011310581483553521,0.010635121759318753
2016-12-05,0.0051740815952034,2.677112035382265e-05,3.9770967480256445e-05,0.00010815313103881912,0.010399669756238374,0.00011133716997540728,0.01055164299886076,0.00014131064420503655,0.011887415371098822,0.0001326767910377384,0.011518541185312418
2016-12-06,0.0017699108511295,3.132584420945957e-06,1.2418201869330565e-05,0.00010327021039771933,0.010162195156447219,0.0001027713593671816,0.01013762099149409,0.00012650164185752798,0.011247294868435164,0.00012009978743638563,0.010959004856116528
2016-12-07,-0.0050599790817267,2.5603388307512235e-05,6.954994657926767e-05,9.726195283911291e-05,0.009862147476037504,9.288206792532313e-05,0.009637534328100893,0.00011306796892536101,0.010633342321460407,0.00010902202357785688,0.010441361193726462
2016-12-08,0.017714169916451,0.0003137918158288,5.852043817762236e-05,9.296243896721685e-05,0.009641703115488303,8.649074819321544e-05,0.009300040225354697,0.00011445587363736299,0.010698405191305991,0.00010375758779835193,0.010186146857293583
2016-12-09,0.0018051676124941,3.258630109197649e-06,5.758991998463476e-06,0.00010621220157891771,0.010305930408212434,0.00011000043576591239,0.010488109256005698,0.00010536665761024449,0.010264826233806614,9.462789329615261e-05,0.00972768694480618
2016-12-12,-0.0110696301085065,0.0001225367107391,3.1202884701503114e-05,0.0001000349872907345,0.010001749211549673,9.92259028710608e-05,0.00996121994893501,9.473117218206629e-05,0.00973299399887138,8.658650258725842e-05,0.00930518686471467
2016-12-13,0.0062223400515642,3.87175157173007e-05,2.867768605886203e-05,0.00010138509069763966,0.010069016371902453,0.00010183686106204737,0.010091425125424425,0.00011452102904050467,0.010701449856935493,0.00010100605517923132,0.010050176873032201
2016-12-14,-0.0047974988003114,2.301599473899005e-05,2.2192616993659933e-05,9.762503619881927e-05,0.009880538254509177,9.565773631062087e-05,0.009780477304846675,0.0001034412085504896,0.010170605122139468,9.220435668355509e-05,0.009602309966021462
2016-12-15,-0.0035320811496494,1.2475597247709218e-05,5.833316562546879e-05,9.314849371122947e-05,0.009651346730442828,8.866030482404447e-05,0.009415960111642597,0.0001048799546935036,0.010241091479598431,8.849064027011686e-05,0.009406946383929105
2016-12-16,-0.001736925332793,3.0169096116981784e-06,1.425155494596165e-05,8.830811992341822e-05,0.009397240016271704,8.146748865326536e-05,0.009025934226065763,0.00010284338058062008,0.010141172544662678,8.337001983686587e-05,0.00913071847320165
2016-12-19,-0.0043216675473717,1.8676810390006225e-05,7.766200413930428e-06,8.3190647304715e-05,0.009120890707859349,7.421281078961108e-05,0.008614685762673591,9.644813348015237e-05,0.00982080106102106,7.720002032367748e-05,0.008786354211143406
2016-12-20,-0.0027121205636996,7.35559795204244e-06,2.0724522121976005e-05,7.931981708983244e-05,0.008906167362554583,6.944093879413115e-05,0.00833312299165992,9.719320471674902e-05,0.009858661405928748,7.451346655776029e-05,0.00863211831231247
2016-12-21,-0.0026140364419853,6.833186520027623e-06,1.9412906743825223e-05,7.500196394156503e-05,0.008660367425321228,6.411836794110884e-05,0.008007394578832046,9.380631209257774e-05,0.00968536587293313,7.016055096945632e-05,0.0083761895256409
2016-12-22,-0.0102491742213465,0.0001050455722195,3.737994192224139e-05,7.091183729627276e-05,0.008420916654157834,5.940418565902378e-05,0.007707411086676497,9.051204804014747e-05,0.009513782005078079,6.623485282715207e-05,0.008138479761426705
2016-12-23,0.0008330679821808,6.940022629349141e-07,3.672800680247686e-05,7.295986139166721e-05,0.008541654487958829,6.519505752432439e-05,0.008074345640627752,0.00010787289760443433,0.010386187828285907,8.00111286694129e-05,0.008944893999898092
2016-12-26,-0.0097521850030884,9.510511233446345e-05,3.333064790239019e-05,6.862390984394327e-05,0.008283954963901196,5.9727073357072017e-05,0.007728329273334051,9.675166168192415e-05,0.009836242254129579,7.371212709737765e-05,0.008585576689854773
2016-12-27,0.0156328778358968,0.000244386869432,0.0001126922338918,7.02127819933744e-05,0.008379306772840723,6.447384840092795e-05,0.008029560909596984,0.00011253424087394648,0.010608215725273807,8.485275386164865e-05,0.009211555452888978
2016-12-28,0.0002489466427699,6.19744309464111e-08,2.8869525937775343e-05,8.066322723969635e-05,0.008981270914502933,8.370848704223977e-05,0.009149234232559563,0.000103317544506839,0.010164523820958806,7.797660712448861e-05,0.00883043640623093
2016-12-29,0.0085200765943986,7.259170517441972e-05,4.520545996604644e-05,7.582715207117135e-05,0.008707878735442482,7.587699058396307e-05,0.00871073995616693,9.26957418275266e-05,0.009627862786077012,7.192013037439493e-05,0.00848057370549864
2016-12-30,0.0100925025171995,0.0001018586070596,3.668196569800863e-05,7.56330252573662e-05,0.00869672497307844,7.634381663091828e-05,0.008737494871581802,8.471869353112204e-05,0.00920427582871798,6.658561498842554e-05,0.008160000918408376
2017-01-02,-0.0007698979027411,5.927427806452966e-07,3.3020564241589845e-05,7.720656016550493e-05,0.008786726362275368,7.970861901734453e-05,0.008927968358890198,7.793035955044651e-05,0.008827817371833567,6.18869996740117e-05,0.00786682907364916
2017-01-03,0.0015575613575361,2.4259973824899143e-06,2.6765590636658267e-05,7.260973112241334e-05,0.008521134380023198,7.24275807387729e-05,0.008510439515017594,7.210589011724897e-05,0.008491518716769631,5.7852494765360796e-05,0.007606082747732949
2017-01-04,-0.0002136393470761,4.564177061913636e-08,7.583995978667793e-06,6.83987070980179e-05,0.008270351086744619,6.62361282346016e-05,0.008138558117664431,6.558539411270569e-05,0.008098480975633992,5.419490967573012e-05,0.00736171920652575
2017-01-05,0.0101189259729877,0.0001023926628468,1.8401219182741458e-05,6.429752317837398e-05,0.008018573637397986,6.057334112597046e-05,0.007782887711252839,6.00431423755059e-05,0.007748751020358435,5.098133552307029e-05,0.007140121534194659
2017-01-06,-0.0036324930615801,1.3195005842428082e-05,2.8566369485269648e-05,6.658323155847985e-05,0.00815985487361631,6.595103987685676e-05,0.008121024558321244,5.601783720103347e-05,0.00748450647678479,4.814282589720463e-05,0.0069385031452903895
2017-01-09,-0.000940542632975,8.846204444437251e-07,6.59194065457433e-06,6.33799380155167e-05,0.007961151802064617,6.165175435333722e-05,0.007851863113512438,5.806742130279008e-05,0.007620198245635744,4.795809999353109e-05,0.006925178697588322
2017-01-10,0.006360193250249,4.045205818051364e-05,5.663309862503001e-06,5.963021896125231e-05,0.007722060538564323,5.664316013453187e-05,0.007526165035031578,5.472167524132187e-05,0.007397410036041119,4.5635205196420544e-05,0.006755383423346194
2017-01-11,0.0110444941375065,0.0001219808507534,2.3017800720422723e-05,5.8479529314407945e-05,0.00764719094271929,5.625303748454551e-05,0.007500202496236052,5.079459392836859e-05,0.007127032617321783,4.343398019658068e-05,0.006590446130314751
2017-01-12,0.0031629810720875,1.0004449262383862e-05,6.226495119712545e-06,6.22896086007484e-05,0.00789237661295686,6.414580170636212e-05,0.008009107422576009,4.7835713893127344e-05,0.006916336739425528,4.149515188034812e-05,0.006441673065310605
2017-01-13,-0.0008151796539613,6.64517868232477e-07,3.933411812926991e-05,5.915249904044652e-05,0.007691066183595517,5.974850997090023e-05,0.007729716034299076,4.426788260880976e-05,0.006653411351240036,3.978744128641312e-05,0.006307728694737363
2017-01-16,0.0014810071904502,2.1933822981651977e-06,1.3979834007394956e-05,5.564322017011367e-05,0.007459438328058867,5.49541000986665e-05,0.00741310327047091,4.205152314995539e-05,0.006484714577370032,3.839990564724693e-05,0.006196765740872163
2017-01-17,-0.001760750075312,3.100240827711309e-06,1.998594401031666e-05,5.243622989779676e-05,0.007241286480853852,5.0909651719069326e-05,0.007135099979612712,3.8909466567117416e-05,0.006237745311177542,3.706116339528223e-05,0.006087788054398924
2017-01-18,0.0022598879674375,5.107093625368814e-06,2.0085151763211625e-05,4.947607055359163e-05,0.007033922842453678,4.745918434036378e-05,0.006889062660504967,3.8681396907454146e-05,0.006219437024960872,3.64260265669811e-05,0.006035397796912901
2017-01-19,0.0021480547533008,4.614139223178331e-06,8.584474353405706e-06,4.681393193789826e-05,0.006842070734645927,4.4640015274326244e-05,0.0066813183784584194,3.5967541919898214e-05,0.005997294550036559,3.532258026156632e-05,0.005943280261065123
2017-01-20,-0.0102178802464588,0.0001044050767309,3.5108173290858405e-05,4.428194437501505e-05,0.006654468000900977,4.2121245608739535e-05,0.006490088258932966,3.351476740453628e-05,0.005789194020287822,3.4350670100067714e-05,0.00586094447167585
2017-01-23,0.0050356440298158,2.535771079501962e-05,3.051673857748559e-05,4.788933231637253e-05,0.0069202118693268725,4.999425725692333e-05,0.0070706617269477206,4.92310529570949e-05,0.007016484373038602,5.181530274123793e-05,0.007198284708264736
2017-01-24,0.0099957322821512,9.99146638564402e-05,3.471694715496783e-05,4.653743502509135e-05,0.006821835165488195,4.89055068406175e-05,0.006993247231481059,4.572952816998675e-05,0.006762361138684236,4.887738018151845e-05,0.006991235955216964
2017-01-25,0.0148668985383623,0.0002210246721499,6.94056476241237e-05,4.974006875497225e-05,0.0070526639474011695,5.548226711841774e-05,0.007448641964708583,4.3148315838422155e-05,0.006568737765996003,4.6289672222386395e-05,0.006803651388951847
2017-01-27,0.0044653286907273,1.993916031623244e-05,2.0919945415297685e-05,6.001714495867147e-05,0.0077470733156897046,7.3474223027445e-05,0.00857171062434127,4.135460088403389e-05,0.006430754301326859,4.401043158864118e-05,0.00663403584469071
2017-01-30,-0.0009841380903137,9.68527780806435e-07,9.71826572049119e-06,5.761246588012512e-05,0.007590287601937433,6.892159361269823e-05,0.008301903011520806,3.860070833160922e-05,0.006212946831545335,4.2002887471510094e-05,0.006480963467842578
2017-01-31,-0.0083110852188643,6.90741375152261e-05,3.0761971750957404e-05,5.421382959416599e-05,0.007363004114773126,6.301843852900664e-05,0.0079384153663692,3.7165973808640226e-05,0.006096390227720025,4.040460665498116e-05,0.006356461803155995
2017-02-01,0.0179543284874153,0.000322357911434,0.0001655796098661,5.510544806942951e-05,0.007423304390191036,6.472723646976416e-05,0.008045323888431351,4.9021040493281204e-05,0.007001502731077179,5.094781461518253e-05,0.007137773785654918
2017-02-02,0.00204572496732,4.184990641916739e-06,2.4443518468082512e-05,7.114059587130451e-05,0.00843448847715761,9.180549355779859e-05,0.009581518332592106,4.705178150744523e-05,0.006859430115355446,4.811330085043324e-05,0.006936375195333168
2017-02-03,0.0007668233343177,5.880180260542604e-07,7.765987325582747e-06,6.712325955754122e-05,0.008192878587989769,8.338463917933e-05,0.009131518996274936,4.3441852403679576e-05,0.006591043347124913,4.5616674845386615e-05,0.00675401175934619
2017-02-06,0.0068521085989636,4.695139225199116e-05,8.991737738980985e-06,6.3131145065652e-05,0.007945511000914415,7.564650056373602e-05,0.00869749967310928,4.007686783452116e-05,0.006330629339530246,4.3417658751952104e-05,0.006589207748428646
2017-02-07,-0.0037280876822229,1.3898637766342445e-05,2.181788682059748e-05,6.216035989683233e-05,0.007884184161778081,7.355227972067803e-05,0.008576262572978863,3.7701382394634096e-05,0.006140145144427295,4.148077602873679e-05,0.006440557120990139
2017-02-08,8.553173850807276e-05,7.315678292213337e-09,2.7369916685370926e-05,5.926465656900292e-05,0.007698354146764289,6.837986016979598e-05,0.008269211580906367,4.0826475864981593e-05,0.006389559911682619,4.22136699329561e-05,0.006497204778437886
2017-02-09,0.0010657487804178,1.1358204629620953e-06,4.436950667299093e-05,5.5709216115560274e-05,0.0074638606709638055,6.24469147856799e-05,0.007902336033457441,3.7666337381181696e-05,0.0061372907199497805,4.042030850685177e-05,0.006357696792616943
2017-02-10,0.0017242727924366,2.973116662737301e-06,1.2075577823543332e-05,5.243481237640438e-05,0.007241188602460536,5.7364919613528084e-05,0.007573963269882426,3.493454179922299e-05,0.00591054496634811,3.8840724448566404e-05,0.006232232701734299
2017-02-13,0.0013069223565665,1.70804604609338e-06,2.466939663827861e-05,4.9467110633584345e-05,0.0070332859058610964,5.309976051512191e-05,0.007286958248482141,3.254269930193916e-05,0.005704620872760885,3.7449434460488365e-05,0.006119594305220597
2017-02-14,-0.0014490821077153,2.0998389549008727e-06,1.0717169618710791e-05,4.660156675833488e-05,0.006826534022352403,4.92366330255052e-05,0.0070168820016803185,3.0346174607820177e-05,0.0055087362078629415,3.622399297739133e-05,0.006018637136212095
2017-02-15,-0.0077182103048163,5.957077030937322e-05,4.246088641113525e-05,4.393146309012883e-05,0.006628081403402408,4.589294170394497e-05,0.006774432943349943,3.0244558380646635e-05,0.005499505285082162,3.5513103429233525e-05,0.005959287157809525
2017-02-16,0.0060904853366915,3.709401163645513e-05,1.949984657656869e-05,4.486982152328345e-05,0.006698493974266413,4.876917023146697e-05,0.006983492695740934,4.056332691839261e-05,0.006368934519870071,4.4971780193190604e-05,0.0067061002224236554
2017-02-17,0.0049660260841438,2.4661415068397384e-05,3.914399831577228e-05,4.440327293007369e-05,0.00666357808763983,4.901796522675415e-05,0.007001283112883963,3.806012186535614e-05,0.006169288602858205,4.284963866680451e-05,0.006545963539984355
2017-02-20,0.0064968675020789,4.220928733956924e-05,2.6926783436466023e-05,4.3218761458373066e-05,0.0065740977676311645,4.79801605645895e-05,0.006926771294375866,3.56847439963003e-05,0.005973670897890199,4.098046668816932e-05,0.006401598760323027
2017-02-21,0.0032213817527225,1.0377300396773483e-05,1.634374054233763e-05,4.315819301124482e-05,0.006569489554847075,4.8843607788449174e-05,0.006988820200037283,3.36909061112824e-05,0.005804386798903257,3.9334109062876765e-05,0.006271691084777435
2017-02-22,0.0021363673161383,4.564065309464269e-06,1.3922224733523122e-05,4.119133945437654e-05,0.006418047947341663,4.638476231104697e-05,0.006810635969646812,3.1565263244778644e-05,0.005618297183736247,3.788400523938177e-05,0.006154998394750544
2017-02-23,0.0014104252886116,1.9892994947553685e-06,1.3408963379912748e-05,3.899370300568178e-05,0.00624449381500869,4.364420842926947e-05,0.006606376346324017,2.9540748998306545e-05,0.005435140200427818,3.6606760814767416e-05,0.006050352123204683
2017-02-27,-0.0047992157934504,2.3032472232104422e-05,1.8076119274070985e-05,3.677343879502618e-05,0.006064110717576501,4.0984025188692074e-05,0.0064018766927122295,2.7642555029500683e-05,0.005257618760380091,3.548177011157293e-05,0.00595665762920557
2017-02-28,-0.0019239764630964,3.701685430549016e-06,1.0143057227881375e-05,3.594898080125083e-05,0.005995746892694089,4.077964653048016e-05,0.006385894340691847,3.2718376069028085e-05,0.005719997908131443,3.8532552162766386e-05,0.006207459396787577
2017-03-01,0.0074276596143023,5.5170127345938226e-05,1.7499588945226737e-05,3.4014143079008714e-05,0.005832164527772576,3.864824112871876e-05,0.006216770956752288,3.316127561898961e-05,0.005758582778686924,3.782755834287618e-05,0.006150411233639274
2017-03-02,-0.0051609401115677,2.663530283518844e-05,5.736863376262817e-05,3.528350213502444e-05,0.005939991762201732,4.197991656845012e-05,0.0064791910427498675,3.149045499763037e-05,0.005611635679338991,3.655704266322033e-05,0.006046242028170915
2017-03-03,-0.0002472504647169,6.113279230276741e-08,1.009565118609596e-05,3.4764610177034273e-05,0.00589615215009198,4.201571829169577e-05,0.006481953277500214,3.71925034866873e-05,0.0060985656909380995,4.011186081213682e-05,0.006333392519979858
2017-03-06,0.0073792833177025,5.445382228292301e-05,1.3059185802118098e-05,3.268240153395037e-05,0.005716852414917703,3.936307545267868e-05,0.006273999956381789,3.476744069827186e-05,0.005896392176430589,3.8579772610028205e-05,0.0062112617566826315
2017-03-07,-0.001848072076356,3.4153703994069534e-06,9.12724124205793e-06,3.3988686778888696e-05,0.005829981713426612,4.253360954455861e-05,0.0065217796301744665,3.294609129529284e-05,0.005739868578224839,3.721958934650449e-05,0.006100785961374525
2017-03-08,-0.0025292759007722,6.3972365822273244e-06,1.9191431780725957e-05,3.215428779611978e-05,0.005670475094391984,4.015541474009012e-05,0.006336830022976009,3.3260274011390336e-05,0.005767172098298293,3.662086535956996e-05,0.0060515176079699185
2017-03-09,0.0003025208654424,9.151887402806757e-08,9.711517759674633e-06,3.060886472328621e-05,0.005532527878220426,3.8373800655305876e-05,0.00619465904270008,3.460202899451941e-05,0.005882348935121021,3.6616761011157475e-05,0.006051178481185088
2017-03-10,0.0008453695473995,7.146496716704824e-07,2.3232982599207516e-05,2.877782397233072e-05,0.0053644966187267485,3.6176613849772554e-05,0.006014699813770639,3.210559428135921e-05,0.005666179866661418,3.549057823606285e-05,0.005957396934573258
2017-03-14,0.0169190589685852,0.0002862545563824,1.6908832583725726e-05,2.70940335142911e-05,0.005205192937278224,3.4315290719948724e-05,0.005857925462136636,2.9908552761420202e-05,0.0054688712511285365,3.4498641902223054e-05,0.005873554452137398
2017-03-15,-0.0002421549155174,5.86390031092406e-08,4.2073383848334896e-06,4.2643664886381444e-05,0.006530211703029347,6.152477239281646e-05,0.007843772841739902,2.941385260934324e-05,0.0054234539372380805,3.3624949192120846e-05,0.005798702371403524
2017-03-16,0.0075555246752815,5.708595311878836e-05,3.8569508746463175e-06,4.008856333338511e-05,0.006331552995386291,5.6448527136790075e-05,0.007513223485082157,2.772167070937558e-05,0.00526513729254761,3.286569467063135e-05,0.005732860949877587
2017-03-17,0.0006934253912419,4.808387732189835e-07,2.144004939471295e-05,4.110840672050926e-05,0.0064115837918964505,5.7762608437096496e-05,0.007600171605766313,2.6536165323497308e-05,0.005151326559586114,3.2186657172575974e-05,0.005673328579641406
2017-03-20,-0.0036310400180971,1.3184451613022926e-05,1.1357182239533466e-05,3.867075264367185e-05,0.0062185812404174515,5.319632909107432e-05,0.007293581362477169,2.485687624226751e-05,0.004985667080969959,3.158856423138944e-05,0.005620370471008956
2017-03-21,-0.0005863115999817,3.4376129227313713e-07,1.5907211724706684e-05,3.7141574581832894e-05,0.006094388778362675,5.0480325817075676e-05,0.00710495079624593,2.8132031072583862e-05,0.005303963713354746,3.337533447140996e-05,0.00577713895206009
2017-03-22,-0.0100320425436534,0.0001006418775976,1.2662906066980718e-05,3.4933705784459304e-05,0.005910474243616946,4.6804782812240934e-05,0.0068414021086500194,2.7008625401343837e-05,0.005196982336062327,3.2695867628662225e-05,0.00571803004789781
2017-03-23,0.0061655414240061,3.8013901051136167e-05,1.1149662432054954e-05,3.887619609325206e-05,0.006235077873872311,5.3715936878443216e-05,0.0073291156955285685,4.169035226173232e-05,0.00645680666132511,4.969740596179181e-05,0.007049638711437049
2017-03-24,0.0023853850750034,5.69006195604903e-06,8.468154055024843e-06,3.882445839072505e-05,0.006230927570653109,5.3443169834630933e-05,0.00731048355682652,3.908418599998833e-05,0.0062517346392811915,4.70119469561758e-05,0.006856525866368171
2017-03-27,-0.0069188963418471,4.787112658922653e-05,2.1654642776097932e-05,3.683639460464448e-05,0.00606929935039,4.993956970695266e-05,0.00706679345297092,3.634236323564881e-05,0.006028462758916971,4.464660766956066e-05,0.006681811705634981
2017-03-28,0.0061280484260037,3.755297751144663e-05,4.082816728472938e-06,3.7498478523719326e-05,0.00612360012767974,5.1131472659285174e-05,0.00715062743116191,4.5350101417599367e-05,0.006734248392923992,5.096350847431688e-05,0.007138873053523005
2017-03-29,0.0047137323415894,2.221927258814646e-05,8.394114449751911e-06,3.750174846298295e-05,0.006123867116698643,5.1133185876290264e-05,0.00715074722503112,4.2373303347977884e-05,0.006509477962784564,4.812712391707538e-05,0.006937371542383713
2017-03-30,0.0032701122498964,1.0693634126922929e-05,9.41576047270604e-06,3.658479991049272e-05,0.006048537005796751,4.9585978499359433e-05,0.007041731214648812,3.954324018309223e-05,0.0062883416083330135,4.562885013607226e-05,0.00675491303689931
2017-03-31,0.0,0.0,6.723578935375246e-06,3.503132996347851e-05,0.005918727056004399,4.706686795431409e-05,0.006860529713827795,3.6846313338513426e-05,0.006070116418859973,4.342838268932005e-05,0.006590021448320184
2017-04-03,0.0069629874333823,4.848319399744064e-05,1.189817071579699e-05,3.292945016566979e-05,0.005738418786187515,4.378061348890143e-05,0.0066166920352167995,3.4091946187604046e-05,0.005838830892191008,4.149022161943432e-05,0.006441290369129024
2017-04-05,0.0029509594186491,8.708161490513897e-06,1.4442693488051737e-05,3.386267479557599e-05,0.005819164441358913,4.5799380679924235e-05,0.006767523969660118,3.2291504461223126e-05,0.005682561434883315,3.9783098737623785e-05,0.006307384460901665
2017-04-06,-0.0003454609996294,1.1934330226500505e-07,1.0177156534737862e-05,3.235340399727226e-05,0.005688005274019378,4.3550095662877015e-05,0.006599249628774245,3.027393693377574e-05,0.005502175654572993,3.8279473170256005e-05,0.0061870407441891
2017-04-07,-0.0068959675911915,4.7554369018764824e-05,1.6523293000237216e-05,3.041936035557182e-05,0.005515374906166563,4.071273678782752e-05,0.006380653319827643,2.8642264156699225e-05,0.005351846798694748,3.6976029053716416e-05,0.006080791811410453
2017-04-10,-0.0018334976368336,3.3617135842746857e-06,1.0996596244189232e-05,3.1447460875363323e-05,0.005607803569612912,4.301877399366136e-05,0.006558869871682267,3.7343968896898454e-05,0.006110971190972712,4.415171632207569e-05,0.006644675787581791
2017-04-11,0.0060319921089607,3.638492880256489e-05,2.0756275791678864e-05,2.9762316037897987e-05,0.005455484949836997,4.057489430593994e-05,0.006369842565239736,3.734348950997587e-05,0.006110931967382379,4.2717233689976784e-05,0.006535842232641236
2017-04-12,-0.003638722628744,1.324030236893371e-05,3.0472265149853997e-05,3.0159672803777958e-05,0.005491782297558595,4.1769937777241054e-05,0.006462966639032036,3.514598696897331e-05,0.005928405094877821,4.0863845026205746e-05,0.0063924834787589205
2017-04-13,-0.0057371491660003,3.2914880552938376e-05,1.4268338840584171e-05,2.91445105776873e-05,0.005398565603721724,4.047892419526681e-05,0.006362304943592912,3.82059277785193e-05,0.006181094383563424,4.155475739384284e-05,0.006446297960367861
2017-04-17,-0.0012575110864404,1.5813341325207651e-06,6.8215946956400155e-06,2.937073277620234e-05,0.005419477168159521,4.133541307326769e-05,0.00642926224953281,4.495983497627968e-05,0.006705209540072531,4.56157450054092e-05,0.006753942922871735
2017-04-18,-0.0037435443192956,1.401412407053085e-05,6.450165065849193e-05,2.7703368857581427e-05,0.005263398983316905,3.892081620219e-05,0.006238654999452206,4.34173376210822e-05,0.006589183380441176,4.369432747380572e-05,0.006610168490576146
2017-04-19,-0.0001812754481099,3.2860788087470476e-08,8.961656038889287e-06,2.6882014170358363e-05,0.005184786800858677,3.806186730561263e-05,0.006169430063272671,4.634250873180003e-05,0.006807533233984248,4.418362051148164e-05,0.0066470760873847115
2017-04-20,0.0036075225852634,1.3014219203185667e-05,7.373307803858305e-06,2.5271064967422107e-05,0.005027033416183158,3.589750335456628e-05,0.005991452524602551,4.287769325204111e-05,0.0065481060813063425,4.216119774683806e-05,0.0064931654643046064
2017-04-21,-0.0018624222643066,3.468616690585246e-06,3.891590573879129e-05,2.4535654221567912e-05,0.004953347779186104,3.5313109812094475e-05,0.005942483471756104,3.9877298795839075e-05,0.00631484748793184,4.03740912598447e-05,0.006354061005360643
2017-04-24,0.0107486360189436,0.0001155331762677,3.852197673162349e-05,2.3271631969708933e-05,0.004824067989747754,3.383719962719856e-05,0.005816975126919365,3.9744750036997236e-05,0.006304343743562627,3.940867886441174e-05,0.006277633221558244
2017-04-25,0.0095710926019384,9.160581359488028e-05,1.4505882578635273e-05,2.880732462759031e-05,0.005367245534498148,4.386316888065129e-05,0.00662292751588384,3.781231390331491e-05,0.0061491718062935035,3.79496859625381e-05,0.006160331643875847
2017-04-26,0.0048503590177315,2.352598260088938e-05,1.7841891648810776e-05,3.2575233965627693e-05,0.005707471766520417,5.0227075977971505e-05,0.007087106319081964,3.593372225767192e-05,0.005994474310368835,3.666461208020142e-05,0.006055131053924549
2017-04-27,-0.001037682638315,1.076785257860572e-06,8.178748580991335e-06,3.2032278883743384e-05,0.005659706607567514,4.892440060973373e-05,0.006994597959120576,3.375225634896429e-05,0.0058096692116646614,3.55327252266167e-05,0.005960933251313649
2017-04-28,-0.0040866920407427,1.670105183587048e-05,1.517291976004014e-05,3.0174949266190402e-05,0.005493172968894244,4.5516165109375386e-05,0.006746566912836142,3.280219362465324e-05,0.005727319933848051,3.472471578057483e-05,0.0058927680915317575
2017-05-02,0.0010473820656935,1.0970091915364264e-06,2.8417518871654216e-05,2.936651542037116e-05,0.005419088061691853,4.41093439935201e-05,0.0066414865800903415,3.66726417130988e-05,0.006055794061318367,3.675472391459666e-05,0.006062567435880335
2017-05-03,-0.0001986077748364,3.9445048225481384e-08,9.521953206983449e-06,2.7670345046641074e-05,0.005260260929520614,4.130126161344971e-05,0.0064266057614770266,3.404004551561418e-05,0.005834384758962523,3.5612095293245765e-05,0.005967587057869015
2017-05-04,0.0051361058723783,2.6379583532278876e-05,7.425885455876361e-06,2.6012491046736138e-05,0.005100244214421123,3.8735175766245153e-05,0.0062237589739839025,3.1852051971185343e-05,0.005643762217810504,3.4612595235125905e-05,0.005883246997630297
2017-05-05,-0.0080021649798102,6.403464436410185e-05,4.582159486681395e-05,2.60345165958687e-05,0.0051024030217015105,3.914820081200539e-05,0.006256852308629747,3.008144100968862e-05,0.005484655049288753,3.3725318728099536e-05,0.005807350405141706
2017-05-08,0.0030915084131222,9.55742426840589e-06,6.897559140248353e-06,2.831452426196263e-05,0.0053211393762955155,4.331309119624123e-05,0.006581268205767125,4.093902504266725e-05,0.006398361121620696,4.418041517596679e-05,0.00664683497432927
2017-05-09,0.0003005549701442,9.033329007838805e-08,4.052040141419407e-06,2.7189098262349192e-05,0.005214316663029701,4.1458420621747944e-05,0.006438821368988889,3.808202767007303e-05,0.006171063738941046,4.215260819163551e-05,0.006492504000124721
2017-05-10,0.009661416055306,9.33429601937258e-05,2.5447403950247992e-05,2.5563172364012944e-05,0.005056003596123419,3.887795272368936e-05,0.006235218739041106,3.5230431208759644e-05,0.005935522825224383,4.036652562083962e-05,0.006353465638597538
2017-05-11,0.0016039118008357,2.572533064860216e-06,6.279210155964315e-06,2.9629959633795646e-05,0.005443340852252011,4.603655919063342e-05,0.006785024627120628,3.359418464737519e-05,0.0057960490549489995,3.8793352745796995e-05,0.0062284310019295385
2017-05-12,-0.0022844037397764,5.218500446304833e-06,1.7333424609077677e-05,2.8006514039659504e-05,0.005292118105225875,4.313811273286885e-05,0.006567961078818057,3.1322899717569716e-05,0.00559668649448669,3.74077096941127e-05,0.006116184242982932
2017-05-15,0.0047224209373486,2.230125950950925e-05,2.7699983447875383e-06,2.6639233224058196e-05,0.005161320879780504,4.086694508677687e-05,0.006392725951171133,3.238855548128512e-05,0.005691094401016831,3.7102968645812105e-05,0.006091220620352878
2017-05-16,0.0070525497707111,4.9738458268357395e-05,1.4839178624547352e-05,2.637895480118521e-05,0.005136044665030203,4.0603257077789514e-05,0.006372068508560585,3.052930037893049e-05,0.005525332603466554,3.591882756647625e-05,0.005993231813176948
2017-05-17,0.0014182164368899,2.0113378618648953e-06,8.624234469432149e-06,2.778052500921553e-05,0.0052707233857617235,4.314348701823334e-05,0.006568370194974804,2.905687882024672e-05,0.005390443286061613,3.48758418397682e-05,0.005905577180917053
2017-05-18,-0.0101608669092315,0.0001032432163471,2.034421414963781e-05,2.6234373780374477e-05,0.005121950193078265,4.054772762491448e-05,0.006367709762930035,2.7205108914211808e-05,0.005215851695956453,3.3957185061760275e-05,0.00582727938765255
2017-05-19,-0.0001643714140994,2.7017961773044072e-08,5.3434063155602706e-05,3.0854904334378954e-05,0.005554719104903411,4.849884833191374e-05,0.006964111453151345,4.217844704947759e-05,0.006494493594536651,5.126484328680019e-05,0.007159947156704453
2017-05-22,0.0010971618691591,1.2037641671368102e-06,2.0159907007438927e-05,2.90052311520226e-05,0.005385650485505219,4.5037446793609626e-05,0.006710994471284388,3.912294820059967e-05,0.006254833986653816,4.839727918937573e-05,0.00695681530510734
2017-05-23,-0.0055353415058651,3.0640005586553475e-05,2.4818408789831892e-05,2.7337143132929445e-05,0.005228493390349599,4.212486081334047e-05,0.006490366770325115,3.624496890248443e-05,0.006020379464990926,4.5866801590845185e-05,0.00677250334742222
2017-05-24,-0.0027312115289387,7.459516415807868e-06,3.3341321381020745e-05,2.7535314880146852e-05,0.005247410302248801,4.254713395371776e-05,0.006522816412694578,4.262323736706466e-05,0.006528647437797868,4.901458448582348e-05,0.007001041671481714
2017-05-25,0.0158135595125637,0.0002500686644573,8.384525288627118e-05,2.63307669722865e-05,0.005131351378758474,4.057571888518754e-05,0.006369907290156391,4.37798630505066e-05,0.006616635327000167,4.771949443635627e-05,0.006907929822772976
2017-05-26,0.0089349226953205,7.98328435713551e-05,4.741676057586186e-05,3.975504082139296e-05,0.0063051598569261475,6.335276721098602e-05,0.00795944515723213,4.2035485748883336e-05,0.006483477905328538,4.526981207050693e-05,0.006728284481984017
2017-05-29,0.0010209148022137,1.0422670333791014e-06,3.178355552384904e-05,4.2159708986390586e-05,0.00649305082271736,6.610666777042139e-05,0.008130600701696118,3.969381472627533e-05,0.006300302748779247,4.31121437021574e-05,0.006565983833528483
2017-05-30,0.0020436799494468,4.176627735771052e-06,1.1434482438313327e-05,3.969266246920989e-05,0.006300211303536564,6.056062119955796e-05,0.007782070495668743,3.6749025722707794e-05,0.006062097468921775,4.121167985121388e-05,0.006419632376640728
2017-05-31,-0.0003429116745806,1.1758841656373217e-07,6.332771172485905e-06,3.756170038520355e-05,0.006128760101782705,5.602005745926971e-05,0.007484654798938273,3.420794469758455e-05,0.005848755824753206,3.953776049591939e-05,0.00628790589114686
2017-06-01,-0.000535457415147,2.867146434359257e-07,7.817174130418026e-06,3.5315053667085156e-05,0.00594264702528134,5.1633543694242004e-05,0.007185648453288123,3.22098622086896e-05,0.005675373310073057,3.808401449386961e-05,0.006171224715878495
2017-06-02,0.0038818074424912,1.506842902058032e-05,5.027754838950471e-06,3.3213353325666205e-05,0.005763102751614464,4.780899003225798e-05,0.0069144045320083765,3.066757924050245e-05,0.005537831637067205,3.683323981385325e-05,0.006069039447379894
2017-06-05,0.0022349905117481,4.995182587604213e-06,8.35050543609079e-06,3.2124657867361037e-05,0.005667861842649399,4.595246645836888e-05,0.006778824858216126,2.888907356545626e-05,0.005374855678570008,3.568125171745031e-05,0.0059733785848086265
2017-06-06,-0.0039300721143596,1.544546682406705e-05,2.4134459469538473e-05,3.0496889350575616e-05,0.005522398876446324,4.330915389170853e-05,0.0065809690693475024,2.7125890330889734e-05,0.005208252137799181,3.466658618126693e-05,0.005887833742665202
2017-06-07,0.00277187158673,7.683272093321626e-06,8.91527526833921e-06,2.9593803998985094e-05,0.005440018749874406,4.2049666071550715e-05,0.00648457138688061,3.082912888543033e-05,0.0055523984804254035,3.648319739297677e-05,0.006040132233070462
2017-06-08,-0.0017244332330555,2.9736699752662932e-06,8.601835896580358e-06,2.827917208464525e-05,0.0053178164771497385,4.016264420315412e-05,0.0063374004294469285,2.8933248286514906e-05,0.005378963495555153,3.537293604828429e-05,0.005947515115431342
2017-06-09,0.0021744203643893,4.72810392107115e-06,1.7990992032637337e-05,2.676084195808251e-05,0.005173088241861191,3.8034351070179237e-05,0.0061671996132912086,2.9313723453503977e-05,0.005414214943415525,3.491683382680252e-05,0.00590904677818703
2017-06-12,-0.0053773061230002,2.891542114045626e-05,9.181015291078744e-06,2.5438877675861814e-05,0.00504369682632311,3.634762575004196e-05,0.006028899215449033,2.7505550763569868e-05,0.005244573458687548,3.3993290605484295e-05,0.0058303765406261965
2017-06-13,-0.0009883839285963,9.769027903076444e-07,1.3438530451240637e-05,2.5647470283737432e-05,0.005064333152917315,3.7313344598759385e-05,0.006108464995296231,3.3528558657379175e-05,0.005790385018060472,3.8253828665692795e-05,0.00618496795995685
2017-06-14,0.0011703481475408,1.3697147864523552e-06,8.619727526779318e-06,2.4167236234131633e-05,0.004916018331346176,3.533730813982777e-05,0.005944519168093226,3.2524252119642874e-05,0.005703003780433858,3.710392343792898e-05,0.006091298994297438
2017-06-15,-0.0041779772935031,1.7455494265027993e-05,1.439906316565328e-05,2.2799384947270864e-05,0.004774870149781129,3.3646402534995255e-05,0.005800551916412373,3.031668908813921e-05,0.005506059306631124,3.591966854212572e-05,0.0059933019732135735
2017-06-16,0.0010435092284018,1.0889115097597314e-06,9.94055019854952e-06,2.247875150633626e-05,0.004741176173307237,3.379020315349195e-05,0.005812934126023788,3.4377347002337515e-05,0.005863219849394828,3.793961979014273e-05,0.006159514574229265
2017-06-19,0.0072224616043765,5.2163951626693816e-05,1.3225459276701303e-05,2.1195361106541668e-05,0.004603841994089466,3.226311264568737e-05,0.005680062732548591,3.197487677214667e-05,0.00565463321287479,3.6655745841616136e-05,0.006054398883590025
2017-06-20,-0.0004194287506718,1.75920476890117e-07,4.145457776052828e-06,2.305347653775073e-05,0.004801403600797451,3.6084303296915607e-05,0.00600702116667784,3.0390591966025493e-05,0.005512766271666657,3.552491588746467e-05,0.005960278171986998
2017-06-21,-0.0020635967138743,4.258431397513153e-06,6.812543355890049e-06,2.168082317409909e-05,0.004656267085777951,3.418003490571903e-05,0.0058463693781456395,2.8848948411257297e-05,0.0053711217088479105,3.455975633130397e-05,0.0058787546581996405
2017-06-22,-0.0003737213698258,1.396676622645145e-07,2.5430553420906807e-05,2.0635479667503913e-05,0.0045426291580431604,3.292464302964121e-05,0.005737999915444511,2.971888321913181e-05,0.005451502840422245,3.442603511071979e-05,0.0058673703744283765
2017-06-23,-0.005732892290795,3.2866054017857834e-05,2.650483661111275e-05,1.9405730947189543e-05,0.004405193633336626,3.140919570335183e-05,0.00560439075220062,2.8175148258243044e-05,0.00530802677633064,3.358550593133502e-05,0.0057953003314181245
2017-06-27,-0.0066592132681246,4.43451213503672e-05,7.978164403962743e-05,2.0213350331429578e-05,0.0044959259704125,3.338736493679511e-05,0.005778180071336918,3.481216231951057e-05,0.005900183244570509,3.858789898235734e-05,0.006211915886613191
2017-06-28,-0.002120798705808,4.497787150557192e-06,9.268572668727289e-06,2.166125659256581e-05,0.004654165509795049,3.627920097888859e-05,0.006023221810533677,4.328201846945021e-05,0.00657890708776543,4.5008294495093025e-05,0.0067088221391756265
2017-06-29,0.0013529218044662,1.8303974090001272e-06,2.667622968705979e-05,2.0631448426045275e-05,0.004542185424005197,3.4787232583480264e-05,0.005898070242331831,4.333962258025866e-05,0.006583283571308368,4.367105834198035e-05,0.006608408154917518
2017-06-30,0.0017661798283679,3.119391186133708e-06,3.0333017994841425e-05,1.9503385365022563e-05,0.004416263733635318,3.3211184607929344e-05,0.005762914593148968,4.004849582615888e-05,0.006328388090671974,4.170396915900014e-05,0.006457861035900366
2017-07-03,0.0098349558626024,9.67263568193379e-05,2.541561624076205e-05,1.8520345714289226e-05,0.004303527124846458,3.196109680195237e-05,0.0056534146143682375,3.7144195146335935e-05,0.0060946037727104075,3.99713665338795e-05,0.006322291240830297
2017-07-04,-0.0001768430214008,3.1273454218176587e-08,1.1846398886652668e-05,2.321270638059212e-05,0.004817956660306537,4.0320616215540265e-05,0.006349851668782529,3.5353613711531246e-05,0.005945890489365848,3.84452985359786e-05,0.0062004272865649026
2017-07-05,0.0025245384198064,6.373294233079061e-06,5.129805798052049e-06,2.182182040500968e-05,0.004671383136182439,3.7875517581845295e-05,0.006154308863052398,3.3006329348299354e-05,0.005745113519183007,3.710663300271407e-05,0.006091521402959532
2017-07-06,0.0038266315788128,1.4643109239967954e-05,1.423402784362038e-05,2.0894908834693816e-05,0.004571094927333473,3.6374686641612236e-05,0.006031143062605316,3.087994724857744e-05,0.005556972849364791,3.5922055113814025e-05,0.0059935010731469816
2017-07-07,-0.0009048440978294,8.187428413767533e-07,6.68390038692384e-06,2.0519800859010227e-05,0.004529878680385406,3.589553723517683e-05,0.005991288445332676,2.9076700808603878e-05,0.005392281595818589,3.487868464678719e-05,0.005905817864342515
2017-07-10,0.0108300502235875,0.0001172899878454,7.038280466362161e-05,1.933773737795221e-05,0.004397469428882049,3.40796419525677e-05,0.00583777714139275,2.8306387962051143e-05,0.005320374795261246,3.4103359504481464e-05,0.00583980817360309
2017-07-11,0.0015339700917757,2.353064242462528e-06,9.835882017748275e-06,2.5214872406000745e-05,0.0050214412678035725,4.425293419790898e-05,0.006652287891989415,2.736782060889416e-05,0.005231426249971814,3.3276786365635813e-05,0.005768603502203615
2017-07-12,0.0030659727759677,9.400189062975238e-06,5.204219000270032e-06,2.384316391618844e-05,0.004882946233186317,4.155387736878503e-05,0.006446229701832307,2.5683881107467926e-05,0.0050679267069944816,3.254874474486567e-05,0.005705150720609025
2017-07-13,0.0076721863955028,5.886244408733919e-05,7.095047661873986e-06,2.297658542499564e-05,0.004793389763517634,3.990184975813031e-05,0.006316791096603584,2.4283433651682358e-05,0.004927822404641056,3.1907489211627545e-05,0.005648671455451055
2017-07-14,-0.0005410630593885,2.9274923423492104e-07,1.7011935356083877e-05,2.5129736944736198e-05,0.0050129569063314516,4.345073091098674e-05,0.006591716840928981,2.3388719398372284e-05,0.0048361885197304175,3.134267444521816e-05,0.005598452861748338
2017-07-17,0.0029896131536668,8.937786808577996e-06,4.12031654912152e-06,2.3639517682106115e-05,0.0048620487124365706,4.064322883833798e-05,0.006375204219343721,2.258849823669743e-05,0.0047527358686021495,3.089655908105922e-05,0.005558467332013315
2017-07-18,-0.0089955884194955,8.092061101296195e-05,3.243449311300642e-05,2.27574138296944e-05,0.0047704731243027034,3.9057616257563286e-05,0.006249609288392618,2.1449169688278437e-05,0.0046313248307885335,3.0452252080969738e-05,0.005518355921918207
2017-07-19,0.0073453097434605,5.395357522737647e-05,1.0539519660131233e-05,2.624720566069043e-05,0.00512320267612852,4.493924533836281e-05,0.006703674017907107,3.3444783565821535e-05,0.0057831465108383285,4.426061217040603e-05,0.006652864959579897
2017-07-20,-0.0026601885384835,7.076603060279155e-06,1.2871534745455963e-05,2.7909587834691554e-05,0.005282952567900979,4.736660087500425e-05,0.0068823397820075875,3.174042437134668e-05,0.005633864071074726,4.2223245317240045e-05,0.006497941621562943
2017-07-21,0.0042398516888927,1.7976342343806724e-05,2.7766919317227383e-05,2.6659608748226798e-05,0.005163294369704946,4.4757853136154575e-05,0.006690131025335347,3.335823300421498e-05,0.0057756586641018685,4.1670523314199e-05,0.006455270971399961
2017-07-24,0.0051454987363173,2.647615724544384e-05,1.4205837708321106e-05,2.6138612763961567e-05,0.0051125935457418835,4.3574031679444834e-05,0.006601062920427651,3.136212572896567e-05,0.005600189794012849,3.994190759620906e-05,0.00631996104388382
2017-07-25,-0.0001856997207542,3.4484386288210475e-08,1.4009492157742007e-05,2.615886543285045e-05,0.005114573827099424,4.339574392416037e-05,0.00658754460509835,2.9637244518611326e-05,0.005444009966799411,3.841935124426702e-05,0.006198334554077169
2017-07-26,0.0056142278030353,3.151955382437499e-05,1.2994856532113673e-05,2.4591402570056713e-05,0.004958971926726014,4.056898734413723e-05,0.006369378882131069,2.7849320315227132e-05,0.005277245523493021,3.708434219847216e-05,0.006089691469891735
2017-07-27,-1.0037915545995924e-05,1.0075974850854664e-10,4.261343244531448e-05,2.5007091645315783e-05,0.0050007091142472765,4.127336054801664e-05,0.0064244346481240385,2.6480306928986896e-05,0.00514590195485562,3.5902421482147025e-05,0.0059918629391990455
2017-07-28,-0.0006039221195206,3.647219264463422e-07,2.4057205298409176e-05,2.3506672192181747e-05,0.004848367992652965,3.8706766697067154e-05,0.00622147624740842,2.475973435343172e-05,0.004975915428685632,3.486140911968614e-05,0.0059043550976957794
2017-07-31,0.0062314413146132,3.883086085746872e-05,1.6972024768239217e-05,2.2118155176237613e-05,0.004702994277716869,3.6495813517001026e-05,0.0060411765010634335,2.3930429469743954e-05,0.004891873819891919,3.400847308990457e-05,0.005831678411049822
2017-08-01,0.0037194224908793,1.3834103665658946e-05,1.397406528013125e-05,2.3120917517111453e-05,0.004808421520323634,3.844458669923651e-05,0.006200369884066313,2.2943824231737133e-05,0.004789971214082307,3.319321086890594e-05,0.0057613549507824924
2017-08-02,-0.0032828454686495,1.0777074371032575e-05,2.4759649743467933e-05,2.2563708686024294e-05,0.004750127228403919,3.762661136240785e-05,0.00613405342024406,2.183313171981827e-05,0.004672593682294478,3.2475131852469064e-05,0.005698695627287797
2017-08-03,-0.0067528598582955,4.560111626577902e-05,2.4591847017224336e-05,2.1856510627124787e-05,0.004675094718519058,3.66014815581721e-05,0.006049915830668399,2.4641613408473792e-05,0.0049640319709359036,3.373377967667657e-05,0.00580807882838005
2017-08-04,0.0052539828627585,2.7604335922160817e-05,2.7064856135879045e-05,2.3281186965444025e-05,0.004825058234409614,3.922092638360768e-05,0.006262661286035489,3.2883700107399277e-05,0.0057344311058202865,4.095320790135431e-05,0.006399469345293741
2017-08-07,-0.0008944632972548,8.000645901359901e-07,6.203106472972012e-06,2.3540575902846985e-05,0.004851863137274895,3.969731336294323e-05,0.006300580398895266,3.102916136354021e-05,0.005570382515010994,3.931009965503818e-05,0.006269776683027728
2017-08-08,-0.0078709511899248,6.195187263417942e-05,6.729184208673711e-05,2.217614522408432e-05,0.004709155468243145,3.740728744437339e-05,0.006116149723835527,3.009106514752902e-05,0.00548553234859927,3.800325077814854e-05,0.006164677670255643
2017-08-09,-0.0070902312842737,5.027137966449406e-05,2.154033837730779e-05,2.4562688868689982e-05,0.0049560759546933885,4.157806793016063e-05,0.0064481057629477995,4.069510188086228e-05,0.006379271265658977,4.758291853621372e-05,0.0068980372959425
2017-08-10,-0.0089009580382115,7.922705399800232e-05,5.05716551749614e-05,2.6105210316438193e-05,0.005109325818191495,4.4051035257906575e-05,0.006637095393160066,5.0132731151587205e-05,0.007080447101107896,5.397098599850191e-05,0.007346494810350165
2017-08-11,-0.0112079322048922,0.0001256177443094,2.8250863557671225e-05,2.929252093733202e-05,0.005412256547627063,4.9141348597020786e-05,0.007010089057709666,6.374157096043507e-05,0.007983831846953884,6.467861884492786e-05,0.008042301837467172
2017-08-14,0.0085466604597317,7.304540501394251e-05,1.650809710321511e-05,3.507203433965969e-05,0.005922164666712645,5.828483052503681e-05,0.00763445024379862,8.35888695136936e-05,0.00914269487151866,8.225034771756634e-05,0.00906919774387825
2017-08-16,0.0104766643914226,0.0001097604967705,6.306561344215349e-05,3.735043658011658e-05,0.006111500354259712,6.0982720631522594e-05,0.0078091433993442965,7.670274026350009e-05,0.008758010062993767,7.568442039192619e-05,0.008699679326959482
2017-08-17,0.0006919277268328,4.787639791600373e-07,1.504873063469945e-05,4.1695040191539726e-05,0.006457169673435856,6.705372055610298e-05,0.008188633619603638,7.089431458240279e-05,0.008419876161939841,6.990118340537373e-05,0.008360692758699708
2017-08-18,-0.0067624124481208,4.573022211849921e-05,2.5308696231876245e-05,3.922206361879694e-05,0.006262752080259679,6.133312026236597e-05,0.007831546479614737,6.440109106151531e-05,0.008025029038048106,6.480733627433924e-05,0.008050300384106127
2017-08-21,-0.0084781889031269,7.187968707710465e-05,7.79519301332856e-05,3.961255312877907e-05,0.006293850421544753,6.0893521980803024e-05,0.007803430141982628,7.295493338843399e-05,0.008541366014194333,6.834530115761374e-05,0.008267121697278548
2017-08-22,0.0011475670344457,1.3169100985465046e-06,2.1648350928459276e-05,4.154858116567858e-05,0.006445818890232534,6.314963122921781e-05,0.007946674224429854,8.560982378907508e-05,0.009252557689043343,7.605015234110177e-05,0.008720673846733506
2017-08-23,0.0088643637399371,7.857694451391294e-05,1.892536682638764e-05,3.913468090165065e-05,0.006255771807031539,5.79986370269262e-05,0.007615683621771994,7.738311661397038e-05,0.008796767395695442,7.022331833163042e-05,0.008379935461065939
2017-08-24,0.0004616853061997,2.1315332196071827e-07,3.950777150130358e-06,4.150121671838631e-05,0.006442143798331911,6.12907639318872e-05,0.007828841800157109,7.12660649492361e-05,0.00844192305989791,6.509107115951238e-05,0.008067903764889141
2017-08-28,0.0056399162238638,3.180865501220319e-05,7.03820276141802e-06,3.902393291460077e-05,0.0062469138712328,5.625919241967059e-05,0.0075006128029428765,6.469708924834922e-05,0.008043450083661191,6.0570612705010315e-05,0.0077827124259483155
2017-08-29,-0.0118476083539409,0.0001403658237083,4.001672386333316e-05,3.8591016240456845e-05,0.006212166791100899,5.5043779234861554e-05,0.00741914949538433,5.9583039190291964e-05,0.0077190050647924805,5.658901479317735e-05,0.007522567034807822
2017-08-30,0.0089785730092648,8.061477328269838e-05,1.2709663075797677e-05,4.469750468853165e-05,0.00668561924495642,6.494364010836539e-05,0.008058761698199383,8.101146233573983e-05,0.009000636773903269,7.771301191946072e-05,0.008815498393140386
2017-08-31,0.0033834484516002,1.1447723424636172e-05,1.7122203155119507e-05,4.6852540804181654e-05,0.006844891584545489,6.757890275190808e-05,0.00822063882869866,7.449078803893428e-05,0.008630804599742383,7.16879569968745e-05,0.008466874098324275
2017-09-01,0.0056806050296273,3.226927350262761e-05,1.9748194237756316e-05,4.47282517614089e-05,0.0066879183429082705,6.290093352249659e-05,0.007931010876458094,6.793799253717467e-05,0.008242450639049935,6.638111780017257e-05,0.008147460819186096
2017-09-04,-0.0061899938685985,3.8316024093287367e-05,5.943375932692468e-05,4.398071306588199e-05,0.006631795614000931,6.0907027674938396e-05,0.007804295463072781,6.246197178476447e-05,0.007903288668950697,6.170687953897008e-05,0.007855372654366569
2017-09-05,0.0039617959979342,1.569582752924805e-05,1.4077263998375345e-05,4.36408317275263e-05,0.0066061207775461005,5.977152147865251e-05,0.0077312044002634224,6.973644146829619e-05,0.008350834776733174,6.43134128851389e-05,0.008019564382504757
2017-09-06,-0.0036238487939692,1.3132280081552152e-05,8.823071238614756e-06,4.1964131475629564e-05,0.006477972790590399,5.649241898413408e-05,0.007516143890595368,6.382194246969522e-05,0.007988863653217222,5.988565506383788e-05,0.00773858223861696
2017-09-07,0.0013806437621763,1.90617719803656e-06,8.2864595802988e-06,4.023422039198491e-05,0.006343045040986616,5.336171692613253e-05,0.007304910466674628,6.53544645255341e-05,0.00808421081649496,5.8290120123024116e-05,0.007634796665466875
2017-09-08,0.000493278440014,2.433236193827369e-07,9.238717987693027e-06,3.793453780034799e-05,0.0061591020287334085,4.948606136528827e-05,0.007034632994356442,5.960840734541841e-05,0.0077206481169276465,5.458036797119208e-05,0.007387852730746065
2017-09-11,0.0071461652446926,5.106767770445328e-05,1.2923040274169672e-05,3.567306494949006e-05,0.005972693274352038,4.592387839250085e-05,0.00677671590023522,5.4416341699739056e-05,0.007376743299026953,5.1312836243264636e-05,0.00716329786085045
2017-09-12,0.0086571582858433,7.494638958614675e-05,1.720481251008864e-05,3.659674171478781e-05,0.0060495240899419355,4.7937449724366944e-05,0.006923687581366374,5.061714717009663e-05,0.007114572873342196,4.843481012446625e-05,0.006959512204491508
2017-09-13,-0.0013632524119145,1.8584571385908144e-06,1.674404061283755e-05,3.889772058706926e-05,0.0062368037156118085,5.211265733234032e-05,0.007218909705235294,4.739392877741478e-05,0.006884324859956477,4.5899858658893115e-05,0.006774943443224682
2017-09-14,0.0007239751479918,5.241400149098253e-07,1.115103239125509e-05,3.667536478016054e-05,0.006056018888689214,4.838733610946212e-05,0.006956100639687592,4.581971337736051e-05,0.00676902602871052,4.3993202108868064e-05,0.006632737150593868
2017-09-15,-0.0001188993408102,1.4137053245116642e-08,1.8149341770771615e-05,3.45062912942455e-05,0.005874205588353671,4.498999569635807e-05,0.006707458214283416,4.2195373936759587e-05,0.006495796636037768,4.1987711828595914e-05,0.006479792576047162
2017-09-18,0.0066901668857368,4.475833295901046e-05,5.7125022567077745e-06,3.243676203978547e-05,0.005695328088862439,4.1963151318590956e-05,0.006477897137080131,3.906688060038273e-05,0.0062503504382060635,4.022376643016766e-05,0.006342220938296589
2017-09-19,-0.0005467613092135,2.989479292529106e-07,8.398380855552997e-06,3.31760562949389e-05,0.00575986599626579,4.3831465847460136e-05,0.006620533652770004,3.677187088493744e-05,0.006063981438373426,3.866761114063379e-05,0.006218328645273888
2017-09-20,-0.0006308353135604,3.979531928348823e-07,4.7514327585850046e-06,3.120342979299774e-05,0.005586003024793107,4.097729620271956e-05,0.006401351123217626,3.483305474880078e-05,0.005901953468877976,3.734941557370248e-05,0.006111416822120914
2017-09-21,-0.001900010615274,3.6100403381540623e-06,3.55087507171108e-05,2.9355101196987963e-05,0.005418034809503162,3.848766167991508e-05,0.006203842493158179,3.319477342980455e-05,0.005761490556254046,3.620572844633083e-05,0.006017119613762953
2017-09-22,-0.0156826515481897,0.0002459455595819,7.263702938590456e-05,2.7810397545457917e-05,0.005273556441857612,3.663170292319042e-05,0.0060524129835290005,3.357183718638464e-05,0.005794120915754575,3.576202167992369e-05,0.005980135590429677
2017-09-25,-0.0092555766090874,8.566569836668742e-05,7.697065776010633e-05,4.089850726764666e-05,0.006395194075839033,5.94822293848482e-05,0.007712472326358662,6.300747694988883e-05,0.00793772492279046,7.78955092869089e-05,0.008825843262086002
2017-09-26,-0.0001113861252619,1.2406868900863545e-08,2.281017298319002e-05,4.3584538733589005e-05,0.006601858733234831,6.330603512315785e-05,0.007956508978387308,7.769459464064601e-05,0.00881445373467046,8.688105688137968e-05,0.009321000851913902
2017-09-27,-0.0138471401230699,0.0001917432895879,0.0001598060582226,4.0970210821707716e-05,0.006400797670736649,5.800385781219185e-05,0.007616026379431196,7.051237162387123e-05,0.008397164499036042,7.97653037130582e-05,0.008931142352076704
2017-09-28,0.0034043309606841,1.15894692898724e-05,3.929773771328912e-05,5.00165955476812e-05,0.0070722411969390015,7.272516353006633e-05,0.008527904990680086,9.826032372023944e-05,0.009912634549918576,0.00010714213693347252,0.010350948600658421
2017-09-29,0.002009394926278,4.0376679697519235e-06,2.3161630810929788e-05,4.771096797221267e-05,0.006907312644741996,6.742225907612971e-05,0.00821110583759153,8.879181946677579e-05,0.009422941126143992,9.760898777297716e-05,0.00987972609807464
2017-10-03,0.0072170540435651,5.20858690677398e-05,1.5352699543030546e-05,4.509056997206501e-05,0.006714951226335528,6.201533027486157e-05,0.007874981287270565,8.029724947841496e-05,0.008960873254232254,8.921223616412324e-05,0.009445222928238552
2017-10-04,0.0056032582003749,3.1396502460069105e-05,2.830301766089009e-05,4.551028791780547e-05,0.006746131329718201,6.213291193747297e-05,0.007882443272074527,7.360338295731154e-05,0.008579241397542766,8.181641801649097e-05,0.009045242839000564
2017-10-05,-0.0026460047490028,7.001341131745765e-06,1.5078304626328696e-05,4.4663460790341257e-05,0.006683072705750047,6.01462571260837e-05,0.007755401803006966,6.746373632402481e-05,0.008213631129045473,7.530221721163317e-05,0.00867768501454352
2017-10-06,0.0091603384813211,8.391180109237313e-05,2.495664634116561e-05,4.24037336108255e-05,0.006511814924491136,5.594246104202476e-05,0.007479469302164744,6.664786353305257e-05,0.008163814276001909,7.079311481218485e-05,0.008413864439850743
2017-10-09,0.0009064103842389,8.215797846561655e-07,1.146062584115479e-05,4.489421765971831e-05,0.006700314743332459,6.0028821128197984e-05,0.007747826864882693,6.17824652928243e-05,0.007860182268422552,6.559294514004615e-05,0.008098947162443162
2017-10-10,0.0028192178944088,7.947989536155224e-06,3.611304398385033e-06,4.224985938721458e-05,0.006499989183622891,5.521545521612022e-05,0.0074307102766909315,5.639113038503297e-05,0.007509402798161314,6.101266087635454e-05,0.007811060163406408
2017-10-11,-0.0032147605398203,1.0334685328385836e-05,4.469765321091285e-05,4.019174719615099e-05,0.006339696143834576,5.171975884033486e-05,0.007191645071910519,5.1850682438931706e-05,0.007200741797824145,5.697836868081398e-05,0.007548401730221702
2017-10-12,0.0111150462937749,0.0001235442541127,5.802212424835059e-05,3.840032348408507e-05,0.006196799454886778,4.88993432057923e-05,0.00699280653284447,5.333127374209495e-05,0.007302826421468262,5.5238482910183354e-05,0.007432259609982912
2017-10-13,0.0070124970121348,4.9175114345199795e-05,1.8027318034254675e-05,4.350895932180552e-05,0.0065961321486008384,5.786346325280821e-05,0.007606803747488705,5.012605722781019e-05,0.007079975792883065,5.189250069774608e-05,0.0072036449591679685
2017-10-16,0.0062161669177718,3.864073114960151e-05,1.5931491031741693e-05,4.3848928623209156e-05,0.006621852355890243,5.8202789275437206e-05,0.0076290752568995675,4.6760458647014566e-05,0.006838161934834139,4.894537576842628e-05,0.006996097181173678
2017-10-17,0.0003518722920273,1.2381410989657246e-07,5.307069867478282e-06,4.3536436774792635e-05,0.0065982146657101596,5.743599016871865e-05,0.007578653585480646,4.3649855532303735e-05,0.006606803730420916,4.6349562404188595e-05,0.006808051292711344
2017-10-18,-0.00230865740736,5.329899024558471e-06,1.2757854302282106e-05,4.0931679414898864e-05,0.006397787071706815,5.287422269538774e-05,0.007271466337361932,4.021805195534994e-05,0.006341770411750171,4.406318256413418e-05,0.006638010437181775
2017-10-19,-0.0063171151882634,3.990594430178932e-05,2.738747940448427e-05,3.8795572591478426e-05,0.006228609202019213,4.940491877000718e-05,0.007028863263003996,4.080139429905918e-05,0.006387596911128565,4.2984624800105364e-05,0.006556266071485001
2017-10-23,0.0037675566950721,1.41944834505829e-05,3.459937652540615e-05,3.8862194894097004e-05,0.006233954996155892,4.985874902943504e-05,0.007061072795930873,4.8682804657665944e-05,0.0069773064041695875,4.810193596771721e-05,0.006935555923479906
2017-10-24,0.0022410729134023,5.022407803185567e-06,1.059956186728855e-05,3.7382132207486145e-05,0.0061140929177995115,4.7659342426692496e-05,0.006903574612234773,4.509370052756926e-05,0.006715184325658474,4.560666471203171e-05,0.006753270667760305
2017-10-25,0.008549942456258,7.31015160053245e-05,3.3820410929422954e-05,3.54405487432281e-05,0.005953196514749711,4.480675709355516e-05,0.006693784960211611,4.1713797976759776e-05,0.006458621987449008,4.340884187510715e-05,0.006588538675238019
2017-10-26,0.0046949884744854,2.20429167755509e-05,2.3811253621339207e-05,3.7700206778953804e-05,0.006140049411768101,4.9184516381480234e-05,0.007013167357298715,3.9361402331732123e-05,0.006273866617304844,4.147301016709256e-05,0.006439954205356787
2017-10-27,-0.0020080474155119,4.0322544229442e-06,1.0151849059647603e-05,3.676076937874962e-05,0.006063066004815519,4.786155434255416e-05,0.006918204560617889,3.683036985998817e-05,0.006068803000591481,3.976793897297481e-05,0.006306182599082809
2017-10-30,0.0039252889716531,1.5407893510981817e-05,5.426048104502566e-06,3.479705848140128e-05,0.005898903159181483,4.488384518721697e-05,0.00669954066986812,3.7142339496040714e-05,0.006094451533652615,3.8973688306757905e-05,0.006242891021534647
2017-10-31,-0.0027393276855447,7.503916168792211e-06,6.449732224348784e-06,3.363370858317609e-05,0.005799457611119861,4.342495947939034e-05,0.006589761716434847,3.475100276773965e-05,0.005894998114311797,3.756654838316907e-05,0.006129155601154948
2017-11-01,0.0101272726369556,0.0001025616510632,1.5640794759764967e-05,3.206592103831302e-05,0.005662677903458135,4.1348988196280614e-05,0.006430317892319214,3.6351228956302564e-05,0.006029198035916764,3.764391081752634e-05,0.006135463374312191
2017-11-02,-0.0016008396193766,2.5626874869660387e-06,5.421971211524568e-06,3.629566483980802e-05,0.006024588354386382,4.9131740697011166e-05,0.007009403733343598,3.466190827023811e-05,0.005887436476959909,3.6395286813762844e-05,0.006032850637448506
2017-11-03,0.0027495498399802,7.5600243225355395e-06,1.118635376839304e-05,3.427168619863749e-05,0.005854202439157488,4.584782656554885e-05,0.006771102315395097,3.448640963186341e-05,0.005872513059318252,3.574519746815601e-05,0.005978728750173904
2017-11-06,-6.699055402996047e-05,4.487734329241052e-09,1.9422461296879392e-05,3.2668986486071344e-05,0.005715679004813981,4.3476561637395474e-05,0.006593675882039962,3.223824583009537e-05,0.005677873354531199,3.472290928885615e-05,0.005892614809136615
2017-11-07,-0.0097731435935725,9.551433570058726e-05,6.98862142514039e-05,3.070911656096681e-05,0.005541580691550634,4.0636736477944326e-05,0.006374695010582414,3.0041378195482448e-05,0.005481001568644407,3.382327030557326e-05,0.005815777704277671
2017-11-08,-0.0045513384645174,2.071468181859587e-05,3.292948269788824e-05,3.4597429709344036e-05,0.005881957982623137,4.779618204487362e-05,0.006913478288450296,4.4484412702915485e-05,0.006669663612425703,4.979065126916628e-05,0.007056249093474966
2017-11-09,0.0005627572809849,3.166957573015693e-07,3.4905014960253385e-05,3.376446483589913e-05,0.005810719820805262,4.6511522290295996e-05,0.006819935651477658,4.887870841789886e-05,0.006991330947530581,5.072902654777251e-05,0.007122431224502804
2017-11-10,0.0012408504033945,1.5397097236042937e-06,2.8063462960292663e-05,3.175759869118327e-05,0.005635388069262247,4.3326237382540794e-05,0.006582266887823738,4.490338199709736e-05,0.006700998582084417,4.792059337073443e-05,0.006922470178392568
2017-11-13,-0.0094224882779228,8.878328534759422e-05,4.7486917712152214e-05,2.9944525353128533e-05,0.005472159112555896,4.066014278767699e-05,0.006376530623127046,4.143409155335029e-05,0.006436931843149366,4.5446939030530036e-05,0.0067414344935280675
2017-11-14,-0.0037577382836893,1.412059700870492e-05,1.8154941173695893e-05,3.347485095279638e-05,0.0057857454967183254,4.713684323976268e-05,0.006865627665389573,5.591507273989584e-05,0.00747763817925793,5.884757807158102e-05,0.007671217509077749
2017-11-15,-0.0067521545169891,4.5591590621296856e-05,2.3295902329952988e-05,3.231359571615085e-05,0.005684504878716426,4.526808027514724e-05,0.006728155785588443,5.822410533694657e-05,0.007630472156881681,5.754921379467231e-05,0.0075861198115157865
2017-11-16,0.0095118159148355,9.047464199771932e-05,3.010007781757713e-05,3.3110275410459575e-05,0.005754152883827434,4.68100266162821e-05,0.006841785338366157,6.689034979900923e-05,0.008178652077146284,6.192805539588782e-05,0.007869438060998246
2017-11-17,0.0067176011334316,4.512616498788196e-05,1.938293890786276e-05,3.6552137405695076e-05,0.00604583636941119,5.2693636140714593e-05,0.007259038237997827,6.204532449273114e-05,0.00787688545636733,5.778464374254062e-05,0.007601621125953372
2017-11-20,0.0014721733571545,2.167294393515578e-06,7.969599691805906e-06,3.7066579060626266e-05,0.006088232835612175,5.3266196253789297e-05,0.007298369424315907,5.7366953229834414e-05,0.007574097519165859,5.41351468247236e-05,0.007357659058744405
2017-11-21,0.0027296504663746,7.450991668579079e-06,6.431519316389545e-06,3.497262198059962e-05,0.0059137654654711855,4.942877885455573e-05,0.0070305603513913266,5.2552039866410474e-05,0.007249278575583261,5.092068761385361e-05,0.007135873290204473
2017-11-22,0.0014900834832817,2.2203487871491343e-06,1.1804961602698892e-05,3.332132416187839e-05,0.0057724625734497746,4.660168748569174e-05,0.006826542864854197,4.842494374509268e-05,0.00695880332708812,4.8089407509678196e-05,0.00693465265962746
2017-11-23,0.0006234768735595,3.88723411863557e-07,1.5141152404327329e-05,3.1455265639394626e-05,0.005608499410661877,4.3597471955150656e-05,0.006602838174236187,4.460435345532435e-05,0.0066786490741260205,4.559562970651383e-05,0.006752453606394777
2017-11-24,0.0039492101048355,1.5596260452135002e-05,5.971619046719303e-06,2.9591273105742758e-05,0.00543978612683833,4.07814356069513e-05,0.006386034419493157,4.1099718416627925e-05,0.006410906208690619,4.339912229555503e-05,0.006587801021247912
2017-11-27,0.0009475676238426,8.978844017547759e-07,1.5022975506202176e-05,2.8751572346526282e-05,0.005362049267446755,3.9851162831274026e-05,0.006312777742901616,3.8316861646713605e-05,0.006190061522045933,4.146444920678707e-05,0.0064392894954945976
2017-11-28,-0.0028213872448567,7.960225985440325e-06,9.883618260266728e-06,2.7080351069839986e-05,0.005203878464168815,3.755190606154477e-05,0.00612796100359204,3.550654565178709e-05,0.005958736917484031,3.9760398519971985e-05,0.006305584708809484
2017-11-29,-0.0008634372203591,7.45523833501502e-07,7.425442058027939e-06,2.5933143564775987e-05,0.005092459480916464,3.625155355831339e-05,0.0060209263040094906,3.720249394214322e-05,0.006099384718325548,3.965631525605275e-05,0.006297326040158056
2017-11-30,-0.0130904321504817,0.0001713594138863,5.042120096777811e-05,2.4421886380899514e-05,0.004941850501674399,3.438403996190473e-05,0.005863790579642552,3.570295041697353e-05,0.005975194592393918,3.8298625156038276e-05,0.006188588300738568
2017-12-01,-0.0102957662243262,0.0001060028021459,9.358700070194868e-05,3.323813803122745e-05,0.005765252642445728,4.998054556434296e-05,0.007069692041690568,5.84795838624278e-05,0.007647194509258137,6.70415865732682e-05,0.008187892682080549
2017-12-04,0.0005876866933977,3.453756495968379e-07,2.447005481814115e-05,3.7604017878112376e-05,0.006132211499786384,5.70386714584505e-05,0.007552395080929658,7.574705068832767e-05,0.00870327815758681,8.088966765178789e-05,0.008993868336360495
2017-12-05,-0.0009384570480314,8.807016309999557e-07,2.194589166836216e-05,3.536849934440144e-05,0.005947142115705782,5.254863537603427e-05,0.007249043755974596,6.865374992471102e-05,0.008285755845106168,7.44859399780122e-05,0.008630523737179117
2017-12-06,-0.0073553654573627,5.4101401011364586e-05,1.7858778892581767e-05,3.329923148159734e-05,0.0057705486291684035,4.8670404859348717e-05,0.006976417766973873,6.420065998473033e-05,0.008012531434242885,6.900011051086535e-05,0.008306630514887812
2017-12-07,0.0121323342918719,0.0001471935353697,5.132663935973693e-05,3.454736165338336e-05,0.005877700371181178,5.064921846919953e-05,0.00711682643242053,7.417458860241678e-05,0.00861246704507,7.350722549664971e-05,0.00857363548890724
2017-12-08,0.0096857156462463,9.381308757994149e-05,1.9685544213558467e-05,4.1306132076364216e-05,0.006426984679954062,6.178455770400611e-05,0.007860315369246078,6.888550139212789e-05,0.00829972899510146,6.798352068754362e-05,0.008245211985603743
2017-12-11,0.0054983510599599,3.02318643785632e-05,7.549844072733106e-06,4.4456549406578794e-05,0.006667574477017771,6.614526400604284e-05,0.008132973872209528,6.384361717741172e-05,0.007990220095680201,6.311826824307391e-05,0.007944700638984071
2017-12-12,-0.0079854534576269,6.376746692392594e-05,3.139950933571983e-05,4.36030683048978e-05,0.006603261944289186,6.354257929692533e-05,0.007971359940243906,5.880711431070105e-05,0.007668579680142931,5.883297745198775e-05,0.007670265800608722
2017-12-13,-0.0046199820794001,2.134423441397853e-05,5.529136517403312e-05,4.4812932222039455e-05,0.006694246202675807,6.465029522422813e-05,0.008040540729592018,7.034620091167661e-05,0.008387264209006214,6.624823588859016e-05,0.00813930192882597
2017-12-14,0.0057862005380184,3.348011666616451e-05,6.265298556865808e-05,4.3404810353555776e-05,0.006588232718533535,6.133565791568219e-05,0.007831708492767219,7.366390495887955e-05,0.008582767907783569,6.533525935269478e-05,0.008083022909326361
2017-12-15,0.0078843267217833,6.216260785582642e-05,9.625488340308384e-06,4.280932873231229e-05,0.00654288382384345,5.9658480899226694e-05,0.007723890269755694,6.754265839678948e-05,0.008218434059891791,6.078569248387756e-05,0.007796517971753645
2017-12-18,0.0053566386167099,2.869357727002821e-05,0.0004660658394203,4.3970525479723124e-05,0.006631027482956403,6.108657561514628e-05,0.007815790146565239,6.240685618933293e-05,0.00789980102213549,5.677845602161004e-05,0.00753514804244814
2017-12-19,0.0071408679743189,5.099199542665416e-05,1.4504737587314583e-05,4.3053908587141406e-05,0.006561547728024342,5.895689718437621e-05,0.007678339480927905,5.75130998794483e-05,0.007583739175330881,5.3248901552911585e-05,0.007297184494920735
2017-12-20,-0.0018175387542658,3.3034471232583382e-06,1.0811304860872792e-05,4.353019379751212e-05,0.006597741567954304,5.9343905854039516e-05,0.007703499584866576,5.3382483890176455e-05,0.007306331767048117,5.014008707224905e-05,0.007080966535173645
2017-12-21,-0.0003735201388922,1.3951729415808186e-07,7.310780331168974e-06,4.1116588997056874e-05,0.00641222184558963,5.486628704663069e-05,0.007407178075801249,5.210731108264349e-05,0.007218539400920624,4.7981537221263555e-05,0.006926870665839196
2017-12-22,0.0050350692095142,2.535192194459877e-05,9.181610303555249e-06,3.865796469488294e-05,0.006217552950710025,5.062530566978218e-05,0.007115146215629176,4.8355672663751855e-05,0.006953824319304584,4.5525100150751064e-05,0.006747229072052546
2017-12-26,0.0036623979675021,1.3413158872363656e-05,1.4872334550228328e-05,3.785960212986584e-05,0.006153015693939504,4.9457583819625935e-05,0.007032608607026694,4.494589190065236e-05,0.006704169739844924,4.333700020517791e-05,0.006583084399062336
2017-12-27,-0.0038768496273459,1.5029963033052326e-05,2.2572207724250368e-05,3.63928155344157e-05,0.006032645815429222,4.722909467484021e-05,0.006872342735548062,4.17377612850076e-05,0.006460476862044132,4.14097323703941e-05,0.006435039422598288
2017-12-28,-0.0012256021006669,1.5021005091593244e-06,1.7971247473272118e-05,3.5111044384333885e-05,0.005925457314362655,4.544071872149062e-05,0.006740973128672938,4.4975498664091216e-05,0.006706377462094661,4.234961655143535e-05,0.006507658300144173
2017-12-29,0.0050265048012466,2.5265750516955817e-05,8.173571046933635e-06,3.30945077518234e-05,0.005752782609470255,4.250817166884871e-05,0.006519829113469824,4.337788694041905e-05,0.006586189106032338,4.080363367433329e-05,0.006387772199627448
2018-01-02,-0.0084395122885362,7.122536766835473e-05,2.7081246291466937e-05,3.2624782317731305e-05,0.005711810773978013,4.234003017624715e-05,0.006506921712779949,4.047995742676754e-05,0.006362386142538626,3.917835540024187e-05,0.0062592615698852105
2018-01-03,9.5760673203421e-05,9.170106532372393e-09,1.8053310435600052e-05,3.494081743876864e-05,0.0059110758275265456,4.6834706748998625e-05,0.006843588733186604,5.274642704917698e-05,0.007262673546923129,5.024522979582914e-05,0.007088386967133576
2018-01-04,0.0058812093687898,3.4588623639541906e-05,1.6820630830079842e-05,3.284491859883446e-05,0.005731048647397303,4.3578216767938474e-05,0.006601379913922427,4.828741856105088e-05,0.006948914919687165,4.7494467534788096e-05,0.0068916229971457445
2018-01-05,0.005132056867763,2.633800769395351e-05,6.865860409943097e-06,3.294954090127685e-05,0.0057401690655656526,4.421877015800581e-05,0.006649719554838822,4.49815123336726e-05,0.006706825801649585,4.50716094590685e-05,0.006713539264729782
2018-01-08,0.006113570815585,3.737574811717335e-05,5.828290751170483e-06,3.255284890883745e-05,0.005705510398626703,4.3946441972163466e-05,0.006629211263201941,4.193182007824473e-05,0.006475478366749806,4.293756780036632e-05,0.006552676384529174
2018-01-09,0.0012605846162125,1.5890735746316738e-06,9.847318650508024e-06,3.284222286133756e-05,0.0057308134554649014,4.482275586243272e-05,0.0066949799000768275,3.929619479830791e-05,0.006268667705207217,4.1057914243521346e-05,0.006407644984198277
2018-01-10,-0.0004513385294137,2.037064681333607e-07,1.2602286688095854e-05,3.0967033904135206e-05,0.005564803132558708,4.197575442388955e-05,0.006478869841561069,3.641713281599973e-05,0.006034660952862201,3.940232449332033e-05,0.006277127089148373
2018-01-11,0.0017854294613236,3.1877583613624147e-06,8.700218513068603e-06,2.912123425797509e-05,0.005396409385691109,3.93424757397141e-05,0.006272358068518897,3.436934824682082e-05,0.005862537696835801,3.797983485339651e-05,0.006162778176552885
2018-01-12,0.0028172876803263,7.937109873718697e-06,2.7714135721586177e-05,2.756522570417832e-05,0.0052502595844565935,3.7337684213163555e-05,0.006110456956166499,3.203928236062816e-05,0.005660325287527932,3.669116707461874e-05,0.006057323424964094
2018-01-15,0.0056295129008365,3.169141550068469e-05,1.4799917433531198e-05,2.6387538754350722e-05,0.005136880255013808,3.6061606910765695e-05,0.00600513171468917,3.0033148412841426e-05,0.005480250761857657,3.555611473662179e-05,0.00596289482857293
2018-01-16,-0.0038335658715686,1.4696227291655748e-05,1.740315214300444e-05,2.6705771359130753e-05,0.005167762703446314,3.734323015878604e-05,0.0061109107470806705,2.8473131097318605e-05,0.005336022029313467,3.455636613542379e-05,0.005878466308096338
2018-01-17,0.0081995535364297,6.723267819677827e-05,5.8103895033845394e-05,2.598519871508224e-05,0.005097567921576155,3.674913639740683e-05,0.006062106597331231,3.201020399535993e-05,0.00565775609189367,3.6254641828286925e-05,0.0060211827599141125
2018-01-18,0.0026336022006909,6.9358605514839935e-06,3.3936708908036096e-05,2.8460047483983917e-05,0.00533479591774455,4.1535032838862544e-05,0.006444767865397678,3.0515807678732504e-05,0.00552411148319189,3.51716254156411e-05,0.005930567039975276
2018-01-19,0.0071574797298409,5.1229516083084254e-05,3.908403177320484e-05,2.716859626803392e-05,0.005212350359294156,3.9636448277684936e-05,0.006295748428716393,2.8636674952261987e-05,0.0053513245979161074,3.4217709802966e-05,0.005849590567122283
2018-01-22,0.0065413824387291,4.2789684209713795e-05,2.6514934906306472e-05,2.8612251456936887e-05,0.005349042106483823,4.244736921590817e-05,0.006515164557853329,2.7337931476400572e-05,0.005228568778968158,3.337750555274241e-05,0.005777326851818444
2018-01-23,0.0106577453981743,0.0001135875369723,2.860507009986705e-05,2.946289742210348e-05,0.005427973601824486,4.405670180581395e-05,0.006637522264054107,2.609488932249139e-05,0.005108315703095433,3.2637457718258606e-05,0.0057129202443460215
2018-01-24,0.000207472782716,4.30449555679276e-08,1.2018628843035238e-05,3.451037579511561e-05,0.005874553242172174,5.261672808218394e-05,0.007253738903640242,2.5314592446049815e-05,0.005031360894037498,3.1985627172027866e-05,0.005655583716295593
2018-01-25,-0.001475886471805,2.178240877657022e-06,2.204080156816216e-05,3.244233594474274e-05,0.005695817407953202,4.8645435793323905e-05,0.006974628003938554,2.370730285805441e-05,0.0048690145674514474,3.1411497980542966e-05,0.005604596147854274
2018-01-29,0.0054729741150458,2.9953445663962016e-05,2.663972208100961e-05,3.06264902407176e-05,0.005534120548083281,4.538309966029315e-05,0.006736697979002261,2.4054768899382075e-05,0.004904566127536877,3.1288038876146107e-05,0.0055935712095356496
2018-01-30,-0.0072813500350772,5.301805833332013e-05,2.2349134196686365e-05,3.058610756611222e-05,0.005530470826802382,4.5331302373254985e-05,0.0067328524692922675,2.2995114784220793e-05,0.004795322177312052,3.079706558905205e-05,0.005549510391832062
2018-01-31,-0.0019884815852113,3.954059014724804e-06,1.863349480077252e-05,3.193202461214462e-05,0.005650842823167586,4.761547044921187e-05,0.006900396397976849,3.204228052313373e-05,0.005660590121456748,3.966806686901737e-05,0.006298259034766462
2018-02-01,-0.0009798141281276,9.600357256784766e-07,0.0001696967021384,3.0253346676299402e-05,0.0055003042348855035,4.466043127132384e-05,0.006682846045759534,3.262305089236516e-05,0.00571165920660233,3.887199994808551e-05,0.006234741369783153
2018-02-02,-0.0235392139330768,0.0005540945925871,0.0001468717595415,2.8495748019262143e-05,0.0053381408766781475,4.1770060289799786e-05,0.006462976117068651,3.1679142831442826e-05,0.0056284227658770294,3.76454459280937e-05,0.006135588474473635
2018-02-05,-0.0087786206983058,7.706418136472458e-05,4.27950108385413e-05,6.003167869333586e-05,0.007748011273438873,9.510544130569494e-05,0.009752201869613597,8.74454196984291e-05,0.009351225572000127,0.00013362747852916712,0.011559735227468107
2018-02-06,-0.0159040816546759,0.0002529398132786,0.000334675636764,6.10536288536191e-05,0.007813682157191902,9.363549357925621e-05,0.009676543472710502,0.00010063245589227752,0.010031572952048822,0.00013446013733152415,0.011595694775714137
2018-02-07,-0.0020548141539544,4.222261207291429e-06,9.137042239450218e-05,7.256679991911787e-05,0.008518614906140426,0.00011011161788538182,0.010493408306426555,0.00013645255206967623,0.01168129068509453,0.0001660556619664325,0.0128862586489032
2018-02-08,0.0095138511458138,9.05133636247038e-05,8.102133896440899e-05,6.846612759640827e-05,0.008274426118856116,9.942060127957639e-05,0.009970987979111017,0.00012702926259136949,0.011270725912352295,0.0001502406448842105,0.01225726906305848
2018-02-09,-0.0115920444485001,0.000134375494496,2.225421430922162e-05,6.978896175810592e-05,0.008353978798040245,9.877300912582583e-05,0.009938461104508375,0.00011491210223055506,0.010719706256729009,0.00013556994483917913,0.011643450727304992
2018-02-12,0.0080782545170889,6.525819604286778e-05,1.601328037111869e-05,7.366415372237969e-05,0.008582782399803673,0.00010263594421696854,0.010130939947357726,0.00013611115477685728,0.011666668538055638,0.00014622786776235958,0.012092471532418821
2018-02-14,-0.0036928186917027,1.3636909889789267e-05,5.839221457645632e-05,7.315979626160894e-05,0.008553350002286178,9.903817490452684e-05,0.009951792547301557,0.0001225413609248635,0.011069840149020379,0.00013203551018459907,0.011490670571581063
2018-02-15,0.0042382236684079,1.7962539863453568e-05,3.7033068717799886e-05,6.958842307929974e-05,0.008341967578413365,9.067354668909103e-05,0.00952226583797633,0.0001192456212335252,0.010919964342136159,0.00012192791397891646,0.011042097354167661
2018-02-16,-0.0088771974425149,7.88046344333935e-05,0.0001041832340485,6.649087008634893e-05,0.008154193405012474,8.378483472207241e-05,0.009153405635176037,0.00010720982701133802,0.010354217836772511,0.00011063222858278747,0.01051818561267995
2018-02-19,-0.0070952702880844,5.0342860460973896e-05,0.0001162044141604,6.722969594717157e-05,0.00819937168002351,8.389688168396219e-05,0.009159524097023938,0.00012004749439354359,0.0109566187482062,0.00011451144198076102,0.010701001914809707
2018-02-20,-0.0017358770846747,3.01326925309883e-06,2.230740968676508e-05,6.621648581799967e-05,0.00813735127778073,8.112036471239506e-05,0.009006684446143045,0.0001268450048949555,0.011262548774365218,0.00011293384852680668,0.010627033853658634
2018-02-21,0.003569718731482,1.2742891821893777e-05,1.956095421608486e-05,6.242429282410562e-05,0.007900904557334281,7.390843776606726e-05,0.008597001673029223,0.00011767767980310607,0.010847934356507974,0.0001032390586480884,0.010160662313456166
2018-02-22,-0.0014196242279203,2.015332948498526e-06,1.0860509044298033e-05,5.9443408763972886e-05,0.0077099551726305705,6.857504682332033e-05,0.008281005181940193,0.0001057321163702078,0.010282612332000453,9.4171175323038e-05,0.009704183392900096
2018-02-23,0.010381515779008,0.0001077758698697,3.4680302210849804e-05,5.5997724215044406e-05,0.007483162714724597,6.282066620894584e-05,0.00792594891536312,9.822134605370148e-05,0.009910668295009245,8.6537872125627e-05,0.009302573414148743
2018-02-26,0.0086886119084176,7.549197689509743e-05,1.712923191647254e-05,5.910441295432927e-05,0.007687939447883891,6.846291479692667e-05,0.008274231976257776,8.986946336026639e-05,0.009479950599041453,7.946085112579713e-05,0.008914081619875214
2018-02-27,-0.002677764703635,7.170423808033804e-06,2.8690048386494377e-05,6.008766679077528e-05,0.007751623493873737,7.014362107865539e-05,0.0083751788684574,8.225861231969743e-05,0.00906965337373471,7.322744530434739e-05,0.008557303623475527
2018-02-28,-0.005839305714195,3.4097491223830454e-05,1.789535113221183e-05,5.691263221181077e-05,0.007544046143271578,6.47150627112069e-05,0.00804456727930141,8.021370751488718e-05,0.008956210555524428,6.899533588052908e-05,0.008306343111172875
2018-03-01,-0.0032933705438877,1.084628953934731e-05,2.0134721004094015e-05,5.554372375253194e-05,0.007452766181259945,6.268046211915778e-05,0.007917099350087617,8.589532003944063e-05,0.00926797281175558,6.999279456936862e-05,0.008366169647417427
2018-03-05,-0.0095594759578815,9.138358058931508e-05,3.67923742438602e-05,5.286187769974085e-05,0.007270617422182304,5.855021611323592e-05,0.00765181129623803,8.496919447070684e-05,0.009217873641502516,6.679130095623199e-05,0.008172594505799978
2018-03-06,-0.0106366569240448,0.0001131384705198,0.0001718547282099,5.5173179873115265e-05,0.007427865095242055,6.306730091704052e-05,0.007941492360824918,0.00010040384067802262,0.010020171689049177,7.810388060582232e-05,0.008837639990734083
2018-03-07,-0.0093170999384615,8.680835126327958e-05,3.5979779993921837e-05,5.8651097311918165e-05,0.007658400440817793,6.922053727260273e-05,0.008319888056494674,0.00011879806312955407,0.010899452423381372,9.188542811505463e-05,0.009585688713653007
2018-03-08,0.008672981093711,7.522060105186915e-05,5.317402994659887e-05,6.0340532548999834e-05,0.007767916873203513,7.195009063993813e-05,0.008482339927162677,0.00013252330428011966,0.01151187666195741,9.940381889460551e-05,0.0099701463828073
2018-03-09,-0.0015438368683495,2.3834322760753314e-06,2.4665909790390335e-05,6.123333665917195e-05,0.00782517326703837,7.317022238260024e-05,0.008553959456450577,0.00011953655730797288,0.010933277519022962,9.079311472525935e-05,0.009528542109119282
2018-03-12,0.0188448453263506,0.000355128195374,6.41274253987833e-05,5.770234239618614e-05,0.00759620578948373,6.688222228995172e-05,0.00817815518866888,0.00011072386796895401,0.010522540946413752,8.362708566633998e-05,0.009144784615634201
2018-03-13,0.0005227507223954,2.7326831776497424e-07,3.3665933415071795e-05,7.554789357485967e-05,0.008691829127108959,9.700260046900775e-05,0.009848989819723023,0.00010227745625709501,0.010113231741490699,7.68970445176385e-05,0.00876909599204151
2018-03-14,-0.0015308007692338,2.3433509950869455e-06,2.3655830704381188e-05,7.103141605943398e-05,0.008428013767159731,8.754109369135679e-05,0.009356339759294592,9.183485328586582e-05,0.009583050312184833,7.096925685893705e-05,0.008424325305859043
2018-03-15,-0.0048866185464449,2.387904081846017e-05,1.8221098154468583e-05,6.691013215557314e-05,0.008179861377527931,7.946394300547358e-05,0.00891425504489711,8.616091054314802e-05,0.009282290156160172,6.615929432894613e-05,0.008133836384446525
2018-03-16,-0.0160545978679463,0.0002577501127014,9.4414415736212e-05,6.432826667534631e-05,0.008020490426111505,7.456521912486775e-05,0.008635115466794161,8.910473806102317e-05,0.009439530605968877,6.57017202023811e-05,0.008105659763546772
2018-03-19,-0.0099462005278247,9.892690493970095e-05,7.798897792122888e-05,7.593357743691349e-05,0.008713987459074835,9.389603157676946e-05,0.009689996469388906,0.00012496433356978397,0.01117874472245359,0.0001063376779392764,0.010312016191767564
2018-03-20,0.0029774200184666,8.865029966365976e-06,4.01225849704642e-05,7.73131770870807e-05,0.008792791200016107,9.478445294432729e-05,0.009735730734995052,0.00014045927707910974,0.011851551673899487,0.00011425981760994384,0.010689238401773245
2018-03-21,0.0030474383256294,9.286880348515084e-06,3.0980951839896864e-05,7.32062882598378e-05,0.008556067336097688,8.646624709376947e-05,0.00929872287433976,0.00012535397191258427,0.011196158801686599,0.00010387820643964395,0.010192065857305081
2018-03-22,-0.0039960585982851,1.5968484320929058e-05,3.669782949471265e-05,6.937112378515842e-05,0.008328932931964239,7.922390840630302e-05,0.008900781336843583,0.00011230085512284469,0.010597209780071578,9.473413360215059e-05,0.009733146130730319
2018-03-23,-0.0116047001015945,0.0001346690644479,2.0765446585466217e-05,6.61669654173046e-05,0.008134307924913133,7.355603277773533e-05,0.008576481375117382,0.00011081705158959899,0.010526967825048151,8.948217976096585e-05,0.009459502088427585
2018-03-26,0.0131754661607952,0.0001735929085542,0.0001221315722226,7.027709135914317e-05,0.008383143286330203,8.058098837707236e-05,0.0089766913936635,0.00013212516930885624,0.01149457129730623,0.00010568550226383755,0.010280345435044367
2018-03-27,0.0052671078846415,2.7742425468453613e-05,1.6231506341837414e-05,7.647604039085015e-05,0.008745058055316165,9.066464445274727e-05,0.009521798383327977,0.00012001901449378927,0.010955319004656563,9.63259910157063e-05,0.009814580531826426
2018-03-28,-0.0069416688147598,4.818676593380915e-05,1.3278062835700096e-05,7.35520234955063e-05,0.008576247634922063,8.47648090258379e-05,0.009206780600505147,0.00010806093303130278,0.010395236073861083,8.808217883496705e-05,0.009385210644144704
2018-04-02,0.0096529355844099,9.317916539676745e-05,2.971759024284307e-05,7.203010804180444e-05,0.008487055322183568,8.166271492254878e-05,0.009036742495089078,0.00011514767357979216,0.010730688401952232,8.927673662060971e-05,0.00944863675990403
2018-04-03,0.0032458864317621,1.0535778727897328e-05,2.457247871798875e-05,7.329905148310218e-05,0.008561486522976147,8.349019561666747e-05,0.009137296953512427,0.00010457657375354059,0.010226268808981143,8.187322970739154e-05,0.009048382712252591
2018-04-04,-0.0114463840308595,0.0001310197073819,9.857514277246392e-05,6.953325511778989e-05,0.008338660271158064,7.674367128518901e-05,0.008760346527688789,9.427791797380489e-05,0.009709681661815947,7.535225667320151e-05,0.008680567762145602
2018-04-05,0.0192393067589805,0.0003701509245661,3.716628200405833e-05,7.322244225363742e-05,0.00855701129212983,8.300408299463419e-05,0.00911065765983083,0.00011522848586737249,0.010734453216972558,9.259955632719805e-05,0.009622866325954967
2018-04-06,0.0006244175835545,3.898973186521033e-07,1.202829104197958e-05,9.103815119238835e-05,0.009541391470450647,0.0001126391558168482,0.010613159558625707,0.00010631260450144376,0.010310800381223747,8.479995321977033e-05,0.009208689006572561
2018-04-09,0.0046110957157475,2.126220369978571e-05,1.6082480352728815e-05,8.559925595996417e-05,0.009251986595319093,0.00010124710711203078,0.010062162148963352,9.536117267256254e-05,0.009765304535577092,7.793010056759252e-05,0.008827802703254787
2018-04-10,0.0022039111834326,4.857224504459452e-06,6.2625958980953184e-06,8.173903282435341e-05,0.009040964153471321,9.337824906032744e-05,0.009663242160906837,8.644679634223583e-05,0.00929767693255879,7.187916762495696e-05,0.00847815826845412
2018-04-11,0.0014313950343946,2.0488917444897986e-06,1.7579820413730463e-05,7.712612432515977e-05,0.00878214804732645,8.482992794278786e-05,0.009210316386682266,7.827288306307222e-05,0.008847196339127566,6.654953519510044e-05,0.008157789847446454
2018-04-12,0.0039759006232568,1.5807785766014277e-05,1.8467128688535984e-05,7.262149037031954e-05,0.00852182435692731,7.705980889717336e-05,0.008778371654081032,7.09908367098928e-05,0.00842560601439996,6.185522076382688e-05,0.00786480901000316
2018-04-13,0.00209646733185,4.395175273514611e-06,1.5370011968933728e-05,6.92126680940612e-05,0.008319415129326171,7.164452000122229e-05,0.008464308595580757,6.49319717187538e-05,0.0080580377089434,5.7720491349160174e-05,0.0075974003020217494
2018-04-16,0.0045456897177942,2.0663295010460026e-05,6.806165824465408e-05,6.532361852482837e-05,0.00808230279838787,6.574922415430351e-05,0.00810858952927718,5.932838382101644e-05,0.007702492052642212,5.40786417061318e-05,0.007353818171952024
2018-04-17,0.0019310664870136,3.7290177772673408e-06,1.3663714584480333e-05,6.264399911396626e-05,0.007914796214304336,6.222930646893425e-05,0.007888555410779229,5.467480519026671e-05,0.007394241353260435,5.087091817961968e-05,0.007132385167643408
2018-04-18,-0.002135242220041,4.559259338245856e-06,2.312954779152222e-05,5.91091002337643e-05,0.007688244288117041,5.743625542155488e-05,0.007578671085457851,5.021807039896695e-05,0.007086470941093807,4.804557083294271e-05,0.0069314912416407705
2018-04-19,0.0037076219486611,1.3746460514193533e-05,2.1867525148114142e-06,5.583610978003318e-05,0.007472356373998311,5.332243600488741e-05,0.0073022213062113785,4.9785559978277695e-05,0.007055888319572362,4.635706358307542e-05,0.0068086021754157015
2018-04-20,-0.000118318833714,1.3999346411447081e-08,9.757615178264688e-06,5.33107308240828e-05,0.007301419781390658,5.064753117523544e-05,0.007116707888851097,4.607206677904209e-05,0.006787640737328552,4.4069789566572484e-05,0.006638508082888239
2018-04-23,0.0019528716532068,3.813707693898816e-06,4.90969301013298e-05,5.011292693542252e-05,0.007079048448444362,4.6917912437012995e-05,0.006849665133202717,4.253309439685344e-05,0.006521740135642744,4.205762625326518e-05,0.006485185136390879
2018-04-24,0.0027972417319144,7.824561306763818e-06,1.4747726333228244e-05,4.7334973780931085e-05,0.006880041699069206,4.4035346105206806e-05,0.006635913358777886,3.9390942845325936e-05,0.0062762204267637015,4.028286598966017e-05,0.006346878444531624
2018-04-25,-0.0041350082660198,1.7098293360052824e-05,1.870379374129204e-05,4.496434903248103e-05,0.006705546139762296,4.191593983666506e-05,0.00647425206774227,3.666047601232903e-05,0.006054789510158799,3.8719665745298855e-05,0.006222512816001173
2018-04-26,0.0044600055402558,1.989164941911246e-05,1.5189412694456525e-05,4.329238569213529e-05,0.006579694954337571,4.099644835147954e-05,0.006402846894271293,4.052423370243518e-05,0.0063658647254269535,4.034316323336178e-05,0.00635162681786027
2018-04-27,0.0069920183274944,4.8888320292018456e-05,1.6494996976186637e-05,4.188834151575392e-05,0.00647212032611832,4.0473302690100846e-05,0.00636186314613108,3.785305560526876e-05,0.006152483694027052,3.8772775265872394e-05,0.006226778883650229
2018-04-30,0.0043906914829232,1.9278171698215047e-05,9.26777152549142e-06,4.2308340242329735e-05,0.0065044861628209905,4.294381100276576e-05,0.006553152752894271,3.570512076007756e-05,0.005975376202389065,3.7389585150836027e-05,0.0061147023763087624
2018-05-02,-0.0019853115722468,3.941462038897186e-06,2.814596326892039e-05,4.0926530129682815e-05,0.006397384631994766,4.2116808963565075e-05,0.006489746448326396,3.3499954363039475e-05,0.0057879145089608465,3.6171277995840645e-05,0.0060142562296464095
2018-05-03,-0.0035891198524198,1.2881781315034164e-05,1.6907128788510603e-05,3.8707426044235665e-05,0.006221529236790233,3.98435231352328e-05,0.006312172616083372,3.3987944896344875e-05,0.005829918086589629,3.5789834765465654e-05,0.005982460594560206
2018-05-04,-0.0057658792280254,3.3245363272175326e-05,3.106679688542809e-05,3.715788736048356e-05,0.006095726975552921,3.875559173465516e-05,0.006225398921728242,3.700248103492156e-05,0.0060829664666938255,3.7022681543323573e-05,0.006084626656034335
2018-05-07,0.0091170725845766,8.31210125124389e-05,2.5609983989514688e-05,3.692313591518503e-05,0.006076441056670017,3.985952613557015e-05,0.006313440118950219,4.380987277529969e-05,0.00661890268664676,4.168190665234197e-05,0.006456152619969727
2018-05-08,0.0002146010849736,4.6053625671864184e-08,1.499626037923032e-05,3.969500851102022e-05,0.006300397488335178,4.5863785674566995e-05,0.0067722806848628915,4.131709743398427e-05,0.006427837695056112,3.9951933987250554e-05,0.006320754226138725
2018-05-09,0.0022274890381628,4.961707415135632e-06,1.8292278912056357e-05,3.731607121789932e-05,0.0061086881748784105,4.27316255604991e-05,0.006536943135785954,3.8118672624686956e-05,0.006174032120477424,3.84281824401492e-05,0.006199046897721391
2018-05-10,-0.0023441242544579,5.494918520338168e-06,2.02680766024317e-05,3.537480938973349e-05,0.00594767260276938,4.048501425798979e-05,0.006362783530656201,3.5458416338935744e-05,0.005954696998079394,3.708606945759982e-05,0.006089833286519412
2018-05-11,0.008358547680564,6.986531932826229e-05,2.3868955643747295e-05,3.358201593756975e-05,0.005794999218081893,3.8571324069700444e-05,0.0062105816208870845,3.638964299038876e-05,0.006032382861721292,3.6868174489078134e-05,0.0060719168710612415
2018-05-14,9.217500201396874e-06,8.496230996275141e-11,1.1159034918418364e-05,3.575901414101127e-05,0.0059798841243799425,4.339677172092562e-05,0.006587622615247903,3.451747939170684e-05,0.005875157818451079,3.5712022011819416e-05,0.005975953648734184
2018-05-15,-0.00043964284789,1.9328583370088557e-07,6.686394592587428e-05,3.361347839028919e-05,0.0057977132035216435,4.056641312150057e-05,0.006369176800929659,3.200129451427383e-05,0.005656968668312901,3.4693688507368754e-05,0.00589013484628058
2018-05-16,-0.0056399112687945,3.180859911987537e-05,2.572729106863104e-05,3.160826683689389e-05,0.005622122983081559,3.8107145692687325e-05,0.006173098548758745,3.0343372845841143e-05,0.005508481900291689,3.3830662500979294e-05,0.005816413198955117
2018-05-17,-0.0054518394722826,2.9722553631539397e-05,3.9892861560543174e-05,3.162028677387277e-05,0.005623191867069162,3.9146514413044484e-05,0.0062567175430128285,3.686406516553189e-05,0.006071578473966378,3.86182727212681e-05,0.006214360202085819
2018-05-18,-0.0081112711974543,6.579272043865324e-05,2.3516561651367098e-05,3.150642278533272e-05,0.00561305823819179,3.9846085086746044e-05,0.006312375550198677,4.3087204820193794e-05,0.0065640844616895195,4.246912367613264e-05,0.006516833868999012
2018-05-21,-0.0075498691977662,5.700052490337894e-05,4.341670199845404e-05,3.356360064453186e-05,0.005793410104984098,4.410185267614645e-05,0.006640922577183569,5.472946045872046e-05,0.007397936229700852,5.21904180859806e-05,0.007224293604635722
2018-05-22,0.0018999311888009,3.609738522178664e-06,1.507864196934044e-05,3.4969816100062674e-05,0.005913528227721812,4.694096900541839e-05,0.006851347969955867,6.525710744645394e-05,0.00807818713861309,5.921005929633966e-05,0.0076948072942952675
2018-05-23,-0.01014463160082,0.0001029135503163,4.403534141276318e-05,3.308821144538962e-05,0.005752235343359103,4.403493772845641e-05,0.0066358825885074555,5.9590119928720645e-05,0.00771946370732583,5.539064593955442e-05,0.007442489230059686
2018-05-24,0.0079736104042513,6.357846287878557e-05,4.371692999733535e-05,3.7277731777647595e-05,0.006105549260930387,5.1519592318084e-05,0.007177714978883182,7.649810001256611e-05,0.008746319226541305,7.008548302337168e-05,0.00837170729441562
2018-05-25,0.0086463705716234,7.475972406183663e-05,3.491074870482739e-05,3.8855775643715814e-05,0.006233440113108958,5.410167469680005e-05,0.007355384061814859,7.03559955007754e-05,0.008387848085222777,6.496966648713011e-05,0.008060376324163166
2018-05-28,0.0078426983374126,6.150791721165514e-05,1.5177741732586076e-05,4.1010012548802975e-05,0.006403906038411477,5.749232928851482e-05,0.007582369635444768,6.500808675977117e-05,0.008062759252251748,6.0463680059793554e-05,0.007775839508361367
2018-05-29,-0.0051918994055849,2.69558194377134e-05,3.243381799520688e-05,4.223988682857406e-05,0.006499222017178214,5.912337232580309e-05,0.007689172408380703,6.014882497884957e-05,0.007755567353769134,5.6494829038061255e-05,0.0075163042140443765
2018-05-30,-0.0017837455774774,3.1817482851703994e-06,2.612820478547019e-05,4.132284278512239e-05,0.006428284591173791,5.706204260400118e-05,0.007553942189612069,6.526905615383823e-05,0.008078926670903644,5.7729209768243936e-05,0.007597974056828829
2018-05-31,0.0114097658238058,0.000130182756154,6.487782611508309e-05,3.903437711512525e-05,0.006247749764125101,5.285557773435272e-05,0.007270184160965438,6.286392996172698e-05,0.007928677693141964,5.4644644392242644e-05,0.0073922015930467325
2018-06-01,-0.0037280317361382,1.389822062565414e-05,2.1739255035406926e-05,4.450327985746295e-05,0.006671077863243911,6.199875759744795e-05,0.007873928980975631,5.8706100635264326e-05,0.007661990644425528,5.136945060748163e-05,0.007167248468379035
2018-06-04,-0.00634948413268,4.0315948751155475e-05,7.281568734097786e-05,4.2666976303554387e-05,0.0065319963490156965,5.826143643893866e-05,0.007632917950491716,6.078712899598637e-05,0.007796610096444888,5.092349340947833e-05,0.0071360698854116
2018-06-05,-0.0033314696471618,1.1098690009960728e-05,2.174866977840853e-05,4.252591465041043e-05,0.00652118966526894,5.765654974401935e-05,0.007593191011954022,6.847573267120132e-05,0.008275006505810211,5.516639932651989e-05,0.007427408654875527
2018-06-06,0.0086005659099089,7.396973397068745e-05,3.912629691275075e-05,4.064028117198342e-05,0.006374973033039702,5.4175850118460025e-05,0.007360424588191908,6.904776521147751e-05,0.00830949849337958,5.37765743045998e-05,0.007333251277884851
2018-06-07,0.0078030712197688,6.0887920460785305e-05,2.8298599806650463e-05,4.2640048339905644e-05,0.006529934788334846,5.747750169924473e-05,0.007581391804889438,6.384032001395842e-05,0.007990013768070642,5.060485867694035e-05,0.007113709206661483
2018-06-08,-6.49348765086917e-05,4.2165381871990415e-09,1.5485155931260988e-05,4.3734920667158354e-05,0.006613238289004741,5.904776675405772e-05,0.007684254469631893,5.910485214059019e-05,0.007687968011158097,4.7811226913290214e-05,0.006914566285262599
2018-06-11,0.0017907833428202,3.206904980922447e-06,1.6662337202204457e-05,4.111107841942008e-05,0.006411792137883143,5.4273710311006276e-05,0.007367069316288959,5.402821720349942e-05,0.00735038891511867,4.535134948980271e-05,0.0067343410583220915
2018-06-12,0.0051687522786096,2.6716000117632015e-05,1.3883803883128364e-05,3.883682801311021e-05,0.00623192009039832,5.041614374134649e-05,0.0071004326446595135,4.962668795127839e-05,0.007044621207082634,4.318396146388295e-05,0.006571450484016672
2018-06-13,0.0012765783569831,1.6296523015176817e-06,7.81835103616541e-06,3.810957833938151e-05,0.006173295581727924,4.9412175512628256e-05,0.007029379454306635,4.609891403163815e-05,0.006789618106465057,4.127493658867036e-05,0.006424557306824367
2018-06-14,-0.0044912101364749,2.0170968489975183e-05,1.1180331820339072e-05,3.592078277710968e-05,0.005993394929179094,4.599918991863318e-05,0.006782270262871658,4.250555906700164e-05,0.00651962875223748,3.959347672382369e-05,0.006292334759357904
2018-06-15,0.0008924907821071,7.965397961463049e-07,1.9122205913009274e-05,3.4975793919881595e-05,0.005914033642099239,4.488283144309472e-05,0.0066994650117076305,4.684773703988436e-05,0.006844540674134705,4.16519954293802e-05,0.006453835714470907
2018-06-18,-0.0016514905857463,2.7274211548087884e-06,5.668605969363729e-06,3.292503867245747e-05,0.005738034391013831,4.194832151648603e-05,0.0064767523896229065,4.313097380283429e-05,0.006567417590106045,3.992558832448571e-05,0.006318669822398201
2018-06-19,-0.0083122903559554,6.909417096171031e-05,2.4328186202325285e-05,3.111318162139854e-05,0.005577919112124031,3.957334623149572e-05,0.006290734951616999,4.240327518932113e-05,0.0065117797251842855,3.888357690519055e-05,0.006235669723870127
2018-06-20,0.0057348798513441,3.288884690935313e-05,1.0403210711023774e-05,3.339204098181718e-05,0.005778584686739235,4.419643981960343e-05,0.006648040299186177,5.446203390241379e-05,0.007379839693544419,4.961161438684179e-05,0.007043551262455736
2018-06-21,-0.0028773301453849,8.27902876554104e-06,2.1792738227341447e-05,3.33618493374693e-05,0.00577597172235714,4.458852172793656e-05,0.006677463719702007,5.048700506540051e-05,0.007105420822541091,4.6936382152321987e-05,0.006851013220854415
2018-06-22,0.0074897340489533,5.6096116124051435e-05,4.976404947444348e-05,3.185688010315358e-05,0.0056441899421576505,4.244630312232621e-05,0.006515082741019197,5.141227607473475e-05,0.007170235426730056,4.603282942949408e-05,0.0067847497691141175
2018-06-25,-0.0055039602444048,3.02935783719895e-05,1.8840813571229306e-05,3.3311234264407386e-05,0.0057715885390772085,4.539972087454697e-05,0.006737931498208258,4.796938695276218e-05,0.006925993571521864,4.378420569572243e-05,0.006616963480005193
2018-06-26,0.0006223592623338,3.8733105141279305e-07,1.6437899517675686e-05,3.313017491086225e-05,0.005755881766581229,4.5380212438000706e-05,0.006736483684979925,5.4147206814788326e-05,0.007358478566578034,4.7119454110481315e-05,0.006864361158220138
2018-06-27,-0.0091182990836827,8.314337817949053e-05,5.561280031968854e-05,3.116560427929527e-05,0.005582616257570932,4.234258930094219e-05,0.006507118356149839,4.959301083391307e-05,0.007042230529733677,4.474129945022542e-05,0.006688893738894752
2018-06-28,-0.0077421690317812,5.994118131667326e-05,4.343675474747296e-05,3.4284270713306886e-05,0.005855277167932094,4.804066983684574e-05,0.006931137701477712,6.369770135306258e-05,0.007981083971056976,5.723638033204319e-05,0.00756547290868477
2018-06-29,0.0117541463075279,0.0001381599554187,3.8839850773215114e-05,3.5823685349508785e-05,0.005985289078190692,5.068752623700987e-05,0.007119517275560884,7.461561906322657e-05,0.008638033286763056,6.417053587757582e-05,0.008010651401576268
2018-07-02,-0.0053341945569373,2.8453631571259765e-05,5.4779191069224426e-05,4.196386155366457e-05,0.006477951956727108,6.0905713318906716e-05,0.007804211255399659,6.922393175784673e-05,0.00832009205224598,5.975980969121646e-05,0.00773044692700341
2018-07-03,0.0039893471097838,1.591489036234083e-05,2.1843531329528542e-05,4.115324775472027e-05,0.006415079715383143,5.877426643610068e-05,0.007666437662702324,7.424843762464227e-05,0.008616753311116795,6.086782044745259e-05,0.007801783158192272
2018-07-04,0.0065208102070441,4.252096575629166e-05,3.0967342020922946e-05,3.963894631117747e-05,0.006295946816101409,5.5641165080813946e-05,0.007459300575845831,6.780865893179407e-05,0.008234601321970243,5.685079393278033e-05,0.00753994654707713
2018-07-05,-0.0018727438548922,3.5071695460366083e-06,1.1148145384375976e-05,3.981186747788426e-05,0.006309664608985509,5.5584467110341904e-05,0.007455499118794255,6.245996121590756e-05,0.00790316146968462,5.33126164351273e-05,0.0073015489065764196
2018-07-06,0.0021280525268188,4.528607556900232e-06,2.0530839699306823e-05,3.763358560197339e-05,0.006134621879298951,5.159440943288035e-05,0.007182924852236751,6.0492614272043485e-05,0.007777699805986567,5.081163431181362e-05,0.007128227992412533
2018-07-09,0.0074218103557948,5.5083268957382984e-05,8.696994250929284e-06,3.564728691926898e-05,0.005970534893899288,4.820314907657109e-05,0.006942848772411156,5.540396663965915e-05,0.007443384085189958,4.799335388933268e-05,0.006927723571948629
2018-07-10,0.0086559217967663,7.492498215173527e-05,1.949035688019809e-05,3.681344584155582e-05,0.006067408494699843,5.033917255536256e-05,0.007095010398538015,5.153358815834438e-05,0.007178689863641163,4.551102614450307e-05,0.006746186044314452
2018-07-11,9.589206004582807e-05,9.195287179832698e-09,8.658600255376031e-06,3.9100138020166505e-05,0.006253010316652812,5.421388389560014e-05,0.007363007802223229,4.821638752930591e-05,0.0069438020946240905,4.332460389011421e-05,0.006582142803837837
2018-07-12,0.0068179851871449,4.6484922012128034e-05,1.8308455026529644e-05,3.6754681456187304e-05,0.006062563934193792,5.004077933951811e-05,0.007073950758912456,4.426101735335003e-05,0.006652895411273954,4.1398813755726336e-05,0.006434190994657085
2018-07-13,-0.0003901447346433,1.5221291396991013e-07,1.5182767803599176e-05,3.73384958895437e-05,0.006110523372800705,5.108010337761212e-05,0.007147034586289066,4.1470272615674414e-05,0.006439741657525899,3.970258713392635e-05,0.0063009988996925205
2018-07-16,-0.0074742300512774,5.586411485941858e-05,2.6048132499725346e-05,3.5107318911009276e-05,0.0059251429443524205,4.731071154560181e-05,0.006878278239908721,3.8840757354503493e-05,0.006232235341713557,3.823526880017583e-05,0.006183467376818271
2018-07-17,0.0064890199591897,4.210738003076354e-05,2.585706793020997e-05,3.635272666791381e-05,0.006029322239515302,4.963645629839728e-05,0.007045314492511834,4.9023983379556274e-05,0.007001712888969118,4.6719017604465673e-05,0.006835131132938539
2018-07-18,-0.0025103689537061,6.301952283731612e-06,4.2726444264961994e-05,3.669800586968472e-05,0.006057887905011508,5.028387125100846e-05,0.007091112130759776,4.571167373462085e-05,0.0067610408765678125,4.43885969164036e-05,0.006662476785430745
2018-07-19,-0.0021288243184788,4.531892978946856e-06,1.512700330094999e-05,3.4874242654527526e-05,0.0059054417831799445,4.723450987005511e-05,0.0068727367089140776,4.628259536911227e-05,0.0068031312914798485,4.344182114504942e-05,0.006591040975828432
2018-07-20,0.0048345212961502,2.3372596162930477e-05,2.110265528613474e-05,3.3053701673992676e-05,0.0057492348772678155,4.4385153728037444e-05,0.006662218378891332,4.6136664640768325e-05,0.006792397562037158,4.229730098955612e-05,0.006503637519846576
2018-07-23,0.0067481562013002,4.553761211714696e-05,2.007272915473535e-05,3.247283534332891e-05,0.005698494129445858,4.3792650664055563e-05,0.006617601579428574,4.2935052694814964e-05,0.006552484467346333,4.049397033714962e-05,0.0063634872779907104
2018-07-24,0.0044601265367422,1.989272872375212e-05,7.5597745992933825e-06,3.325672194975795e-05,0.005766864134844687,4.5512418177894724e-05,0.0067462892154053645,4.026857630962936e-05,0.006345752619636961,3.890560543324713e-05,0.0062374358059419845
2018-07-25,-0.0002065726875009,4.267227522136982e-08,5.606042462958486e-06,3.245488235619759e-05,0.00569691867207156,4.442842260574419e-05,0.0066654649204496,3.76229493096954e-05,0.006133754911120544,3.750658131806024e-05,0.006124261695752415
2018-07-26,0.003166003819182,1.0023580183075608e-05,1.0485278463828189e-05,3.0510149751339016e-05,0.005523599347467104,4.1474217054619385e-05,0.0064400479077891485,3.5094812214790365e-05,0.005924087458401535,3.628181565422286e-05,0.006023438856186959
2018-07-27,0.0098950766569342,9.791254204660548e-05,1.5257768407464758e-05,2.9280955577243175e-05,0.005411188000545091,3.989504723516159e-05,0.006316252625977019,3.28280311749098e-05,0.005729575130401014,3.519555998821237e-05,0.005932584595959199
2018-07-30,0.0036463779405013,1.329607208497482e-05,1.2558986085088017e-05,3.3398850765404836e-05,0.005779173882606824,4.738884240261852e-05,0.0068839554329337815,3.1425504409079465e-05,0.005605845557012739,3.423879126127101e-05,0.005851392249821491
2018-07-31,0.0032589651490718,1.062085384286462e-05,2.7185171900505547e-05,3.2192684044579016e-05,0.005673859713156382,4.540549972055765e-05,0.006738360313945645,2.955476516788491e-05,0.005436429450281215,3.3396073997985e-05,0.005778933638482536
2018-08-01,-0.0009073639087465,8.233092628958404e-07,1.6593987266605384e-05,3.0898374232476145e-05,0.005558630607665538,4.3398323675940705e-05,0.006587740407449333,2.7822003976110394e-05,0.005274656763819841,3.265381271393861e-05,0.0057143514692341605
2018-08-02,-0.008985979419681,8.074782613093054e-05,2.501200475751688e-05,2.909387033430132e-05,0.005393873407329961,4.065091814467584e-05,0.0063758072543542155,2.7150936806345587e-05,0.0052106560821402895,3.2144504383565495e-05,0.005669612366252696
2018-08-03,0.0102718922559686,0.0001055117705182,1.515465127186314e-05,3.219310768209907e-05,0.005673897045426457,4.6317181191230514e-05,0.006805672721431035,3.971775777180101e-05,0.0063022026127220795,4.5720820035067305e-05,0.006761717240100129
2018-08-06,0.002312285273185,5.346663184588347e-06,9.03434186678482e-06,3.65922274522668e-05,0.006049150969538353,5.378076385131395e-05,0.007333536926430108,3.7737291727848246e-05,0.006143068592149061,4.3509389333737694e-05,0.006596164744284189
2018-08-07,0.0002064040397692,4.2602627633051664e-08,1.332231065471686e-05,3.471749359620608e-05,0.0058921552590037955,5.0200545548844666e-05,0.007085234332669927,3.5124042727023096e-05,0.0059265540347678515,4.156157187965669e-05,0.006446826496785584
2018-08-08,0.0053022245304194,2.81135849709822e-05,1.7989845061157695e-05,3.26370001380917e-05,0.005712880196371328,4.6529338833286374e-05,0.006821241736904387,3.256561168590515e-05,0.005706628749612607,3.984594369981552e-05,0.006312364351003158
2018-08-09,0.0018062450766348,3.262521276867554e-06,4.627352829781757e-06,3.236559522806507e-05,0.005689076834431494,4.6149333125328986e-05,0.006793330046842195,3.074507972159162e-05,0.005544824588892927,3.8334826709154586e-05,0.006191512473471614
2018-08-10,-0.0035982427589175,1.294735095210223e-05,9.610265775656646e-06,3.0619410790993215e-05,0.005533480892800952,4.330656723105914e-05,0.006580772540595758,2.87683855500789e-05,0.005363616834756086,3.700384218183937e-05,0.006083078347501318
2018-08-13,-0.0064735087435117,4.190631545232341e-05,1.2145960972078067e-05,2.955908720065975e-05,0.005436826942312929,4.179509043001175e-05,0.006464912252305653,3.1934206332527266e-05,0.0056510358636737805,3.810347935702485e-05,0.0061728015808889284
2018-08-14,0.0069633147827702,4.848775276394711e-05,1.8464595719672293e-05,3.0299920895759513e-05,0.005504536392445736,4.339622649452934e-05,0.006587581232480503,3.998319971265299e-05,0.006323227001512202,4.4153665768525713e-05,0.006644822478330457
2018-08-16,-0.0043864642628158,1.924106872896054e-05,1.9368862404864655e-05,3.13911908078507e-05,0.005602784201435096,4.546320141039619e-05,0.006742640536940716,3.76284730035238e-05,0.006134205164772678,4.2129047444275135e-05,0.0064906892888409885
2018-08-17,0.0074992428777844,5.6238643740001056e-05,8.203512066046877e-06,3.066218348311726e-05,0.005537344443243283,4.4319501571356965e-05,0.00665728935613865,4.1910669874772795e-05,0.006473845061072499,4.372213784795566e-05,0.0066122717615019165
2018-08-20,0.0070366236698632,4.95140726712801e-05,1.1687820973248454e-05,3.219677109853023e-05,0.005674219866953539,4.7054632094915005e-05,0.006859637898235956,3.942606025506887e-05,0.006279017459369648,4.174895974208834e-05,0.006461343493584623
2018-08-21,0.001656418678663,2.743722839023735e-06,4.794599630414281e-06,3.323580919289516e-05,0.005765050666984217,4.8770830448686965e-05,0.0069836115619847415,3.7132668810477116e-05,0.006093658081192045,4.0010994022940834e-05,0.006325424414451637
2018-08-23,0.0010235630416488,1.0476813002294943e-06,1.471927175401017e-05,3.140628401166287e-05,0.0056041309773829226,4.555003201429733e-05,0.006749076382313163,3.4514321356669894e-05,0.00587488905058384,3.8480202233619774e-05,0.006203241268370897
2018-08-24,-0.0022169894415104,4.9150421837686195e-06,1.4205185054424343e-05,2.958476784897686e-05,0.005439188160835848,4.255800997751748e-05,0.006523650050203297,3.2096285724597315e-05,0.005665358393305521,3.713188823962461e-05,0.0060935940330501676
2018-08-27,0.01160065459554,0.000134575187045,2.95033381021269e-05,2.810458430906436e-05,0.005301375699671205,4.032825143249772e-05,0.006350452852552936,3.301865542864418e-05,0.005746186163764987,3.680677650848343e-05,0.006066858866702227
2018-08-28,0.0039734504070277,1.5788308137109363e-05,6.469041483236238e-06,3.44928204732219e-05,0.005873058868530257,5.147117111928561e-05,0.007174341162733036,3.176592188981822e-05,0.005636126496967418,3.565794296980585e-05,0.005971427213807922
2018-08-29,-0.0039777101577748,1.582217809926512e-05,1.452531907791803e-05,3.3370549733055105e-05,0.005776724827534639,4.9232451413220164e-05,0.007016584027375441,2.9893982949163595e-05,0.005467539021274891,3.4646055949554146e-05,0.005886090039198699
2018-08-30,-0.0012923772322029,1.6702389103165722e-06,9.25123550147596e-06,3.231764743502769e-05,0.005684861250288145,4.727523898097465e-05,0.0068756991630651385,3.3637456395129144e-05,0.005799780719572866,3.6531218617046876e-05,0.006044106105707185
2018-08-31,0.0003168341695652,1.0038389100408505e-07,2.025185734223046e-05,3.0478802923545012e-05,0.005520761081911172,4.413179587247616e-05,0.006643176640168178,3.3072433869673266e-05,0.005750863749879079,3.570832137098488e-05,0.005975644013073811
2018-09-03,-0.0084384307760752,7.120711396261338e-05,9.021617619463458e-05,2.8656097781592554e-05,0.005353139058682537,4.1220265205375274e-05,0.0064203010213988625,3.073038933009646e-05,0.005543499736637178,3.4690429000848004e-05,0.005889858147769605
2018-09-04,-0.0053716742853734,2.88548846281421e-05,3.0208614305468293e-05,3.120915875245379e-05,0.005586515797207933,4.5852191671843254e-05,0.006771424641228997,4.2488464030255305e-05,0.006518317576664649,4.628908285467801e-05,0.0068036080762105934
2018-09-05,-0.0037699864738834,1.4212798013264516e-05,6.072155054793764e-05,3.106790230499507e-05,0.005573858834326096,4.563117039620089e-05,0.0067550847808299855,4.850679408378299e-05,0.006964681908298683,4.9073280162838894e-05,0.007005232341817
2018-09-06,0.0052099348340707,2.714342097526384e-05,4.344220383442456e-05,3.0056596047491195e-05,0.005482389629303193,4.3958749483740994e-05,0.006630139476944734,5.124223043946825e-05,0.007158367861424017,4.895623868935512e-05,0.006996873493879614
2018-09-07,0.0045143394792379,2.0379260933806083e-05,3.807138068940361e-05,2.988180554315752e-05,0.005466425298415549,4.380006714075753e-05,0.006618161915574258,4.754849356417594e-05,0.006895541571492115,4.635913041198824e-05,0.006808753954431621
2018-09-10,-0.0131151133900974,0.0001720061992351,5.789478313148803e-05,2.9311652866596425e-05,0.005414023722389516,4.297791405028215e-05,0.006555754270126524,4.416394467359659e-05,0.0066455958855167075,4.407161001966595e-05,0.006638645194590983
2018-09-11,-0.0132539353477887,0.0001756668022033,0.0001175731207761,3.7873325648707376e-05,0.006154130779298355,5.757224234644969e-05,0.007587637468042981,6.792197522217492e-05,0.008241478946292038,7.22398996133715e-05,0.008499405838843767
2018-09-12,0.0072736282619682,5.290566809330315e-05,4.800992736898457e-05,4.614093424198671e-05,0.006792711847413131,7.07234329320087e-05,0.008409722524079418,9.375635251429639e-05,0.009682786402389365,9.769274417320792e-05,0.009883963990889887
2018-09-14,0.0126983717276078,0.0001612486445325,2.3530512181697292e-05,4.654681827306566e-05,0.006822522867170593,6.98421226130102e-05,0.008357159960956246,8.545619512154807e-05,0.009244252004437572,8.928600839724271e-05,0.009449127388137104
2018-09-17,-0.012008224872722,0.0001441974645938,2.6606706377959285e-05,5.342892784863227e-05,0.007309509412308891,8.001295172499952e-05,0.008944995904135424,7.8974174008775e-05,0.00888674147304708,8.1881396245369e-05,0.009048833971588219
2018-09-18,-0.0087259356424517,7.614195283620978e-05,5.69526927948067e-05,5.8875040053345895e-05,0.007673007236628016,8.719822073007902e-05,0.009337998754019998,0.00010149619313568785,0.010074531906529844,0.00010066278373243464,0.010033084457555146
2018-09-19,-0.0039577439421343,1.5663737111501525e-05,4.166813226988356e-05,5.991105482031768e-05,0.007740223176389533,8.661733664307637e-05,0.009306843538121631,0.00011409898003102163,0.010681712410986435,0.00010526316394575275,0.010259783815741575
2018-09-21,-0.0081555770621293,6.651343721633118e-05,0.0006748397104269,5.7256215757788665e-05,0.0075667837128986755,8.000029413324848e-05,0.008944288352532496,0.00011234500228726368,0.010599292537111317,9.87026225757244e-05,0.009934919354263747
2018-09-24,-0.0158931654278473,0.0002525927073169,0.0001514297709558,5.781164904530112e-05,0.007603397204230562,7.934103048759593e-05,0.008907358221582643,0.00012277809751188407,0.011080527853486226,0.00010184708075643132,0.010091931468080396
2018-09-25,0.0090811137439312,8.24666268302177e-05,0.0001169579927273,6.94985125415983e-05,0.008336576787962688,9.75577082074306e-05,0.009877130565474498,0.00015910103482870595,0.012613525868237871,0.00013726933058797483,0.01171619949420352
2018-09-26,-0.0012341429492082,1.5231088190803337e-06,6.845854636646401e-05,7.027659939891538e-05,0.008383113944049394,9.632879620651671e-05,0.009814723440144236,0.00014263326003134243,0.011942916730486839,0.00012414487403082777,0.011142031862763083
2018-09-27,-0.0069219821576265,4.791383699049994e-05,5.500118595393131e-05,6.615138996412527e-05,0.008133350475918597,8.707722136147186e-05,0.00933151763441895,0.00013012408496608364,0.011407194438865485,0.00011285218677746907,0.010623190988468064
2018-09-28,-0.0042997701241433,1.8488023120475837e-05,0.0001017690659143,6.505713678570772e-05,0.008065800442963346,8.366032111524905e-05,0.009146601615641136,0.00013570931009383816,0.011649433895852544,0.00011104614690399672,0.010537843560425288
2018-10-01,0.0070970256859682,5.036777358729317e-05,0.000138435977652,6.226298996579377e-05,0.007890690081722496,7.769584289745761e-05,0.008814524541769545,0.00013287402815160084,0.011527099728535398,0.00010429184310481347,0.010212337788421096
2018-10-03,-0.0137243562680507,0.0001883579549723,6.38996616540973e-05,6.154927698308369e-05,0.007845334727281156,7.569211480303814e-05,0.008700121539555532,0.00011955187635449558,0.010933978066307595,9.509846277468614e-05,0.009751844070466167
2018-10-04,-0.0241419158184583,0.0005828320993855,0.0001368330366528,6.915779766244162e-05,0.008316116741751622,8.787432381844169e-05,0.009374130563334485,0.00014798286147660677,0.012164820651230613,0.0001200534609147043,0.010956891024131997
2018-10-05,-0.0270435163392156,0.0007313517759894,0.0002590735641187,9.997825576582678e-05,0.009998912729183448,0.00013838527974375205,0.01176372728958607,0.00022003993356588323,0.014833743073340701,0.0002112548295895531,0.014534607995730505
2018-10-08,0.0030583497307539,9.3535030756028e-06,0.000135970236727,0.0001378606669792425,0.011741408219597958,0.00019762245290763276,0.014057825326402117,0.0003099731934476755,0.017606055590269943,0.0003176463360774348,0.017822635497519293
2018-10-09,-0.0045522644623356,2.0723111735043934e-05,4.718602408068298e-05,0.00013015023714502407,0.0114083406832468,0.00017657938478900313,0.013288317605664124,0.00026971562743331355,0.016423021263863528,0.00028302006684317974,0.016823200255693914
2018-10-10,0.0153221686492236,0.0002347688521152,8.979578373507256e-05,0.00012358460962042523,0.011116861500460696,0.0001592985505245619,0.01262135295935273,0.0002525310080923696,0.015891224247752897,0.00025615784544069604,0.016004931909905023
2018-10-11,-0.0217889211657315,0.0004747570855664,0.0001340446722535,0.00013025566417011476,0.011412960359613747,0.00016578295450631834,0.012875672972948574,0.00022421357462880603,0.014973762874735463,0.00022886130210447088,0.015128162548851427
2018-10-12,0.0229737135285507,0.0005277915132919,9.657974569981556e-05,0.00015092574945389564,0.012285184144077598,0.000195700754860807,0.013989308591235202,0.0002868439005984541,0.01693646659130688,0.000288127573279463,0.016974320996124205
2018-10-15,0.0038122514600135,1.453326119437523e-05,4.440290659787072e-05,0.00017353769528417672,0.013173370688027295,0.00022725875404662542,0.015075103782283737,0.00025546377310766344,0.015983234125409772,0.00025702008355447866,0.01603184591849855
2018-10-16,0.0068492606810225,4.6912371876601664e-05,2.0474059143076003e-05,0.00016399742923878862,0.01280614810311003,0.00020305751884283169,0.014249825221483655,0.00022384763992706124,0.014961538688485928,0.00022962075725245748,0.015153242466629295
2018-10-17,-0.0125205028099025,0.0001567629906127,0.0002417086175669,0.00015697232579705734,0.012528859716552713,0.00018513277924106958,0.013606350695211026,0.00019769558770345658,0.01406042629878115,0.00020548756334985466,0.014334837402281711
2018-10-19,-0.0144053060779479,0.0002075128431993,5.773263188812773e-05,0.0001569597656860005,0.012528358459351348,0.00018052953003206134,0.01343612779159462,0.00021918550193391297,0.014804914789822769,0.00021173945747452637,0.014551269960884046
2018-10-22,-0.005674293551714,3.219760731102336e-05,0.0001154301019887,0.00015999295033680222,0.01264883197519843,0.00018162382828318721,0.013476788500350787,0.000247513000839561,0.015732545910931293,0.00022615152584459582,0.015038335208546052
2018-10-23,-0.0096558179456978,9.323482020046032e-05,5.008389122393708e-05,0.00015232522975525546,0.012342010766291506,0.00016487531657387953,0.012840378365682201,0.0002374503042969081,0.015409422581554057,0.00020808181966427378,0.014425041409447453
2018-10-24,0.0076528861573851,5.856666653789667e-05,9.302899149307414e-05,0.0001487798051819677,0.012197532749780495,0.00015637202268881637,0.012504879954994224,0.0002444293675978066,0.01563423703280101,0.00020287673508669895,0.014243480441475635
2018-10-25,-0.0098134767709648,9.630432633426737e-05,2.682454206903397e-05,0.00014336701686332344,0.011973596655279625,0.00014542348837787177,0.012059166155994028,0.00021541921924367853,0.014677166594533105,0.00018193155815601848,0.013488200701206165
2018-10-26,-0.0094171730074026,8.868314745135298e-05,5.499107994258251e-05,0.00014054325543157997,0.011855094070971347,0.00013964645746024508,0.011817210223239878,0.00022485031390146482,0.014995009633256819,0.00018038233903631433,0.013430649241057349
2018-10-29,0.0217799888950051,0.0004743679162665,0.000227680073555,0.00013743164895276629,0.011723124538823525,0.00013381728947534324,0.011567942318119643,0.0002319261818295062,0.015229122818780673,0.00017768045296906936,0.01332968315336375
2018-10-30,-0.0051297073253929,2.6313897244189587e-05,4.151084730731576e-05,0.00015764782499159307,0.012555788505370464,0.00016766645342860815,0.012948608165691329,0.00020815857271527718,0.01442770157423826,0.00015973879491242322,0.012638781385577615
2018-10-31,0.0182855926765914,0.0003343628995342,0.0002905140466634,0.00014976778932674885,0.012237965081121488,0.0001520574248311215,0.012331156670447485,0.00020047810251208639,0.014159029010214168,0.0001485533523077165,0.012188246482071017
2018-11-01,-0.0005922280054286,3.507340104140105e-07,3.3398833580843004e-05,0.00016084349593919672,0.012682408917047137,0.0001695003197176464,0.013019228844967985,0.0001802863167896236,0.013427074021901556,0.00013408378571712812,0.011579455329035477
2018-11-02,0.0164859314743341,0.0002717859365764,7.242845858905359e-05,0.00015121393022346974,0.012296907343859664,0.00015104120872121257,0.012289882372147122,0.00016081397772426819,0.012681245117269369,0.00012140060727573683,0.011018194374566862
2018-11-05,-0.0027518165109068,7.57249410969943e-06,2.181551110852585e-05,0.00015844825060464793,0.012587622913189286,0.00016229004673575225,0.012739311077752684,0.00014560788409272317,0.012066809192687319,0.00011016777940008476,0.010496084003097763
2018-11-06,0.0005699629678378,3.2485778470648754e-07,3.838975104080486e-05,0.00014939570521495097,0.012222753585626725,0.00014545597159687583,0.012060512907703214,0.0001371344554504055,0.011710442154351196,0.0001016027573166315,0.010079819309721355
2018-11-07,0.0064747570397876,4.192247872427959e-05,3.744088755067671e-06,0.0001404514543691363,0.011851221640368401,0.0001299809569478384,0.011400919127326463,0.00012203769252282119,0.011047067145755075,9.272992903502538e-05,0.009629638053168217
2018-11-09,-0.0012462656636175,1.5531781043121731e-06,1.7972550914195505e-05,0.00013453971583044484,0.01159912564939465,0.00012062956717240298,0.01098314923746386,0.00011002769744679282,0.010489408822559679,8.491478485962488e-05,0.009214921858574
2018-11-12,-0.009778218363148,9.561355435740474e-05,0.0001065989357475,0.00012656052356687687,0.011249912158184919,0.00010836246747739644,0.010409729462257721,0.00010157843506006514,0.010078612754742844,7.830379070573328e-05,0.00884894291459343
2018-11-13,0.0095230942540353,9.06893241712418e-05,7.903316355178267e-05,0.00012470370541430855,0.011167081329260057,0.00010711926656734914,0.01034984379434536,0.00011732336669712224,0.010831591143369576,8.898628879412367e-05,0.009433254411608099
2018-11-14,-0.0005860630609673,3.434699114304186e-07,4.5448008811349446e-05,0.00012266284253972446,0.01107532584350115,0.00010553314358544241,0.010272932569886869,0.00010645380423935464,0.010317645285594704,8.161740466847557e-05,0.009034235145737328
2018-11-15,0.0038126211073087,1.4536079707896358e-05,2.5416986717100613e-05,0.0001153236801820268,0.010738886356695782,9.50190911724635e-05,0.009747773652094283,9.680235737954142e-05,0.009838818901653867,7.518719827662115e-05,0.008671055199721724
2018-11-16,0.0061505716525058,3.78295316526089e-05,1.2992898154117772e-05,0.00010927642415357893,0.010453536442447548,8.724451668316215e-05,0.009340477326302022,8.758217608652424e-05,0.00935853493269776,6.946323257157765e-05,0.008334460544724994
2018-11-19,0.0075727031311441,5.734583271244101e-05,2.310831976391939e-05,0.00010498961060352067,0.01024644380277961,8.278831836442894e-05,0.00909880862335443,7.986066053227484e-05,0.008936479202251569,6.44215913021717e-05,0.008026306205358208
2018-11-20,-0.0100096255237306,0.0001001926031253,3.155705306597092e-05,0.00010213098393005581,0.01010598752869089,8.085680531820455e-05,0.008992041220891091,7.326965997051305e-05,0.008559769854996865,5.998093809085857e-05,0.007744736153727806
2018-11-21,-0.0052832010567947,2.791221340651697e-05,3.798296845667409e-05,0.00010201468108177162,0.010100231734062918,8.349275230409403e-05,0.009137436856366999,9.001559556339314e-05,0.009487654903262088,7.365112655239578e-05,0.008582023453265307
2018-11-22,-0.0069390631315694,4.8150597143905766e-05,5.8083836677196424e-05,9.756853302125632e-05,0.009877678523886891,7.850093435613944e-05,0.008860075301945207,9.370642006401137e-05,0.009680207645707367,7.300821864044951e-05,0.008544484691334493
2018-11-26,0.0096288076690703,9.271393712794772e-05,7.084450425557081e-05,9.460345686861529e-05,0.00972643083914214,7.617326510894335e-05,0.00872772966520752,0.00010157226565878747,0.010078306686085092,7.599331869942184e-05,0.00871741467979021
2018-11-27,0.0053485599246426,2.8607093267493445e-05,3.106626290505945e-05,9.44900856841752e-05,0.009720601096854823,7.863563904254885e-05,0.008867673823644442,9.26900115256234e-05,0.009627565191969535,7.017325953802046e-05,0.008376948104054392
2018-11-28,0.0040393342237814,1.631622097141186e-05,1.0522578350570872e-05,9.053710613917425e-05,0.009515098850730572,7.431733875951641e-05,0.00862075047542361,8.422168994977127e-05,0.0091772375990693,6.504697961506404e-05,0.00806517077407937
2018-11-29,0.0120302816382299,0.0001447276762951,3.116793430926539e-05,8.60838530291085e-05,0.009278138446321466,6.929406255994986e-05,0.008324305530189882,7.659296984731756e-05,0.008751740960935575,6.0531777086688055e-05,0.007780217033392324
2018-11-30,0.0016608635822544,2.7584678388591145e-06,2.3253636431362434e-05,8.960248242506989e-05,0.009465858779058025,7.786434823322904e-05,0.008824077755393423,7.101955666473305e-05,0.00842731016782538,5.655480857201125e-05,0.007520293117426424
2018-12-03,0.000643367591871,4.139218582699829e-07,2.7924973438638415e-05,8.439184154989722e-05,0.009186503227556023,7.103113794389751e-05,0.00842799726767264,6.464260525723045e-05,0.00804006251575387,5.305191396172586e-05,0.007283674482136462
2018-12-04,-0.0013101492455916,1.7164910457244495e-06,1.0142354863835893e-05,7.935316636839958e-05,0.008908039423374797,6.480992687285399e-05,0.008050461283234271,5.888412444541966e-05,0.007673599184569107,4.9966581354498594e-05,0.007068704361797754
2018-12-05,-0.0079991196888217,6.398591579609634e-05,1.6570970952984334e-05,7.469496584903905e-05,0.008642624939741344,5.949305397481975e-05,0.007713174053191056,5.615501453841083e-05,0.007493664960378922,4.755023998311974e-05,0.006895668204251111
2018-12-06,-0.0169990595794747,0.0002889680265865,5.7383035535861454e-05,7.405242284586241e-05,0.008605371743618192,6.112585200770508e-05,0.007818302373770477,6.772666971477944e-05,0.008229621480650215,5.63487881176852e-05,0.007506582985465837
2018-12-07,0.0086922786366063,7.555570789640339e-05,3.518005268208345e-05,8.694735907030252e-05,0.00932455677607802,8.527907505086875e-05,0.009234667024363616,0.00010531442898500128,0.010262281860531861,0.00010357768556262887,0.010177312295622498
2018-12-10,-0.0193801309422876,0.0003755894753402,2.295416657855564e-05,8.626385999986852e-05,0.009287833977837272,8.487737005286793e-05,0.009212891514224398,9.581590129036106e-05,0.009788559714807948,9.446943627116109e-05,0.009719538891900227
2018-12-11,0.0057706546437928,3.3300455017928145e-05,0.0001797665444739,0.00010362339692028922,0.010179557795910843,0.00011482904421736601,0.01071583147578227,0.00014418294883097543,0.012007620448322617,0.00015235423709683714,0.01234318585685386
2018-12-12,0.0177062390577531,0.0003135109015703,0.0001163574940937,9.94040204061475e-05,0.009970156488548588,0.00010648894880231055,0.010319348274106778,0.00012909772265775723,0.011362117877304267,0.00013743158662158988,0.011723121880352088
2018-12-13,0.0050118383410277,2.511852355659585e-05,2.457549331810388e-05,0.00011225043327599674,0.01059483049774732,0.00012748615325483472,0.011290976629806418,0.00011820951939085363,0.010872420125751838,0.00012428778836625446,0.011148443315829096
2018-12-14,0.0012872521687673,1.6570181459961824e-06,1.2565087406330874e-05,0.00010702251869283264,0.010345168857627826,0.0001167474563875063,0.010804973687497174,0.00010644340764257528,0.010317141447250554,0.00011271079451377973,0.010616534016042135
2018-12-17,0.0076427198858132,5.8411167253005947e-05,9.398003655878996e-06,0.00010070058866002244,0.010034968293922131,0.00010497306759613754,0.010245636514933444,9.558339532127811e-05,0.00977667608757077,0.00010251383439871729,0.010124911574859174
2018-12-18,0.0018672794743268,3.486732635242534e-06,2.832308373469835e-05,9.816322337560137e-05,0.009907735532178953,0.00010039343699403709,0.010019652538588207,8.71176130968995e-05,0.009333681647501134,9.35324013180318e-05,0.009671215090051083
2018-12-19,0.0053574464743618,2.8702232725651905e-05,9.813078567326489e-06,9.248263393117981e-05,0.009616789169529495,9.083529230190465e-05,0.009530755075118899,7.881026265895105e-05,0.00887751444149493,8.562159855873655e-05,0.009253193965260673
2018-12-20,-0.0014233871991216,2.026031118623439e-06,2.0581542332547145e-05,8.865580985884813e-05,0.00941572141998945,8.501120031783158e-05,0.009220151859803155,7.202368341633571e-05,0.008486676818186004,7.865380180351855e-05,0.008868697864033848
2018-12-21,-0.0182169348003537,0.0003318567135203,0.0001550811956242,8.345802313443462e-05,0.009135536280615092,7.721625528535495e-05,0.008787278036192718,6.821436793940162e-05,0.008259198988969912,7.28721219674508e-05,0.008536516969317802
2018-12-24,-0.0084510833319759,7.142080948400087e-05,5.560412678733397e-05,9.836194455758882e-05,0.009917759049179851,0.00010370254875947841,0.010183444837552685,0.0001099868401897639,0.010487461093599533,0.0001256573347739564,0.011209698246338141
2018-12-26,0.0062028455871955,3.8475293378591135e-05,0.0001444550415541,9.674547645317354e-05,0.009835927838957214,0.00010059471473732913,0.010029691657141267,0.00012142249575513013,0.011019187617747967,0.00012644979152165946,0.011244989618566105
2018-12-27,0.0046444536719637,2.157094991101753e-05,1.5045712289828505e-05,9.324926546869857e-05,0.009656565925249957,9.454542080461995e-05,0.009723446961063753,0.0001094449097589969,0.010461592123524837,0.00011461507642222024,0.010705843097216595
2018-12-28,0.0074031480150774,5.480660053314505e-05,1.788852693671419e-05,8.894856653523767e-05,0.009431254769925243,8.754020762666492e-05,0.009356292408142496,9.875166044609331e-05,0.00993738700293459,0.00010419111668124883,0.010207404992516406
2018-12-31,0.0002439332627594,5.950343668048365e-08,1.5056180420890407e-05,8.690004857511207e-05,0.009322019554533881,8.476196747913917e-05,0.009206626281061872,8.985802398933556e-05,0.009479347234347709,9.500974342879111e-05,0.009747294159344486
2019-01-02,-0.0064696271450112,4.185607539546651e-05,7.923687680169604e-05,8.168961586680617e-05,0.009038230792959769,7.67993615744272e-05,0.008763524494997843,8.09632202287379e-05,0.008997956447368364,8.692283433457516e-05,0.00932324162159145
2019-01-03,-0.0112045337615006,0.0001255415768126,7.303925319861557e-05,7.929960343852575e-05,0.008905032478240928,7.404730793358956e-05,0.008605074545498694,8.81987575301321e-05,0.009391419356526046,8.71447012129018e-05,0.009335132629636377
2019-01-04,0.0051496039312523,2.6518420648769885e-05,3.991294602769638e-05,8.207412184097061e-05,0.009059476907690123,8.008936056259794e-05,0.008949265923113356,0.00010841609133427952,0.010412304804138205,0.00010202499861574379,0.010100742478439086
2019-01-07,0.0041350713736188,1.7098815264921668e-05,2.279309595459659e-05,7.874077976943852e-05,0.008873600158303198,7.537952734997326e-05,0.008682138408823788,9.793895365568378e-05,0.009896411150295029,9.310183712701995e-05,0.009648929325423623
2019-01-08,0.00281363456255,7.916539451576062e-06,2.254743640387457e-05,7.504226189916752e-05,0.00866269368609831,7.030335178346321e-05,0.00838470940363846,8.862670607593698e-05,0.009414175804388665,8.524235970505138e-05,0.009232678901870864
2019-01-09,0.0048944331833999,2.3955476186766312e-05,4.519089818764194e-05,7.101471855231202e-05,0.00842702311331303,6.493031004765936e-05,0.008057934601848005,8.027388722917523e-05,0.008959569589504578,7.831977005734312e-05,0.008849845764607603
2019-01-10,-0.0030955570407573,9.582473392582356e-06,1.0183599116192016e-05,6.819116401037925e-05,0.008257794137079178,6.184462624840471e-05,0.007864135441890909,7.324628263893471e-05,0.008558404211004216,7.22223866243218e-05,0.008498375528553783
2019-01-11,-0.0024656504210332,6.079431998741316e-06,3.796491359738417e-05,6.467464257331141e-05,0.00804205462387016,5.769055929922469e-05,0.007595430158932718,7.292731718749692e-05,0.008539749246172098,6.853334421294094e-05,0.008278486831114786
2019-01-14,-0.0053268862323603,2.8375716932510505e-05,4.174323285088676e-05,6.11589299388372e-05,0.0078204175041258,5.369868888544015e-05,0.007327938924789163,7.125317657324092e-05,0.0084411596699293,6.466935043836683e-05,0.008041725588352715
2019-01-15,0.0137994642136697,0.0001904252125843,4.3782105707155074e-05,5.919193715845754e-05,0.007693629647861765,5.2454605480278724e-05,0.007242555176198434,7.615844717304764e-05,0.008726880724121743,6.517844793450446e-05,0.00807331703418765
2019-01-16,0.0003214385839176,1.0332276323099955e-07,7.969841289506846e-06,6.706593368401114e-05,0.008189379322269248,6.773209498811066e-05,0.008229951092692511,7.088733966807604e-05,0.00841946195834841,6.064757375089012e-05,0.007787655215203747
2019-01-17,0.0013672907661065,1.8694840390801188e-06,2.250337370106191e-05,6.304817702876431e-05,0.00794028822076153,6.188930960268244e-05,0.007866975886748506,6.434487087964831e-05,0.008021525470859537,5.6656801708699286e-05,0.007527071257049403
2019-01-18,0.0001604610249256,2.5747740520176816e-08,1.756602637320045e-05,5.9377455449383256e-05,0.007705676832659365,5.6950678505432925e-05,0.007546567332597843,5.8714911426879214e-05,0.007662565590380236,5.314174902251051e-05,0.007289838751475269
2019-01-21,0.0050208086296924,2.5208519295994152e-05,3.11888754686602e-05,5.581635298685147e-05,0.007471034264869321,5.243929012469373e-05,0.00724149778186072,5.358448604025363e-05,0.007320142487701563,5.0045707640927714e-05,0.007074299091848444
2019-01-22,-0.0035732571466164,1.2768166635845283e-05,2.2241248398602163e-05,5.39798829654e-05,0.0073471003100134685,5.103175738989736e-05,0.007143651544546203,4.9617866929638357e-05,0.007043995097218507,4.731872938784697e-05,0.006878861053099341
2019-01-23,-0.0083892145371514,7.037892055035401e-05,5.37920202048466e-05,5.1507179985626704e-05,0.007176850283071725,4.854258521422928e-05,0.006967250907942765,5.191824226978169e-05,0.007205431442306677,4.715733932925239e-05,0.006867120162721225
2019-01-24,0.0016880730581589,2.849590649682176e-06,1.4191193207550604e-05,5.2639484419510244e-05,0.007255307327709161,5.218130944074703e-05,0.0072236631594189814,6.436780702076907e-05,0.008022955005530635,5.712454822124511e-05,0.007558078341830357
2019-01-25,-0.0064030621649687,4.099920508845367e-05,9.420294174866942e-05,4.9652090793320546e-05,0.007046423972010238,4.854756519517211e-05,0.006967608283706261,5.8776711126796766e-05,0.007666597102156652,5.3553737885351705e-05,0.00731804194339932
2019-01-28,-0.011099773244971,0.0001232049660897,9.452120855054224e-05,4.913291765102853e-05,0.007009487688200082,4.9218312691369144e-05,0.007015576433292502,6.663825545276782e-05,0.008163225799447655,5.760300167285926e-05,0.00758966413439088
2019-01-29,-0.0008773312978436,7.69710206176064e-07,3.629158963026794e-05,5.3577240557353265e-05,0.007319647570570134,5.810854322815771e-05,0.007622895986969631,8.627404622396413e-05,0.009288382325462499,7.559479137311058e-05,0.008694526518052066
2019-01-30,-3.758830501756102e-05,1.412880674093203e-09,3.0071775530764147e-05,5.040878873628262e-05,0.007099914699225803,5.3528469082312415e-05,0.007316315266738607,7.973061120196522e-05,0.00892919991947572,6.995730501036024e-05,0.008364048362507252
2019-01-31,0.0166789208742785,0.0002781864015304,7.928016534430305e-05,4.7384346184946106e-05,0.006883628852934047,4.943971847543088e-05,0.007031338313253806,7.214510534235696e-05,0.008493827484847862,6.485701584020127e-05,0.008053385365186573
2019-02-01,0.0057722920298164,3.331935527748239e-05,8.77607881493779e-05,6.123246950567594e-05,0.007825117858900015,7.395560794295571e-05,0.008599744644055177,6.771824264066616e-05,0.008229109468263633,6.036445792163205e-05,0.007769456732721539
2019-02-04,0.0017059248691862,2.9101796593081494e-06,3.948973897773839e-05,5.95576826519843e-05,0.00771736241548784,7.069458529773532e-05,0.008408007213230453,6.227954059821263e-05,0.007891738756333273,5.6407434658492904e-05,0.007510488310256059
2019-02-05,0.0020231630833451,4.093188861810466e-06,1.4816072667350615e-05,5.615883247242371e-05,0.007493919700158503,6.476730231139488e-05,0.008047813511221224,5.693246045972317e-05,0.007545360194167219,5.292210773248002e-05,0.007274758259384295
2019-02-06,0.0116473337260757,0.0001356603829265,3.5886786199682615e-05,5.303489385578691e-05,0.0072825060148129575,5.9695771131537657e-05,0.007726303846700417,5.2234102403972246e-05,0.007227316404030769,4.98522486565793e-05,0.007060612484521389
2019-02-07,0.0006280717930916,3.944741772774183e-07,1.6303627486492365e-05,5.799242320003453e-05,0.007615275648329122,6.854252625045075e-05,0.008279041384752871,4.920358408548014e-05,0.007014526647285627,4.714833165469953e-05,0.006866464276081215
2019-02-08,-0.0114298051881045,0.000130640446638,4.005870461731457e-05,5.453654625866909e-05,0.0073848863402674715,6.262847811968565e-05,0.00791381564857848,4.519999621162536e-05,0.006723094243845267,4.476673465131032e-05,0.00669079476977962
2019-02-11,-0.0050200547115384,2.5200949306839347e-05,1.6552555248921585e-05,5.9102780281430184e-05,0.007687833263113228,7.060392728162804e-05,0.008402614312321376,6.469497651293642e-05,0.00804331874992757,6.55934251395155e-05,0.008098976795837577
2019-02-12,-0.0052853608316248,2.79350391204741e-05,2.316935980392513e-05,5.7068670422954704e-05,0.007554380876217104,6.693927848404805e-05,0.008181642774165103,6.922621175113189e-05,0.00832022906842906,6.543526985573337e-05,0.008089206997953098
2019-02-14,-0.007911132252471,6.258601351608837e-05,1.7049719271978704e-05,5.5320652544805834e-05,0.007437785459718896,6.400598401935177e-05,0.008000373992467587,7.413726947626378e-05,0.008610300196640289,6.57757372410156e-05,0.00811022424110552
2019-02-15,-0.0020166713974639,4.066963525349191e-06,8.608371808454813e-05,5.57565742030827e-05,0.007467032489756737,6.493681026544014e-05,0.008058337934427926,8.530055726478122e-05,0.00923583007989976,7.215606722194866e-05,0.008494472745376765
2019-02-18,-0.0078117716203071,6.1023775847836465e-05,5.453614345385584e-05,5.265519756241868e-05,0.007256390119227237,5.98415745998521e-05,0.007735733617430999,8.144236740566108e-05,0.009024542503953377,6.750708545100173e-05,0.008216269558078151
2019-02-19,-0.0034455265383959,1.187165312679077e-05,5.9811412835189754e-05,5.315731225954368e-05,0.007290906134325395,6.113190371921899e-05,0.007818689386285849,9.215485284188819e-05,0.00959973191510514,7.340689360910675e-05,0.008567782304021663
2019-02-20,0.012287110143627,0.0001509730756816,3.560045727013903e-05,5.068017271157848e-05,0.00711900082255779,5.729757650736878e-05,0.007569516266404927,9.105180490172438e-05,0.009542106942479967,6.997835054927781e-05,0.008365306363145215
2019-02-21,0.0050544736074349,2.554770344825671e-05,2.374647085832216e-05,5.6697746889781064e-05,0.007529790627220724,6.798881302573037e-05,0.008245532913385912,8.385631404714921e-05,0.00915730932354855,6.487530472542342e-05,0.008054520763237464
2019-02-22,0.0001668819363047,2.7849580664813816e-08,5.778697987521467e-06,5.482874428328956e-05,0.007404643427153637,6.46840273704417e-05,0.008042638085257951,7.64216609811544e-05,0.008741948351549235,6.038056667564082e-05,0.00777049333540933
2019-02-25,0.0081626735135031,6.662923888804592e-05,3.0127537267509105e-05,5.154069060113207e-05,0.0071791845359436245,5.921224011163049e-05,0.007694948999936939,6.918731646113246e-05,0.00831789134703817,5.642162317001377e-05,0.007511432830693074
2019-02-26,-0.0041260920318907,1.7024635455632323e-05,7.848874327004275e-05,5.2446003498346854e-05,0.007241961301908955,6.114689616967857e-05,0.00781964808477201,6.390474508540208e-05,0.007994044350977926,5.293460490660405e-05,0.007275617149534742
2019-02-27,-0.0026475831003447,7.009696273230919e-06,0.0001089592121557,5.0320721415783956e-05,0.007093709989545947,5.783115906541349e-05,0.007604680076466958,6.651038893480575e-05,0.008155390176736227,5.285068753356981e-05,0.007269847834278914
2019-02-28,-0.0013102730795938,1.716815543108435e-06,2.011903104796882e-05,4.772205990723077e-05,0.006908115510559357,5.391578072035299e-05,0.007342736596144042,6.577705409072026e-05,0.008110305425242643,5.101938234622256e-05,0.007142785335303208
2019-03-01,0.0065570977456633,4.299553084618322e-05,9.20005431198018e-06,4.496174524538341e-05,0.0067053519851968555,4.9952175605624747e-05,0.007067685307483968,6.236938244437878e-05,0.0078974288502258,4.847759893941279e-05,0.006962585650418442
2019-03-05,0.0113451839580338,0.0001287131990416,9.597554603375764e-05,4.4843772381431366e-05,0.0066965492891063955,5.0650076384247314e-05,0.007116886705874087,5.763450499770515e-05,0.00759173926038725,4.593754683890825e-05,0.0067777243112204155
2019-03-06,0.0059481541776258,3.5380538120807256e-05,1.1934015251315482e-05,4.987593798104314e-05,0.007062289853938532,5.991879076004317e-05,0.007740722883558303,5.4017143232378874e-05,0.007349635585005482,4.3700281253577365e-05,0.006610618825312602
2019-03-07,0.0004703675388439,2.2124562159812053e-07,1.1319914325796334e-05,4.9006213989428985e-05,0.007000443842316641,5.860955533362732e-05,0.007655687776655166,5.011555925962738e-05,0.007079234369593041,4.17297085589975e-05,0.0064598536019787245
2019-03-08,-0.0020639291176077,4.25980340250918e-06,4.756045434825427e-06,4.607911588735913e-05,0.006788159978032274,5.391185206032337e-05,0.007342469071117928,4.5993384494784764e-05,0.006781842264074325,3.999403767264724e-05,0.006324083939405551
2019-03-11,0.0119486828487988,0.0001427710218211,4.273851741305835e-05,4.356995713826811e-05,0.006600754285554652,5.020557731941987e-05,0.007085589412280383,4.5754702843007125e-05,0.006764222264459317,3.9212764551578944e-05,0.006262009625637679
2019-03-12,0.0118519264539069,0.0001404681606688,2.4756197476482257e-05,4.952202101924275e-05,0.007037188431415116,6.0949349296096565e-05,0.007807006423469662,4.339197738491264e-05,0.006587258715498629,3.77771255854778e-05,0.0061463099161592726
2019-03-13,0.0035772840485137,1.2796961163750693e-05,1.6145255238958118e-05,5.497878939821727e-05,0.007414768330717911,7.012597573436551e-05,0.008374125371306875,4.1241271629588444e-05,0.006421936750668636,3.6512621737302706e-05,0.0060425674789200915
2019-03-14,0.0001366372574386,1.86697401203688e-08,1.360506693915526e-05,5.244787970414927e-05,0.007242090837883026,6.526789080251184e-05,0.008078854547676413,3.840476270289826e-05,0.006197157630954554,3.5398852868407674e-05,0.005949693510459818
2019-03-15,0.0073429617299341,5.391908696727698e-05,3.728437677058893e-05,4.930212710630753e-05,0.0070215473441619354,5.972265078219754e-05,0.007728043140549717,3.5503185110579035e-05,0.0059584549264535885,3.441785064262548e-05,0.005866672876735627
2019-03-18,0.0030888668901587,9.541098665118992e-06,3.793863708819955e-05,4.957914469796569e-05,0.007041245962041497,6.031017698840676e-05,0.007765962721286187,3.3610593420226334e-05,0.005797464395770477,3.3553788635051654e-05,0.005792563218045329
2019-03-19,0.0061058171586395,3.7281003174737306e-05,2.33952102759896e-05,4.7176861935994865e-05,0.006868541470792388,5.6342535423021766e-05,0.007506166493158926,3.1479938109531884e-05,0.0056106985402471846,3.2792727002374934e-05,0.0057264934298726766
2019-03-20,-0.0009847191425605,9.69671789725151e-07,7.621480887824908e-06,4.658311041031937e-05,0.006825182078913306,5.5669478088794185e-05,0.007461198167103872,2.9834442372300333e-05,0.0054620913917931046,3.212238760319106e-05,0.005667661563924849
2019-03-22,-0.0055835773146963,3.117633562919203e-05,5.209332633494934e-05,4.384630409308371e-05,0.006621654181024837,5.141257276025377e-05,0.007170256115387634,2.9115845442569677e-05,0.005395910066204743,3.170211097244324e-05,0.005630462767166056
2019-03-25,-0.0090000795022271,8.100143104640912e-05,1.9766643610503255e-05,4.308610598525015e-05,0.0065640007606070664,5.073532632554938e-05,0.007122873459886072,3.551781107895987e-05,0.005959682129019959,3.663250716325257e-05,0.006052479422786381
2019-03-26,0.0112973286932164,0.0001276296356025,5.754075651451226e-05,4.536102548891965e-05,0.006735059427274539,5.5174551506852784e-05,0.007427957424948852,4.873959215801105e-05,0.006981374661054301,4.971833296852645e-05,0.007051122816156761
2019-03-27,-0.0033321468214628,1.1103202439784817e-05,4.856020345575896e-05,5.029714209573871e-05,0.007092047806927045,6.377181030114671e-05,0.007985725408574146,4.601359292662677e-05,0.00678333199295352,4.703037936501799e-05,0.006857869885395756
2019-03-28,0.0108582361558709,0.0001179012924166,5.03013578433153e-05,4.794550571638147e-05,0.006924269327256232,5.9531948876058994e-05,0.007715694970387242,4.8055771948431955e-05,0.006932227055458581,4.6611199155231245e-05,0.006827239497427291
2019-04-01,0.0085330995827254,7.281378848870863e-05,2.299372275259432e-05,5.2142852918398306e-05,0.007221000825259495,6.660538116151689e-05,0.008161211990967818,4.534583125181515e-05,0.006733931337028553,4.429363095077034e-05,0.006655346042901927
2019-04-02,0.0037677868730356,1.419621792061991e-05,1.4251806894476428e-05,5.338310905261691e-05,0.0073063745491602685,6.824632650735854e-05,0.008261133488048631,4.263786224252828e-05,0.006529767395744528,4.2252328099626076e-05,0.006500179082119667
2019-04-03,-0.0059296790704819,3.5161093878911295e-05,4.584325071437451e-05,5.103189558469706e-05,0.007143661217099888,6.376305068086667e-05,0.00798517693485039,3.967928621128184e-05,0.00629914964191849,4.045435843324359e-05,0.006360374079662579
2019-04-04,-0.0039540791366154,1.56347418186179e-05,2.8576435928299577e-05,5.00796474823499e-05,0.007076697498293247,6.195413000941244e-05,0.007871094587756675,4.680030415647286e-05,0.0068410747807981795,4.504067763646233e-05,0.006711235179641847
2019-04-05,0.0058416896509144,3.4125337977600445e-05,1.7072970209758438e-05,4.801295314252594e-05,0.006929137979758084,5.839774138978394e-05,0.007641841492060925,4.996803727129059e-05,0.007068807344332606,4.565386030417447e-05,0.006756764040883363
2019-04-08,-0.0052814051841508,2.789324071917586e-05,6.929829992536421e-05,4.71796962326304e-05,0.006868747792183842,5.7150670206026486e-05,0.007559806228074003,4.648247552462033e-05,0.006817805770526198,4.3450411524949763e-05,0.006591692614567958
2019-04-09,0.005795590267793,3.3588866552138006e-05,3.47964387553042e-05,4.602250890182308e-05,0.006783989158439382,5.5429062822878295e-05,0.0074450696989939785,5.224574443675318e-05,0.0072281217779415685,4.640424584583813e-05,0.006812066195056984
2019-04-10,-0.0075378279508354,5.6818850216396104e-05,3.1298463429067905e-05,4.5276490360841916e-05,0.006728780748459702,5.4496567388569296e-05,0.00738217904067419,4.8514639517379465e-05,0.0069652451153839135,4.41113474756862e-05,0.006641637409230212
2019-04-11,0.0010698754849078,1.144633553206899e-06,8.482186878948496e-06,4.5969031952175125e-05,0.006780046603982536,5.602613725404401e-05,0.007485060938565832,5.899771279102305e-05,0.007680996861802708,5.206217330878284e-05,0.007215412206435807
2019-04-12,0.0040232151920854,1.6186260481827548e-05,1.648692817000564e-05,4.327956804823702e-05,0.0065787208519770025,5.174260007592645e-05,0.007193232936303846,5.3947507110308556e-05,0.0073448966711798305,4.909482258102254e-05,0.007006769767947463
2019-04-15,0.0040198748262654,1.6159393618842814e-05,8.399980527110822e-06,4.1653969594252396e-05,0.006453988657741226,4.9510357637374114e-05,0.007036359686469568,4.9821975176762125e-05,0.007058468330789771,4.648119443223905e-05,0.006817711817922421
2019-04-16,0.008246306446581,6.800157001092404e-05,1.6410354094727044e-05,4.0124295035727786e-05,0.0063343740839745,4.7552683454226754e-05,0.006895845376328181,4.614066325036115e-05,0.006792691900149833,4.417912341738422e-05,0.006646737802665622
2019-04-18,-0.00291849473211,8.51761150135396e-06,3.587082715854591e-05,4.179693153423952e-05,0.006465054642788375,5.1074257061482865e-05,0.007146625571658478,4.332165030314352e-05,0.006581918436378829,4.2151470418671156e-05,0.00649241637748775
2019-04-22,-0.013564941266796,0.0001840076315716,5.4367647009642785e-05,3.9800172332266375e-05,0.006308737776470534,4.815049865359955e-05,0.00693905603476435,4.476645474577027e-05,0.0066907738525353155,4.186016812459078e-05,0.00646994344060215
2019-04-23,-0.0015968652780555,2.549978716259298e-06,1.7635223161069122e-05,4.8452619886627905e-05,0.00696079161350402,6.33144529737865e-05,0.007957037952265057,6.97926878559903e-05,0.008354201808430911,7.239804727194761e-05,0.008508704206396388
2019-04-24,0.0128917369476169,0.0001661968815265,6.962619336616287e-05,4.5698461416405784e-05,0.006760063713930941,5.826752537521048e-05,0.007633316800396174,6.656899960297947e-05,0.008158982755403976,6.745402441086574e-05,0.008213039900722858
2019-04-25,-0.0072193711121506,5.211931925495598e-05,7.82176748941554e-05,5.2928366623014484e-05,0.0072751884252584475,7.03758859860783e-05,0.008389033674153317,6.221332136358541e-05,0.007887542162396687,6.26518904892407e-05,0.007915294719038622
2019-04-26,0.009646887469961,9.306243785809073e-05,2.690102515028768e-05,5.2879823780930894e-05,0.007271851468569122,6.945832538917638e-05,0.008334166148402393,7.189653793490695e-05,0.008479182621863203,6.756793434919875e-05,0.008219971675693216
2019-04-30,-0.0005531255807526,3.059479080829615e-07,2.650504954088592e-05,5.529078062556047e-05,0.007435777069382895,7.279000570753686e-05,0.008531705908406411,6.651355617996388e-05,0.008155584355517628,6.275222180904816e-05,0.007921629996979672
2019-05-02,-0.0019938224921164,3.975328130069646e-06,2.106319197253461e-05,5.199169066251181e-05,0.007210526379017818,6.633940847281523e-05,0.00814490076506861,6.15270095443301e-05,0.007843915447296082,5.8564252336429337e-05,0.007652728424322226
2019-05-03,-0.00106668952385,1.1378265402913703e-06,1.340820245013388e-05,4.9110708910565256e-05,0.007007903317723873,6.106069147408104e-05,0.007814134083446549,5.988408599714281e-05,0.007738480858485263,5.5519400827712237e-05,0.007451134197403254
2019-05-06,-0.0097810779570294,9.56694860014874e-05,1.0035990024098644e-05,4.623233596834882e-05,0.006799436444908417,5.615109101729493e-05,0.007493403166605606,5.659296142334731e-05,0.007522829349609581,5.2339594187702874e-05,0.007234610852540921
2019-05-07,-0.0086897806903779,7.551228844686488e-05,8.025779995968667e-05,4.919856497033708e-05,0.007014168872385172,6.13990646999347e-05,0.00783575552834152,7.249995045863764e-05,0.008514690273793736,6.61269649688974e-05,0.008131848803863572
2019-05-08,-0.0121144301503351,0.0001467594178673,4.835631589302819e-05,5.0777388378928734e-05,0.0071258254524601385,6.395927068228587e-05,0.0079974540125146,8.571350699611654e-05,0.009258158942042231,7.473369044780532e-05,0.00864486497568385
2019-05-09,-0.0050880260352891,2.5888008935780288e-05,2.9672030712331725e-05,5.65363101482339e-05,0.007519063116388497,7.339743303282858e-05,0.008567230184419499,0.00010866914316887756,0.01042444929811055,9.481668287938816e-05,0.00973738583395914
2019-05-10,-0.0020282295690185,4.113715184641277e-06,2.5365432762713657e-05,5.469741207548665e-05,0.007395769877131565,6.945517732067372e-05,0.008333977281026972,0.00011048632939461595,0.010511247756313994,9.129553687705734e-05,0.009554869799063581
2019-05-13,-0.011655690801341,0.0001358551280564,8.74555955834708e-05,5.1662390262035905e-05,0.007187655407852821,6.380340688693593e-05,0.007987703480158483,0.00010397625035210256,0.010196874538411393,8.437324146442471e-05,0.009185490812385842
2019-05-14,0.0066025080321108,4.3593112314088627e-05,9.993232466255676e-05,5.671395452970167e-05,0.0075308667847533775,7.215959430419474e-05,0.008494680353267847,0.00012553071194393116,0.011204048908494248,0.00010139370100334857,0.010069443927216069
2019-05-15,-0.0058134718372332,3.3796454802304513e-05,6.442912205744271e-05,5.592670399676483e-05,0.007478415874820337,7.015931843057316e-05,0.00837611595135676,0.00011308665986628764,0.010634221168768667,9.254579324809619e-05,0.009620072413869668
2019-05-16,0.0089319023833083,7.977888018494902e-05,5.4795114869713045e-05,5.459888904509715e-05,0.007389106105957415,6.741804554784841e-05,0.008210849258624128,0.00011660364215632672,0.01079831663530602,9.068309839792506e-05,0.009522767370776473
2019-05-17,0.0132413800291101,0.0001753341450753,7.75287570154298e-05,5.6109688513488235e-05,0.007490640060334513,6.96615202865477e-05,0.008346347721401722,0.00010572315781088059,0.010282176705877048,8.311194634901524e-05,0.009116575362986653
2019-05-20,0.0362503520301784,0.0013140880223118,0.0001687967156663,6.32631559071979e-05,0.007953813922087811,8.127742207498137e-05,0.009015399163374928,9.692894875335068e-05,0.009845250060478438,7.64433122965659e-05,0.008743186621396452
2019-05-21,-0.0101244541453482,0.0001025045717412,0.0001046940558728,0.00013831264789147764,0.011760639773901658,0.00020646484269432218,0.014368884532012991,9.295294706469114e-05,0.009641210871290553,7.056961175526656e-05,0.008400572108807028
2019-05-22,0.0024566721316128,6.035237962243113e-06,2.7469606508573068e-05,0.00013616416332246447,0.011668940111358207,0.00019373168171807432,0.013918752879409647,0.00010991261429022092,0.010483921703743352,8.338327627680197e-05,0.009131444369693218
2019-05-23,-0.0069118255980392,4.777333309771125e-05,0.0004694001706833,0.00012835642780085118,0.01132944958066592,0.00017283676684899137,0.013146739780226555,9.879402387916208e-05,0.00993951829210863,7.668229837779042e-05,0.00875684294582188
2019-05-24,0.0159186898748304,0.000253404687331,0.0001052906275173,0.0001235214421186627,0.011114020070103469,0.0001587529069618112,0.012599718527086674,0.0001063206359215594,0.010311189840244404,7.916322918608051e-05,0.008897372038196476
2019-05-27,0.0067862518773673,4.605321454307175e-05,5.350328809719185e-05,0.00013131443683140462,0.011459251146187722,0.00016718731270820065,0.012930093298511061,9.790226655646006e-05,0.00989455742094916,7.296530134661147e-05,0.008541972918864323
2019-05-28,0.0003353805552639,1.1248011684916457e-07,2.2293580586315533e-05,0.0001261987634941046,0.011233822301162887,0.000153631477059464,0.012394816539967988,8.901533717369673e-05,0.00943479396561985,6.750619651788407e-05,0.008216215461992466
2019-05-29,-0.0056873476786873,3.234592361826998e-05,2.309588954951539e-05,0.00011863358649146927,0.010891904631030758,0.0001371194778133882,0.011709802637678748,8.024075882670115e-05,0.008957720626738766,6.26978434234759e-05,0.00791819698059324
2019-05-30,0.0071240509010948,5.075210124139097e-05,3.027262382088637e-05,0.0001134563267190773,0.01065158799048655,0.00012591413014586907,0.011221146561108142,8.554243982206819e-05,0.009248915602494608,6.413863393958671e-05,0.008008659934070538
2019-05-31,-0.001935638971628,3.7466982284851864e-06,0.0001114678254186,0.00010969407319041603,0.010473493838753905,0.00011795970216121052,0.010860925474434052,7.821259997360501e-05,0.008843788779341409,5.9731710616145925e-05,0.0077286292844298025
2019-06-03,0.0138061904475292,0.0001906108946734,8.367528520422695e-05,0.00010333723069270018,0.010165492152016063,0.00010624579036347727,0.010307559864656488,7.488150769068207e-05,0.008653410176958103,5.6507573143998034e-05,0.007517151930352215
2019-06-04,-0.0055494840533033,3.079677325786857e-05,1.9829027161777587e-05,0.00010857365053154497,0.010419868066897247,0.0001148602697151657,0.010717288356443793,6.975199237691174e-05,0.008351765823878908,5.301030923109614e-05,0.007280817895751558
2019-06-06,-0.0149089211116321,0.0002222759287128,0.0001111897422006,0.00010390703789512431,0.010193480166023982,0.00010626342312809205,0.01030841516083302,7.525347925369004e-05,0.008674876324979512,5.5334060532967164e-05,0.007438686747872044
2019-06-07,0.0022686976453037,5.14698900580696e-06,4.220039593944748e-05,0.00011100917134418902,0.010536088996595892,0.00011807388804006936,0.010866180931682914,0.00010657400825006196,0.010323468808983827,9.098099123505598e-05,0.009538395632131012
2019-06-10,0.0043751625083482,1.9142046974456264e-05,2.7071901493153404e-05,0.00010465744040388606,0.010230221913716538,0.00010648722214400421,0.010319264612558601,9.585797835317339e-05,0.00979070877685438,8.337432891495436e-05,0.009130954436144907
2019-06-11,0.0035916712809597,1.2900102590470992e-05,2.3267788498246567e-05,9.952651679812024e-05,0.009976297750073432,9.775331791031404e-05,0.009887027759155632,8.684459688169047e-05,0.009319044848142458,7.667441758519975e-05,0.008756392955161375
2019-06-12,-0.0049765444699523,2.476599486141373e-05,2.3465347071624705e-05,9.432893194566128e-05,0.009712308270728503,8.947387269580034e-05,0.009459062992485055,7.882865934989368e-05,0.008878550520771602,7.077316813547047e-05,0.008412679010604794
2019-06-13,0.0006590703001973,4.343736606022231e-07,3.3419775898549565e-05,9.015515572060637e-05,0.009495006883652395,8.342133083312501e-05,0.009133527841591388,8.246982839183996e-05,0.00908129001804479,6.992123791180256e-05,0.008361892005509432
2019-06-14,-0.0076462152373002,5.846460745512267e-05,3.344121190692219e-05,8.47719087970061e-05,0.009207166165384771,7.566311638411184e-05,0.00869845482738813,7.456140299423315e-05,0.008634894498153012,6.482500018647038e-05,0.008051397405821574
2019-06-17,-0.0128664484379438,0.0001655454954062,9.065991073517028e-05,8.319347071649305e-05,0.009121045483742148,7.47296690069061e-05,0.008644632381247111,8.503363779831923e-05,0.009221368542592754,7.059545078575898e-05,0.008402109900837942
2019-06-18,0.0016563861789982,2.743615173976546e-06,1.956239949223298e-05,8.813459219787946e-05,0.009388002566993655,8.472736612211039e-05,0.009204746934169911,0.0001102961684836674,0.010502198269108587,9.446826537217799e-05,0.00971947865742695
2019-06-19,-4.259914774167141e-06,1.8146873883167484e-11,8.272650908492522e-05,8.301113357644527e-05,0.009111044593044492,7.704015419745112e-05,0.008777252086926245,9.89941423481342e-05,0.009949580008630223,8.644590308493275e-05,0.009297628895849347
2019-06-20,0.0119287739074267,0.0001422956469345,0.0001137259144885,7.803046665067098e-05,0.008833485532374579,7.003071851674891e-05,0.008368435846485825,8.890326880978915e-05,0.009428852995449084,7.93798484213396e-05,0.008909536936414799
2019-06-21,-0.0091400770377047,8.35410082551785e-05,3.9317008447221245e-05,8.188637746770097e-05,0.009049109208518868,7.826386367534632e-05,0.008846686593032801,8.190415679078062e-05,0.009050091534939336,7.315609851656936e-05,0.008553133841848224
2019-06-24,-0.0020875587921609,4.357901710728546e-06,1.846437939286817e-05,8.198565531494952e-05,0.00905459305076432,7.954008236842922e-05,0.0089185246744307,9.620841108921581e-05,0.00980858863900489,8.233377264861399e-05,0.00907379593382031
2019-06-25,0.0082396950931069,6.78925752273706e-05,6.99582313540943e-05,7.732799009869624e-05,0.008793633498088049,7.266026109073865e-05,0.008524098843322891,9.13912529723491e-05,0.009559877246719703,7.65226120480044e-05,0.008747720391507972
2019-06-26,0.0043224233576614,1.8683343682857124e-05,3.375723937965386e-05,7.676186520641666e-05,0.00876138489089577,7.305204547316743e-05,0.00854704893358915,8.352829418628342e-05,0.009139381499110507,7.063945855518517e-05,0.008404728345115336
2019-06-27,-0.0005065621089227,2.566051701962546e-07,2.079495267417196e-05,7.327715391500307e-05,0.008560207585976117,6.842501979215412e-05,0.008271941718372665,7.60254738794247e-05,0.008719258791859816,6.54576054511441e-05,0.008090587460199914
2019-06-28,-0.004460380187531,1.9894991417319893e-05,2.3876561415633017e-05,6.889592099031465e-05,0.008300356678499704,6.251164312524915e-05,0.007906430492026674,6.986468079536074e-05,0.008358509484074343,6.0938482631310844e-05,0.0078063104365193444
2019-07-01,0.0064892882200805,4.211086160327638e-05,7.438650451425819e-06,6.595586521593491e-05,0.008121321642191922,5.9316288265714026e-05,0.007701706841065429,7.284806426125324e-05,0.00853510774748938,6.0404145632151974e-05,0.007772010398355883
2019-07-02,0.0037601309797355,1.413858498476678e-05,2.704390762213279e-05,6.452516499917534e-05,0.008032755753735785,5.876165796370577e-05,0.007665615302355433,6.691898322689134e-05,0.00818040238783468,5.644239140196079e-05,0.0075128151449347395
2019-07-03,0.0005414178862205,2.9313332751954177e-07,8.589174847132863e-06,6.150197019831082e-05,0.007842319184929341,5.5450715532789594e-05,0.007446523721360833,6.130396344556255e-05,0.007829684760292879,5.295289746315447e-05,0.0072768741546871945
2019-07-04,0.0025143014062712,6.3217115615776975e-06,5.254847211796927e-06,5.7829439986063335e-05,0.007604567047903735,5.1152653626619206e-05,0.007152108334373803,5.592189471197897e-05,0.007478094323554563,4.987936810212028e-05,0.007062532697419551
2019-07-05,-0.0114152412136924,0.0001303077319667,8.623952149237459e-05,5.473897628059417e-05,0.007398579342048997,4.79973706476958e-05,0.006928013470519222,5.139660437296946e-05,0.00716914251308826,4.717221832713636e-05,0.006868203427908667
2019-07-08,-0.0216143187984928,0.0004671787771228,0.0001643156449336,5.927310162176542e-05,0.007698902624515095,5.775664360489645e-05,0.007599779181324708,7.125107346164338e-05,0.008441035094207546,6.765377974867224e-05,0.008225191775799045
2019-07-09,-0.000233551992236,5.454653307742133e-08,4.014138579671912e-05,8.374744215183227e-05,0.009151362857620294,0.00010032770612305353,0.010016371904190335,0.00012583634643641622,0.011217680082638131,0.00014480694977024111,0.01203357593445278
2019-07-10,-0.0049447502653284,2.4450555186465395e-05,3.777825798954237e-05,7.872586841470698e-05,0.008872759909673369,9.043107470445967e-05,0.009509525472096896,0.0001127882506015657,0.010620181288545204,0.00013079354415742616,0.011436500520588724
2019-07-11,0.0072784937042869,5.297647060334415e-05,1.7060545584957244e-05,7.546934962101248e-05,0.008687309688333466,8.422777287513639e-05,0.009177569006830534,0.00011387678598888542,0.010671306667362036,0.00012273154201700553,0.011078426874651721
2019-07-12,-0.002628042532973,6.906607555115167e-06,2.7367608088751232e-05,7.411977687995238e-05,0.008609284341915557,8.167614892832933e-05,0.009037485763658459,0.00010306004040655246,0.01015184911267659,0.00011134006026756351,0.01055177995731353
2019-07-15,0.0030983856392325,9.599993569402785e-06,1.9955494585029972e-05,7.008698672046214e-05,0.008371797102203453,7.478841237357068e-05,0.008648029392501547,9.887385788812556e-05,0.009943533470961193,0.0001025184488727537,0.010125139449546051
2019-07-16,0.0063868577322556,4.079195169207372e-05,2.4660450105958345e-05,6.645776713139854e-05,0.008152163340573995,6.902828042031567e-05,0.00830832596979173,8.927912612026466e-05,0.00944876320585211,9.353646572296157e-05,0.009671425216738305
2019-07-17,0.0021327874810327,4.548782439249852e-06,8.145134117479647e-06,6.491781820503902e-05,0.008057159437732322,6.713404818182616e-05,0.008193536976289675,8.138765611045158e-05,0.009021510744351613,8.562517846802345e-05,0.009253387405054618
2019-07-18,-0.0077820399135673,6.056014521635558e-05,2.3940605768541338e-05,6.129567605909166e-05,0.007829155513788934,6.181454267101637e-05,0.007862222502003894,7.382598868199778e-05,0.008592205111727593,7.865695496956123e-05,0.008868875631643576
2019-07-19,-0.015437326885714,0.0002383110613763,0.0001579312483057,6.125154420852743e-05,0.007826336576491419,6.281296938258887e-05,0.007925463354441106,8.466431226845308e-05,0.009201321224066307,8.314628818094213e-05,0.009118458651600178
2019-07-22,-0.0064176244949366,4.1185904158011014e-05,2.629069699987168e-05,7.18751152385991e-05,0.008477919275305652,8.164025891892144e-05,0.009035499926341731,0.00011820943139751093,0.010872416079120175,0.00011829166312030819,0.010876197089070618
2019-07-23,-0.001336175495625,1.785364955108744e-06,2.545296073844336e-05,7.003376257376376e-05,0.008368617721808289,7.82191974778055e-05,0.008844161773611194,0.0001231111281912693,0.0110955454210809,0.00011465661406121192,0.010707782873275491
2019-07-24,-0.0052870732659151,2.7953143719154177e-05,4.774444420991488e-05,6.593885871664447e-05,0.008120274546876138,7.12436253633921e-05,0.008440593898736753,0.00011331865787417103,0.010645123666457382,0.00010454099326258466,0.010224528999547346
2019-07-25,-0.0017003983413219,2.8913545191703945e-06,4.20744461083844e-05,6.365971581679505e-05,0.007978703893289626,6.777748765315436e-05,0.008232708403262826,0.00011532476274745242,0.010738936760566775,0.00010022304595698157,0.010011146086087325
2019-07-26,0.0028531055771835,8.14021143455583e-06,2.7076135251823155e-05,6.0013614138937556e-05,0.007746845431460315,6.221065559961179e-05,0.007887373174867016,0.00010741663100675695,0.010364199487020546,9.202205207888544e-05,0.009592812521825152
2019-07-29,-0.0084633169752627,7.16277342237709e-05,7.187391724477481e-05,5.6901209976674634e-05,0.007543289068879347,5.7865452893034106e-05,0.007606934526669341,9.668770649922511e-05,0.009832990719980625,8.429129026411474e-05,0.009181028823836397
2019-07-30,-0.0093200823653439,8.686393529679551e-05,0.0001096991694716,5.778480143150034e-05,0.007601631498007539,6.0472251628422546e-05,0.007776390655594827,0.0001086995202045167,0.010425906205434456,9.005109039182928e-05,0.009489525298550464
2019-07-31,0.0029364540769757,8.622762546187264e-06,6.262598830416896e-05,5.952954946341799e-05,0.007715539479739442,6.429410226958878e-05,0.008018360323007989,0.0001228286806796156,0.011082810143624026,9.779789682996439e-05,0.009889281916800855
2019-08-01,-0.0124899804498931,0.0001559996116387,0.0001146635594369,5.647514224838414e-05,0.007514994494235118,5.9738838444350864e-05,0.007729090402133414,0.00011009228423892006,0.010492487037824733,8.93786263467101e-05,0.009454026991008124
2019-08-02,0.0015788630828991,2.4928086345419595e-06,0.000160376775587,6.24466104118038e-05,0.007902316774959341,7.063451074049586e-05,0.008404433992869232,0.00013432856033117427,0.011590019858963758,0.00010933731268447843,0.010456448378129087
2019-08-05,-0.0123286385918026,0.0001519953295272,3.9338913289455755e-05,5.884938230516807e-05,0.007671335105779702,6.46725354469738e-05,0.00804192361608675,0.00011980086191444608,0.01094535800759601,9.954248794229002e-05,0.009977098172429198
2019-08-06,0.007853965566277,6.168477511626492e-05,0.0001268956898621,6.443813913849506e-05,0.008027336989219716,7.455092669637709e-05,0.008634287851141927,0.00014339259936098895,0.011974664895561335,0.00011758693346359648,0.010843750894575017
2019-08-07,-0.0085077621466028,7.238201674316798e-05,5.922662274035809e-05,6.427293729716124e-05,0.008017040432551232,7.408086955163905e-05,0.008607024430756487,0.0001288100503908826,0.01134945154581853,0.00010680871397088075,0.010334830137495282
2019-08-08,0.0161690837982416,0.0002614392708745,0.0001391726258652,6.475948206392161e-05,0.008047327634930842,7.474962526597333e-05,0.008645786561439817,0.00013946883798175166,0.011809692543912887,0.00011001668734424181,0.010488883989454826
2019-08-09,0.0069731873754653,4.86253421733491e-05,4.104739366347534e-05,7.656026939255987e-05,0.008749872535789299,9.44301372318215e-05,0.009717517030179134,0.0001269819109631918,0.01126862506977634,0.00010014087785989585,0.010007041413919292
2019-08-13,-0.0166826297594268,0.0002783101356901,0.0001771499763287,7.48841737594072e-05,0.008653564222874133,9.017174414658607e-05,0.00949588037764725,0.00011441388403669795,0.010696442587921367,9.144231269129554e-05,0.009562547395505841
2019-08-14,0.0094329646972824,8.898082298017644e-05,6.0497555037320894e-05,8.708973147524953e-05,0.009332187925414357,0.00010964053251407805,0.010470937518392422,0.00015350505271383418,0.012389715602621159,0.00013261767764892137,0.011515974889210264
2019-08-16,0.0016668253365152,2.7783067024492096e-06,6.215228968600953e-05,8.720319696554512e-05,0.009338265201071616,0.00010756866714769673,0.010371531571937518,0.00013786667826997005,0.011741664203594397,0.00012004772065167047,0.01095662907338158
2019-08-19,0.0005520467691192,3.047556352949526e-07,3.4860211635247516e-05,8.213770354975936e-05,0.009062985355265635,9.70476877771517e-05,0.009851278484397428,0.00012287201632095124,0.011084765054837709,0.00010897616340604444,0.010439164880681043
2019-08-20,-0.0033438078514244,1.1181050947248048e-05,2.4546425197927013e-05,7.72277266748915e-05,0.008787930739081386,8.758376062879078e-05,0.00935861958991767,0.00010971180843668467,0.010474340477408813,9.922438940693588e-05,0.009961143980835528
2019-08-21,-0.0089626008590573,8.032821415877515e-05,4.875700268365044e-05,7.326492613123286e-05,0.008559493333792184,8.039391975852787e-05,0.008966265652908565,0.00010671981275791245,0.010330528193558761,9.259709102884319e-05,0.009622738229259029
2019-08-22,-0.0163761903599742,0.0002681796107061,0.000111301722312,7.368872341288537e-05,0.008584213616452317,8.108105693458036e-05,0.009004502037013504,0.00011983411437322509,0.010946876923270175,9.889353332500582e-05,0.0099445227801542
2019-08-23,0.0081592615346459,6.657354879075358e-05,0.0001585795279095,8.535817665047897e-05,0.009238948893163063,0.00010065587517938535,0.010032740163055423,0.00015791325357687237,0.012566354028789431,0.00013740300287683963,0.011721902698659447
2019-08-26,0.0208805429846769,0.0004359970753349,0.0002981396419126,8.423109897889535e-05,0.009177750213363586,9.74369144664063e-05,0.009871013852001542,0.00014142376724862767,0.011892172520133892,0.00012426261193497156,0.011147314113048559
2019-08-27,0.0042863913515562,1.837315081869633e-05,2.4931520167352983e-05,0.00010533705756025803,0.010263384313191144,0.00013192966505528334,0.011486063949642774,0.0001295905097710598,0.011383782753156343,0.00011268861924726694,0.01061548959055902
2019-08-28,-0.0053495498840406,2.8617683961838924e-05,5.947013361436398e-05,0.0001001192231557643,0.010005959382076478,0.00011995772554061778,0.010952521423883078,0.00011619361747116388,0.010779314332143946,0.00010249430253187166,0.010123946983853268
2019-08-29,-0.0088932138970112,7.90892534179949e-05,2.9187441577143148e-05,9.582913080412877e-05,0.009789235455546504,0.00011050760122562302,0.010512259568029274,0.00011814903414633474,0.010869638179182172,9.853694218162367e-05,0.009926577566393348
2019-08-30,0.006822503346491,4.654655191288199e-05,8.456611273586227e-05,9.482473816096063e-05,0.009737799451670826,0.00010732898059591813,0.010359970105937475,0.0001305696512698804,0.011426707805395236,0.0001039079163764732,0.010193523256287456
2019-09-03,-0.0206549716202419,0.000426627852633,0.0001158371174358,9.192804698607584e-05,0.009587911502828748,0.00010125837730410492,0.010062722161726663,0.00011750211557276973,0.010839839277995303,9.476030197172405e-05,0.009734490329325109
2019-09-04,0.0043201998863098,1.8664127057671966e-05,3.904860025028123e-05,0.00011201003532489121,0.010583479358173815,0.00013433014466207385,0.011590088207691685,0.00017235677710336576,0.013128472001850244,0.00016156648994292304,0.012710880769754827
2019-09-05,0.000299642034456,8.978534881298934e-08,3.309147673676646e-05,0.000106409280828858,0.010315487425655561,0.00012208941413297244,0.011049407863454604,0.00015308135019160806,0.012372604826454615,0.0001455456943102501,0.012064232023226762
2019-09-06,0.0090208330367241,8.137542867645386e-05,2.431661092369383e-05,0.00010003011110005529,0.010001505441685031,0.00010949317403873254,0.01046389860609957,0.0001357172748576596,0.011649775742805507,0.0001314346551100153,0.011464495414540287
2019-09-09,0.0051801074294417,2.6833512980557902e-05,5.806298743385764e-05,9.891083015463915e-05,0.009945392408278275,0.00010667146645400991,0.010328187955978042,0.0001223745769446107,0.011062304323449554,0.00011900572012891299,0.010908974293164
2019-09-11,0.00296300057966,8.779372435066015e-06,5.516460372470211e-06,9.458619112419422e-05,0.009725543230287665,9.869151586365296e-05,0.009934360365099152,0.00011009260434283712,0.01049250229177183,0.00010805837439304012,0.010395113005303989
2019-09-12,-0.0048050950254965,2.308893820405178e-05,4.049297690027034e-05,8.943778200284649e-05,0.009457155069197422,8.987933607517677e-05,0.0094804713002665,9.9035028209705e-05,0.009951634449159847,9.841600528966458e-05,0.009920484125770505
2019-09-13,0.0084412171097482,7.125414629390714e-05,5.718778469741909e-05,8.545685137491877e-05,0.0092442874995815,8.360704577025532e-05,0.009143688849160132,0.00010083694153489717,0.010041759882356139,9.397463017562977e-05,0.009694051277749142
2019-09-16,-0.0065582079983637,4.301009214980226e-05,2.1243304545274547e-05,8.460468907005799e-05,0.009198080727524519,8.29785760229488e-05,0.00910925770976696,9.185263338135992e-05,0.009583977951840244,8.601111159667644e-05,0.009274217573287594
2019-09-17,-0.0170390027633122,0.0002903276151681,0.0001258856393076,8.21090132548426e-05,0.009061402388970628,7.957551664615082e-05,0.008920511008129009,9.878295666061644e-05,0.009938961548402148,8.654416360324088e-05,0.009302911565915312
2019-09-18,0.0021285921026311,4.5309043393836355e-06,1.977420100597147e-05,9.460212936964171e-05,0.009726362597067915,0.0001015743017855308,0.01007840770089853,0.0001385945860738107,0.011772620187273975,0.00013041220252821598,0.011419816221297783
2019-09-19,-0.0126107725834496,0.0001590315851514,9.539413419887204e-05,8.91978558678262e-05,0.00944446165050323,9.19749355386919e-05,0.009590356382256703,0.00012358592115876784,0.011116920489000892,0.00011810514884462613,0.010867619281361771
2019-09-20,0.0518247259951442,0.0026858022244717,0.0014143939618414,9.338787962484568e-05,0.009663740457237335,9.917257589812294e-05,0.00995854286018406,0.00014809161854191326,0.012169289976901415,0.00013517153609123272,0.011626329433283435
2019-09-23,0.0285054094215263,0.0008125583662888,0.0001342910192909,0.0002489327403156615,0.015777602489467833,0.0003606805746161956,0.01899159220855891,0.00014164245986088986,0.011901363781554191,0.00012229714687580492,0.01105880404364798
2019-09-24,-0.001035000333708,1.071225690775732e-06,3.599235318417295e-05,0.0002827502778740523,0.01681517998339751,0.00040050684189694443,0.020012667036078534,0.0001312601681118462,0.011456883001577968,0.00011095744715369993,0.01053363409055488
2019-09-25,-0.0128538704574952,0.000165221985738,6.052684755533939e-05,0.0002658495347430557,0.01630489296938363,0.0003534256302227846,0.018799617821189468,0.00011964470900091746,0.010938222387614794,0.00010115746997314652,0.01005770699380065
2019-09-26,0.011385783826013,0.0001296360733326,5.656598924953108e-05,0.0002598118818027564,0.01611868114340489,0.00032877195699239803,0.018132069848541783,0.0001450400787796829,0.012043258644556418,0.00012133037535530237,0.011015006825022959
2019-09-27,-0.0050945199509384,2.5954133530509996e-05,2.382705671688389e-05,0.00025200133329455294,0.015874549861163087,0.00030358649649920677,0.01742373371293325,0.00013091334919997338,0.011441737158315313,0.00011010591946049149,0.01049313677888988
2019-09-30,-0.0033019077276591,1.0902594641975298e-05,3.795375230851706e-05,0.00023843850130871033,0.015441453989463245,0.00027105759091367856,0.016463826739664098,0.00013088687472476802,0.011440580174307945,0.00010477382575073355,0.01023590864314124
2019-10-01,-0.0100331967125401,0.0001006650362725,0.0002603577517117,0.0002247863469087062,0.014992876538833574,0.00024104911005843444,0.015525756344166761,0.0001256334559993838,0.011208633101292227,9.743614501443043e-05,0.009870974876598078
2019-10-03,-0.0040487479027005,1.6392359579621932e-05,3.601191017431949e-05,0.00021733906827053534,0.014742424097499547,0.0002238342116101029,0.014961089920527278,0.00014138669676897294,0.01189061380959675,0.0001067243925404293,0.010330749853734205
2019-10-04,-0.0123841280362274,0.0001533666272176,0.0001659715349988,0.0002052822657490805,0.0143276748200495,0.00020024613117770217,0.014150834999310188,0.00013723585967693634,0.01171477100403317,0.00010011752210693259,0.010005874379929652
2019-10-07,-0.0043360709453904,1.8801511243459275e-05,4.243885644599877e-05,0.00020216732743719607,0.014218555743717295,0.00019342251759500945,0.013907642416851588,0.00016066486142791986,0.012675364350894213,0.000118334051932941,0.010878145610945874
2019-10-09,0.0166583095543536,0.0002774992772086,0.0001538740265015,0.00019116537846557182,0.01382625684939969,0.00017385540266397808,0.013185423871229096,0.00015540975120746647,0.012466344741240974,0.00011076600450238397,0.010524542959311059
2019-10-10,-0.0069851734480923,4.879264809993415e-05,2.048943566179226e-05,0.00019634541239015762,0.014012330726547872,0.0001828473852730123,0.013522107279304226,0.0001409506824547499,0.011872265262145631,0.00010080087278409484,0.01003996378400315
2019-10-11,0.006255677219734,3.913349747749914e-05,8.539037552161328e-05,0.00018749224653274418,0.01369278081810792,0.0001676229903393732,0.012946929764981858,0.00014594286021245745,0.01208068128097325,0.00010058561901653855,0.010029238207188946
2019-10-14,0.0031882272704231,1.0164793127869644e-05,4.7565106947270256e-05,0.00017859072158942947,0.01336378395475733,0.00015331414320592443,0.012382008851794786,0.00013071154191594765,0.011432914847751979,9.183403854776759e-05,0.009583007802760446
2019-10-15,0.0076549797105181,5.859871436844513e-05,4.01156270180429e-05,0.00016848516588173585,0.012980183584284771,0.00013785684809287748,0.011741245593755268,0.00011696603270704414,0.01081508357374293,8.412568885657295e-05,0.009172005716121907
2019-10-16,0.0031189722795879,9.727988080837986e-06,1.347044557476538e-05,0.00016189197879093833,0.012723677879879635,0.0001292114447203317,0.011367121215168408,0.00010581823557170793,0.01028679909260932,7.733621178388704e-05,0.008794100965072384
2019-10-17,0.0106159568508184,0.0001126985398584,6.910593933019717e-05,0.00015276213934833227,0.01235969819001792,0.000116703990138042,0.010802962100185394,9.533926075156031e-05,0.009764182543949099,7.135607326030966e-05,0.008447252408938047
2019-10-18,0.0064951495568105,4.2186967765335655e-05,4.623515554023935e-05,0.00015035832337893863,0.012262068478806447,0.00011615022024642241,0.010777301157823438,8.73725002667321e-05,0.009347325835057431,6.608879621543229e-05,0.008129501596988113
2019-10-22,-0.0063225475319826,3.99746072941795e-05,5.266281800838202e-05,0.00014386804204212245,0.011994500491563725,0.00010854355255581878,0.01041842370782734,7.972831138764609e-05,0.008929071138010163,6.144940410322804e-05,0.007838967030370013
2019-10-23,0.0013582008758651,1.8447096192009024e-06,2.5310725342600463e-05,0.00013763443595724584,0.011731770367563706,0.00010165831118569743,0.010082574630802265,8.664720103203543e-05,0.009308447831514953,6.437767292115827e-05,0.008023569836497858
2019-10-24,-0.0018545120164874,3.439214819296526e-06,5.624815357063644e-05,0.00012948705237696313,0.011379237776624722,9.177720327240986e-05,0.009580041924355543,7.832254267166441e-05,0.00885000241082817,5.994225499192078e-05,0.007742238370905457
2019-10-25,0.0001122984698912,1.2610946339908456e-08,6.57105900295895e-05,0.00012192418212350311,0.011041928369786824,8.32845394876389e-05,0.009126036351430937,7.480190342028315e-05,0.008648809364316175,5.6639063353813424e-05,0.007525892860904507
2019-10-29,0.0173682334074765,0.0003016555316965,8.705271655010138e-05,0.0001146094878528733,0.010705582088465499,7.550071867692593e-05,0.008689114953602924,6.775752413155066e-05,0.00823149586232968,5.312612516538405e-05,0.007288767053856506
2019-10-30,0.0048453501784329,2.347741835164063e-05,2.5496936499799392e-05,0.00012583225048349588,0.011217497514307543,9.914978403875029e-05,0.009957398457365773,6.388590632996015e-05,0.007992865964718798,5.0031946232215604e-05,0.007073326390900932
2019-10-31,0.0028118405572833,7.90644731958329e-06,2.0584687496302063e-05,0.00011969096055558451,0.0109403364004762,9.176518576000236e-05,0.009579414687756364,5.8759712792465105e-05,0.007665488424912342,4.730660840565254e-05,0.006877979965487871
2019-11-01,0.0011064782775295,1.2242941786446509e-06,1.4353895813698104e-05,0.00011298388976142444,0.01062938802384335,8.372520627850146e-05,0.009150147882876072,5.39530661249627e-05,0.0073452750884471785,4.490614404719086e-05,0.006701204671340136
2019-11-04,0.0042548242520918,1.8103529416188574e-05,1.7745095486914833e-05,0.00010627831402645764,0.010309137404577439,7.600902757805865e-05,0.008718315638818008,4.947833073530895e-05,0.007034083503578057,4.279182666623657e-05,0.006541546198433255
2019-11-05,-0.0020202122992972,4.08125773423208e-06,3.477598283252193e-05,0.0001009878269498415,0.010049269970990007,7.095613392764313e-05,0.008423546398497675,4.586069104157535e-05,0.006772052203104709,4.092954615787502e-05,0.006397620351183323
2019-11-06,0.0040907060383537,1.6733875892223975e-05,5.9086837246862134e-05,9.517343279690491e-05,0.009755687202698994,6.511464139009266e-05,0.008069364373362543,4.555531176348016e-05,0.006749467517032744,4.0005425241733476e-05,0.0063249842088129735
2019-11-07,0.0038368392142123,1.4721335155717766e-05,1.395754658757895e-05,9.046705938262402e-05,0.009511417317236375,6.127667723880991e-05,0.007827942081978501,4.233115903330439e-05,0.0065062400073548155,3.8475297278519855e-05,0.006202845901561626
2019-11-08,-0.0086872239057793,7.546785918914483e-05,5.329527618257928e-05,8.592231592900962e-05,0.009269429104805193,5.771218528790505e-05,0.007596853643970314,3.9411326261551595e-05,0.006277844077511929,3.7127567979335594e-05,0.006093239530769785
2019-11-11,0.0004449579074941,1.979875394415853e-07,1.5792997564949584e-05,8.529504852461765e-05,0.009235531848497824,6.072587594086727e-05,0.007792680921279099,5.216809632219124e-05,0.007222748529624386,4.9183365720805216e-05,0.007013085321084096
2019-11-13,-0.0061463783728446,3.77779671021728e-05,3.9008405661128776e-05,8.018922486550707e-05,0.008954843653884029,5.576294120964461e-05,0.007467458818744474,4.7814841606030614e-05,0.0069148276627860085,4.6559182800442656e-05,0.006823428962071977
2019-11-14,0.0026694246816312,7.125828130901928e-06,2.221828229401655e-05,7.764454939970695e-05,0.008811614460455414,5.5212072635480644e-05,0.007430482665041393,5.531758054762001e-05,0.007437578943958848,5.0876978352831704e-05,0.007132809989957093
2019-11-15,0.0019649138125061,3.860886290577603e-06,2.2596660851682515e-05,7.341342612357864e-05,0.008568163521057394,5.163375793850728e-05,0.0071856633610618914,5.087832858444129e-05,0.007132904638675698,4.8050908604257644e-05,0.0069318762686777415
2019-11-18,-0.0009209603886071,8.4816803738338e-07,1.5717079995429055e-05,6.924027373359855e-05,0.008321074073315208,4.817016983615276e-05,0.006940473314994645,4.684486551578083e-05,0.006844330903439783,4.556172005713012e-05,0.006749942226206837
2019-11-19,0.0046674203321069,2.1784812556565463e-05,1.5088552361758092e-05,6.513674739182564e-05,0.008070734005765872,4.4832532009413425e-05,0.0066957099705269064,4.4562694892787434e-05,0.006675529558977882,4.3518088796933333e-05,0.006596824144763398
2019-11-20,0.0049291639974579,2.4296657713835925e-05,1.3178286464248366e-05,6.253563130171e-05,0.007907947350716872,4.402409057093009e-05,0.006635065227330482,4.150469541562105e-05,0.006442413787985141,4.156923432519433e-05,0.006447420749818824
2019-11-21,-0.002561738649308,6.562504907358631e-06,1.2748840556345477e-05,6.02412928864375e-05,0.007761526453374845,4.3569768017721925e-05,0.006600739959862221,3.8785036893898895e-05,0.006227763394180843,3.9852692745455086e-05,0.006312898917728295
2019-11-22,-0.0045220903960493,2.0449301550042217e-05,1.815013569422227e-05,5.702056560769275e-05,0.007551196303082893,4.138072633659485e-05,0.006432785270518117,3.987878460982251e-05,0.006314965131322778,3.9492339704676126e-05,0.006284293095064561
2019-11-25,0.0132858891358918,0.0001765148501312,6.796146652847996e-05,5.4826289764233664e-05,0.0074044776834178965,4.086616992328363e-05,0.006392665322327114,4.435065119039686e-05,0.006659628457383855,4.1611755474482165e-05,0.006450717438741381
2019-11-26,-0.0029902665544935,8.941694066922723e-06,3.937180301605309e-05,6.212760338625212e-05,0.007882106532282605,5.6178186925369955e-05,0.007495210932680277,4.2270602071133224e-05,0.006501584581556501,3.989014517233365e-05,0.006315864562538818
2019-11-27,0.0052199103527662,2.7247464090916377e-05,8.816516037190967e-06,5.893644882709233e-05,0.007677007804287575,5.266326757269557e-05,0.007256946160245063,4.390118030165748e-05,0.006625796578650561,3.99428205230778e-05,0.006320033269143272
2019-11-28,0.0041605293507918,1.731000447880033e-05,8.49036916715554e-06,5.703510974292174e-05,0.007552159276850677,5.143384699706125e-05,0.007171739468013408,4.0971253193194266e-05,0.006400879095342629,3.842015534585437e-05,0.006198399418063858
2019-11-29,-0.0078572552326699,6.173645979131993e-05,4.175449013734659e-05,5.465160342707444e-05,0.007392672279160928,4.935345525714616e-05,0.007025201438901675,3.8223672857526325e-05,0.006182529648738154,3.7078999232189985e-05,0.006089252764682214
2019-12-02,-0.0006513050314763,4.2419824402644313e-07,3.181024246173225e-05,5.5076694808929086e-05,0.007421367448720558,5.2018565315424845e-05,0.007212389709064871,4.917635907347826e-05,0.0070125857622904166,4.67310422582333e-05,0.006836010697638887
2019-12-03,-0.0044920715009142,2.017870636932568e-05,3.1465434032391155e-05,5.179754501503492e-05,0.007197051133279166,4.816007140964132e-05,0.006939745774136205,4.6207844985196634e-05,0.006797635249496448,4.447362519403201e-05,0.006668854863770241
2019-12-04,0.0040769856204158,1.662181174907757e-05,3.573820291813593e-05,4.9900414696292354e-05,0.007064022557742321,4.677607686910574e-05,0.006839303829272812,5.0430131927138745e-05,0.007101417599827428,4.595176438551361e-05,0.006778773073758526
2019-12-05,-0.0020613602474655,4.2492060698313415e-06,1.6914148617999266e-05,4.790369851945944e-05,0.006921249780166834,4.5204750390454014e-05,0.006723447805289635,4.669052257125346e-05,0.006833046360976447,4.371280399643264e-05,0.006611565926195748
2019-12-06,-0.0080953486219982,6.553466931168832e-05,7.118352789976268e-05,4.528442897248174e-05,0.006729370622315414,4.25789728520634e-05,0.006525256535345058,4.639497978702174e-05,0.006811386040081838,4.2486376330638106e-05,0.006518157433710704
2019-12-09,0.0013412131605239,1.798852741962759e-06,2.23259002128117e-05,4.649944339283412e-05,0.006819050035953258,4.6469206886344934e-05,0.006816832613930382,5.808121893265391e-05,0.007621103524598908,5.216033211092399e-05,0.007222211026474094
2019-12-10,-0.0067831796188954,4.6011525742198566e-05,2.9989052804508843e-05,4.3817407953781824e-05,0.0066194718787666,4.343887646103384e-05,0.006590817586690884,5.3169138548139025e-05,0.007291717119316891,4.9181280378555045e-05,0.007012936644413312
2019-12-11,0.0044894843560396,2.0155469783124964e-05,2.1124280505690063e-05,4.394905502108679e-05,0.00662940834623172,4.52504540299411e-05,0.006726845771231945,6.19786840566051e-05,0.007872654193891987,5.4631309113570894e-05,0.0073912995551236385
2019-12-12,0.0051628573460297,2.6655095975453863e-05,1.28694223631939e-05,4.252143990680904e-05,0.006520846563660967,4.422553569121497e-05,0.006650228243542846,5.7021619213395045e-05,0.007551266066918517,5.1357704955340925e-05,0.007166429023951952
2019-12-13,0.0095518227839611,9.12373184961998e-05,1.4039368175654171e-05,4.1569459270927666e-05,0.0064474381944247955,4.398439310368357e-05,0.00663207306229987,5.2699216382838186e-05,0.0072594225929365885,4.847433026802391e-05,0.006962350915317606
2019-12-16,-0.0027132674192033,7.361820088110479e-06,1.925974563967124e-05,4.454953082444391e-05,0.006674543491838518,5.0296024035515454e-05,0.007091968981567492,4.936952434757305e-05,0.007026345020533296,4.593466781041533e-05,0.006777511918869293
2019-12-17,0.0091705529807056,8.409904197192853e-05,3.098716879106004e-05,4.231826818026389e-05,0.00650524927887194,4.735219997177745e-05,0.006881293481009036,5.006294859120188e-05,0.007075517549352972,4.498957529016942e-05,0.006707426875499234
2019-12-18,0.0046460249046105,2.158554741426122e-05,1.3358248938844368e-05,4.4825114607763755e-05,0.006695156055519823,5.2524525411125334e-05,0.007247380589642394,4.6956420892802384e-05,0.006852475530259293,4.286531250343484e-05,0.006547160644388897
2019-12-19,0.0031084751792857,9.66261794023544e-06,1.4371698043795237e-05,4.3430740576153586e-05,0.006590200344159014,5.074048402189441e-05,0.007123235502346838,4.364857083460071e-05,0.006606706504348495,4.099427212746866e-05,0.0064026769501099035
2019-12-20,0.0009864549951019,9.730934573615098e-07,4.054513984294241e-06,4.140465321799848e-05,0.006434644762377989,4.797383172149566e-05,0.006926314439981458,4.0514684964186226e-05,0.006365114685862795,3.93462688259794e-05,0.006272660426484077
2019-12-23,-0.000737719270985,5.442297227827779e-07,1.312575451616034e-05,3.897875963236026e-05,0.0062432971763612425,4.467319986632647e-05,0.006683801303624044,3.7481072840560294e-05,0.006122178765812078,3.789471549954936e-05,0.006155868378998154
2019-12-24,-0.0039383639534341,1.5510710629709197e-05,1.602270069764548e-05,3.66726878377856e-05,0.006055797869627552,4.1739246308373445e-05,0.0064605917924268706,3.576558251180412e-05,0.005980433304686552,3.671169414206264e-05,0.0060590175888556915
2019-12-26,-0.0072306004913641,5.228158346571525e-05,2.568424662540407e-05,3.540296920530101e-05,0.005950039428886249,4.068135688511007e-05,0.006378193857598723,3.931426712633204e-05,0.006270109020290799,3.8295967365021697e-05,0.006188373563790545
2019-12-27,0.009785757510884,9.576105006182444e-05,2.4466982278000945e-05,3.641568606092583e-05,0.006034541081219502,4.3468741764085814e-05,0.006593082872532834,4.9011841264237236e-05,0.00700084575349559,4.614382885638323e-05,0.006792924911728616
2019-12-30,0.0008203370378256,6.729528556285474e-07,1.2685627669068372e-05,3.997640790097964e-05,0.006322689926050434,5.030132315578452e-05,0.007092342571801261,4.608287431651876e-05,0.0067884368094958914,4.3881973454502535e-05,0.00662434702099026
2019-12-31,-0.007156789574995,5.1219637020758e-05,2.2010124745564333e-05,3.761820059825857e-05,0.006133367802297411,4.6681263697769765e-05,0.006832368820385047,4.244078034674138e-05,0.006514658881840352,4.188974216854933e-05,0.006472228531854336
2020-01-01,0.0011539431631088,1.3315848236855643e-06,7.853659097694061e-06,3.843428678360848e-05,0.0061995392396216415,4.8616103044213024e-05,0.006972524868669385,5.204202504119255e-05,0.007214015874753295,4.9122861154274756e-05,0.007008770302576248
2020-01-02,0.0081505799340132,6.643195326073947e-05,2.1558479889236963e-05,3.6208124666013105e-05,0.006017318727308128,4.527189806933323e-05,0.0067284394973376425,4.778581015916413e-05,0.006912728127097444,4.6505890671318345e-05,0.006819522759791799
2020-01-03,-0.0045330481423355,2.0548525460731625e-05,1.3297364082426166e-05,3.802155438169664e-05,0.00616616204633779,4.891825167770132e-05,0.006994158396669417,4.4791040850610484e-05,0.006692610914330108,4.420087574664955e-05,0.006648373917481593
2020-01-06,-0.0192907284731414,0.0003721322050244,0.0001038302416302,3.6973172646438724e-05,0.006080556935547822,4.747743029232113e-05,0.0068903868028087605,4.91404696369872e-05,0.007010026364928109,4.5776422726475044e-05,0.006765827571441283
2020-01-07,0.0049821604032702,2.4821922283913996e-05,5.3276782385892024e-05,5.708271458912052e-05,0.007555310356902655,8.172561687133951e-05,0.009040222169357317,9.22481519160437e-05,0.009604590148259514,0.00010885899528598886,0.010433551422501778
2020-01-08,-0.0022925703434345,5.255878779595789e-06,3.339795920114839e-05,5.5147067050808095e-05,0.007426107126267981,7.664118654931691e-05,0.00875449521956103,8.37777735438988e-05,0.009153019913880817,9.912118829500105e-05,0.009955962449457161
2020-01-09,0.0157215247601045,0.0002471663407825,2.036045594644616e-05,5.215359575453533e-05,0.007221744647558187,7.021215247106867e-05,0.008379269208652307,8.07039182928311e-05,0.008983535957117948,9.146646073699429e-05,0.009563809948811942
2020-01-10,0.003342455210374,1.1172006833356447e-05,2.3037455951317815e-05,6.385436045621795e-05,0.00799089234417646,8.901472510806303e-05,0.009434761528945129,7.52105506623704e-05,0.008672401666341936,8.38019281081858e-05,0.009154339304842584
2020-01-13,0.0059179352344971,3.5021957439703355e-05,6.421683136042923e-06,6.069341923884625e-05,0.007790598131006775,8.16462210783812e-05,0.009035829850012738,6.856645691194482e-05,0.008280486514205843,7.705104488336821e-05,0.00877787245768405
2020-01-14,0.0026526987425187,7.036810618560614e-06,1.0174785234798113e-05,5.9153131530897604e-05,0.007691107302001293,7.76018589771493e-05,0.008809191732341242,6.305061925957937e-05,0.007940442006562316,7.110489963623506e-05,0.008432372123918338
2020-01-15,-0.0015381131440847,2.3657920440063784e-06,1.3877208712179414e-05,5.6026152276157363e-05,0.007485061942038781,7.123336786143527e-05,0.008439986247704156,5.773610015915808e-05,0.007598427479364272,6.586756370071393e-05,0.008115883420842978
2020-01-16,0.00098791814997,9.759822710402728e-07,1.2683172914919002e-05,5.280653066222829e-05,0.007266810212344085,6.518417580037574e-05,0.008073671766945678,5.554931713063359e-05,0.00745314142698457,6.16696855914754e-05,0.00785300487657275
2020-01-17,-0.0002550113176078,6.503077210811457e-08,9.69565886044175e-06,4.9696697758756996e-05,0.007049588481518407,5.974602337185983e-05,0.00772955518589911,5.0880958781221565e-05,0.0071330890069605584,5.755707286751489e-05,0.007586637784125118
2020-01-20,-0.010400087859252,0.0001081618274801,0.000108356495938,4.671879773955806e-05,0.006835115049474885,5.489137403985506e-05,0.0074088713067413355,4.705539827297134e-05,0.006859693744838128,5.394611490162906e-05,0.007344801896690547
2020-01-21,-0.0044846594550091,2.011217042740324e-05,1.1129818947555576e-05,5.040537952399423e-05,0.007099674606909406,6.1557555034037e-05,0.007845862287475927,6.41237226530389e-05,0.008007728932290285,6.97340988502102e-05,0.008350694513045619
2020-01-22,-0.0051859791637364,2.689437988670888e-05,4.5908842639506234e-05,4.858778697819873e-05,0.0069704940268390395,5.850264899043073e-05,0.007648702438350621,6.749812107298512e-05,0.008215724013925074,6.818939171232121e-05,0.008257686825759452
2020-01-23,0.0060483951593072,3.658308400313161e-05,2.2034678509242487e-05,4.728618255270929e-05,0.006876494932209962,5.6512218071039976e-05,0.007517460879249055,7.226636772402181e-05,0.008500962752772288,6.801894270523337e-05,0.008247359741470804
2020-01-24,0.0055591042118478,3.090363963818417e-05,3.6299331976363695e-05,4.6643996639734574e-05,0.006829641033007121,5.574759331671435e-05,0.007466431096361524,6.634347144195536e-05,0.008145150179214338,6.314946778299279e-05,0.007946663940484258
2020-01-27,-0.0106086006564749,0.0001125424078885,2.929157594055136e-05,4.5699575219641535e-05,0.006760146094548662,5.450432252559366e-05,0.007382704282686234,6.103264655392851e-05,0.007812339377800257,5.886045785565944e-05,0.007672056950757042
2020-01-28,-0.0052286132506335,2.7338396524700453e-05,4.767856385218144e-05,4.971014517977663e-05,0.007050542190482703,6.166102143188524e-05,0.00785245321105992,7.919010801152767e-05,0.008898882402387823,7.483131929462864e-05,0.008650509770795513
2020-01-29,0.0060946462552533,3.7144712976673505e-05,1.0601435396464856e-05,4.836784026047204e-05,0.006954699149529909,5.9323113658610085e-05,0.007702149937427218,8.342162992483652e-05,0.009133544214861858,7.394703504464197e-05,0.00859924619048914
2020-01-30,-0.0077549764050795,6.0139659043340945e-05,4.8233863582478e-05,4.7694452623444104e-05,0.0069061170438564174,5.826605335589029e-05,0.00763322037909887,7.619267577498978e-05,0.008728841605561977,6.837090280401e-05,0.0082686699537477
2020-01-31,-0.0061422398476357,3.772711034588389e-05,6.203588476879269e-05,4.844116500863784e-05,0.006959968750550382,5.9662792538937736e-05,0.0077241693753398325,8.690332617623242e-05,0.009322195351752311,7.401259761288531e-05,0.008603057457258164
2020-02-03,-0.0214794247492997,0.0004613656875608,4.8416219642939794e-05,4.77983217288726e-05,0.00691363303400409,5.862236071326952e-05,0.007656524062083885,9.300015742276841e-05,0.009643658922979826,7.504888896496767e-05,0.008663076183721788
2020-02-04,0.0229455485200191,0.0005264981968845,0.0001049724618913,7.261236367878997e-05,0.008521288850801266,0.00010049876329375986,0.010024907146390927,0.00014938951299497196,0.012222500275924397,0.00015030046281480373,0.0122597089204762
2020-02-05,0.009098978920125,8.279141738888072e-05,5.2292873827429835e-05,9.984551367113563e-05,0.00999227269799697,0.00014375181553478918,0.011989654521077293,0.00013695666483325072,0.011702848577728873,0.00013562263219570018,0.01164571303938493
2020-02-06,0.0040285357723643,1.622910046921931e-05,1.415698163108272e-05,9.882226789420024e-05,0.00994093898453261,0.00013681762735622487,0.011696906743076345,0.00012346503824921086,0.011111482270570874,0.00012269447006238207,0.011076753588591833
2020-02-07,-0.0032678768209591,1.067901891696192e-05,1.6025233654267795e-05,9.386667784870135e-05,0.009688481710190785,0.00012402197165211783,0.011136515238265416,0.00011083643784852188,0.010527888575043045,0.00011130740746838867,0.010550232578876575
2020-02-10,-0.0055408368875527,3.070087341446501e-05,3.162051654401419e-05,8.887541831279696e-05,0.009427376003575808,0.00011225519068535184,0.010595055010963928,0.00010753289965618997,0.010369807117598185,0.00010315165975667287,0.010156360556649851
2020-02-11,0.0063299538920958,4.006831627605899e-05,1.3158207928091288e-05,8.538494561889702e-05,0.009240397481650724,0.0001039722525417848,0.010196678505365597,0.00011068996354478538,0.010520929785184643,9.948149101227468e-05,0.00997404085675784
2020-02-12,0.0076761591804553,5.892341976368956e-05,1.856834410554344e-05,8.266594785832672e-05,0.009092081602049485,9.766430765549366e-05,0.009882525368320268,0.00010011962775012502,0.010005979599725608,9.086152794926689e-05,0.00953213134347544
2020-02-13,-0.0021783703582191,4.745297417568024e-06,1.7910832824278046e-05,8.124139617264842e-05,0.009013400921552775,9.404428480130669e-05,0.00969764326015897,9.11005590632929e-05,0.009544661285938486,8.326910623302818e-05,0.009125190750500955
2020-02-14,-0.0050395315698233,2.539687844324604e-05,5.889533907512085e-05,7.665163024734357e-05,0.00875509167555335,8.540192625236675e-05,0.009241316261895095,8.703034752390582e-05,0.009329005709286806,7.741442836345959e-05,0.00879854694614171
2020-02-17,-0.0056003863896707,3.136432771360941e-05,3.703833613132377e-05,7.35763451390977e-05,0.008577665483049435,7.991890757537514e-05,0.00893973755629186,9.029920406723712e-05,0.00950258933487274,7.588153329365575e-05,0.008711000705639724
2020-02-18,-0.0044345808537079,1.9665507348073332e-05,3.790250448701287e-05,7.104362409356837e-05,0.008428737989377079,7.571968521926772e-05,0.008701705879841476,9.479120868361815e-05,0.00973607768475674,7.557851665057805e-05,0.008693590549972896
2020-02-19,0.0110622386930189,0.0001223731249013,2.1164529931013845e-05,6.796093708883862e-05,0.008243842374089804,7.086049286160259e-05,0.00841786747707533,9.59581218713695e-05,0.009795821653713867,7.325874752130782e-05,0.00855913240470714
2020-02-20,-0.0037221711517002,1.3854558082549364e-05,1.5952719263551794e-05,7.122566835758778e-05,0.008439530102890076,7.697838679468654e-05,0.008773732774292053,8.798780576447254e-05,0.00938018154219163,6.776466248957829e-05,0.008231929451202694
2020-02-24,-0.0210335307220503,0.0004424094146354,0.0001007981065517,6.778340174108545e-05,0.008233067577828173,7.137593543166171e-05,0.008448427985824446,8.79193572769466e-05,0.009376532262886242,6.535665485752216e-05,0.008084346285106927
2020-02-25,-0.0026664085715663,7.109734670522696e-06,2.741421357811191e-05,9.026096251474638e-05,0.009500576956940373,0.00010975354290227677,0.010476332512013771,0.00014205513014325471,0.011918688272761173,0.00013843720064048547,0.01176593390430549
2020-02-26,-0.0101720381463894,0.0001034703600516,5.426497306895474e-05,8.527188884409292e-05,0.009234277927596337,9.939864068847735e-05,0.009969886693863544,0.0001337377050397647,0.011564501936519561,0.00012642112300406395,0.011243714822249094
2020-02-27,-0.0038778860778288,1.5038000432618856e-05,4.3332665836008966e-05,8.636379711654341e-05,0.009293212421791692,0.00010006243607684746,0.010003121316711473,0.00014961616251885968,0.012231768576900877,0.000132746490484235,0.01152156632078447
2020-02-28,-0.0378016423222764,0.0014289641622613,0.0001247185653373,8.20842493155079e-05,0.009060035834118312,9.17120879794678e-05,0.009576642834494132,0.00014409243742098495,0.012003850941301502,0.00012280000110497644,0.01108151619161279
2020-03-02,-0.0061788013630017,3.817758628343221e-05,0.000449905746796,0.0001628970440922566,0.01276311263337657,0.00022720586571921823,0.015073349518909797,0.00029034397036140395,0.017039482690545626,0.00036215065858376233,0.01903025639826648
2020-03-03,0.0152034864709549,0.0002311460008725,0.0001026045030123,0.00015541387662372708,0.012466510202287048,0.0002053992824938486,0.014331757829863321,0.0002773372779604848,0.016653446428907287,0.0003289185456801164,0.018136111647211385
2020-03-04,-0.0046376876143074,2.1508146407900585e-05,0.0002158462623787,0.000159957804078654,0.01264744259044705,0.00020579129633258218,0.014345427715219305,0.00024531806846510203,0.015662632871426885,0.0002929485744730875,0.017115740547025346
2020-03-05,0.0015985793812774,2.5554560382452515e-06,5.912880093116775e-05,0.00015165082461840874,0.01231465893228102,0.00018496114316693993,0.01360004202813138,0.00023148486403433663,0.015214626647878569,0.00026504058237923026,0.01628006702625116
2020-03-06,-0.0251198535301779,0.0006310070413775,0.0001302179195115,0.00014270510250359892,0.01194592409584118,0.00016480421696599105,0.01283760947240533,0.0002029632603400156,0.014246517481125539,0.000236685173771232,0.01538457583982191
2020-03-09,-0.0501949959864756,0.0025195376220823,0.0006807595012773,0.00017200321883603846,0.01311499976500337,0.00021062487496234546,0.014512920965896061,0.000282185160984073,0.016798367807143437,0.0003224370701893154,0.017956532799772773
2020-03-11,0.0006647771623133,4.419286755333841e-07,0.0001474875848439,0.0003128552830308144,0.017687715596730245,0.0004414958718783489,0.02101180315628216,0.0005342740252644091,0.023114368372603417,0.0007293605472410534,0.02700667597541492
2020-03-12,-0.0866689498179394,0.0075115068625445,0.0010720093446697,0.00029411048176949755,0.017149649610691688,0.00038925957854911403,0.01972966240332343,0.0004561135007926905,0.021356813919512677,0.0006456559499789333,0.025409760919358003
2020-03-13,0.0373584765423917,0.0013956557695684,0.0106535456055347,0.000727154264615998,0.026965798052644353,0.001102131220927686,0.03319836172053805,0.001124441245317174,0.033532689204970934,0.0018900258023558862,0.04347442699284128
2020-03-16,-0.0791741694511037,0.006268549108272,0.0007828721157909,0.000767264354913144,0.02769953708842702,0.0011087499013453443,0.03329789635015017,0.0009567374661871146,0.030931173048998877,0.0016679642852714487,0.040840718471538286
2020-03-17,-0.025364151715096,0.0006433401922264,0.0010250703157137,0.0010973414401146808,0.0331261443593226,0.001606709798009319,0.040083784726611324,0.0015615017983603798,0.03951584237189408,0.0025723595735203295,0.050718434257381505
2020-03-18,-0.0571679271151332,0.0032681718906411,0.0024385968201647,0.0010701013652413844,0.03271240384382328,0.001474667337644028,0.038401397600139865,0.0015243226671315883,0.039042575057641735,0.0023818519530363785,0.04880422064777163
2020-03-19,-0.0245465995477513,0.0006025355493576,0.002961545953826,0.0012019855967653724,0.03466966392634016,0.0016241353729544545,0.040300562935949844,0.001844513647166099,0.0429478014241253,0.0026746512739554734,0.05171703079214306
2020-03-20,0.0566913879444369,0.0032139134670666,0.0024647983020362,0.0011660185939209099,0.034147014421775,0.0014858070865007465,0.03854616824667202,0.0017590427520897197,0.04194094362421665,0.0024647897123015496,0.04964664855054719
2020-03-23,-0.139037564610512,0.0193314443728223,0.0019306877081905,0.001288892286309654,0.035901146030588686,0.0016284112653700564,0.040353578098726965,0.0014827628177589963,0.038506659394953964,0.002174213553449604,0.046628462911076154
2020-03-24,0.0247622921384646,0.0006131711119506,0.0016514975291645,0.0023714454115004134,0.04869748875969287,0.003381176013418531,0.0581478805582674,0.0031395012493459482,0.056031252434208076,0.0053104987433164825,0.07287316888482676
2020-03-25,0.0641454460311805,0.004114638246539,0.0024444876129128,0.0022659489535274287,0.04760198476458129,0.0030256681110520504,0.05500607340150768,0.0025588899278381127,0.050585471509496806,0.004680700285257559,0.06841564357117134
2020-03-26,0.0381666543961638,0.0014566935077962,0.0009789920946021,0.0023768703111081285,0.04875315693478863,0.0030679692307823475,0.05538925194279435,0.0021294889268633366,0.04614638584833417,0.004125976853808533,0.06423376723973562
2020-03-27,0.0021731751069639,4.722690045527719e-06,0.00124619468291,0.002321659702909413,0.048183604088002936,0.0028365628042325264,0.05325939169979813,0.0017681899455187502,0.042049850719339664,0.0036373791420031133,0.06031068845572162
2020-03-30,-0.0447678278737022,0.0020041584125294,0.0005622268013756,0.00218264348213758,0.046718770126551706,0.002487251530790725,0.04987235236872956,0.0014563768297273392,0.03816250554834338,0.003207024643828729,0.05663059812352973
2020-03-31,0.0375247784776983,0.0014081089998003,0.0005100816455198,0.0021719343779610907,0.04660401675779772,0.0023832740306361975,0.04881878768093486,0.0016359428369462667,0.04044679019336722,0.0031796541296342557,0.05638842194665724
2020-04-01,-0.0408268644244904,0.0016668328587357,0.0007780100754848,0.002126104855271445,0.04610970456716726,0.0022320111435149424,0.04724416517957474,0.0013717101170392738,0.037036605096029976,0.002803862669877164,0.052951512441828934
2020-04-03,-0.0208116418506999,0.0004331244365218,0.0004845532687355,0.002098548535479301,0.04580991743584899,0.0021256688050616704,0.04610497592518264,0.0015154720469313205,0.038929064295604644,0.00276535814989556,0.05258667274030141
2020-04-07,0.0840029521628222,0.0070564959720694,0.0010277820941876,0.001998623089541851,0.04470596257259037,0.001907931122974036,0.04367987091297359,0.0014399624505676604,0.03794683716158252,0.0025149561407273495,0.050149338387732986
2020-04-08,-0.0049541539879532,2.454364173635357e-05,0.0010416898263001,0.002302095462493504,0.0479801569661199,0.0023862021739854294,0.048848768397836084,0.0012399317185254198,0.035212664178181974,0.0022183999007501292,0.04709989278915749
2020-04-09,0.0406704613937413,0.0016540864299798,0.0002222324234672,0.002165442353248075,0.04653431371846022,0.002094835137751128,0.045769368990091264,0.0010698328464655172,0.03270829935147221,0.001961501444538223,0.04428884108371118
2020-04-13,-0.0130403274235616,0.0001700501393136,0.000177019899965,0.0021347609978519784,0.04620347387212328,0.0020042449593364172,0.04476879448160758,0.0009137340620207593,0.030228034372429168,0.001730919684735109,0.04160432290922554
2020-04-15,-0.0076510483286485,5.8538540527315846e-05,0.0006575134746777,0.0020168783463396815,0.044909668740035054,0.0017750195825048094,0.0421309812668161,0.0008582456699625013,0.029295830248731666,0.0015576642704394508,0.0394672556740325
2020-04-16,0.0075343167835424,5.6765929394769914e-05,0.0002427237544196,0.0018993779579909395,0.04358185354010244,0.0015630051306018825,0.03953485968865809,0.0007726551898022151,0.027796675876842092,0.0013854940233022732,0.03722222485696245
2020-04-17,0.0300084893471159,0.0009005094328959,0.0002302864518164,0.001788821236275169,0.042294458694670266,0.0013771473825527837,0.03710993643962199,0.0006550931352225526,0.025594787266600843,0.0012235751378417443,0.034979638903821525
2020-04-20,-0.0005289542483047,2.7979259679960036e-07,0.0001065785806954,0.001735522528072417,0.04165960307146981,0.0012995945639640032,0.03604988992998457,0.0005671690732202223,0.02381531173888392,0.0010809577677755235,0.032877922193708095
2020-04-21,-0.0307424095868608,0.0009450957472063,8.157285123896155e-05,0.0016314079639438797,0.04039069155070113,0.0011407516972323142,0.03377501587316154,0.00048587579982928107,0.022042590587979468,0.0009553901760904306,0.030909386536947487
2020-04-22,0.0226607133769272,0.0005135079307512,0.0003039179976325,0.0015902292309396256,0.03987767835443314,0.0010970664014462272,0.03312199271550894,0.0005977291666998893,0.024448500295516887,0.0010105842893954758,0.03178968841299763
2020-04-23,0.0136858755813272,0.0001873031904275,0.0001266356134972,0.001525625952928323,0.039059262063284333,0.0010152170790320581,0.03186247132650037,0.0005166941423259566,0.022730907204200113,0.000893356460031867,0.029889069239972445
2020-04-24,-0.0172732692247864,0.0002983658297119,0.0001027497001262,0.0014453265871782776,0.038017451087339844,0.0009105880552108031,0.03017595160406384,0.00044605120426124956,0.021119924343170587,0.0007901027556886564,0.02810876652734261
2020-04-27,0.0138746591837446,0.000192506167465,6.680009874733631e-05,0.001376508941730298,0.0371013334225375,0.0008301730571945354,0.02881272387669266,0.0004734678736078913,0.021759316937989836,0.0007515137244128797,0.02741375064475636
2020-04-28,0.010566409007242,0.0001116489993083,8.635759138273482e-05,0.0013054687752743841,0.036131271431744334,0.0007490550951350419,0.02736887091450873,0.0004100754503866968,0.020250319760109884,0.0006651683611430308,0.025790858092413885
2020-04-29,0.0182160885502695,0.0003318258820712,0.0001722244430193,0.0012338395887164205,0.03512605284851147,0.0006698467466651323,0.0258813976953551,0.00035599009312059043,0.018867699730507437,0.0005891157833693457,0.024271707467117876
2020-04-30,0.0315842287594642,0.0009975635063301,9.302648257720938e-05,0.0011797187663177108,0.034347034316192585,0.0006227153154182946,0.024954264473598387,0.0003128088198076717,0.01768640211596671,0.0005221290412185537,0.022850143133436904
2020-05-04,-0.0591608351265545,0.0035000044128713,0.0002900367179402,0.0011687894507184582,0.03418756280752488,0.0006486780513301928,0.025469158826513936,0.0002799752594301433,0.01673246124842796,0.00046312744318906794,0.021520395981232964
2020-05-05,-0.0095032789725698,9.031231123048736e-05,0.0002810031426376,0.0013086623484476327,0.03617543846932104,0.0009241628984400473,0.030400047671673924,0.0006114335200780524,0.024727181806223943,0.001025329286944512,0.03202076337229504
2020-05-06,0.0070685522845568,4.996443139951455e-05,0.0002246790992243,0.001235561346214604,0.03515055257338928,0.0008210482240099271,0.02865393906620741,0.0005742536949162029,0.023963591027143717,0.0009221915130738978,0.030367606311230685
2020-05-07,-0.007780307756411,6.053318878447034e-05,4.4033368974950674e-05,0.0011644255313256985,0.03412367992063134,0.0007266669700384138,0.026956761119214856,0.0004914821103361528,0.022169395804490316,0.0008155005307470766,0.02855696991536526
2020-05-08,0.0056855039177872,3.23249547991739e-05,8.682188264230395e-05,0.0010981919907732246,0.033138979929581786,0.0006450768920245621,0.02539836396354226,0.00046064006314238835,0.021462526951465624,0.0007321498107357187,0.027058266957359235
2020-05-11,-0.0013303775813467,1.769904508949898e-06,0.000200468965467,0.0010342399686147816,0.03215960149962654,0.0005707726269572812,0.023890848184132795,0.00039667434032653455,0.019916684973321604,0.0006481127197567334,0.02545805805156264
2020-05-12,-0.0046269304709594,2.140848558309313e-05,0.0001673079363934,0.0009722917647684317,0.031181593364811102,0.0005026121261164819,0.022419012603513158,0.0003475271813979408,0.01864208092992681,0.0005744038345171247,0.02396672348313646
2020-05-13,0.0201297429354734,0.0004052065506482,0.0002192116159358,0.0009152387680173112,0.030252913380653296,0.00044490179982201357,0.021092695413863386,0.0003204697206955743,0.017901668098129132,0.0005129275240733039,0.022647903304131797
2020-05-14,-0.0259969199371075,0.0006758398462163,0.0001109320110098,0.000884636834975167,0.029742845105590807,0.00043312375481650004,0.020811625472713563,0.00028329009930364057,0.016831223939560682,0.00045502279143564924,0.021331263240503346
2020-05-15,-0.000645571123658,4.167620757010809e-07,7.608177585613557e-05,0.0008721090156496395,0.029531491930643115,0.00045014276598131386,0.02121656819519391,0.00036833847827406565,0.019192146265440604,0.0005226149110539359,0.02286077231971693
2020-05-18,-0.0349253614900618,0.0012197808752114,0.0005525890785374,0.0008198074804352032,0.028632280391809577,0.0003968298420699822,0.01992058839668101,0.00032064788753848376,0.01790664367039462,0.00046362852710298236,0.02153203490390498
2020-05-19,0.0063098736505969,3.981450548649828e-05,0.0001382025662695,0.0008438058841217806,0.029048337028507856,0.0004732953348758251,0.021755351867433104,0.0004616240334923604,0.021485437707721024,0.0006256439243871979,0.025012875172342703
2020-05-20,0.0208916388393265,0.0004364605733928,0.0002132392599791,0.0007955664014036634,0.028205786665215764,0.0004210856562945489,0.02052037173870271,0.00039769828665777243,0.019942374147973767,0.0005543028509015156,0.023543637163818076
2020-05-21,0.0043691955994809,1.908987018652339e-05,6.505965022946946e-05,0.0007740200517230149,0.02782121585630317,0.00041542263792457816,0.02038191938764792,0.0003487935102262693,0.018676014302475497,0.000491465978913601,0.02216903197962421
2020-05-22,-0.0073847846008156,5.453504360044337e-05,0.0001440694501842,0.0007287242408308254,0.02699489286570379,0.0003683085224279467,0.01919136583018381,0.00030273391142376075,0.017399250312118645,0.000436119566392273,0.020883475917391554
2020-05-26,-0.0011290709703029,1.2748012559808676e-06,0.0001191285684992,0.0006882728889970024,0.02623495547922661,0.0003306267382259502,0.01818314434375832,0.0002934903847447436,0.01713156107144774,0.0003969403584531582,0.019923362127240427
2020-05-27,0.0311735219299972,0.00097178846952,0.0004665755726174,0.000647053003732541,0.025437236558489233,0.0002922463644044858,0.017095214663890176,0.0002594239332947241,0.01610664252085841,0.0003530855559667904,0.018790570932432853
2020-05-28,0.0186284514925432,0.00034701920501,0.0001240265812263,0.0006665371316797896,0.025817380418620896,0.0003566555818973416,0.018885327158864408,0.0002341320634150776,0.0153013745596622,0.0003142347601074584,0.017726668048662117
2020-05-29,0.009459777532853,8.94873909710722e-05,0.0001973892479464,0.0006473660560796043,0.02544338924120771,0.00034996225636004164,0.01870727816546388,0.0002092895559720803,0.014466843331289668,0.0002800151672621684,0.01673365373318596
2020-06-01,0.0253383526597206,0.0006420321155083,0.0001888009516826,0.0006138933361730923,0.024776870992381024,0.0003180895802558423,0.01783506602891737,0.00018585840679133774,0.01363298964979207,0.00024987471561225026,0.015807425964155273
2020-06-02,0.015445627746472,0.0002385674164825,0.0001080898092698,0.0006155816629332089,0.024810918220275705,0.00034598316957860697,0.01860062282770679,0.0001692111057241141,0.013008116916914381,0.00022332715179479735,0.014944134360838615
2020-06-03,0.0082283421862785,6.770561513449075e-05,6.986547395835905e-05,0.0005929608081461714,0.024350786602205923,0.0003296618799948881,0.018156593292655097,0.00015267067795711285,0.012355997651226422,0.00019994418615029114,0.014140162168458011
2020-06-04,-0.0032303807470656,1.0435359771012724e-05,0.0001155569335416,0.0005614454965654705,0.02369484113821974,0.00029811088542955626,0.017265887913152807,0.0001369087799403948,0.011700802534031364,0.00017934858325632702,0.013392108992101543
2020-06-05,0.0112092175696585,0.0001256465585239,6.62894903074017e-05,0.0005283848883578029,0.02298662411833897,0.00026469474246472,0.016269441983814935,0.00013080744328167033,0.01143710816953614,0.00016303924127824125,0.01276868204938322
2020-06-08,0.0024914146063167,6.207146740568678e-06,0.0001496377115692,0.0005042205885677711,0.022454856681078397,0.0002470658009094795,0.015718326911903807,0.00011850943227806053,0.010886203758797671,0.00014684288655659948,0.01211787467159978
2020-06-09,-0.0119521758820678,0.0001428545083158,0.0002543648215694,0.0004743397820581389,0.02177934301254606,0.00021956325997378966,0.014817667156937683,0.000106268280658807,0.010308650768107677,0.00013257721575808605,0.011514217982915124
2020-06-10,0.0068939108220717,4.752600642267852e-05,4.433669667532341e-05,0.00045445066563360353,0.021317848522625436,0.0002092784097097836,0.014466458091384483,0.00012876050253854515,0.011347268505616017,0.00014507975812694636,0.012044905899464154
2020-06-11,-0.0213964383678064,0.0004578075748273,0.0001859214699351,0.0004300351860809479,0.020737289747721325,0.00019064290873499153,0.013807349808525587,0.00011594446556342155,0.010767751184134111,0.00013102426077784304,0.011446582930195503
2020-06-12,0.0071346965257769,5.090389451493369e-05,0.0007711928087503,0.0004317015294057313,0.020777428363628916,0.00021576078277959904,0.0146887978670686,0.00017379345953687139,0.013183074737589536,0.00019897893236432983,0.014105989237353395
2020-06-15,-0.016092064938005,0.0002589545539689,0.0001756037593721,0.0004088536713122834,0.020220130348548287,0.00019666123022715084,0.014023595481443083,0.00015489843484787008,0.012445819974910054,0.00017849839239616954,0.013360329052690639
2020-06-16,0.0101685110713787,0.0001033986174087,0.0003723320452031,0.0003998597242716846,0.01999649279928069,0.00020094732654989792,0.014175589107684305,0.0001921163569852486,0.013860604495664992,0.00020589979220190374,0.01434920876570913
2020-06-17,-0.0033189583187083,1.1015484321323512e-05,0.0001057062460071,0.0003820720578599086,0.019546663599190238,0.00018898983210595036,0.013747357277162413,0.00017129206665701584,0.013087859513954749,0.00018459425222284136,0.013586546736490526
2020-06-18,0.0210794466700883,0.0004443430719171,0.0002566388407483,0.00035980866344759345,0.018968623129990047,0.00016918694024895084,0.013007188022357133,0.00016160301983032666,0.012712317641969409,0.00016776139959526296,0.012952273916006523
2020-06-19,0.0150228650029494,0.0002256864728968,0.0001390780103444,0.00036488072795576364,0.019101851427434032,0.00019561008619638828,0.01398606757442521,0.00014723002796629203,0.01213383813829293,0.00015100214074086762,0.012288292832646349
2020-06-22,0.0064994490975027,4.224283857102889e-05,4.5472237300933855e-05,0.0003565290726522283,0.018881977456088342,0.00019666666820431156,0.014023789366797818,0.0001335188678252856,0.0115550364700976,0.00013624066670558867,0.01167221772867473
2020-06-23,0.0153788292551106,0.0002365083892578,0.0001117640330099,0.00033767189860735633,0.01837585096280867,0.00017906415509611083,0.013381485533979807,0.00012000151638077033,0.010954520362880811,0.0001232388318641568,0.011101298656650799
2020-06-24,-0.0159512242577638,0.0002544415553214,0.0002444625797392,0.0003316020880463857,0.018209944756818613,0.00018326903433666896,0.013537689401691448,0.0001098235238061444,0.010479671932181103,0.00011178687871343591,0.01057293141533775
2020-06-25,-0.0015926248529521,2.5364539222408023e-06,9.556408345484036e-05,0.0003269724560828909,0.01808237971293853,0.0001887628512729003,0.013739099361781335,0.00014609508291400715,0.0120869798921818,0.00014634868673087285,0.012097466128527612
2020-06-26,0.0091041711267076,8.28859319043776e-05,3.2666746819264906e-05,0.00030750629595325185,0.017535857434218944,0.00016813177017501891,0.01296656354532761,0.00013417456768113502,0.011583374624052139,0.0001325870161910336,0.01151464355466697
2020-06-29,-0.0068227607980759,4.655006490776147e-05,4.4621954644214535e-05,0.0002940290741103193,0.017147275996796673,0.00015817873019419672,0.012576912585932874,0.00012105032460001519,0.011002287244024089,0.00012002071418788433,0.010955396578302601
2020-06-30,-0.0009993724909477,9.98745375663141e-07,6.037220621933665e-05,0.00027918033355816576,0.016708690360353374,0.00014579209304311748,0.012074439657521068,0.00012696189425518843,0.011267736873711085,0.00011712084053636375,0.010822238240602714
2020-07-01,0.0123433241068104,0.0001523576500057,7.28759001444369e-05,0.00026248943826721557,0.01620152580059099,0.00013034338929769057,0.011416802936798488,0.00011579393836226449,0.010760759190794323,0.00010657343838740966,0.010323441208599468
2020-07-02,0.0115959587525375,0.0001344662593905,4.1186272880098714e-05,0.00025588153097152864,0.01599629741444965,0.00013210095749747005,0.011493518064433973,0.0001056068130769962,0.010276517555913394,9.710808085217269e-05,0.009854343248140522
2020-07-03,0.0052601173388212,2.7668834418167716e-05,1.5136568387022362e-05,0.00024859661467667,0.015766946904098775,0.0001318331717184732,0.011481862728602585,9.655300396340771e-05,0.009826138812545225,8.87710397782033e-05,0.00942183845001618
2020-07-06,0.014627632603289,0.0002139676355768,4.218992887773296e-05,0.00023534094786115982,0.01534082617922385,0.00012081208450655665,0.01099145506775862,8.759200814940845e-05,0.009359060217212434,8.142781437589428e-05,0.009023736165020245
2020-07-07,0.0033390095340367,1.1148984668388089e-05,4.80514729188448e-05,0.00023405854912409842,0.01529897215907325,0.0001299762229962449,0.011400711512719059,8.115865058495377e-05,0.009008809609762755,7.495993701255268e-05,0.008657940691212472
2020-07-08,-0.0087327820609896,7.626148252474223e-05,9.137860589264864e-05,0.00022068397525675578,0.014855435882422158,0.00011751729115925038,0.01084053924670034,7.379947540630632e-05,0.008590662105234168,6.926306195078064e-05,0.008322443268102261
2020-07-09,0.0100097674252966,0.0001001954439085,3.344234714767081e-05,0.00021201862569283493,0.014560859373431052,0.00011318234437616244,0.010638719113509974,8.711176599378171e-05,0.009333368416267607,7.762741578629491e-05,0.00881064218921044
2020-07-10,-0.0042073495908376,1.770179057952149e-05,3.522760837940302e-05,0.00020530923478577658,0.014328615941038288,0.00011180320612456348,0.010573703519796812,8.003010354036055e-05,0.00894595459078351,7.161256433793265e-05,0.00846242071383435
2020-07-13,0.0032127228240942,1.0321587944456062e-05,5.8617147125727066e-05,0.00019405278813340127,0.013930283131846289,0.00010226350160998903,0.010112541797688107,8.174653584063497e-05,0.009041379089532469,6.942096886628375e-05,0.008331924679585368
2020-07-14,-0.0182490007348894,0.0003330260278219,0.0001179428518564,0.0001830289161220645,0.01352881798687766,9.316338562596497e-05,0.009652118193741982,7.429770322428072e-05,0.008619611547180111,6.438436563442638e-05,0.00802398689146651
2020-07-15,0.0010224080867197,1.0453182957899295e-06,0.0001963419577268,0.00019202874282406028,0.013857443589062893,0.00011778688003026216,0.010852966416158403,0.00011676507251989825,0.010805788843018275,0.00011838654783397469,0.010880558250107147
2020-07-16,0.0114009234448232,0.0001299810553947,8.112510350354404e-05,0.00018056973735236403,0.013437623947423295,0.00010582159562425355,0.010286962409975724,0.00010450279780517928,0.010222660994338963,0.00010751301043373067,0.010368848076509302
2020-07-17,0.0149483065306169,0.0002234518681332,0.0001036675095624,0.00017753441643490533,0.013324204157656297,0.00010836513910319798,0.010409857784965075,9.555185730762895e-05,0.009775063033435076,9.793565135927384e-05,0.009896244305759324
2020-07-20,0.0109926802508403,0.0001208390190972,2.1503651277745056e-05,0.00018028946353680804,0.013427191200575348,0.00012003330592487986,0.010955971245164889,8.824837126082475e-05,0.00939406042458876,8.949995987533027e-05,0.009460441843557323
2020-07-21,0.0126261109917779,0.0001594186787766,1.276063733558669e-05,0.00017672243687043241,0.013293699141714936,0.00011988816968202506,0.01094934562802842,8.118260506478609e-05,0.009010139014731465,8.206984366983436e-05,0.009059240788820791
2020-07-22,-0.0026598437419676,7.074768731684408e-06,9.567181563358996e-05,0.00017568421138480816,0.01325459208669992,0.0001236576164372438,0.01112014462303633,7.517816588462437e-05,0.008670534348275449,7.552543330348945e-05,0.008690536997417907
2020-07-23,0.0074146036213252,5.497634686137022e-05,5.3965956864306074e-05,0.0001655676448256207,0.012867309152484862,0.00011157206436533036,0.01056276783638315,7.37301680953245e-05,0.008586627282893122,7.100260731746071e-05,0.00842630448758296
2020-07-24,-0.0019009541040186,3.613626505585245e-06,5.287843335517726e-05,0.0001589321669477656,0.012606830170497484,0.00010582581042281956,0.010287167269118333,6.782826021008716e-05,0.00823579141370683,6.577746512319647e-05,0.008110330765338519
2020-07-27,-0.0055854955772852,3.1197760843873364e-05,5.4509161237762314e-05,0.00014961305452123474,0.01223164153011503,9.560569047864242e-05,0.009777816242834718,6.542328194614364e-05,0.008088465982257924,6.180929340980088e-05,0.007861888666840868
2020-07-28,0.0150455200834502,0.0002263676745815,7.907891054017754e-05,0.000142508136900593,0.011937677198709681,8.944108424443829e-05,0.009457329657172699,7.120213323218128e-05,0.008438135649074462,6.315452726758459e-05,0.007946982274271448
2020-07-29,-0.0086832044688866,7.539803984849279e-05,0.0001047590715627,0.0001475397091614476,0.012146592491783348,0.00010375443206102464,0.010185991952727267,6.664659936519446e-05,0.008163736850560193,5.886491423099855e-05,0.007672347374239422
2020-07-30,-0.0090293569074517,8.15292861621465e-05,0.0001330968682221,0.00014321120900267028,0.01196708857670362,0.00010104185446285263,0.010051957742790836,7.988489692906314e-05,0.008937835136601208,6.831726333243464e-05,0.00826542578046858
2020-07-31,-0.002588449519166,6.7000709132708924e-06,4.4922755521355514e-05,0.0001395102936322388,0.011811447567179851,9.928548164520356e-05,0.009964210036184683,9.391471114453067e-05,0.00969096027979326,7.771873915918723e-05,0.008815823226403036
2020-08-03,-0.0165585548501213,0.0002741857387244,9.262853364604927e-05,0.0001315416802691007,0.011469162143291056,9.018951144059349e-05,0.009496815857991218,9.054755389230928e-05,0.009515647844067648,7.286870965487826e-05,0.008536317101354557
2020-08-04,0.0185252747319563,0.0003431858038944,0.0001240084948055,0.0001401003237764232,0.011836398260299592,0.00010923952775504125,0.010451771512764774,0.00012823282223219,0.01132399321053267,0.0001155344013739019,0.010748693007705723
2020-08-05,0.0005766923029565,3.3257401228934525e-07,7.583455904194268e-05,0.00015228545258350534,0.012340399206812774,0.00013289223641110143,0.011527889503768738,0.00011760265726721823,0.010844475887161087,0.00010500085365568864,0.010246992420007376
2020-08-06,0.0088334248392406,7.802939439051441e-05,4.828858806880434e-05,0.00014316827986923236,0.011965294809123273,0.0001189786269710161,0.010907732439467705,0.00010515257431717726,0.010254392927773796,9.572295583245506e-05,0.009783810905391368
2020-08-07,0.0012402330418245,1.538177998033388e-06,2.3266748824193104e-05,0.00013925994674050918,0.011800845170601518,0.00011464071737103458,0.01070704055147988,9.569748932954002e-05,0.00978250935749821,8.755102836773789e-05,0.009356870650369059
2020-08-10,0.004990233307851,2.490242846678588e-05,2.791321599591114e-05,0.00013099664061596062,0.011445376385945576,0.00010311601788941068,0.01015460574761082,8.621429970597953e-05,0.00928516557235139,8.035323423366452e-05,0.00896399655475528
2020-08-11,0.0046342241532836,2.14760335028779e-05,1.5555699736851028e-05,0.0001246309878870101,0.011163824966695336,9.53826734398722e-05,0.0097664053489435,7.848448435473617e-05,0.008859146931546862,7.401345202216961e-05,0.008603107114419162
2020-08-12,-0.0012460495124746,1.552639387538295e-06,1.784064236550196e-05,0.00011844169062396213,0.010883091960649884,8.826387291350017e-05,0.009394885465693564,7.163307654692411e-05,0.008463632585770965,6.842940255567258e-05,0.008272206631587039
2020-08-13,-0.0007032817179241,4.946051747662914e-07,2.249179146677997e-05,0.00011142834754977668,0.010555962653864246,8.00170789122391e-05,0.008945226599267293,6.749458696891243e-05,0.008215508929391558,6.378345128373602e-05,0.007986454237252976
2020-08-14,-0.0108591854891072,0.0001179219094868,0.0001853984835966,0.00010477232300727606,0.01023583523740374,7.268781283876517e-05,0.00852571479928605,6.269631119696847e-05,0.007918100226504365,5.950565926849878e-05,0.007713991137439736
2020-08-17,0.0061269031823474,3.7538942605859894e-05,4.317334177981152e-05,0.00010556129819604968,0.010274302808271211,7.812914929555298e-05,0.008839069481317192,8.156878801084262e-05,0.00903154405463665,7.634358820890106e-05,0.008737481800204281
2020-08-18,0.0122171240273108,0.0001492581194986,6.20309958458863e-05,0.00010147995686063822,0.010073726066388653,7.477588237557311e-05,0.008647304919775474,7.456572678109404e-05,0.008635144861616048,7.04817752238667e-05,0.008395342472101225
2020-08-19,0.0020225534725844,4.090722549463514e-06,1.2122919411515485e-05,0.00010434664661892162,0.01021502063722446,8.312281024187181e-05,0.009117171175417944,6.924521258267548e-05,0.008321370835545997,6.531871874051178e-05,0.008081999674617153
2020-08-20,-0.0084681538079335,7.170962891481865e-05,1.443544625297734e-05,9.833129117475411e-05,0.00991621355027987,7.577096913198304e-05,0.00870465215456557,6.312718423470775e-05,0.007945261747400633,6.077112359190362e-05,0.007795583595338044
2020-08-21,0.0052371781043135,2.7428034496300943e-05,8.811623786854111e-06,9.673399143915798e-05,0.009835343991907858,7.616187490651093e-05,0.008727077111296251,7.583384983314444e-05,0.008708263307522598,6.934901213440787e-05,0.00832760542619593
2020-08-24,0.0083064125099262,6.899648878505951e-05,2.0617688349964156e-05,9.257563402258655e-05,0.009621623252995648,7.203177225766354e-05,0.008487153365979876,6.938186894927028e-05,0.008329577957452003,6.432098649400734e-05,0.008020036564380946
2020-08-25,0.0005056785922225,2.557108386321861e-07,2.8808541581857705e-05,9.116088530833486e-05,0.009547820971736686,7.261312098364081e-05,0.008521333286736344,6.409698729164624e-05,0.008006059410949075,5.989232586343366e-05,0.007739013235770672
2020-08-26,0.0067196947024521,4.515429689416379e-05,2.7162385878122924e-05,8.57065748401527e-05,0.009257784553561002,6.617942183186045e-05,0.008135073560322639,5.838469549483182e-05,0.007640987861188619,5.599158302732695e-05,0.007482752369771898
2020-08-27,0.0008352117348219,6.975786419843212e-07,1.5846534223083417e-05,8.32734381633933e-05,0.00912542810849953,6.507966332433068e-05,0.008067196745111072,5.4107291027320246e-05,0.007355765835541548,5.2555827631101525e-05,0.007249539822023293
2020-08-28,0.0076141344216117,5.79750429903728e-05,2.487607184155387e-05,7.831888659210875e-05,0.008849795850306872,5.9626374260241086e-05,0.007721811591863731,4.9582947359421956e-05,0.007041515984461156,4.952963091718981e-05,0.0070377291022878825
2020-08-31,-0.0225838540823065,0.0005100304652109,0.0005923092180951,7.709825597600455e-05,0.008780561256320952,6.0635512126403105e-05,0.007786880770013311,4.6343458084806605e-05,0.0068076029617484745,4.6864171510069693e-05,0.0068457411220458585
2020-09-01,0.0072404643072113,5.2424323384001304e-05,9.567549415641373e-05,0.00010307418853009901,0.010152545913715387,0.00010717700158390675,0.010352632591950066,0.00010097279380160746,0.010048521970996902,0.00013401504786272853,0.011576486853217972
2020-09-02,0.0056291647324288,3.1687495584821265e-05,4.222572980422417e-05,0.00010003519662133312,0.010001759676243631,0.00010171893291854666,0.010085580445296475,9.17776043287716e-05,0.009580062856201497,0.00012127851756701609,0.01101265261265496
2020-09-03,-0.000654727047062,4.286675061545625e-07,1.616549056227741e-05,9.593433455914233e-05,0.009794607422410678,9.484442313561418e-05,0.009738810149890703,8.34649034194774e-05,0.00913591283996719,0.00011006024336881788,0.010490960078506537
2020-09-04,-0.0169373758997622,0.0002868747023698,6.135794676037195e-05,9.020399453596305e-05,0.009497578351135781,8.566669340339322e-05,0.00925563036229263,7.675527979703556e-05,0.008761009062718492,0.00010025446306226253,0.010012715069463553
2020-09-07,0.0018687730149809,3.492312581520859e-06,4.7196622206332735e-05,0.000102004237005996,0.010099714699237598,0.00010656010759694363,0.010322795532070933,0.00011487712812294706,0.01071807483286747,0.00014188226121679726,0.011911434053748409
2020-09-08,-0.0033256497797895,1.1059946457814474e-05,6.019031136640236e-05,9.609352154052747e-05,0.009802730310506736,9.623652293787282e-05,0.009810021556442821,0.00010300900933350676,0.01014933541339071,0.00012820792098452177,0.011322893666573124
2020-09-09,-0.0034829865290936,1.2131195161847852e-05,3.6443375725645824e-05,9.099150703556465e-05,0.009538946851490716,8.795963280695781e-05,0.00937867969422977,0.00010061187591946787,0.010030547139586548,0.0001181043942176117,0.010867584562248029
2020-09-10,0.0150703002864904,0.0002271139507249,5.186287346564956e-05,8.625988832314162e-05,0.009287620164667675,8.081906711871178e-05,0.008989942553693644,9.88426883620794e-05,0.009941966020967854,0.00010939323625130437,0.010459122154908813
2020-09-11,0.0013267344350831,1.7602242612355155e-06,1.4885021173134024e-05,9.471113206725269e-05,0.009731964450574853,9.627878761366633e-05,0.00981217547813258,9.117250458262972e-05,0.00954842943015393,9.959174515577824e-05,0.009979566381149947
2020-09-14,-0.0021306206077892,4.5395441743361e-06,9.408561749413764e-05,8.913407759889164e-05,0.009441084556283333,8.705737338668716e-05,0.009330454082556066,8.227599168077472e-05,0.00907061142816595,9.095863926373085e-05,0.00953722387614608
2020-09-15,0.007120536611649,5.0702041637834304e-05,2.3989893940555315e-05,8.40584055934183e-05,0.009168337122587623,7.926212487109216e-05,0.008902927881943792,7.897978447248336e-05,0.008887057132284194,8.415122685869282e-05,0.009173397781557978
2020-09-16,0.0071563696439827,5.121362648131716e-05,2.7687955769775472e-05,8.205702375608323e-05,0.009058533201136,7.709759953201118e-05,0.00878052387571557,7.242668369042551e-05,0.008510386812033017,7.735870553223097e-05,0.00879537978328571
2020-09-17,-0.0076512233913988,5.854121938508857e-05,2.1298149085352392e-05,8.020641991959726e-05,0.008955803700372026,7.525361460122593e-05,0.008674884126097935,6.66384750426856e-05,0.008163239249384132,7.137588564614121e-05,0.008448425039386998
2020-09-18,-0.0009686278452831,9.382399026579096e-07,5.180214201100663e-05,7.890650788752672e-05,0.008882933518130524,7.437877201166437e-05,0.008624312842868373,7.729145889304446e-05,0.00879155611328532,7.637888259996369e-05,0.008739501278675099
2020-09-21,-0.0223603955336918,0.0004999872884231,0.0002796133701313,7.422841180843458e-05,0.00861559120481204,6.779468509074261e-05,0.00823375279509548,7.196138569400803e-05,0.008483005699279473,7.067750184569175e-05,0.008406991248103674
2020-09-22,-0.0086501653643637,7.482536083083814e-05,0.0001362489850312,9.977394440531718e-05,0.009988690825394346,0.00011243252242136781,0.010603420317113144,0.00012956651731816217,0.01138272890471183,0.0001532273676661422,0.012378504258033043
2020-09-23,-0.0019564998051874,3.827891487698411e-06,0.0001606609106153,9.827702939084839e-05,0.009913477159445539,0.00010858414026233681,0.010420371407120613,0.00014064023031126952,0.011859183374552799,0.00015133076331392393,0.012301656933678646
2020-09-24,-0.0297504608662972,0.000885089921757,0.0001537527095607,9.261008111665939e-05,0.009623413173955455,9.804303046974138e-05,0.009901668065015176,0.00013043640981223436,0.011420876052748071,0.0001372018226652079,0.011713318174847292
2020-09-25,0.0223931791940379,0.0005014544744162,0.0001422797821315,0.00014015887155508473,0.011838871211187523,0.00017781897385182383,0.013334878096624049,0.0002288061622903279,0.015126340016353192,0.00027939831006589346,0.016715211936014853
2020-09-28,0.0159175097829387,0.0002533671176899,5.6259911208393697e-05,0.00016183660772675716,0.012721501787397475,0.00020893814198266248,0.014454692732212003,0.00020562516213511607,0.014339636053091308,0.0002493313907936544,0.015790230865749065
2020-09-29,-0.0004587461538228,2.1044803364724635e-07,4.415572396082819e-05,0.00016732843832454868,0.012935549401728119,0.0002111349083294559,0.014530482040505603,0.00018418138466512303,0.013571344246798952,0.00022284859391450202,0.014928114211597593
2020-09-30,0.0022384940193966,5.010855474874381e-06,3.508058894380802e-05,0.0001573013589070946,0.012541983850535553,0.00018748991673710145,0.01369269574397611,0.00016374231425947113,0.012796183581813413,0.00019955960346308932,0.014126556673977183
2020-10-01,0.0149488005669281,0.0002234666383897,1.8496202145595612e-05,0.00014816392870116137,0.012172260624105999,0.00016726687051670335,0.012933169391788827,0.00014525986017203927,0.012052379855117382,0.00017900984468622515,0.013379456068399236
2020-10-05,0.0075391529809943,5.6838827670836456e-05,4.3012837855166195e-05,0.0001526820912824791,0.012356459496250497,0.00017161994976352618,0.01310037975646226,0.00013179110948444175,0.011480030900848731,0.00016090971669078188,0.012685019380780696
2020-10-06,0.013731761801546,0.0001885612821744,3.592969977892898e-05,0.00014693149546578046,0.012121530244394907,0.000158602855965398,0.01259376258174649,0.0001186930091403848,0.01089463212505979,0.00014496721161185203,0.01204023303810404
2020-10-07,0.0065337954785306,4.2690483355267635e-05,4.713011931511115e-05,0.0001494292826682975,0.012224127071832062,0.0001605067014656435,0.012669123942311225,0.00010838679558880838,0.01041089792423345,0.00013092513035664084,0.011442251979249576
2020-10-08,0.0081235907124039,6.599272606265611e-05,3.371232850038234e-05,0.00014302495470951566,0.011959304106406679,0.0001474410727393572,0.012142531562213755,9.814384500441651e-05,0.009906757542426104,0.00011855693319277285,0.010888385242669036
2020-10-09,0.0067035711010205,4.493786550643787e-05,4.553979574593201e-05,0.00013840302099070402,0.011764481331138403,0.0001383519454100865,0.011762310377221242,8.944021063672182e-05,0.009457283470253063,0.00010766308503446434,0.01037608235484204
2020-10-12,0.0014048980594053,1.9737385573209186e-06,6.0618041634335256e-05,0.000132795111661648,0.01152367613488196,0.00012826529374666726,0.011325426868187674,8.157746129224418e-05,0.009032024207908445,9.80678363382131e-05,0.009902920596380297
2020-10-13,0.0002974848313881,8.849722490606208e-08,2.495244788527198e-05,0.00012494582927538835,0.011177917036522876,0.00011509218591128341,0.010728102624009682,7.388722466622514e-05,0.008595767834593088,8.961638775797875e-05,0.009466593249843301
2020-10-14,0.0030578533826602,9.350467309846444e-06,7.792083615144692e-05,0.00011745438935235941,0.010837637627839354,0.00010336498839511065,0.010166857350976784,6.697952840089447e-05,0.008184102174392404,8.21723927813831e-05,0.009064898939391608
2020-10-15,-0.0245833094439902,0.0006043391032189,0.0003410307837595,0.00011096815402980863,0.010534142301573898,9.402996593370851e-05,0.009696904966725647,6.126450366318245e-05,0.007827164471453405,7.561575805980042e-05,0.008695732175027036
2020-10-16,0.0070043614485633,4.906107930212096e-05,3.896058004514828e-05,0.0001405704109811588,0.011856239327086763,0.0001459485006562598,0.012080914727629684,0.0001264107168367683,0.01124325205786868,0.00017588829998341787,0.01326228864048049
2020-10-19,0.0093588387501093,8.758786275054843e-05,1.554213175028222e-05,0.00013507985108041645,0.011622385774031787,0.00013533467543966912,0.011633343261490616,0.00011392317257055183,0.0106734798716516,0.00015816027522994898,0.012576178880325653
2020-10-20,0.0019983305148122,3.993324846429822e-06,3.1985704158223104e-05,0.00013223033178062432,0.011499144828230676,0.00012993047882683837,0.011398705138165403,0.00010345640100053656,0.010171351975058997,0.00014254551689044486,0.011939242726841801
2020-10-21,0.0034278639199247,1.175025105352197e-05,0.0001503528303646,0.00012453611136457264,0.011159574873827974,0.00011675450586443336,0.010805299897015046,9.309919575823725e-05,0.009648792450780421,0.0001287921133695369,0.01134866130297036
2020-10-22,-0.0034572511936285,1.195258581584592e-05,3.443819899845994e-05,0.00011776895974590955,0.010852140790918147,0.0001059986602946555,0.010295565078938381,8.428322202009117e-05,0.009180589415723327,0.0001166781821604599,0.010801767547973799
2020-10-23,0.002845488039808,8.096802184690425e-06,1.0950584101174107e-05,0.00011141997731010573,0.01055556617667218,9.659930634861621e-05,0.009828494612534322,8.388461306271532e-05,0.00915885435317733,0.00010810569375228635,0.010397388794898764
2020-10-26,-0.0137228017193982,0.0001883152870299,0.0001377711891875,0.00010522058680258081,0.010257708652646594,8.79780741907996e-05,0.009379662797286456,7.612124771447014e-05,0.008724749149085614,9.845768395208633e-05,0.009922584539931435
2020-10-27,0.0102845406889033,0.0001057717771817,8.013579586051024e-05,0.00011020626881622105,0.010497917356134076,9.862985226201937e-05,0.009931256328482282,0.00010375354982806571,0.010185948646447502,0.00012300475941681705,0.011090751075414913
2020-10-28,-0.0135317515260312,0.0001831082993622,0.0001547374328935,0.00010994019931815024,0.010485237208482706,9.962158768895031e-05,0.009981061451015634,9.471049490954375e-05,0.00973193171521172,0.00011158070883161337,0.010563177023585914
2020-10-29,-0.0050255491286022,2.525614404399449e-05,5.017156054770637e-05,0.00011433028532079608,0.010692534092571138,0.00010830113983150868,0.010406783356614506,0.0001222935396467974,0.011058640949357086,0.00013364974975880052,0.01156069849787635
2020-10-30,-0.0024363388871728,5.9357471731508715e-06,0.0001213010397174,0.00010898583684418797,0.010439628194729348,9.995944194194598e-05,0.00999797189143608,0.00012281459471085254,0.011082174638167932,0.0001253886363681379,0.011197706745943024
2020-11-02,0.0022950006194009,5.267027843050744e-06,7.533903157112984e-05,0.0001028028314639257,0.010139173115393864,9.070255772910964e-05,0.009523789042660996,0.00011601741437233837,0.0107711380258698,0.00011472200302355247,0.010710835776145225
2020-11-03,0.0122943045330826,0.0001511499239521,3.3131411500454146e-05,9.695068324667319e-05,0.00984635380466664,8.252799242260777e-05,0.009084491863753734,0.00010407158656009982,0.0102015482432864,0.0001042852971133392,0.010212017289122615
2020-11-04,0.0080094855297475,6.415185845123531e-05,7.718825161969115e-05,0.00010020263768900331,0.01001012675688991,9.010305136444231e-05,0.009492262710462785,9.532085493670447e-05,0.009763239981517634,9.509269710009822e-05,0.009751548446277555
2020-11-05,0.0176292858444438,0.0003107917193851,2.6479724303189435e-05,9.80395909347372e-05,0.00990149437886712,8.79503364314294e-05,0.009378184068967158,8.694494360096752e-05,0.009324427253240142,8.699589952839944e-05,0.009327159242148674
2020-11-06,0.0117497155151759,0.0001380558146875,5.342192368887386e-05,0.00011080471864175936,0.01052638203001199,0.00011097570831058607,0.010534500857211321,8.104543934810777e-05,0.009002524054292095,7.986427944983332e-05,0.00893668168001039
2020-11-09,0.0159763315871394,0.0002552431709822,2.6616944188282105e-05,0.00011243978440450772,0.010603762747464116,0.00011369457743848625,0.01066276593752701,7.492748545867347e-05,0.008656066396387765,7.358278302009396e-05,0.008578040744837596
2020-11-10,0.0135542320664769,0.0001837172069119,6.503578719178938e-05,0.00012100798759917096,0.011000363066697888,0.0001279116679799627,0.011309804064614147,7.010297277194996e-05,0.008372751804033723,6.80500713914599e-05,0.008249246716607516
2020-11-11,0.0093026374903675,8.653906427719215e-05,8.86602262850124e-05,0.00012477054075793532,0.011170073444607933,0.00013313861918737703,0.011538570933498525,6.545838794128136e-05,0.008090635818109808,6.317688578343283e-05,0.007948388879731089
2020-11-12,-0.0045873272404132,2.1043571210637697e-05,3.0327870243326304e-05,0.00012247665216909065,0.011066917012840145,0.00012790128056922064,0.01130934483377444,6.0742705037004854e-05,0.007793760647916053,5.888460749930855e-05,0.007673630659558
2020-11-13,0.0022943363271255,5.263979181967819e-06,3.694522901211028e-05,0.00011639066731158342,0.010788450644628422,0.00011669944681201192,0.010802751816644309,6.452177790461468e-05,0.008032544920796565,5.8796651664115815e-05,0.00766789747350053
2020-11-17,0.0120536814263418,0.0001452912359277,4.086859234091002e-05,0.00010972306602380648,0.010474877852452814,0.00010529532552051743,0.010261351057269087,5.899145239656859e-05,0.007680589326123913,5.5026518499399535e-05,0.0074179861485041566
2020-11-18,0.0049627164920273,2.462855498024056e-05,3.6437892435528285e-05,0.00011185715621804234,0.010576254356720168,0.00010945057235590916,0.010461862757459073,5.532324484127108e-05,0.007437959723020224,5.170580347198267e-05,0.007190674757766664
2020-11-19,-0.0129562393724881,0.0001678641386772,0.0001030274291389,0.00010662344014377417,0.010325862682787049,0.00010090270909591483,0.01004503405150599,5.116150232762553e-05,0.0071527269154935255,4.878093375547493e-05,0.006984334882827063
2020-11-20,0.0068160274319264,4.645822995277336e-05,5.78148092459876e-05,0.00011029788205578038,0.010502279850383933,0.00010788346075560176,0.010386696335004782,7.509745990247478e-05,0.008665879061149814,7.566101291941652e-05,0.008698333916297794
2020-11-23,0.0052277864790618,2.732975147066193e-05,4.443310884068715e-05,0.00010646750292959994,0.01031830911194271,0.00010173506122316568,0.01008637998605871,6.89537715891186e-05,0.008303840773348113,6.988056621507336e-05,0.008359459684397871
2020-11-24,0.0099071069585315,9.815076828778489e-05,2.171829392392539e-05,0.00010171923784206362,0.0100855955620907,9.441841486048111e-05,0.00971691385474221,6.330062208019258e-05,0.007956168806667729,6.478917675377685e-05,0.008049172426639701
2020-11-25,-0.0151853972050902,0.0002305962882763,0.0002083619436967,0.0001015051296688068,0.0100749754177768,9.516355751104652e-05,0.009755181059880259,5.889931355681096e-05,0.0076745888200483395,6.030470557751846e-05,0.007765610444615314
2020-11-26,0.0099515324761854,9.903299862457448e-05,0.0001122064716536,0.00010925059918526008,0.010452301143062235,0.00010919316948939859,0.010449553554549523,8.991842505142333e-05,0.009482532628545147,9.681914279245525e-05,0.00983967188439001
2020-11-27,-0.0013908030691388,1.9343331771259993e-06,3.136824722963155e-05,0.00010863754315161884,0.010422933519485714,0.00010819214617801511,0.01040154537451119,8.249573614955604e-05,0.009082716342017736,8.851654453356474e-05,0.009408323152058752
2020-12-01,0.0107447624239941,0.000115449919548,5.8119494273610895e-05,0.00010223535055314927,0.01011114981360425,9.750847876921297e-05,0.009874638158900455,7.751702666799397e-05,0.008804375427478884,8.154308711898888e-05,0.00903012110212199
2020-12-02,0.0003584815807498,1.2850904373694537e-07,4.445689629871361e-05,0.00010302822469284485,0.010150282000656182,9.961700216640163e-05,0.009980831737205152,7.165461951839054e-05,0.008464905168895311,7.506146868343849e-05,0.008663802207081975
2020-12-03,0.0015354055912646,2.357470329686851e-06,2.459869449816671e-05,9.685424175389836e-05,0.009841455266061944,8.981612228698557e-05,0.0094771368190496,6.502492943984363e-05,0.008063803658314333,6.93524905544203e-05,0.008327814272329823
2020-12-04,0.0094459089596483,8.922519607396589e-05,3.340928592906305e-05,9.118443546844565e-05,0.009549054166169843,8.145780108662179e-05,0.009025397558369482,5.9337509777557343e-05,0.007703084432716374,6.432405026876136e-05,0.008020227569636747
2020-12-07,0.0073043911126538,5.335412952661709e-05,3.1686268380106456e-05,9.106688110477674e-05,0.009542896892703847,8.291138367714483e-05,0.009105568827763855,5.53014205192588e-05,0.007436492487675813,5.9895024422000035e-05,0.007739187581523014
2020-12-08,0.0027814599606117,7.73651951248629e-06,3.12097559269129e-05,8.880411601008709e-05,0.009423593582603565,8.056142090706901e-05,0.008975601423139789,5.1427572983434246e-05,0.007171302042407239,5.5993959906222004e-05,0.007482911191924037
2020-12-09,0.0101144285625281,0.0001023016651464,1.9516615867669028e-05,8.394006022023102e-05,0.009161880823293382,7.38959735030677e-05,0.008596276723271984,4.742932594682097e-05,0.006886895232746101,5.255792117340712e-05,0.007249684211978279
2020-12-10,-0.0037619219695161,1.4152056904728331e-05,2.1663790447500117e-05,8.504175651580622e-05,0.009221808744265206,7.760958788335011e-05,0.008809630405604433,4.469523144665611e-05,0.006685449232972763,4.953147490213575e-05,0.007037860108167521
2020-12-11,0.0026340862816878,6.938410539375893e-06,6.173360778280992e-05,8.078837453914152e-05,0.0089882353406629,7.195877824745905e-05,0.008482852011408607,4.759727291225885e-05,0.006899077685622829,4.934915573093704e-05,0.0070248954249111095
2020-12-14,0.0032728147749187,1.0711316550926662e-05,3.0787316727692645e-05,7.635737669915558e-05,0.008738270807153758,6.62813136313562e-05,0.00814133365188752,4.399511061604114e-05,0.0066328810192887635,4.6705209838595977e-05,0.0068341209997040565
2020-12-15,0.0007151234360649,5.114015288092732e-07,4.013449870706705e-05,7.241861309026181e-05,0.008509912637052263,6.169014938881038e-05,0.007854307696341567,4.0843113341221596e-05,0.006390861705687395,4.43764351021667e-05,0.0066615640132154175
2020-12-16,0.0084292806418641,7.105277213930545e-05,1.428468609593092e-05,6.810418039657466e-05,0.008252525698025705,5.663909066718931e-05,0.00752589467553123,3.774691012141667e-05,0.006143851407823652,4.232526159297927e-05,0.006505786777398969
2020-12-17,0.0042299704380164,1.7892649906493172e-05,1.9036493211162065e-05,6.828109590113846e-05,0.008263237616161021,5.934015278029201e-05,0.0077032559856395795,3.575661891786268e-05,0.005979683847651369,4.051859790264158e-05,0.006365422052200591
2020-12-18,0.0014435425896574,2.083815208154978e-06,2.5026174841861367e-05,6.525778914145971e-05,0.008078229332066509,5.6336513060832315e-05,0.0075057653214600515,3.353055579024671e-05,0.005790557468003121,3.892729727283122e-05,0.006239174406348264
2020-12-21,-0.0319086621563026,0.001018162720605,0.0008319169259733,6.14673507054614e-05,0.007840111651338992,5.2109279587506506e-05,0.007218675750267947,3.12502070245498e-05,0.005590188460557461,3.75256873847759e-05,0.006125821364092811
2020-12-22,0.0102931274150866,0.0001059484719832,0.0001813236476338,0.00011886907289943724,0.010902709429285787,0.00015103134625712672,0.01228948112237155,0.00012836757448083736,0.011329941503857703,0.0002149552642598144,0.014661352743175317
2020-12-23,0.0099603894022997,9.92093570454453e-05,6.912649424650396e-05,0.00011809383684446343,0.010867098823718474,0.0001455317866417996,0.012063655608554134,0.00011621809446599796,0.010780449641179071,0.00019257026815312517,0.013876968982927259
2020-12-24,0.010833634066335,0.0001173676270832,4.032356736198861e-05,0.00011696076805652228,0.010814840177114144,0.0001400347120512789,0.01183362632717794,0.00010556462332333543,0.010274464624657356,0.00017285367199948367,0.013147382705294756
2020-12-28,0.0089746583951646,8.054449330989984e-05,1.0229158202836698e-05,0.0001169851795981262,0.010815968731377057,0.00013705445550989996,0.011707025903699878,9.63894547029895e-05,0.009817813132413424,0.0001554873896013564,0.0124694582721687
2020-12-29,0.0042724542962582,1.825386571361579e-05,2.1610041396085583e-05,0.00011479873842083253,0.010714417315973489,0.00013072525151142247,0.011433514398968607,8.803576810339715e-05,0.009382737772281454,0.00014019125217416736,0.011840238687381575
2020-12-30,0.0035358361641822,1.2502137379939235e-05,3.240660575654121e-05,0.00010900604605839948,0.01044059605857824,0.00011889087246287389,0.01090370911492387,7.99757595407328e-05,0.008942916724465951,0.0001267184884102826,0.011256930683373804
2020-12-31,-1.4318227638304822e-05,2.0501164270231607e-10,1.4419874925214128e-05,0.00010321581153769183,0.010159518272914904,0.00010794559515464235,0.01038968696134019,7.27880184977792e-05,0.008531589447329214,0.0001148517433395662,0.010716890563011559
2021-01-01,0.0026249780699946,6.890509867952921e-06,6.279056132446944e-06,9.702287514612887e-05,0.009850019042932296,9.709720610606571e-05,0.009853791458421763,6.600148507169544e-05,0.008124129803966419,0.00010439960772997735,0.010217612623797076
2021-01-04,0.0081275544934744,6.605714204439694e-05,6.890051983988546e-05,9.161493322943829e-05,0.00957156900562485,8.829229067161459e-05,0.009396397749755732,6.034288157363201e-05,0.007768068072154879,9.519338133330018e-05,0.009756709554624458
2021-01-05,0.0047013123578649,2.210233788621351e-05,5.063973063167673e-05,9.008146575833574e-05,0.009491125631785502,8.655693656561539e-05,0.009303598044069585,5.603122515854487e-05,0.00748540080146313,8.70845817134161e-05,0.009331912007376415
2021-01-06,-0.0037571814216639,1.411641223529664e-05,7.523684086790509e-05,8.600271808600839e-05,0.00927376504371382,8.05976969389926e-05,0.00897762200913987,5.17604336706714e-05,0.007194472438662296,7.994239028029245e-05,0.008941050848770095
2021-01-07,-0.0006293676223474,3.961036040593046e-07,3.1758569026753854e-05,8.168953973496566e-05,0.009038226581302643,7.457211410284023e-05,0.008635514698200694,5.43017895745334e-05,0.007368974798066106,7.612868788817347e-05,0.008725175521912064
2021-01-08,0.0147380825344641,0.0002172110767926,3.744580068182441e-05,7.681193356711126e-05,0.008764241756541821,6.790925497020774e-05,0.008240707188719165,5.077212725963588e-05,0.007125456284311615,7.03619991208979e-05,0.008388205953652897
2021-01-11,0.0095380856285503,9.097507745755814e-05,2.2913990930141923e-05,8.523588216064514e-05,0.009232328100790457,8.397239729212684e-05,0.009163645415015076,4.825572818076041e-05,0.006946634305961442,6.521322053115057e-05,0.008075470297830992
2021-01-12,0.0054186068221036,2.9361299892547843e-05,4.264831021751068e-05,8.55802338784599e-05,0.009250958538360223,8.529036344044039e-05,0.009235278200489706,4.5373458401397753e-05,0.006735982363501092,6.0678201282643016e-05,0.007789621382496265
2021-01-13,9.608621670051524e-05,9.232561039818372e-09,8.076936755773735e-05,8.220709783930516e-05,0.009066812992408366,8.0221610222709e-05,0.008956651730569242,4.231542013865294e-05,0.0065050303718470785,5.668377829119928e-05,0.007528863014506193
2021-01-14,0.0021090217895653,4.447972908861322e-06,3.649243303867886e-05,7.727522592260923e-05,0.00879063285108696,7.281791519494894e-05,0.008533341385116907,3.899866002247123e-05,0.006244890713412944,5.3165509865665384e-05,0.007291468292851953
2021-01-15,-0.0111543229606527,0.0001244189207105,0.000115811914389,7.290559074178435e-05,0.00853847707391572,6.678219662936688e-05,0.008172037483355475,3.62371464335615e-05,0.006019729764163962,5.006663607662911e-05,0.007075778125169635
2021-01-18,-0.010614788200058,0.000112673728532,9.796934663308206e-05,7.599639053990994e-05,0.008717590867889473,7.361330896392695e-05,0.008579819867801826,5.4334163723590504e-05,0.007371171122934978,6.916981813411273e-05,0.008316839431786136
2021-01-19,0.0166552587564137,0.000277397644243,6.583331949801879e-05,7.819703081944079e-05,0.008842908504527274,7.840961583163746e-05,0.008854920430565,7.227563221854184e-05,0.008501507643855991,8.393479764501219e-05,0.009161593619289834
2021-01-20,0.0084722743367609,7.177943243733838e-05,3.755641391549602e-05,9.014906762486006e-05,0.00949468628364624,9.9247295248353e-05,0.009962293674066881,6.783158117535187e-05,0.008235993029098061,7.71680757357979e-05,0.008784536170783173
2021-01-21,-0.0037181840918013,1.382489294052466e-05,9.402664823549494e-05,8.90468895136087e-05,0.009436465944070837,9.672909916814826e-05,0.009835095280074731,6.274258477051595e-05,0.007921021699914472,7.120797984533277e-05,0.008438482081828033
2021-01-22,-0.015085386074712,0.0002275688730231,0.0001180790680745,8.453356971922362e-05,0.00919421392611808,8.867028307924077e-05,0.00941648995535177,6.454717668182503e-05,0.008034125757157715,6.838430655823453e-05,0.008269480428553811
2021-01-25,-0.0092972551902512,8.643895407265431e-05,0.0001299799458577,9.31156879174571e-05,0.009649647035900178,0.00010320069860529986,0.010158774463748068,9.571848146733148e-05,0.009783582241047063,0.0001034043745520171,0.010168794154274985
2021-01-27,-0.0192444808915834,0.0003703500447865,0.0001732423517039,9.271508388676884e-05,0.009628867217215576,0.00010167203887508307,0.010083255370914845,0.00011018198120842893,0.010496760510196892,0.00010948483042719044,0.010463499912896758
2021-01-28,-0.0107936931679345,0.0001165038122035,6.476658415461335e-05,0.00010937318154075384,0.010458163392333944,0.00012900835079737878,0.011358184309007263,0.00015892427299680757,0.012606517084302372,0.00016466032415294256,0.012832003902467555
2021-01-29,-0.013328858232496,0.0001776584617819,0.000260131011469,0.00010980101938051956,0.010478598159129854,0.00012731050708519556,0.011283195783340621,0.0001757929899806728,0.013258694882252658,0.00016871446433025194,0.012989013216185898
2021-02-01,0.0463333497197178,0.0021467792962496,0.0008378720977491,0.00011387246592460697,0.010671104250479749,0.00013200019784676055,0.011489133903247909,0.00020152930124073203,0.014196101621245603,0.00018301656390620503,0.013528361464205671
2021-02-02,0.0253495396757428,0.000642599161772,0.0001166353885704,0.00023584687574411108,0.015357306917038257,0.0003349890154960072,0.018302705141481333,0.0001876334002532404,0.013697934160056413,0.00016443881563120343,0.01282336990151978
2021-02-03,0.009654368913945,9.320683912654798e-05,0.0001445431108316,0.0002602520129057879,0.016132328192353017,0.0003608406843533329,0.018995807020322483,0.00017075381031910524,0.013067280142367242,0.00014807562488350497,0.012168632827212143
2021-02-04,0.0071213409820254,5.071349738227484e-05,6.505167198953446e-05,0.0002502293024790335,0.015818637819958882,0.00032799239083185536,0.018110560202043872,0.00015280356651022845,0.012361373973399092,0.0001336630057084869,0.011561271803244092
2021-02-05,0.0019181565175802,3.679324425935631e-06,3.631145064608076e-05,0.00023825835417322794,0.015435619656276451,0.0002949325668527667,0.01717360087031158,0.00013680685238927226,0.011696446143563107,0.00012096844054255613,0.010998565385656264
2021-02-08,0.0127531347053858,0.0001626424448137,2.23429473906369e-05,0.00022418361238839036,0.014972762349960356,0.00026122886301937733,0.01616257600196755,0.00012200348200571296,0.01104551863905507,0.00010978712902663745,0.010477935341785491
2021-02-09,-0.0004301061160564,1.849912710691465e-07,5.833120414996193e-05,0.0002204911423339099,0.014848944148790845,0.00024776703477955595,0.015740617357002107,0.00011110897599508875,0.010540824255962564,9.993868400263125e-05,0.009996933730030987
2021-02-10,-0.0001853205749051,3.4343715483188626e-08,5.794764837250235e-05,0.00020727277327013943,0.014396970975526047,0.0002195691497675953,0.014817865897881357,0.0001004853395708784,0.01002423760546798,9.129668302717977e-05,0.009554929776151145
2021-02-11,0.0044121766647079,1.9467302920593345e-05,2.3885257996134723e-05,0.00019483846749686004,0.013958455054083172,0.00019485869786299188,0.013959179698785738,9.062656948498827e-05,0.009519798815363079,8.3658415247407e-05,0.00914649743056909
2021-02-12,-0.000659269693437,4.3463652868460266e-07,4.142879352522594e-05,0.000184316197622284,0.013576310162274726,0.00017518043045715575,0.013235574428681052,8.226889402375403e-05,0.009070220175042833,7.69246394509174e-05,0.008770669270410177
2021-02-15,0.0099351424621159,9.870705574254028e-05,1.443788478346534e-05,0.000173283303956668,0.013163711632995765,0.00015602422895802333,0.01249096589371788,7.570858366384093e-05,0.008701067961109196,7.106983104314448e-05,0.008430292464864103
2021-02-16,-8.162425642763527e-05,6.662519237364358e-09,5.509254836013685e-05,0.00016880872906382022,0.012992641342845581,0.00014917308513894288,0.012213643401497477,6.993578480745019e-05,0.008362761793059168,6.583667545649488e-05,0.008113980247479955
2021-02-17,-0.0068507314527851,4.693252143818002e-05,3.1989860995702755e-05,0.00015868060507114525,0.012596849013588488,0.00013320420507342918,0.011541412611696594,6.362569310299896e-05,0.007976571513062424,6.122850647727935e-05,0.007824864629965131
2021-02-18,-0.00593187168439,3.5187101680068296e-05,4.677988346888943e-05,0.00015197572005316726,0.012327843284742358,0.00012395844950161794,0.011133662896891479,7.240747696075026e-05,0.00850925830849847,6.540406104607081e-05,0.008087277727769142
2021-02-19,-0.0091161431181845,8.310406535122272e-05,9.662022901848418e-05,0.0001449684029507813,0.012040282511252852,0.0001146748811389195,0.010708635820631847,7.869574900324008e-05,0.008871062450644797,6.702081862897276e-05,0.00818662437326721
2021-02-22,-0.0206397156403059,0.0004259978617126,0.0002309359169973,0.00014125654269480777,0.011885139574056663,0.00011138411164704785,0.010553867141813366,9.297854698223296e-05,0.00964253840968409,7.685317442226605e-05,0.008766594231642414
2021-02-23,0.0021848739697056,4.773674263497532e-06,6.805375902284404e-05,0.0001583410218358806,0.012583362898521229,0.00014313446435373223,0.011963881659132718,0.00014601864817866516,0.012083817616079165,0.0001456834298298734,0.012069939098018408
2021-02-24,0.0184715285005202,0.0003411973651455,0.000421309396367,0.00014912698098153756,0.012211755851700343,0.0001283971512049394,0.011331246674789998,0.0001300004308924529,0.011401773146859785,0.00013155597188874393,0.011469785171865423
2021-02-25,0.0076697253313536,5.882468665840738e-05,1.948873893639824e-05,0.00016065120403137712,0.01267482560161587,0.000149469330098345,0.012225765010760881,0.00011914087586328195,0.010915167239363855,0.00011911257536777315,0.010913870778407319
2021-02-26,-0.0383622027563036,0.0014716586003157,0.0003409000641112,0.0001545416129889989,0.012431476701864461,0.0001394042856535814,0.01180695920436678,0.00010771589365634837,0.010378626771223077,0.00010815249197084762,0.010399639030795618
2021-03-01,0.0158688108770191,0.0002518191586506,4.710431663035229e-05,0.0002335686322286039,0.015282952340061913,0.00027328604366655515,0.016531365450759207,0.00025247720005256693,0.015889531146404758,0.000356741094060161,0.01888759100732968
2021-03-02,0.0106164310797289,0.0001127086088706,6.422991264245165e-05,0.00023466366381392367,0.01531873571199411,0.00026733338105316946,0.016350332750533533,0.00022430404720639755,0.014976783606849554,0.00031745454033379886,0.017817254006546542
2021-03-03,0.0216486661523929,0.0004686647461777,0.0001211329534121,0.00022734636051732624,0.015078009169559694,0.0002480699405486716,0.01575023620612312,0.00019896771768007014,0.014105591716765026,0.0002828511340841851,0.016818178679160984
2021-03-04,-0.0108718151187931,0.0001181963639772,7.815715030596715e-05,0.00024182546365695241,0.015550738363722554,0.00026715099439955566,0.016344754338917293,0.00017974060486631663,0.013406737293850305,0.00025237262146491534,0.015886240004007096
2021-03-05,-0.0095041259916074,9.032841086434856e-05,8.524486885604364e-05,0.00023440771767616834,0.01531037940993522,0.0002484644739147119,0.015762755911156903,0.00019575863611359626,0.013991377205750557,0.00024626803484034194,0.01569292945374897
2021-03-08,0.0012109725444472,1.4664545034049303e-06,5.8512427019045874e-05,0.00022576295926745907,0.01502541045254535,0.00022928446177010673,0.015142141914871447,0.00020549148990292373,0.014334974360037193,0.00023600096056561554,0.015362322759453257
2021-03-09,0.0094628611698101,8.954574151910065e-05,6.479604859370813e-05,0.00021230516898161582,0.014570695555861973,0.00020351184928249798,0.014265757928778197,0.00018075780420666372,0.013444619898184691,0.00021110721552547088,0.014529529088221369
2021-03-10,0.0050473406024625,2.5475647157267387e-05,2.1704987052258834e-05,0.00020493960333386484,0.014315711764836035,0.00018983665455330322,0.013778122315950865,0.00016137741390818023,0.01270344102628025,0.00018918092546469544,0.013754305706385016
2021-03-12,-0.009524722735275,9.072034318386492e-05,0.0002303257351393,0.00019417176596326895,0.013934552951683414,0.00017138905302533335,0.013091564193225092,0.00014378923966327503,0.011991215103703004,0.0001698683553729365,0.013033355491696546
2021-03-15,-0.0067723003088356,4.586405147305577e-05,0.000148777082541,0.00018796468059650468,0.013710021174181486,0.00016182268145228983,0.012720954423795797,0.00015698505553795523,0.01252936772299206,0.00016877726801301236,0.012991430560681621
2021-03-16,-0.00127679886533,1.6302153425081277e-06,4.168614994769559e-05,0.00017943864284909768,0.013395470982727621,0.0001489141171419265,0.012203037209724737,0.0001600106429712354,0.012649531334054847,0.00015994499744458813,0.012646936286887355
2021-03-17,-0.0127669111555391,0.0001629940204534,0.0001113491210377,0.0001687701371987023,0.012991156114784484,0.00013314138444426365,0.011538690759538695,0.0001453792640641302,0.012057332377608665,0.00014440355681752707,0.012016803103052287
2021-03-18,-0.0111650711539744,0.0001246588138733,0.0002633937365672,0.0001684235701939859,0.0129778106857045,0.0001356256707913388,0.011645843498490729,0.00016997740774815298,0.01303753840830979,0.00015903036259890644,0.012610724110807691
2021-03-19,0.0127058801702749,0.0001614393909013,0.0003262545050647,0.0001657976848147454,0.012876244981156013,0.0001339295024270453,0.011572791470818323,0.00018764564823540308,0.01369838122682396,0.00016518663643559853,0.012852495338867021
2021-03-22,-0.0005155703072306,2.658127416979422e-07,4.614256922802108e-05,0.00016553618717994378,0.01286608670808431,0.00013615887340169485,0.011668713442436354,0.000168000313629822,0.01296149349534312,0.000148734301811778,0.012195667337697351
2021-03-23,0.0053026560337911,2.8118161012701457e-05,4.853512114635196e-05,0.00015561996471364901,0.012474773132752717,0.00012183275015322958,0.011037787375793646,0.00015000645859659852,0.012247712382179725,0.0001342898091681771,0.01158834799133065
2021-03-24,-0.0180735235920704,0.0003266522550331,7.94599102693333e-05,0.00014796985649159213,0.012164286106944054,0.00011209926451229027,0.010587694012970448,0.00013403806317058864,0.011577480864617684,0.00012152052599337969,0.01102363488117144
2021-03-25,-0.0155504734594161,0.000241817224812,0.0001679943734105,0.00015869080040408412,0.012597253684993572,0.00013372685377065094,0.011564032764163673,0.0001790416465910046,0.013380644475921352,0.0001675933508208166,0.012945785060042384
2021-03-26,0.0126526485091806,0.0001600895142968,4.321698406820849e-05,0.00016367838586855935,0.012793685390400975,0.0001440995771200434,0.012004148329641858,0.00021368844749018913,0.014618086314226945,0.00019328747782296188,0.013902786692708835
2021-03-30,0.0230178606027013,0.0005298219067253,0.0001110007564735,0.00016346305357425802,0.012785267051346954,0.00014492931700845708,0.012038659269555604,0.00019035633399189586,0.013796968289877884,0.00017348538680482292,0.013171385151335561
2021-03-31,-0.0104551643454305,0.0001093104614899,3.4175304636408456e-05,0.00018544458476332586,0.013617803962582435,0.00018299904745098277,0.01352771405119811,0.0001725990618796881,0.013137696216600842,0.00015604380095458358,0.012491749315231377
2021-04-01,0.0119528533440868,0.0001428707030652,6.001323918358369e-05,0.00018087653736692397,0.01344903481172251,0.00017386812684764522,0.013185906371867093,0.00018747300773324993,0.013692078283929359,0.00015986280505000304,0.012643686371070861
2021-04-05,-0.0155602964791876,0.0002421228265202,0.0002559299042086,0.00017859618730882337,0.013363988450639403,0.00016926101142278812,0.013010035027731022,0.0001676885568904706,0.01294946164481252,0.00014404509691172448,0.012001878890895561
2021-04-06,0.0031172037135109,9.71695899152669e-06,7.050746581039746e-05,0.00018240778566150706,0.013505842649072551,0.0001752506644089027,0.013238227389227862,0.00020260570464170985,0.014233963068720877,0.0001725999158926282,0.013137728718946369
2021-04-07,0.0091890876818974,8.443933242559853e-05,8.748691044659674e-05,0.0001720463360613082,0.01311664347542115,0.00015702325541910284,0.012530892044028743,0.0001787202709106336,0.013368630105984443,0.00015526388244825322,0.012460492865382701
2021-04-08,0.0036877607079367,1.3599579039002273e-05,4.317610228999094e-05,0.0001667899158431656,0.012914717025284201,0.00014860697242620533,0.012190445948619162,0.0001595666294516566,0.01263196855013725,0.00013999438815634295,0.01183192242014555
2021-04-09,-0.0026221466406612,6.87565300513103e-06,2.883648922430938e-05,0.00015759849563491576,0.012553823944715641,0.0001340813007680035,0.011579348028624216,0.00014195965411257537,0.01191468229171787,0.00012654509153671656,0.01124922626391329
2021-04-12,-0.0359646328172392,0.0012934548136788,0.0002816641119035,0.00014855512507712867,0.012188319206401212,0.00012068084217249537,0.01098548324710822,0.00013352399606554152,0.011555258372946124,0.00011590553496143647,0.010765943291762059
2021-04-13,0.0134651323447003,0.0001813097890602,0.0001121927750742,0.00021724910639323134,0.014739372659419102,0.00023888974062992156,0.015456058379480895,0.00026710499620434926,0.01634334715425054,0.00033229927644735186,0.018229077772815384
2021-04-15,0.005270570669209,2.7778915179127225e-05,0.000102777683461,0.0002150927473532551,0.014666040616105464,0.00023008821084487244,0.015168658834744502,0.00023616415862001987,0.015367633474937508,0.00029592630575748054,0.01720250870534529
2021-04-16,0.0024931716281266,6.2159047672954935e-06,3.242533777470055e-05,0.00020385391742280736,0.014277742028164234,0.00020687332397301535,0.014383091599966098,0.00020781281439360053,0.014415714147887386,0.000263889169334612,0.016244665873283205
2021-04-19,-0.0178350823088299,0.0003180901609627,6.439671086642288e-05,0.00019199563666347664,0.013856249011311706,0.00018436424490968974,0.013578079573698549,0.00018302361863704316,0.013528622200248005,0.00023567101473828399,0.01535158020329777
2021-04-20,-0.004400491009083,1.9364321121020535e-05,0.0001785505193012,0.0001995613081214323,0.014126617009087218,0.0001961505424471628,0.014005375483976243,0.00022735043302219457,0.015078144216785916,0.0002666340981268081,0.016328934384301018
2021-04-22,0.0076474412128004,5.848335710323901e-05,0.0001320171953333,0.00018874948890140758,0.013738613063239228,0.00017630140516954732,0.013277853936896102,0.00021478723447223574,0.014655621258487671,0.00024148672709919445,0.015539843213468869
2021-04-23,-0.0045082800942043,2.0324589407798996e-05,6.166038581202155e-05,0.0001809335209935174,0.013451153147351992,0.00016286889423345948,0.012762009803845923,0.00019014630458089914,0.013789354755785316,0.00021593905212071105,0.014694864821450758
2021-04-26,0.0099666854592029,9.933481904268722e-05,3.186952614514932e-05,0.00017129698509837427,0.01308804741351338,0.0001472508811697721,0.01213469740742521,0.00018227093439200575,0.013500775325587999,0.000197003281076831,0.01403578573065402
2021-04-27,0.0115348603701411,0.0001330530037586,5.666505607954892e-05,0.00016697925513503302,0.01292204531546895,0.00014155293800140135,0.011897602195459442,0.00016278618652462257,0.012758769005065597,0.00017675824831226027,0.013295046006398784
2021-04-28,0.0143306788088347,0.0002053683551219,6.28697522764578e-05,0.00016494368005245014,0.012843040140576146,0.0001399683191382477,0.011830820729697822,0.0001463113439449708,0.012095922616525406,0.0001589265215070684,0.01260660626445787
2021-04-29,0.0020397283055356,4.160491560403346e-06,8.553084023790782e-05,0.00016736916055662217,0.012937123349362568,0.00014588440382116402,0.012078261622483759,0.00013258578471593772,0.011514590080238972,0.0001432204229036724,0.011967473538874961
2021-04-30,-0.0178695252286074,0.0003193199318958,0.0001070598577267,0.000157576640416849,0.012552953453942582,0.00013074357063863796,0.011434315486229946,0.000118378947605861,0.010880208987232782,0.00012938656731721805,0.011374821638918918
2021-05-03,0.0002084917272909,4.3468800348779083e-08,0.0001131350639797,0.00016728123790558827,0.012933724827194534,0.00014931465915105958,0.012219437759203963,0.00016211497690251137,0.012732437979527384,0.00017323506808197608,0.01316187935220408
2021-05-04,-0.0094506242249991,8.931429824214106e-05,0.0001161859777461,0.0001572469717592739,0.012539815459538226,0.00013333191067033665,0.011546943780513382,0.0001434569813690888,0.011977352853159533,0.00015582332142010817,0.01248292118937343
2021-05-05,0.0083361169819181,6.949084633622365e-05,2.928207291958108e-05,0.00015317101134824587,0.012376227670346318,0.00012835086129939541,0.011329203912870288,0.00015641870125713485,0.012506746229820722,0.00015615974162718892,0.012496389143556186
2021-05-06,0.0072897758768407,5.31408323345698e-05,2.9348299676273326e-05,0.0001481502014475245,0.012171696736590364,0.00012198636822169147,0.011044743918339232,0.0001401683317012299,0.011839270741951546,0.00014078345658178685,0.011865220460732571
2021-05-07,0.0066570404036404,4.4316186935701965e-05,1.563902578616494e-05,0.00014244963930074716,0.0119352268223418,0.00011476109630569467,0.0107126605614896,0.00012591100676685897,0.011221007386454167,0.00012724009918532606,0.01128007531824704
2021-05-10,0.0080092628009941,6.414829061538803e-05,8.95704184717152e-06,0.00013656163215884436,0.011685958760788281,0.00010754203265701263,0.010370247473277224,0.00011342682525112397,0.010650203061497183,0.0001153111755848517,0.010738304129835945
2021-05-11,-0.0061490680190265,3.781103750261481e-05,2.710086722286692e-05,0.00013221683166623699,0.011498557808100848,0.00010322274446474371,0.01015985947071827,0.00010279220890176592,0.010138649264165613,0.00010480423745354181,0.010237394075327071
2021-05-12,-0.0104409988264523,0.0001090144564939,5.0484241645822e-05,0.00012655248401641963,0.01124955483636662,9.677991532289169e-05,0.009837678350245635,0.00010796374286970123,0.010390560276987051,0.0001021847434864326,0.010108646966158853
2021-05-14,-0.0012732353086285,1.621128151138556e-06,4.1701868666767104e-05,0.00012550020236507315,0.011202687283195633,9.832895520176047e-05,0.009916095764047485,0.00012559626760758841,0.011206974061163362,0.00011237206602833993,0.010600569137001085
2021-05-17,0.0165775897839959,0.0002748164830464,7.414492114387456e-05,0.00011806745791223705,0.010865885049651365,8.883882715943648e-05,0.009425435117777665,0.00011533148050614881,0.01073924953179452,0.0001024999546434453,0.010124226125657472
2021-05-18,0.012317273309973,0.0001517152217925,1.3861086494965644e-05,0.00012747239942028954,0.011290367550274417,0.00010812032635752912,0.010398092438400858,0.00010593799458398507,0.010292618451297274,9.352017610325038e-05,0.009670583028093517
2021-05-19,-0.0051727882383341,2.675773815864844e-05,2.4633212844004092e-05,0.00012892696876262656,0.011354601215482055,0.00011257348495403256,0.010610065266247543,9.696365699978467e-05,0.009847012592648832,8.561083065317747e-05,0.009252612098925226
2021-05-20,-0.0082910520395041,6.874154392176657e-05,5.497012010937648e-05,0.0001227968149263878,0.011081372429730346,0.00010385275176001712,0.01019081703103422,9.988915005854556e-05,0.00999445596611169,8.333968427075503e-05,0.009129057140294118
2021-05-21,0.0179019355322992,0.0003204792958025,6.603424371329717e-05,0.00011955349866611045,0.010934052252761117,0.00010045565356663598,0.010022756784769148,0.00011128236676839466,0.010549045775253545,8.870646051588125e-05,0.009418410721341539
2021-05-24,0.0014750202275935,2.1756846718102054e-06,1.916287340333895e-05,0.00013160904649429963,0.011472098608986049,0.00012290610355981837,0.011086302519768183,0.00010260723031684142,0.010129522709231734,8.137093328312942e-05,0.00902058386597727
2021-05-25,0.0007070938155468,4.99981663984586e-07,2.646558139393844e-05,0.00012384304478495024,0.011128478996922726,0.00011041909331021638,0.010508048977341911,9.227508706610062e-05,0.009605992247868027,7.490983641523675e-05,0.008655046875392227
2021-05-26,0.0060964006336564,3.716610068604683e-05,2.41897163885908e-05,0.0001164424609976923,0.010790850800455555,9.931393201378761e-05,0.009965637561831537,8.314457271331215e-05,0.009118364585456767,6.921893358700036e-05,0.008319791679303057
2021-05-27,0.0023759962804964,5.645358324932973e-06,1.9272581707876077e-05,0.00011168587937899353,0.010568154019458343,9.329150393090143e-05,0.009658752710930196,7.594902784247049e-05,0.00871487394300517,6.420641393975043e-05,0.008012890485945157
2021-05-28,0.0063561902625193,4.040115465334541e-05,8.496278130858085e-06,0.00010532344811574988,0.010262721282181928,8.483355970828205e-05,0.009210513542049761,6.908133129078452e-05,0.008311517989560301,5.979141091066904e-05,0.007732490602042077
2021-05-31,0.0094879348910911,9.002090849758445e-05,8.115253479088055e-05,0.00010142811050800558,0.010071152392254106,8.093657706095635e-05,0.008996475813392506,6.356592166970019e-05,0.007972823945735926,5.5902697626887974e-05,0.007476810658756043
2021-06-01,-0.0005103206201074,2.604271353068207e-07,2.6018405552007335e-05,0.00010074367838738028,0.010037115043047991,8.253527152677026e-05,0.009084892488454129,5.9081011767701755e-05,0.007686417355810297,5.2477537802228694e-05,0.007244138168355756
2021-06-02,8.67120656808025e-05,7.518982334631808e-09,2.8320009843401657e-05,9.471468331225587e-05,0.009732146901493826,7.486955181119166e-05,0.008652719330429692,5.482775340158722e-05,0.007404576517369999,4.950637257940665e-05,0.007036076504658448
2021-06-03,0.0073017280086002,5.3315231911577744e-05,1.3026191626965166e-05,8.90322534524606e-05,0.009435690406772607,6.813049880688717e-05,0.008254120111004393,5.013269955268437e-05,0.007080444869687523,4.684368567707287e-05,0.006844244711951266
2021-06-04,-0.0012818385093088,1.643109963947061e-06,1.8160939767552587e-05,8.688923216000756e-05,0.009321439382413402,6.761264027932923e-05,0.008222690574217737,4.680020169336468e-05,0.006841067291977523,4.449840395128416e-05,0.006670712402081517
2021-06-07,0.0051811361952536,2.684417227376712e-05,1.3259887249106333e-05,8.177446482824391e-05,0.009042923466901834,6.19402120324149e-05,0.007870210418560288,4.513771354914554e-05,0.006718460653240855,4.272101912060531e-05,0.006536131816342546
2021-06-08,-0.0007335750962069,5.381324217749671e-07,1.4230012037115924e-05,7.84786472749753e-05,0.00885881748739499,5.95177073559358e-05,0.007714772022291767,4.2077462684427606e-05,0.0064867143211665805,4.086717921488551e-05,0.006392744263216347
2021-06-09,-0.0066772200430738,4.458526750362722e-05,7.998230780016212e-05,7.380221638378327e-05,0.008590821636129065,5.4739202065871026e-05,0.007398594600724588,3.993409648865453e-05,0.006319343042489031,3.932875585008728e-05,0.006271264294389711
2021-06-10,0.0065279335188341,4.2613916026317814e-05,1.5448592577454847e-05,7.204919945097387e-05,0.008488179984600578,5.500303793426832e-05,0.0074164033017540465,4.852610072408359e-05,0.006966067809322817,4.570297775506597e-05,0.006760397751247035
2021-06-11,0.0039064903542531,1.5260666887872866e-05,1.0633434339525673e-05,7.02830824454945e-05,0.008383500608069073,5.5034994018433335e-05,0.0074185574081780436,4.526968579198836e-05,0.006728275097823242,4.3493673938056815e-05,0.006594973384181077
2021-06-14,0.0007908589968395,6.254579528820821e-07,6.849006148289488e-05,6.698173751203717e-05,0.008184237136840376,5.2300296062100173e-05,0.007231894361928981,4.20548182619961e-05,0.006484968640016396,4.154772983555036e-05,0.006445752852502985
2021-06-15,0.0036236402234769,1.3130768469200254e-05,5.017463198134657e-06,6.300036073848786e-05,0.007937276657549985,4.842713376712188e-05,0.006958960681532974,3.8839267813794326e-05,0.006232115837642487,3.983375169442522e-05,0.006311398552969478
2021-06-16,-0.0064292561989679,4.133533527196825e-05,2.7573498838118336e-05,6.000818520233056e-05,0.007746495026935121,4.629812224239019e-05,0.006804272352161559,3.624938739679634e-05,0.006020746415254204,3.832408804941064e-05,0.006190645204614026
2021-06-17,-0.0048412017767477,2.343723464318525e-05,3.410464471579332e-05,5.8887814206508754e-05,0.007673839599998736,4.7282237371904914e-05,0.006876208066362224,4.430710952398266e-05,0.006656358578380725,4.424778296494381e-05,0.006651900703178289
2021-06-18,-0.0005132013116724,2.633755863023168e-07,0.000142873170634,5.676077943270933e-05,0.0075339750087659125,4.6336396606543985e-05,0.006807084295536819,4.926223580422459e-05,0.007018706134625141,4.632464030858246e-05,0.00680622070671988
2021-06-21,0.0040185031994205,1.6148367963753175e-05,9.935533607952512e-05,5.3370935201924906e-05,0.007305541403751327,4.316747988557054e-05,0.006570196335389875,4.604869259111519e-05,0.00678591869912359,4.4087447652596943e-05,0.006639837923669293
2021-06-22,0.0016656491552922,2.7743871085256702e-06,2.9723894720306117e-05,5.1137581167634574e-05,0.007151054549339879,4.19965835240659e-05,0.006480477106206448,4.276515689416141e-05,0.006539507389258109,4.2070722847517386e-05,0.006486194789513909
2021-06-23,-0.005454598542621,2.975264526116392e-05,5.181679334313059e-05,4.8235789524088036e-05,0.006945199026960137,3.9620356863517195e-05,0.0062944703401888544,3.9568028033556126e-05,0.0062903122365711005,4.02944014064158e-05,0.006347787126740767
2021-06-24,0.0065761703134446,4.3246015991430814e-05,2.0454840715102736e-05,4.712680086831254e-05,0.006864896275131369,4.026410764791146e-05,0.006345400511229489,4.578032749413938e-05,0.006766116130701525,4.395073009196701e-05,0.006629534681406155
2021-06-25,0.0044169201494967,1.950918360703017e-05,1.397950419441359e-05,4.6893953775699587e-05,0.006847916016986451,4.219072742669171e-05,0.006495438971054359,4.2809920235988935e-05,0.0065429290257490134,4.195030268308538e-05,0.006476905332262112
2021-06-28,-0.002882359835175,8.30799821943029e-06,2.1886716108959556e-05,4.525086756557941e-05,0.006726876508869433,4.148060320957257e-05,0.006440543704499844,3.990366360098391e-05,0.006316934668095271,4.0188335909313374e-05,0.006339427096300846
2021-06-29,-0.0041979394624445,1.762269573034912e-05,1.812099682501756e-05,4.3034295404810444e-05,0.0065600530032013035,3.972736594335097e-05,0.0063029648534123186,4.147603001634886e-05,0.006440188663102103,4.009426645344803e-05,0.006332003352292861
2021-06-30,-0.0017127578361914,2.933539405435124e-06,2.462971725057946e-05,4.150959942434274e-05,0.006442794380107341,3.9132696671988996e-05,0.00625561321310621,4.530809840912377e-05,0.006731129059015566,4.164592541792366e-05,0.0064533654334714115
2021-07-01,-0.0026431873739428,6.986439493771098e-06,1.14440343784194e-05,3.919503582320828e-05,0.0062605938874206075,3.7128287037350324e-05,0.00609329853505885,4.451186960048174e-05,0.006671721636915148,4.043501049083437e-05,0.006358852922566645
2021-07-02,0.0026877238189711,7.223859327064872e-06,1.5368252304410148e-05,3.7262520043442015e-05,0.006104303403619615,3.578220243278329e-05,0.0059818226681157384,4.5397116527654096e-05,0.006737738235317108,4.00796331107073e-05,0.0063308477402878125
2021-07-05,0.0071078674266922,5.052177935543279e-05,1.016507322020098e-05,3.5460200400459366e-05,0.00595484679907547,3.462730348980795e-05,0.005884496876522915,4.2034353351252356e-05,0.006483390575250912,3.8540659209817836e-05,0.006208112370907749
2021-07-06,-0.0010172694162285,1.0348370651940098e-06,1.837966814011076e-05,3.6363895137757724e-05,0.006030248347933751,3.798896234567074e-05,0.006163518665962709,3.949551453271266e-05,0.006284545690239881,3.718513845292028e-05,0.00609796182776838
2021-07-07,0.0038741031212285,1.5008674993912692e-05,1.8640437966740742e-05,3.424415165340389e-05,0.005851850276058325,3.593485424734246e-05,0.005994568729053197,3.803544764523423e-05,0.0061672885164579605,3.617279240546353e-05,0.006014382129983389
2021-07-08,-0.0096022097393775,9.220243187899702e-05,5.956934352218898e-05,3.3090023053834405e-05,0.0057523928111555805,3.554726160116038e-05,0.0059621524302185015,3.555101318263928e-05,0.0059624670382853505,3.5099532838886136e-05,0.005924485871270699
2021-07-09,-0.0024254228908178,5.882676199303248e-06,1.411432539907298e-05,3.663676758334411e-05,0.00605283136914817,4.30044019396093e-05,0.006557774160460949,5.007377097081571e-05,0.0070762822845626865,5.033361428322395e-05,0.00709461868483599
2021-07-12,0.0001784315251354,3.1837809162150726e-08,3.046624978493972e-05,3.479152210030164e-05,0.005898433868435048,4.081692531494113e-05,0.0063888125121137436,5.018520184339964e-05,0.007084151455424965,4.86045903517862e-05,0.006971699244214871
2021-07-13,0.00760201680508,5.779065950471994e-05,8.407479501153504e-06,3.2705941042833264e-05,0.005718910826620158,3.83102337970429e-05,0.006189526136712155,4.6021780227044104e-05,0.006783935452747476,4.604940025859057e-05,0.006785970841271761
2021-07-14,0.0026274373783043,6.903427176910888e-06,1.8448767843465748e-05,3.421102415054639e-05,0.005849019075926013,4.194856975692742e-05,0.006476771553554087,4.3142099983800984e-05,0.00656826460975812,4.379880120178346e-05,0.006618066273601638
2021-07-15,0.0044212840314639,1.9547752486877897e-05,1.351421153678054e-05,3.257256833212824e-05,0.005707238240351303,3.99953412213114e-05,0.006324187000817686,4.000884445555895e-05,0.006325254497295658,4.18164844513682e-05,0.006466566666428809
2021-07-16,-5.022699813825734e-05,2.522751341980506e-09,9.025551857827848e-06,3.17910793814132e-05,0.005638357862127341,3.956181612484786e-05,0.0062898184492756115,3.738505380445752e-05,0.00611433183630538,4.0070469458940344e-05,0.006330123968686581
2021-07-19,-0.0107969905715419,0.0001165750054019,2.4277615710251533e-05,2.9883765983608924e-05,0.005466604611969748,3.720806931534276e-05,0.006099841745106405,3.464921251263368e-05,0.005886358170603762,3.853303059426774e-05,0.006207497933488801
2021-07-20,-0.0076662919876294,5.877203283959213e-05,3.3075300557939286e-05,3.5085240348710275e-05,0.00592327952647098,4.6920545207684166e-05,0.0068498573129433995,5.177088714117404e-05,0.007195198895178231,5.763464780320985e-05,0.007591748665703432
2021-07-22,0.012204454864528,0.0001489487185403,1.7018638122745503e-05,3.6506447898163104e-05,0.006042056595081107,4.958845553603911e-05,0.0070419070951013765,6.256080407519374e-05,0.00790953880293875,6.431616930627702e-05,0.008019736236702366
2021-07-23,0.0020201963552988,4.081193313962591e-06,2.4838171269121367e-05,4.3252984136691396e-05,0.006576700094780922,6.103283316477758e-05,0.007812351321131019,5.853906997314856e-05,0.007651082928131714,5.988808291019054e-05,0.007738739103380508
2021-07-26,-0.0019948940107945,3.979602114304035e-06,1.3335922748138584e-05,4.090267668732766e-05,0.006395520048231235,5.642397390814341e-05,0.0075115893064080265,5.3659000465518516e-05,0.007325230403579025,5.598784585477413e-05,0.007482502646492959
2021-07-27,-0.0049412691902835,2.441614121084567e-05,4.715021396224677e-05,3.868729221294622e-05,0.006219910948956281,5.2377351256923996e-05,0.007237219856887312,5.269126547405634e-05,0.007258874945475803,5.325086446278764e-05,0.007297318991437036
2021-07-28,-0.0023556712745251,5.549187153622897e-06,9.5163738275591e-05,3.7831023152820147e-05,0.006150692900220279,5.089748199265771e-05,0.007134247121642038,5.7575095554923305e-05,0.007587825482634884,5.4426286444572757e-05,0.0073774173288877155
2021-07-29,0.0043858132000563,1.923535742578864e-05,9.168834477338096e-06,3.58941129928683e-05,0.005991169584719523,4.769587044906321e-05,0.006906219693078349,5.697879803852963e-05,0.007548430170474496,5.215087652254567e-05,0.007221556378132463
2021-07-30,-0.0009765161358081,9.53583763493726e-07,2.0090534929178148e-05,3.489458765884349e-05,0.005907164096149987,4.627425896135394e-05,0.006802518574862838,5.2565319515297374e-05,0.0072501944467233,4.917295194262647e-05,0.007012342828372446
2021-08-02,0.0077161539042294,5.953903107375606e-05,4.862888126474667e-06,3.285812742512249e-05,0.005732200923303587,4.318277196165615e-05,0.006571359978091,4.98319853233237e-05,0.007059177382905441,4.671734238348036e-05,0.006835008586935379
2021-08-03,0.015342653128218,0.0002353970050128,7.590396735962961e-05,3.4458981644040415e-05,0.005870177309420936,4.6392443191784344e-05,0.006811199834961851,4.657883203361951e-05,0.00682486864588759,4.4387121390391954e-05,0.006662366050465251
2021-08-04,0.0079069003792001,6.251907360659614e-05,1.780328956197322e-05,4.651526304616706e-05,0.006820209897515403,6.696511611732056e-05,0.008183221622155944,4.452721087748019e-05,0.0066728712618692254,4.233467403087923e-05,0.006506510126855965
2021-08-05,0.0021994519628629,4.837588936941806e-06,2.635036063992197e-05,4.747549167979272e-05,0.006890246126212961,6.752160775897133e-05,0.008217153263690007,4.183035998807644e-05,0.006467639444811101,4.052688833210268e-05,0.006366073227045278
2021-08-06,-0.0034672374282357,1.2021735383759084e-05,1.751533422066092e-05,4.4917217515221645e-05,0.0067020308500649,6.218313039581976e-05,0.007885628091396382,3.878752661686702e-05,0.006227963279987048,3.8934599442559084e-05,0.006239759566085787
2021-08-09,0.0012339690711517,1.5226796685591972e-06,2.742581670003642e-05,4.294348858733386e-05,0.0065531281528239515,5.823338160628325e-05,0.007631079976404601,4.1419161903995925e-05,0.006435772051898352,3.9641656786707955e-05,0.006296162068014764
2021-08-10,0.001343006816352,1.8036673087680911e-06,3.3540672689761927e-05,4.0458240052207365e-05,0.006360679213119253,5.371385053946352e-05,0.007328973361901619,3.8317107824489354e-05,0.0061900814069355626,3.815489178472186e-05,0.00617696460931434
2021-08-11,0.0001320783453234,1.7444689303379748e-08,4.24027828604271e-05,3.8138965687601e-05,0.006175675322391956,4.978410057639149e-05,0.0070557849015110636,3.554689339992736e-05,0.005962121551924899,3.684535637183509e-05,0.006070037592291755
2021-08-12,0.0050327101270872,2.532817122328705e-05,1.0615588787612886e-05,3.585167442770314e-05,0.005987626777589192,4.6162082328150796e-05,0.006794268343843272,3.293833871131819e-05,0.005739193210837059,3.569192392258876e-05,0.005974271831996662
2021-08-13,0.0100141727170619,0.0001002836552071,3.7261118339441614e-05,3.5220264235438114e-05,0.0059346663120547994,4.554636857549995e-05,0.006748804973882409,3.105756008500984e-05,0.005572931013839113,3.467598620846907e-05,0.005888631947105293
2021-08-16,0.0020519176533692,4.210366056208487e-06,1.5572843116625407e-05,3.912406769374065e-05,0.006254923476249782,5.257765817458763e-05,0.007251045315993248,2.9817465615233584e-05,0.005460537117833152,3.37811531925972e-05,0.005812155640775391
2021-08-17,0.003107445463957,9.65621731146702e-06,2.331201616320626e-05,3.7029245595488696e-05,0.006085166028588595,4.9032119427052e-05,0.007002293868944091,2.7951014651366208e-05,0.0052868719155438415,3.299298860330688e-05,0.005743952350368767
2021-08-18,-0.0027574004550174,7.60325726933045e-06,3.598620338383556e-05,3.538686389844739e-05,0.005948685896771436,4.647702809355989e-05,0.006817406258509162,2.6351320080477252e-05,0.00513335368745202,3.229877705054233e-05,0.005683201303010683
2021-08-20,-0.0071685310331997,5.138783717394747e-05,2.3775882189297252e-05,3.3719847500700356e-05,0.005806879325481145,4.4031972358503223e-05,0.006635659150265573,2.832592520058065e-05,0.005322210555829284,3.302151541637562e-05,0.0057464350180242724
2021-08-23,0.0027892869980642,7.780121957570407e-06,5.1347731627492546e-05,3.4779926881095164e-05,0.005897450879922203,4.631288621756635e-05,0.006805357170462573,3.7509639111080454e-05,0.006124511336513343,4.1341285235527346e-05,0.006429718907971588
2021-08-24,0.007738343720985,5.988196354410815e-05,3.026561694611755e-05,3.3159938585683653e-05,0.005758466687034288,4.390608302143522e-05,0.00662616654042405,3.496737464700265e-05,0.0059133217946432315,3.965191629081168e-05,0.006296976758001548
2021-08-25,0.0006043901504665,3.652874539809878e-07,1.1708206566583382e-05,3.4763260083189115e-05,0.005896037659580298,4.706054319008696e-05,0.006860068745288706,3.3163283402655084e-05,0.005758757105717785,3.8163928307982784e-05,0.006177696035576919
2021-08-26,0.000135250684179,1.8292747570896728e-08,8.395425790149116e-06,3.269938172543662e-05,0.005718337321760287,4.381196848437873e-05,0.006619060997179187,3.083941908079326e-05,0.005553325047284128,3.6853315697713876e-05,0.00607069318098962
2021-08-27,0.0040968579935776,1.6784245419541193e-05,3.186928298689421e-05,3.073851638676468e-05,0.0055442327139798775,4.0931874498967704e-05,0.006397802317903212,2.8700631825077998e-05,0.005357297063359283,3.569893445827339e-05,0.005974858530398305
2021-08-30,0.0134292590140948,0.0001803449976676,4.421403202661967e-05,2.9901260128731236e-05,0.005468204470274611,4.010290145842522e-05,0.0063326851696910704,2.7121079550167343e-05,0.005207790275171163,3.4682161054091766e-05,0.005889156225987876
2021-08-31,0.0118104276963513,0.0001394862023707,7.020014452346833e-05,3.892788438106616e-05,0.006239221456324992,5.589657495619949e-05,0.007476401203533655,2.6509136742496974e-05,0.0051487024328948135,3.378659196909692e-05,0.005812623501405963
2021-09-01,-0.003271078924395,1.0699957329621225e-05,3.5771970857173694e-05,4.49613834604467e-05,0.006705325007816303,6.560166238882905e-05,0.008099485316291958,2.579867044749076e-05,0.005079239160296625,3.29977790553308e-05,0.005744369334864429
2021-09-02,0.0092042939510858,8.471902713799469e-05,4.232122327579556e-05,4.2905697892597164e-05,0.006550244109389906,6.109377490454638e-05,0.007816250693558029,2.853223739891306e-05,0.005341557581727736,3.418059253693942e-05,0.005846417068336762
2021-09-03,0.0051768080106442,2.679934117907002e-05,1.9768255871684773e-05,4.541449764732101e-05,0.006739027945284172,6.46217857425447e-05,0.008038767675616997,2.7427614788739628e-05,0.005237138034149914,3.334481284559274e-05,0.005774496761241861
2021-09-06,0.0031238633220451,9.758522054818754e-06,8.41778804607129e-06,4.4297588259225944e-05,0.00665564333924422,6.186165684726306e-05,0.007865218169082347,2.6056636442580606e-05,0.005104570152577061,3.2608662139666146e-05,0.00571039947286231
2021-09-07,-0.0009039273439216,8.170846430891755e-07,2.674331891342272e-05,4.2225244286961505e-05,0.006498095435353462,5.7723255369162085e-05,0.0075975822054889335,2.462816369023272e-05,0.004962677068904717,3.196026416278033e-05,0.005653340973511179
2021-09-08,-0.0004954320044973,2.454528710802901e-07,2.0073166988913605e-05,3.9740754708329166e-05,0.006304026864499323,5.3195825243327377e-05,0.00729354682190547,2.418667644233497e-05,0.004917995164936111,3.153253790135513e-05,0.0056153840386348585
2021-09-09,0.0009071862729865,8.229869338951717e-07,7.102143070279926e-06,3.737103659809422e-05,0.006113185470611392,4.917304265631597e-05,0.0070123492965136845,2.326787914226773e-05,0.004823679004895302,3.105549047121113e-05,0.0055727453262473005
2021-09-13,-0.0008034211637875,6.454855664217403e-07,1.4330873770255368e-05,3.517815361824228e-05,0.005931117400477104,4.570828796852281e-05,0.006760790483998362,2.1903033166448246e-05,0.004680067645499181,3.059223807942117e-05,0.005531025047802728
2021-09-14,0.0014221395731308,2.022480965464689e-06,6.088209042593354e-06,3.310619353513304e-05,0.00575379818338574,4.265598603435674e-05,0.006531155030647852,2.1528140055938033e-05,0.0046398426757744745,3.0297475467055374e-05,0.005504314259474596
2021-09-15,0.0079915278908785,6.386451803069025e-05,2.5150645862936583e-05,3.124117078095293e-05,0.005589380178602358,4.0121907866148006e-05,0.006334185651379979,2.0355672387448576e-05,0.00451172609845152,2.992458213509321e-05,0.005470336565065554
2021-09-16,0.0062619875307568,3.921248783535425e-05,2.1008121827101297e-05,3.3198571615937096e-05,0.005761820165185398,4.4148664762747194e-05,0.006644446159218027,1.9785555752057863e-05,0.004448095744479638,2.95961394961764e-05,0.005440233404567896
2021-09-17,-0.0025188171588147,6.3444398795393975e-06,7.533300360615055e-05,3.355940658910209e-05,0.005793048125909373,4.5185370344135515e-05,0.006722006422500318,1.9124654237569422e-05,0.0043731743891102055,2.9306848809832443e-05,0.005413580036337548
2021-09-20,-0.0107627662179527,0.0001158371366623,8.026940545425562e-05,3.1926508586528325e-05,0.005650354731034887,4.277361923621454e-05,0.006540154374035413,2.096903309071779e-05,0.004579195681636437,3.0165346052794462e-05,0.005492298794930449
2021-09-21,0.0094454250556897,8.921605448265165e-05,7.535124490525291e-05,3.696114627107486e-05,0.006079567934571902,5.172023590474765e-05,0.007191678239795468,3.638426606690214e-05,0.006031937173653431,5.013495281642205e-05,0.0070806039866964775
2021-09-22,-0.0008744061752431,7.645861593033527e-07,8.734381116761957e-06,4.009644076376942e-05,0.006332175042098048,5.6866797745491025e-05,0.007541007740712843,3.4622721683593624e-05,0.005884107552007664,4.7397336108085205e-05,0.0068845723257211265
2021-09-23,0.0156238380774284,0.0002441043162697,4.461007907514897e-05,3.773652948750145e-05,0.006143006551152412,5.2440451610013606e-05,0.007241577977900508,3.3360652138734824e-05,0.0057758680852954755,4.512022382954699e-05,0.006717158910547449
2021-09-24,0.0016958112674268,2.8757758547317636e-06,1.8549266741331617e-05,5.011859669443347e-05,0.0070794488976496945,7.314130129263994e-05,0.008552268780425457,3.247655307726271e-05,0.005698820323300491,4.298038710890839e-05,0.0065559428848113365
2021-09-27,0.0001064397178897,1.1329413544441077e-08,2.231940512625959e-05,4.728402744405136e-05,0.006876338229323174,6.690662049927926e-05,0.008179646722156115,3.032304737211261e-05,0.0055066366660705525,4.1095629282071884e-05,0.006410587280590748
2021-09-28,-0.0059825422627533,3.579081192563014e-05,0.0001299060974896,4.444766556222095e-05,0.0066669082461228565,6.115708149039483e-05,0.007820299322301853,2.8231997030614737e-05,0.005313379059564143,3.943554371656331e-05,0.0062797725847807025
2021-09-29,-0.0021037194955448,4.4256357159353485e-06,3.4715251227455033e-05,4.3928254344025445e-05,0.006627839342049975,5.973546741189852e-05,0.007728872324724903,3.5299429580531875e-05,0.005941332306859453,4.425381158254974e-05,0.006652353837744181
2021-09-30,-0.0052732552241576,2.7807220659105683e-05,2.842175405903123e-05,4.1558097226340034e-05,0.006446557005591437,5.53225514257831e-05,0.007437913109588139,3.586012132813194e-05,0.005988332099018218,4.299385253175157e-05,0.006556969767487994
2021-10-01,-0.0048989638012051,2.3999846325517963e-05,1.2792156149558448e-05,4.073304463230596e-05,0.006382244482335815,5.3819338899448924e-05,0.007336166498890883,4.175996066304976e-05,0.006462194724940572,4.59870163564759e-05,0.006781372748675293
2021-10-04,0.0090394880242668,8.171234374086347e-05,3.322295113266888e-05,3.9729052733898674e-05,0.006303098661285469,5.211830479150525e-05,0.007219300851987348,4.688779503289292e-05,0.006847466322143755,4.7955274048901753e-05,0.0069249746605241635
2021-10-05,0.0073803589460669,5.4469698172790777e-05,4.2504601125890674e-05,4.224805019431653e-05,0.006499850013216961,5.645754328419722e-05,0.007513823479707068,4.40843661414166e-05,0.006639605872445788,4.5477485606275974e-05,0.006743699697219322
2021-10-06,-0.0099413972120656,9.883137852806614e-05,8.436591265851182e-05,4.298134907302492e-05,0.006556016250210559,5.7506262266844155e-05,0.007583288354457066,4.1373171866277285e-05,0.00643219805869481,4.329506154588223e-05,0.006579898292974006
2021-10-07,0.0081470247013147,6.637401148383287e-05,9.99305574151508e-06,4.6332350840327374e-05,0.006806787115837205,6.290525291816906e-05,0.00793128318232107,5.7036075149113475e-05,0.007552223192485341,5.8715423740004215e-05,0.007662599019915123
2021-10-08,0.0058763233035785,3.4531175568180015e-05,1.160846762333326e-05,4.7534850478937644e-05,0.006894552231939188,6.435539704256623e-05,0.008022181563799602,5.3081639898207334e-05,0.007285714782930179,5.495497333907162e-05,0.007413162168674824
2021-10-11,0.002831942397492,8.019897742712984e-06,4.611071808494843e-05,4.675462998429217e-05,0.006837735735189842,6.240927515730954e-05,0.007899954123747147,4.9271284342667965e-05,0.007019350706630063,5.1642786837985546e-05,0.007186291591494569
2021-10-12,0.0025599730157621,6.553461841430541e-06,2.314994114350797e-05,4.4430546049797406e-05,0.006665624205563753,5.802724887143019e-05,0.0076175618718478545,4.551219993213128e-05,0.006746273040140851,4.8725429008964806e-05,0.0069803602348994
2021-10-13,0.0093933419509834,8.823487300810555e-05,2.3742840765002257e-05,4.2157920997295365e-05,0.006492913136435399,5.404143311119616e-05,0.007351287853920302,4.2123199652379756e-05,0.0064902387977931715,4.615583436276921e-05,0.006793808531506405
2021-10-14,0.0096877099759962,9.385172457901631e-05,1.121657741187652e-05,4.492253811794392e-05,0.006702427777898388,5.880056390993014e-05,0.007668152574768589,3.982282224343784e-05,0.006310532643401652,4.389254784615709e-05,0.0066251451188752905
2021-10-18,0.0075240195734982,5.661087054238545e-05,1.009630507447766e-05,4.7858289305608266e-05,0.006917968582294102,6.35358344539637e-05,0.007970936861747413,3.777078000368722e-05,0.006145793683787898,4.1899056044275835e-05,0.006472948018042153
2021-10-19,-0.0031602962146704,9.9874721644606e-06,5.4237010071665035e-05,4.838344417981482e-05,0.0069558208846846265,6.39215702950397e-05,0.00799509664075674,3.568521483272862e-05,0.005973710307064498,4.014319811915678e-05,0.0063358660117743
2021-10-20,-0.0082949332443625,6.880591752843183e-05,6.650435280829897e-05,4.6079685858893534e-05,0.006788201960673646,5.955041715723232e-05,0.007716891677173674,3.792839108460129e-05,0.0061586030140447666,4.034921830374309e-05,0.006352103455056686
2021-10-21,-0.0048566829115848,2.358736890368027e-05,0.000122863199058,4.744325975906573e-05,0.00688790677630481,6.166291102658821e-05,0.007852573528887725,4.9783028520238486e-05,0.007055708931088249,5.085196239338899e-05,0.007131056190592597
2021-10-22,-0.0034827257394313,1.212937857609798e-05,8.555065707905397e-05,4.601190630774257e-05,0.00678320767098742,5.894591386699775e-05,0.007677624233250658,5.4598978930108045e-05,0.007389112188220453,5.216791466807358e-05,0.0072227359544755326
2021-10-25,0.0005794654054989,3.357801561700891e-07,8.194918508211775e-05,4.397895464384385e-05,0.006631663037567866,5.540915345648951e-05,0.007443732494957722,5.64345891015998e-05,0.007512295860893646,5.131638564549479e-05,0.007163545605738459
2021-10-26,0.0078585216635523,6.175636273652128e-05,4.8520428360324143e-05,4.136036417458342e-05,0.006431202389490119,5.112056159442631e-05,0.00714986444587772,5.1616491354007444e-05,0.007184461799885044,4.843793641925041e-05,0.006959736806751417
2021-10-27,-0.0031497940609639,9.921202626483592e-06,3.282521112853308e-05,4.258412408829966e-05,0.006525651238635088,5.356817771684652e-05,0.0073190284680992,4.8196105723638405e-05,0.006942341515917983,4.590261228380499e-05,0.006775146661424016
2021-10-28,-0.0196134303875884,0.0003846866515687,0.0001705101288226,4.062434880059069e-05,0.0063737233075017215,5.04763957184985e-05,0.00710467421621136,4.977613847034489e-05,0.007055220653554706,4.5410453627718566e-05,0.006738727893877194
2021-10-29,-0.0104479055444702,0.0001091587302661,0.0001047608804655,6.126808696668183e-05,0.007827393369869809,8.562006271197575e-05,0.009253110974800624,9.409098333216766e-05,0.009700050687092706,0.00011073966770232935,0.010523291676197583
2021-11-01,0.014494106171593,0.0002100791137134,7.497345856530311e-05,6.414152556465119e-05,0.008008840463178873,8.856991446704772e-05,0.00941115903951515,0.00011200086908500859,0.010583046304585867,0.00011993251856784573,0.010951370625079115
2021-11-02,-0.0022726287368459,5.164841375538037e-06,3.041509980302807e-05,7.289778085357673e-05,0.008538019726703419,0.00010134632767097109,0.010067091321279005,0.00010265354187535278,0.010131808420778236,0.00010887469397473768,0.010434303712981412
2021-11-03,-0.0033456412690553,1.11933155012062e-05,6.01435786474911e-05,6.883380448489439e-05,0.008296614037358516,9.183930740786318e-05,0.009583282705204057,9.761351443611944e-05,0.009879955183912497,0.00010004132633279564,0.01000206610320066
2021-11-04,0.0049013449265533,2.402318208904984e-05,2.4747674934534406e-06,6.537537514587308e-05,0.008085504013101043,8.412209523414951e-05,0.009171809812362526,9.577013364455519e-05,0.009786221622493289,9.331879726322074e-05,0.009660165488397222
2021-11-08,0.0084340373482947,7.113298599243014e-05,7.082592589494463e-05,6.289424356246368e-05,0.00793058910563797,7.865930930436129e-05,0.008869008360823733,8.685025958474776e-05,0.009319348667409529,8.543345714241925e-05,0.009243022078434047
2021-11-09,-0.0013458266538282,1.8112493821544432e-06,1.8583841935195303e-05,6.338856810826166e-05,0.007961693796439401,7.863319389112455e-05,0.008867535953754264,7.95611969345632e-05,0.008919708343581823,7.84880877565146e-05,0.008859350301038706
2021-11-10,-0.0015002606334366,2.250781968239824e-06,2.384181359638413e-05,5.969392898469522e-05,0.007726184633096417,7.16088108368872e-05,0.008462198936262795,7.479793877671965e-05,0.008648580159582244,7.268847258935889e-05,0.00852575349100353
2021-11-11,-0.0080020718582044,6.403315402386761e-05,3.380658871951807e-05,5.6247340163707876e-05,0.007499822675484259,6.550136643953146e-05,0.008093291446595227,7.086680943229077e-05,0.008418242657009287,6.765732748537129e-05,0.008225407435827801
2021-11-12,0.0127391184530934,0.0001622851389619,5.2384297071656024e-05,5.6714488995317416e-05,0.007530902269669778,6.6392602728809e-05,0.00814816560514138,8.232692567654817e-05,0.009073418632276821,7.40673026259667e-05,0.008606236263661759
2021-11-15,0.0003699978996557,1.3689844574964296e-07,2.112996633183988e-05,6.304872799331507e-05,0.007940322914927016,7.709660603666104e-05,0.00878046730172495,7.620915475765763e-05,0.008729785493221332,6.847683391087145e-05,0.008275073045651709
2021-11-16,-0.0061065892730084,3.729043254922189e-05,3.347495532488096e-05,5.927401822046114e-05,0.007698962152164481,7.009398303633978e-05,0.008372214942077143,6.902916843241574e-05,0.008308379410716372,6.355277613812842e-05,0.007971999506907187
2021-11-17,-0.0056019562269169,3.1381913568293263e-05,2.3016800398853933e-05,5.795500308018675e-05,0.007612818340154108,6.771371847109515e-05,0.008228834575509169,7.587713483561306e-05,0.008710748236266105,6.575930197394046e-05,0.008109210934113162
2021-11-18,-0.0075062975371328,5.6344502715965984e-05,7.510361910085895e-05,5.6360617709473127e-05,0.007507370891961654,6.503236074344309e-05,0.008064264426681648,8.120066616711509e-05,0.009011141224457371,6.66659902416874e-05,0.008164924386770975
2021-11-22,-0.0197980668487385,0.0003919634509471,0.0003228256218218,5.63596508098627e-05,0.007507306494999568,6.52052997974879e-05,0.008074979863596435,9.111299127010813e-05,0.009545312528676478,7.184495635650682e-05,0.00847614041628068
2021-11-23,0.0049713204170886,2.471402668936231e-05,0.0001360195553128,7.649587881809806e-05,0.008746192246806497,9.925434920241024e-05,0.009962647700406266,0.00014072471691577,0.011862744914890904,0.00013529996037385414,0.011631851115529898
2021-11-24,-0.0050574491010214,2.5577791409422868e-05,7.180671421586468e-05,7.33889676903739e-05,0.008566736116536676,9.198165991424979e-05,0.0095907069559157,0.00012595691689470503,0.011223052922209048,0.00012241026228276985,0.011063917131051274
2021-11-25,0.0069353472882373,4.8099042008460866e-05,5.351400609069391e-05,7.05202971135168e-05,0.008397636400411534,8.569960061153644e-05,0.00925740787756143,0.00012625514545583965,0.011236331494568841,0.00011554539194024491,0.010749204246838224
2021-11-26,-0.0295021956571138,0.0008703795485906,0.0001672173575566,6.917502180721341e-05,0.008317152265482063,8.247252963461292e-05,0.009081438742545859,0.00011377562844905049,0.010666565916406766,0.0001050105340845138,0.010247464763760537
2021-11-29,0.0016138312478338,2.6044512964848693e-06,0.0001792162967194,0.0001172472934142181,0.010828078934613383,0.00016269683829536863,0.01275526708051888,0.0002089807796193865,0.014456167528753481,0.000248463047301312,0.015762710658427756
2021-11-30,-0.0041572285072535,1.728254886152175e-05,0.0001901409115489,0.00011036872288715409,0.010505651949648536,0.00014531045936057305,0.012054478809163549,0.00018382165067583252,0.013558084329131182,0.0002220837611646374,0.014902475001308924
2021-12-01,0.0107585597624502,0.0001157466081622,2.718799536230124e-05,0.00010478355244561611,0.010236383758223219,0.0001315662505281065,0.011470233237737866,0.00017545865537608508,0.013246080755305891,0.00020188170298764677,0.014208508119702321
2021-12-02,0.0135819178616608,0.0001844684928009,8.869465147871225e-05,0.00010544133578861189,0.01026846316585943,0.00012947419513790375,0.011378672819705457,0.00015708832826463523,0.012533488272010918,0.000181055138704117,0.01345567310483266
2021-12-03,-0.011847592241934,0.0001403654419311,0.0001146018800448,0.00011018296520934922,0.010496807381739899,0.00013458293441073646,0.01160098851006829,0.00014179203921528162,0.011907646250005986,0.00016271120175460102,0.012755830108409293
2021-12-06,-0.016679248094838,0.0002781973170091,0.0001310325868584,0.00011199391381265636,0.010582717695027888,0.00013460266443810452,0.011601838838654177,0.00016317258866366434,0.012773902640292212,0.00017118485322000678,0.013083762961014189
2021-12-07,0.0155155573824794,0.000240732520889,8.570763354082378e-05,0.00012196611800444642,0.01104382714481019,0.00014854099528763246,0.012187739547907661,0.00020273198820502158,0.014238398372184337,0.00020283472404911024,0.014242005618911624
2021-12-08,0.0169170449933063,0.0002861864113055,3.676907484479016e-05,0.0001290921021775203,0.011361870540431284,0.00015696399934506976,0.012528527421252258,0.0001816025542919091,0.013475999194564724,0.0001818945550430021,0.013486828946902311
2021-12-09,0.0026924387253313,7.24922628966392e-06,3.1680763681779925e-05,0.00013851776072520207,0.011769356852657755,0.00016893157910163593,0.012997368160579123,0.00016369714269330807,0.012794418419502625,0.00016345055560336915,0.012784778277442638
2021-12-10,-0.0003168210773069,1.0037559502593113e-07,1.9696656016870976e-05,0.00013064164865906976,0.011429857770727934,0.00015123986452792208,0.012297961803808063,0.0001453121889307085,0.012054550548681129,0.00014720517021852954,0.012132813779932895
2021-12-13,-0.0082026046847206,6.728272361380033e-05,9.471790819996228e-05,0.00012280917227522713,0.011081929988735136,0.00013502372096601422,0.011619970781633413,0.00012986276658840605,0.011395734578709968,0.000132913927057848,0.011528830255400935
2021-12-14,-0.002499031160176,6.245156739530692e-06,2.725613389409503e-05,0.00011947758535554151,0.010930580284483597,0.00012760732629319517,0.011296341279068863,0.0001394871308941494,0.011810467005760161,0.00013211522409381092,0.011494138684295179
2021-12-15,-0.0059919764101691,3.59037813000238e-05,3.056643560120505e-05,0.00011268363963858086,0.01061525504350135,0.00011494736324658821,0.010721350812588319,0.00013097875218275092,0.01144459488941181,0.00012070104316628146,0.010986402649014893
2021-12-16,0.0015665890089298,2.45420112289978e-06,4.563756471972463e-05,0.00010807684813826738,0.010396001545703396,0.00010685550719422284,0.010337093749900057,0.00013364646756540516,0.011560556542200085,0.00011585189342777934,0.010763451743180686
2021-12-17,-0.0153770775563578,0.0002364545141742,0.0001352086143152,0.00010173948931734532,0.010086599492264245,9.63903794684863e-05,0.009817860228608182,0.00011920940821053715,0.010918306105368963,0.00010528049910889632,0.010260628592288892
2021-12-20,-0.0220846262813664,0.0004877307179876,0.0002411945640103,0.00010982239080875917,0.010479617875130713,0.00011085928184366931,0.010528973446811864,0.000153573616876541,0.012392482272593373,0.00013746158762726425,0.011724401376073076
2021-12-21,0.0093845326454953,8.806945297436875e-05,7.857867108841164e-05,0.0001324968904394908,0.011510729361751617,0.00014890986010546262,0.012202862783194058,0.0002163882411153839,0.014710140757837224,0.00020989972113760836,0.01448791638358009
2021-12-22,0.0109470329850817,0.0001198375311764,2.900122806162904e-05,0.00012983124419158336,0.011394351416012381,0.00014186803942152439,0.011910837057970544,0.00019191428716380132,0.013853313219724779,0.000188117370256084,0.013715588585842169
2021-12-23,0.006885546336514,4.7410748352281824e-05,1.3161692273697265e-05,0.00012923162141067636,0.011368008682732274,0.00013890951387433975,0.011785988031316669,0.00017128862960173733,0.013087728206290705,0.00016893158109911966,0.012997368237420976
2021-12-24,-0.004040908363189,1.632894039969151e-05,7.5238128818169e-05,0.00012432236902717265,0.011149994126777496,0.00012900336463571806,0.0113579648104631,0.00015269230997084793,0.012356872985138592,0.0001520328309301112,0.012330159404083598
2021-12-27,0.0048401385192229,2.3426940885266128e-05,9.736037079210076e-05,0.00011784276330952374,0.010855540673293236,0.00011718845480539893,0.010825361647787982,0.00014734675678203948,0.012138647238553376,0.00014001384659257892,0.011832744677063682
2021-12-28,0.0085666107599145,7.338681991188434e-05,9.67215809094129e-06,0.00011217781396406823,0.010591402832678409,0.0001075580539293853,0.010371019907867563,0.0001316531761991995,0.011474021797050916,0.00012656223043340246,0.011249988019255952
2021-12-29,-0.0011409108803489,1.3016776368986388e-06,1.4511502921352787e-05,0.0001098503543209371,0.010480951975891174,0.000104169869247155,0.01020636415415181,0.00011876114264940251,0.010897758606676996,0.00011471411207214642,0.010710467406800995
2021-12-30,-0.0005607831589689,3.144777513832307e-07,1.687951827683688e-05,0.00010333743371989479,0.01016550213810881,9.392193749366042e-05,0.009691333112305058,0.00010898666312738866,0.010439667769013948,0.00010450676124763235,0.010222854848213015
2021-12-31,0.0086869903602652,7.546380151934084e-05,3.1672612112459675e-05,9.715605636178408e-05,0.009856777179270316,8.484726270229172e-05,0.00921125738986224,9.895553650264083e-05,0.009947639745318527,9.534294523507323e-05,0.009764371215550606
