date,log_return,realized_var_proxy,parkinson_var_proxy,ewma_variance,ewma_volatility,garch_variance,garch_volatility,egarch_variance,egarch_volatility,gjr_garch_variance,gjr_garch_volatility
2015-01-02,0.0154566845302444,0.0002389090966674,0.0001053960430985,0.0005980074787183658,0.02445419143456528,0.00048781390004522506,0.02208650945815624,0.0004892170063438404,0.022118250526292543,0.0004881668677024089,0.02209449858454382
2015-01-05,0.0143818428275138,0.0002068374031153,0.0001479502931485,0.0005764615757953137,0.024009614236703464,0.00047929867932638173,0.021892891068252766,0.00047515821628659475,0.021798124146049695,0.0004756518947578714,0.021809445081383237
2015-01-06,-0.0496907343668538,0.0024691690819172,0.0008528450861169,0.0005542841254345135,0.02354323948471224,0.0004699512234011381,0.02167835841112371,0.0004609521013143625,0.021469795092509906,0.00046338262738579547,0.02152632405650801
2015-01-07,-0.0193536700286838,0.0003745645435791,0.0004765408537017,0.0006691772228234763,0.025868460001002694,0.0005635353615739655,0.023738899754916307,0.0005858506296997632,0.024204351462077292,0.0006049125802041709,0.02459497062824371
2015-01-08,0.0154371123926855,0.0002383044390244,8.661053898926343e-05,0.0006515004620688181,0.025524507087675917,0.0005556617308599719,0.023572478250281022,0.0006082626655979999,0.024662981685068006,0.000603918179848606,0.02457474679113919
2015-01-09,0.0118297399255651,0.0001399427467065,0.0002165159019538,0.0006267087006861532,0.02503415068833279,0.0005422001940789883,0.023285192592696936,0.0005858653421596937,0.02420465538196513,0.0005836206241789096,0.024158241330421996
2015-01-12,-0.0072827872764596,5.303899051416187e-05,9.705568356824058e-05,0.0005975027434473745,0.024443869240514574,0.0005252688257174077,0.022918743982107914,0.0005611072846784131,0.023687703237722586,0.0005628624295101468,0.0237247219058548
2015-01-13,-0.0133207350488053,0.0001774419822404,0.0001733943866907,0.0005648349182713817,0.0237662558740619,0.0005056370705555505,0.02248637522046518,0.0005470161788355847,0.02338837700302406,0.0005442720625228653,0.023329639142577095
2015-01-14,-0.0381382949472523,0.0014545295414836,0.0006241474256004,0.000541591342109527,0.02327211511894712,0.0004930514463284933,0.022204761794004754,0.0005520686258183684,0.0234961406579542,0.0005348302975927737,0.023126398284055685
2015-01-15,0.0207464032837445,0.0004304132492117,0.0006870489849167,0.000596367634071972,0.024420639509889416,0.0005391006703849558,0.023218541521485708,0.0006387816254377267,0.025274129568349662,0.0006071265536168836,0.02463993818208324
2015-01-16,-0.003514816189829,1.2353932848284138e-05,0.0002104316420628,0.0005864103709803596,0.024215911524870577,0.0005355228368461469,0.023141366356508573,0.0006202904689140082,0.024905631269132856,0.0005901748238187639,0.02429351402779688
2015-01-19,0.003514816189829,1.2353932848284502e-05,9.877387436381792e-05,0.0005519669846924351,0.023493977626030785,0.0005133087612189904,0.022656318350936684,0.0005904505975554584,0.024299189236586853,0.0005671669529933773,0.023815267224899603
2015-01-20,0.0438583853919698,0.0019235579691905,0.0007507527962071,0.000519590201581786,0.022794521306265372,0.0004927052122090396,0.022196964031349863,0.0005562488314204564,0.023584928056291723,0.0005451482465969425,0.02334840993723004
2015-01-21,-0.0122637904242036,0.0001504005555687,0.0003527192501009,0.000603828267638312,0.02457291736115824,0.000559978899526864,0.02366387329933255,0.0005691886502713554,0.023857674871440332,0.000560036931298058,0.02366509943562583
2015-01-22,0.0157402630118045,0.0002477558796807,0.0001703362136896,0.0005766226049141405,0.024012967432496563,0.0005422312469343877,0.023285859377192582,0.000569808073117753,0.023870652967980435,0.000547819413811241,0.02340554237378918
2015-01-23,-0.0007437485402674,5.531618911500179e-07,0.0003707621645109,0.0005568906014001389,0.023598529644877006,0.0005301706144802311,0.023025434077997987,0.000550507148717788,0.023462888754750298,0.0005314634540483111,0.023053491146642218
2015-01-27,-0.0117283735112413,0.0001375547452191,0.000163082721992,0.0005235103550295995,0.022880348664948258,0.0005078111998146431,0.022534666623108563,0.0005180157559129782,0.022759959488386137,0.0005116479461138673,0.02261963629490685
2015-01-28,-0.0183652945657364,0.0003372840444862,0.0001532643850899,0.0005003530184409747,0.022368572114486313,0.0004932651090510782,0.022209572464391973,0.000519765718385435,0.02279837095902764,0.0005018633943000462,0.022402307789601637
2015-01-29,-0.0019191481824073,3.683129746037449e-06,0.0001813065575062,0.0004905688800036922,0.022148789583263738,0.0004888010700167012,0.02210884596754659,0.0005415242644516887,0.023270673914858778,0.0005054199895873376,0.022481547757824363
2015-01-30,0.0001279834307168,1.6379758538066745e-08,0.0001706822581336,0.0004613557349882329,0.021479193071161518,0.00046958242846588735,0.02166985067936296,0.000513125718465179,0.022652278438717352,0.0004875517769249972,0.022080574651149758
2015-02-02,-0.0170481851881575,0.0002906406182097,0.0003794451363582,0.0004336753736744512,0.020824873917372255,0.0004515914122931694,0.021250680278362136,0.0004817466040883434,0.021948726707678133,0.0004706496087212801,0.021694460323347067
2015-02-03,-0.0071899202934873,5.169495382670183e-05,0.0002152252433302,0.00042509328834656687,0.020617790578686332,0.00044804051688762404,0.021166967588382234,0.0005008927740787652,0.022380633906991222,0.00047333966365554786,0.021756370645297157
2015-02-04,0.0210316353964175,0.0004423296874478,0.0002588933479432,0.00040268938827537487,0.020067122072568725,0.0004339470870575563,0.020831396666031694,0.0004904419924009123,0.02214592496151182,0.00046067436840322617,0.02146332612628402
2015-02-05,-0.0258977856402,0.0006706953010657,0.0005283554388683,0.00040506780622572285,0.020126296386213806,0.000438531521967752,0.02094114423730833,0.0004820213820785715,0.021954985358195334,0.00045377612603165465,0.021302021641892457
2015-02-06,-0.0283480419378921,0.0008036114817124,0.0004844595361009,0.00042100545591612447,0.02051841748079331,0.00045310535743407803,0.021286271571932882,0.0005281048381939172,0.022980531721305257,0.00048173520889921955,0.021948467119578523
2015-02-09,-0.059226915515523,0.0035078275214829,0.0006745195878517,0.0004439618174639064,0.021070401454739925,0.00047263019207188393,0.02174005961518698,0.0005814706319204811,0.024113702161229433,0.0005162582796837333,0.02272131773651637
2015-02-10,0.0292137680030837,0.0008534442409379,0.0006532948373077,0.000627793759705046,0.025055812892521487,0.0006129658630296016,0.024758147407057774,0.0007488331860481485,0.02736481657252883,0.000720200413607155,0.026836549957234723
2015-02-11,0.0200628100077597,0.0004025163454074,0.0006829631964144,0.0006413327885790231,0.02532454912883985,0.0006231531306894729,0.024963035285987818,0.0007330862388030373,0.027075565345954226,0.0007034990387482932,0.026523556299039033
2015-02-12,0.000821724828873,6.752316943865156e-07,0.0003583437465198,0.0006270038019887294,0.025040043969384907,0.0006122205735628985,0.024743091431001472,0.0007069800757927203,0.02658909693450908,0.0006795598602854408,0.02606836896097339
2015-02-13,0.0034158234071685,1.1667849548960624e-05,0.0001139425969563,0.0005894240877710688,0.024278057742971714,0.0005839180315731318,0.0241643959488569,0.0006597658177115609,0.02568590698635267,0.0006497787636474916,0.025490758396867905
2015-02-16,0.0088274187896749,7.792332248830603e-05,9.729927194146538e-05,0.0005547587134777423,0.02355331640083286,0.0005581642810578689,0.023625500652004583,0.0006196554446013951,0.024892879395549947,0.000622200902763342,0.024943955234953057
2015-02-18,-0.006238916139257,3.8924074592682503e-05,0.0001397517480099,0.000526148590018376,0.02293792906995695,0.0005372723297071625,0.023179135654876403,0.0005889631801653095,0.0242685636197388,0.0005977027949034144,0.024447960955945067
2015-02-19,0.0208690475947874,0.0004355171475135,0.0003592856827905,0.0004969151190928342,0.022291593013798593,0.0005161323447719269,0.022718546273296777,0.000569805125488026,0.023870591226193498,0.000575876899492416,0.023997435269053565
2015-02-20,-0.0014666960029069,2.151197164943354e-06,0.0001983269315436,0.0004932312407980743,0.022208809981583307,0.0005144504095101828,0.022681499278270446,0.0005561419822451633,0.023582662747136152,0.0005611178396724807,0.02368792603147183
2015-02-23,-0.0198107812958547,0.0003924670555521,0.0003712366230038,0.0004637664381800864,0.021535237128485176,0.000493302942774437,0.02221042419168164,0.0005252753038325464,0.02291888530955523,0.0005394128662197268,0.02322526353391338
2015-02-24,-0.0227140835313022,0.0005159295906669,0.000447069920589,0.0004594884752224124,0.021435682289640618,0.0004913303477340038,0.02216597274504333,0.0005513332848096673,0.023480487320532067,0.0005439529573239843,0.02332279908853104
2015-02-25,-0.0230995409771027,0.0005335887933528,0.0006101573691591,0.00046287494214908607,0.021514528629488633,0.0004950810824554764,0.02225041757935065,0.0005858399822872292,0.024204131512765112,0.0005560289796891614,0.023580266743384422
2015-02-26,-0.0163773095694962,0.0002682162687351,0.0003348108590371,0.0004671177732213117,0.021612907560560002,0.0004993580565860521,0.022346320873603602,0.0006206075717384608,0.024911996542598926,0.0005684157201467098,0.023841470595303255
2015-02-27,0.0156645930175076,0.0002453794744041,0.0002329078454929,0.00045518368295213973,0.021335034168056533,0.0004913305202848264,0.022165976637288653,0.0006317341170642936,0.025134321496000117,0.000563117796137288,0.02373010316322472
2015-03-02,0.0054038252023455,2.920132681750465e-05,0.0002993129903798,0.0004425954304392602,0.02103795214461855,0.00048285279471702405,0.021973911684473112,0.0006078768156679385,0.024655157993165214,0.0005456906725651657,0.023360022957291067
2015-03-03,0.0017004302581937,2.891463062980882e-06,0.0002010574411888,0.00041779178422195483,0.020439955582680577,0.0004652187878994575,0.021568931079204122,0.0005743170611440589,0.023964913126152967,0.0005254261620548388,0.022922176206783655
2015-03-04,-0.0142594992189088,0.000203333317974,0.0003897756752831,0.0003928977649524163,0.019821648895902086,0.0004476740862017167,0.02115831009796663,0.0005394986803055635,0.023227110890198195,0.0005060344600868523,0.022495209714222544
2015-03-05,-0.0141742715232528,0.0002009099732148,0.0001912846744129,0.00038152389813371495,0.019532636742992868,0.00044046104276952453,0.020987163761917057,0.0005478004681206319,0.023405137643701904,0.0005008041952616955,0.022378654902868837
2015-03-09,-0.0204555392519898,0.0004184290860896,0.0002370862185791,0.00037068706263858575,0.0192532351213656,0.0004336614155342483,0.02082453878322995,0.0005554387354471975,0.02356774778054105,0.0004957711831949819,0.022265919769795764
2015-03-10,-0.0140740626264189,0.0001980792388123,0.000258199429651,0.00037355158404565235,0.019327482610150045,0.00043718629140750734,0.020909000248876257,0.0005825303064264901,0.024135664615387954,0.0005048900860940127,0.022469759368849786
2015-03-11,-0.0191816480260459,0.0003679356209951,0.0003836798387811,0.00036302324333165487,0.019053168852756618,0.00043049613972327927,0.020748400895569744,0.0005881157661976494,0.02425109824724747,0.0004994029815867608,0.022347326050039203
2015-03-12,0.0239950807095233,0.0005757638982565,0.0002622607598381,0.0003633179859914622,0.01906090202460162,0.0004319682722592052,0.020783846425991633,0.0006098767946419935,0.024695683724934473,0.0005050713578162581,0.022473792688735433
2015-03-13,-0.020312819100833,0.0004126106198231,0.0004323939504864,0.0003760647407273667,0.01939238873185474,0.0004427271922199174,0.021041083437406863,0.0005970937434576332,0.024435501702597253,0.00049766591312883,0.022308426953257597
2015-03-16,-0.0009194203065647,8.453337001236694e-07,0.0001122285117298,0.00037825749347311465,0.019448842985460978,0.0004453318110830357,0.021102886321141847,0.0006222274509013972,0.024944487385019504,0.0005062880927693818,0.02250084649006303
2015-03-17,0.0192795784212375,0.0003717021441006,0.0002864898039521,0.00035561276388673517,0.01885769773558626,0.0004291364388062176,0.020715608579190175,0.0005842831629466891,0.02417194992024204,0.00048818137675967854,0.022094826923053246
2015-03-18,-0.0024084832340601,5.800791488748689e-06,0.0001315346728381,0.00035657812669956986,0.018883276376189854,0.0004308773910664899,0.020757586349729823,0.0005678828660301225,0.023830293032821113,0.0004781270907177678,0.021866117412969496
2015-03-19,0.0145135132063991,0.0002106420655923,0.0003897342454529,0.0003355314865869206,0.01831751857067219,0.0004159539472778059,0.02039494906288824,0.0005388272576244021,0.02321265296394193,0.0004622257699112726,0.021499436502180065
2015-03-20,-0.023749805001925,0.0005640532376294,0.0006698244141677,0.0003280381213272446,0.018111822694782672,0.0004113709667913457,0.020282282090320746,0.0005203875405509309,0.022812004308059627,0.00045092844214330625,0.021235075750825713
2015-03-23,0.0081806610641918,6.692321544718505e-05,0.000134198497358,0.00034219902830537764,0.018498622335335613,0.00042309389329619584,0.02056924629869057,0.0005590079702703684,0.023643349387732028,0.00047230618721426555,0.021732606544413065
2015-03-24,-0.0129073200956886,0.0001665989120525,0.0003102004259849,0.00032568247953388595,0.018046675027103633,0.000411497394492398,0.0202853985539451,0.0005323352086086218,0.023072390613211754,0.0004576678760667102,0.021393173585672373
2015-03-25,-0.0123020719196918,0.0001513409735172,0.0001644678745898,0.0003161374654850068,0.017780254933071313,0.0004052468327348704,0.020130743471985093,0.0005368748072618918,0.02317055906235091,0.000453351977742316,0.02129206372671085
2015-03-26,-0.0236411305177852,0.0005589030521589,0.0004237937865546,0.00030624967596694255,0.017499990741910196,0.0003987598031529655,0.01996897100886687,0.0005393492511173735,0.02322389396973241,0.0004483568552434822,0.021174438723221976
2015-03-27,-0.0015854736606204,2.5137267285213057e-06,0.0002410451307211,0.0003214088785384633,0.017927879923138244,0.0004111642620678607,0.020277185753152745,0.0005771721431881266,0.024024407239058503,0.00046958017960597076,0.02166979879015887
2015-03-30,0.0229028051368271,0.0005245384831354,0.0003348281465827,0.00030227516942986674,0.01738606250506039,0.0003975214553201826,0.019937940097216226,0.000544952122197575,0.02334420960747172,0.0004540439339958953,0.02130830669001869
2015-03-31,-0.0176801072835522,0.0003125861935579,0.0004397132284868,0.00031561096825220316,0.017765443091918735,0.000408462469301737,0.020210454455596417,0.0005351231513907774,0.02313272900871787,0.0004491148009755984,0.02119232882378901
2015-04-01,0.0215499146513939,0.0004643988214823,0.0002782460152945,0.0003154294817705459,0.01776033450615573,0.0004090303403151183,0.02022449851826043,0.0005541801174581715,0.02354103050969034,0.00045464437104289317,0.021322391306860804
2015-04-06,-0.017297001711365,0.0002991862682029,0.0002833836268346,0.0003243676421532549,0.018010209386713272,0.0004164187370490013,0.02040634060896273,0.000542287670545169,0.023287070888052215,0.0004485600820945899,0.021179237051758733
2015-04-07,0.047277192083904,0.0022351328913383,0.0011240380474585,0.0003228567597162374,0.017968215262408157,0.00041580412050452826,0.020391275597777796,0.0005598642479908969,0.023661450673847048,0.0004532759049098492,0.021290277238914697
2015-04-08,0.0077657715162238,6.030720724219375e-05,0.0003435679545263,0.00043759332761356454,0.02091873150106298,0.0005027358639079891,0.022421772095621458,0.0005765783587426197,0.024012046117368253,0.00048010860764487645,0.021911380779058093
2015-04-09,0.0291746015825144,0.0008511573774984,0.0003331861354265,0.00041495616039128225,0.02037047275816843,0.0004850662668804021,0.022024220006175068,0.0005480974726242209,0.02341148164094321,0.00046482380865330237,0.021559772926756496
2015-04-10,-0.0097277761281948,9.46296284002768e-05,0.000181886045678,0.0004411282334177124,0.021003052954694762,0.0005044229278808319,0.022459361697983134,0.0005449491901836521,0.02334414680779,0.00046522565272256013,0.021569090215457862
2015-04-13,0.0072684627566356,5.283055084459922e-05,0.0001552179290561,0.0004203383171166663,0.02050215396285635,0.00048818233872404326,0.02209484869203777,0.0005392144213606544,0.02322099096422576,0.0004558317765451267,0.02135021724819508
2015-04-15,-0.0221142059222349,0.000489038103571,0.0002517135951474,0.0003982878511403422,0.01995715037625217,0.0004712299429589086,0.021707831373928364,0.000513099547247056,0.022651700758376973,0.00044203828941903226,0.021024706642876905
2015-04-16,0.0001481377848703,2.1944803306308765e-08,0.0003024391327342,0.00040373286628618224,0.020093104943890137,0.00047522250885565154,0.021799598823273137,0.0005467285344268826,0.023382226891955408,0.00045924891346827866,0.021430093641145825
2015-04-17,0.0242807397287637,0.0005895543217759,0.0008880692921556,0.0003795102109972096,0.0194810218160447,0.0004568228368286498,0.02137341425296038,0.0005125789500665156,0.022640206493460158,0.00044424706129333986,0.021077169195443203
2015-04-20,-0.0044896369536109,2.0156839975228673e-05,0.0006888246189657,0.0003921128576439349,0.01980183975402121,0.00046640309985828104,0.021596367746875424,0.0005062166770948642,0.022499259478810946,0.0004411809119379183,0.021004306985423687
2015-04-21,0.0109717129350488,0.0001203784847291,0.0002129476342778,0.0003697954965838125,0.019230067513761166,0.00044955290361136226,0.021202662653812192,0.00048776189220869524,0.022085332060186355,0.00042867181441419503,0.02070439118675541
2015-04-22,0.0088621110801879,7.853701279758918e-05,0.0005233642883004,0.00035483047587253077,0.01883694444097903,0.00043845421493998645,0.020939298339246862,0.0004692593343040592,0.021662394473004574,0.0004179539822922613,0.020443922869455886
2015-04-23,0.0502326068443784,0.0025233147903818,0.0007606427419734,0.0003382528680880343,0.018391652130464904,0.0004262690142948065,0.02064628330462426,0.0004499767759293765,0.021212656031939437,0.0004071800903405813,0.02017870388158222
2015-04-24,0.0028379787449844,8.054123356983788e-06,0.0003949725140486,0.00046935658342566583,0.021664639009816567,0.0005254674271627114,0.022923076302335848,0.00047393722983268507,0.021770099444712813,0.00044244979210572956,0.021034490535920512
2015-04-27,-0.0043277912751952,1.872977732165599e-05,0.0003417057031159,0.00044167843582154485,0.021016147026073663,0.0005037880267601926,0.022445222804868582,0.00044839479496333584,0.021175334589170862,0.0004287247054833123,0.02070566843845695
2015-04-28,0.0063499886714395,4.03223561274103e-05,0.0001664579407049,0.00041630151631155145,0.02040346824222665,0.0004841629119594469,0.022003702233020853,0.0004335010786026766,0.02082068871585848,0.00041696127085025356,0.020419629547331498
2015-04-29,-0.003507637434433,1.230352037143595e-05,0.0003299187321338,0.00039374276670050293,0.01984295257013187,0.000466936574644389,0.021608715247427114,0.0004143790862479331,0.020356303354193098,0.00040554562104539783,0.020138163298707205
2015-04-30,-0.0262921541171388,0.0006912773681193,0.0002614664840691,0.00037085641192075887,0.019257632562720655,0.00044969274340023554,0.021205960091451544,0.00039965845560281324,0.019991459566595263,0.0003949302833686523,0.019872852924747678
2015-05-04,0.0036009158019798,1.2966594612948166e-05,0.0002536825935999,0.0003900816692926761,0.019750485292586512,0.0004643876649020304,0.021549655795442078,0.00044753320090992326,0.021154980522560717,0.0004281472972510817,0.02069172050002323
2015-05-05,0.0497576118179284,0.0024758199338236,0.0008592701679485,0.00036745476481189233,0.01916910965099559,0.0004473586002506099,0.0211508534166026,0.00042476239477255424,0.020609764549178,0.0004154735245214858,0.020383167676332494
2015-05-06,-0.0333028991812234,0.0011090830938747,0.0008769886702492,0.0004939566749525978,0.022225136106503323,0.000542881318084109,0.023299813692047176,0.00044894421620411917,0.021188303759482947,0.0004493059777976196,0.02119683886332157
2015-05-07,-0.0009525764062178,9.074018096829524e-07,0.0002780681124719,0.0005308642600879257,0.023040491750132543,0.0005697042162917743,0.023868477460696445,0.0005184076566153636,0.0227685672938673,0.0005054059129283762,0.022481234684251134
2015-05-08,-0.0016347943873549,2.672552688927205e-06,0.0003138223726534,0.0004990668485912311,0.022339804130547588,0.0005444946156756695,0.02333440840637854,0.0004891147058968578,0.022115937825397725,0.00048736236694824677,0.02207628517093052
2015-05-11,0.0279664149723586,0.0007821203664061,0.000303227077869,0.00046928319083709285,0.021662945109958913,0.000521192500161662,0.022829640824193052,0.00046401168563760963,0.0215409304728837,0.00047064233785676227,0.02169429274848024
2015-05-12,-0.0643442078450507,0.004140177083207,0.0014956921251188,0.00048805342137123707,0.02209193113721019,0.0005348096329002985,0.023125951502593327,0.00046422486704463146,0.021545878191538897,0.00046937375564210795,0.02166503532519871
2015-05-13,0.0165479317648466,0.000273834045694,0.0002752586032553,0.0007071808410813881,0.02659287199761222,0.0006992185016625327,0.02644274005587418,0.0006437356931419072,0.025371946971840913,0.0007166223285299097,0.026769802549326167
2015-05-14,0.0190114977931702,0.0003614370483397,0.0002996478224675,0.000681180033358146,0.026099425920087706,0.000676954942753383,0.02601835780277808,0.0006200142832189166,0.024900086008263437,0.0006894166138536659,0.02625674415942818
2015-05-15,-0.0062971413786574,3.965398954279954e-05,0.0003237561480669,0.0006619954542570402,0.025729272322726895,0.0006602650185557094,0.02569562255629759,0.0006008345229222132,0.024511926136520017,0.0006656613982732917,0.025800414691886094
2015-05-18,0.0001373022386948,1.885190475063021e-08,9.800241257782382e-05,0.0006246549663741856,0.024993098374835113,0.0006302410207449623,0.025104601585067273,0.000581015946064567,0.02410427236123437,0.0006393192163796582,0.025284762533582517
2015-05-19,0.011467786271893,0.0001315101219778,0.000161662028046,0.0005871767995060195,0.024231731252760697,0.0006006023240046393,0.02450718923101218,0.0005439630596053547,0.023323015662760137,0.0006122276500419701,0.02474323442967734
2015-05-20,-0.0193251629428397,0.0003734619227673,0.0003876799643199,0.0005598367988543274,0.02366087062756414,0.0005790556434705067,0.024063575035112857,0.0005219196957050293,0.02284556183824397,0.0005893925010779135,0.0242774072148966
2015-05-21,-0.0541670679935725,0.0029340712550203,0.000292217110229,0.000548654306289106,0.02342337094205499,0.0005700069512739305,0.023874818350595475,0.0005465760482982464,0.02337896593731738,0.0005893700719012765,0.024276945275328123
2015-05-22,-0.0027797390596949,7.726949239993976e-06,0.0001536553837429,0.0006917793232129782,0.026301698105122,0.0006773498823974701,0.026025946330488544,0.0006922382560912867,0.026310421054998086,0.0007519659961062456,0.027421998397386096
2015-05-25,-0.0276266521284425,0.0007632319078259,0.0002511081485892,0.000650736180774599,0.025509531175123525,0.0006446441742840862,0.02538984392004185,0.000654289063283339,0.02557907471515221,0.0007178018562893951,0.026791824430027065
2015-05-26,0.0025569682426434,6.538086593887003e-06,0.0001687265159044,0.0006574859243976816,0.025641488342092813,0.0006484572973769199,0.025464824707366825,0.0007027811787159572,0.02651002034544593,0.0007339113683227466,0.02709079859145438
2015-05-27,-0.0142211463492106,0.0002022410034856,0.0001686393727323,0.0006184290541294538,0.024868233836150364,0.0006177925748988646,0.024855433508568395,0.000657977301450775,0.02565106823215702,0.0007005898740211036,0.02646865833436035
2015-05-28,-0.0105692914488597,0.0001117099217309,0.0002590300277726,0.0005934577710908266,0.024360988713326613,0.0005981965231299236,0.024458056405403997,0.0006600007634562221,0.02569048001607253,0.000682228073480346,0.026119496041852455
2015-05-29,0.0116351227233946,0.0001353760807884,0.0001708020646417,0.0005645529001292334,0.02376032197023503,0.0005759293253253412,0.02399852756577664,0.0006497982272281005,0.025491140171206555,0.0006593496918142626,0.025677805432206675
2015-06-01,0.003494807611921,1.2213680244341394e-05,0.0001093581919546,0.0005388022909687865,0.023212115176536294,0.0005563461793815297,0.0235869917408204,0.0006199392244218018,0.02489857876309011,0.0006334225033700268,0.025167886350864404
2015-06-02,-0.0242566418830009,0.0005883846754401,0.0003714089785273,0.0005072069743253197,0.02252125605567593,0.0005326160664690815,0.02307847625969014,0.0005832705698425728,0.024150995214329632,0.0006069528962610246,0.024636414030069893
2015-06-03,-0.0172418520872987,0.0002972814634002,0.0002721211035044,0.0005120776363922098,0.022629132471047354,0.0005366484332105553,0.02316567359716862,0.0006219753957473227,0.024939434551475355,0.000619400606443587,0.024887760173297777
2015-06-04,-0.026270931308668,0.0006901618318247,0.0007490440921674,0.0004991898660126943,0.022342557284534246,0.0005272310362560669,0.02296151206380074,0.0006358934077923231,0.025216927009299193,0.0006125254776570937,0.024749252062579462
2015-06-05,0.0098524898069583,9.707155539621732e-05,0.00084064580335,0.0005106481839614178,0.022597526058429886,0.0005362539895950691,0.023157158495702126,0.0006800721436213958,0.02607819287491746,0.0006310626239117456,0.025120959852516497
2015-06-08,-0.0288598803773787,0.0008328926953966,0.0006870055678395,0.0004858335862475057,0.02204163302134181,0.0005178160110062789,0.022755570988359727,0.0006457451006610714,0.025411515119352315,0.0006063245148475166,0.02462365762529029
2015-06-09,0.0082372013697713,6.785148640616275e-05,0.0008245848754244,0.0005066571327964518,0.022509045577199665,0.0005339727710665526,0.023107850853477323,0.0006988444151385361,0.02643566558909641,0.0006343424064876389,0.025186155055657838
2015-06-10,0.0040932062804823,1.6754337654580042e-05,0.0001445158445583,0.00048032879401303433,0.02191640467807241,0.0005143794794210673,0.022679935613247833,0.0006610844003622214,0.025711561608782563,0.0006088424284092384,0.024674732590430203
2015-06-11,-0.0241455740902717,0.0005830087481488,0.0003720272643418,0.00045251432663152705,0.02127238413134567,0.0004938971945529397,0.022223797932687826,0.0006216381957255818,0.02493267325670438,0.0005841072643660001,0.024168311160815522
2015-06-12,-0.0038571667787517,1.4877735559106276e-05,0.0001856572976082,0.00046034399192256345,0.021455628443897035,0.0005004937065820596,0.0223717166659615,0.0006588550474202214,0.025668171875305443,0.0005977473873689981,0.024448872926353848
2015-06-15,-0.0018502357711157,3.4233724087162235e-06,0.000180632215776,0.00043361601654075596,0.02082344871871026,0.0004809333245602031,0.02193019207759483,0.0006270539006022833,0.02504104431932269,0.0005743913850660005,0.023966463758051594
2015-06-16,-0.0086230197452765,7.435646952742889e-05,0.0001760131417794,0.00040780445789283357,0.020194168908198067,0.00046227335609677416,0.02150054315818031,0.0005915522818760176,0.024321847830212604,0.0005518760373326993,0.023492042000062476
2015-06-17,0.035366535071134,0.0012507918029377,0.000627172706211,0.00038779757859090923,0.019692576738225734,0.00044817230703529394,0.021170080468323544,0.000579546305093414,0.02407376798703132,0.0005353770917111963,0.02313821712473103
2015-06-18,-0.0044354354318813,1.9673087470388178e-05,0.0001226384302951,0.00043957723205171977,0.02096609720600665,0.0004882666496813511,0.022096756542111583,0.0005816102282377235,0.02411659653097268,0.000538450344486536,0.023204532843531585
2015-06-19,0.004107598178433,1.6872362795466155e-05,0.0001222280035962,0.00041438298337683984,0.02035639907687113,0.00046980947516805964,0.02167508881569023,0.0005575252044552162,0.023611971634220134,0.0005193799977807756,0.022789909999400514
2015-06-22,0.018519033013249,0.0003429545837458,0.0001263435765419,0.0003905323461419574,0.019761891259238256,0.00045256386247016805,0.021273548422164272,0.0005266409024068004,0.022948657965266735,0.00050065339841247,0.022375285437564143
2015-06-23,0.0076961770488978,5.92311411679816e-05,0.0001275489496656,0.0003876776803981883,0.019689532254428706,0.0004513069746767595,0.021243986788659974,0.0005132846113051529,0.022655785382660054,0.000489228849030268,0.022118518237672885
2015-06-24,-0.0275279927505887,0.0007577903848764,0.0005008148634729,0.0003679708880443759,0.0191825672954476,0.0004373173497939902,0.020912134032517824,0.0004895867763182809,0.022126607880971743,0.00047331178271314486,0.021755729882335477
2015-06-25,-0.0060927435162514,3.712152355482455e-05,5.091484812213415e-05,0.0003913600578543012,0.019782822292441014,0.00045591577647326886,0.02135218434899036,0.0005407201771906969,0.023253390660088625,0.000505490425490289,0.022483114230245974
2015-06-26,-0.0134698655659228,0.000181437278364,0.0001490790274336,0.00037010574579633254,0.019238132596391275,0.0004405926915879802,0.02099029994040057,0.0005244748656998099,0.022901416237862016,0.000489741058952118,0.02213009396618365
2015-06-29,-0.0079001105580329,6.241174682914445e-05,0.0004514515183866,0.00035878563775039457,0.01894163767340075,0.00043290338401734196,0.02080633038325937,0.0005311041884108243,0.023045697828679962,0.0004842141554940837,0.022004866632044914
2015-06-30,0.0276271353712093,0.0007632586088191,0.000504369368744,0.00034100320429511944,0.01846627207357022,0.0004203917830073932,0.02050345783050735,0.0005207940475686644,0.022820912505170873,0.00047149935509961416,0.021714035900762763
2015-07-01,0.0076853992920215,5.9065362277806e-05,0.0001206439087247,0.00036633852856655973,0.019139972010600217,0.00044046447323695375,0.020987245489509903,0.0005175249706448057,0.022749175164053878,0.0004698235827626163,0.0216754142466209
2015-07-02,-0.0085064951287845,7.236045937603507e-05,0.0002013958429133,0.0003479021385892344,0.018652134960621382,0.0004272534397526103,0.020670109814720634,0.0004934962482885019,0.02221477544987799,0.00045520628450862406,0.021335563843231892
2015-07-03,-0.0104039361848403,0.0001082418881382,0.0002726340405403,0.0003313696378364424,0.018203561130626128,0.0004156011277176733,0.020386297548051074,0.0004872500157515068,0.022073740411436997,0.00044507084393895734,0.021096702205296386
2015-07-06,-0.0073308515619264,5.374138462299896e-05,0.0002474875427377,0.0003179819728545496,0.01783204903690402,0.0004064153967357183,0.020159746941261894,0.0004867804344141618,0.02206310119666231,0.0004378946071570405,0.020925931452555235
2015-07-07,-0.0026792778879467,7.178530000840164e-06,0.0001941382840801,0.00030212753756065654,0.017381816290614065,0.0003954322951253244,0.019885479504536077,0.0004776135988238729,0.021854372533291203,0.00042773900403306875,0.020681852045526986
2015-07-08,-0.0517876872455561,0.0026819645502435,0.0006478591237763,0.0002844305971070676,0.016865070326182088,0.00038314090223506007,0.019573985343691765,0.0004562200122105046,0.021359307390702176,0.00041530816184990444,0.020379110919024522
2015-07-09,-0.0094027413333124,8.841154458118297e-05,0.0002730570921739,0.00042828263429525574,0.02069499056040509,0.0004926368394759977,0.022195423840873092,0.0005883312479510439,0.02425554056192201,0.0005735797849623192,0.02394952577739942
2015-07-10,0.0014248716629262,2.030259255810339e-06,0.0001503616402776,0.00040789036891241125,0.020196295920599183,0.00047696969718946197,0.02183963592163253,0.0005789472410028941,0.02406132251150992,0.0005565162783789806,0.02359059724506738
2015-07-13,0.0125587990275266,0.0001577234330138,0.0002031083323326,0.0003835387623330152,0.019584145688107388,0.0004585341262400849,0.02141340996292008,0.0005434473380932392,0.023311956976908636,0.0005350212668330197,0.02313052673055717
2015-07-14,-0.0116692841286895,0.000136172192076,0.0001723929616007,0.00036998984257386244,0.019235120030139205,0.00044847223048490666,0.02117716294702637,0.0005226002945684551,0.02286045263262421,0.0005178555727499488,0.022756440247761706
2015-07-15,-0.0026711162635268,7.134862093277879e-06,0.0001474179314091,0.00035596078354399575,0.018866923001485847,0.0004381657421150205,0.020932408894224777,0.0005239314925700691,0.022889549855120983,0.0005075664480339464,0.022529235407220245
2015-07-16,0.0014255737405585,2.032260489770034e-06,0.0001840845313203,0.00033503122825695263,0.018303858288813115,0.0004227741887954692,0.020561473410129663,0.0004990390131795654,0.02233918112150858,0.0004897733347672837,0.022130823183227587
2015-07-17,0.0115075584487327,0.0001324239014509,0.0001813798767558,0.00031505129019092164,0.0177496842279214,0.0004082678976229935,0.020205640242837976,0.000470109823292511,0.021682016126101166,0.0004727593839579149,0.021743030698546027
2015-07-20,-0.0017618267338226,3.1040334400121537e-06,9.7853053399691e-05,0.0003040936468665263,0.01743828107545369,0.00040070681753528954,0.020017662639161684,0.0004533816454252862,0.021292760399377206,0.00045930486969503485,0.021431399153929144
2015-07-21,-0.0317089502843558,0.0010054575281357,0.0004870003605947,0.0002860342700609354,0.016912547710529465,0.0003878488593564405,0.019693878728083012,0.0004313417815909735,0.020768769380754688,0.00044449598202870824,0.021083073353491615
2015-07-22,0.0205376448288874,0.0004217948551175,0.0007225665726325,0.00032919966554542424,0.01814386027132661,0.0004212279379621576,0.02052383828532464,0.0004956239409243245,0.022262613074936297,0.0004943378951040954,0.02223371078124602
2015-07-23,-0.0092201845740108,8.501180357882822e-05,0.0001294246579479,0.0003347553769197503,0.01829632140403503,0.00042580637195926263,0.0206350762528095,0.0004863721690800599,0.022053847035836172,0.0004847988667889891,0.02201814857768448
2015-07-24,-0.018132922943476,0.000328802894474,0.0002789040590498,0.00031977076251929487,0.017882135289704493,0.0004148307939750885,0.020367395365512218,0.0004825726114092067,0.02196753539678966,0.00047348007357296307,0.02175959727506378
2015-07-27,-0.0554621674812491,0.0030760520217181,0.0009474555906771,0.00032031269043657944,0.01789728164936171,0.00041566992954911354,0.020387984931059606,0.0005049181372759045,0.022470383558718006,0.00047840367035228634,0.021872440886930893
2015-07-28,-0.005999997248994,3.5999966987935693e-05,0.0002122214016519,0.00048565705031347237,0.022037628055520685,0.0005406196489361376,0.023251228976897922,0.0006533408173626051,0.025560532415476112,0.0006574665018356574,0.025641109606170664
2015-07-29,0.0052022083753121,2.706297198016743e-05,0.0001565228143359,0.0004586776253139401,0.021416760383259185,0.000519104817280813,0.022783871867635076,0.0006287867473161596,0.02507562057689021,0.0006314424569662381,0.025128518797697532
2015-07-30,-0.0096251500316146,9.26435131310908e-05,0.0001710435579288,0.0004327807461139137,0.02080338304492598,0.0004987458784776378,0.02233261915847843,0.0005932909079805024,0.024357563670870337,0.0006053810571303474,0.02460449262086799
2015-07-31,-0.0050499163226943,2.5501654866214663e-05,0.0003453735154556,0.0004123725121349443,0.020306957234774103,0.0004828271076247849,0.021973327186040465,0.0005842871749784922,0.02417203290951119,0.0005864512196432771,0.02421675493626834
2015-08-03,0.0042436585409557,1.800863781222689e-05,0.0001773365739128,0.0003891602606988205,0.019727145274945904,0.00046502774366512635,0.02156450193408432,0.0005618555271290655,0.023703491876284084,0.0005645283197238772,0.023759804707191454
2015-08-04,0.0331215970488985,0.0010970401910696,0.0010589364229782,0.00036689116332562483,0.019154403235956605,0.0004481801656990478,0.021170266075301175,0.0005307664933444188,0.023038370023602338,0.0005427915918217445,0.023297888140811056
2015-08-05,0.0231402711015501,0.0005354721466532,0.0003777247621288,0.0004107001049902635,0.020265737218030423,0.00048132460298174634,0.0219391112623494,0.0005329171372035141,0.023084998098408284,0.0005425168639309228,0.023291991411876375
2015-08-06,-0.0049683869550718,2.4684868935328472e-05,0.0004439633272229,0.0004181864274900418,0.020449607025320605,0.000486684050335953,0.022060916806333163,0.0005240974770840393,0.02289317533860341,0.0005318504713680062,0.023061883517354047
2015-08-07,0.0040146604823216,1.6117498788315113e-05,0.0001014563849074,0.00039457633397675895,0.019863945579284066,0.00046856813950094713,0.021646434798851914,0.0005057437669479247,0.022488747562901867,0.0005135415141496428,0.022661454369692226
2015-08-10,-0.0034401353482286,1.1834531214132407e-05,0.0001308644067056,0.00037186880386545226,0.019283900120708266,0.00045137840529338533,0.021245667918269488,0.0004788805343675576,0.0218833391960084,0.000495192908687127,0.022252930339331203
2015-08-11,-0.0565168606676159,0.0031941555397227,0.0011542298841649,0.000350266747506373,0.018715414703029506,0.0004352413480372114,0.02086243868863876,0.0004594643176574899,0.02143511879270768,0.00047852899906907875,0.021875305690871583
2015-08-12,0.0090753555794633,8.236207889369588e-05,0.0007911091398207,0.0005209000750393533,0.022823235420057195,0.0005641102309520362,0.02375100484089118,0.0006089704710182222,0.024677327063890492,0.0006650838269221833,0.025789219199545056
2015-08-13,-0.0640434690101035,0.004101565922848,0.0028511755630644,0.0004945877952706138,0.022239329919550493,0.0005429878215323214,0.023302099079961044,0.0005793951044853346,0.024070627421929294,0.0006377889060180804,0.02525448288954023
2015-08-14,0.016978463954643,0.0002882682382591,0.0006849337793244,0.0007110064829252624,0.026664704816015915,0.0007050586044916074,0.026552939658192415,0.0007663140874208214,0.027682378644560537,0.0008712782495373794,0.02951742281327046
2015-08-17,0.0377869363586594,0.0014278525593733,0.0012669114309972,0.0006856421882452934,0.026184770158343827,0.0006830240397457312,0.026134728614350126,0.0007338317918947132,0.027089329853185982,0.0008339567373928953,0.028878309115889997
2015-08-18,0.0224415240115078,0.000503621999959,0.0003952448060971,0.0007301748105129783,0.02702174699224642,0.0007140944398929271,0.026722545535426207,0.0007299709289954125,0.027017974183780186,0.0008202660663344755,0.028640287469480392
2015-08-19,-0.0101565476509844,0.0001031554601867,0.0002513045613875,0.0007165816418797444,0.02676904260297227,0.0007011384323097688,0.026479018718785045,0.0007070416511917134,0.026590254816223808,0.000790361573994176,0.02811337002200512
2015-08-20,-0.0335837683575735,0.0011278694970951,0.00037675834189,0.0006797760709781628,0.026072515624276895,0.0006710212692013465,0.025904078234929465,0.000692380210187355,0.02631311859486357,0.0007596799982629982,0.02756229305161307
2015-08-21,-0.0179623485679456,0.0003226459660763,0.0003200659396597,0.0007066616765451823,0.0265831088577913,0.0006894031020051699,0.02625648685573091,0.0007619337814911618,0.02760314803588826,0.0007961349453087238,0.028215863362809294
2015-08-24,-0.1407528608477083,0.0198113678368143,0.0055056177889405,0.000683620733917054,0.026146141855292033,0.0006700573857630521,0.025885466690076346,0.0007713523868875188,0.027773231480825538,0.000779004957198587,0.027910660278800053
2015-08-25,0.0350407774009216,0.0012278560808609,0.002619313435455,0.0018312855600908918,0.04279352240808055,0.001532974395528637,0.0391532169243938,0.0013858978201777622,0.0372276485985586,0.0020006970668033264,0.04472915231483072
2015-08-26,0.0102544528835072,0.00010515380394,0.0009077518107955,0.0017950797913370946,0.042368381976859756,0.0014933836279530201,0.038644322066158955,0.0013300967668903323,0.03647049172811264,0.0019049657064710462,0.04364591282664444
2015-08-27,0.0486465294484471,0.0023664848273786,0.0015761640973453,0.001693684232093273,0.04115439505196587,0.0014059187914424634,0.03749558362584137,0.0012383483813246672,0.035190174499775746,0.0017948494325061028,0.042365663366765574
2015-08-28,0.011200322901093,0.0001254472330887,0.0008949760820205,0.0017340522678103943,0.04164195321800353,0.0014270038526155442,0.03777570452838099,0.0012166901511007858,0.03488108586470304,0.0017340457966369097,0.04164187551776348
2015-08-31,-0.0156268954261283,0.0002441998606591,0.0001798215324047,0.0016375359657270956,0.04046647953216459,0.0013452687998306782,0.036677906153850685,0.0011371897432390034,0.033722244042160114,0.0016357810264451007,0.04044478985537075
2015-09-01,-0.0412104027944329,0.0016982972984794,0.0013033511186638,0.0015539357994230187,0.03941999238233081,0.0012748269964666208,0.03570471952650827,0.0011134819410822969,0.03336887683279581,0.0015572965443451008,0.03946259677650599
2015-09-02,0.0146860566543676,0.0002156802600552,0.0018468127893284,0.0015625974893664018,0.03952970388665215,0.0012752152037243778,0.035710155470459345,0.0012058145512186106,0.03472484054993789,0.0015764268925753007,0.03970424275282556
2015-09-03,0.0456392284435824,0.0020829391729255,0.0007839761809881,0.0014817824556077352,0.03849392751600875,0.0012085632634829962,0.03476439649243168,0.0011327088076351767,0.03365573959423826,0.0014904171265887108,0.03860592087476623
2015-09-04,-0.0483764704218218,0.0023402828904734,0.0010280158705069,0.0015178518586468012,0.03895961830725246,0.0012311408288787008,0.03508761646049359,0.0011137422793953326,0.0333727775199388,0.0014447963818655372,0.038010477264374586
2015-09-07,-0.014031467258877,0.0001968820734369,0.0005860722138438,0.001567197720556397,0.03958784814253481,0.0012637130534842846,0.03554874193954386,0.001240191462523361,0.0352163522035341,0.0015122504633200773,0.038887664667861935
2015-09-08,0.0580460498174793,0.0033693438994132,0.0017551810908272,0.0014849787817292294,0.03853542242832209,0.0011970453732831653,0.03459834350490158,0.0012017817378434635,0.03466672378295162,0.0014390546276190786,0.03793487350208352
2015-09-09,0.0459237358850736,0.002108989517642,0.0005732194690988,0.001598040688790273,0.0399755011074317,0.001278601497533055,0.03575753763240773,0.0011980351275995363,0.034612644042308245,0.0014207291095192315,0.03769256040015365
2015-09-10,0.0029184896202933,8.517581663760153e-06,0.0008327152865604,0.0016286976185213766,0.040357125994319475,0.0012972787070035113,0.03601775544094206,0.0011748573849580763,0.03427619268469117,0.0013802700265679434,0.03715198549967341
2015-09-11,-0.0306479969996692,0.0009392997200917,0.0010181922443499,0.0015314868163099195,0.03913421541707358,0.0012196637232834353,0.03492368427419185,0.0010867276464126805,0.032965552420863214,0.0013035896521334507,0.03610525795688837
2015-09-14,0.0372869870722619,0.001390319404927,0.0005420938182462,0.0014959555905368282,0.038677585117698705,0.0011897457637175773,0.034492691453662724,0.0011316908323896772,0.033640612842064536,0.0012915517825412587,0.035938166098748815
2015-09-15,-0.056137258645691,0.0031513918082532,0.0015246456660387,0.00148961741940024,0.03859556217235655,0.0011823822582847582,0.034385785701140495,0.001099771382130133,0.033162801180390854,0.0012464430756249062,0.0353050007169651
2015-09-16,0.0082771358400022,6.851097771385013e-05,0.0002658420709565,0.001589323882731418,0.03986632517214771,0.0012551503642144342,0.035428101335160965,0.0012643100155911163,0.03555713733684303,0.0013787254751213786,0.03713119275112744
2015-09-18,-0.010466556850921,0.0001095488123135,0.0004311742340235,0.0014980751084303638,0.038704975241309274,0.0011833013059078597,0.03439914687761689,0.0011757431490829122,0.03428911123203563,0.0013032609316656152,0.03610070541783935
2015-09-21,-0.0072601427334112,5.2709672509504085e-05,0.0002709982987389,0.0014147635306633558,0.03761334245534895,0.0011185161709690024,0.03344422477751581,0.0011269692950039158,0.033570363343340744,0.0012385500662418943,0.03519304002557742
2015-09-22,-0.0284422043444389,0.0008089589879708,0.0006762442235106,0.0013330402991741247,0.03651082441104452,0.0010558589347903129,0.032493983055179816,0.001068820518438897,0.032692820594725336,0.001174574105327101,0.03427206012668484
2015-09-23,0.0040808544611517,1.6653373133102525e-05,0.0007596470992984,0.0013015954205019263,0.03607763047238449,0.001031925667655623,0.03212359985517848,0.001104853172109775,0.033239331703717734,0.0011629205902775313,0.0341016215197684
2015-09-24,-0.0268271680586284,0.0007196969460458,0.0003171588476915,0.0012244988976597968,0.03499284066290985,0.0009739165777837348,0.031207636529922204,0.001025216202823628,0.03201899752996068,0.0011009835570153117,0.03318107227042718
2015-09-28,-0.0278058519917125,0.000773165404985,0.0007838343380856,0.0011942107805629626,0.03455735494164683,0.0009518896476016576,0.030852708918369835,0.0010563532189712985,0.03250158794538043,0.0010886020312337724,0.032993969619216364
2015-09-29,-0.0382366586646945,0.0014620420658403,0.0004281041977043,0.0011689480580282861,0.03418988239272382,0.0009338763677792037,0.030559390828012324,0.0010902036343493975,0.03301823184771404,0.0010804474092264095,0.032870159860067756
2015-09-30,0.0541194870451455,0.0029289188780296,0.0006483267683917,0.0011865336984970103,0.03444609845101489,0.0009483052178088947,0.030794564744592426,0.0011694166182030894,0.03419673402831167,0.0011165888287704275,0.03341539807888614
2015-10-01,-0.0016478258631001,2.715330075101606e-06,0.0002193957678816,0.0012910768092689701,0.03593155728978317,0.0010279885406551175,0.032062260379691225,0.001161419895162588,0.034079611135730235,0.0011117487811989752,0.03334289701269185
2015-10-05,0.0583357320591351,0.0034030576348752,0.0010031985767286,0.0012137751205173381,0.03483927554524259,0.0009696349155390241,0.031138961375405956,0.0010769914155454056,0.032817547372486655,0.0010531110779371446,0.03245167296052924
2015-10-06,0.0110498736748391,0.0001220997082299,0.0002415285374784,0.0013451320713788102,0.03667604219894521,0.0010692021695933875,0.03269865699984309,0.00108156486692193,0.03288715352416396,0.0010613222162984648,0.0325779406393109
2015-10-07,0.0400654752177686,0.0016052423044256,0.0013487042051454,0.0012717501295898756,0.035661605819001976,0.0010132565346734792,0.03183169072910642,0.0010142916896776156,0.03184794639655147,0.0010081610686022504,0.03175155222350949
2015-10-08,0.0167509355667549,0.0002805938423615,0.0002658053605424,0.001291759660080021,0.03594105813801287,0.0010284027305002572,0.03206871887837519,0.0009951522407315291,0.03154603367670061,0.0009860629491057408,0.03140163927418027
2015-10-09,0.041884643166311,0.0017543233331692,0.0006864334502035,0.0012310897110169143,0.035086888021266784,0.000982578756477403,0.03134611230244355,0.000943690797058515,0.030719550730089053,0.0009408926953910342,0.030673974235351932
2015-10-12,-0.0009961818776505,9.923783333594167e-07,0.000813532866855,0.0012624837283460517,0.03553144703422662,0.0010066873321526537,0.03172833642270981,0.0009320361941151093,0.030529267828022167,0.0009260744767957851,0.03043147181448484
2015-10-13,-0.0235969830215053,0.0005568176077172,0.0001738780831934,0.0011867942473452902,0.03444988022251007,0.0009498001757750407,0.030818828267392656,0.0008668003715831518,0.029441473665276194,0.000879793255176056,0.029661309060391383
2015-10-14,0.0135810524244492,0.0001844449849556,0.000522658665821,0.0011489956489676054,0.03389683833291249,0.0009221597966387136,0.030367084098390375,0.0008922803396085689,0.029871061909623648,0.0008719181300111443,0.029528259854098148
2015-10-15,0.02740408403253,0.0007509838216619,0.0004732609060699,0.0010911226091268873,0.03303214508818474,0.0008796926846679106,0.029659613697213094,0.0008451537808396524,0.029071528698017456,0.000832629025926839,0.028855311918723717
2015-10-16,-0.0088537280371928,7.838850015657511e-05,0.0003896316956462,0.0010707142818789919,0.03272177076319361,0.0008659111312561302,0.029426367958960382,0.000820257733086882,0.028640141987896675,0.0008064799907735996,0.028398591351924476
2015-10-19,-0.0183493750242337,0.0003366995637799,0.0003107399077949,0.0010111747349756469,0.03179897380381397,0.0008227284735970626,0.028683243777457644,0.000793028114049024,0.028160754855809957,0.0007731433705475564,0.02780545576946288
2015-10-20,-0.0310735116627079,0.0009655631270524,0.0004781999961197,0.0009707062247039063,0.03115615869621777,0.0007943518320284336,0.02818424794150863,0.0008021981830821209,0.028323103344833542,0.0007584495062425204,0.02753996198694763
2015-10-21,0.014839590498811,0.0002202134461724,0.00041298983174,0.0009703976388448185,0.031151206057628306,0.000796456167493531,0.0282215550155113,0.0008596126889112048,0.02931915225430648,0.0007846794614605692,0.028012130612657248
2015-10-23,0.0065250550593914,4.257634352808974e-05,0.0003258574299991,0.0009253865872844735,0.030420167443399676,0.0007647192826018106,0.02765355822677817,0.0008168871546860333,0.02858123780884994,0.0007519104945343082,0.027420986388791854
2015-10-26,0.0147284708325998,0.0002169278530667,0.0001635489921214,0.0008724179726590904,0.02953672244273373,0.0007272544076942835,0.026967654842315888,0.0007670039696429906,0.027694836515910155,0.0007180486270936036,0.026796429372093655
2015-10-27,-0.0149314128031914,0.0002229470882993,0.000230628248632,0.0008330885654835495,0.028863273644608462,0.0007003861657590132,0.026464809951311064,0.0007316438181596803,0.02704891528619365,0.000689692250027941,0.02626199249919817
2015-10-28,0.0048672010260623,2.368964582810264e-05,0.0001204504092147,0.000796480076852495,0.02822197861335195,0.0006757379389279516,0.025994959875482625,0.0007319155865915215,0.027053938467282754,0.0006733770832203623,0.025949510269374303
2015-10-29,0.0018189231172455,3.308481306450222e-06,0.0002670602755598,0.0007501126509910314,0.027388184514330838,0.000643870586415574,0.02537460514797371,0.0006873429323558129,0.026217225870709755,0.0006444377206119847,0.02538577792016594
2015-10-30,-0.0040468996221539,1.6377396551789448e-05,0.0005376292201188,0.0007053044008099565,0.02655756767495767,0.0006133924285732904,0.024766760558726498,0.0006430189731568205,0.025357818777584567,0.0006170634871350715,0.024840762611785323
2015-11-02,-0.0317228317067435,0.0010063380514943,0.0006565486830757,0.0006639687805544665,0.025767591671603043,0.0005857146403938019,0.02420154210776251,0.0006130594367897898,0.02476003709185004,0.0005925058692446848,0.024341443450310928
2015-11-03,-0.0134848317314771,0.0001818406868262,0.0004145282538745,0.0006845109368108607,0.026163159916395052,0.0006047881935323881,0.024592441796868973,0.000676925375614357,0.026017789598933208,0.0006324665343975463,0.02514888733915571
2015-11-04,-0.0012737901896999,1.6225414473757934e-06,0.0002430484052982,0.0006543507218117841,0.025580279940058986,0.0005852129001695328,0.024191174013874002,0.0006753966024628856,0.025988393610665617,0.0006173828705173747,0.024847190394838906
2015-11-05,-0.0434095112113003,0.001884385663604,0.0009325061532891,0.0006151870309899196,0.024802964157332477,0.0005589112388978115,0.023641303663246058,0.000634041360992012,0.02518017793805302,0.0005918667717815091,0.02432831214411532
2015-11-06,-0.0231135067583542,0.0005342341946684,0.0003443398778634,0.0006913389489467648,0.026293325178584105,0.0006196144432312542,0.024892055825729908,0.0007409877300500951,0.027221089802763134,0.0006876325937990645,0.02622274954689276
2015-11-09,0.0090394984620441,8.171253244529851e-05,0.0010432702791795,0.0006819126636900681,0.026113457520789318,0.0006148918854602815,0.02479701363995837,0.000770216752633007,0.027752779187551774,0.000691224647603433,0.02629115150774939
2015-11-10,-0.0190782808235285,0.0003639807991814,0.0001943700998198,0.0006459006558153819,0.02541457565680336,0.0005900584335686002,0.024291118409175815,0.0007274945293549771,0.026972106505702833,0.0006621626292077354,0.025732520848291085
2015-11-13,0.0208766064171301,0.0004358326954957,0.000364875019926,0.0006289854644173438,0.025079582620477235,0.0005797835038954669,0.02407869398234603,0.0007426962771703906,0.02725245451643559,0.0006566524014676771,0.02562522978370491
2015-11-16,0.03508349848262,0.00123085186578,0.0009666550771328,0.0006173962982820486,0.02484746060027158,0.0005735011043024028,0.023947883086035033,0.0007168891189958011,0.026774785134446945,0.0006364760420541415,0.02522847680804653
2015-11-17,0.0169843135192428,0.0002884669057199,0.0001558492483453,0.0006542036323319257,0.025577404722370203,0.0006036078201471072,0.024568431373352007,0.0007106363281032119,0.026657762998856672,0.0006323920210643484,0.025147405851585335
2015-11-18,-0.037797863675001,0.0014286784983939,0.0006544317984971,0.0006322594287352061,0.025144769411056568,0.0005889374447436908,0.024268033392586444,0.0006824398619850909,0.026123549949903267,0.0006111126637986934,0.024720693028284897
2015-11-19,0.0127587288161443,0.0001627851610039,0.0001169953505721,0.0006800445729147314,0.02607766425343212,0.0006268664801790387,0.025037301775132213,0.0007680755040014285,0.02771417514560786,0.0006766457087782526,0.02601241451265631
2015-11-20,0.0054495085545799,2.9697143486439643e-05,0.0001468902546582,0.0006490090082000822,0.02547565520649238,0.0006048292245742625,0.02459327600329534,0.0007301649887495888,0.027021565253507962,0.0006500653889147847,0.025496379917839016
2015-11-23,-0.0244263281344352,0.0005966455061311,0.0004205777667608,0.0006118502963172635,0.024735607862295672,0.0005783743030576049,0.024049413777836766,0.000686444025050676,0.026200076813831595,0.0006228025038101671,0.024956011376222907
2015-11-24,-0.0004457334893066,1.9867834348947294e-07,0.0001089004480173,0.0006109380089060937,0.0247171602111993,0.0005794625618108965,0.024072028618521053,0.0007225188634898496,0.026879711000861777,0.0006347107158369376,0.02519346573691158
2015-11-26,0.0156996978898138,0.0002464805138314,0.0002352793902165,0.0005742936490723375,0.02396442465556679,0.0005535134452429,0.023526866456094402,0.0006744016485276941,0.025969244281027783,0.0006079408255017294,0.024656456061277934
2015-11-27,0.0145924504866549,0.0002129396112054,0.0003743220708171,0.0005546248609578826,0.023550474750159128,0.0005405772057274673,0.023250316250052756,0.0006474053139894673,0.02544416070514937,0.0005875247598814816,0.024238910039056656
2015-11-30,-0.0097773383514825,9.55963452393719e-05,0.0002108888737525,0.0005341237459727381,0.023111117367464906,0.000527062850106163,0.02295784942249955,0.000621146328777118,0.024922807401597396,0.0005678576320697247,0.023829763575615365
2015-12-01,0.0366561747775713,0.0013436751493238,0.0004414849450345,0.000507812101928736,0.02253468663923987,0.0005092245544456295,0.02256600439700457,0.0006108618296799061,0.024715619144174927,0.0005516345882469175,0.02348690248302056
2015-12-02,0.0261752353071784,0.0006851429433861,0.0003747565911947,0.0005579638847724431,0.02362125916991817,0.0005490907762271814,0.0234326860651352,0.0006127191049747447,0.024753163534682685,0.0005553381684377177,0.023565614111194254
2015-12-03,-0.0152896149716506,0.0002337723259813,0.0002807736411513,0.0005655946282892661,0.023782233458808408,0.0005563020463689229,0.02358605618514725,0.0006022596875642959,0.02454097975966518,0.0005465855057940704,0.02337916820150089
2015-12-04,0.0004160832085389,1.731252364280697e-07,0.000318368306217,0.0005456852901507894,0.02335990775133304,0.0005425892420205098,0.023293545071983134,0.0006107368885037554,0.024713091439634894,0.0005405657958797136,0.023250070879025586
2015-12-07,0.0136423405062243,0.0001861134544877,0.0001532800004806,0.0005129545602559277,0.022648500176743,0.0005193122963585753,0.02278842461335525,0.0005714488173825347,0.023904995657446474,0.0005201072496446293,0.02280585998476333
2015-12-08,-0.0368009280299471,0.0013543083038653,0.000579535050255,0.0004933440939098382,0.0222113505647414,0.000506127151649449,0.02249726987101877,0.0005497391985432095,0.023446517834066736,0.0005044691430076111,0.02246039053550964
2015-12-09,-0.0342323868820057,0.0011718563116393,0.0008151444353317,0.0005450019465071687,0.023345276749423396,0.000546698538166698,0.02338158545023622,0.0006317314785643849,0.02513426900795774,0.0005724390433894627,0.023925698388750593
2015-12-10,0.0267496745737721,0.0007155450898027,0.000461637887363,0.0005826132084150975,0.02413738197102365,0.0005760819394442308,0.024001707011048836,0.0007044259180635835,0.02654102330475567,0.0006242585489440094,0.024985166578272187
2015-12-11,0.0333434967499506,0.0011117887755139,0.0004870413855092,0.0005905891212983542,0.024302039447304708,0.0005827104729049563,0.024139396697203438,0.0006886098353460355,0.02624137639961051,0.000611442254789033,0.02472735842723668
2015-12-14,0.016876188361858,0.0002848057336249,0.0006635259765572,0.0006218611005512908,0.024937142990954092,0.0006067680390246691,0.024632662036910852,0.0006819381130038751,0.026113944799740142,0.0006068318247556677,0.02463395674177552
2015-12-15,-0.0026565916919118,7.057479417535313e-06,0.0002176664433582,0.000601637778535708,0.024528305659700753,0.0005917030675506836,0.024324947431611926,0.0006557719229398871,0.02560804410609852,0.0005872006724437965,0.02423222384437294
2015-12-16,0.001431399276755,2.0489038894947515e-06,0.0002531737965769,0.0005659629605886176,0.02378997605271215,0.0005651765181614232,0.02377344144547489,0.0006204231184596526,0.02490829417000796,0.0005640561194476198,0.0237498656722016
2015-12-17,0.0494321188329137,0.0024435343723113,0.0008045792990259,0.0005321281171866702,0.023067902314399334,0.0005403467710426543,0.02324536020462265,0.0005814255586257681,0.02411276754389193,0.0005420552396238039,0.023282079795924674
2015-12-18,-0.0056559861589421,3.199017943014572e-05,8.588784208715326e-05,0.0006468124924941482,0.025432508576507907,0.0006276685632540884,0.025053314416541544,0.0005997506040561875,0.02448980612532871,0.0005667906856391631,0.023807366205423966
2015-12-21,0.0108930226720979,0.0001186579429348,0.0002468582546933,0.000609923153710308,0.024696622313796435,0.0005996614250626028,0.024487985320613918,0.00057803913413976,0.02404244442937864,0.0005465998325379503,0.02337947459927084
2015-12-22,-0.0040710038061056,1.6573071989326974e-05,0.0001480052102802,0.0005804472410637798,0.02409247270546923,0.0005776020613005643,0.024033353101483038,0.0005528436350597502,0.023512627140746103,0.0005279325910487667,0.02297678374030549
2015-12-23,0.0270209698328567,0.0007301328107081,8.891032798295786e-05,0.0005466147909193126,0.02337979450122076,0.0005525279288594053,0.023505912636173167,0.0005298128958860602,0.023017664866055814,0.0005093715179667296,0.022569260465658363
2015-12-24,-0.0041681898809706,1.7373806883826093e-05,0.0001517163319795,0.0005576258721066429,0.023614103245870738,0.0005615234770669377,0.023696486597530396,0.0005253691268800242,0.022920932068308746,0.0005045389920410142,0.022461945419776405
2015-12-28,-0.0357559938209642,0.0012784910941248,0.0006886268408165,0.000525210748193274,0.02291747691595377,0.0005376512384043344,0.02318730770064378,0.0005046316192857225,0.022464007195639037,0.00048759938333191294,0.022081652640414236
2015-12-29,0.0047115618309267,2.219881488664554e-05,7.994023698607361e-05,0.0005704075689491674,0.02388320683972668,0.0005725102990371692,0.023927187445188146,0.0005826879048033925,0.0241389292389574,0.0005518869643419212,0.02349227456722574
2015-12-30,0.0132295581974574,0.0001750212100999,0.0002424142455907,0.000537515043705416,0.023184370677364008,0.0005480595956642399,0.02341067268713652,0.0005504168176044022,0.02346096369726534,0.0005310766342751773,0.023045100005753442
2015-12-31,0.0042429523107474,1.8002644311277286e-05,7.977531443562729e-05,0.0005157654136890858,0.022710469252947764,0.0005322889114868166,0.02307138729003561,0.000529782573445726,0.023017006179034797,0.0005144964358866364,0.02268251387934407
2016-01-01,-0.0092808584700535,8.613433394116531e-05,0.0002313697829295,0.00048589964752641723,0.022043131527222197,0.0005105646093830452,0.022595676785240253,0.0005012568656120627,0.02238876650492525,0.0004961186644007547,0.02227372138644
2016-01-04,-0.0019443155960742,3.780363137137561e-06,0.0005522360635206,0.000461913728711302,0.021492178314710262,0.0004934947724205906,0.022214742231693587,0.0004967749231827598,0.022288448200418975,0.00048411116516239636,0.022002526335909618
2016-01-05,0.0655354422571635,0.004294894191842,0.0017995207495678,0.00043442572677685214,0.020842881921098438,0.0004739402309486075,0.021770168372077594,0.0004719297321554737,0.021723943752354764,0.00046767977082263676,0.02162590508678508
2016-01-06,-0.0204407068392012,0.0004178224960861,0.0003651675865899,0.0006660538346807619,0.02580801880580456,0.0006497551227330334,0.025490294677249878,0.0005120376338854516,0.022628248581926344,0.0005317283977723294,0.023059236712699955
2016-01-07,-0.0727207728333904,0.0052883108014855,0.001258023759497,0.0006511599543650862,0.025517836004745508,0.000637585728229704,0.02525045996075525,0.0005404754630153922,0.023248128161540062,0.0005383946630974305,0.023203333016991987
2016-01-08,0.0146974438187084,0.000216014854804,0.0002969796058917,0.0009293890051923156,0.03048588206354403,0.0008464371741236692,0.029093593351864757,0.0007607848221372887,0.0275823280768192,0.0008539239046541628,0.029221976398836592
2016-01-11,-0.0077191083915605,5.958463436065974e-05,0.0004826075815867,0.000886586556169022,0.029775603372039702,0.0008108868825982563,0.028476075617933316,0.0007258803119471577,0.026942166058933674,0.0008164281353646569,0.028573206599271577
2016-01-12,-0.0237246194539422,0.0005628575682343,0.0008575440352677,0.0008369664408605204,0.02893037229038922,0.0007708435924429526,0.027764070170689176,0.0007016506408353635,0.0264886889225451,0.0007812294324586146,0.027950481792960467
2016-01-13,0.0034531277550988,1.1924091293034316e-05,0.0013234289374207,0.0008205199085029515,0.028644718684304644,0.0007564506119109483,0.0275036472474279,0.0007346538017696614,0.027104497814378733,0.0007803553185416741,0.027934840585578328
2016-01-14,-0.0323506606633201,0.0010465652453532,0.0007841669131066,0.0007720041594703564,0.027784962830105717,0.000718199783409157,0.026799249679965987,0.0006881408840174121,0.02623243953614326,0.000744015488799211,0.027276647315958958
2016-01-15,-0.038642719301571,0.00149325975502,0.0014441463672459,0.0007884778246233322,0.028079847304131343,0.0007294863341837743,0.027009004687025665,0.0007531454757176572,0.02744349605494273,0.0007763587316656094,0.027863214668548377
2016-01-18,0.0266336354664092,0.0007093505381575,0.0023186734018504,0.0008307647404471328,0.028822989790220112,0.000760144509469852,0.027570718334309897,0.0008415211817617898,0.029008984500698914,0.0008348987649631994,0.02889461480904702
2016-01-19,0.0088629007680134,7.855101002365385e-05,0.0006089589745543,0.000823479888309759,0.028696339284127497,0.0007531484716005563,0.027443550637637183,0.0008158618678037584,0.028563295814799775,0.0008078255627523417,0.028422272301002634
2016-01-20,-0.0255335474343274,0.000651962044581,0.0003827488900336,0.0007787841556125925,0.027906704492157302,0.00071814848310024,0.02679829254076162,0.0007690472443205608,0.027731701071527524,0.0007708765224567189,0.027764663197249826
2016-01-21,0.015397936776973,0.0002370964569876,0.0004274910097158,0.0007711748289506998,0.02777003473081551,0.0007116032973839866,0.026675893562990285,0.0008061834721236165,0.028393370214252773,0.0007763562537844163,0.027863170203413973
2016-01-22,0.0504866441774887,0.0025489012403043,0.0010461525945826,0.0007391301266329172,0.027186947725570763,0.0006867813550439452,0.02620651359956042,0.0007685377202205956,0.027722512877093153,0.0007444590649228383,0.027284777164617604
2016-01-25,0.0282494044136903,0.0007980288497282,0.0003265442387464,0.0008477163934532035,0.02911556960550838,0.0007682490193241684,0.027717305412398377,0.0007792930142156875,0.02791582014227215,0.0007575586602474935,0.02752378353801478
2016-01-27,0.0105368922953404,0.0001110260992436,0.0002313697829295,0.0008447351408297048,0.029064327634227234,0.0007646735250992407,0.027652730879593804,0.0007602136641401509,0.027571972438332207,0.0007373218403896388,0.027153670845571486
2016-01-28,-0.0132866338580323,0.0001765346392774,0.000202367310687,0.0008007125983345387,0.028296865521370715,0.0007303057909593635,0.02702417049530593,0.000720182648431856,0.026836218966759383,0.0007057083263068585,0.026565171302042424
2016-01-29,-0.0178613057903274,0.0003190262445355,0.0007254069725511,0.000763261920791111,0.027627195311705294,0.000701390611960743,0.026483780167505223,0.0007153961125295417,0.026746889773009902,0.0006853703439767753,0.026179578758581568
2016-02-01,-0.0016031443387149,2.5700717707537836e-06,0.000409745039691,0.0007366077802157794,0.027140519158921395,0.0006810121921084057,0.026096210301658856,0.0007268763580510445,0.026960644614902007,0.000675447051251495,0.02598936419482968
2016-02-02,-0.0742932056894994,0.0055194804116222,0.002726106558132,0.0006925655177090778,0.02631663955958431,0.0006478078826254374,0.02545207030136129,0.0006821673394319501,0.026118333396906283,0.000646092783219655,0.02541835524221925
2016-02-03,-0.0327179403942537,0.0010704636236419,0.0010790440357273,0.0009821804113438694,0.03133975767844846,0.0008663667291719278,0.029434108261877544,0.0009206633629571289,0.030342435020234104,0.0009690722397283937,0.031129925148133487
2016-02-04,0.0086677009458554,7.512903968678271e-05,0.0006638500954428,0.0009874774040817536,0.031424153195937575,0.0008679913052855964,0.02946169216602462,0.0009811012679469618,0.03132253610337071,0.000987823217891548,0.03142965507115132
2016-02-05,0.0343661966537319,0.0011810354724429,0.0034817482907805,0.0009327365022180552,0.030540735128972506,0.0008245105118512866,0.028714291073458294,0.0009195097773513238,0.030323419618363028,0.0009387259632029027,0.030638635139361263
2016-02-08,0.0010685619289958,1.141824596099247e-06,0.0009020603584148,0.0009476344404315503,0.030783671652867373,0.0008341673522254698,0.028881955477866622,0.0008988220361221843,0.029980360840426594,0.0009134258493686564,0.03022293581650625
2016-02-09,0.0059625325263098,3.555179412730338e-05,0.0003423976170709,0.0008908448834814231,0.02984702470065355,0.0007897946967730405,0.028103286227290938,0.000834463558434449,0.02888708289935917,0.0008679519816971965,0.02946102479034286
2016-02-10,0.0008490880790173,7.209505659293715e-07,0.0007575320865867,0.0008395272981201759,0.028974597462608102,0.0007501943486201316,0.02738967594952762,0.0007823192819542854,0.027969971075320857,0.0008261690403828173,0.028743156409531945
2016-02-11,-0.0486842753293711,0.002370158664346,0.001861509261916,0.000789198917266921,0.028092684408345902,0.0007118907362608241,0.02668128063382311,0.0007283928751554145,0.026988754605491053,0.0007865456652908255,0.028045421467519892
2016-02-12,-0.0316768822657983,0.0010034248700812,0.0024655789335725,0.0008840565020916666,0.02973308766495109,0.000783459074846753,0.02799033895555309,0.000857458166240262,0.02928238662131661,0.0009000910607851503,0.03000151764136525
2016-02-15,0.1259742380454245,0.0158695086511252,0.0044239769354917,0.0008912186041710414,0.029853284646267006,0.0007880644305773277,0.02807248529391952,0.0009156248765209158,0.030259294051925862,0.0009192158982730163,0.030318573486775666
2016-02-16,-0.0075271673253422,5.665824794370061e-05,0.0004209220572682,0.0017899160069882966,0.04230739896269087,0.001464259944349838,0.03826564966585355,0.001033413484190393,0.0321467492009751,0.001167514328576939,0.034168908799915444
2016-02-17,0.0258023192605354,0.0006657596792226,0.0013299253457264,0.0016859205414456206,0.04105996275504425,0.0013767146586434276,0.03710410568445799,0.000984289958007839,0.03137339570412866,0.0011085583657520516,0.03329502013442929
2016-02-18,-0.0015930357673319,2.5377629559987624e-06,0.0010225018247193,0.0016247108897122391,0.04030770261019895,0.0013230468751377722,0.0363737113192725,0.0009466126330498429,0.03076707059584716,0.0010623039893074622,0.03259300522056017
2016-02-19,0.0095218322516685,9.06652894289148e-05,0.0003316439363285,0.0015273805021068646,0.03908171570065552,0.001243293413533936,0.035260366043674815,0.0008822413214275293,0.029702547389534276,0.0010069746603010707,0.03173286404188993
2016-02-22,0.0078663211838053,6.187900896678513e-05,0.0001871939079458,0.0014411775893461876,0.03796284485317437,0.0011733053281299277,0.03425354475276869,0.0008305600459779311,0.028819438682561656,0.0009568796101616068,0.030933470709922074
2016-02-23,-0.006682259170087,4.465258761621213e-05,0.0004935165713417,0.0013584196745234235,0.03685674530562111,0.0011070903027864984,0.03327296654622936,0.0007812030900774154,0.027950010555944614,0.000909614240615796,0.03015981168070842
2016-02-24,-0.0225357834499916,0.0005078615357049,0.0002661284958358,0.0012795936493089906,0.03577140826566646,0.0010448972774016116,0.03232487087989079,0.0007492480526761216,0.027372395815421814,0.0008672108680278271,0.029448444237817166
2016-02-25,0.0010080306075737,1.0161257058055636e-06,0.0001626602194016,0.001233289722492746,0.035118224933682884,0.0010081495932243976,0.03175137151721792,0.0007760028878820853,0.02785682838878262,0.0008570714482621497,0.02927578262424678
2016-02-26,0.0012081691345613,1.4596726577066112e-06,0.0004307712904568,0.0011593533066855295,0.03404927762354922,0.0009511574958598823,0.030840841361089395,0.0007228434845756332,0.02688574872633517,0.0008153788025236549,0.028554838513352776
2016-02-29,0.0026130217967386,6.8278829102312895e-06,0.0019197190723494,0.0010898796886438602,0.03301332592520572,0.0008983173889300046,0.029971943362585025,0.0006746818324232431,0.025974638253943846,0.0007764935623392615,0.027865634073877835
2016-03-01,0.0314160198727808,0.0009869663046469,0.0007623902033901,0.0010248965802998424,0.03201400600205857,0.0008495508391638394,0.029147055411547825,0.0006323740040459938,0.025147047620863842,0.0007403185339184037,0.027208795157419297
2016-03-02,0.0400359056391285,0.0016028737403452,0.0005156651259723,0.0010226207637606694,0.031978442172198904,0.0008486206219696893,0.02913109373109237,0.0006268139675347504,0.02503625306500057,0.0007247416330928559,0.026921025855135162
2016-03-03,0.0703499847516874,0.0049491203545626,0.0013095738926563,0.0010574359423557414,0.03251824014850344,0.0008755959114887706,0.029590469943695904,0.0006318210390154405,0.025136050585074825,0.000721627972630339,0.026863134080563626
2016-03-04,0.0052119457216742,2.7164378205678055e-05,0.0001954213081358,0.001290937007088156,0.03592961184160157,0.0010518606685630764,0.03243240152321558,0.0006740279158159718,0.025962047604454697,0.0007807546549276844,0.0279419873117086
2016-03-08,0.0112003659918974,0.0001254481983524,0.0003984925019997,0.0012151106493552073,0.034858437276435776,0.0009928813668306498,0.031510020102035,0.0006347825216280128,0.025194890784204897,0.0007446705322793491,0.027288652078828465
2016-03-09,0.0122617066801227,0.0001503494507093,0.0009988636944173,0.001149730902295042,0.03390768205429327,0.0009426203577730191,0.030702123017358574,0.0006055907292039018,0.024608753101364195,0.000712830988506514,0.026698894892982255
2016-03-10,0.0043909864239329,1.9280761775163062e-05,0.0002579784551099,0.0010897680151999013,0.033011634542989554,0.0008971287839335759,0.02995210817177275,0.0005798289328095738,0.024079637306437442,0.0006835907139674205,0.026145567769077428
2016-03-11,-0.00897162670888,8.049008580349007e-05,0.000256683795879,0.001025538779994417,0.03202403441158557,0.0008490112592669973,0.029137797776547857,0.0005474435827213591,0.023397512319076982,0.0006538838931087535,0.02557115353496501
2016-03-14,0.00897162670888,8.049008580348904e-05,0.0001017116659863,0.0009688358583429613,0.031126128226025177,0.0008071488354222666,0.028410364929410296,0.0005392906697286497,0.023222632704511557,0.0006309258173337806,0.02511823674810357
2016-03-15,0.0125598677085779,0.0001577502768569,0.0002534207579235,0.000915535111990593,0.030257810760043316,0.0007683214488662471,0.027718611957784738,0.0005149577661011027,0.02269268089277031,0.0006058895130340509,0.024614823034790456
2016-03-16,-0.0031668983689999,1.0029245279574732e-05,0.0002959994873184,0.000870068021882576,0.029496915463868015,0.0007358010999757071,0.02712565390872093,0.0004961509679779274,0.02227444652461487,0.0005839663261485722,0.02416539522020222
2016-03-17,-0.0120928323151131,0.0001462365934014,0.0004623668581634,0.0008184656952863959,0.028608839460670124,0.0006989617226754737,0.026437884232205,0.00047472727863011175,0.021788237162058608,0.0005612276506354953,0.02369024378590257
2016-03-18,0.0210675551069855,0.0004438418781858,0.0001349553003194,0.0007781319491732988,0.027895016565209256,0.0006709495723610354,0.0259026943069835,0.0004797362831394938,0.0219028829869379,0.0005486657488730584,0.023423615196486183
2016-03-21,0.0044572055960884,1.9866681725801786e-05,0.0001101392467306,0.0007580745449140531,0.027533153559192107,0.0006584196103283701,0.025659688430071985,0.00047200623373513364,0.021725704447385214,0.0005358879262315719,0.023149253254296818
2016-03-22,0.0203805707714805,0.0004153676649713,0.0004191382981458,0.0007137820731227579,0.026716700266364444,0.0006276350493434272,0.025052645555777683,0.00044819579169780874,0.021170635127407224,0.0005161085160964246,0.02271802183501954
2016-03-23,0.0236055727671412,0.0005572230656648,0.0001973539418189,0.0006958772086336719,0.026379484616528653,0.0006169584116906908,0.024838647541496513,0.0004416665351182516,0.02101586389179021,0.0005049886956055691,0.022471953533361736
2016-03-28,-0.0585874126292044,0.0034324849185846,0.0016790783831843,0.0006875579600555395,0.026221326435852545,0.0006134674784356147,0.02476827564517996,0.00043870338576980307,0.020945247331311298,0.0004972450986712856,0.02229899322102425
2016-03-29,0.015588960590559,0.000243015692294,0.0002346254243961,0.0008522535775672868,0.029193382427654506,0.0007401870378482467,0.02720637862429042,0.0005943272169863199,0.024378827227459484,0.0006976789602966591,0.02641361316247096
2016-03-30,0.0651349404439434,0.004242560466636,0.001516135807922,0.0008156993044508897,0.02856045000434849,0.0007135603067334739,0.02671254961124965,0.0005731091182079323,0.02393969753793753,0.0006711737781391127,0.02590702179215343
2016-03-31,-0.0142858950080938,0.0002040867961822,0.0003892442378667,0.0010213109741819997,0.03195795635177568,0.0008696372732292669,0.029489612971845984,0.0006104758482835602,0.024707809459431247,0.0007205899746650084,0.026843807007669543
2016-04-01,-0.0061181570957102,3.743184624778968e-05,0.000152037745163,0.0009722775235020165,0.031181365003829075,0.0008318658382682156,0.02884208449935988,0.000615285427743076,0.024804947646449006,0.0007010026175354116,0.026476454021175336
2016-04-04,0.0081492527847428,6.641032094963901e-05,0.000250273121474,0.0009161867828667628,0.030268577483369825,0.00078930029619411,0.028094488715655782,0.0005938805143533672,0.02436966381289178,0.0006721465560041584,0.025925789399826545
2016-04-05,-0.0254499824769395,0.0006477016080765,0.000451240305577,0.0008652001951517353,0.02941428556249047,0.0007511305500154268,0.027406761027444063,0.0005644635313219923,0.023758441264569365,0.0006440817468945842,0.025378765669247672
2016-04-06,0.0507249437692719,0.0025730199203957,0.0011790823527564,0.0008521502799272228,0.029191613177884206,0.0007420015901842086,0.027239706132486243,0.0006076174035195875,0.024649896622898595,0.0006578037261217579,0.02564768461521932
2016-04-07,-0.0148721058790144,0.0002211795332766,0.0003816506372379,0.0009554024583553372,0.030909585218105683,0.0008205558992916412,0.02864534690471807,0.0006263776753349983,0.02502753833949712,0.0006771683360116903,0.026022458300700383
2016-04-08,-0.0049549120705153,2.4551153626538553e-05,0.0001150702241196,0.0009113490828506138,0.030188558807114556,0.0007871154428359899,0.028055577749103472,0.0006322633417436392,0.025144847220526897,0.000661581754201902,0.02572123158408053
2016-04-11,0.0277094431113051,0.0007678132375386,0.0005935165207782,0.0008581412070971693,0.029294047297995018,0.0007472121293574149,0.027335181165622717,0.0006059763916409752,0.02461658773349741,0.000634554336484746,0.02519036197605636
2016-04-12,-0.0202860066826683,0.0004115220671292,0.0005703110107724,0.0008527215289236584,0.02920139600984272,0.0007437961164178581,0.027272625770502153,0.0005977100890084396,0.02444811013163266,0.0006220157228958274,0.024940243040031253
2016-04-13,0.0254063801052106,0.0006454841500504,0.0003423465845729,0.0008262495612159946,0.02874455707113948,0.0007245239542368265,0.026916982636187633,0.0006227318373633902,0.02495459551592432,0.0006222201073263594,0.02494434018622981
2016-04-18,0.0080789623085753,6.526963198338185e-05,0.0003007908525372,0.0008154036365460614,0.028555273357929206,0.0007172237542656503,0.026781033480163724,0.0006107376699702732,0.02471310725041012,0.0006082419112655766,0.024662560922693665
2016-04-20,0.0632246554930395,0.0039973570622135,0.0013864192491953,0.0007703955962723005,0.02775600108575262,0.0006842280198990121,0.02615775257737201,0.0005799141049631148,0.02408140579291655,0.0005844464209517835,0.024175326697932823
2016-04-21,-0.0081462418018399,6.636125549404489e-05,0.0003363960041042,0.0009640132842287745,0.031048563319882847,0.0008313487697745005,0.028833119320921568,0.0006147748087385958,0.024794652825530665,0.0006351398890263722,0.025201981847195513
2016-04-22,-0.0025416323197155,6.45989484862283e-06,0.0003689556943871,0.0009101541625046906,0.030168761368420324,0.0007901282799670125,0.0281092205506843,0.0005997470456896386,0.02448973347526752,0.0006125429773777204,0.024749605600447866
2016-04-25,-0.0176868700153951,0.0003128253709414,0.0002477674249541,0.0008559325064453264,0.02925632421281468,0.0007491888379836522,0.027371314144257895,0.0005685629539389926,0.02384455816195789,0.0005876590282282654,0.024241679566982675
2016-04-26,0.0315866881903145,0.0009977188708321,0.0005251080257468,0.0008233460783150958,0.028694007707448184,0.0007250647636274451,0.026927026639186235,0.0005862890649869355,0.024213406719975104,0.0005839021309251081,0.02416406693677842
2016-04-27,-0.0051722518700327,2.675218940705728e-05,0.0001912612197812,0.0008338084458661193,0.02887574147733906,0.0007336458206851905,0.027085897081049217,0.0005836510110059074,0.024158870234468898,0.0005790261251726222,0.024062961687469443
2016-04-28,-0.0259827533425268,0.0006751034712585,0.0007229844618276,0.0007853850704785754,0.02802472248709299,0.0006977185529986937,0.026414362627152178,0.0005616352620432148,0.02369884516264906,0.0005576811530482968,0.023615273723763965
2016-04-29,0.0100185273000029,0.0001003708892609,0.0003730091155503,0.0007787681745253761,0.027906418160082387,0.0006937004996335148,0.026338194691996542,0.0006066223211776686,0.024629704041617483,0.0005789441543996229,0.02406125837107492
2016-05-02,-0.0118902465938326,0.0001413779640621,0.0001299631932197,0.0007380643374095077,0.027167339534991418,0.0006639967303889664,0.025768134010614084,0.0005782798018979619,0.024047448968611242,0.0005577663648152533,0.023617077821255814
2016-05-03,0.0056045288327516,3.1410743437144094e-05,0.0002186628766627,0.0007022631550086661,0.026500248206548296,0.000638299949121632,0.02526459873264628,0.0005772315160901723,0.024025642886095103,0.0005451282913103793,0.023347982596155482
2016-05-04,-0.0594877188493854,0.0035387886939035,0.0012496521883406,0.0006620120103143747,0.025729594056540704,0.0006094958429062009,0.024687969598697276,0.0005463639987625473,0.02337443044787503,0.0005249424954804999,0.022911623588923152
2016-05-05,0.0092348356603368,8.528218967342971e-05,0.000376915321862,0.0008346186113297238,0.028889766550280808,0.0007413081136024744,0.02722697400745214,0.0007127894278716366,0.026698116560379997,0.0007302678378197616,0.02702346827888237
2016-05-06,-0.0075633750957174,5.720464283851901e-05,0.0001370753083572,0.000789658426030346,0.028100861659926837,0.0007074707932601757,0.02659832312872704,0.0006750734428902788,0.02598217548417143,0.0006986506895112911,0.026432001239242008
2016-05-09,-0.0018234769478981,3.3250681795158126e-06,0.000197653661846,0.0007457111990388363,0.02730771317849293,0.0006748176261950716,0.025977252090917384,0.00065399629533995,0.025573351273150535,0.0006712082457626408,0.025907687001402512
2016-05-10,-0.0019796097059352,3.9188545878328515e-06,0.0004815052843185,0.0007011680311872771,0.02647957762478996,0.0006420965491240685,0.02533962409200398,0.0006161784924088906,0.024822942863586713,0.0006421865125580279,0.025341399183115915
2016-05-11,0.0053204091715905,2.8306753753144894e-05,0.0005619932768402,0.0006593330805913104,0.02567748197528937,0.000611774597405779,0.024734077654236047,0.0005819645603522063,0.02412394164211575,0.0006151509657303803,0.0248022371114055
2016-05-12,0.0024228413878077,5.870160390474235e-06,0.000104247407194,0.0006214715009810204,0.024929330135024096,0.0005847532909704415,0.024181672625574135,0.0005504104072904083,0.023460827080271664,0.0005902064094910414,0.024294164103566957
2016-05-13,-0.0243411487201376,0.0005924915210158,0.0002264515299749,0.0005845354205455876,0.024177167339156744,0.0005586769373144578,0.023636347799828508,0.00051833007923053,0.0227668636230494,0.0005665206742595752,0.023801694777044243
2016-05-16,0.0115556005514894,0.0001335319041055,0.0002126266852155,0.0005850127865738037,0.024187037573332616,0.0005610055068060454,0.023685554813135484,0.0005588798298952162,0.023640639371540192,0.0005819437585168187,0.0241235104932267
2016-05-17,0.0022951498973618,5.2677130513601326e-06,0.0001529680505262,0.0005579239336257104,0.023620413493961327,0.0005424209878855889,0.023289933187658332,0.0005358321271889748,0.023148048021139383,0.0005611793046838078,0.023689223387097513
2016-05-18,0.0057907893198938,3.3533240947396684e-05,0.000167994922635,0.0005247645603912493,0.02290774018516993,0.0005193865082028648,0.02279005283457818,0.0005048077575025377,0.022467927307665427,0.0005394312389114569,0.02322565906301599
2016-05-19,-0.0085456669024024,7.302842280681742e-05,0.0005056828410311,0.0004952906812246181,0.022255127077251618,0.0004992995929033423,0.02234501270761201,0.000479813214556171,0.021904639110384153,0.000519667280804947,0.022796211983681567
2016-05-20,-0.0110958728663424,0.000123118394666,0.0001236185708507,0.0004699549457195499,0.02167844426428128,0.00048245410578637873,0.021964837941272835,0.00047448434691778037,0.0217826616123416,0.0005052464436164343,0.02247768768393302
2016-05-23,-0.0286091098251371,0.0008184811649867,0.0006219420978531,0.00044914475265633885,0.02119303547527675,0.00046909391057321006,0.021658575912862094,0.00047666203999212293,0.021832591234027237,0.0004949748687046459,0.02224803067025587
2016-05-24,0.0131486114098177,0.0001728859820063,0.0001886296406451,0.0004713049373961639,0.021709558664241978,0.00048813165743246333,0.022093701759380732,0.0005313182517041227,0.023050341683023327,0.0005295533784047844,0.02301202682087748
2016-05-25,0.0214861837187558,0.0004616560907961,0.0002420745506589,0.00045339980007277734,0.021293186705441187,0.0004766092563104211,0.02183138237286913,0.0005119651810901943,0.022626647588412083,0.0005130358672379727,0.022650295080593824
2016-05-26,0.0018465692912658,3.4098181474460745e-06,0.0002991584897776,0.0004538951775161783,0.021304815829201112,0.0004789741957784629,0.02188547910781171,0.0005026868086665936,0.022420678149123713,0.0005029804150440386,0.02242722486274302
2016-05-27,0.0134393839139877,0.0001806170399875,0.0001857758994296,0.0004268660559540543,0.02066073706221669,0.0004604556520610135,0.02145823040376381,0.00047388510648572096,0.02176890228021893,0.00048510529675487783,0.02202510605547401
2016-05-30,-0.0222418350225169,0.0004946992251688,0.0005797861401899,0.0004120911149960641,0.02030002746293867,0.0004512892008621471,0.021243568458762928,0.00045882118863094847,0.02142011177914225,0.00047171527985925057,0.02171900734055888
2016-05-31,0.0365505469226117,0.001335942480342,0.0009927279655912,0.0004170476016064318,0.020421743353749987,0.0004569833500281369,0.021377168896468422,0.0004940946844591841,0.022228240696447035,0.00048729295552507026,0.022074713033810207
2016-06-01,-0.0066016554769544,4.358185503640329e-05,0.0003354200661453,0.00047218129433056834,0.02172973295580432,0.0005002875688499565,0.02236710908566318,0.0005017901616462105,0.022400673240914222,0.000495172993924739,0.02225248287101327
2016-06-02,0.0252687654787368,0.0006385105088194,0.0004259548772895,0.00044646532797291836,0.021129726168905228,0.0004820395137787188,0.021955398283308794,0.0004896090066791079,0.022127110219798424,0.0004805266015084518,0.02192091698603076
2016-06-03,-0.0061836806699592,3.823790662802829e-05,0.0004358697646041,0.00045798803882370726,0.021400655102676348,0.0004920043048779878,0.02218117005205063,0.0004856293628639504,0.02203699986077847,0.00047593222584120786,0.021815870962242325
2016-06-06,-0.002069936292777,4.28463625615563e-06,0.0002329784038459,0.00043280303089196644,0.020803918642697258,0.00047411525051006267,0.021774187711831244,0.00047332157041076297,0.021755954826455284,0.00046223825184610236,0.0214997267853827
2016-06-07,0.0139617335371867,0.0001949300033634,0.0001438981911272,0.00040709192721381777,0.02017651920460558,0.0004559885220949449,0.021353887751295896,0.00045060185297464937,0.021227384506213885,0.0004473073978409115,0.021149642971948993
2016-06-08,-0.0032159364695737,1.0342247376334176e-05,0.0001943711963939,0.0003943622117827929,0.0198585551282764,0.00044779286291096927,0.021161116768993297,0.00043760967571945716,0.020919122250215402,0.00043672040423395597,0.020897856450697423
2016-06-09,0.0016091836346458,2.589471970012119e-06,0.0001373476458272,0.00037132101391840536,0.01926969158856481,0.0004318483095408581,0.020780960265128705,0.00042052951597366445,0.020506816329544292,0.00042388748245879315,0.020588527933264027
2016-06-10,-0.0226190260050294,0.0005116203374161,0.0003798201335001,0.00034919712140150174,0.018686816780861894,0.0004167093272076914,0.02041345946202386,0.0003979569817999334,0.019948859160361362,0.00041130734078055327,0.020280713517540582
2016-06-13,-0.0343758779810585,0.0011817009869686,0.0002727596242031,0.0003589425143623834,0.018945778272807464,0.00042567533492582365,0.020631900904323472,0.000435293566838551,0.020863690153914552,0.0004320153277437396,0.02078497841576314
2016-06-14,0.0057094738709056,3.259809188255444e-05,0.000129657317441,0.00040830802271875783,0.020206633136640003,0.00046427791599182864,0.021547109225875955,0.0005079782771178614,0.02253837343549577,0.0004938878829137235,0.02222358843467282
2016-06-15,0.0161784737917008,0.0002617430142287,0.0001992126310575,0.00038576542686858555,0.01964091206814453,0.0004481441215506596,0.021169414766371308,0.0004826576993736759,0.02196947198668361,0.0004771643037371586,0.021844090819650944
2016-06-16,0.0007566864865103,5.72574438867369e-07,0.0002948249141842,0.0003783240821101954,0.019450554802117995,0.00044353702856676216,0.021060318814461527,0.00046976639326751067,0.021674094981509854,0.000465811312298218,0.021582662307931752
2016-06-17,-0.015397785868822,0.000237091809662,0.0003142343036728,0.0003556589916499157,0.018858923395833487,0.00042745945022026427,0.020675092508142843,0.00044252962631757597,0.02103638814810128,0.0004503790775996999,0.021222136499412587
2016-06-20,0.0326461017332437,0.0010657679583772,0.0006638406338714,0.0003485449607306464,0.018669358873047742,0.0004232378052116654,0.020572744231425844,0.00045832346396379507,0.021408490464388072,0.00045102933734465333,0.021237451291166116
2016-06-21,-0.0065643093865847,4.3090157722805264e-05,7.864464823820601e-05,0.0003915783405894455,0.01978833849997128,0.00045677711385465276,0.021372344603591175,0.00046361692519081803,0.021531765491729145,0.00045633568169358574,0.02136201492588154
2016-06-22,-0.0048011819002794,2.3051347639571464e-05,0.0001594811053668,0.000370669049617447,0.019252767323619923,0.0004416613548257788,0.021015740644235663,0.000453767220380838,0.021301812607870674,0.0004442655433646733,0.02107760762906154
2016-06-23,0.0045019508410327,2.0267561375075417e-05,0.0002284783145944,0.0003498119874987744,0.018703261413421306,0.00042673576920597016,0.020657583818200282,0.0004397763802783459,0.020970845960007093,0.00043173316995646276,0.020778189766109626
2016-06-24,-0.0659068949255711,0.0043437187987302,0.0015537558634821,0.0003300393219313524,0.018166984392885693,0.0004127664698215783,0.020316654986034938,0.00041844582005940117,0.020455948280620022,0.0004189539891927102,0.02046836557208978
2016-06-27,-0.0069006938644224,4.761957581047787e-05,9.57018999878938e-05,0.0005708600905392876,0.02389267859699468,0.0005952232730722721,0.02439719805781541,0.0005996849681156563,0.024488466022102248,0.0006825140135356117,0.026124969158558095
2016-06-28,0.0032155672500203,1.0339872739403658e-05,0.000204614350925,0.000539465659655559,0.02322640005802791,0.0005702748519777242,0.023880428220149744,0.0005818080700952461,0.024120697960366862,0.000655546242900797,0.025603637298258954
2016-06-29,0.0067189428518458,4.51441930463704e-05,7.046376092933615e-05,0.0005077181124405896,0.022532601102415797,0.0005454502132479412,0.023354875577659178,0.0005479941826312804,0.02340927556827166,0.0006275565444239957,0.02505107870779212
2016-06-30,0.0262780251348894,0.0006905346049898,0.0002890123229911,0.0004799636772769364,0.021908073335575092,0.0005239984692538169,0.02289101284901603,0.0005206224925226071,0.022817153471075376,0.0006020912210578563,0.02453754716873421
2016-07-01,0.0189220202443193,0.0003580428501264,6.762180812875244e-05,0.0004925979329397129,0.02219454736956158,0.0005332726333649807,0.023092696537324972,0.0005159146545449817,0.022713754743436447,0.0005902995751554497,0.02429608147737922
2016-07-04,0.0095550477637287,9.129893776713787e-05,0.0001166034179339,0.0004845246279709159,0.022011920133666575,0.00052684630375289,0.022953132765548365,0.0005036860296077333,0.02244295055485649,0.0005731360124159235,0.023940259238695045
2016-07-05,0.0072191201277375,5.2115695418705665e-05,0.0001654706423152,0.0004609310865586891,0.021469305684131686,0.0005088294715761901,0.022557248759017358,0.00048260070947669763,0.02196817492366395,0.0005521800010139924,0.023498510612674845
2016-07-07,-0.0489849627295763,0.0023995265736179,0.0014834829440578,0.00043640216309029004,0.02089024085764188,0.000490347842615553,0.0221437991910953,0.000460716335613738,0.021464303753295562,0.0005319045832974243,0.023063056677236526
2016-07-08,0.0020439520317766,4.177739908204068e-06,0.0001928032494297,0.0005541896277219515,0.023541232502185427,0.000579305486350604,0.02406876578369992,0.0005831061724936557,0.024147591442909077,0.0006644112791449325,0.025776176581194746
2016-07-11,0.0268086233230081,0.0007187022844749,0.0003456369703565,0.0005211889144531266,0.022829562292193135,0.0005535476052396376,0.02352759242335768,0.0005479233206355648,0.0234077619740881,0.000635712164100801,0.02521333306210825
2016-07-12,0.0457274938171437,0.0020910036907969,0.0007029623095904,0.000533039716654435,0.023087652904841476,0.0005619525844803048,0.023705539109674448,0.0005421800884431842,0.02328476086291599,0.000622185417704035,0.02494364483599049
2016-07-13,0.0441467435407912,0.0019489349652563,0.0006013807201225,0.0006265175551029839,0.02503033270060516,0.0006317741064237268,0.025135116996420105,0.0005578634580113613,0.02361913330356051,0.0006350059769365178,0.025199324930174575
2016-07-14,0.0043234027828654,1.8691811622888764e-05,0.0001807781936031,0.0007058625997121884,0.026568074821337512,0.0006901122615721205,0.026269987848724266,0.0005710612261128072,0.023896887372894554,0.0006443321729749771,0.025383698961636326
2016-07-15,0.0371525204270863,0.001380309774085,0.0008410454158978,0.0006646323524268303,0.025780464550252586,0.000656976872304584,0.025631560083314946,0.0005393138302606662,0.023223131362085224,0.0006172501954449906,0.02484452043097211
2016-07-18,-0.0196337204894747,0.0003854829802588,0.0006610592056113,0.0007075729977263245,0.026600244317041985,0.0006877868387504428,0.026225690434199114,0.0005454823417636312,0.023355563400689592,0.0006172275568040246,0.024844064820476228
2016-07-19,0.012501878899426,0.0001562969760159,0.0002316311878528,0.0006882475966782741,0.026234473440080213,0.0006713984381202056,0.02591135731914107,0.0005702945093887114,0.023880839796554715,0.0006160997450689721,0.02482135663232314
2016-07-20,-0.0048734614582915,2.375062658545347e-05,0.0001149535915297,0.0006563305594385324,0.025618949225886145,0.0006458393473177745,0.025413369460143897,0.0005474276041003199,0.02339717085675787,0.0005934641174619628,0.024361118969824905
2016-07-21,-0.0168323440556091,0.0002833278064064,0.0002138173732699,0.0006183757634673476,0.024867162352535273,0.0006161424071895234,0.024822216000782917,0.0005271409268177749,0.0229595497956248,0.0005709591791269381,0.023894752125245788
2016-07-22,0.0086568270970697,7.494065538856072e-05,0.0004251120556289,0.0005982728860436906,0.024459617454974446,0.0006003309914051877,0.024501652830068173,0.0005438917898961165,0.023321487729047574,0.0005664501807848978,0.023800213881074637
2016-07-25,-0.0049377029515864,2.438091043810564e-05,8.6437428412296e-05,0.0005668729522043828,0.023809093897172624,0.0005762471299598398,0.024005147988709417,0.0005188794360624927,0.0227789252613571,0.0005456398034627787,0.023358934125143182
2016-07-26,0.0113474396230485,0.0001287643859987,0.0003782804902138,0.0005343234296984062,0.0231154370432057,0.0005516241326649371,0.02348667989871998,0.0005008044041420903,0.022378659569824336,0.0005263857471314945,0.022943098028197814
2016-07-27,-0.01299845757015,0.0001689598992029,0.0007392888850435,0.0005099898870764256,0.02258295567627111,0.0005335042814984508,0.023097711607396324,0.00048175579179234165,0.021948936005928434,0.0005092629987202174,0.02256685619930737
2016-07-28,-0.014754399485222,0.0002176923041695,0.000320525333795,0.0004895280878040195,0.022125281643495965,0.0005185148997178208,0.02277092224126684,0.0004890358626157998,0.022114155254402097,0.0005016330187299748,0.02239716541730169
2016-07-29,0.014754399485222,0.0002176923041695,0.0001808692345666,0.00047321794078594953,0.021753573057912798,0.0005068148817628144,0.022512549428325847,0.0005011167857770767,0.022385637935450415,0.0004976101576712204,0.02230717726811755
2016-08-01,0.0272276752028456,0.0007413462969516,0.0004235505534448,0.0004578864025889637,0.02139828036522944,0.0004959631183404109,0.022270229418225825,0.0004855374759862319,0.022034914930315296,0.0004840678681735971,0.022001542404422404
2016-08-02,-0.0082566698719263,6.817259737397563e-05,0.0003035651786956,0.0004748939962507251,0.021792062689216116,0.0005095664632055778,0.022573578874551057,0.0004838259613346337,0.021996044220146352,0.00048114206313194146,0.021934950720982744
2016-08-03,-0.0105571555115668,0.0001114535324954,0.0003699307435852,0.0004504907123181201,0.021224766484419094,0.0004917571493398678,0.022175598060477825,0.00047744632682510677,0.02185054522946983,0.00046899937338094915,0.021656393360413206
2016-08-04,0.0430482517408635,0.0018531519779447,0.0008242107133767,0.0004301484815287572,0.02074002125188779,0.00047719524712961227,0.021844799086501398,0.0004779383100072919,0.021861800246258126,0.0004604205723095145,0.021457412992006153
2016-08-05,0.020914008326553,0.0004373957442831,0.000105674705269,0.0005155286913137172,0.022705256909220765,0.0005424111690351936,0.023289722390685417,0.000493284403425452,0.022210006830828577,0.00047969259285534174,0.021901885600453256
2016-08-08,-0.0056485894950849,3.1906563283984075e-05,0.0001696803879953,0.0005108407144918818,0.022601785648304024,0.0005389089214328734,0.023214411933815456,0.0004845672473071058,0.022012888209117537,0.0004714260313642869,0.02171234744020754
2016-08-09,-0.0111275128229608,0.0001238215416251,0.0001976978165568,0.0004821046654194079,0.021956881960319592,0.0005173331024628989,0.022744957737109533,0.0004708390246252918,0.021698825420406787,0.00045763251148506613,0.02139234703077402
2016-08-10,-0.0135453360184098,0.0001834761278516,0.0003267858267448,0.00046060767799175283,0.021461772480197268,0.0005014759515166832,0.022393658734487384,0.0004732927495373257,0.021755292448903684,0.0004506023211699123,0.021227395534306893
2016-08-11,-0.0052799227231722,2.7877583962671124e-05,0.0003909572534345,0.00044397978498334547,0.02107082781912817,0.0004894647436395625,0.022123850108865827,0.0004825394481132835,0.021966780558681863,0.00044783261673363937,0.021162056061111816
2016-08-12,0.0172256551092964,0.0002967231939444,0.0002090487732676,0.0004190136529221049,0.020469822982187826,0.0004712915375648556,0.021709250046117567,0.0004679242329461288,0.02163155641524966,0.0004353672554603358,0.02086545603288689
2016-08-16,0.0116727565778349,0.0001362532461253,0.0001603771572507,0.00041167622538344436,0.020289805947407293,0.00046658730067449666,0.021600631950813305,0.00045704097106562724,0.021378516577761592,0.0004274689044146017,0.020675321144170936
2016-08-17,0.0329471343319547,0.0010855136606878,0.0004082235390918,0.0003951508466279609,0.019878401510885147,0.00045497112823149273,0.02133005223227296,0.0004413769114838895,0.02100897216628861,0.0004171261134842795,0.020423665525176413
2016-08-18,-0.0119378018307705,0.0001425111125507,0.0001841209160134,0.00043657261547155543,0.020894320172514715,0.00048710223746822434,0.02207039278010757,0.00044777242587254094,0.021160633872182113,0.0004250747081369479,0.020617339986936916
2016-08-19,0.0127031192935971,0.0001613692397873,0.000296249303193,0.00041892892529630697,0.02046775330358237,0.0004742815723487878,0.021778006620184222,0.00045363080810128717,0.021298610473485993,0.0004214173213949226,0.020528451509914784
2016-08-22,-0.0102523532837699,0.0001051107478552,0.0001174007932375,0.0004034753441657701,0.020086695700531985,0.0004632427672426555,0.021523075227361344,0.00043920644399912944,0.02095725277795564,0.00041194641450502926,0.020296463103334758
2016-08-23,-0.00775917467089,6.0204791573381686e-05,0.0004027533327832,0.0003855734683871375,0.01963602476030058,0.0004504614815300412,0.021224077872313823,0.00044083223737629955,0.02099600527186778,0.0004067952538707845,0.02016916591906528
2016-08-24,-0.0135932464625101,0.0001847763493905,0.000179733599814,0.0003660513477783121,0.019132468418327837,0.00043657716262980557,0.020894428985492892,0.00043560224618774575,0.020871086368173215,0.00039913808801853164,0.01997844058024879
2016-08-25,-0.0203396403746835,0.0004137009705714,0.0003545280610804,0.000355174847875046,0.018846083091057567,0.00042932990287549295,0.020720277577182526,0.0004466035643720355,0.02113299705134214,0.0003999061902283589,0.019997654618188577
2016-08-26,-0.0076845412222016,5.90521737957158e-05,0.0001954243424912,0.00035868641523683053,0.018939018328224685,0.00043295511108697795,0.020807573406982804,0.0004765071879304479,0.021829044594998837,0.0004151610597175278,0.02037550145928997
2016-08-29,0.0115717884035945,0.0001339062868575,0.0001548734320324,0.0003407083607503636,0.018458287048108327,0.0004202879123331175,0.020500924670197623,0.00046896115200915727,0.0216555108923608,0.0004068690264926732,0.02017099468277837
2016-08-30,0.0106453344965314,0.000113323146543,5.132111815237563e-05,0.0003283002363167956,0.018119057268986032,0.0004119223793926632,0.020295870993693847,0.00045237630388911097,0.021269139707310942,0.0003978657743112106,0.019946572996663126
2016-08-31,-0.020459317528714,0.0004185836737407,0.0004038735212233,0.00031540161093037035,0.017759549851569165,0.0004032330237193252,0.020080662930275116,0.00043603122192548664,0.020881360633959813,0.000389085425817599,0.01972524843487653
2016-09-01,0.0120853821160537,0.000146056460891,0.0001737663926453,0.00032159253469899276,0.017933001274159123,0.0004089709535250087,0.020223030275530143,0.00046652715865300485,0.021599239770255917,0.00040537687187653705,0.020133973077277545
2016-09-02,-0.0010682306948938,1.1411168175133395e-06,8.707138190828255e-05,0.00031106037027051503,0.017636903647480617,0.00040197507234106125,0.020049316006813332,0.00045061862988938107,0.021227779674035177,0.0003966990355312996,0.01991730492640256
2016-09-06,0.0303991166390182,0.0009241062924326,0.0003798769953781,0.00029246521506333487,0.01710161439932894,0.00038893644453614183,0.01972147166253426,0.00042696962484489276,0.02066324332830867,0.00038596875290197204,0.01964608747058742
2016-09-07,0.0108289275341449,0.0001172656715397,0.0001349179223388,0.0003303636797054928,0.01817590932265819,0.0004185597225922776,0.02045873218438224,0.0004314891905419963,0.0207723178904521,0.0003930171060583821,0.019824659040154565
2016-09-08,0.0329181950779115,0.0010836075671874,0.0007614986496217,0.0003175777992155489,0.01782071264611909,0.00040956735375040766,0.020237770473804855,0.00041675252942055004,0.020414517614201665,0.00038463537491238405,0.019612123161768694
2016-09-09,-0.0210640837641501,0.0004436956248231,0.000419933067925,0.0003635395852938623,0.01906671406650507,0.0004449040966899041,0.021092749860791127,0.00042422702786333854,0.020596772268084592,0.000394730015892463,0.01986781356597809
2016-09-12,-0.0554902883249407,0.003079172098385,0.0005902801930984,0.00036834894766561845,0.01919241901547636,0.0004487558836377014,0.02118385903554169,0.0004567165788931125,0.02137092835824201,0.0004122372793670702,0.020303627246555482
2016-09-14,0.0016061583698443,2.5797447090209733e-06,0.0005793372897315,0.0005309983367087845,0.02304340115323223,0.0005714478848677563,0.02390497615283806,0.0006022628505413196,0.024541044202342318,0.0005959405725786758,0.024411894080113402
2016-09-15,-0.0202626261994034,0.0004105740204967,0.0003405038200713,0.0004992932211887987,0.022344870131392545,0.0005461874551169131,0.023370653716079767,0.0005649980477218728,0.0237696875814949,0.0005718088576962719,0.023912525121707075
2016-09-16,-0.0208215617853679,0.0004335374351818,0.0005545058154152,0.0004939700691472756,0.022225437434329063,0.0005411991252033337,0.023263686835996864,0.0005911374045574606,0.024313317432169978,0.0005753238499579336,0.02398590940443855
2016-09-19,0.0077725831111512,6.041304821975296e-05,0.0002086850860275,0.0004903441111093526,0.022143714934702186,0.0005376103614957562,0.023186426233806626,0.0006181723611118465,0.024863072237996785,0.0005800611904239005,0.02408445952110822
2016-09-20,0.0108628467544401,0.0001180014396104,0.0003135467640058,0.0004645482473359766,0.021553381343445314,0.0005174171376116132,0.022746804997880763,0.0005864161187932488,0.024216030203013227,0.000558067683216197,0.023623456208103782
2016-09-21,0.0114226487741504,0.0001304769050176,0.0001373994197816,0.00044375543887244495,0.02106550352762651,0.0005012908344636275,0.022389525105808463,0.0005605544385289923,0.02367603088629917,0.0005386183370221198,0.02320815238277532
2016-09-22,0.0199457039576093,0.0003978311063645,0.0001248152318588,0.0004249587268411542,0.020614527082646213,0.0004868975645329966,0.02206575547161249,0.0005372397910072635,0.023178433747931795,0.0005207060563618294,0.022818984560269755
2016-09-23,-0.014014104624415,0.000196395128424,0.0001406834663088,0.00042333106961256044,0.02057501080467664,0.0004856318080035151,0.02203705533875874,0.0005247107337934637,0.02290656529891515,0.0005089524784774335,0.022559975143546445
2016-09-26,-0.00606684202473,3.6806572153030465e-05,0.0001726917583439,0.0004097149131412498,0.020241415788952357,0.0004753532237973766,0.021802596721431523,0.0005329713533540326,0.02308617234090642,0.0005030856779356988,0.022429571505842433
2016-09-27,-0.0048801144790104,2.381551732824764e-05,0.000168079934979,0.00038734041268195655,0.019680965745662905,0.00045860668329622583,0.021415104092584417,0.0005171789419371039,0.0227415685900754,0.00048747776098493316,0.02207889854555551
2016-09-28,0.033144943032925,0.0010985872486558,0.0004986309855328,0.00036552891896073395,0.019118810605284368,0.00044248709597376115,0.02103537724819218,0.0004990588859303038,0.02233962591294455,0.0004720927126664396,0.02172769460081855
2016-09-29,-0.0308374297211103,0.0009509470718044,0.0009145130589959,0.0004095124187424406,0.020236413188666626,0.00047611420699932944,0.021820041406911433,0.0005028722168234325,0.022424812525937258,0.00047659328283735183,0.02183101653238694
2016-09-30,0.0146695621580184,0.0002151960539079,0.0005265617472941,0.0004419984979261592,0.021023760318414953,0.0005006302350140523,0.022374767820338433,0.0005645899861637972,0.02376110237686369,0.000520818429610579,0.02282144670284027
2016-10-03,0.0227191920586779,0.000516161687799,0.0001799553766039,0.0004283903512850676,0.020697592886252923,0.0004901140335288228,0.022138519226199905,0.0005444926933513116,0.02333436721557522,0.000505671696246094,0.022487145133299916
2016-10-04,0.0214478554636444,0.0004600105039893,0.000269643909737,0.00043365663147590914,0.020824423917023712,0.0004939634417982776,0.02222528834004809,0.0005344931716665462,0.023119108366598966,0.0004971210652932907,0.022296211904565554
2016-10-05,-0.0011510668402946,1.3249548708258616e-06,0.0001315323938861,0.00043523786382671745,0.020862355184080188,0.0004949958200418111,0.022248501523514142,0.0005237543272750835,0.022885679523996737,0.00048810360444220217,0.02209306688629268
2016-10-06,-0.0021780286862976,4.743808958335498e-06,0.0002038571324241,0.0004092030892893639,0.020228768852536824,0.00047522147153799903,0.02179957503113304,0.0004945884768979475,0.02223934524436247,0.00047124822773323143,0.021708252526014882
2016-10-07,0.0419449293081033,0.0017593770946617,0.0006864740938671,0.0003849355324695022,0.019619774016779657,0.0004570352956904883,0.02137838384187374,0.0004705531370015084,0.021692236791108207,0.00045574161784406303,0.02134810572027558
2016-10-10,0.0287308510560728,0.0008254618024062,0.0002869217319054,0.00046740202620103907,0.021619482560899534,0.0005194743396185454,0.02279197972135254,0.0004850158437969296,0.022023075257486854,0.0004735894176589582,0.021762109678497583
2016-10-13,-0.0110549167795811,0.0001222111850034,0.0002823768140933,0.000488885612773351,0.02211075785162849,0.0005351750054996648,0.023133849776888947,0.00048490000621170923,0.02202044518650132,0.00047292641791771555,0.021746871451262032
2016-10-14,-0.0036317044906387,1.31892775073257e-05,0.0001350109768348,0.0004668851471071578,0.021607525242543574,0.0005179515260219674,0.022758548416407568,0.0004864220848547231,0.022054978686335724,0.00046476714802530506,0.021558458850885077
2016-10-17,-0.0036448158356746,1.328468247598437e-05,0.0001430893746763,0.0004396633949311678,0.020968151919784628,0.0004970491315713384,0.022294598708461618,0.00046698860259496275,0.021609919078861974,0.0004502320154826013,0.021218671388251464
2016-10-18,0.0338650657524977,0.0011468426784209,0.0004254760540381,0.0004140806721838568,0.020348972263577757,0.00047766647864777394,0.021855582322321543,0.00044897626980625234,0.021189060144476732,0.00043667880937661377,0.0208968612326496
2016-10-19,0.0024677464332936,6.089772459033683e-06,8.588253737924682e-05,0.00045804639255808504,0.021402018422524663,0.0005109241456792074,0.022603631249850265,0.00045595496540995104,0.021353102009074726,0.00044445155585788376,0.02108201972909341
2016-10-20,0.0059680996170337,3.5618213038838134e-05,8.684083654868547e-05,0.0004309289953521419,0.020758829334819002,0.000490210351570781,0.022140694469026508,0.00043145459542055136,0.020771485152019133,0.0004305556594429879,0.020749835166646212
2016-10-21,-0.0031549344778928,9.953611559796744e-06,9.095128398841208e-05,0.0004072103484133436,0.02017945362028773,0.00047233295320513397,0.021733222338280487,0.0004121214691955215,0.02030077508854087,0.00041814009886323884,0.020448474242916972
2016-10-24,-0.0026956576181293,7.266569994178952e-06,8.057476788591304e-05,0.0003833749442021308,0.019579962824329642,0.0004545916707729311,0.021321155474620296,0.0003966578011447863,0.01991626975979152,0.00040652995049162436,0.0201625878917272
2016-10-25,-0.0256757857915817,0.0006592459760151,0.0002480261995008,0.0003608084417496536,0.01899495832450426,0.0004380151860836816,0.020928812342884667,0.00038110843852964636,0.01952199883540736,0.0003955286443138747,0.01988790195857458
2016-10-26,-0.0409224322316673,0.0016746454597554,0.0017142714899628,0.0003787146938055858,0.01946059335697619,0.0004521089642189256,0.021262854093910478,0.0004272207881404336,0.020669319972859135,0.00042667126461369727,0.02065602247804977
2016-10-27,-0.0036445270679991,1.3282577549378306e-05,0.000651962616077,0.00045647053976257486,0.021365171184958356,0.0005110754293874923,0.022606977449174673,0.000520769527778593,0.022820375276900968,0.0005202080814048397,0.022808070532266418
2016-10-28,0.0206835888728673,0.0004278108486618,0.0001869407034807,0.00042987926202978305,0.020733529897964384,0.0004906757708595741,0.022151202469833868,0.0004988749874826162,0.022335509563979422,0.0005019566508782552,0.02240438909852833
2016-11-01,0.0297658280746619,0.0008860045209703,0.0011071540296522,0.00042975515722770404,0.02073053682922138,0.0004904911314193071,0.022147034370752827,0.000489572289606665,0.022126280519026802,0.0004920176323700271,0.022181470473573817
2016-11-02,-0.0104687486733929,0.0001095946987866,0.0002307385438853,0.0004571301190522617,0.0213806014661015,0.0005110295253562365,0.022605962163912342,0.0004902975313491045,0.02214266314942953,0.0004912397044001305,0.022163928000246944
2016-11-03,-0.0246141034487164,0.0006058540885841,0.0009549733472912,0.00043627799383632595,0.02088726870216223,0.0004949863541475457,0.022248288791445192,0.0004898492007329167,0.022132537150831053,0.0004810496709054271,0.02193284456939927
2016-11-04,-0.0004959321627941,2.4594871009369506e-07,0.0001942350805118,0.0004464525595211931,0.021129424022466706,0.0005025364759411781,0.022417325352083777,0.0005318043353474654,0.023060883229995017,0.0005030597711292973,0.022428993983888295
2016-11-07,0.0232942312128991,0.0005426212078,0.0001750374682955,0.0004196801628725271,0.020486096818880046,0.0004821666583888799,0.021958293612867094,0.0005001433306267128,0.02236388451559149,0.0004851317347173109,0.022025706225165878
2016-11-08,-0.0096197186764314,9.253898741368416e-05,0.0002098494256615,0.0004270566255681757,0.020665348426004718,0.00048778818302592716,0.022085927262080873,0.0004934857908348591,0.022214540077049965,0.00047845062207196295,0.021873514168326107
2016-11-09,-0.023020837719549,0.0005299589693098,0.0017132955073257,0.00040698556727890615,0.02017388329694871,0.0004726591237180648,0.021740725004425792,0.0004904231264723198,0.022145499011589687,0.00046803607026529355,0.021634141311022575
2016-11-10,0.0900948787507339,0.0081170871771094,0.0019770779466575,0.0004143639714007604,0.02035593209363699,0.0004783976336030455,0.021872302887511536,0.0005274148468208824,0.022965514294717687,0.00048610000643059894,0.022047675760283644
2016-11-11,-0.02432076886154,0.0005914997980164,0.0005899744879307,0.0008765273637432817,0.029606204818302558,0.0008266465875148917,0.02875146235437237,0.0005958754146706514,0.024410559491143406,0.0006197661131920326,0.02489510219284172
2016-11-15,-0.0816756756847738,0.0066709159985643,0.0016081526492227,0.000859425709799672,0.029315963395387026,0.0008095024590200218,0.028451756694798686,0.0006344468126065986,0.025188227659098974,0.0006315513950961577,0.02513068632361953
2016-11-16,-0.0007634326932998,5.828294771990596e-07,0.0009961097257247,0.001208115127125553,0.034757950559915825,0.001068381515919761,0.03268610585431922,0.0009031926293081213,0.030053163382714326,0.001028631462679853,0.03207228496193954
2016-11-17,0.0,0.0,0.0003145944998535,0.0011356631892666517,0.03369960221229105,0.0010070030032063456,0.03173331062474172,0.0008397810851306106,0.02897897660599164,0.0009754387057367221,0.031232014115915134
2016-11-18,-0.0196702615924207,0.0003869191911142,0.0022247363251314,0.0010675233979106525,0.032672976569493216,0.0009500481066208041,0.03082285039740491,0.000779524553022391,0.027919966923733826,0.000925780218909016,0.03042663666771298
2016-11-21,-0.0360887627914455,0.0013023987998172,0.001371615904802,0.001026687145502869,0.03204195913958553,0.0009147106061631479,0.03024418301364988,0.0007942871788227864,0.028183100944054868,0.0009040278421965453,0.030067055762022083
2016-11-22,0.017612318192902,0.000310193752128,0.000121307350087,0.00104322984476173,0.03229906879093777,0.0009233133499177923,0.030386071643399255,0.0008718564360575013,0.029527215176130328,0.0009418753342239414,0.030689987524010847
2016-11-23,0.0380195645268683,0.0014454872868127,0.0005229103538634,0.0009992476792037078,0.031610879127346454,0.0008864462552536739,0.02977324730783785,0.0008318144300354151,0.028841193283833024,0.0009002204828932655,0.030003674489856497
2016-11-24,0.0137828190423432,0.0001899661007539,0.0005321834629746,0.0010260220556602476,0.03203157903788459,0.0009035655510719181,0.03005936711030221,0.0008221133628739633,0.028672519297647414,0.0008824078659317341,0.0297053507963083
2016-11-25,0.0262746929228627,0.0006903594881907,0.0005616763550988,0.0009758586983658714,0.03123873714422322,0.0008626960729540148,0.029371688289133377,0.0007810933574859881,0.027948047471800033,0.0008425168444122752,0.02902614070820086
2016-11-28,-0.0052739209287963,2.78142419631957e-05,0.0001862447959443,0.000958728745755363,0.03096334519646356,0.0008474066522592148,0.029110249951850548,0.0007593397166343957,0.027556119404487923,0.0008145801274818449,0.028540850153452767
2016-11-29,0.0057631262749112,3.32136244605723e-05,0.0002033940269396,0.000902873875527833,0.030047859749536786,0.0008032796960061946,0.028342189329799393,0.0007242425603786464,0.02691175505942796,0.0007774878519509692,0.027883469152007775
2016-11-30,0.0148061685013198,0.0002192226256894,0.0002935340980475,0.0008506942604637973,0.029166663512712545,0.0007625960000241153,0.02761514077501897,0.0006814040536618311,0.026103717238390226,0.0007417351960311341,0.027234815880250302
2016-12-01,-0.0132180757113503,0.0001747175255109,0.0002442408649507,0.0008128059623773379,0.028509752057451113,0.0007332692030672078,0.027078943906053792,0.0006528182758726176,0.025550308723626368,0.0007118310768815437,0.026680162609728292
2016-12-02,-0.0078431889058329,6.151561221258051e-05,0.0001217933552431,0.0007745206561653569,0.02783021121309281,0.0007040570451341243,0.02653407328576079,0.0006517946221564787,0.02553026874430582,0.0006909666224232807,0.02628624397709343
2016-12-05,0.0173198957061333,0.0002999787872713,0.0002171818299101,0.0007317403535281903,0.02705069968648113,0.0006718462249144494,0.025919996622577893,0.000633267598098197,0.025164808723656076,0.0006643138528231819,0.02577428665983177
2016-12-06,0.011899881965037,0.0001416071907818,0.0001574950524433,0.0007058346595527788,0.026567548994078826,0.0006527488656044876,0.025548950381659274,0.0006112008366657401,0.02472247634574134,0.0006411047128139793,0.025320045671640864
2016-12-07,-0.0157768310204137,0.0002489083970466,0.0003377453597118,0.0006719810114265209,0.025922596540981786,0.0006278779183340521,0.025057492259483033,0.0005846094958704193,0.02417869921791533,0.0006165179752470957,0.024829780008028577
2016-12-08,0.046023263468936,0.0021181407803311,0.0004957390075044,0.0006465966545637308,0.02542826487520788,0.0006096599705593194,0.024691293416087366,0.0005955124199257799,0.02440312315925525,0.0006067643494216831,0.024632587144303032
2016-12-09,-0.0017404080745668,3.0290202660176244e-06,9.340948393291558e-05,0.000734889302109773,0.027108841769979273,0.0006772492484107203,0.026024012919046907,0.0006091920907685866,0.024681817007031443,0.0006211233124499589,0.02492234564502224
2016-12-12,-0.0148584764815422,0.0002207743233525,0.0001055199924989,0.0006909776851991477,0.026286454405247347,0.0006443384971487402,0.02538382353288685,0.0005748235541332093,0.02397547818361939,0.0005954454072892667,0.02440175008660786
2016-12-13,-0.0073346107736681,5.3796515201209566e-05,0.0002640202682308,0.0006627654834883514,0.025744232043087855,0.0006236555361461508,0.024973096246684166,0.000583277356063246,0.024151135709594405,0.0005853198497106026,0.024193384420345215
2016-12-14,-0.0079873059930126,6.379705702601504e-05,0.0001813309603691,0.0006262273453911227,0.025024534868626883,0.0005969249562564644,0.02443204772949792,0.0005678567707042788,0.023829745502297727,0.0005652698325581814,0.02377540394100974
2016-12-15,0.0037033768226103,1.3714999890247732e-05,0.0004326826442211,0.0005924815280892163,0.024340943451091133,0.0005725843598492317,0.02392873502400893,0.0005554450849769952,0.02356788248818708,0.0005472010495495434,0.0233923288611789
2016-12-16,-0.0125997287665782,0.0001587531649913,0.0002193858912281,0.0005577555363972781,0.02361684857040156,0.0005477448317001977,0.023403949062074925,0.0005243016476883141,0.022897634106787412,0.000526548055596779,0.02294663495148644
2016-12-19,-0.0089764602996016,8.057683951032394e-05,0.0001097823559073,0.0005338153941129216,0.02310444533229313,0.0005312616774607926,0.023049114461531763,0.0005283242797893471,0.022985305736260005,0.0005171093821740996,0.022740039185852334
2016-12-20,-0.0168337490103292,0.0002833751057427,0.0003614117438605,0.0005066210808367657,0.022508244730248643,0.0005124401071746621,0.022637139995473416,0.000521352508293459,0.022833144949687918,0.00050333965653889,0.022435232482390058
2016-12-21,0.0024751997835169,6.126613968322518e-06,0.00010477279434,0.0004932263223311254,0.022208699248968306,0.0005041492746349702,0.02245326868487014,0.0005383412444107555,0.023202181889011117,0.0005033735379093193,0.022435987562603954
2016-12-22,-0.0308798889962511,0.0009535675444207,0.0005541160350165,0.00046400033982935715,0.021540667116627495,0.00048392832572744773,0.021998370978948596,0.0005072993591066444,0.022523307019766087,0.00048552238873095926,0.02203457257881258
2016-12-23,-0.0034481102351303,1.1889464193610378e-05,0.0001702027622653,0.0004933743721048431,0.022212032147123396,0.0005079962692952833,0.022538772577389465,0.0005691427485516988,0.023856712861408606,0.0005293144669816583,0.023006835223073563
2016-12-26,-0.0278892632552781,0.0007778110049222,0.0003013318091023,0.0004644852776301691,0.02155192050909081,0.0004877568841503156,0.02208521868015609,0.0005430541433393388,0.023303522123046955,0.0005103631744679731,0.022591218968173742
2016-12-27,0.0318470850235273,0.0010142368244957,0.0007288360850754,0.0004832848212676913,0.021983739929040538,0.0005036033317932886,0.02244110807855282,0.000594705815205952,0.024386590889379188,0.0005413256923021317,0.02326640694869175
2016-12-28,-0.0101171735579314,0.0001023572008013,0.0001245673434342,0.0005151419414613765,0.022696738564414416,0.0005289869898311451,0.02299971716850329,0.0005918796824876051,0.024328577485903384,0.0005396144091788057,0.023229602002161072
2016-12-29,0.0099899844437758,9.979978918688376e-05,0.0001045616297946,0.0004903748570217723,0.02214440915946443,0.0005113147737481902,0.02261227042444412,0.0005844982093454222,0.024176397774387775,0.0005257169363051467,0.022928517970098868
2016-12-30,-0.0028075538525323,7.882358634869335e-06,0.0001252476210131,0.00046694035295167884,0.021608802672792374,0.0004948082071525631,0.02224428481998383,0.0005578259381094174,0.023618339020968798,0.0005081021575014103,0.022541121478342873
2017-01-02,0.038851884288135,0.0015094689127386,0.0008590081343502,0.0004393968732926702,0.02096179556461398,0.00047534384516667886,0.021802381639781442,0.0005307240875652372,0.023037449675804768,0.0004903205488146487,0.02214318289710512
2017-01-03,-0.0085182348814422,7.25603254954195e-05,0.0001286448910783,0.0005036011956594279,0.02244106048428701,0.000525160050003017,0.022916370786034534,0.0005391996101175177,0.02322067204276219,0.0005012140782088531,0.02238781092936183
2017-01-04,0.0053170240474475,2.827074472113516e-05,0.0001268900310155,0.00047773874344958733,0.02185723549421535,0.000506418515329,0.02250374447350929,0.0005302056841640441,0.023026195607699595,0.00048800243456114593,0.022090777138008204
2017-01-05,0.0335889852686722,0.001128219931379,0.00048418735944,0.00045077066352588015,0.02123136037859751,0.00048703392638477325,0.022068845152947474,0.0005027572801416615,0.022422249667276063,0.0004715937772602124,0.021716210011422626
2017-01-06,0.0005962275531733,3.55487295163106e-07,0.0001959176912792,0.0004914176195970721,0.022167941257524842,0.0005187707314383009,0.02277653905751049,0.0005068591643130301,0.02251353291496095,0.00047667716329049387,0.021832937578129378
2017-01-09,0.0058226504352716,3.3903258091369555e-05,4.769221327543839e-05,0.0004619538916589575,0.02149311265635942,0.0004972288768545238,0.022298629483771506,0.0004764653560006594,0.021828086402629513,0.0004605113869759359,0.021459529048325734
2017-01-10,0.0231886833745967,0.0005377150366472,0.000193397632769,0.00043627085364490216,0.02088709777936854,0.00047876512015035405,0.021880702003143182,0.0004536573211733259,0.021299232877578615,0.00044605285154745246,0.021119963341527194
2017-01-11,0.0371570520258356,0.0013806465152506,0.0004888458450713,0.00044235750462504584,0.02103229670352351,0.0004844115058834287,0.022009350419388316,0.0004496056429626394,0.021203906313758306,0.00044190448946104094,0.021021524432377422
2017-01-12,-0.0015629108176482,2.4426902239218045e-06,0.0001125611690141,0.0004986548452625823,0.02233058094323975,0.0005277477292284185,0.022972760592240946,0.0004599291581592883,0.02144595901701037,0.00045366054748333573,0.02129930861514842
2017-01-13,-0.0026849055493927,7.208717809160046e-06,0.0001536177623785,0.00046888211596026266,0.021653685967064882,0.0005056493781776278,0.02248664888723146,0.00043686941520266283,0.020901421367999422,0.0004391886113736402,0.02095682732127266
2017-01-16,0.026747928086793,0.0007154516569362,0.0004675640005296,0.00044118171207119646,0.021004326032300975,0.00048536858077287306,0.022031082151652767,0.0004184575561692988,0.020456235141621214,0.0004259909764357923,0.020639548842835503
2017-01-17,-0.0092035498539399,8.470532991395795e-05,0.0001317282615671,0.0004576379087630997,0.021392473180142115,0.0004985696347656384,0.022328672928896568,0.00041980916933228115,0.02048924521138544,0.00042648434516159454,0.020651497407248573
2017-01-18,0.0305681757004138,0.0009344133656513,0.0004190261795277,0.0004352619540321511,0.02086293253673009,0.00048230484799827346,0.02196144002560564,0.0004196044248683264,0.02048424821340355,0.0004190612404060116,0.020470985330609065
2017-01-19,-0.0025655124169899,6.5818539617294874e-06,6.92255062422643e-05,0.0004652110387293042,0.021568751441131316,0.0005056247548255047,0.0224861013700798,0.00042463695502279684,0.02060672111285046,0.000424078880479631,0.020593175580265202
2017-01-20,-0.0274522399785213,0.0007536254798383,0.0003935379423183,0.00043769328764324967,0.020921120611555436,0.0004853174093419648,0.022029920774754613,0.0004067914832099434,0.020169072442974254,0.00041185588048082977,0.02029423269012233
2017-01-23,0.0159338027282138,0.0002538860693816,0.0003097311377741,0.0004566492191749541,0.021369352334007555,0.000500247571168174,0.02236621494952094,0.0004580653045636395,0.02140246024558017,0.00044789608166993246,0.02116355550633996
2017-01-24,0.0052912882807326,2.7997731669818587e-05,0.000106561815796,0.0004444834301873549,0.021082775675592504,0.0004915078419157307,0.02216997613701311,0.0004465268637896441,0.02113118226199481,0.0004383624671618258,0.020937107421079584
2017-01-25,0.0112449879721198,0.0001264497544931,0.0001840877060284,0.0004194942882763027,0.02048155971297847,0.00047319194114278423,0.021752975454929935,0.0004254433894312678,0.02062627909806487,0.0004252815036857573,0.020622354465137032
2017-01-27,-0.0004258247965728,1.813267573763366e-07,0.0001794008246656,0.00040191161624931164,0.020047733444190433,0.0004606538277476349,0.02146284761506811,0.0004115091079209698,0.020285687267651786,0.0004149038386846164,0.020369188464065435
2017-01-30,-0.0155691366870229,0.0002423980171792,0.0001166454529687,0.0003778077988797955,0.01943727858728674,0.0004433175929423748,0.021055108476148367,0.0003892239139968286,0.019728758551840725,0.0004028903587179207,0.020072128903480087
2017-01-31,0.0021618864055588,4.67375283054029e-06,0.0002123296605969,0.00036968321197775993,0.019227147785819923,0.0004381860605992882,0.020932894224146077,0.00040729732218694367,0.020181608513370378,0.0004070659234065186,0.0201758747866485
2017-02-01,0.0246372803926579,0.0006069955851464,0.0005827522780648,0.0003477826444289267,0.018648931455419283,0.00042268179584298694,0.020559226538053102,0.0003862368735785632,0.019652910053693403,0.0003956537941174419,0.01989104808996856
2017-02-02,0.0049393740553927,2.4397416059087407e-05,0.0003452087577552,0.00036333542087197784,0.019061359365794922,0.0004355256119632334,0.02086925039294017,0.000387191957294463,0.019677193836888,0.0003961734443846016,0.019904106219185064
2017-02-03,-0.0087393080280331,7.637550480884526e-05,0.0002253736944591,0.00034299914058320434,0.01852023597536501,0.000421105709610789,0.020520860352597037,0.0003701065745146711,0.019238154134809064,0.0003858582490873666,0.019643274907391758
2017-02-06,0.0012682497229876,1.6084573598583677e-06,0.0001149315320611,0.0003270017224367427,0.01808318894544717,0.0004100805835668759,0.020250446502901507,0.0003712215828498118,0.01926711142983846,0.0003806337180630123,0.01950983644377913
2017-02-07,-0.0012682497229877,1.6084573598586216e-06,0.0001520208017261,0.00030747812653212964,0.017535054220963495,0.00039647542703119207,0.019911690712523435,0.000352071912051944,0.018763579404046125,0.0003709393852465734,0.01925978673938456
2017-02-08,-0.0045578339572846,2.077385038217725e-05,0.0005121010159076,0.00028912594638179335,0.01700370390185013,0.0003838566481012989,0.019592259902862123,0.00033620622338954815,0.018335927121079756,0.0003619682473079822,0.01902546312992097
2017-02-09,-0.0232142675110373,0.000538902216074,0.00047661741307,0.00027302482062181634,0.01652346273097187,0.0003730189803196024,0.019313699291425308,0.00032903620132927253,0.018139355041711724,0.0003548165567935141,0.018836574975125232
2017-02-10,0.0179952294887096,0.0003238282843513,0.0002100706816491,0.00028897746434894747,0.016999337173812027,0.0003863856490695396,0.01965669476462255,0.000368368945074232,0.019192939979957004,0.0003810498451148244,0.019520498075480154
2017-02-13,0.0093536913569844,8.749154200172637e-05,7.657630720022443e-05,0.00029106851354909004,0.01706073015873266,0.00038906222080270134,0.01972466022020915,0.00036417507758971704,0.019083371756314894,0.0003773007482082394,0.019424230955387638
2017-02-14,-0.0004231406035969,1.7904797041240573e-07,0.0001247621654685,0.0002788538952562481,0.016698918984660298,0.00038086268427430013,0.01951570353008828,0.0003525611168760632,0.01877661089962891,0.00036942225020025635,0.019220360303601396
2017-02-15,-0.02638228315878,0.00069602486467,0.0005087697228807,0.000262133404419098,0.01619053440807616,0.00036931122640687907,0.019217471904672555,0.00033469769686977273,0.018294745061622826,0.00036046219285937455,0.018985841905466677
2017-02-16,0.0211825199543925,0.0004486991516182,0.0004217128402994,0.0002881668920341549,0.01697547914004653,0.00039004840960580114,0.01974964327793799,0.0003825459875777738,0.01955878287567439,0.0003962948436283861,0.019907155588591408
2017-02-17,-0.0037307875490002,1.3918775735774976e-05,0.0001094424862983,0.0002977988276091998,0.01725684871606632,0.00039810340070553187,0.019952528679481503,0.00038048421848226385,0.019506004677592587,0.00039383702282765504,0.019845327480987936
2017-02-20,0.0394712535683933,0.0015579798582604,0.000933074398567,0.0002807660244967943,0.016756074256722375,0.0003859230006296959,0.01964492302427515,0.0003685796267984149,0.019198427716831785,0.00038411036348215963,0.01959873372139536
2017-02-21,0.0079755138946299,6.360882188343592e-05,0.0001781614025209,0.00035739885452261075,0.018904995491208422,0.00044441486126996005,0.021081149429524947,0.0003842245272575264,0.019601646034390234,0.0004030339646829043,0.020075705832744817
2017-02-22,-0.0141540782339264,0.0002003379306521,0.0001797608604118,0.0003397714525642602,0.018432890510287857,0.00043112278092568754,0.0207634963560015,0.00037005867830323773,0.01923690927106633,0.00039298504844426975,0.019823850494903098
2017-02-23,0.0035058970322548,1.2291314000773269e-05,0.0001469646351701,0.0003314054412495311,0.018204544521891537,0.00042497432481163424,0.020614905403897304,0.0003850027018183802,0.019621485718935256,0.0003951545274767144,0.019878494094792854
2017-02-27,-0.0106588326021997,0.0001136107124417,0.0001152911075868,0.0003122585936146056,0.017670840206809795,0.0004107722165587715,0.020267516289836095,0.0003668003902452311,0.01915203357988992,0.0003846833230010643,0.019613345533107406
2017-02-28,0.0043600835667364,1.90103287089252e-05,4.341129592930956e-05,0.00030033972074423214,0.017330312194078677,0.0004021792455433865,0.020054407135175714,0.0003729021801759085,0.01931067529052023,0.0003819023744813331,0.01954232264807162
2017-03-01,0.0359123911342373,0.0012896998369784,0.0005416057839896,0.0002834599572221137,0.016836269100430585,0.0003899334759290957,0.019746733297664597,0.00035632250636544356,0.018876506730998815,0.0003724454544159096,0.019298845934819772
2017-03-02,-0.0114574778026506,0.0001312737975982,0.0002582609691639,0.00034383435000749364,0.018542770828748698,0.000436008733013637,0.02088082213452423,0.00036903445169652113,0.019210269433209966,0.0003871789596533803,0.01967686356240192
2017-03-03,0.0009094909674694,8.271738199085587e-07,9.952366062302688e-05,0.00033108071686293786,0.018195623563454423,0.0004263844517802422,0.020649078715047852,0.00037707132631211604,0.01941832449806409,0.00038535218887818256,0.01963038942247918
2017-03-06,-0.004859154318742,2.36113806933494e-05,0.0001696914335731,0.00031126550428035605,0.01764271816587104,0.00041156194748647205,0.02028698961123784,0.0003571723310521422,0.018899003440714598,0.00037532658172895894,0.01937334719992802
2017-03-07,-0.021956535736773,0.0004820894615601,0.000270703849894,0.0002940062568651356,0.017146610652404037,0.0003988438898403348,0.019971076331543446,0.00034946707810462314,0.018694038571283177,0.00036745823546789375,0.019169200178095428
2017-03-08,-0.020012034413117,0.0004004815213517,0.0004190474099386,0.00030529124914683886,0.0174725856457148,0.0004077703966802967,0.020193325547821404,0.0003854050251441012,0.01963173515367659,0.00038923476724990247,0.019729033611657273
2017-03-09,-0.0063703280503988,4.058107946969888e-05,9.49405554894579e-05,0.0003110026654791353,0.01763526766111406,0.00041236117633812545,0.02030667812169498,0.00041563937130264524,0.020387235499268783,0.00040436657172106906,0.020108867987061557
2017-03-10,-0.0036278484308115,1.316128423694186e-05,0.0002448131164856,0.000294777370318569,0.017169081813497453,0.00040035217857892495,0.020008802527360925,0.00040821325461649547,0.02020428802547854,0.00039562621918473877,0.01989035492857628
2017-03-14,0.0102096371923246,0.0001042366915988,0.0001170002302588,0.00027788040515367134,0.01666974520362178,0.00038797450403939575,0.01969706841231445,0.0003942155130755686,0.019854861195071814,0.00038573132973124854,0.01964004403587855
2017-03-15,0.0136613629263233,0.0001866328370047,0.0001472087478749,0.00026746178234038495,0.01635425884411718,0.0003806106821996752,0.019509246069483958,0.0003813983363340645,0.019529422324637884,0.00037759722926689786,0.019431861188957116
2017-03-16,0.0421028321478195,0.0017726484748674,0.0005420144983079,0.00026261204562024506,0.01620530918002631,0.0003775049181067203,0.019429485791104206,0.0003725318182406209,0.019301083343704332,0.00037153666510351155,0.019275286381880596
2017-03-17,0.0050906173689054,2.591438519660167e-05,0.0001614269082894,0.00035321423137507825,0.018793994556109625,0.00044630978227799416,0.021126045116821892,0.0003905670549528848,0.01976276941506136,0.0003952838815161373,0.019881747446241674
2017-03-20,-0.0111129035891993,0.0001234966261828,0.0001669519233301,0.00033357624060436963,0.01826406966161621,0.0004311765892640057,0.020764792059252742,0.0003733760644836263,0.01932294140351376,0.00038505653109763006,0.019622857363228986
2017-03-21,-0.0005033851400824,2.5339659925578e-07,0.0001170515567375,0.00032097146373907776,0.017915676480085192,0.0004215511236395036,0.020531710197630972,0.00038035245205865893,0.01950262679893811,0.0003828783515464895,0.019567277571151526
2017-03-22,-0.0168617535995941,0.0002843187344534,8.222892275467492e-05,0.0003017283797106884,0.017370330443336086,0.00040705310312562213,0.020175557071011003,0.0003606183222046185,0.018989953191217154,0.00037301959290260645,0.019313715150188128
2017-03-23,0.0150470272668711,0.0002264130295699,0.0001233679693463,0.0003006838009952526,0.01734023647460589,0.00040644550804289504,0.020160493745017632,0.00038289487870251363,0.01956769988277911,0.00038186289989731905,0.01954131264519656
2017-03-24,-0.0046526163530335,2.1646838928515553e-05,0.0001137670900089,0.00029622755470973516,0.017211262438000738,0.00040326471526284794,0.020081452020778975,0.0003751941430724348,0.019369928834986328,0.00037625337313151565,0.019397251690162595
2017-03-27,-0.0344469874628921,0.0011865949452686,0.0005051504059612,0.00027975271176286195,0.016725809749093223,0.00039105941498777724,0.019775222248758096,0.00036588865548225526,0.019128216212764202,0.00036819804112007005,0.019188487202488634
2017-03-28,0.0077348945825574,5.982859420327718e-05,5.000978731137779e-05,0.00033416324577320903,0.01828013254255037,0.0004323928591716725,0.020794058266044954,0.0004372752321790444,0.020911126994474602,0.0004346659966471173,0.020848644959495986
2017-03-29,0.0087083493911216,7.583534911784911e-05,3.348881488306648e-05,0.000317703166679013,0.017824229763976143,0.0004198015168412893,0.02048905846644226,0.00041919352699579466,0.020474216150949336,0.00042242327578413083,0.02055293837348156
2017-03-30,-0.0143469569754148,0.0002058351744544,0.0001734721666784,0.00030319109762534305,0.017412383456188386,0.00040884653092956847,0.020219953781588338,0.0004033004805253862,0.020082342505927595,0.0004112992397107413,0.020280513793066026
2017-03-31,0.01083137889508,0.0001173187687687,7.270471905185538e-05,0.0002973497422350866,0.01724383200553423,0.0004045615760289113,0.020113716116842043,0.0004176141698586696,0.0204356103373173,0.00041258824467899633,0.02031226832923877
2017-04-03,0.0065043139413879,4.2306099848133015e-05,7.686903079858737e-05,0.0002865478838271085,0.016927725299847835,0.0003965864765911793,0.01991447906903867,0.0004038149281529171,0.020095146880600726,0.0004028935201979414,0.020072207656307798
2017-04-05,0.0152177825597016,0.0002315809060343,0.0001984439496441,0.00027189337678837,0.016489189694717264,0.00038579911717897836,0.019641769705883896,0.0003869619726573469,0.01967134902993048,0.00039245913239833194,0.019810581324088698
2017-04-06,0.0167851792548601,0.0002817422426177,0.000617823955681,0.00026947462854312924,0.01641568239651125,0.0003843487734797317,0.019604815058544462,0.0003791725029053359,0.019472352269444385,0.00038623398997219584,0.019652836690213345
2017-04-07,-0.0169879541864021,0.0002885905874392,0.0003578122324437,0.00027021068538760865,0.01643808642718515,0.00038527079511066557,0.01962831615576501,0.00037327135970556085,0.01932023187504645,0.0003813566640233521,0.01952835538450056
2017-04-10,0.0043498937860252,1.892157594970104e-05,0.0001040369902735,0.0002713134795107099,0.016471596143383005,0.00038643550453725493,0.019657962878621347,0.0003955773566072733,0.019889126592368838,0.0003899115252063578,0.019746177483410753
2017-04-11,-0.0147443046998629,0.0002173945210824,0.0001406887976856,0.0002561699652970493,0.016005310534227362,0.000375327149005649,0.019373361840569876,0.0003773609987499738,0.019425781805373337,0.0003799152372118222,0.01949141444872132
2017-04-12,-0.0221656663919716,0.0004913167666001,0.0004213185400506,0.0002538434386441703,0.01593246492681438,0.0003739948231813704,0.01933894576189122,0.0003936135785256879,0.019839697037144693,0.0003840454186838445,0.019597076789252127
2017-04-13,-0.0294402511817173,0.0008667283896426,0.0004705634056286,0.0002680918383215309,0.01637351026266301,0.0003851399541654727,0.019624982908667023,0.0004297204390908644,0.020729699445261245,0.0004052943105318622,0.02013192267350196
2017-04-17,-0.0024840663326768,6.170585545138574e-06,0.0001113641012463,0.0003040100314007955,0.017435883441936504,0.00041244508615344343,0.020308744081145032,0.0004870125196375178,0.022068360148355334,0.0004489578826137109,0.021188626255935303
2017-04-18,-0.0274051225850102,0.0007510407438994,0.0011478623911049,0.00028613966464945606,0.016915663293216025,0.00039887470368162004,0.019971847778350905,0.00046438806815121795,0.021549665151719133,0.0004350384243308122,0.02085757474709877
2017-04-19,0.0018877648624153,3.563656175769892e-06,0.0003240155423637,0.0003140337294044549,0.017720996851318914,0.00041995515946262747,0.02049280750562566,0.000515345219775375,0.022701216262028232,0.0004693580343666281,0.02166467249617746
2017-04-20,0.0080649140788799,6.504283909971657e-05,0.0001006240545511,0.0002954055250107337,0.01718736527251148,0.00040572246541720257,0.020142553597227997,0.0004855647611736056,0.022035534056918285,0.0004537431253354164,0.021301247037096592
2017-04-21,-0.0078432743458927,6.1516952464939e-05,0.0002345557646596,0.0002815837638560726,0.01678045779637947,0.0003953004098222435,0.019882163107223606,0.0004643043613328256,0.021547722880453646,0.00044031625340162266,0.020983714003998975
2017-04-24,-0.0003327077531901,1.1069444903280847e-07,9.98136621485886e-05,0.0002683797551726046,0.016382300057458495,0.0003854745915006573,0.019633506856918285,0.0004579296739440479,0.02139929143556038,0.00043049186817721585,0.020748297958560744
2017-04-25,0.008725768255006,7.613903164007074e-05,7.602471101623462e-05,0.00025228361152919025,0.01588343827794191,0.0003735856796120919,0.0193283646388434,0.00043178443342780303,0.02077942331797981,0.0004174273450517668,0.020431038765852477
2017-04-26,-0.0018712147791686,3.5014447497793424e-06,0.0002698124615411,0.00024171493673584308,0.0155471842060176,0.0003659950806430194,0.01913099789982267,0.0004150309760644263,0.020372309050876544,0.00040664435799980174,0.02016542481575337
2017-04-27,-0.0176738584857089,0.0003123652737728,0.0002102329693237,0.0002274221272166792,0.015080521450423365,0.0003556716953521952,0.018859260201614356,0.0003961100771456396,0.019902514342304584,0.00039539625852119323,0.019884573380417124
2017-04-28,0.0075968724812808,5.7712471496842565e-05,0.0002911881394627,0.00023251871601005035,0.015248564391773094,0.00036005692682127086,0.01897516605516987,0.00041969646411085814,0.020486494676026402,0.00040451838300572423,0.02011264236756882
2017-05-02,-0.0093927973557215,8.822464216564966e-05,0.0002013043172698,0.0002220303413392578,0.014900682579642376,0.00035261431408025145,0.018778027427827755,0.0004027311099116133,0.02006816159770529,0.0003942605010565032,0.019855994083815175
2017-05-03,-0.0095954215699835,9.207211510570484e-05,0.0002816677578152,0.00021400199938884125,0.014628807175871903,0.0003470903958502113,0.018630362203945774,0.0004038994410666813,0.0200972495896001,0.00038922435935468823,0.019728769838859395
2017-05-04,0.003736202410646,1.3959208453317324e-05,0.0002614084602383,0.00020668620633185303,0.014376585350209314,0.00034214086305723294,0.018497050117714256,0.0004055400249113064,0.02013802435472026,0.00038477067865316485,0.019615572350894197
2017-05-05,-0.0202049567105093,0.0004082402756735,0.0003478342431798,0.00019512258645914085,0.013968628653491395,0.0003340195899109418,0.018276202830756223,0.0003860405577925563,0.019647914845920836,0.00037502754932143686,0.01936562803839413
2017-05-08,-0.0039284480182605,1.54327038321749e-05,0.00013299260723,0.0002079096478120057,0.014419072363089301,0.00034430800714833556,0.01855553844943163,0.00041679533846541067,0.020415566082413943,0.00039160594153928827,0.01978903589211178
2017-05-09,0.0036978106248627,1.3673803417347955e-05,0.0001455240027359,0.00019636103117321582,0.014012888038274473,0.0003360962151744289,0.0183329270760135,0.00040298801413073815,0.020074561368327283,0.00038212521889706397,0.01954802340128188
2017-05-10,0.0090707696908688,8.227886278478531e-05,5.6401983647289954e-05,0.00018539979750786372,0.013616159425765538,0.00032840028080159363,0.018121817811731625,0.0003836416353094407,0.019586771947144345,0.0003725544111478735,0.019301668610456287
2017-05-11,0.0084222317484355,7.093398762435501e-05,5.9834578075460184e-05,0.00017921254142447892,0.013387028849766438,0.00032436314661746013,0.018010084581074573,0.00037049644660821715,0.019248284251023963,0.00036489794484003855,0.019102302082210892
2017-05-12,-0.0101382690482329,0.0001027844992943,0.000239815945725,0.0001727158281964715,0.013142139407131225,0.0003201059349251002,0.017891504546155422,0.00035764894773063856,0.01891160880862965,0.00035754521601506566,0.0189088660689917
2017-05-15,0.0433557611100792,0.0018797220214342,0.0006576842374526,0.00016851994846234464,0.012981523349065958,0.0003175969662361791,0.01782125041169051,0.0003628398582134046,0.019048355787663264,0.0003558987390218532,0.01886527866271403
2017-05-16,0.0010958622967457,1.2009141734287898e-06,0.0001277241790764,0.0002711920728406594,0.01646791039691009,0.0003955847325447872,0.019889312017885064,0.00038234510581862684,0.019553646867493207,0.0003826807467791267,0.0195622275515629
2017-05-17,0.0786347552668087,0.0061834247358709,0.0017096973473662,0.00025499260332062556,0.01596848782197693,0.00038301210888795444,0.019570695155971197,0.0003622127213259189,0.019031886961778616,0.00037284142458576564,0.019309102117544608
2017-05-18,-0.0156099271300153,0.0002436698250043,0.0002557246420027,0.0006106985312736423,0.024712315376622287,0.0006507779810999467,0.025510350469955263,0.0004168090954899639,0.02041590300451988,0.00047826613521608543,0.021869296632861458
2017-05-19,0.0066614348514885,4.437471428062693e-05,0.0003755685817738,0.000588676808897487,0.024262662856691698,0.0006306629970781529,0.025113004541037157,0.0004341040937446978,0.020835164836033763,0.0004774618493036786,0.02185090042317887
2017-05-22,-0.0063531542796646,4.0362569301221505e-05,0.0002378820905483,0.0005560186832204753,0.02358004841429456,0.0006029985234726622,0.024556028251178207,0.0004152325829746609,0.020377256512461656,0.0004620594000204816,0.021495566985322383
2017-05-23,0.008189998409029,6.70760739398979e-05,0.0005631579627994,0.00052507931638532,0.022914609234837936,0.0005771583890808112,0.02402412098456073,0.0004077861714995889,0.020193716138927696,0.00044943175840907754,0.0211998056219645
2017-05-24,-0.0144803040259063,0.0002096792046826,0.0002757735072207,0.0004975991218385946,0.02230692990616581,0.0005543990807569692,0.023545680724009005,0.0003922015997614075,0.019804080381613468,0.00043633203658885336,0.020888562338965633
2017-05-25,0.0027892084619711,7.779683844331684e-06,0.0001664030344138,0.0004803239268092396,0.02191629363759392,0.0005397352700354088,0.02323220329704888,0.0004072630412639531,0.020180759184529037,0.00043618449935313566,0.020885030508791116
2017-05-26,0.0543059634245249,0.0029491376634658,0.0012295678804789,0.00045197127223134506,0.02125961599444696,0.0005170090428421759,0.022737832852806707,0.0003867748935752481,0.01966659333934701,0.00042287496788171044,0.02056392394174104
2017-05-29,-0.0079454675889106,6.313045520643034e-05,0.0002877366342538,0.0006018012557054146,0.024531637852076137,0.0006288753153752853,0.02507738653399284,0.0004164546576624356,0.020407220723617305,0.0004649846617832504,0.021563503003530073
2017-05-30,0.0081407918741211,6.627249233775661e-05,0.0001322818613262,0.0005694810076754754,0.02386380119921123,0.0006021881797354685,0.02453952280985652,0.0004131020076372839,0.0203249110117925,0.0004536065445556679,0.021298040861911876
2017-05-31,-0.0140673055910287,0.0001978890865913,0.0002177560113692,0.0005392884967552122,0.023222585918782006,0.0005775778840289503,0.024032850102077997,0.00039710358797293244,0.01992745814129169,0.00044021163724430846,0.020981221061804493
2017-06-01,-0.0150724348084617,0.0002271782910553,0.000279696317914,0.0005188045321453827,0.02277728105251772,0.0005607007085246976,0.023679119673769497,0.00041088763356524635,0.020270363429530473,0.0004390548732019066,0.020953636276358014
2017-06-02,-0.0105145816081554,0.0001105564263945,0.0003370559274466,0.0005013069576799793,0.022389885164510768,0.0005463709597516901,0.023374579349192365,0.0004269068182660562,0.020661723506669432,0.00043983584475204356,0.02097226370118504
2017-06-05,-0.0013222884473952,1.748446738114855e-06,0.0002465229691286,0.00047786192580285414,0.021860053197621777,0.0005278089933939497,0.02297409396241666,0.0004298593560219686,0.02073304984853817,0.00043315806775014274,0.020812449825768777
2017-06-06,-0.0020373446979839,4.150773418403364e-06,9.637329387932236e-05,0.0004492951170589698,0.02119658267407673,0.0005056748219399429,0.022487214632762834,0.00040844579601229006,0.020210041959686526,0.0004200185487661929,0.020494354070479823
2017-06-07,0.0011210268398463,1.2567011756559096e-06,8.09312150665671e-05,0.0004225864564405357,0.020556907754828685,0.00048525396548753177,0.022028480780288316,0.0003904196009337124,0.019759038461770156,0.0004079137626503189,0.020196875071414364
2017-06-08,0.0164674605402369,0.0002711772566442,0.0002698998002071,0.0003973066711246429,0.019932553050842305,0.00046618281916733714,0.021591267196886272,0.00036970025402650614,0.01922759095743682,0.00039638136682430364,0.019909328638211377
2017-06-09,0.0160034339771482,0.0002561098990609,0.0002235614588117,0.0003897389062558199,0.01974180605354586,0.0004606943288245441,0.02146379111025226,0.00036405795648025165,0.019080302840370527,0.00039062691161636745,0.019764283736487073
2017-06-12,0.0026591135372494,7.070884803983283e-06,0.0001050250000878,0.0003817211658241272,0.019537685784762924,0.0004549227342343172,0.021328917793322688,0.0003583248497231064,0.018929470402605203,0.00038497948985177094,0.019620894216415594
2017-06-13,0.0003931837344669,1.5459344904938824e-07,7.617644506267044e-05,0.00035924214896291846,0.018953684311049355,0.00043831340268405425,0.020935935677300267,0.0003413171132186241,0.018474769639122,0.00037509464842817495,0.01936736038876168
2017-06-14,-0.011767599504485,0.0001384763980979,0.0001044185383185,0.0003376968956320863,0.018376531109871804,0.00042259564656074565,0.02055713128237366,0.00032363820143904465,0.01798994723280323,0.00036574524953679526,0.019124467300732726
2017-06-15,-0.000199105652678,3.9643060928368054e-08,7.496982916930179e-05,0.0003257436657800385,0.01804837016963134,0.00041426936422762407,0.020353608137812423,0.00033416051766056764,0.018280057922790277,0.00036581492291590923,0.019126288790978486
2017-06-16,-0.0011946420443042,1.427169614019346e-06,6.081576755358208e-05,0.0003062014244168919,0.01749861207115844,0.0004002896119518054,0.020007238988721192,0.00031713217287550484,0.01780820521207864,0.000357088203053905,0.018896777583860824
2017-06-19,0.0344626099008174,0.0011876714811759,0.0002342574768569,0.0002879149691287195,0.01696805731746329,0.00038738610963553777,0.019682126654290633,0.00030353416695357694,0.01742223197393425,0.0003490355001764981,0.018682491808548935
2017-06-20,0.0053748220518599,2.8888712089160327e-05,3.4962729232878545e-05,0.0003419003598515514,0.018490547851579504,0.0004290345272336703,0.020713148655713123,0.00031663225960484344,0.017794163638812685,0.00036344935725595893,0.019064347805680604
2017-06-21,-0.0090385236553456,8.169490986824357e-05,8.441109708862992e-05,0.0003231196609858079,0.01797552950501898,0.0004152882299667876,0.020378621885858417,0.0003047705343201234,0.01745767837715323,0.00035541446705251024,0.018852439286535582
2017-06-22,-0.0051324966991944,2.6342522367242092e-05,0.0001444598661743,0.0003086341759187539,0.017567987247227666,0.0004049253017040239,0.020122755817830316,0.00030957037160911,0.01759461200507445,0.00035257170697353043,0.01877689289987911
2017-06-23,-0.0151628250511131,0.0002299112635306,0.0001751243232701,0.0002916966767056631,0.017079129857977635,0.00039281184609910714,0.019819481479067688,0.00030523767358516614,0.01747105244640878,0.0003464045365903082,0.0186119460720879
2017-06-27,0.0071699183063552,5.140772851980779e-05,0.0001393309683929,0.0002879895519151631,0.016970254916033614,0.00039077761235183897,0.019768095820079358,0.0003244652682568279,0.01801291948177274,0.0003535794793908622,0.018803709192360483
2017-06-28,0.0188079259232758,0.0003537380775354,0.000244961290497,0.00027379464251144173,0.016546741144752394,0.000380822776772637,0.019514681057415134,0.0003135624126941071,0.017707693601768333,0.0003466246863013357,0.018617859337242176
2017-06-29,0.0273783357161683,0.0007495732665872,0.0002725521214489,0.000278591248612881,0.016691052950993865,0.0003852545347827023,0.019627901945513747,0.0003129611389831026,0.017690707701590192,0.00034574129924056543,0.018594120017913336
2017-06-30,0.0198008629125903,0.0003920741720831,0.0003956696122222,0.00030685016969134117,0.017517139312437438,0.0004072561288598776,0.02018058792156159,0.00031964928779800426,0.017878738428591775,0.0003522550458308233,0.018768458802757973
2017-07-03,0.008847648300276,7.828088044537777e-05,0.0001535380575067,0.0003119636098348524,0.017662491608911025,0.0004115041938628247,0.02028556614597741,0.0003195852575375138,0.017876947657178892,0.0003517043028757931,0.018753781028789718
2017-07-04,-0.0055549082732087,3.085700592376337e-05,0.000123077070465,0.00029794264607148384,0.01726101520975762,0.0004012613004006768,0.02003150769165109,0.0003103742979106549,0.01761744300148733,0.0003453735694533146,0.018584229051895444
2017-07-05,0.0043735534445845,1.912796973263749e-05,8.669863574297762e-05,0.0002819175076626205,0.016790399270494447,0.00038961753359266065,0.019738731813180418,0.00030695225877728534,0.017520053047216648,0.0003399763732115351,0.01843844823220043
2017-07-06,0.0085100131722536,7.242032419193068e-05,8.513857796408405e-05,0.0002661501353868215,0.01631410847661684,0.00037828780875635653,0.01944962232940158,0.0002949256010023079,0.017173398062186408,0.00033333648434391095,0.018257504877280218
2017-07-07,-0.0023467306794481,5.507144881863136e-06,1.887765158433883e-05,0.00025452634671512794,0.0159538818697873,0.00037018822428741267,0.01924027609696422,0.0002869518360791776,0.0169396527732766,0.0003281302989005557,0.018114367195697336
2017-07-10,0.0107847490928682,0.0001163108129961,0.0001797966988377,0.00023958519460513203,0.01547853980855856,0.0003596514894755166,0.01896447967848094,0.00027783419927150026,0.016668359225535674,0.0003222808947208799,0.017952183564148398
2017-07-11,-0.0044794957503114,2.006588217705865e-05,5.267071953369169e-05,0.00023218873170859138,0.015237740374103746,0.0003548868256688762,0.018838440107102186,0.0002726374218890097,0.016511735883577162,0.00031863058860790697,0.017850226570212128
2017-07-12,0.0040323647270867,1.625996529225327e-05,4.4512240166025024e-05,0.00021946136073669936,0.014814228320661841,0.0003461174789428796,0.0186042328232819,0.0002688770843373993,0.01639747188859915,0.000314343564127072,0.017729736719056827
2017-07-13,0.0086372982310492,7.4602920732087e-05,3.826525184606728e-05,0.00020726927701003256,0.014396849551552331,0.0003378118907056768,0.018379659700486207,0.00025906771943568223,0.016095580742417535,0.00030937145873336517,0.017588958432305343
2017-07-14,-0.0098900516191335,9.781312102912572e-05,7.617061737186125e-05,0.00019930929563335574,0.014117694416347018,0.00033274547146823534,0.01824131221892316,0.00025329295071746245,0.015915179883289488,0.0003058147101125344,0.017487558723633622
2017-07-17,0.0025041243057551,6.270638538673805e-06,5.0784997424146166e-05,0.0001932195251571019,0.01390034262732764,0.0003290954342631913,0.01814098768709111,0.0002618597016004206,0.016182079643865945,0.00030732562587487564,0.01753070523039149
2017-07-18,0.0062326457388602,3.8845872906132845e-05,0.0001638675945178,0.00018200259195999617,0.013490833627318816,0.00032157244681066074,0.017932441183805978,0.0002513674970532388,0.015854573379729862,0.00030263951670374793,0.017396537491804163
2017-07-19,0.0139271191376233,0.0001939646474735,9.060483734535984e-05,0.0001734131888167643,0.013168644152560442,0.0003160672283536315,0.017778279679249942,0.00024426333589268285,0.015628926255270476,0.0002988718918863677,0.01728791172716843
2017-07-20,-0.0071530774346283,5.116651678578949e-05,6.46957332153496e-05,0.00017464627633617165,0.013215380294799376,0.00031797226900741386,0.017831776944752697,0.00024318884661905704,0.015594513349863054,0.0002982327457411353,0.01726941648525321
2017-07-21,-0.0071140524654649,5.060974248138737e-05,0.0002465029851788,0.00016723749076314866,0.012932033512296071,0.0003132849385271146,0.017699857019962465,0.0002463792862660727,0.015696473688891804,0.0002972903134070287,0.01724210872854677
2017-07-24,-0.0086229057140825,7.435450295395687e-05,5.9073817027132705e-05,0.00016023982586624297,0.012658587040670967,0.000308912275461584,0.01757590041680892,0.00024936121592890646,0.015791175254834786,0.0002963757954858501,0.01721556840437893
2017-07-25,0.0080802484597148,6.5290415170724e-05,3.332278459166422e-05,0.00015508670649150579,0.012453381327635711,0.00030592985820948615,0.01749085069999416,0.0002553727640622427,0.015980386855838087,0.0002970306376028627,0.01723457680370663
2017-07-26,0.0228847562566924,0.0005237120689282,0.0002198327481618,0.00014969892901225883,0.012235151368587919,0.0003027539842503892,0.017399827132773164,0.00024939432005310663,0.015792223404356546,0.0002941298024009461,0.017150212896665337
2017-07-27,-0.0079859715230519,6.377574116699643e-05,0.0001241243198905,0.0001721397174072166,0.013120202643527142,0.0003205283134068127,0.017903304538738448,0.0002548358492100995,0.01596357883465044,0.0002999217506249389,0.01731824906348615
2017-07-28,-0.0167993476482646,0.0002822180814072,0.0001788480708846,0.00016563787883280335,0.012870038027636256,0.000316225586486933,0.017782732818296884,0.0002593042466754783,0.016102926649385146,0.00029966669612129616,0.017310883747553046
2017-07-31,0.0271686194792709,0.0007381338844094,0.0003758086733699,0.00017263269098727034,0.013138976025066426,0.0003221080651655448,0.017947369310446163,0.0002830281307655073,0.016823439920703117,0.0003133014029826894,0.017700322115224047
2017-08-01,0.0093024757086137,8.653605430934828e-05,4.876316523042897e-05,0.00020656276259259924,0.014372291487184611,0.0003481707533045963,0.018659334213861872,0.0002906577110533527,0.017048686490558525,0.0003217810583719605,0.017938256837607174
2017-08-02,-0.0055183581922795,3.04522771382991e-05,7.657199363679895e-05,0.00019936116009560415,0.014119531157074733,0.00034289267289233655,0.018517361391200866,0.0002835651042532523,0.016839391445454682,0.0003176123587310261,0.01782168226433818
2017-08-03,-0.0176338151448581,0.000310951436563,0.0001327539247872,0.0001892266271181658,0.013755966964127451,0.0003354623545801166,0.01831563142728409,0.0002814624319874743,0.01677684213394983,0.00031405330643560374,0.017721549210935363
2017-08-04,0.0291611590228219,0.0008503731955543,0.0005131795219753,0.00019653011568485746,0.014018919918626308,0.0003412488655755683,0.01847292249687548,0.0003069594277893659,0.017520257640496213,0.0003285468890915937,0.018125862437180573
2017-08-07,0.041165948540411,0.0016946353192317,0.0003197531370948,0.00023576070047702448,0.015354500984305042,0.00037099688407077325,0.01926127939859586,0.00031539825206168646,0.017759455286176052,0.0003380836294367003,0.01838705059101922
2017-08-08,0.0269641890574625,0.0007270674915265,0.0003617829565679,0.0003232931776023091,0.01798035532469559,0.00043674750825124943,0.020898504928612702,0.00033406577122380404,0.018277466214544184,0.0003626306590567265,0.01904286373045626
2017-08-09,-0.0186660664640919,0.0003484220372418,0.0003091439457342,0.0003475196364377654,0.0186418785651491,0.00045399862122766913,0.02130724339814208,0.0003395374168543653,0.018426541098490658,0.0003675932762420578,0.01917272219175091
2017-08-10,-0.0011576489238077,1.3401510307931885e-06,0.0002719666229203,0.0003475737804860133,0.01864333072404213,0.0004528848334895448,0.02128109098447598,0.0003669152711375309,0.01915503252770746,0.0003808719124271981,0.019515939957562844
2017-08-11,-0.012655200871764,0.0001601541091046,0.0002175305562098,0.00032679976271870006,0.018077603898711245,0.00043616422998236085,0.02088454524241217,0.000349729902531173,0.01870106688216405,0.0003712168797834261,0.019266989380373523
2017-08-14,0.0442514099961087,0.0019581872866437,0.0004043479293661,0.0003168010235018599,0.017798905120873582,0.0004278340206917557,0.020684149020246293,0.000361530564983997,0.019013957110080925,0.0003722958842543288,0.019294970439322493
2017-08-16,0.0118730963826417,0.0001409704177115,0.0001367570908782,0.00041528419929037086,0.020378522990893398,0.0005013760790219117,0.02239142869541628,0.00038192298768985957,0.01954285004010059,0.0003994315673627593,0.019985784131796264
2017-08-17,-0.0092313763049555,8.521830848369411e-05,0.0001509681933537,0.0003988253723956386,0.01997061271958471,0.0004874509194188821,0.022078290681546934,0.0003714091084106935,0.01927197728336907,0.0003910586071642772,0.019775201823604156
2017-08-18,0.0003996525231079,1.5972213922653373e-07,6.921473419386462e-05,0.0003800089485609219,0.01949381821401138,0.0004720154284242939,0.02172591605489384,0.00037369773203411495,0.019331263073946177,0.00038604651243243955,0.019648066378970718
2017-08-21,-0.0065748024436735,4.322802717333606e-05,0.0003486170236995,0.0003572179949756202,0.01890021150610808,0.00045385449793715945,0.021303861103967973,0.0003536093918996262,0.018804504564056617,0.0003759619164797603,0.01938973740100057
2017-08-22,-0.003142157236842,9.873152101039e-06,0.0002253168731508,0.00033837859690748304,0.018395069907654143,0.00043895686085578315,0.020951297354955926,0.0003502447300531558,0.01871482647670439,0.00036929671090759513,0.019217094236840156
2017-08-23,0.0239207953654407,0.0005722044509152,0.0003658195651494,0.00031866827021909637,0.017851282032926834,0.00042363171769206317,0.020582315654271342,0.0003388887040135722,0.018408930007297333,0.0003609607264355066,0.018998966457034094
2017-08-24,0.0069096905240415,4.7743823138029926e-05,8.839890061124432e-05,0.00033388044106086794,0.01827239560268078,0.000434834158633591,0.020852677493156387,0.00034146876226127807,0.018478873403464782,0.0003631646752912788,0.01905687999886862
2017-08-28,-0.0049419411901948,2.4422782727344776e-05,0.0001094021851178,0.0003167122439854976,0.017796410986080806,0.0004215196084134836,0.0205309427064001,0.0003292386493808567,0.018144934537794748,0.0003554984262458031,0.01885466590119812
2017-08-29,-0.0089255160653504,7.966483703282948e-05,0.0001401225885522,0.00029917487631000837,0.017296672405697242,0.00040811629172030306,0.020201888320657134,0.00032336695487240126,0.017982406815340413,0.00034901284313202584,0.018681885427654935
2017-08-30,0.0133193536690387,0.0001774051821609,4.725751901824613e-05,0.0002860042739533776,0.016911660886896284,0.00039818157480125087,0.01995448758553451,0.0003271116424638776,0.0180862279777702,0.0003464709547038056,0.018613730273747
2017-08-31,-0.0009398956735309,8.834038771221795e-07,0.0001034866973195,0.00027948832844583096,0.016717904427464316,0.0003933848403825332,0.019833931541238442,0.00032117476024738905,0.017921349286462475,0.0003423291047600895,0.018502137842965324
2017-09-01,0.0204001953630433,0.0004161679708503,0.0001622770293969,0.0002627720329717084,0.016210244691913456,0.0003809573585394914,0.019518128971279275,0.00030673183321810354,0.017513761252743613,0.0003352327731808589,0.018309362992219552
2017-09-04,-0.0071662255054123,5.135478799442218e-05,8.97561003015259e-05,0.0002719757892444259,0.016491688489794668,0.0003882010941788912,0.01970281944745196,0.00030779041905907174,0.017543956767476138,0.0003362715213119461,0.018337707635142024
2017-09-05,0.0085473725748279,7.30575779329211e-05,4.4139407255090944e-05,0.0002587385291694256,0.01608535138470483,0.00037843066404865576,0.0194532944266172,0.0003081620936283405,0.017554546238178318,0.0003327871777651922,0.018242455365580373
2017-09-06,0.0013793200244551,1.9025237298630304e-06,9.568612205569544e-05,0.00024759767209523527,0.015735236639314813,0.0003703495254173422,0.019244467397601373,0.0002994117917849938,0.01730351963575601,0.0003276296851010484,0.018100543779153388
2017-09-07,-0.0003064723891509,9.392532531192133e-08,3.789480169324571e-05,0.00023285596319331292,0.015259618710613739,0.0003596381729150702,0.018964128583066245,0.00028553166124259177,0.01689768212633294,0.0003214994168292744,0.017930404814986034
2017-09-08,0.0039749709900149,1.5800394371460562e-05,0.000117063319835,0.00021889024092123285,0.014794939706576464,0.00034962165056996085,0.01869817238582319,0.00027219829438780794,0.016498433088866588,0.0003157514225537992,0.01776939567216058
2017-09-11,0.0109257402020981,0.0001193717989637,0.000105363585191,0.0002067048501282465,0.014377233743952502,0.000341041237025673,0.018467301833935378,0.00026213335639705445,0.016190532925047726,0.000310676276273761,0.01762601135463611
2017-09-12,0.0301769636368119,0.0009106491343374,0.0002640691773973,0.00020146486705837624,0.01419383200754385,0.0003377641735031598,0.018378361556546867,0.00025790704631966683,0.016059484621857165,0.00030786183053000153,0.017545991865095617
2017-09-13,-0.0047703351466115,2.2756097410997254e-05,5.185314450764579e-05,0.00024401592309512176,0.015621009029352801,0.0003704892125593311,0.01924809633598427,0.00026875953557471124,0.01639388714047743,0.0003199047051701313,0.01788588005019969
2017-09-14,-0.0028733875243845,8.2563558652887e-06,0.0001047128506103,0.00023074033355407426,0.01519013935268779,0.00036071028205270734,0.018992374313200215,0.0002658173868928065,0.016303907105133006,0.00031570298610759066,0.017768032702232137
2017-09-15,0.0018425708698235,3.395067410322264e-06,7.647082207721392e-05,0.0002173912948927471,0.014744195294852382,0.00035098496076433,0.018734592623388693,0.0002590809577376275,0.01609599197743424,0.00031086252792644455,0.017631293994668812
2017-09-18,-0.008950418003879,8.010998244416205e-05,0.0001114270979889,0.0002045515212438016,0.014302150930674783,0.00034174500521803696,0.018486346454019434,0.0002482851924092727,0.015757068014363353,0.00030588565020921345,0.01748958690790647
2017-09-19,0.0051878087053725,2.691335916353887e-05,5.483950427322997e-05,0.00019708502891582316,0.014038697550550164,0.0003366423447839962,0.018347815804176697,0.00025502241899882157,0.015969421373325382,0.0003062675283404074,0.017500500802560118
2017-09-20,0.0164953308573808,0.0002720959400944,0.0002326787919259,0.00018687472873068608,0.013670213192583578,0.0003295052233539214,0.018152278737225292,0.00024693393072544644,0.015714131561287325,0.0003020351242634953,0.01737915775472147
2017-09-21,-0.0008001959256776,6.403135194710826e-07,0.0001722385100854,0.00019198800141251247,0.013855973492054337,0.0003339674195243728,0.018274775498603884,0.000247643063088342,0.015736678909107283,0.0003026319679853442,0.017396320530081763
2017-09-22,-0.0493725548940857,0.0024376491767695,0.0008818931803402,0.00018050714013892997,0.013435294568372141,0.00032583672979212406,0.018050948168783935,0.00023784536782291236,0.015422236148591175,0.00029818540616040367,0.017268045811857334
2017-09-25,-0.0220297781303911,0.0004853111244742,0.0009101263311596,0.0003159356623367647,0.01777457910434913,0.00042844455747216494,0.020698902325296503,0.000344304720492395,0.018555449886553412,0.0004488047213951172,0.021185011715718197
2017-09-26,0.0221828226671164,0.0004920776214807,0.0002830567324355,0.0003260981900650143,0.01805818900291539,0.000435370621927323,0.020865536703553133,0.0003804672736311573,0.01950557032314506,0.0004653243674985521,0.02157137843297345
2017-09-27,-0.0072885579067841,5.312307636054549e-05,0.0002441417758002,0.0003360569559499575,0.018331856314895048,0.0004421003800204694,0.021026183201438852,0.0003794377609673601,0.01947916222447362,0.00045903613702419496,0.021425128634950944
2017-09-28,0.0005389960809931,2.905167753260236e-07,0.0001639794816505,0.0003190809231745927,0.017862836369809603,0.0004285021606884381,0.020700293734351647,0.0003764295340830545,0.01940179203277508,0.0004474218555408309,0.021152348700341314
2017-09-29,0.0043770737145726,1.9158774302802965e-05,4.079126102275112e-05,0.00029995349879063666,0.017319165649379208,0.00041350186584371615,0.020334745285931568,0.0003562560036389618,0.018874745127788133,0.0004332190334138693,0.020813914418337298
2017-10-03,0.0125633966630872,0.000157838935714,7.289863522928762e-05,0.0002831058153213666,0.016825748581307358,0.000400441912642784,0.020011044766397982,0.0003408653029487539,0.018462537825249103,0.00042031953972726754,0.02050169602075076
2017-10-04,-0.0027277615461405,7.440683052602868e-06,5.457382950932534e-05,0.0002755898025449288,0.016600897642745974,0.00039459693895892747,0.019864464225317718,0.0003334826775175596,0.018261508084426094,0.000410856893018276,0.02026960515200718
2017-10-05,0.0030303702711385,9.183143980200116e-06,5.145783600080728e-05,0.00025950085537538925,0.01610903024317073,0.0003823779585348249,0.01955448691566273,0.0003222498677127125,0.01795131938640479,0.00039957613966008597,0.019989400682864054
2017-10-06,0.0450370282835817,0.0020283339166161,0.0006460058481796,0.0002444817926916779,0.015635913554752016,0.000371123614110843,0.01926456887944402,0.0003081020403056104,0.017552835677052594,0.00038875045667444917,0.019716755734005765
2017-10-09,0.0083531580688389,6.977524972300875e-05,0.0001212968959679,0.0003515129201271456,0.01874867782343986,0.00045194771201234076,0.02125906187987468,0.0003303694141694452,0.018176067070998753,0.00041608175223558285,0.020398082072478844
2017-10-10,-0.0092936259515316,8.637148332698238e-05,0.0002713054971932,0.0003346086599028974,0.018292311496989587,0.00043838821093227426,0.020937722200188687,0.0003200710953763995,0.017890530885817768,0.0004052711372358389,0.02013134712918733
2017-10-11,-0.0123810564545789,0.0001532905589314,0.0004984043006412,0.0003197144293083424,0.0178805600949283,0.00042656190157472953,0.020653375064979804,0.0003248268172284543,0.018022952511407623,0.0003993780687960564,0.019984445671473013
2017-10-12,0.0135383562937969,0.0001832870911377,0.000117303773805,0.00030972899708573006,0.01759911921335071,0.00041861764186834085,0.020460147650208708,0.00033679415613580737,0.018351952379401147,0.0003981304881165147,0.01995320746437812
2017-10-13,0.0274534590549204,0.0007536924140801,0.0003645305973516,0.00030214248272885367,0.017382246193425453,0.00041260514015360473,0.020312684218330296,0.0003304844337495427,0.018179230834926507,0.0003906293289654143,0.019764344890873926
2017-10-16,0.0057515036785332,3.307979456418184e-05,4.340578581945768e-05,0.0003292354786099339,0.018144847164138195,0.0004328099868993215,0.020804085822244665,0.0003365351760220258,0.018344895094331442,0.00039420571788173204,0.01985461452362478
2017-10-17,-0.0034326679016641,1.1783208923115474e-05,6.73846852805993e-05,0.0003114661375671887,0.01764840325828908,0.00041897939822488464,0.020468986252984895,0.00032365965858951735,0.017990543587938564,0.0003841835831035784,0.01960060160055243
2017-10-18,-0.0040785037224501,1.6634192614039617e-05,8.135663284879144e-05,0.00029348516184854424,0.017131408635851993,0.0004051889582395396,0.020129305955236997,0.0003146576280650709,0.01773859149045016,0.0003749694179513807,0.019364127089837556
2017-10-19,-0.0057947764610471,3.357943423350632e-05,4.735015585545468e-05,0.0002768741036944739,0.016639534359304466,0.0003926175859387078,0.019814580135312173,0.00030766006027767973,0.017540241169313485,0.0003666819502322278,0.01914894123005833
2017-10-23,0.0091712287699422,8.411143715061641e-05,5.3530918182188305e-05,0.00026227642352681576,0.016194950556479504,0.0003817235403747989,0.019537746553141663,0.00030492432118595184,0.017462082384009984,0.0003600270339632393,0.018974378355119816
2017-10-24,0.010200588885708,0.0001040520136152,0.0001408289312654,0.00025158652434424374,0.015861479260908917,0.00037390328468038113,0.019336578929075875,0.00029687514935091027,0.017230065274133767,0.0003532456089252676,0.018794829313544394
2017-10-25,-0.0023663489127446,5.599607176847712e-06,0.0002069401171942,0.00024273445370050288,0.015579937538401843,0.0003675512829699501,0.01917162702980501,0.0002901303099597126,0.017033211968378502,0.0003472891287713738,0.018635695017127047
2017-10-26,0.016035823274159,0.00025714762808,0.0001987078371147,0.00022850636290908355,0.015116426922691868,0.00035720990628479806,0.018899997520761692,0.000280856309282297,0.016758768131408017,0.0003401593007806538,0.018443408057640914
2017-10-27,-0.0032968190297752,1.0869015715088006e-05,0.0001002816218276,0.0002302248388193421,0.015173161793750903,0.00035898786465546914,0.018946975079296144,0.00027961421135928497,0.016721668916686666,0.00033791943758988837,0.01838258517156628
2017-10-30,-0.0118336436853707,0.0001400351228723,0.0003284868306754,0.0002170634894330868,0.014733074676831269,0.0003495055072977362,0.01869506638923051,0.0002729588985766618,0.01652146780938854,0.00033175332176686983,0.018214096787018286
2017-10-31,-0.0203233769263044,0.0004130396496886,0.0007532069812497,0.00021244178743944043,0.014575382925996848,0.0003465487321990224,0.01861581940713388,0.0002852092419373921,0.01688813909042059,0.00033420415354608123,0.018281251421773108
2017-11-01,0.0049606774276775,2.4608320541469275e-05,0.0001283703242791,0.00022447765917439253,0.014982578522216813,0.0003561457074604563,0.018871823109081334,0.00031716913146018634,0.017809242866000406,0.00035382816313977793,0.018810320654889908
2017-11-02,-0.0016979835347938,2.8831480844309017e-06,9.562259388428192e-05,0.0002124854988564171,0.014576882343506004,0.0003474904026617445,0.01864109445986862,0.0003049355026386256,0.017462402544856925,0.0003463598777630895,0.018610746297854083
2017-11-03,0.0039576294695431,1.5662831018196202e-05,6.351608698923167e-05,0.00019990935781009792,0.014138930575191956,0.0003384806655792761,0.01839784404704193,0.0002932649150878469,0.017124979272625324,0.0003391199239139824,0.01841520903802024
2017-11-06,-0.002966788724758,8.801835337351209e-06,0.0001997006219412,0.0001888545662025838,0.013742436690870502,0.0003307017588720068,0.018185207144049993,0.0002818162341879831,0.016787383184641468,0.00033247330053252114,0.018233850403371228
2017-11-07,-0.0194291921548175,0.0003774935077888,0.0005291793504531,0.00017805140235066985,0.013343590309608199,0.0003231767186312687,0.01797711652716499,0.0002743307046263516,0.01656293164347277,0.00032654154977740954,0.01807046069632453
2017-11-08,-7.205635485133529e-05,5.19211827446155e-09,0.0002036716788983,0.00019001792867695896,0.013784699078215635,0.0003328615405664097,0.018244493431345515,0.000304136606675263,0.017439512799251676,0.0003444225833478394,0.018558625578092777
2017-11-09,0.0146792980614449,0.0002154817915767,9.840155166907444e-05,0.00017861716448343788,0.01336477326719155,0.0003247823208566908,0.018021718032881627,0.0002889964740527785,0.01699989629535364,0.00033712992600415956,0.018361098169885143
2017-11-10,-0.0016362781710394,2.6774062530200803e-06,0.0001236241096608,0.000180829042109036,0.013447268946110806,0.00032702805660856136,0.01808391707038498,0.0002862631720928101,0.016919313582199783,0.0003343210670548448,0.01828444877634666
2017-11-13,-0.0160773233881494,0.0002584803273271,0.0002242961649971,0.00017013994395767502,0.01304377031220939,0.0003194925460521522,0.017874354423367357,0.00027568016621427774,0.01660361906977746,0.0003278763152878005,0.018107355281426398
2017-11-14,-0.008063591081557,6.50215011305665e-05,0.0001366684360206,0.00017544036695984268,0.013245390404206388,0.00032406525940456235,0.018001812669966387,0.00029757589877334303,0.01725038836587,0.000338109553881516,0.018387755542249196
2017-11-15,-0.011370123221677,0.0001292797020761,0.0001186645280358,0.00016881523501008605,0.012992891710858136,0.00031956240935121467,0.01787630860528019,0.0003004550469327358,0.01733363917164355,0.0003353697406979375,0.01831310297841241
2017-11-16,0.0126093634514453,0.0001589960466506,0.0001368349633678,0.000166443103034048,0.01290128299953334,0.0003182903886984675,0.017840694736990136,0.0003108171341626823,0.01763000664102774,0.0003368947259209238,0.018354692204472507
2017-11-17,0.0214053329074748,0.0004581882768798,0.0001715106168226,0.00016599627965104376,0.012883954348376268,0.00031845372281488895,0.01784527172152021,0.0003052199178039647,0.01747054429043253,0.00033305454925241715,0.0182497821699991
2017-11-20,0.0013538635214028,1.8329464345852283e-06,0.0002325803910392,0.00018352779948477057,0.013547243242991194,0.00033212824229676127,0.01822438592372213,0.00030718614216009694,0.01752672651010727,0.0003350184947095162,0.01830351044771238
2017-11-21,0.0130174938264676,0.0001694551455221,0.0001946696118567,0.00017262610830175943,0.013138725520451344,0.0003241847985888439,0.01800513256237909,0.0002927423998293222,0.017109716532699253,0.0003283908627706888,0.01812155795649725
2017-11-22,-0.0004217383470399,1.7786323336397186e-07,8.153965329253225e-05,0.0001724358505349812,0.013131483181079782,0.00032439352149046536,0.018010927835357772,0.00028848171068383653,0.016984749355932117,0.0003253155093645242,0.018036504909891057
2017-11-23,0.0023179695594516,5.3729828785443195e-06,6.223047885317396e-05,0.00016210037129688414,0.01273186440773244,0.00031693603997008684,0.01780269754756528,0.0002751862066351296,0.01658873734300262,0.0003193166388686387,0.01786943308749997
2017-11-24,-0.0059812707984565,3.577560036446925e-05,6.56194700631003e-05,0.00015269672799178373,0.012357051751602554,0.0003102540393108256,0.017614029615929047,0.000263677284070322,0.016238142876275046,0.00031380883026034534,0.017714650159129458
2017-11-27,-0.0083628819491813,6.993779449594289e-05,7.204453676071956e-05,0.00014568146033414482,0.012069857510929647,0.00030543063694176055,0.017476573947480683,0.000263538758305054,0.01623387687230176,0.00031084321007233983,0.017630746157560655
2017-11-28,0.0018486377984206,3.417461709749718e-06,0.0001800117559252,0.00014113684038385266,0.011880102709314118,0.00030250101103673185,0.017392556196164262,0.00026847603206592643,0.016385238236471464,0.0003102462388272398,0.017613808186398527
2017-11-29,0.0077134354915611,5.949708708247456e-05,5.594290862918681e-05,0.00013287367766340647,0.011527084525733576,0.00029677716742191717,0.01722722169770614,0.0002570624832024461,0.016033168220986334,0.00030531115299495016,0.017473155210062954
2017-11-30,-0.0215905073861764,0.0004661500091925,0.0002136594734313,0.00012847108222855053,0.011334508468766985,0.00029400301658223974,0.017146516164581065,0.00025071526304013166,0.015833990749022548,0.0003017469818464138,0.01737086589224653
2017-12-01,-0.0192727206619625,0.000371437761714,0.0003334223335439,0.00014873181784638977,0.012195565499245607,0.0003098100770329259,0.01760142258548797,0.0002854991948332013,0.016896721422607442,0.00032692300287233053,0.018081012219240675
2017-12-04,0.0100827939534116,0.0001016627339069,0.0001176114741122,0.00016209417447844856,0.012731621046765748,0.00032019027379685176,0.017893861343959604,0.0003149045227218345,0.017745549377853435,0.0003443938434282862,0.01855785126107778
2017-12-05,-0.0177491304846698,0.0003150316329618,0.0001659821600634,0.00015846828804415885,0.012588418806353674,0.00031762448845188286,0.017822022569054356,0.00030699480770868693,0.017521267297449888,0.0003389873664155124,0.018411609555264646
2017-12-06,-0.0120598711437541,0.0001454404920039,9.395174911069446e-05,0.0001678620887392194,0.012956160262177194,0.00032488866824864073,0.01802466832562088,0.00033250200452071473,0.018234637493537258,0.00035206603414476135,0.018763422772638295
2017-12-07,0.0300995851065615,0.0009059850235871,0.0003120472664941,0.0001665167929351034,0.01290413859717507,0.0003239609351226533,0.017998914831807312,0.0003434272063347245,0.01853178907538947,0.0003534963793817342,0.018801499391849955
2017-12-08,0.0141437878234248,0.000200046733994,0.0006073325274474,0.00021088488677422555,0.014521876145120696,0.00035747590216416396,0.01890703314018791,0.0003513076895458334,0.01874320382287493,0.0003623889558406742,0.019036516378809286
2017-12-11,0.0025046685772116,6.273364681671189e-06,0.0001040616282768,0.0002102345976074156,0.014499468873286897,0.00035665370345769977,0.01888527742601892,0.00034467504818742477,0.018565426151516823,0.0003575981140324274,0.01891026477954308
2017-12-12,-0.0139629693944765,0.000194964514311,0.0003592856712169,0.00019799692363187092,0.014071137965064194,0.00034713285709603206,0.018631501740225667,0.0003285155883563731,0.0181249989891413,0.00034953683405391747,0.018695904205304367
2017-12-13,-0.0131322224892024,0.0001724552675059,0.0002304138704487,0.0001978149790726239,0.014064671310507896,0.0003468308235256684,0.018623394522096888,0.00034424301319607297,0.018553787031117742,0.00035428211263235557,0.018822383287786792
2017-12-14,0.0071710497374921,5.1423954337586874e-05,0.000243069477588,0.00019629339637862125,0.014010474523677678,0.0003455333042501452,0.018588526145182818,0.00035742580248847576,0.018905708198543522,0.0003572793033814096,0.01890183333387028
2017-12-15,0.0129669545991992,0.0001681419115776,7.151893528464682e-05,0.00018760122985615909,0.013696759830564275,0.0003388594268840907,0.01840813480187742,0.00034435800895503144,0.018556885755832832,0.0003500764103065687,0.01871032897376657
2017-12-18,0.0142921702087427,0.0002042661292756,0.0012458512542556,0.00018643367075945114,0.013654071581746271,0.00033794487903414134,0.01838327715708332,0.00033711466851256276,0.018360682681005158,0.00034552077677657274,0.018588189174219547
2017-12-19,0.0077742115609836,6.043836539493247e-05,3.321485760388831e-05,0.0001875036182704244,0.013693196057547135,0.0003387293950538747,0.018404602550826103,0.0003314309892945483,0.01820524620252493,0.0003419406571997145,0.018491637493735228
2017-12-20,-0.0104742452622774,0.0001097098138143,0.0004525597623529,0.00017987970309789482,0.013411923914856318,0.00033295624045338477,0.018247088547310355,0.0003205813731503036,0.017904786319593528,0.0003359346837176311,0.0183285210455626
2017-12-21,0.0166506746930242,0.0002772449677329,0.0001894160525621,0.00017566950974088157,0.013254037488285656,0.0003298286345952644,0.018161184834565844,0.00032811472966827557,0.018113937442430224,0.0003361789128356996,0.01833518237803212
2017-12-22,-0.0047691923741846,2.2745195901981113e-05,6.695361849429535e-05,0.00018176403722040368,0.01348198936434841,0.0003345001114653969,0.018289344205449164,0.0003249417512439776,0.018026140775107065,0.0003345788430037233,0.01829149646703963
2017-12-26,0.0145867097917746,0.0002127721025494,0.0001180783387657,0.0001722229067412983,0.013123372536863315,0.0003273299079947958,0.01809226099731031,0.00031891815469604125,0.017858279723871537,0.0003293912314613214,0.018149138587308253
2017-12-27,0.0024910344100933,6.205252432269148e-06,9.425986518413987e-05,0.00017465585848978757,0.013215742827771262,0.00032926846921284476,0.01814575623149514,0.00031450511124810125,0.017734291957901823,0.00032705170608521923,0.01808457094003668
2017-12-28,0.0175382712256337,0.0003075909575838,0.0001494294523064,0.00016454882212633642,0.012827658481824983,0.0003217299813275677,0.01793683309080975,0.000300457831809895,0.017333719503034972,0.000321040004633599,0.017917589252843112
2017-12-29,-0.0052427674618634,2.748661065917365e-05,0.0001462712036831,0.0001731313502537897,0.01315793867799169,0.0003283602047114853,0.018120712036547717,0.00029945435811795705,0.017304749582642248,0.0003210188800111372,0.01791699974915268
2018-01-01,-0.0140247086881069,0.0001966924537862,0.000172321272397,0.00016439266587811273,0.012821570335887595,0.0003218494508067531,0.01794016306522193,0.00029591666661947237,0.01720222853642726,0.00031704277800995444,0.01780569510044341
2018-01-02,0.0097830521465534,9.570810930218431e-05,0.0001765289188019,0.00016633065315260165,0.012896924174104523,0.0003234585713721287,0.01798495402752336,0.0003126327658496341,0.017681424316203547,0.0003240793964043337,0.018002205320580413
2018-01-03,0.0077172107819467,5.955534225299451e-05,2.6124138252932217e-05,0.00016209330052157652,0.012731586724425849,0.0003203866937066617,0.01789934897438065,0.0003046145920991622,0.01745321151247421,0.0003199264173620866,0.0178864870044983
2018-01-04,0.0338448124008179,0.0011454713264465,0.0006382654208579,0.00015594102302546157,0.012487634805096664,0.0003159034787355773,0.017773673754617456,0.00029541476758838557,0.017187634147502254,0.0003153820786448214,0.017758999933690563
2018-01-05,0.013651995050179,0.0001863769688501,0.0001262472038859,0.00021531284123072736,0.014673542218248714,0.000360827024937022,0.018995447479252022,0.0003082198235022047,0.01755619046097999,0.00033127308872060376,0.018200909008085388
2018-01-08,-0.0025334309929089,6.418272595831477e-06,0.0001000813346337,0.00021357668888789043,0.014614263200308472,0.0003591440166129382,0.0189510953934842,0.0003036235850962864,0.01742479799298363,0.0003283179164405721,0.018119545149936078
2018-01-09,0.004607384249522,2.122798962274419e-05,0.0001155156040685,0.00020114718391036688,0.014182636705153484,0.00034944917147395385,0.01869355962554895,0.0002938645481833103,0.01714247788924665,0.00032251377896340926,0.01795866863003517
2018-01-10,0.0007117523070736,5.065913466246389e-07,0.0001209618783969,0.00019035203225310947,0.013796812394647884,0.0003411265816419936,0.018469612384725175,0.00028288431450165433,0.016819165095261247,0.00031708523241407214,0.017806887218547552
2018-01-11,-0.0024613213431769,6.0581027543783545e-06,5.503365228863636e-05,0.00017896130579872038,0.013377642011906297,0.0003324708066434018,0.01823378201699806,0.00026963674868564583,0.016420619619418927,0.0003116370260763201,0.01765324406663886
2018-01-12,-0.0009086203583017,8.255909555204358e-07,0.0001713858671073,0.00016858711361605983,0.012984110043282128,0.00032469349747173034,0.018019253521490017,0.0002618213073301954,0.016180893279735684,0.0003069299458478536,0.01751941625305631
2018-01-15,0.0170560765530125,0.0002909097473822,0.000285499214284,0.00015852142225642745,0.012590529069758246,0.0003172435439034311,0.017811331895830562,0.00025132096552911984,0.015853105863808514,0.0003022065905048049,0.017384090154644417
2018-01-16,-0.0229154284762034,0.0005251168622479,0.0003109761596804,0.00016646472176397518,0.012902120824266651,0.00032344507027852937,0.017984578679483415,0.00025225567066370746,0.01588255869385369,0.000303140684589532,0.01741093577581435
2018-01-17,0.0107162085238129,0.0001148371251258,0.0002687878706044,0.0001879838501930163,0.013710720265289359,0.0003397827844746067,0.018433197890615906,0.0002901865515086116,0.017034862826234076,0.0003319679476998754,0.01821998758780794
2018-01-18,-0.0291681256528916,0.0008507795541028,0.000701692896474,0.00018359504668898573,0.01354972496728202,0.00033639199884937,0.018340992308197777,0.00028423813000836646,0.016859363274108738,0.0003276399484160884,0.018100827285405727
2018-01-19,0.0016614246207956,2.760331770585842e-06,0.0002423875941488,0.00022362611713381902,0.014954133780791818,0.0003665105083027672,0.0191444641685989,0.00033850354667038743,0.01839846587817548,0.0003755042566842703,0.01937793220868187
2018-01-22,-0.0010628828222379,1.129719893808613e-06,5.225557428496594e-05,0.000210374170012025,0.014504281092561086,0.00035611625720120425,0.018871042822303282,0.0003220826068458429,0.017946660047090737,0.00036617566136198227,0.019135716902221937
2018-01-23,0.0359711090917921,0.0012939206892936,0.0007505929854796,0.000197819503004932,0.014064832135682671,0.00034640189103409875,0.01861187500049629,0.00030785035830780154,0.01754566494344975,0.00035749394965582036,0.018907510403430177
2018-01-24,-0.0228956246136269,0.0005242096264481,0.0003355496117558,0.0002635855741822526,0.016235318727461208,0.00039582397605602686,0.01989532548253551,0.00032213155518514273,0.017948023712518957,0.00037330952142445196,0.01932121946007684
2018-01-25,0.0092083547134071,8.479379652792755e-05,0.0001356761367614,0.0002792230173182046,0.016709967603744914,0.0004068731939381556,0.020171097985438362,0.0003606184163795963,0.01898995567081704,0.0003973681355291003,0.01993409480084562
2018-01-29,0.018038164544514,0.0003253753801349,0.0002772119524149,0.0002675572640707879,0.01635717775384213,0.00039726042300645303,0.019931392901813286,0.00034910820672064727,0.018684437554302973,0.00038809233282222923,0.019700059208597045
2018-01-30,-0.0093650301822283,8.770379031404725e-05,9.54624912030556e-05,0.0002710263510346383,0.016462877969378207,0.0003992184969683627,0.019980452871953696,0.00034600708230522097,0.018601265610307838,0.00038389909299237573,0.019593343078514593
2018-01-31,-0.0472738361468956,0.0022348155840435,0.0014664149223948,0.0002600269973914028,0.016125352628435844,0.00039029222090958233,0.019755814863213875,0.0003498045322902803,0.018703062109993656,0.0003795255232914589,0.019481414817498727
2018-02-01,-0.0118421269808612,0.0001402359714308,0.0007202627273981,0.00037851431259053076,0.019455444291779377,0.00047905924227847977,0.02188742201079149,0.0004599190834376629,0.02144572412947772,0.0005118024107581605,0.022623050429996402
2018-02-02,-0.0384773816783787,0.0014805089008236,0.0005674595901009,0.0003642176121209494,0.019084486163398515,0.00046671886366337316,0.021603677086629792,0.00046493267843710563,0.021562297614983093,0.0005021777652885334,0.022409323177832334
2018-02-05,-0.0095916971082134,9.200065341571044e-05,0.000473432492719,0.00043119508944311046,0.020765237524360526,0.000515851434188975,0.022712363025211072,0.0005514811589853229,0.023483635983069635,0.0005783161380988568,0.024048204467254034
2018-02-06,0.0006773459983531,4.587976014849744e-07,0.0018110885937068,0.0004108434232814664,0.020269272884873457,0.0004986634495563275,0.02233077359959407,0.0005449454647709055,0.02334406701435946,0.000561162573549766,0.0236888702463787
2018-02-07,-0.0040714876575405,1.6577011745504733e-05,0.0005109621829255,0.00038622034574066743,0.01965248955579591,0.00047858404792788757,0.021876563896734046,0.0005114946372545413,0.022616247196529785,0.000539326485452524,0.02322340383002724
2018-02-08,0.0144761257453785,0.000209558216596,0.0004308824918019,0.00036404174570095764,0.019079878031605907,0.0004606889268701682,0.02146366527110801,0.000491484185695375,0.022169442611292126,0.0005200006931635024,0.022803523700592906
2018-02-09,0.0204170597291913,0.0004168563279853,0.0007054088433604,0.00035477273395466077,0.018835411701225456,0.0004528136597078741,0.021279418688203728,0.0004762740578340444,0.021823704035613303,0.0005048043495987323,0.022467851468236395
2018-02-12,0.0397650345401242,0.0015812579719772,0.0002742949177955,0.000358497749596503,0.01893403680139296,0.00045487890635035705,0.021327890339889622,0.0004680916590977965,0.021635426020714187,0.0004944710705185401,0.022236705478072515
2018-02-14,-0.007177289541449,5.151348516179338e-05,0.0001807476320438,0.00043186336293934914,0.020781322454053522,0.0005094235796046736,0.022570413811108418,0.00048035130300455847,0.021916918191309618,0.0005064167349938199,0.022503704917053547
2018-02-15,-0.010578526156125,0.0001119052156358,0.0003449539547421,0.0004090423702726958,0.020224795926601973,0.0004908716586735489,0.022155623635401214,0.00047115322692430295,0.021706064289140556,0.0004915191689922683,0.022170231595368333
2018-02-16,-0.0155364757760677,0.0002413820795403,0.0004987792295246,0.00039121414099448326,0.019779133979891114,0.00047639437016209395,0.021826460321410203,0.0004720371473231567,0.021726415887650605,0.00048145710685516596,0.021942130864051602
2018-02-19,-0.0611276160154369,0.0037365854397307,0.0024076051413595,0.00038222421730723456,0.019550555421962684,0.0004688188435230728,0.021652224909303727,0.0004871059163522963,0.022070476124277344,0.00048029329571567836,0.021915594806340036
2018-02-20,0.0037686542676173,1.4202754988830284e-05,0.0001499187801423,0.0005834858906526425,0.02415545260707492,0.0006197703432200467,0.024895187149729298,0.0006559979622262523,0.025612457168851493,0.0007011778157929213,0.026479762381730717
2018-02-21,-0.0160188716807167,0.0002566042499232,0.0004419307065736,0.0005493289025128138,0.023437766585423916,0.0005915318640244216,0.02432142808357317,0.0006166098878575855,0.024831630793356797,0.0006701960887051196,0.0258881457177821
2018-02-22,-0.005318588490182,2.8287383527896872e-05,0.0001966232470316,0.000531765423357441,0.023060039535036384,0.0005762968558986429,0.024006183701260033,0.0006267529971790909,0.025035035394005156,0.0006573273340553456,0.02563839569971853
2018-02-23,0.0611456138566704,0.003738786093909,0.001846746987153,0.0005015567409676683,0.022395462508456223,0.0005518468200151715,0.023491420136193798,0.0006020162239249489,0.024536018909451243,0.0006308228289746617,0.02511618659300535
2018-02-26,0.0036082447153822,1.3019429926083988e-05,0.0002925946108945,0.0006957905021441511,0.026377841119851926,0.0006968782346620802,0.026398451368632975,0.0006336480736126216,0.02517236726278682,0.000673609374221694,0.025953985709745893
2018-02-27,-0.0125003119705228,0.0001562577993603,0.0002458040646066,0.000654824237811067,0.025589533755249763,0.0006629959275772981,0.025748707299149954,0.0005959593758680764,0.024412279202648744,0.0006444566160121673,0.025386150082518762
2018-02-28,-0.0002234387712213,4.9924884484896585e-08,0.0001821507986728,0.0006249102515040266,0.024998204965637566,0.0006380442503851355,0.025259537810204197,0.0005958371052319841,0.024409774788637116,0.0006269432608462392,0.025038835053696872
2018-03-01,0.0051237032613003,2.6252335109859697e-05,0.0001756237074222,0.000587418631906854,0.02423672073335941,0.0006078412217918377,0.024654436148325066,0.0005580356414685983,0.02362277802182881,0.0006006854191817493,0.024508884494846953
2018-03-05,-0.0287783148070126,0.0008281914031315,0.0002531803844735,0.0005537486540990343,0.02353186465410326,0.0005810122296221013,0.024104195270162023,0.0005281864800149964,0.022982307978421063,0.0005766739746464958,0.02401403703350388
2018-03-06,0.0058526942296431,3.4254029745698595e-05,0.0002481727945192,0.0005702152190409836,0.023879179614069317,0.0005923747552256117,0.024338750075252664,0.0005829677200391948,0.02414472447635704,0.0006063839948075578,0.024624865376435212
2018-03-07,-0.0184333767967689,0.0003397893801316,0.0002373197000046,0.0005380575476832665,0.023196067504714382,0.0005670287504032891,0.023812365493652433,0.0005519095139570374,0.023492754499143717,0.0005821382882486044,0.024127542109560276
2018-03-08,-0.0183862584882553,0.0003380545011969,0.0006882023932275,0.0005261614576301699,0.022938209555895376,0.0005573300643069277,0.02360783904356618,0.0005726794680255722,0.023930722262931643,0.0005804644511154464,0.024092829869391565
2018-03-09,-0.046924506780197,0.0022019093365647,0.001897533756187,0.0005148750402441761,0.022690858076418706,0.0005482561217799439,0.02341486967249538,0.0005924788182489646,0.024340887786787165,0.000578792815847041,0.024058113306056256
2018-03-12,0.0262690831149438,0.0006900647276998,0.0003797742357165,0.0006160970980234109,0.02482130331033024,0.0006240834051056524,0.02498166137601045,0.000712085597742705,0.02668493203556466,0.0006956014086493215,0.026374256551594425
2018-03-13,0.0095066378965028,9.037616409522328e-05,0.000329417488879,0.0006205351558039958,0.024910543065216298,0.0006260801460014551,0.02502159359436275,0.000695154844119172,0.026365789275482956,0.0006775229151029044,0.02602927035287206
2018-03-14,-0.0132864979065166,0.0001765310266198,0.0001398105582547,0.0005887256163014694,0.024263668648855832,0.0006008271249130413,0.024511775229734818,0.0006592016291434358,0.025674922183785403,0.0006495414137095805,0.02548610236402539
2018-03-15,-0.0142824060893121,0.0002039871237,0.0001605944644732,0.0005639939409205735,0.023748556607098747,0.0005812990216707158,0.024110143543137934,0.0006580370210661104,0.025652232282320196,0.0006329741663312945,0.025158977847505936
2018-03-16,-0.0190607154490707,0.0003633108734304,0.0003758114264381,0.0005423935318873402,0.023289343741018986,0.0005644276845275298,0.023757686851365176,0.0006602620058900941,0.025695563934074187,0.0006192628765468427,0.02488499299873003
2018-03-19,-0.0429799745917662,0.0018472782159088,0.0008825770852736,0.0005316485723799263,0.023057505771004946,0.0005559807116273909,0.02357924323695294,0.0006785626793636238,0.026049235677148452,0.0006165903304348416,0.024831236989623404
2018-03-20,0.0309113181548284,0.000955509590069,0.0011115721131052,0.0006105863509916629,0.02471004554815031,0.0006152191806204777,0.02480361224943814,0.0007842310790251633,0.028004126107150053,0.0007083396628533152,0.02661465128182812
2018-03-21,-0.0182944127951714,0.0003346855395201,0.000464041746032,0.0006312817453363046,0.02512532080066451,0.0006298562784202667,0.025096937630321885,0.0007682615077742326,0.027717530694025265,0.0006943266454773633,0.026350078661692138
2018-03-22,-0.0023213281592378,5.388564422870354e-06,0.0002561992435857,0.0006134859729873342,0.024768648993987022,0.0006153718934732676,0.024806690498195595,0.0007785532989406216,0.02790256796319331,0.0006847965160229239,0.026168617006309753
2018-03-23,-0.0251015464889408,0.0006300876361364,0.0002681604741282,0.0005770001284734664,0.024020826973138672,0.0005870539152861474,0.024229195514629605,0.0007317902670434923,0.027051622262694197,0.00065499353286442,0.025592841437879068
2018-03-26,0.026220012951811,0.0006874890791931,0.0008295257695702,0.0005801853789332458,0.024087037570719356,0.0005890244324290044,0.024269825554152722,0.0007687018021041921,0.027725472080817527,0.0006668642986348046,0.025823715817728566
2018-03-27,0.0144254700122431,0.0002080941850741,0.0001343509417754,0.0005866236009488392,0.024220313807810978,0.0005934465431869995,0.02436075826379383,0.0007477599209514454,0.027345199230421516,0.0006506674263573771,0.025508183517400394
2018-03-28,-0.0326457367953018,0.0010657441309081,0.0003428304425858,0.0005639118359963563,0.023746827914404828,0.0005758801402161001,0.023997502791251013,0.0007135501033823899,0.026712358626343535,0.0006266711698011633,0.02503340108337585
2018-04-02,0.0134801192164569,0.0001817136140898,0.0001628315893641,0.0005940217736910623,0.02437256190249729,0.0005983517604554844,0.024461229741275976,0.0007791923000953254,0.027914016194294317,0.0006681107338697525,0.025847838088895413
2018-04-03,0.0015537912575756,2.414267272118567e-06,0.000316934011261,0.000569283284114992,0.023859658088811582,0.0005792373667764709,0.024067350638914763,0.0007412857399780841,0.02722656313195046,0.0006424543273519164,0.02534668276820295
2018-04-04,-0.0335922396191401,0.0011284385626297,0.0011890547921505,0.0005352711431044196,0.023135927539314684,0.0005534047181114378,0.023524555641104845,0.0006919010671228023,0.02630401237687517,0.0006151966794389024,0.024803158658503608
2018-04-05,0.0348850987501159,0.0012169701148053,0.0002157356956282,0.000570861188275938,0.023892701569222723,0.0005803395042321944,0.024090236699380818,0.0007614939483898348,0.027595179803542407,0.0006613881649344987,0.02571746808950093
2018-04-06,0.0115620334219103,0.0001336806168493,0.0003047372953977,0.0006096277238677021,0.024690640410238492,0.0006093230004699771,0.02468446881077203,0.0007521796536855458,0.027425893853902844,0.000655374246448622,0.025600278249437485
2018-04-09,-0.0017898552992012,3.203581992078809e-06,0.0001582714306859,0.0005810708974466021,0.024105412202378995,0.0005872421715029479,0.024233080107632785,0.0007140754725242592,0.02672219063857339,0.0006296825338038956,0.025093475921121322
2018-04-10,0.026515471680051,0.0007030702384155,0.0001523699385653,0.0005463988585193307,0.02337517611739708,0.0005608648480921633,0.02368258533378827,0.0006710770403548045,0.02590515470625112,0.0006034410609445662,0.024565037369085482
2018-04-11,0.010165893875096,0.0001033453982797,0.0001094546193714,0.0005557991413131061,0.023575392707505555,0.0005680327808447695,0.023833438292549598,0.0006572151962837536,0.02563620869558823,0.0005917911690054263,0.02432675829216516
2018-04-12,-0.0159976522482255,0.0002559248774551,0.0001441718581712,0.0005286519167311026,0.022992431727224996,0.000547574399132322,0.023400307671744874,0.0006250773841717869,0.025001547635532223,0.0005698059898288488,0.02387060933090835
2018-04-13,-0.007295921442293,5.3230469692110885e-05,0.0002065759442524,0.0005122882943745457,0.02263378656731007,0.0005354956127624732,0.023140778136494747,0.0006347330583633823,0.02519390915208242,0.000563634134652696,0.02374098006933783
2018-04-16,-0.0041329270358182,1.7081085883397736e-05,0.0001401706199895,0.0004847448248935996,0.02201692133095814,0.0005151310672791834,0.022696499009300604,0.0006156480772176809,0.024812256592613276,0.0005450041167959793,0.02334532323177341
2018-04-17,0.007494089416952,5.6161376189273065e-05,0.0001612596969711,0.0004566850005529875,0.021370189530113846,0.0004946090605995472,0.022239808016247514,0.0005880715094003454,0.024250185760120384,0.0005253291489224113,0.02292005996768794
2018-04-18,0.0092679529811247,8.589495246033996e-05,0.000106382946534,0.00043265358309116456,0.020800326514051757,0.00047734127388965824,0.021848141199874608,0.0005583937631395707,0.023630356813632136,0.0005069314552613327,0.02251513835758805
2018-04-19,0.0332670439880351,0.0011066962157018,0.0003243653204205,0.000411848065253315,0.020294040141216708,0.0004626693182512756,0.021509749376765773,0.0005329298115581867,0.023085272611736398,0.0004903201442378868,0.02214317376163333
2018-04-20,-0.0256498629225281,0.0006579154679444,0.0002584881113397,0.0004535389542802279,0.021296454030665008,0.0004951997253864028,0.02225308350288568,0.0005351259914863822,0.023132790395591754,0.0004937472718876541,0.02222042465588032
2018-04-23,0.0006597616754457,4.352854683870469e-07,0.0001168667924084,0.00046580154510008313,0.021582436032572486,0.0005050874717194145,0.022474151190187683,0.0005795547783688233,0.02407394397203797,0.0005182111404574237,0.02276425137045854
2018-04-24,-0.0150316401742359,0.0002259502063277,0.0001563439566705,0.00043787956952218133,0.02092557214324572,0.0004845412639980739,0.022012298017201063,0.0005431847291326443,0.023306323801334357,0.0004992583129139285,0.022344088992705173
2018-04-25,-0.0191768940965392,0.0003677532671898,0.0002079549284013,0.00042516380773051257,0.020619500666371932,0.00047567758844938214,0.02181003412306781,0.0005536876069481223,0.023530567501616324,0.0004959193214674467,0.022269246091133097
2018-04-26,-0.0137412641187828,0.0001888223395821,0.000233132613015,0.0004217191752980746,0.02053580228036087,0.0004738658113655621,0.02176845909488226,0.0005767518803889262,0.024015659066303513,0.0005018100047838037,0.02240111615040205
2018-04-27,0.0198637117877508,0.0003945670459868,0.0001901361162047,0.00040774536515511897,0.020192705741309633,0.0004640979867943935,0.02154293356983662,0.0005815850015991075,0.02411607351123121,0.0004959418136985785,0.022269751091976275
2018-04-30,0.008693880547615,7.558355897619863e-05,0.0001982210542418,0.00040695466600502165,0.020173117409191414,0.0004643376754544538,0.02154849589772924,0.0005660186271621457,0.02379114598253194,0.00048579036309217525,0.02204065251058088
2018-05-02,-0.0349773386336903,0.0012234142178958,0.0006298373075475,0.00038707239958329226,0.01967415562567533,0.0004501424252191053,0.02121656016462389,0.0005393567203265898,0.023224054777893324,0.0004704072858575382,0.021688874702426086
2018-05-03,0.0188806756048542,0.0003564799112957,0.0004025595693413,0.0004372529086820454,0.020910593216885202,0.0004888565091542395,0.02211009970927855,0.0006149725117863924,0.02479863931320411,0.0005323513470127418,0.02307274034467388
2018-05-04,-0.0080602660575771,6.496788891893079e-05,0.0001174997996993,0.00043240652883886683,0.02079438695511043,0.00048557971838914486,0.022035873442846438,0.0005959974096574302,0.024413058179126805,0.0005190493704802281,0.022782655035799234
2018-05-07,0.0266749883348529,0.0007115550026645,0.0002982516747785,0.00041036021044367054,0.02025734954142991,0.00046936460226926896,0.021664824076582503,0.0005819567008094327,0.02412377874234119,0.000504158117835672,0.022453465608579713
2018-05-08,-0.0001677872597992,2.8152564550924265e-08,0.0001897297186078,0.00042843189797692264,0.020698596521912364,0.0004835498263626148,0.021989766400819604,0.0005739992374401906,0.023958281187100854,0.0004993312244694065,0.022345720495643154
2018-05-09,0.0113381693134188,0.0001285540833797,0.0002655989374303,0.0004027276732521803,0.02006807597285251,0.00046454670209806624,0.021553345496652398,0.0005378848513569351,0.023192344671398257,0.00048163968562862756,0.02194629093101218
2018-05-10,-0.0150341012227426,0.0002260241995756,0.000246249002162,0.0003862772578598346,0.019653937464534546,0.0004527304833395359,0.02127746421309494,0.0005161493375413001,0.022718920254741422,0.00046751722385580567,0.021622146606102864
2018-05-11,0.0218088117786577,0.0004756242711969,0.0003740967280049,0.00037666207436278475,0.01940778386016252,0.00044617644255350914,0.021122889067395803,0.0005278842845928693,0.022975732514826798,0.00046631398181083244,0.02159430438358301
2018-05-14,0.005092051310701,2.592898655081193e-05,0.0001558213224309,0.0003825998061728328,0.019560158643856466,0.00045137910962303967,0.02124568449410467,0.0005179508762038043,0.022758534140049625,0.0004596543048707666,0.021439550015584903
2018-05-15,0.0252379266537272,0.0006369529417789,0.0009162086482227,0.00036119955699551154,0.01900525077433896,0.00043587904893536137,0.020877716564206953,0.0004912284008960656,0.022163673001018257,0.00044510548902820227,0.021097523291329773
2018-05-16,-0.0075369385385477,5.680544253384692e-05,0.0002234820177097,0.0003777447600825157,0.019435656924388117,0.0004491200868558049,0.02119245353553488,0.0004871237230996603,0.022070879527097697,0.00044286036154284975,0.02104424770674518
2018-05-17,-0.0177830073509991,0.0003162353504456,0.0007792731747365,0.0003584884010295955,0.018933789927787714,0.00043517937410868826,0.020860953336525354,0.00047851578468460125,0.021875003649933437,0.00043256595433238784,0.020798219979901833
2018-05-18,-0.0314579897591056,0.0009896051196839,0.0006877375270502,0.00035595321799456104,0.018866722502717877,0.00043397519840635874,0.020832071390199266,0.00049995561780996,0.022359687337034927,0.0004394383370997779,0.020962784574091724
2018-05-21,-0.0246502587716024,0.0006076352575069,0.0007060222881139,0.000393972332095927,0.019848736284608322,0.0004632936002927833,0.021524256091507165,0.0005637103208814532,0.023742584545104882,0.0004886130727285944,0.022104593928154264
2018-05-22,-0.0003468333932087,1.202934026446876e-07,0.0002127224226912,0.00040679210762058904,0.020169087922377378,0.0004732219615794401,0.02175366547456865,0.0006042309730215114,0.024581110085216074,0.0005102284940689442,0.022588237958480608
2018-05-23,-0.0658336501676995,0.004334069494403,0.0017353782966269,0.00038239179876751236,0.01955484080138502,0.0004549717749873305,0.02133006739293926,0.0005660832706698477,0.023792504506038193,0.0004918111800783958,0.022176816274623274
2018-05-24,0.0149784013504568,0.0002243525070153,0.0003652881701583,0.0006194924605056443,0.024889605471072544,0.0006339325482927455,0.025178017163643873,0.0007595221402227374,0.027559429243413903,0.0007498668799222661,0.02738369733842138
2018-05-25,0.0359212912932143,0.0012903391681719,0.0004045452297505,0.0005957840632962276,0.024408688274797308,0.0006141657498359319,0.024782367720537355,0.0007250683051157695,0.026927092399956026,0.0007195119069644863,0.02682371911134782
2018-05-28,0.0146739005763931,0.0002153233581258,0.0002268063258613,0.0006374573695887712,0.02524791812385273,0.0006440130019257237,0.02537741125343016,0.000719368774256696,0.026821050953620293,0.000710955729728831,0.026663753106583307
2018-05-29,-0.0022568889209672,5.0935476015845e-06,0.0003746942006807,0.000612129328900997,0.02474124752111334,0.0006231072641996213,0.024962116580923607,0.0006876940513413125,0.026223921357060857,0.000683045815975963,0.026135145225844127
2018-05-30,0.0044221621523135,1.9555518101354585e-05,0.0002126610932677,0.0005757071820230323,0.023993898849979184,0.000594215135193688,0.024376528366313526,0.0006484377221524732,0.025464440346343237,0.0006533416365987896,0.025560548440884238
2018-05-31,-0.0039007727995796,1.5216028433940826e-05,0.000249651327291,0.0005423380821877316,0.023288153258421578,0.0005680713522698743,0.023834247465986298,0.0006104297659390906,0.02470687689569628,0.0006256707878785296,0.025013412159849955
2018-06-01,-0.0264032234217092,0.0006971302070566,0.0006071937393647,0.000510710758962504,0.022598910570257674,0.0005436268625905681,0.023315807140019153,0.0005825408248717272,0.024135882516944086,0.0006004615332926623,0.024504316625702138
2018-06-04,0.009762283211343,9.530217349847092e-05,0.0001673486378752,0.0005218959258481554,0.022845041603117195,0.0005517760738005882,0.023489914299558188,0.0006284865325736873,0.025069633674501254,0.0006202511763648782,0.02490484242802749
2018-06-05,0.0104546890770352,0.0001093005236974,0.0002288328770041,0.0004963003007071742,0.022277798381060327,0.0005321327664890894,0.0230680030884576,0.0005981526501980778,0.024457159487521803,0.000596206132030924,0.024417332614987332
2018-06-06,0.0132832058061121,0.0001764435564875,0.0001701976533946,0.00047308031408659247,0.021750409515376774,0.0005145463082106775,0.022683613208893276,0.0005709465704867735,0.023894488286773867,0.0005740349322741584,0.023959026112806807
2018-06-07,0.0378266195194807,0.0014308531442715,0.0004967032458655,0.0004552821086306487,0.02133734071131285,0.0005012696344900105,0.02238905166571399,0.0005488820933805162,0.023428232826666978,0.0005545969434263855,0.023549882025742413
2018-06-08,-0.0026609480105149,7.0806443146637046e-06,0.0002628751300019,0.0005138163707691033,0.022667517966665503,0.0005456529010155572,0.023359214477707876,0.0005553291186896447,0.02356542209869462,0.0005597177040046022,0.023658353788981224
2018-06-11,-0.0199307454280385,0.0003972346133172,0.0003764791215624,0.0004834122271818369,0.0219866374687408,0.0005224660484340788,0.022857516235017285,0.0005279932680261437,0.022978104099906582,0.0005384197884574026,0.023203874427720095
2018-06-12,-0.0148037130360343,0.0002191499196532,0.0001415813795234,0.0004782415703499633,0.021868734996564464,0.0005185946064345081,0.022772672360408388,0.0005543372636319804,0.023544367981153804,0.0005433293270709276,0.02330942571302278
2018-06-13,-0.021611142769196,0.0004670414917905,0.0003458124304927,0.00046269607130816056,0.021510371249891542,0.0005069546916912042,0.02251565436959815,0.0005636096562489485,0.023740464533133054,0.000536599605758821,0.0231646196981263
2018-06-14,0.0034297994622691,1.1763524351381676e-05,0.0002129964742567,0.00046295679653710525,0.02151643085033169,0.0005073629905294314,0.0225247195438574,0.0005941670268384022,0.02437554157015598,0.0005460645804964579,0.023368024745289404
2018-06-15,-0.006252799827575,3.909750568372217e-05,0.0001829204353522,0.0004358852002059618,0.02087786388033895,0.00048716382598332724,0.022071788010565144,0.0005595663706196456,0.023655155265177304,0.0005254517117907764,0.02292273351480526
2018-06-18,-0.0133393516953673,0.0001779383036526,0.0003050345680507,0.00041207793853462735,0.020299702917398257,0.0004696645602228262,0.021671745666254627,0.0005424997636486841,0.023291624323964272,0.00050848766255403,0.022549671007667273
2018-06-19,-0.0062864475436624,3.951942271921954e-05,0.0003026861467276,0.0003980295604417116,0.019950678195031657,0.0004597093858903858,0.021440834542768756,0.0005478379220753549,0.023405937752530977,0.0005014799298403921,0.022393747561325953
2018-06-20,0.0147553625564019,0.0002177207241708,0.0001828671732662,0.00037651895217836204,0.019404096273167738,0.0004442196446169038,0.021076518797394028,0.0005316759557327425,0.023058099568974512,0.00048615210571400125,0.022048857242814225
2018-06-21,-0.0098126197430071,9.62875062208544e-05,0.0001882239173505,0.00036699105849791235,0.019157010687941695,0.0004379073377129525,0.020926235631688574,0.0005139930627031465,0.02267141510146966,0.0004733796199080319,0.021757288891496383
2018-06-22,0.0073239732790871,5.364058459278285e-05,8.299439153115198e-05,0.00035074884536128874,0.01872828997429527,0.00042656408073035604,0.020653427820348756,0.0005103208278455875,0.022590281712399858,0.00046354358529307466,0.02153006236156957
2018-06-25,-0.0058012847434262,3.3654904674309715e-05,8.195552427103716e-05,0.0003329223497151783,0.018246159862151223,0.00041411563796063034,0.020349831398825652,0.00048646577830260433,0.022055969221564584,0.00044924735466532397,0.021195455990974197
2018-06-26,-0.0164248184442406,0.0002697746609262,0.0005608928579494,0.00031496630301272615,0.017747290018837417,0.0004016663888360883,0.020041616422736174,0.00047303672232623607,0.021749407401725596,0.0004370539107828486,0.020905834371841
2018-06-27,-0.0115310922510569,0.0001329660885023,0.0002174206619798,0.0003122548044875386,0.01767073299236731,0.00040079196234583936,0.02001978926826752,0.0004906633370867151,0.022150921811218492,0.0004406743955222894,0.02099224608092925
2018-06-28,0.0096184978330242,9.251550056389314e-05,0.0001861451832819,0.0003014974815284293,0.017363682833098203,0.000393797395648242,0.019844329055129124,0.000493259455547485,0.022209445187745796,0.00043536349187796563,0.020865365845773365
2018-06-29,0.0345850692833355,0.0011961270173331,0.0004037970383251,0.000288958562670557,0.016998781211326797,0.00038548163281068603,0.019633686174803905,0.00047299760271378606,0.021748508057192938,0.00042367987816930696,0.020583485569001837
2018-07-02,-0.0128520856523862,0.0001651761056162,0.0010114075852018,0.0003433886699503106,0.018530749308927327,0.0004276503026914092,0.020679707509812833,0.0004796044447858054,0.02189987316825843,0.00043323896599186654,0.02081439324102114
2018-07-03,0.009764797121298,9.535126282011124e-05,0.0004088030493157,0.00033269591609026824,0.01823995384013535,0.0004201643419735178,0.020497910673371512,0.00048656225455127677,0.022058156191107105,0.0004304728306719707,0.02074783918079111
2018-07-04,0.0089704098416493,8.046825272715942e-05,0.0002156228596776,0.0003184552368940587,0.01784531414388827,0.0004100651403245833,0.020250065193094646,0.0004669316503232372,0.021608601304185265,0.00041917013695956024,0.020473644935857422
2018-07-05,-0.0139987332889922,0.0001959645336963,0.0001954310659462,0.00030417601784404473,0.017440642701576244,0.0004000254444932249,0.02000063610221497,0.0004479229191421785,0.02116418954607472,0.00040835039466606375,0.02020768157572916
2018-07-06,0.0003612529226548,1.3050367412665916e-07,0.0003748356989761,0.00029768332879518235,0.017253501928454477,0.00039593388306382704,0.019898087422258126,0.00045955226554247766,0.02143717018504256,0.000409210525106885,0.020228952644832727
2018-07-09,0.003787054035897,1.4341778270804502e-05,0.000139048370987,0.000279830159287919,0.016728124798910338,0.00038328756499509087,0.01957773135465626,0.00043275115301007736,0.020802671775761818,0.0003975701895755714,0.01993916220846732
2018-07-10,0.0232163495182437,0.0005389988849532,0.0002254845290272,0.0002639008564268921,0.016245025590219675,0.0003722004361613984,0.019292496887686632,0.00041127372232507256,0.02027988467238097,0.0003869748117132436,0.019671675366202127
2018-07-11,-0.0230365830017323,0.0005306841563957,0.0001534788994729,0.00028040673813847387,0.016745349746675162,0.00038563081887301587,0.019637485044501392,0.00040958922878092235,0.020238310917191738,0.000386816662267572,0.019667655230544694
2018-07-12,-0.0009000992122502,8.101785918934768e-07,0.0002497813972632,0.00029542338323390756,0.017187884780679313,0.0003977116822286957,0.01994271000212097,0.0004479837077921929,0.021165625617783967,0.00041037960524355964,0.020257828245978382
2018-07-13,0.0061052012725333,3.7273482578142445e-05,9.400049921584068e-05,0.00027774659095538667,0.016665731035732777,0.00038496719348708383,0.019620580865180415,0.0004240992029096918,0.020593669000682997,0.00039870981224459257,0.019967719254952294
2018-07-16,-0.0730482190041818,0.0053360422996829,0.0022863553090878,0.000263318204452752,0.016227082438095643,0.00037479476877354083,0.01935961695833729,0.0004054281096867524,0.020135245458815555,0.00038846301996136543,0.019709465237833457
2018-07-17,0.0249158694235102,0.0006208005491294,0.0006761757415067,0.0005676816501665616,0.023826070808393097,0.0006048560218614944,0.024593820806484996,0.0006129378137915352,0.024757580935776725,0.0007170897413548486,0.02677853135171622
2018-07-18,-0.054229235899207,0.0029408100262118,0.0017320773384251,0.0005708687841043326,0.02389286052577909,0.0006051161193595706,0.024599108100896067,0.0006010129331484097,0.024515565119907184,0.0006962845626966476,0.026387204525994176
2018-07-19,-0.0111675792551947,0.000124714826421,0.0005929430691978,0.0007130652586307832,0.026703281795142392,0.0007102182081613006,0.0266499194775763,0.0007492769434534501,0.027372923545968746,0.0008521303640754537,0.02919127205305472
2018-07-20,0.0090831890351014,8.25043230473863e-05,0.0001664846855166,0.0006777642326981994,0.026033905444596658,0.0006804172088826745,0.026084808009312135,0.0007352633492834395,0.027115739880804277,0.0008186708947137166,0.028612425530068517
2018-07-23,0.0268616929524648,0.0007215505482725,0.0006261040974905,0.0006420486381191506,0.02533867869718448,0.0006508689406620154,0.02551213320485011,0.0006955116271523991,0.02637255442979309,0.000781066999523886,0.027947575914985652
2018-07-24,0.0201098782356196,0.0004044072026514,0.0002441015868301,0.0006468187527283514,0.025432631651646893,0.0006523468333386637,0.025541081287577934,0.0006804352936568285,0.026085154660396945,0.0007578341419258912,0.027528787512818127
2018-07-25,0.0161747434199583,0.0002616223247014,0.0001026476718308,0.0006322740597237371,0.025145060344404366,0.0006393831885381356,0.025286027535738696,0.000658239535863983,0.025656179292014292,0.0007302820359948966,0.02702373097843628
2018-07-26,-0.0021476292974729,4.612311599364027e-06,9.297550137578102e-05,0.0006100349556224019,0.02469888571620999,0.0006209057554081292,0.02491798056440628,0.0006330119832897839,0.0251597293961955,0.000701932852844935,0.026494015415654437
2018-07-27,0.0282954756093864,0.0008006339399613,0.0003614856391502,0.0005737095969810196,0.023952235740761645,0.0005921514852727848,0.024334162925253557,0.0005979365607880442,0.024452741375723994,0.0006709300635319909,0.025902317725099253
2018-07-30,0.0050762137148192,2.5767945678518708e-05,0.0001466761856447,0.0005873250575598412,0.024234790231397532,0.0006014608569532083,0.024524698916667833,0.0005908393758447082,0.024307187740351788,0.0006565576530385694,0.025623380983753285
2018-07-31,0.0180104355718401,0.0003243757894874,0.0005353605582911,0.0005536316308469618,0.023529378037826707,0.0005750725493413047,0.02398067032718862,0.00055830365074242,0.023628450028353957,0.0006287860490166826,0.025075606653014053
2018-08-01,-0.0129599453758148,0.0001679601841441,0.0003062155151779,0.0005398762803653882,0.023235237902061348,0.0005640940150877236,0.023750663466263918,0.0005422780914166186,0.023286865212316977,0.0006084144550520989,0.024666058766087844
2018-08-02,-0.0027025024230285,7.3035193464752e-06,0.0004901121045429,0.0005175613145921111,0.022749973947064447,0.000546841683596726,0.023384646321822487,0.0005464693349874017,0.023376683575464713,0.0005940641022746211,0.024373430252523365
2018-08-03,0.0002705276155199,7.318519075892964e-08,0.0001022504258121,0.0004869458468773729,0.0220668495004922,0.0005235787175573677,0.02288184252977386,0.0005199393446112064,0.022802178505818393,0.0005704743739156501,0.02388460537491985
2018-08-06,-0.002166531054719,4.693856811061991e-06,0.0002157938557501,0.000457733487176176,0.021394706989724725,0.0005016755230327628,0.02239811427403572,0.0004881424873272487,0.022093946848113142,0.0005480059568392937,0.023409527052875155
2018-08-07,0.0353374672263651,0.0012487365899744,0.0006000806409053,0.0004305511093542692,0.020749725524793556,0.0004815691633868325,0.021944684171498856,0.00046456502782039265,0.021553770617235228,0.0005273427729421666,0.022963945064865633
2018-08-08,0.0075609799212348,5.7168417369316285e-05,0.0001120742550654,0.0004796422381914787,0.02190073601940078,0.0005191493322705126,0.02278484874363911,0.00047234725563169346,0.021733551381025916,0.0005309173394678279,0.02304164359302148
2018-08-09,0.014526094188856,0.0002110074123835,0.0001509263103785,0.0004542938089421489,0.021314169206003524,0.0005001478857952921,0.022363986357429484,0.00045155842547647335,0.02124990412864193,0.0005121631309658886,0.022631021430017
2018-08-10,-0.015912340723876,0.0002532025873127,0.0001900958640877,0.00043969662514863094,0.020968944302196785,0.0004894773346280505,0.022124134663937717,0.00043905584565696713,0.02095365948126883,0.0004975198544414959,0.022305153091639968
2018-08-13,-0.0137933175458274,0.00019025560892,0.0002854831861804,0.00042850698287847646,0.020700410210391398,0.0004814875581640205,0.021942824753527528,0.0004564312284415581,0.02136425117905044,0.0004960282999688472,0.022271692795314126
2018-08-14,0.017687294595863,0.0003128403901208,0.0006528409900334,0.00041421190044096967,0.02035219645249548,0.000471231936407728,0.021707877289309705,0.000467122697746465,0.021613021485818798,0.0004906393068554917,0.022150379384008115
2018-08-16,-0.0198873556570735,0.0003955069150309,0.0002008566165552,0.0004081296098217622,0.02020221794313095,0.00046726049301504935,0.02161620903431148,0.00045675285559406505,0.02137177708086216,0.0004793288448272055,0.021893579991111675
2018-08-17,0.021957812277772,0.0004821455200258,0.0001935335884903,0.00040737224813431244,0.02018346472076369,0.00046731337973132865,0.021617432311246604,0.0004850738825899819,0.02202439289946449,0.000488095941899053,0.022092893470504332
2018-08-20,0.0326424025119659,0.0010655264417531,0.000367244057917,0.0004118586444478062,0.020294300787359148,0.0004712783634030467,0.021708946621221553,0.0004779341732177808,0.021861705633773883,0.00048009474414602114,0.021911064422935302
2018-08-21,-0.029200975714482,0.0008526969826777,0.0004945292429638,0.00045107871228612976,0.02123861370914142,0.0005013238021324147,0.022390261323450754,0.00048227109596828556,0.021960671573708433,0.0004834452024510546,0.021987387349365877
2018-08-23,-0.0182011806647987,0.0003312829775926,0.0002352911370512,0.00047517580850962805,0.021798527668391462,0.0005195713751160851,0.02279410834220293,0.0005387789880683308,0.02321161321555076,0.000520970744100308,0.022824783549911444
2018-08-24,0.0068860983605824,4.741835063161609e-05,0.0001349792363454,0.0004665422386546089,0.021599588853832587,0.0005129288855641638,0.02264793336188015,0.0005593215090112328,0.023649979048853992,0.0005228633895661377,0.022866206278395588
2018-08-27,0.0096819078395531,9.373933941360126e-05,6.791570235170398e-05,0.00044139480537322927,0.021009398025008456,0.0004939377352212994,0.022224710014335382,0.0005312438634957273,0.02304872802337967,0.0005044691688943931,0.022460391111785945
2018-08-28,0.0156207590636187,0.0002440081137236,0.0002622315955969,0.0004205354774156515,0.020506961681722904,0.00047841708573930175,0.02187274755807559,0.0005082580283496354,0.02254457869088787,0.00048816858808524373,0.02209453751688964
2018-08-29,0.0065002883435379,4.225374854913564e-05,0.0002719009844341,0.00040994383559412993,0.020247069802668483,0.00047081360435532576,0.021698239660288707,0.0004930891816987803,0.022205611491215013,0.0004757480230456435,0.021811648792460496
2018-08-30,0.0235343303943225,0.0005538647071091,0.0003592055921187,0.0003878824303714302,0.019694731030695245,0.00045464239148507206,0.021322344887114833,0.0004697014996894228,0.021672597898946558,0.0004604213199909383,0.021457430414449405
2018-08-31,-0.0129877443843043,0.000168681504192,0.0002323335784538,0.0003978413669756923,0.019945961169512295,0.00046276762189259666,0.021512034350395517,0.00046508064902197,0.02156572857619167,0.0004556076556641739,0.02134496792370918
2018-09-03,0.0004163980346537,1.7338732326346547e-07,0.0001412019067254,0.0003840917752086724,0.019598259494370218,0.000452894084441831,0.021281308334823567,0.0004730991048665736,0.021750841474907898,0.00045156233689162606,0.02124999616215556
2018-09-04,-0.0129002162299771,0.0001664155787801,0.0001951795976729,0.00036105667193554785,0.019001491308198625,0.0004361200743188609,0.02088348807835657,0.000445265149003666,0.021101306807960164,0.0004370793576052791,0.020906442968742413
2018-09-05,0.0022738638498375,5.170456807598014e-06,0.000259479920914,0.00034937820634622484,0.018691661412143783,0.0004280760750935439,0.020689999398104002,0.0004539228248593359,0.02130546467128412,0.00043413409934197825,0.020835884894622986
2018-09-06,0.009876901381515,9.755318090017478e-05,0.0001765575388342,0.00032872574137390723,0.018130795387238455,0.00041332723733151697,0.02033045098691903,0.00042939475817970835,0.020721842538242306,0.00042091385998831453,0.02051618531765383
2018-09-07,0.0309181699794295,0.0009559332348768,0.0006044961140448,0.0003148553877454832,0.017744164892873466,0.0004038232509566597,0.02009535396445307,0.0004138973051457408,0.02034446620449258,0.0004102937598105184,0.02025570931393217
2018-09-10,-0.0089228959083294,7.961807139088293e-05,0.0001784855840563,0.000353320058573368,0.018796809797765365,0.0004338057601239508,0.020828004228056772,0.00041953637986526227,0.02048258723563169,0.0004162989618915462,0.02040340564443951
2018-09-11,-0.0357493333599467,0.0012780148356805,0.000815382848694,0.0003368979393424188,0.01835477974104889,0.0004220064359168424,0.020542795231341872,0.0004185999274348333,0.020459714744708278,0.00040923661188975994,0.020229597422829745
2018-09-12,0.0224617985330216,0.000504532393338,0.0005915812409969,0.00039336495312270955,0.019833430190532086,0.0004652282505176112,0.021569150435694292,0.0004952998555795332,0.022255333194080316,0.0004787551089997483,0.021880473235278718
2018-09-14,0.015485072277054,0.0002397874634255,0.0001050534592781,0.00040003499953563006,0.020000874969251473,0.00047035625876247716,0.021687698327911082,0.00048806515747459487,0.022092196755293367,0.0004717960394423236,0.021720866452384528
2018-09-17,0.0022737468700065,5.169924828864406e-06,0.0003389140554635,0.0003904201473690274,0.019759052289242705,0.00046314642267950956,0.021520836941892142,0.0004741120328157887,0.021774113823891633,0.000460396462758045,0.021456851184599408
2018-09-18,-0.0059389708534095,3.527137479764791e-05,0.0002204116682326,0.00036730513401661764,0.019165206339004485,0.00044585495098849057,0.021115277667804667,0.0004480050940821079,0.02116613082455336,0.0004454129968654284,0.021104809804057188
2018-09-19,0.0136959858378205,0.0001875800280697,0.0001662835254765,0.00034738310846347945,0.01863821634340259,0.00043117765486013474,0.020764817717960703,0.00043744311041231284,0.0209151406978847,0.0004335796434725431,0.020822575332377673
2018-09-21,0.0063385659804723,4.017741868880126e-05,0.0038158967041428,0.00033779492363985745,0.01837919812287406,0.00042444858286020315,0.020602149957230267,0.0004250556022177438,0.02061687663584724,0.00042377806050522456,0.020585870409220604
2018-09-24,-0.0283104249625716,0.0008014801615613,0.0009051657028558,0.00031993787334279404,0.017886807242847844,0.00041154499994588994,0.02028657191212675,0.00040653352561804176,0.020162676548961492,0.000411902054622275,0.020295370275564696
2018-09-25,-0.011086197113707,0.0001229037664439,0.0011903322074815,0.0003488304106359102,0.018677002185466227,0.0004339866395960761,0.020832345993576338,0.0004603459366020333,0.021455673762481413,0.00045097826732990923,0.02123624889969764
2018-09-26,0.0130589547657593,0.0001705362995741,0.0002561292406058,0.0003352748119843935,0.018310510970051968,0.000424130648201149,0.020594432456398234,0.00046321358163614834,0.02152239720932936,0.0004443365480059953,0.021079291923733947
2018-09-27,0.0043426875587113,1.8858935232586332e-05,0.0001704778046145,0.00032539050123977874,0.018038583681646927,0.00041714213590150626,0.020424057772673535,0.00044849324118180587,0.021177659010896504,0.00043349681280970643,0.020820586274399346
2018-09-28,-0.0508156479999867,0.0025822300816585,0.0014026785564619,0.0003069986072793472,0.017521375724507113,0.00040380470985284996,0.020094892631035626,0.0004263569525417712,0.02064841283347878,0.00042057311113152964,0.020507879245098202
2018-10-01,0.0033492096986463,1.1217205605506471e-05,0.0008843109345722,0.0004435124957420997,0.02105973636449658,0.00050729467125185,0.022523202952774057,0.0005532693826992534,0.02352167899405256,0.0005721574073675322,0.023919812026174707
2018-10-03,-0.0061920326165766,3.834126792474858e-05,0.0003487949130326,0.00041757477833390404,0.020434646518447636,0.0004870757671079268,0.022069793091642857,0.0005219289142746197,0.022845763595787726,0.0005497825769957257,0.02344744286688264
2018-10-04,0.004647492600533,2.159918747200986e-05,0.0003391645647453,0.0003948207677093547,0.01987009732511028,0.00046954870486042564,0.021669072542691476,0.0005072455311739076,0.022522112049581575,0.0005311369625876841,0.02304640888701934
2018-10-05,-0.0248643137126669,0.0006182340964019,0.0006147286870392,0.0003724274728951139,0.019298380058831725,0.00045253564326343997,0.02127288516547391,0.0004809048052204827,0.021929541837906297,0.0005117086416589126,0.022620977911198104
2018-10-08,-0.0145417443719173,0.0002114623293781,0.0007832026608451,0.000387175870305522,0.019676785060205388,0.00046372301056882607,0.021534228812957898,0.0005237855092126712,0.022886360768210205,0.0005324465616894321,0.02307480361106963
2018-10-09,0.0224331823094586,0.0005032476685294,0.0009593003089631,0.00037663305784988197,0.019407036297433,0.0004557138344601305,0.0213474549878933,0.0005336863660503197,0.023101652885677244,0.0005259592768435234,0.022933802058174378
2018-10-10,0.0192887513308953,0.0003720559279051,0.0002297571174723,0.00038422993449065346,0.019601783961942176,0.00046147357291755276,0.02148193596763459,0.0005240577665256924,0.02289230802094215,0.0005158071727998772,0.02271138861452283
2018-10-11,-0.0500631543740786,0.0025063194258828,0.000260304338815,0.00038349949409552115,0.019583143110734832,0.00046088606450716727,0.021468257137158744,0.0005116868337645117,0.02262049587795351,0.0005039046895015756,0.022447821486762932
2018-10-12,0.0377369483237471,0.0014240772687891,0.0004783728747631,0.0005108686900027595,0.022602404518164865,0.0005568065674250135,0.023596749085944307,0.0006403243138409681,0.025304630284613293,0.0006450733605639528,0.025398294442028048
2018-10-15,-0.0113390705217762,0.0001285745202978,0.0001842546584812,0.0005656612047299436,0.02378363312721468,0.0005968571318604954,0.02443065966895891,0.0006418398385622053,0.025334558187625953,0.000643994058498528,0.025377038016650564
2018-10-16,0.0049003137304398,2.4013074656737215e-05,0.0002248203467074,0.0005394360036640158,0.02322576163797467,0.0005754492941248988,0.023988524217318972,0.000635293228383881,0.025205023871916508,0.0006247536742705881,0.024995072999905162
2018-10-17,-0.0321993544950862,0.0010367984299002,0.0008461748499149,0.000508510627923579,0.022550180219314857,0.000550867514538621,0.02347056698374841,0.0005989206892728991,0.024472856173174785,0.0005990848118250737,0.024476209098327987
2018-10-19,0.0005408123816683,2.924780321657871e-07,0.0003643395176442,0.000540207896042178,0.02324237285739513,0.0005738442560261304,0.02395504656697896,0.0006646343157939475,0.025780502628807444,0.0006405382263884598,0.025308856678808306
2018-10-22,-0.0185510008806763,0.0003441396336748,0.0004581814951067,0.0005078129709615772,0.02253470592134668,0.0005483067077801686,0.023415949858593577,0.0006208184919105546,0.024916229488238274,0.0006133698898660324,0.02476630553526368
2018-10-23,0.001559121627445,2.4308602491668867e-06,0.0002702106635555,0.0004979925707243737,0.02231574714689996,0.0005401619996913621,0.023241385494229085,0.0006391388890653464,0.025281196353522245,0.0006098754806126268,0.02469565712048632
2018-10-24,0.0081229581241046,6.598244868595745e-05,0.0002092874103065,0.0004682588680958613,0.02163928991662761,0.0005171630759073032,0.022741219754166733,0.0005986837869986147,0.024468015591760088,0.0005848054364245016,0.02418275080350665
2018-10-25,-0.0078481173598773,6.159294609440817e-05,0.0001362962005343,0.000444122282931267,0.02107420895149488,0.0004987040141818135,0.022331681848481843,0.0005688604791156083,0.02385079619458454,0.0005625966506541049,0.023719119938440062
2018-10-26,0.0105713862166739,0.000111754206542,0.0004987320358552,0.00042117052272105536,0.020522439492444738,0.00048138484078488134,0.02194048405994912,0.0005559616217738016,0.0235788384313944,0.0005445673644981434,0.02333596718583019
2018-10-29,0.0393742476917463,0.0015503313812909,0.0006106730653578,0.000402605543750317,0.020065032861929656,0.00046758852381204215,0.02162379531470001,0.0005320752259231408,0.0230667558603966,0.000525908601412946,0.02293269721190567
2018-10-30,-0.0161662418079318,0.0002613473741925,8.869588934549265e-05,0.00047146909400275737,0.021713339079993142,0.0005198139121133768,0.02279942789004533,0.0005410671994259938,0.02326085121886114,0.0005351702920526881,0.023133747903283812
2018-10-31,-0.019046563290683,0.0003627715731859,0.0009884567813296,0.00045886179081414325,0.021421059516609893,0.0005099928572035111,0.022583021436546332,0.0005551754988914344,0.023562162440901608,0.0005316681939675904,0.023057931259494863
2018-11-01,0.0049529477850234,2.4531691761168675e-05,0.0001131513766224,0.00045309637775645426,0.02128606064438543,0.0005054680487772245,0.02248261659098479,0.0005777693177915277,0.02403683252409784,0.0005348423773685766,0.02312665945113078
2018-11-02,0.0308696394826279,0.0009529346417874,0.0005224787931884,0.00042738249659673706,0.02067323140190563,0.0004859833694962677,0.02204503049433744,0.0005461562532187897,0.023369986162143735,0.0005152196418266395,0.02269845020759434
2018-11-05,0.0059053994796377,3.487374301410615e-05,0.0002822650791741,0.000458915625308178,0.021422316058451244,0.0005098737156009602,0.022580383424578073,0.0005449907055199547,0.023345035993117567,0.0005141246869749911,0.02267431778411406
2018-11-06,-0.0029482164882146,8.691980461380916e-06,0.000224507639156,0.00043347311237053364,0.020820017107834796,0.000490537069016893,0.022148071451412944,0.0005169974106211497,0.022737577061357036,0.0004960846234177694,0.022272957222106125
2018-11-07,0.0077854609919932,6.0613402857849114e-05,1.1300142458683071e-05,0.0004079862444559844,0.020198669373401416,0.0004714189593825461,0.02171218458337498,0.0004934126749323592,0.022212894339377728,0.0004791612711228927,0.02188975265102127
2018-11-09,-0.0139704973478904,0.0001951747961474,0.0001301131848355,0.0003871438739600962,0.019675971995306768,0.00045603368615031127,0.021354945238757025,0.0004712918409819627,0.02170925703431517,0.0004639457510442115,0.02153939996945624
2018-11-12,0.0184411879586111,0.0003400774133248,0.0003292268465511,0.0003756257292913352,0.019381066257854216,0.00044784581681595634,0.021162367939716868,0.00048185231674542173,0.02195113474846851,0.00046102313661899847,0.021471449336712193
2018-11-13,0.0108359556399908,0.0001174179346318,0.0001618954057825,0.0003734928303333445,0.019325962597846053,0.0004468009449719543,0.021137666497793795,0.0004713120203935975,0.02170972179447718,0.00045220596930263583,0.021265135064293287
2018-11-14,-0.0001698679753333,2.8855129043835987e-08,0.0006991390277521,0.00035812833659125474,0.01892427902434475,0.00043576796176578403,0.020875055970362908,0.0004538340863742168,0.02130338204075158,0.0004398532070163359,0.020972677631059318
2018-11-15,0.0004243734918818,1.800928606120129e-07,0.0002480456693075,0.00033664236770352204,0.018347816428761272,0.0004202290676339109,0.020499489448127992,0.000427588209041349,0.020678206136929504,0.00042615497991287094,0.020643521499804023
2018-11-16,-0.026216631427087,0.0006873117633837,0.0004929455815826,0.00031645463121294745,0.017789171740498416,0.00040582358332963555,0.020145063497781175,0.000403375266375241,0.020084204399857142,0.0004133779377263205,0.020331697856458532
2018-11-19,0.0143540207306709,0.0002060379111365,0.0001033665255535,0.0003387060591431942,0.018403968570479417,0.0004235197918357863,0.02057959649351236,0.00045102450384260626,0.02123733749420125,0.0004451045590532755,0.02109750125141069
2018-11-20,-0.0333451272828266,0.0011118975135079,0.0002842241724239,0.00033074597026279434,0.01818642269009478,0.0004181801848527232,0.020449454390098605,0.0004383883258114918,0.020937724943543692,0.0004348713744900894,0.02085356982605351
2018-11-21,-0.0213520378588863,0.0004559095207273,0.0001680202866686,0.00037761506285750114,0.019432320058539104,0.00045417115707946333,0.021311291774068115,0.0005078621558527764,0.022535797209168713,0.0004921191633809372,0.022183759000244687
2018-11-22,-0.0215396119649488,0.0004639548836005,0.0002889643158513,0.0003823127303296899,0.019552818986777583,0.0004579031288380563,0.021398671193278714,0.0005392511664223899,0.023221782154313433,0.0005038635308887973,0.022446904706190502
2018-11-26,-0.0167238985360822,0.0002796887822451,0.0006347869835049,0.00038721125952594245,0.019677684302934186,0.0004617281696009692,0.021487860982447024,0.0005703304784070558,0.023881592878345778,0.0005153303363202025,0.022700888447816366
2018-11-27,-0.0159548549773839,0.0002545573973493,0.0004020552485289,0.00038075991088909624,0.019513070257883465,0.00045694735040519713,0.02137632686887991,0.0005849101408050772,0.024184915563323292,0.0005143250733051828,0.02267873614876241
2018-11-28,0.0031541185286434,9.948463692731852e-06,0.0001381333421844,0.00037318776007671156,0.019318068228389492,0.00045137724210331394,0.02124564054349301,0.0005963689157622713,0.024420665751823212,0.000511791281054657,0.022622804447164746
2018-11-29,0.018156679832892,0.0003296650225541,0.0001190137307995,0.00035139340229367274,0.018745490185473217,0.0004351550218370946,0.020860369647661917,0.0005612858094466023,0.023691471238540724,0.0004934458247347177,0.02221364051061234
2018-11-30,-0.0076197208861268,5.806014638247741e-05,0.0001632565634186,0.0003500896995093012,0.018710684100515972,0.00043455961213765686,0.020846093450276406,0.0005452164554061192,0.02334987056508278,0.00048225882507826754,0.021960392188626037
2018-12-03,0.0161113733197282,0.0002595763502476,0.0003499186019445,0.00033256792632169175,0.018236445002293943,0.0004217312485062342,0.020536096233370018,0.000533174421592129,0.02309056997114036,0.00046939894522716265,0.021665616659286728
2018-12-04,0.0001857007836664,3.4484781054322156e-08,8.742749068665921e-05,0.0003281884317572492,0.01811597173096848,0.00041894116624311073,0.020468052331453296,0.0005168243026244522,0.02273377009262767,0.00045852714390848834,0.021413246925874842
2018-12-05,-0.0388342794406683,0.0015081012596759,0.0004256788221363,0.0003084991949386775,0.017564145152516746,0.0004046224738847983,0.02011522989888006,0.00048519853241107524,0.022027222530566017,0.0004435739827471518,0.021061196137616492
2018-12-06,-0.0145930637452719,0.0002129575094735,0.000591203850316,0.00038047531882291167,0.01950577655011232,0.000459504181860145,0.021436048653148392,0.0005733660487194614,0.023945063138765398,0.000525399238242463,0.02292158891181986
2018-12-07,-0.001765636221597,3.1174712670155658e-06,0.0001905483040684,0.00037042425026195114,0.01924640876272639,0.0004518684518309789,0.021257197647643465,0.000581053718137111,0.024105055862559434,0.0005194800549247672,0.022792105100774857
2018-12-10,-0.0127453454637353,0.0001624438309899,0.000222541828933,0.00034838584352225497,0.01866509693310632,0.00043530186840686744,0.0208638891007134,0.0005490514742583592,0.023431847435880067,0.0005006319467111584,0.022374806070917318
2018-12-11,-0.0041847766392385,1.751235552031644e-05,0.0004536069157041,0.0003372293227703171,0.01836380469211969,0.00042713767246464914,0.020667309270068254,0.0005522355281297201,0.023499692085849126,0.0004931676264010007,0.022207377747068668
2018-12-12,0.0382023288060219,0.0014594179262034,0.0003946078642093,0.00031804630473531706,0.017833852773175993,0.00041301470392984097,0.02032276319622509,0.0005295828269647613,0.023012666663486902,0.00047700027337381734,0.02184033592630428
2018-12-13,-0.0154966394316711,0.0002401458336752,0.0005404440996403,0.0003865286020234027,0.0196603306692284,0.0004650875613579535,0.021565888837651776,0.0005373927576796828,0.023181733276001662,0.00048786028268808714,0.022087559455224726
2018-12-14,0.0025345360630435,6.423873054868324e-06,0.0001755942155112,0.00037774563592251194,0.019435679456157737,0.00045827590507401786,0.021407379687248457,0.0005495932226823806,0.023443404673433862,0.0004861880613087683,0.022049672589604778
2018-12-17,0.0201444324435708,0.0004057981584735,0.0001041454817383,0.0003554663301504533,0.01885381473735364,0.0004413942237792456,0.021009384183722415,0.0005176966648110284,0.02275294848609798,0.0004694962303622228,0.02166786169335181
2018-12-18,0.0057087704292183,3.2590059813518184e-05,0.0001017275988339,0.00035848623984984136,0.01893373285566904,0.00044378757048145506,0.02106626617323191,0.0005066413109879704,0.022508694120005505,0.0004613284951359665,0.021478558963207158
2018-12-19,0.0007586828615001,5.755996843341293e-07,7.956803022125597e-05,0.0003389324690476619,0.018410118659249915,0.0004291389687109044,0.020715669641865414,0.00048142283945960595,0.021941349991730363,0.00044679075674943885,0.021137425499559753
2018-12-20,-0.0077089186045229,5.94274260511603e-05,6.448981603977423e-05,0.00031863105688586217,0.017850239687070373,0.0004141053904162904,0.020349579612765723,0.0004532529618568134,0.02128973841682451,0.000432635590418186,0.020799894000167067
2018-12-21,-0.0060369591933118,3.6444876301712494e-05,0.0002454920930546,0.00030307883903577996,0.017409159630372168,0.0004028217624391603,0.020070420086265268,0.0004471620195617905,0.021146205795881928,0.00042319417393318117,0.02057168378945149
2018-12-24,-0.0125739245030771,0.000158103577409,0.0001023962776173,0.00028708080127173586,0.01694345895240213,0.0003913174248210942,0.019781744736526507,0.00043691640917285654,0.02090254551897583,0.0004129270854880021,0.020320607409425588
2018-12-26,-0.0004867913109831,2.36965780448699e-07,0.0002300138375466,0.0002793421678399767,0.01671353247640895,0.0003861459404202193,0.01965059643929973,0.0004450346586754322,0.02109584458312661,0.0004110755044379527,0.020274997026829687
2018-12-27,-0.0136282777153546,0.0001857299534868,0.0003030070747405,0.00026259585571640503,0.016204809647644893,0.00037421406281893364,0.01934461327654119,0.00042030638630626764,0.020501375229634418,0.00039932258670700895,0.019983057491460333
2018-12-28,0.0124589551364207,0.0001552255630913,9.699041136217787e-05,0.0002579839015826306,0.01606187727454766,0.00037153124645565436,0.01927514582190377,0.0004320227716549482,0.020785157484487535,0.00040013886256591905,0.020003471262906324
2018-12-31,0.0158627716949567,0.0002516275258463,0.0001030607527333,0.0002518184012731534,0.01586878701328975,0.00036766418364386115,0.019174571276663818,0.0004188044841777712,0.020464713146725787,0.0003919826714222684,0.01979855225571477
2019-01-01,-0.0102238083967461,0.0001045262581333,0.0001605459728255,0.00025180694874754334,0.01586842615849295,0.0003684347039160349,0.01919465300327242,0.0004096740102666858,0.020240405387903816,0.0003861611335990483,0.019650983018644343
2019-01-02,-0.0437954525404925,0.0019180416632265,0.0003168138808786,0.0002429701073106933,0.015587498430174526,0.0003625006109415543,0.019039448808764247,0.00041268769120573855,0.0203147161241731,0.00038270403977863697,0.019562822899025514
2019-01-03,-0.0254400153641032,0.0006471943817258,0.0002534079151081,0.00034347440066564365,0.018533062366097072,0.00043896483928864744,0.020951487758358533,0.0005150908469863477,0.02269561294581725,0.0004946501363723308,0.022240731471161887
2019-01-04,0.0132111937853316,0.0001745356412335,0.0002699235504415,0.00036169759952925346,0.019018349022174703,0.0004524450538387778,0.021270755836095195,0.0005592149129924164,0.02364772532385338,0.0005183725229525917,0.02276779574206936
2019-01-07,-0.0044186565550544,1.9524525751525216e-05,0.0004349800383205,0.0003504678820315133,0.018720787430861804,0.0004435845033833853,0.021061445899638164,0.0005379253534962859,0.023193217834019623,0.000502636258752469,0.022419550815136084
2019-01-08,0.0119773666622855,0.0001434573121628,0.0001378112462542,0.00033061128065471396,0.018182719286584006,0.0004283600820548558,0.02069686164747824,0.000516999355803555,0.022737619835936106,0.0004859609826709349,0.022044522736292906
2019-01-09,-0.0250386894908774,0.0006269359714205,0.0007418496920317,0.00031938204254520076,0.017871263037211465,0.00041984100618647853,0.020490022112884077,0.000497443127900479,0.022303433096733764,0.00047182466504849005,0.021721525384937636
2019-01-10,0.0025011016440704,6.25550943397175e-06,6.899200889839337e-05,0.0003378352782777232,0.018380295924650486,0.0004337920550316075,0.020827675219083082,0.0005405998618742064,0.023250803467282727,0.0004957929677085619,0.02226640895404021
2019-01-11,-0.0129899361784441,0.00016873844192,0.0002367828564726,0.0003179404921470981,0.01783088590471876,0.0004186778498500576,0.02046161894499205,0.0005094012632371958,0.02256991943355571,0.0004784531563380246,0.02187357209826563
2019-01-14,-0.0070896703798747,5.026342609527267e-05,9.407080415093392e-05,0.00030898836913347525,0.017578064999694228,0.0004120034065448569,0.020297867044220604,0.0005153326189394812,0.022700938723750636,0.0004728776400057134,0.02174574992971531
2019-01-15,0.0088805457625533,7.886409304080491e-05,9.078042037569596e-05,0.0002934648725511831,0.017130816458977755,0.0004004579743214717,0.020011446082716555,0.0005036719263999749,0.022442636351373134,0.0004601524521850531,0.021451164354996048
2019-01-16,-0.0010529909256661,1.108789889535261e-06,8.242071375069597e-05,0.0002805888257805603,0.016750785825762334,0.0003910422951357757,0.01977478938284238,0.0004819003442414816,0.021952228685067073,0.0004465514799442955,0.02113176471438899
2019-01-17,-0.0029546090543602,8.72971466410782e-06,9.627098078080802e-05,0.00026382002362709876,0.01624253747500983,0.0003787948355699749,0.019462652326185527,0.00045578098431592383,0.021349027713596792,0.00043247212410517583,0.020795964130214686
2019-01-18,-0.0052978265257253,2.8066965896678773e-05,0.0001517898692087,0.0002485146050893193,0.015764346008931653,0.0003677797742449775,0.019177585203694898,0.00043671959971386496,0.020897837201822225,0.0004198220183855601,0.020489558765028594
2019-01-21,0.0022284864726115,4.966151958612594e-06,8.79847728080673e-05,0.00023528774673776083,0.015339092109305584,0.0003584373218248836,0.018932440989605212,0.00042517006666733474,0.02061965243808282,0.000409249274822118,0.020229910400743695
2019-01-22,-0.0326449993066499,0.0010656959797311,0.0004150653148259,0.00022146845105101192,0.014881816120723031,0.0003487280786410922,0.01867426246578676,0.00040281419298187054,0.020070231512911617,0.0003976959788822665,0.019942316286787415
2019-01-23,0.017478742083715,0.000305506424829,0.0001985777225288,0.0002721221027718216,0.016496123871134746,0.00038766610971196493,0.01968923842386914,0.0004696071777605481,0.021670421725489056,0.00045450554450681004,0.021319135641643873
2019-01-24,-0.008321207049801,6.924248676565824e-05,9.050210552506424e-05,0.0002741251620952541,0.01655672558494747,0.000389421727916332,0.019733771254282138,0.0004588707142470476,0.02142126780204775,0.0004454850965171574,0.02110651786811736
2019-01-25,-0.0171841536405489,0.0002952951363419,0.0003657772572058,0.00026183220157547835,0.01618122991541367,0.00038037129788568347,0.019503109954201753,0.00045413157099267136,0.02131036299532862,0.0004358043089269059,0.02087592654056116
2019-01-28,-0.0160254307134086,0.0002568144295502,0.0002032761711083,0.00026383997766146907,0.016243151715768372,0.00038219425747890303,0.019549789192697273,0.000474632843434095,0.021786069940080862,0.00044112942123878697,0.021003081232018956
2019-01-29,-0.0042720708500721,1.825058934803656e-05,0.000210802971093,0.0002634184447747965,0.016230170817794754,0.00038214578342937494,0.019548549394504313,0.0004910293023045976,0.022159180993543005,0.00044365321558423554,0.021063077068278403
2019-01-30,0.0519183838059276,0.0026955185770196,0.0010447167272019,0.00024870837344919083,0.01577049058999722,0.00037131810630364106,0.01926961614313168,0.0004730372209839094,0.0217494188654297,0.00043085707077855526,0.020757096877418942
2019-01-31,0.0195948696060542,0.0003839589148782,0.0002038137016824,0.00039551698566341585,0.019887608847305296,0.000482283820609941,0.021960961286108152,0.0004981157054139468,0.022318505895645137,0.0004677293752354757,0.02162705193121512
2019-02-01,-0.0042041009032745,1.7674464404913875e-05,0.0002292501799818,0.0003948235014163069,0.019870166114461824,0.000480725560139408,0.02192545461648191,0.00048773074439922837,0.022084626879330074,0.00045927541747207057,0.02143071201505145
2019-02-04,0.0028398683452313,8.064852218247048e-06,0.0011793651515842,0.0003721945591956233,0.019292344574872784,0.0004627247820217594,0.021511038608625094,0.00046978264373195405,0.021674469860459195,0.0004453938328566988,0.021104355779239005
2019-02-05,-0.0241310829874955,0.0005823091661493,0.0005068294270553,0.00035034677677698065,0.01871755263855242,0.0004455947256458056,0.021109114752774584,0.00044456616023754315,0.021084737613675516,0.0004314712865302795,0.02077188692753452
2019-02-06,0.0429631192706096,0.0018458296174606,0.0008377381023403,0.0003642645201393255,0.019085715080638856,0.00045566155998215326,0.021346230580178628,0.00048573555518414643,0.02203940913872571,0.0004553147374746655,0.021338105292519893
2019-02-07,0.0081097245832271,6.576763281579848e-05,0.0002715409818547,0.0004531584259786036,0.021287518079348835,0.0005221077207572568,0.022849676600714873,0.0005006807737515439,0.022375897160818913,0.00047479381750172543,0.02178976405337436
2019-02-08,-0.0423952910540767,0.0017973607035598,0.0007540764399847,0.0004299149783888352,0.020734391198895502,0.0005032804615688649,0.022433913202311917,0.00047834746554697966,0.02187115601761781,0.0004599670687950276,0.02144684286311222
2019-02-11,0.0251739040868568,0.0006337254469742,0.0011467076844093,0.0005119617218990978,0.02262657114763741,0.0005640835187116171,0.023750442495069794,0.000578485789974933,0.024051731537977322,0.0005590617420228578,0.023644486503683216
2019-02-12,0.0138417035399515,0.0001915927568879,0.0006394154661628,0.0005192675454036078,0.02278744271311741,0.000567883819385715,0.023830313035831382,0.0005690556083910524,0.023854886467787946,0.000549105928419464,0.02343300937608023
2019-02-14,-0.010000418107659,0.0001000083623279,0.0001870311180866,0.0004996070580926657,0.022351891599877306,0.0005514248818580682,0.02348243773244312,0.0005477367693998964,0.023403776819135334,0.000531622465869953,0.023056939646665015
2019-02-15,-0.0316853575135228,0.0010039618807597,0.0006942600857623,0.00047563113634678533,0.021808969172035283,0.0005320197485325311,0.023065553289104753,0.00054265646645766,0.02329498801153716,0.0005181123924872485,0.022762082340753637
2019-02-18,-0.0041798289922935,1.747097040481765e-05,0.000258476217741,0.0005073309810115635,0.022524008990665128,0.0005548787969078436,0.023555865445953023,0.0006070320876745979,0.024638021180171873,0.0005629168231981313,0.023725868228541842
2019-02-19,0.0115324433097395,0.0001329972486923,0.0003725241553964,0.0004779393803751587,0.021861824726567513,0.0005314926910328686,0.023054125249787043,0.0005802576913646215,0.02408853858922582,0.0005420639828411747,0.023282267562270965
2019-02-20,0.0419976208381355,0.0017638001560637,0.0007044368767902,0.0004572428524741905,0.021383237651819483,0.0005150236938060208,0.022694133466735864,0.0005555937520732126,0.02357103629612437,0.0005239670876178418,0.022890327381185308
2019-02-21,0.0155557438722039,0.0002419811674176,0.0002303519019981,0.0005356362906895667,0.023143817547880183,0.0005734584784079861,0.02394699309742219,0.0005664385173348404,0.023799968851551893,0.0005373163219860636,0.023180084598337074
2019-02-22,0.0068922268111631,4.750279041651592e-05,0.0002059233917813,0.0005180169832932493,0.022759986451956628,0.0005588728549652946,0.023640491851171258,0.0005471744070472111,0.023391759383321536,0.0005215584752908137,0.02283765476774736
2019-02-25,0.0055589450921874,3.090187053795467e-05,0.0001798084267495,0.0004897861317206452,0.022131112301930177,0.0005365545707017757,0.0231636476121913,0.0005200491311288606,0.022804585747802142,0.0005032534299642003,0.022433310722320954
2019-02-26,-0.002974172898985,8.84570443305732e-06,0.0004118805930442,0.00046225307604968373,0.021500071535920148,0.0005151040322481239,0.022695903424365463,0.0004936419910723298,0.022218055519606792,0.00048586961782386167,0.022042450358883917
2019-02-27,0.0069259327117101,4.7968543927137135e-05,0.0002911252644128,0.0004350486337526861,0.020857819487009807,0.0004942117590818594,0.02223087400625219,0.0004718705395791378,0.021722581328634444,0.0004696418486296848,0.02167122166906344
2019-02-28,-0.0132004856391323,0.0001742528211089,0.0002284467481116,0.0004118238283631531,0.020293442989378442,0.0004766024734655196,0.021831227026109176,0.0004504917459558729,0.021224790834207835,0.0004548310436419408,0.021326768241858418
2019-03-01,0.0141860137900274,0.0002012429872508,8.357372516142279e-05,0.0003975695679279002,0.019939146619850613,0.00046597772038308827,0.021586517097092996,0.0004597626740114074,0.021442077185091172,0.0004511916835902559,0.02124127311604123
2019-03-05,0.0274948060093011,0.0007559643574891,0.0004276971867282,0.00038578997308727703,0.019641536932920423,0.0004573431786951686,0.021385583431255007,0.0004463861678536652,0.02112785289265488,0.0004404609321275135,0.020987161125972077
2019-03-06,-0.0017264251710317,2.9805438711720287e-06,0.0001305383283706,0.00040800043615138643,0.020199020673076863,0.0004744071936289075,0.021780890560968977,0.00044704553436752655,0.02114345133528409,0.0004407338163946435,0.020993661338476514
2019-03-07,0.0005758062920514,3.315528859659924e-07,0.0001249989331619,0.00038369924261457355,0.01958824245854062,0.00045620035629355095,0.021358847260410638,0.00042538816096164333,0.020624940265650305,0.00042716391962802894,0.020667944252586636
2019-03-08,-0.0258517870403839,0.0006683148931813,0.0002078084203368,0.0003606971812308571,0.018992029413173756,0.0004391937893877058,0.02095695086093647,0.000401487161752681,0.020037144550875532,0.00041432194640584957,0.020354899813210814
2019-03-11,0.0248917122372881,0.0006195973381039,0.0002254885954577,0.0003791542439478873,0.019471883420662917,0.0004536120195199498,0.02129816939363451,0.0004480782774377592,0.021167859538407732,0.000444778752423294,0.021089778387249448
2019-03-12,0.008605947328293,7.406232941735494e-05,0.0001177680667868,0.0003935808295972516,0.019838871681556177,0.000464782965670871,0.021558825702502237,0.00044604092899602304,0.021119681081778273,0.00044223383075844423,0.021029356403809516
2019-03-13,-0.0219471798406305,0.0004816787029569,0.0002060632407444,0.00037440971958645767,0.01934966975393786,0.00045048667454316167,0.02122467136478588,0.0004281683636928599,0.020692229548621866,0.00042974687550733997,0.020730337081372795
2019-03-14,0.0075626338166228,5.719343024432807e-05,9.272969502327638e-05,0.00038084585858868885,0.01951527244464419,0.00045565049957639375,0.021345971506970436,0.00046314257621045076,0.021520747575547897,0.0004473153529956577,0.021149831039411586
2019-03-15,-0.0042589322014723,1.8138503496738356e-05,9.76106944142971e-05,0.00036142671288802707,0.01901122597014793,0.0004412538665495383,0.021006043572018466,0.00044302887711009244,0.02104825116512278,0.0004341745232956749,0.020836854928123746
2019-03-18,0.0187387585798353,0.0003511410731133,0.0001757390660801,0.00034082942032454965,0.018461566031205197,0.0004261357709678519,0.020643056240970035,0.0004283160484564917,0.020695797845371695,0.0004220076457836832,0.020542824678794376
2019-03-19,0.0043697719856532,1.9094907206599784e-05,0.0001648265668866,0.00034144811949187777,0.018478314844484,0.0004271649437934113,0.02066796902923486,0.0004213622290627144,0.020527109612965836,0.000416015014889597,0.020396446133814514
2019-03-20,-0.0267041945153087,0.0007131140047114,0.0003098242442131,0.00032210692675476105,0.017947337595163274,0.0004131115269739807,0.020325145189493254,0.0004012767148843375,0.020031892443908975,0.00040426938990891203,0.020106451449942928
2019-03-22,0.0093024252789751,8.653511607091548e-05,9.419321186291874e-05,0.00034556735143216204,0.018589441934392815,0.00043144557904694735,0.020771268113597384,0.00045035153057693567,0.02122148747324126,0.00043824617108149396,0.02093432996495216
2019-03-25,-0.0062890293357881,3.955188998640332e-05,0.0001558360869564,0.0003300254173104872,0.01816660169956085,0.00042013000836577054,0.020497073165839326,0.00043284573629259195,0.020804944996144353,0.0004262581566828245,0.020646020359450012
2019-03-26,0.0081200521363206,6.593524669656525e-05,6.226451572235135e-05,0.00031259700567104216,0.017680413051482765,0.00040751125036272474,0.020186907895037437,0.0004241628023898322,0.020595213094062228,0.0004159826743141224,0.020395653319129604
2019-03-27,-0.0068590227549085,4.7046193152353456e-05,0.0001330714983182,0.0002977973001325735,0.01725680445889602,0.0003969998428115936,0.019924854900640897,0.0004073726162861389,0.02018347384089614,0.00040510752691868597,0.0201272831479732
2019-03-28,-0.0185898142507738,0.0003455811938782,0.0001877589348057,0.0002827522337137602,0.01681523814026314,0.0003863967591373546,0.019656977365234835,0.0004017010235167432,0.020042480473153598,0.00039672800829086924,0.0199180322394274
2019-04-01,0.0554177875469361,0.0030711311765973,0.0003173671293011,0.00028652197132363093,0.016926959896083848,0.00039005572333204703,0.019749828438040847,0.0004276754428167453,0.02068031534616301,0.00040787016747340576,0.020195795787079196
2019-04-02,-0.0084444517200342,7.130876485198913e-05,0.0001819795494067,0.000453598523640054,0.021297852559355696,0.0005166400651366767,0.022729717665133386,0.0004576788925953344,0.0213934310617847,0.00045324872558049316,0.021289638925554685
2019-04-03,0.0090047870393415,8.108618962389267e-05,0.0002471972799728,0.00043066113811277,0.020752376685882753,0.0004984596631083475,0.022326210227182477,0.00045334754160452826,0.02129195955295163,0.00044317792259592777,0.0210517914343632
2019-04-04,-0.0090047870393414,8.108618962389195e-05,0.0001514455109689,0.0004096866412034374,0.020240717408319238,0.00048203926975995317,0.021955392726160768,0.00043534162321016626,0.020864841796912007,0.00043075778773172884,0.020754705195008886
2019-04-05,0.0345421941713531,0.0011931631781714,0.0004830439123354,0.0003899706141086646,0.01974767363789124,0.000466809359463676,0.021605771438753953,0.00043377985328497547,0.02082738229554966,0.00042281792922246175,0.02056253703273168
2019-04-08,-0.0004554086881787,2.073970732686748e-07,0.0001488147863112,0.00043816216795243237,0.020932323520154957,0.0005029477857473486,0.022426497402567094,0.0004421255554544281,0.02102678186157901,0.0004323799446474391,0.020793747729724893
2019-04-09,0.0072590130670326,5.269327070735027e-05,0.000261687910973,0.0004118848816996825,0.020294947196277266,0.00048254640564602625,0.021966938922982106,0.0004175436919895117,0.020433885875905045,0.0004191948001309056,0.0204742472421065
2019-04-10,-0.0157642463930901,0.000248511464342,0.0003728572733237,0.00039033338504014254,0.019756856658895476,0.0004659964117349931,0.02158695003317961,0.0004004158001332823,0.020010392303332843,0.0004078585211877038,0.02019550745061148
2019-04-11,-0.0161100587414823,0.000259533992654,0.0002058869538813,0.00038182406979825724,0.019540319081280563,0.00045949697714519857,0.021435880601113604,0.0004186678580962519,0.02046137478509819,0.0004120887779524867,0.02029996990028524
2019-04-12,-0.0038338837112117,1.4698664311094614e-05,0.0001376714843258,0.00037448666516960244,0.01935165794369057,0.0004539669546291787,0.021306500290502395,0.0004372866761472473,0.020911400626147627,0.0004167350301622175,0.020414089011322977
2019-04-15,0.0358889563230053,0.0012880171859545,0.000435302565799,0.000352899385118092,0.01878561644232342,0.00043777168122779894,0.02092299407895053,0.00042184585221990734,0.020538886343224826,0.0004055205605411185,0.020137541074846214
2019-04-16,0.0001808208626588,3.2696184372694804e-08,7.083372440118508e-05,0.00040900645316828144,0.020223907959844988,0.00048030260198820944,0.021915807126095296,0.00043204885406364227,0.02078578490371827,0.00041800225924890506,0.020445103551924238
2019-04-18,-0.0185165722410749,0.0003428634475589,0.0003839583827919,0.0003844680277492469,0.019607856276228845,0.0004615351077521047,0.021483368165911617,0.00040725973082634203,0.02018067716471234,0.0004057698464294603,0.02014372970503378
2019-04-22,-0.0165232779417985,0.0002730187139419,0.0001983685553545,0.00038197175293782883,0.01954409764961864,0.000459623682983402,0.02143883585886608,0.00043289771801612156,0.02080619422230124,0.00041613235366057575,0.020399322382387505
2019-04-23,-0.0205198562021381,0.0004210644985564,0.0003711364160556,0.0003754345705980746,0.019376134046761615,0.00045469396285356727,0.02132355417967575,0.00045220945356613617,0.021265216988456435,0.00042136350151954005,0.02052714060748696
2019-04-24,0.0036240664007274,1.3133857276881823e-05,0.000305868621474,0.00037817236627557565,0.01944665437229694,0.0004568130898150981,0.021373186234511177,0.00048250911617214883,0.021966090143039768,0.00043564539473981974,0.02087212003462561
2019-04-25,-0.0279941680538962,0.0007836734450297,0.000551608639639,0.00035627005573565394,0.01887511737011598,0.0004403407439634508,0.02098429755706516,0.00045707041444023117,0.021379205187289616,0.0004224713113531022,0.020554106921807674
2019-04-26,0.0653641840779656,0.0042724765601781,0.0013238555247875,0.0003819142590933017,0.019542626719387075,0.00045988984811030356,0.021445042506609856,0.0005098970589225298,0.022580900312488203,0.00045970706686805044,0.02144078046312798
2019-04-30,0.0216797562747516,0.0004700118321326,0.0007562357164414,0.0006153479971583941,0.024806208842916608,0.000635710154171011,0.02521329320360613,0.0005490814554938354,0.023432487181130293,0.0005238754009843803,0.022888324556078372
2019-05-02,-0.0040461133575863,1.6371033302438545e-05,0.0001739496974974,0.0006066278272568483,0.024629815818573396,0.0006269179012247159,0.025038328642797144,0.0005376595322067831,0.02318748654353859,0.0005132470935230611,0.02265495737191004
2019-05-03,-0.0129677370139463,0.0001681622032628,0.0001048610152013,0.0005712124196195837,0.02390005061960296,0.0005982592249339982,0.02445933819493075,0.0005156751320856284,0.022708481501096202,0.0004956591523818001,0.02226340388129812
2019-05-06,-0.0218694202516511,0.0004782715421433,0.0003240791046609,0.000547029406638181,0.023388659787131477,0.0005785390372471404,0.02405283844470628,0.0005212317053321556,0.02283049945428605,0.0004888918553944373,0.02211089901823165
2019-05-07,-0.0100324605904718,0.0001006502654993,0.0003182659965488,0.0005429039347684898,0.023300299027447905,0.0005742650322123992,0.02396382757850672,0.000553873715706772,0.023534521786235045,0.000502273046549755,0.02241144900602714
2019-05-08,-0.0150963965993702,0.0002279011902854,0.0001514860664662,0.0005163687146123426,0.022723747811757254,0.0005532329947119002,0.023520905482397998,0.0005485267569315508,0.02342064808948614,0.0004907742156662595,0.022153424468155245
2019-05-09,-0.0067191770646495,4.5147340426112104e-05,0.000134021385512,0.0004990606631527306,0.022339665690263376,0.000539477331182193,0.023226651312279026,0.0005589819483537654,0.023642799080349292,0.0004881287354169804,0.02209363563148855
2019-05-10,-0.0643395019125773,0.0041395715063585,0.0031208681488244,0.00047182586378913347,0.021721552978300918,0.0005184587650439062,0.02276968961237518,0.0005433465052073911,0.02330979419058416,0.00047405470363802964,0.02177279733148751
2019-05-13,-0.0302388513908103,0.0009143881334355,0.0009649654562537,0.000691890602343298,0.026303813456289907,0.0006840257051017772,0.02615388508619278,0.0007290443920743926,0.027000822062937132,0.0007209505460986768,0.026850522268638963
2019-05-14,-0.0058396769181166,3.410182650798474e-05,0.0007507278433004,0.0007052404542088307,0.026556363723387107,0.0006918156844894587,0.026302389330428874,0.0007852305039536298,0.028021964669766284,0.0007464481517381608,0.0273212033362032
2019-05-15,-0.0141557041026654,0.0002003839586422,0.0006707635045303,0.0006649721365467799,0.025787053661610507,0.0006592533054842163,0.02567592852233812,0.0007500274448585708,0.02738662894294533,0.0007143294636301318,0.026726942653998637
2019-05-16,0.0135166008094405,0.0001826984974417,0.0004384948663404,0.0006370968458725061,0.02524077744191938,0.0006365674037374059,0.0252302874287513,0.0007464718319910312,0.027321636700443682,0.0006949272716197202,0.02636147324448541
2019-05-17,0.0004261480486153,1.8160215933867253e-07,0.0001829341100634,0.0006098329449666618,0.024694795908584907,0.0006147268805752816,0.02479368630468817,0.0007112411065088863,0.02666910396899165,0.0006674886993186761,0.025835802664494017
2019-05-20,0.030109723688874,0.0009065954606203,0.0005009966933772,0.0005732538643982224,0.02394272048866257,0.0005862203193417378,0.0242119871002307,0.0006631829803147948,0.025752339317327948,0.0006385088920825451,0.025268733487900517
2019-05-21,-0.0235279996762608,0.0005535667687661,0.0004138333615456,0.0005932543601715495,0.02435681342400006,0.0006007489994185227,0.024510181546013133,0.0006541595636305123,0.025576543230673536,0.0006282774612231069,0.025065463515026146
2019-05-22,0.0009517611142655,9.058492186279656e-07,0.0002776578633029,0.0005908731046872242,0.02430788153433417,0.000598267994051352,0.024459517453362646,0.0006881754484883844,0.026233098339471538,0.0006370822873606733,0.025240489047573412
2019-05-23,-0.0177034020688012,0.0003134104448096,0.000958967948899,0.0005554750693591083,0.023568518607649237,0.0005709874414853023,0.023895343510510626,0.0006427706304621364,0.02535292153701692,0.0006101573479452004,0.02470136328110658
2019-05-24,0.0410027902893071,0.0016812288115088,0.0012590646034578,0.0005409511918861399,0.0232583574632032,0.0005598094620201298,0.023660292940285627,0.0006572593062955317,0.025637068988001176,0.0006049271026934831,0.02459526585937796
2019-05-27,0.0570034527227659,0.0032493936223166,0.0013709118657846,0.0006093678490635055,0.024685377231541458,0.0006112651686982247,0.024723777395418863,0.0006618102759502679,0.02572567347904167,0.0006113101275768523,0.024724686602196847
2019-05-28,-0.0107886288365706,0.0001163945121732,0.0002471744507258,0.0007677693954586917,0.02770865199641967,0.0007298689521049973,0.027016086913263314,0.0006860544083202126,0.026192640346483068,0.0006463345776256783,0.02542311109258028
2019-05-29,-0.0274919604827035,0.0007558078911825,0.000567377753621,0.0007286869024615672,0.02699420127474727,0.0006982672030988268,0.026424746036600368,0.000674903522631095,0.0259789053393536,0.0006261635374928659,0.02502325992937103
2019-05-30,-0.010904597458998,0.0001189102457427,0.0001632377585929,0.0007303141617848249,0.027024325371502338,0.0006978570876984671,0.02641698483359649,0.0007223678028920426,0.02687690091681038,0.0006479540345574695,0.02545494126014573
2019-05-31,0.0007170989481462,5.142309014324741e-07,0.0002844136668464,0.0006936299268223025,0.026336854915162182,0.0006686899149769936,0.02585903932819225,0.0007092333292713645,0.026631434983330593,0.0006278340333727354,0.02505661655876019
2019-06-03,0.0189669128170059,0.0003597437818079,0.0004156223067372,0.0006520429850670502,0.025535132368308767,0.0006362860531537474,0.02522471116095777,0.0006616963684387352,0.025723459495929687,0.0006015227485529041,0.024525960706013213
2019-06-04,0.0,0.0,0.0001716841547765,0.0006345050328715014,0.0251893833364674,0.0006224681016480095,0.024949310644745468,0.0006394947781645397,0.025288233986669368,0.0005836372095105556,0.024158584592449857
2019-06-06,-0.0265731131875193,0.0007061303444767,0.0005678393645759,0.0005964347308992112,0.024422013244186302,0.0005933920916116393,0.02435964062977201,0.0005972604146602393,0.02443891189599568,0.0005602837022239108,0.023670312676935867
2019-06-07,-0.0051723261434875,2.6752957734604403e-05,0.000307602530973,0.0006030164677138613,0.02455639362190347,0.0005983401022989765,0.024460991441455852,0.0006434522005924431,0.025366359624361616,0.0005833423986615099,0.02415248224637604
2019-06-10,0.0081596903485507,6.65805465842324e-05,0.00020653680312,0.0005684406571151058,0.02384199356419479,0.0005722225712862756,0.023921174120144596,0.0006170055887739806,0.024839597194277942,0.0005617076870409003,0.023700373141385355
2019-06-11,0.0131832815812193,0.0001737989132497,7.66180955399984e-05,0.0005383290504832533,0.023201919112074615,0.0005497987140436772,0.023447786975398704,0.0005857751079445196,0.024202791325475655,0.0005410607376735999,0.023260712320855522
2019-06-12,0.0267456168926692,0.0007153280229694,0.0004667578418535,0.000516457242249241,0.02272569563840106,0.000533846697371953,0.02310512275171792,0.0005625136141342958,0.02371736946067788,0.0005237875627632314,0.02288640563223573
2019-06-13,-0.0065450324832088,4.28374502062588e-05,0.0001241891190068,0.0005283894890924525,0.022986724192290916,0.0005435274864599216,0.023313675953395285,0.0005558240688880963,0.023575921379409465,0.000517712719813143,0.022753301294826275
2019-06-14,-0.0014936213854237,2.230904842995155e-06,0.0001870738846202,0.0004992563667592808,0.02234404544300966,0.0005221108794719498,0.022849745720072024,0.0005398840358797589,0.02323540479268134,0.00050150576817504,0.022394324463467077
2019-06-17,-0.058894703771179,0.0034685861322949,0.0012649579225681,0.00046943483904430367,0.02166644500245261,0.0005004116292126535,0.022369882190406223,0.0005103987652865811,0.02259200666799169,0.00048380812403698057,0.021995638750374597
2019-06-18,-0.0016923107459248,2.8639156607727734e-06,0.0003584737858126,0.0006493839166393412,0.025483012314860682,0.0006369594880666738,0.02523805634486685,0.0006722748283870429,0.02592826311936538,0.0006874368075219986,0.026219016143288035
2019-06-19,0.0451233349330897,0.0020361153554837,0.0003987816377981,0.0006105927165806271,0.02471017435350522,0.000606962293081937,0.02463660473932918,0.0006325110674237072,0.0251497727111739,0.0006572962259566876,0.025637789022392075
2019-06-20,0.0138683310799744,0.0001923306069437,0.0002455669064481,0.0006961240749148171,0.026384163335508994,0.0006710397306626636,0.02590443457523564,0.0006433575708689004,0.025364494295548264,0.0006667420002551762,0.02582134776217493
2019-06-21,-0.00670914711876,4.5012655061166486e-05,6.058360365669082e-05,0.000665896466836555,0.02580496980886734,0.0006471353107657472,0.025438854352461456,0.0006165673669912091,0.02483077459507071,0.0006413743018075443,0.025325368739813926
2019-06-24,-0.0231740335777499,0.0005370358322626,0.0004824874596363,0.0006286434381300316,0.025072762873884314,0.0006183054238081077,0.0248657480041946,0.0005969132764372348,0.02443180870171578,0.000617003033310353,0.024839545754911724
2019-06-25,0.0238770644673319,0.0005701142075771,0.0010171956373161,0.0006231469817779905,0.02496291212535089,0.0006138044000029434,0.024775076185613303,0.0006315917834367388,0.02513148987697981,0.0006255149763782313,0.025010297406832877
2019-06-26,0.0249864905824302,0.0006243247116258,0.000694871103112,0.0006199650153259384,0.024899096676906544,0.0006111247931887809,0.024720938355749785,0.0006172359641690316,0.024844234022586238,0.0006099183916981278,0.024696525903416613
2019-06-27,0.0001958877836853,3.8372023797153644e-08,0.0001323782603815,0.0006202265971039345,0.024904348959648284,0.000611089689741395,0.024720228351319793,0.0006051131318739712,0.024599047377367504,0.0005963738701686105,0.02442076719041829
2019-06-28,-0.0124129014143093,0.0001540801215213,0.000383821068922,0.0005830153035991262,0.02414570983837763,0.0005828403520665754,0.024142086738030234,0.0005660664806244763,0.02379215166025293,0.0005721659534339429,0.023919990665423406
2019-07-01,0.0050428342008232,2.5430176776993084e-05,0.0001905857530193,0.0005572791926744603,0.023606761588037872,0.0005636015485552209,0.023740293775672217,0.0005673187171207155,0.023818453289848933,0.000559367789663104,0.02365095747878094
2019-07-02,0.0036426511318006,1.326890726800862e-05,0.0001088789448642,0.0005253682517206121,0.022920912977466935,0.000539942784623562,0.02323666896574382,0.0005366419036821874,0.023165532665626046,0.0005381151095352189,0.0231973082390009
2019-07-03,0.0029437279089763,8.665534002086103e-06,0.0001444491577211,0.0004946422910534559,0.0222405550976916,0.000517449616993919,0.02274751891951997,0.0005069480966132551,0.022515507913730373,0.0005180638628337609,0.022761016296153406
2019-07-04,-0.0040298754416602,1.6239896075296034e-05,0.0001151090910602,0.0004654836856303736,0.021575070929903652,0.0004963791448604043,0.022279567878673148,0.0004789089647447281,0.021883988775923097,0.0004992734921405047,0.02234442865997036
2019-07-05,-0.0348209700424253,0.0012124999546954,0.0008191722912475,0.00043852905825706893,0.02094108541258234,0.0004771786372530032,0.021844418903990172,0.00046110245394528324,0.021473296299014812,0.00048261539001933675,0.021968509053172835
2019-07-08,-0.0217674378205831,0.0004738213492729,0.0003306170939448,0.00048496731204337366,0.02202197339121482,0.000513439280494585,0.022659198584561304,0.0005355838901105945,0.02314268545589717,0.0005430466838163296,0.02330336207109029
2019-07-09,0.0008542351520906,7.297176950674058e-07,0.0001475238983491,0.0004842985542771483,0.02200678427842533,0.000513683883950359,0.022664595384660167,0.0005674976983124041,0.02382221018949342,0.0005525093801803417,0.02350551807938599
2019-07-10,-0.0295716237508253,0.0008744809312603,0.0011735004095635,0.0004552844240822234,0.021337394969447965,0.0004925277418507641,0.02219296604446472,0.000532349357368016,0.023072697227849544,0.0005312592770341444,0.02304906238948006
2019-07-11,0.0157071583533776,0.000246714823538,0.0002791822493064,0.0004804362145129125,0.02191885522815716,0.0005123976324957505,0.022636201812489445,0.0005897129242946679,0.024284005524103057,0.0005669580868173897,0.023810881689206507
2019-07-12,0.0233190737523046,0.0005437792006654,0.0006024466506756,0.0004664129310544225,0.021596595357935993,0.0005024528911954704,0.02241546098556687,0.0005689579697527137,0.023852839867670134,0.0005492978858786586,0.02343710489541442
2019-07-15,-0.0097748734138286,9.554815025637487e-05,0.0003613163905609,0.0004710549072310824,0.021703799373176173,0.0005066559978428226,0.022509020366129277,0.0005580624457740053,0.023623345355262563,0.000538330218051016,0.02320194427307798
2019-07-16,0.0177782464577469,0.0003160660471123,0.0003413756089238,0.00044852450181259983,0.021178397054843406,0.000490295026267704,0.02214260658250749,0.0005516840951648002,0.023487956385449975,0.0005240865409055489,0.022892936484984815
2019-07-17,-0.0020999843688076,4.4099343492364364e-06,0.0002048716558759,0.00044057699453058726,0.020989926024895543,0.0004850872983146865,0.02202469746250074,0.0005358570427810797,0.0231485861940007,0.0005105902763487128,0.022596244739972012
2019-07-18,-0.0193150531111712,0.0003730712766873,0.0002163209753876,0.00041440697091970615,0.020356988257591205,0.0004661707566843563,0.021590987858001225,0.0005084204438389264,0.022548180499519833,0.0004924210954389205,0.022190563206888655
2019-07-19,-0.0184940212750726,0.0003420288229228,0.0006561200153774,0.00041192682926576566,0.02029598061848123,0.00046528859335199943,0.021570549213035802,0.000533494927775307,0.023097509124910136,0.0004988843758437131,0.022335719729700075
2019-07-22,0.0162412012621772,0.0002637766184385,0.00044336079141,0.00040773294888519,0.02019239829453624,0.00046306731609513586,0.021518998956622862,0.0005551515247742718,0.023561653693539252,0.0005029423051456384,0.022426375211915955
2019-07-23,-0.012319091998573,0.0001517600276693,0.0002098035996311,0.00039909556905839136,0.019977376430812713,0.00045747020315814886,0.021388553087063857,0.0005374233622823362,0.023182393368294314,0.000489896314475957,0.022133601480011266
2019-07-24,-0.030581560212863,0.0009352318250529,0.0006960928510389,0.00038425543657504615,0.0196024344553182,0.00044721590540054164,0.021147479882968126,0.0005399204168220883,0.02323618765680137,0.00048247427155592086,0.02196529698310316
2019-07-25,-0.0127489861277399,0.0001625366472853,0.0003392208797646,0.0004173140198837213,0.020428265219634322,0.0004731167633576533,0.02175124739773913,0.0006005918476727482,0.024506975490107878,0.0005253065477550646,0.0229195669190119
2019-07-26,0.0116274234627624,0.0001351969763823,0.0002909135791466,0.0004020273775278163,0.020050620377629624,0.0004622151722425552,0.021499190036895696,0.0006010015469360402,0.024515332894660846,0.0005161915053043247,0.022719848267634287
2019-07-29,-0.0274206371517691,0.0007518913418089,0.0004166117653209,0.00038601755345909117,0.019647329423081682,0.0004508682385557019,0.021233658152934973,0.0005748795606423416,0.023976646150834807,0.0004998724280066266,0.02235782699652689
2019-07-30,-0.0433775156786972,0.0018816088664556,0.0025593531223219,0.0004079699807600845,0.020198266776139097,0.00046821759441373123,0.02163833622101596,0.0006244251333849354,0.024988500022709154,0.0005298931968378649,0.02301940913311775
2019-07-31,0.0401421565534623,0.0016113927327626,0.001179470369825,0.0004963883139018168,0.022279773650147723,0.0005353706060702484,0.023138076974334933,0.0007311342749618082,0.027039494724602535,0.000629643487749039,0.025092697896978693
2019-08-01,-0.0282864474832691,0.0008001231112237,0.0005886068449591,0.0005632885790334684,0.02373370133446253,0.0005854416535554189,0.02419590158591779,0.0007304474256102863,0.027026790886272207,0.0006330724991639371,0.025160932001099187
2019-08-02,-0.0262953277796459,0.000691444263039,0.0003365509726332,0.0005774986509648847,0.024031201613004805,0.0005952144012175164,0.02439701623595632,0.0007792488139171419,0.02791502845990206,0.0006572134693156517,0.02563617501336055
2019-08-05,-0.0243717864238193,0.0005939839734882,0.0004651993458246,0.0005843353876893326,0.024173030171853356,0.0005993665057357722,0.024481962865255967,0.0008188925780733813,0.02861629916801579,0.0006728317726304439,0.02593900099522809
2019-08-06,0.0058687893125158,3.444268799470006e-05,0.0004623810707835,0.0005849143028372685,0.024185001609205413,0.0005988125268295254,0.024470646228277777,0.0008495656372114267,0.029147309261944348,0.0006812120665111122,0.02610003958830546
2019-08-07,-0.0502977243209917,0.0025298610718704,0.0010317973369699,0.0005518860059467144,0.023492254169123795,0.0005730083088499244,0.023937591960135098,0.0007959652433134888,0.02821285599356238,0.0006519460099024202,0.025533233440017348
2019-08-08,-0.038707470461684,0.0014982682695421,0.0009412519767408,0.0006705645099021405,0.025895260375252853,0.0006618639641636796,0.025726716933252087,0.0009325772704254611,0.030538128142135055,0.0007846704646202873,0.02801197002390741
2019-08-09,-0.013840789597578,0.0001915674566844,0.0004382284508556,0.0007202267354805404,0.02683704036365673,0.0006976511570775312,0.026413086852496645,0.0010182396552595627,0.03190986767850288,0.0008429705365041297,0.029033954889131616
2019-08-13,-0.0383986617582381,0.0014744572248235,0.0014060409164405,0.0006885071787527734,0.026239420320441027,0.0006717829082028729,0.02591877520645744,0.000995650109929442,0.031553923843627464,0.0008143716605836107,0.028537197840425937
2019-08-14,0.0447261455276744,0.0020004280937627,0.0008284817855008,0.0007356641815170216,0.027123130009588155,0.0007057747524555025,0.026566421521452648,0.0010783939273407241,0.03283890874162423,0.0008691654674395325,0.029481612361598075
2019-08-16,-0.0043973109881728,1.933634392670563e-05,0.0003625461501588,0.0008115500162517628,0.02848771693645812,0.0007610752502832756,0.027587592324870895,0.001061808447625159,0.032585402370158924,0.0008637250953972831,0.02938920031911864
2019-08-19,-0.0096873688835357,9.384511588569674e-05,0.0002642909115704,0.0007640171959122594,0.027640860983555837,0.0007228241566039058,0.026885389277522202,0.0009977739097210352,0.031587559413810924,0.0008227948919489932,0.028684401544201567
2019-08-20,-0.0036223044010526,1.3121089173885204e-05,0.0002136222929749,0.0007238068711106655,0.026903659065462927,0.0006907139592998604,0.026281437542491095,0.0009601014685861678,0.03098550416866196,0.0007893445178020772,0.028095275720342688
2019-08-21,-0.0435006549883395,0.0018923069844145,0.0007872433436676,0.0006811657241944586,0.026099151790708805,0.0006572831587221878,0.025637534177884343,0.0009021297457005026,0.03003547478733277,0.0007530134048263551,0.02744108971645177
2019-08-22,-0.0274879993673555,0.0007555901092197,0.0008616214621093,0.000753834199807664,0.027456041226070156,0.0007112124031812977,0.026668565825355095,0.0010091621887826903,0.03176731321315497,0.0008384631375737733,0.028956227958312757
2019-08-23,0.034026457869332,0.0011577998351334,0.0010821678265654,0.0007539395543723883,0.027457959763470926,0.0007098539137915796,0.026643083789073284,0.0010438963780385535,0.03230938529341828,0.0008459863192273794,0.029085843966221426
2019-08-26,-0.0210750174732966,0.0004441563614997,0.0020766691926646,0.0007781711712180505,0.02789571958595172,0.0007267731742342338,0.026958730946285914,0.0010136394056602875,0.0318377041518431,0.0008264818771208322,0.028748597828778227
2019-08-27,0.0373073791096252,0.0013918405360292,0.0006327708482748,0.0007581302826349529,0.02753416573341115,0.0007102101998110471,0.026649769226224963,0.0010210855310684283,0.03195442897421934,0.0008150312120115661,0.028548751496546503
2019-08-28,-0.0405667773649057,0.0016456634257738,0.000943945587826,0.0007961528978386136,0.028216181489326538,0.0007376819079599273,0.02716030021851613,0.0009973776227413685,0.0315812859576897,0.0008019435974849631,0.02831860867848142
2019-08-29,-0.0041633910553797,1.7333825080016443e-05,0.0006322439836249,0.0008471235295147264,0.029105386606515408,0.0007746343126337488,0.02783225310020281,0.0010897525689600683,0.03301140059070606,0.0008684446139500331,0.029469384349694736
2019-08-30,0.0274835288556662,0.0007553443583602,0.0003265222744111,0.0007973361472486438,0.028237141272597757,0.0007353096724278864,0.027116594041801903,0.001022261103338398,0.03197281819512315,0.000827070374782493,0.02875883124854856
2019-09-03,-0.039928489235644,0.0015942842526409,0.0004743274978468,0.0007948166399153394,0.028192492616215037,0.0007321930168038849,0.027059065335001593,0.0009840258018583763,0.031369185546621645,0.0008013753731131138,0.028308574197813526
2019-09-04,0.0234111958478757,0.0005480840910275,0.0006021210230836,0.0008427846966788755,0.02903075432500636,0.0007672211082579103,0.027698756438835126,0.0010738617688805735,0.032769830162522565,0.0008646515975553039,0.029404958723917705
2019-09-05,0.017241853776535,0.0002972815216514,0.0002845844406044,0.0008251026603397984,0.028724600264229936,0.000752423020456296,0.027430330301625897,0.0010254674411827149,0.03202292055985392,0.000832591344880851,0.028854658980498295
2019-09-06,0.0292648675062695,0.0008564324701595,0.0006613411313863,0.0007934333920184954,0.028167949730473735,0.0007273619089749517,0.02696964792085636,0.0009721239393183689,0.031178902150626936,0.0007980342993577306,0.028249500869178743
2019-09-09,-0.0045122149527067,2.036008377943001e-05,0.0004452648028054,0.0007972133367069562,0.02823496656110923,0.0007293904950640329,0.027007230421945024,0.0009403406155444849,0.030664973757440015,0.0007761626657449684,0.02785969608134605
2019-09-11,0.03676638900164,0.0013517673602199,0.0005018623977178,0.0007506021415313046,0.027397119219569502,0.0006934828263491944,0.02633406209359267,0.0008874561621255195,0.02979020245190555,0.0007411762905235614,0.027224553082163927
2019-09-12,-0.0054638778468731,2.985396112555133e-05,0.0007126779517081,0.0007866720546526213,0.02804767467460754,0.0007203560279820251,0.02683944909982366,0.0008723446858859582,0.02953548181232123,0.0007323043279456554,0.027061122074770946
2019-09-13,0.0062808307088468,3.944883439319368e-05,0.0003548996975607,0.000741262969040997,0.02722614495372044,0.0006855324692318238,0.02618267498235854,0.0008287417369298579,0.028787874824826126,0.0007008654659156269,0.02647386382671836
2019-09-16,-0.0171601288999057,0.0002944700238613,0.0001670013130775,0.0006991541209621287,0.02644152266723928,0.000653667301573462,0.025566918108631355,0.0007775090892910885,0.027883849972539454,0.0006703727106214745,0.02589155674387839
2019-09-17,-0.0457554180208113,0.0020935582782591,0.0016519158794564,0.0006748730751360836,0.025978319328549406,0.000635638931619921,0.02521188076324178,0.0007831593385883538,0.027984984162731874,0.0006598968429508868,0.025688457387528875
2019-09-18,0.0378314665294279,0.0014312198597672,0.0007352505839441,0.0007599941873234697,0.027567992080009558,0.00070023363645924,0.02646192805634616,0.0009004492863297677,0.030007487171200584,0.0007643791695486476,0.027647408007779817
2019-09-19,-0.0387016274833612,0.0014978159698608,0.0007578193614578,0.000800267727670095,0.0282890036528347,0.0007302085328742625,0.02702237097062844,0.0008859420906746814,0.02976477936546282,0.000755422256236972,0.027484945992978994
2019-09-20,0.0670469244617395,0.0044952900797782,0.0037426723434184,0.000842120622201541,0.029019314640451814,0.0007610202824361319,0.02758659606468569,0.000972566325502013,0.03118599566315004,0.0008156572858265904,0.028559714386292283
2019-09-23,0.023596864177305,0.0005568119990021,0.0009902077943782,0.0010613107896561408,0.03257776526491866,0.0009250793761241863,0.030415117558940757,0.0009963782924107753,0.031565460434005634,0.0008600580649690974,0.029326746580026524
2019-09-24,-0.0175103126245087,0.000306611048208,0.0003181723457266,0.0010310408622169031,0.03210982501068642,0.0008992310082837302,0.02998718073250185,0.0009545797511873827,0.03089627406642074,0.000828468009600486,0.028783120220026288
2019-09-25,-0.023880578625091,0.0005702820354691,0.0002964991634525,0.0009875750733763706,0.03142570720566795,0.0008639479573493771,0.029392991636602372,0.0009510538001702551,0.03083916017290768,0.0008081488958596716,0.028427959755488463
2019-09-26,0.0371416431176594,0.0013795016534795,0.0006697663006884,0.0009625374911019375,0.031024788332911113,0.000843140459114236,0.02903688101560214,0.0009735310075655492,0.031201458420489728,0.0008059389548426971,0.02838906400082076
2019-09-27,-0.0437925572000949,0.0019177880661235,0.0006479461214131,0.0009875553408445958,0.03142539324884568,0.0008604169883044445,0.02933286532721351,0.0009529810837261355,0.030870391700238198,0.0007932330482117621,0.028164393269015438
2019-09-30,0.0023605782021435,5.572329448435339e-06,0.0009398513739358,0.0010433693043613351,0.03230122759836435,0.0009007706795994245,0.030012841911412264,0.0010606288983701256,0.03256729799001025,0.0008776007222652464,0.029624326528467214
2019-10-01,-0.0251401395480028,0.000632026616493,0.0012192893340599,0.000981101485866561,0.031322539582009645,0.0008517695165031943,0.029185090654359706,0.000982738449479807,0.03134865945267528,0.0008346142320559618,0.02888969075736121
2019-10-03,-0.0345834691215362,0.0011960163364802,0.0003335159779666,0.0009601569937041506,0.030986400141096587,0.0008346357183789009,0.028890062623312205,0.0010088334032605853,0.031762137888696744,0.0008345486657349148,0.028888555964861153
2019-10-04,-0.0193256700671004,0.0003734815235424,0.0005928831034089,0.0009743085542707165,0.03121391603549155,0.0008442355904219112,0.029055732488132376,0.0010743187580460197,0.03277680213269775,0.0008703048473914164,0.029500929602156886
2019-10-07,-0.0252330351670988,0.000636706063744,0.000716994644965,0.0009382589324270187,0.030631012592257194,0.0008159621647688581,0.028565051457486612,0.0010706845767304001,0.03272131685507782,0.0008514236188383029,0.02917916412165199
2019-10-09,0.035239747620898,0.0012418398123845,0.0010374284493163,0.0009201657603060403,0.030334234130863436,0.0008016359133282778,0.028313175613630445,0.001092614900423535,0.03305472584099791,0.000850526672946466,0.02916379044202701
2019-10-10,-0.019508383300843,0.0003805770190126,0.0001410105304974,0.0009394662034307531,0.03065071293511381,0.0008156994307524675,0.02856045221547564,0.0010605087699027405,0.032565453626546344,0.0008322752954757693,0.02884918188572718
2019-10-11,0.0270591500692445,0.0007321976024698,0.0003463981767154,0.0009059328523656645,0.03009871845055308,0.0007898155900019365,0.028103657946999292,0.0010585262922153192,0.032535001032969385,0.0008163979296991667,0.028572678028129718
2019-10-14,0.0171093621584309,0.0002927302734683,0.000286314352802,0.0008955087373719182,0.0299250520028273,0.0007817010426531014,0.027958917050792603,0.0010167895025661468,0.03188713694526598,0.0007909903756733636,0.02812455111949991
2019-10-15,0.0125352299060705,0.000157131988798,0.0011471020155448,0.0008593420295377039,0.029314536147408234,0.0007543115570825869,0.02746473296943895,0.0009639966531100164,0.031048295494439247,0.0007591419892888188,0.02755253144973831
2019-10-16,-0.0051678465834857,2.6706638310444968e-05,0.0002158405832339,0.0008172094270933243,0.02858687508443909,0.000722778983548874,0.026884549160230937,0.0009092967216229711,0.03015454727935691,0.0007269181936815251,0.026961420468542177
2019-10-17,0.0247347588112927,0.0006118082934528,0.001292912049255,0.0007697792597663515,0.027744896103001567,0.0006876375057162701,0.02622284320428031,0.0008615151776209695,0.029351578792647073,0.0006956410715165375,0.026375008464767126
2019-10-18,0.0097805719465733,9.565958760209843e-05,0.0003450664679762,0.0007603010017875397,0.027573556204950056,0.0006814894866944725,0.026105353602172726,0.0008318250083818451,0.02884137667279156,0.0006761092305775729,0.02600210050318191
2019-10-22,-0.0142837661251262,0.0002040259747173,0.0003275618078362,0.0007204225169364131,0.026840687713551848,0.0006524580756948323,0.02554325890905137,0.0007848246365214572,0.02801472178197487,0.0006483205837533632,0.02546214020370957
2019-10-23,0.0047839390675829,2.2886073002346448e-05,0.0002597814123214,0.0006894387244032665,0.026257165201203015,0.0006304294434909346,0.025108354057781935,0.0007795960980566908,0.02792124814646886,0.0006335814252586968,0.025171043388359904
2019-10-24,0.0103338270921487,0.0001067879823704,0.0001893461627491,0.0006494455653192113,0.02548422188961655,0.000601810649157553,0.024531829307199104,0.0007307835988532066,0.027033009430198603,0.0006072989886430941,0.024643437029827922
2019-10-25,0.0065083744523672,4.2358938012226706e-05,0.0004568464337653,0.0006168861103422841,0.024837192078459355,0.0005790589621537217,0.02406364399158452,0.0006929212507504523,0.026323397401369988,0.0005843364542918084,0.02417305223367145
2019-10-27,0.0075627049191663,5.71945056943834e-05,1.631053609759238e-05,0.0005824144800024806,0.024133265009162783,0.000555044685353425,0.02355938635349879,0.0006536093905421814,0.025565785545180915,0.0005617212327052459,0.023700658908672685
2019-10-29,0.0667620779294219,0.0044571750494542,0.002876912037352,0.0005509012815439947,0.023471286320608735,0.0005334419950195201,0.02309636324228384,0.0006187621628231791,0.024874930408408765,0.0005408993794689114,0.023257243591382697
2019-10-30,-0.005654085991445,3.19686883986547e-05,0.0002106260387904,0.0007852777076186074,0.028022806918983106,0.0007122778368324119,0.026688533808218316,0.0006568198001492586,0.025628495862013802,0.0006030404424598734,0.024556881773952356
2019-10-31,-0.0193877171776258,0.0003758835773596,0.0004747898376114,0.0007400791664654102,0.027204396087129195,0.000678135531580872,0.026041035532038122,0.0006309008980533063,0.025117740703600438,0.0005804144688594063,0.024091792562186118
2019-11-01,0.0485962035245039,0.002361590996995,0.0014678358022563,0.0007182274311190619,0.026799765504926753,0.0006620129751869948,0.025729612806783448,0.000651593896498377,0.02552633731067536,0.000581148603874037,0.024107023953073035
2019-11-04,0.0238679667828843,0.0005696798383488,0.0007420175705752,0.0008168292450716186,0.02858022472045345,0.0007368102198802973,0.027144248375674307,0.0006657751334311899,0.025802618732043262,0.0006017403471476325,0.02453039639197933
2019-11-05,-0.0127907028556492,0.0001636020795415,0.0005709090879118,0.0008020002806682536,0.028319609472382448,0.00072519302433911,0.0269294081691208,0.0006490990381516794,0.02547742212531871,0.0005877319041574269,0.024243182632596463
2019-11-06,0.0012370839986363,1.5303768196820986e-06,0.000230159474879,0.0007636963886006491,0.02763505723896097,0.0006960639905879944,0.026383024667160405,0.0006468777353245065,0.02543379121020904,0.0005744933770621868,0.023968591470134134
2019-11-07,-0.0033434267016931,1.1178502109594712e-05,0.0009119275900162,0.0007179664278937909,0.02679489555668749,0.0006617214289513501,0.025723946605281045,0.000605394457573711,0.02460476493636367,0.0005517821427898865,0.02349004348207739
2019-11-08,-0.0128584635535168,0.0001653400849571,0.0002768766179337,0.0006755591523467391,0.0259915207778756,0.000630304792892224,0.02510587168158525,0.000576194069052096,0.024004042764753108,0.0005312772522429028,0.02304945231980367
2019-11-11,0.0087566726788899,7.667931640521789e-05,0.0002155222039738,0.000644946008303362,0.025395787215665554,0.000608133737286557,0.024660367744349574,0.000578286037232665,0.024047578614751736,0.000521939383592324,0.022845992725034386
2019-11-13,-0.0088822502469603,7.889436944962635e-05,0.0005858342758438,0.0006108500067894732,0.024715379964497273,0.0005835627594052347,0.0241570436809895,0.0005507468648358641,0.023467996608911128,0.0005041496266656191,0.022453276524053656
2019-11-14,-0.0150663439471243,0.000226994719933,0.0002009177995829,0.0005789326685490823,0.024061019690550987,0.000560873301185026,0.02368276379954472,0.000542121803558311,0.02328350926210031,0.0004911431512870207,0.022161749734328755
2019-11-15,0.0064846851015573,4.205114086636008e-05,0.0003522765878488,0.0005578163916321203,0.02361813692127557,0.0005465227422650193,0.023377825866941076,0.0005527809152462052,0.023511293355453784,0.0004884153339453182,0.022100120677166407
2019-11-18,0.0386600728488704,0.0014946012326799,0.0006081983546413,0.0005268704765861746,0.022953659328877708,0.0005248534384352236,0.022909680015993753,0.0005247883331828704,0.0229082590604976,0.0004722344103046795,0.02173095511717512
2019-11-19,-0.0204492465744864,0.0004181716854641,0.0004792571822829,0.0005849343219518021,0.024185415480239367,0.0005704081878910305,0.02388321979740233,0.0005333328114773578,0.023093999469068968,0.00048406660586400145,0.02200151371756047
2019-11-20,-0.0076207688991997,5.807611861501042e-05,0.0002787476338949,0.0005749285637625426,0.0239776680217769,0.000564007250895822,0.023748836832481333,0.0005611344959664198,0.02368827760658043,0.0004939549902051886,0.02222509820462417
2019-11-21,-0.034706071296128,0.0012045113848119,0.0005959787324948,0.0005439174170536905,0.02332203715488187,0.0005417946196287818,0.023276482114546044,0.0005480566804407633,0.023410610424351674,0.0004803108612803039,0.021915995557589985
2019-11-22,0.0379614157444987,0.0014410690853266,0.000906887136476,0.0005835530551191844,0.024156842821842103,0.0005730095152730681,0.023937617159464058,0.0006227554722410802,0.024955069069050484,0.0005403895469398215,0.023246280281796088
2019-11-25,0.0475990526265643,0.0022656698109464,0.000688657006821,0.0006350040169316338,0.025199286040116967,0.000612653365403311,0.024751835596644362,0.0006255061761514113,0.02501012147414345,0.0005466535501123804,0.023380623390157507
2019-11-26,0.0110236157174073,0.000121520103485,0.0003174931709024,0.0007328439645725221,0.02707109093798257,0.0006866937058391933,0.02620484126720086,0.0006396901658387151,0.025292096904739138,0.0005677830947153358,0.023828199569319874
2019-11-27,-0.0066232512514241,4.386745713949116e-05,0.0001225872218921,0.0006961645329072748,0.026384930034155384,0.0006584538429279715,0.025660355471582453,0.0006099153317570257,0.02469646395249785,0.0005477466974936334,0.023403988922695067
2019-11-28,0.02519320828832,0.0006346977438586,0.0002903898594294,0.0006570267083612077,0.02563253222686373,0.0006287515980841026,0.025074919702445762,0.0005904633265032109,0.024299451156419374,0.0005295887212546297,0.023012794729337628
2019-11-29,-0.010702690109457,0.000114547575579,0.0001407053902803,0.0006556869704910558,0.025606385346062726,0.0006279073914649904,0.025058080362729114,0.0005802982438606588,0.024089380312923344,0.0005216297071944037,0.022839214242053155
2019-12-02,-0.0156778440786235,0.0002457947949536,0.0001274215738435,0.0006232186067963366,0.024964346712788955,0.0006036144050769583,0.024568565384998742,0.0005754382913061499,0.023988294881173818,0.0005097138761427745,0.022576843803835258
2019-12-03,-0.0516874211437806,0.0026715895044945,0.0010662869543301,0.0006005731780857742,0.024506594583617165,0.0005870148387034139,0.02422838910665366,0.0005864590171960559,0.024216915930730235,0.0005069331855472968,0.022515176782501548
2019-12-04,0.0238593436914517,0.0005692682813868,0.0011354452656834,0.0007248341576703001,0.026922744244788646,0.000681260923193754,0.026100975521879524,0.0007241895763442573,0.026910770638245523,0.0006583943495833028,0.02565919619908821
2019-12-05,-0.0234840753013778,0.0005515017927607,0.0004797476270504,0.0007155002050932911,0.026748835583877126,0.0006736524652622019,0.025954815839496954,0.0007034327806647921,0.02652230722740373,0.0006405746104445595,0.025309575469465297
2019-12-06,0.008592301788495,7.38276500245749e-05,0.0004186783104135,0.0007056603003533406,0.0265642673596194,0.0006657926047606099,0.02580295728711362,0.0007355018285076873,0.02712013695591686,0.0006484226833478425,0.025464145054327713
2019-12-09,0.0085189885574741,7.257316604237509e-05,0.0002114014486438,0.0006677503413336146,0.025840865723377276,0.0006369124521452854,0.025237124482501674,0.0006951334317594969,0.026365383209039403,0.0006220881596488047,0.02494169520399134
2019-12-10,-0.0114992138150428,0.000132231918364,0.0001944072473052,0.0006320397108161401,0.0251403999732729,0.0006100694178293437,0.02469958335335525,0.0006580120404042417,0.025651745367601047,0.0005974984422726358,0.02444378125971176
2019-12-11,0.0086677595416105,7.513005547118116e-05,0.0001359963390904,0.000602051243269016,0.024536732530412764,0.0005878689944615404,0.02424600986681191,0.0006509957750146375,0.025514618849095855,0.0005816119764378806,0.0241166327756982
2019-12-12,0.0319105570208633,0.0010182836493817,0.0004187461104925,0.0005704359720011458,0.023883801456241128,0.0005646971918273644,0.023763358176557545,0.0006176279950673067,0.024852122546521187,0.0005597871693442596,0.023659821836697327
2019-12-13,0.022902711850322,0.0005245342100988,0.0002436387195121,0.0005973068326439832,0.024439861551244172,0.000585834438382519,0.02420401698856037,0.0006135322261787298,0.02476958268075443,0.0005569114279659067,0.02359897090904404
2019-12-16,-0.0174246945405416,0.0003036199798311,0.0002790205183562,0.000592940475291277,0.024350369099692862,0.0005831225159562917,0.024147929848255974,0.0005992546932119863,0.024479679189319176,0.0005450758426077261,0.023346859373537292
2019-12-17,0.0427773950419045,0.0018299055265711,0.000685412494858,0.0005755812455636711,0.023991274363061064,0.000570622226331245,0.023887700314832422,0.0006148093664746017,0.024795349694541547,0.0005435933105170023,0.023315087615469136
2019-12-18,0.0121021512223393,0.0001464620642083,0.0006392874908802,0.0006508407024241201,0.02551157977123565,0.0006280139627142508,0.025060206757212735,0.000623708810757494,0.024974162863997944,0.0005568503022138406,0.023597675779911897
2019-12-19,0.0044867781632912,2.013117828658737e-05,0.0002381182784693,0.0006205779841311751,0.02491140269296723,0.0006051557355212068,0.024599913323449064,0.0005963932252622775,0.02442116347069233,0.0005380102801510013,0.023195048612818236
2019-12-20,0.0313989398714985,0.0009858934250539,0.0007237285190448,0.0005845511757804997,0.02417749316576265,0.0005782447750045826,0.02404672067049024,0.0005627624976314101,0.02372261574176444,0.0005180932814018561,0.022761662535980453
2019-12-23,0.0024914056421186,6.207102073580586e-06,0.0001843239484976,0.0006086317107369084,0.024670462312995037,0.0005969358298788642,0.024432270256340573,0.0005612543433423806,0.02369080714839367,0.0005174163704937615,0.0227467881357734
2019-12-24,0.0018376580529481,3.3769871195653212e-06,4.745720034678682e-05,0.0005724862342171088,0.02392668456383184,0.0005699914680320647,0.023874494089552237,0.0005283573562350004,0.02298602523784833,0.0004986238981242048,0.022329888000708932
2019-12-26,0.0105274030318261,0.0001108262145945,0.0001336794456138,0.0005383396793912561,0.023202148163289884,0.0005448726630307483,0.023342507642298168,0.0004974699298441179,0.022304033936580123,0.0004810406614030546,0.021932639180068016
2019-12-27,0.0034138611669693,1.1654448067341492e-05,0.0001220599904026,0.0005126888715034508,0.022642633934757916,0.0005264315176093558,0.022944095484663495,0.0004778248061629451,0.021859204152094493,0.00046662978555118853,0.02160161534587607
2019-12-30,0.0111198672909563,0.0001236514485684,0.0002042233122199,0.00048262680609728413,0.021968768879873177,0.0005048449495046111,0.022468754961159087,0.00045254336538535795,0.02127306666621806,0.00045134803081407846,0.021244953066883402
2019-12-31,-0.0057032031084046,3.252652569571695e-05,5.436992096105967e-05,0.00046108828464555584,0.02147296636810005,0.0004898855051526757,0.022133357295102695,0.00043664835223794236,0.020896132470817234,0.0004391684234928209,0.02095634566170402
2020-01-01,-0.009151067767158,8.374204127911984e-05,0.0002229134851867,0.00043537457910856545,0.02086563152910943,0.00047189191874480343,0.021723073418483018,0.00042617631179606185,0.02064403816592243,0.00042758000424581566,0.020678007743634676
2020-01-02,0.035905617538567,0.0012892133708258,0.0003910250712933,0.0004142766268387986,0.020353786547932514,0.00045751773459590364,0.021389664200166948,0.0004254972908648047,0.020627585677068575,0.00042002216288335186,0.02049444224377311
2020-01-03,-0.0023747186236592,5.639288541554083e-06,7.049458735769508e-05,0.0004667728314780217,0.021604926092861826,0.0004986711267448074,0.022330945495988463,0.0004355655565857885,0.0208702073920167,0.00043155241958124424,0.020773839789053065
2020-01-06,-0.0218409814932822,0.0004770284725898,0.0001425990254218,0.0004391048189018336,0.02095482805708111,0.00047882531871475164,0.02188207756852058,0.00041644212761913764,0.020406913721068592,0.00041876779750837223,0.0204638167874024
2020-01-07,0.0060040961180889,3.6049170195251365e-05,0.0001918979122692,0.0004413802381231173,0.021009051338009465,0.0004817244009830617,0.021948220907013438,0.0004513041763367985,0.02124392092662742,0.00043677807164046783,0.02089923614968901
2020-01-08,-0.0017870492441858,3.193545001145271e-06,0.0002007989484813,0.0004170603740474453,0.020422056068071237,0.0004644817149768267,0.021551837856127878,0.00043054958565948116,0.020749688808738342,0.0004239527363049877,0.020590112586020205
2020-01-09,0.0164862197618797,0.0002717954420369,7.374645954113545e-05,0.00039222836430466727,0.019804756103135108,0.0004470041049069872,0.021142471589362187,0.00041027646174108493,0.020255282316992893,0.0004115230237992424,0.02028603026220858
2020-01-10,0.0062930073144315,3.960194105948851e-05,0.0002918417876544,0.0003850023889686068,0.01962147774681119,0.00044293401766996865,0.021045997663925762,0.0004022570926472821,0.020056347938926522,0.00040476343954086203,0.020118733547141134
2020-01-13,0.0194516434381875,0.0003783664324463,0.0001273007129397,0.0003642783620940597,0.01908607770323855,0.000428664224926498,0.020704207903865773,0.00038532157503471325,0.019629609650594515,0.0003941533795456761,0.019853296440281047
2020-01-14,0.0057322823363883,3.285906078406968e-05,0.0001510539019904,0.00036512364631519913,0.019108208872502915,0.0004307406283732606,0.02075429180611231,0.00038151290706519225,0.019532355389588637,0.000390535535485539,0.01976197195336384
2020-01-15,0.0069950788344761,4.893112790053632e-05,0.0003036152458299,0.00034518777118333133,0.01857922956377178,0.0004170500919371446,0.020421804326188824,0.0003655345927227493,0.019118958986376566,0.0003807557195177961,0.01951296285851526
2020-01-16,-0.0154543916637422,0.0002388382216963,0.0002076358480888,0.0003274123725863636,0.018094539855612896,0.000405078555806635,0.02012656343757262,0.00035176840588568934,0.018755490019876562,0.0003719304432362035,0.019285498262585892
2020-01-17,0.0017178895688852,2.951144570884835e-06,7.201351993173341e-05,0.00032209792353296243,0.017947086770085066,0.0004025584669524516,0.020063859722208276,0.00037061540336569287,0.019251374064354287,0.000377958539126414,0.019441155807369426
2020-01-20,-0.0093316816778209,8.708028293617973e-05,0.0001673237308605,0.00030294911679523776,0.01740543354229471,0.0003895593533385727,0.019737257999493565,0.0003519003641211833,0.018759007546274492,0.0003684687040762739,0.019195538650328983
2020-01-21,-0.0299980462952933,0.0008998827815345,0.0003192956592995,0.0002899969867636942,0.017029297894032337,0.0003813051862888775,0.019527037314679294,0.00035534963502522097,0.018850719748201152,0.0003650915109847364,0.019107367976378548
2020-01-22,-0.0023126725409788,5.348454281797646e-06,7.024278914221289e-05,0.0003265901344499462,0.01807180495827537,0.00041038686736105293,0.020258007487436985,0.0004135475023791318,0.02033586738693808,0.0004135597791936261,0.020336169235960495
2020-01-23,0.0108865218999428,0.0001185163590779,0.0001197382957706,0.0003073156336398573,0.017530420235689084,0.0003969285472555354,0.019923065709261098,0.0003958494730689892,0.019895966251202508,0.00040196468664893236,0.020049057001488433
2020-01-24,0.0065375589367215,4.273967685110761e-05,0.0001167573707578,0.0002959876771661419,0.017204292405273224,0.00038956097374568885,0.019737299048899492,0.0003835425015173241,0.019584241152450204,0.0003930054127392777,0.01982436411941825
2020-01-27,-0.044305845280341,0.0019630079260055,0.0005110946473339,0.0002807927971472398,0.016756873131561264,0.00037930256224131946,0.019475691572863836,0.0003681388814976741,0.019186945601050578,0.000383242935481487,0.019576591518481633
2020-01-28,-0.0356590717977128,0.0012715694014744,0.0007063816353649,0.00038172570487873635,0.019537801945938963,0.0004565810501713052,0.021367757256467165,0.00046993977849627824,0.021678094438771094,0.0004980085279064996,0.022316104675917336
2020-01-29,0.0132452472709466,0.0001754365752685,0.0001780083855816,0.0004351163266744784,0.02085944214677081,0.0004970048720107169,0.022293606079114184,0.0005472728463911794,0.023393863434481688,0.0005611576776119986,0.023688766907798274
2020-01-30,-0.008104453478295,6.568216618184838e-05,0.0003061869120362,0.0004195355415901208,0.020482566772504877,0.00048495444326120786,0.022021681208781674,0.0005268815414562968,0.02295390035388968,0.0005425655818229109,0.023293037196186136
2020-01-31,-0.0222042993394346,0.0004930309091552,0.0005763239875514,0.0003983043390656244,0.019957563455132103,0.00046881694399088155,0.02165218104466341,0.0005174364395580484,0.022747229272112427,0.0005261408468060939,0.022937760283124723
2020-02-03,-0.0060589179543456,3.671048677749158e-05,0.0009893003628331,0.0004039879332709999,0.020099451068897375,0.00047316492163039346,0.021752354392809838,0.000551235266164449,0.023478399991576276,0.0005379585195960612,0.023193932818650252
2020-02-04,0.0357039063950324,0.0012747689318652,0.0007303080126256,0.00038195128648138934,0.01954357404574172,0.000456572690729922,0.021367561646802896,0.0005341679871292582,0.023112074487792268,0.0005200031889467725,0.022803578424159057
2020-02-05,0.0499593533474854,0.0024959369868989,0.0016858414322306,0.0004355203452044202,0.02086912420789191,0.0004971417324677307,0.022296675368039306,0.0005389868901309622,0.02321609118975376,0.0005245531008886066,0.02290312426042802
2020-02-06,0.0053532583688893,2.8657375164084376e-05,0.0003843954769351,0.0005591453437060891,0.023646254327188674,0.0005899644192254082,0.02428918317328535,0.000559620862073165,0.023656307025255757,0.0005514350322816911,0.023482653859427622
2020-02-07,-0.0139154619979677,0.0001936400826168,0.0001887790377033,0.0005273160655935688,0.022963363551395704,0.0005645402042775949,0.02376005480375824,0.0005298891482225074,0.023019321193782135,0.0005307747703154035,0.023038549657376513
2020-02-10,-0.0594839330683708,0.0035383382932824,0.0009563055554154,0.0005072955066149677,0.022523221497267387,0.0005484162157323968,0.023418288061521422,0.0005376034351990198,0.02318627687230142,0.0005232678880672804,0.022875049465898002
2020-02-11,0.0006756659210952,4.565244369294313e-07,0.0004004667273527,0.0006891580738150148,0.02625182039049892,0.000684636418852337,0.0261655578738986,0.0007034858929477388,0.026523308484194402,0.0007286770574667387,0.026994018920248587
2020-02-12,0.0086318524190863,7.450887618488624e-05,0.000256052012135,0.0006478359808523296,0.025452622278506584,0.0006510738228514799,0.02551614827616974,0.0006564091474754914,0.025620482967256716,0.0006955942497300435,0.02637412083331013
2020-02-13,-0.0150699745408065,0.0002271041326605,0.000277177312263,0.000613436354572283,0.024767647336238516,0.000623291576360311,0.024965808145548003,0.0006225650219942137,0.02495125291431702,0.000666105324321936,0.025809016337743986
2020-02-14,-0.0153007715349913,0.000234113609566,0.0002780173749211,0.0005902564212575793,0.024295193377653516,0.0006044206205402489,0.024584967369110925,0.0006292977023510121,0.025085806790912907,0.0006516377510067565,0.02552719630133236
2020-02-17,0.0052791616332641,2.7869547550128055e-05,0.0001179043740284,0.0005688878525560846,0.02385137003520101,0.0005872346317682662,0.02423292454014303,0.0006364419655264532,0.025227801440602257,0.0006385866608898456,0.025270272275736277
2020-02-18,-0.0125543206101155,0.0001576109659815,0.0003773503226182,0.0005364267542557272,0.023160888459981998,0.0005619727185724212,0.023705963776493484,0.0006004016733968126,0.024503095179932117,0.0006120605616039824,0.024739857752298866
2020-02-19,0.0041638960227246,1.7338030088062496e-05,0.0002057827436727,0.0005136978069592777,0.022664902535843336,0.0005444064129731075,0.02333251835900076,0.0006002020641255012,0.0244990216973148,0.0005968081658340753,0.02442965750545994
2020-02-20,0.0236110345091739,0.0005574809505934,0.0007303707824386,0.00048391622034700473,0.02199809583457179,0.0005217735491280824,0.02284236303730598,0.0005659059534168057,0.02378877788825659,0.0005728917848249285,0.023935157923542692
2020-02-24,-0.0654482643016704,0.0042834753001013,0.0009273456093952,0.0004883301041617885,0.022098192327921044,0.0005251952006941631,0.022917137707274073,0.0005555285986325262,0.023569654189922393,0.0005605940543335075,0.023676867494107145
2020-02-25,0.0139828403561785,0.0001955198244263,0.0002542551432862,0.0007160388159181596,0.026758901620174167,0.000696777976731778,0.026396552364499764,0.0007466277424814282,0.02732448979361606,0.0008108186825233446,0.028474878094968986
2020-02-26,-0.0119389372458867,0.0001425382225612,0.0001371769270803,0.0006848076764286525,0.02616883024570744,0.0006711516745964937,0.025906595194978704,0.0007119604139664132,0.026682586343276644,0.0007758370066626751,0.027853850840820468
2020-02-27,-0.0084430981950843,7.128590713183633e-05,0.0001668576021185,0.0006522715091966066,0.02553960667662301,0.0006449885997921404,0.02539662575603579,0.0007030442564815685,0.026514981736398924,0.0007486316737811055,0.02736113436575877
2020-02-28,-0.0781972705102528,0.0061148131152536,0.0013824113654646,0.0006174123730727203,0.0248477840676532,0.000617501860425204,0.02484958471333483,0.0006828924256450782,0.02613221050055043,0.0007187278399536581,0.02680909994672813
2020-03-02,-0.0474747293926016,0.0022538499309007,0.0033113767578773,0.0009472564176035764,0.030777531051134958,0.0008651660215184356,0.029413704654776753,0.0009395006401090605,0.030651274689791622,0.0010746385326008492,0.03278167983189466
2020-03-03,0.0625536727610798,0.0039129619759002,0.0010884341590006,0.0010256520284014068,0.032025802541098124,0.0009203648843174012,0.030337516119771594,0.0010638166319070195,0.032616201984704156,0.0011614553650387514,0.03408013152907059
2020-03-04,-0.0272020743815482,0.0007399528506592,0.0015577498350934,0.001198890625251338,0.03462500000362943,0.0010465511186408258,0.03235044232527317,0.001075763183531018,0.03279882899633793,0.0011718448161382095,0.03423221897771469
2020-03-05,-0.0037188555327527,1.3829886473485976e-05,0.0004528016971684,0.0011713543587758147,0.03422505454744835,0.0010201736998215654,0.031940158105769695,0.00110601463396342,0.033256798311975554,0.0011559921625956327,0.033999884743858066
2020-03-06,-0.0667140738903145,0.0044507676550423,0.0003940846247648,0.001101902890437675,0.033194922660516546,0.000962889013622659,0.03103045300382608,0.001035245211586882,0.03217522667498835,0.001095089876536523,0.033092142217398424
2020-03-09,-0.0867271325513586,0.0075215955205809,0.0010759544927791,0.0013028347763139555,0.036094802621900506,0.0011103002236581099,0.03332116780153586,0.001252181658232014,0.035386178915390316,0.0013200534874500851,0.036332540338518654
2020-03-11,-0.072533807635681,0.0052611532501299,0.003348492292642,0.001675960420969974,0.040938495587527074,0.001385820761302054,0.0372266136158267,0.001583906498595751,0.039798322811341574,0.0017249327123547683,0.04153230925863343
2020-03-12,-0.0418999894195904,0.0017556091133617,0.0027975810454971,0.0018910719907195741,0.04348645755542263,0.0015391974812637734,0.039232607372742555,0.001836696653342036,0.04285669904859724,0.0019590748272509564,0.044261437247913184
2020-03-13,0.1279933210243992,0.0163822902268549,0.024909695660952,0.001882944218078107,0.043392905158310235,0.0015230091609669345,0.0390257499731515,0.001902053204366692,0.043612534945433885,0.001954870075661378,0.04421391269342013
2020-03-16,-0.1205415743842969,0.0145302711550449,0.0036879498261715,0.002752904978604716,0.0524681329818845,0.002169097914806044,0.04657357528476898,0.0019922139482935987,0.04463422395755973,0.0021431419255904262,0.04629408089151815
2020-03-17,-0.0239376674248878,0.0005730119217445,0.0030786165734608,0.003459546949191133,0.058817913505930595,0.0026846366513153526,0.05181347943648788,0.0025760516444512612,0.05075481892836641,0.0029378607911770393,0.05420203678070631
2020-03-18,-0.0067423633565715,4.5459463632038875e-05,0.0013584474827312,0.0032863548475443364,0.057326737632141044,0.0025319521066465354,0.05031850660191075,0.0024790045747751974,0.04978960307910877,0.0027928384748340655,0.052847312844023255
2020-03-19,-0.032570253706586,0.0010608214265113,0.0028013444210142,0.003091901124509598,0.05560486601467176,0.002366492676568629,0.04864661012412508,0.00228561299228391,0.04780808500958713,0.0026240494232715244,0.05122547631083116
2020-03-20,0.0910037828430106,0.0082816884917378,0.0041013328835644,0.002970036342629705,0.05449803980538846,0.0022589218948166454,0.04752811688691911,0.0022663370933456817,0.04760606151894611,0.002531075305456413,0.050309793335457195
2020-03-23,-0.0935819820047144,0.0087575873559306,0.0030567299644896,0.003288735471576193,0.057347497517992826,0.0024855220735442406,0.04985501051593752,0.0022524401975237214,0.04745987987262211,0.0025304960700710246,0.05030403631987223
2020-03-24,0.0027621691788644,7.629578572668517e-06,0.0035696705114102,0.0036168665846374633,0.06014039062591349,0.0027172035710600266,0.052126802808728126,0.0026420642079433227,0.05140101368595101,0.0029326021947839883,0.05415350584019458
2020-03-25,0.0533507088334026,0.0028462981330265,0.0035735926164588,0.0034003123642735752,0.05831219738848447,0.002536603506225653,0.05036470496514055,0.0023961345580689438,0.048950327456197304,0.002751684047064819,0.05245649670979581
2020-03-26,-0.0082275470336977,6.769253019170944e-05,0.0010331923265355,0.0033670715103987507,0.058026472496600645,0.002497400434380826,0.049973997582551125,0.0022875629955677575,0.04782847473595366,0.0026355345092492874,0.05133745717552913
2020-03-27,-0.0256378284750922,0.0006572982489182,0.0019731641756549,0.0031691087715863277,0.05629483787689887,0.0023354509103848294,0.0483265031880523,0.0021229979399472326,0.04607600177909573,0.0024787185732775786,0.04978673089566716
2020-03-30,-0.0873886096096403,0.0076367690895061,0.0021019769866619,0.003018400140226243,0.054939968513153,0.0022118920402874483,0.04703075632272405,0.0020746635146174663,0.045548474339076016,0.002369875173431398,0.048681363717868444
2020-03-31,0.0594082688725803,0.0035293424104367,0.0008285029511863,0.0032955022771830357,0.05740646546498953,0.0024127525346255094,0.049119777428501335,0.002421239143736381,0.0492060884823858,0.002711585243667712,0.05207288395765797
2020-04-01,-0.0121280766030432,0.0001470902420892,0.0005059353466705,0.0033095326851782614,0.05752853800661252,0.002413401239780946,0.04912638028372278,0.00232389395892247,0.04820678332893069,0.002610789865106282,0.05109588892568835
2020-04-03,-0.0484616097806934,0.0023485276225362,0.0017115274713103,0.0031197861385929226,0.05585504577558703,0.0022611303346512603,0.04755134419394746,0.002178354355626789,0.04667284387764248,0.00246067756600075,0.04960521712482216
2020-04-07,0.0847756210982252,0.0071869059325898,0.0013533102474369,0.003073510627629519,0.05543925168713516,0.0022194006848321912,0.04711051565024725,0.002265002857106049,0.04759204615380651,0.002460450469176419,0.04960292803027276
2020-04-08,-0.0052636525063549,2.7706037707656325e-05,0.0031797511388375,0.0033203143459271385,0.05762216887559109,0.0023993836798417404,0.0489835041605002,0.0022372770183893415,0.047299862773472624,0.0024443182686960173,0.049440047215754325
2020-04-09,0.0361011061868162,0.0013032898679117,0.0006404565325312,0.0031227578474339697,0.05588164141678347,0.002242733069857743,0.04735750278316777,0.0020610379802879835,0.0453986561506834,0.0022978008857271275,0.04793538239888285
2020-04-13,-0.0081072330126995,6.572722712220471e-05,0.0014853315713296,0.003013589768662638,0.05489617262307672,0.0021550940931748053,0.04642299099772445,0.001946933995515396,0.04412407501030923,0.0021835207688880127,0.046728158201324525
2020-04-15,0.0091597310219566,8.390067239459442e-05,0.0008180218180299,0.0028367180161702117,0.05326084881195766,0.0020178730447752064,0.04492074181016167,0.001816204239971546,0.04261694780215432,0.0020569275638035868,0.0453533633130288
2020-04-16,0.0130652887739385,0.0001707017707464,0.0011314937352581,0.002671548975543674,0.05168702908412975,0.0018914219719606048,0.04349048139490531,0.0016738463376547756,0.04091266720289421,0.0019362148114341203,0.04400244097131568
2020-04-17,0.0152857209368294,0.0002336532645586,0.0008497930593706,0.002521498143255838,0.05021452123893882,0.001778061912549466,0.042167071424862625,0.001553154387118192,0.03941007976543808,0.0018252156185790194,0.042722542276636806
2020-04-20,-0.0239768381437454,0.0005748887673713,0.0004202651023039,0.002384227450534005,0.048828551591604735,0.0016757657991313063,0.040936118515698415,0.0014482921860920804,0.03805643422723785,0.0017228357172335575,0.04150705623425441
2020-04-21,-0.0740812045397517,0.0054880248660605,0.0015356147474446,0.0022756671295442463,0.047703952976082035,0.0015963095003635715,0.03995384212267415,0.0014412722006098937,0.03796409093617143,0.0016595076006771577,0.04073705439372314
2020-04-22,0.0089837661711179,8.070805461732249e-05,0.0005901803641993,0.0024684085937352234,0.04968308156440403,0.0017446799755815117,0.04176936647330806,0.0017031201762016763,0.04126887660455124,0.0019124502180520512,0.043731570038726617
2020-04-23,0.0072405548574861,5.24256346442666e-05,0.0004805182206093,0.002325146561388149,0.048219773551813255,0.0016378911743263778,0.04047086821809458,0.0015721041175744271,0.039649768190677066,0.001801378280022805,0.042442646948827364
2020-04-24,-0.0102260693794107,0.0001045724949525,0.0004400178358163,0.0021887833057835154,0.04678443443906868,0.0015375662689098672,0.039211812874564565,0.001451367249151415,0.038096814160129125,0.0016972392620274725,0.04119756378752842
2020-04-27,0.0152080552094171,0.0002312849432526,0.0001972269434351,0.0020637306571336554,0.04542830238005439,0.0014468719044600203,0.038037769446433375,0.0013779729495860063,0.03712105803430185,0.0016057612361670092,0.04007195074072398
2020-04-28,0.0069699129527004,4.8579686568222146e-05,0.0001662676594762,0.0019537839143007967,0.04420162795984778,0.0013684801136152173,0.03699297384119338,0.001289737733332556,0.03591291875262377,0.0015180712782245558,0.038962434192752325
2020-04-29,0.0327248942469253,0.0010709187034724,0.001031382996875,0.001839471660636842,0.04288906224944586,0.001287513753577445,0.0358819418869359,0.0011966538331188744,0.034592684676371596,0.0014328817835122657,0.0378534249905113
2020-04-30,0.0538904129553918,0.0029041766085026,0.0010239808341371,0.0017933584832069782,0.042348063511888925,0.0012586256230315029,0.03547711407416763,0.0011525329882750746,0.033948976247820416,0.001372363472670137,0.037045424449858
2020-05-04,-0.086432565180247,0.0074705883236376,0.0012017813258447,0.0018600075707247191,0.04312780507659437,0.001314692318402877,0.03625868610971552,0.001145287185151091,0.033842091914524,0.0013498924278497757,0.03674088224103738
2020-05-05,-0.0034782472407939,1.2098203868091047e-05,0.0006123903676139,0.002196642415899495,0.04686835196483331,0.0015730889261420737,0.03966218509036124,0.0014711868044632497,0.038356053035515134,0.001749528991277372,0.041827371316846725
2020-05-06,0.0185325132438947,0.0003434540471351,0.0003335305623204,0.0020655697631776107,0.04544853972546985,0.0014756394639702094,0.03841405294902127,0.0013644849099876451,0.03693893487890041,0.0016486675363223849,0.04060378721649478
2020-05-07,-0.0068643229672392,4.711892979856785e-05,0.0003121582518061,0.001962242820215062,0.04429721007258879,0.001400231887528519,0.037419672466879224,0.0012829823015499267,0.03581874232228048,0.001560176255255619,0.03949906651119263
2020-05-08,-0.0107516302914178,0.0001155975539233,0.0006722355995091,0.0018473353867900723,0.04298063967404478,0.0013168974911620885,0.03628908225847119,0.0012093624702769763,0.0347758892090048,0.0014742517305105299,0.03839598586454748
2020-05-11,0.0120198067051859,0.00014447575323,0.0002965820179405,0.0017434311168180677,0.041754414339301514,0.0012426999896879708,0.0352519501543953,0.0011590496351937313,0.034044818037312685,0.0013984449308636006,0.03739578760854758
2020-05-12,-0.0081796901257321,6.690733055299921e-05,0.0007451743471879,0.0016474937950027855,0.040589331048968835,0.0011751870776075563,0.03428100170076068,0.0010861442312190795,0.032956702371734335,0.001323064654675294,0.036373955719378306
2020-05-13,0.0094460086443281,8.922707930872191e-05,0.000962506064722,0.0015526586071357982,0.03940378924844409,0.001109062897284051,0.033302595954130224,0.0010352436366214844,0.03217520220016472,0.0012543161598236375,0.035416326176265625
2020-05-14,-0.0293545376443898,0.0008616888803159,0.0003059790176359,0.0014648527154661733,0.03827339435516758,0.0010487415564966423,0.03238427946545426,0.0009698559009448409,0.03114250954796098,0.0011875883021563974,0.03446140307875461
2020-05-15,0.0180816885576457,0.0003269474610956,0.0003102196435482,0.0014286628853571568,0.03779765714111335,0.0010277076110221184,0.03205787907866206,0.0010142703385143423,0.03184761119007738,0.0011784097549848388,0.03432797335970824
2020-05-18,-0.0253692514978179,0.0006435989215595,0.0009404924108622,0.001362559959901469,0.03691286984103876,0.0009840291453936244,0.031369238839883004,0.0009630856625577811,0.03103362148634576,0.0011211849016483984,0.0334840992360314
2020-05-19,0.0200525227142633,0.000402103667206,0.0008000414669591,0.001319422297600953,0.03632385301149856,0.0009578295379845648,0.03094882126971179,0.0009911054568870102,0.031481827407045644,0.0011026143230319487,0.0332056369165229
2020-05-20,0.0403513519017731,0.0016282316003007,0.0009082589975398,0.0012643831797772584,0.03555816614755686,0.0009226141964930069,0.030374564959732456,0.0009446740555944826,0.030735550354507767,0.00105187147793958,0.0324325681675007
2020-05-21,0.0017639196185915,3.1114124208522135e-06,0.0002717187195229,0.0012862140850086665,0.035863826971039584,0.0009453710675676449,0.030746887119961347,0.000930749613413884,0.03050818928441811,0.0010272648712627913,0.03205097301585073
2020-05-22,-0.0331481931132219,0.0010988027066714,0.0002274446402681,0.0012092279246533975,0.03477395468814839,0.0008930251343753859,0.029883526136910046,0.0008643349377348109,0.029399573767910497,0.000974184529504759,0.031211929282003042
2020-05-26,0.0216263726679892,0.0004676999947747,0.0002506935624747,0.0012026024115744808,0.034678558383740246,0.0008939978515742541,0.029899796848377652,0.0009283021899541612,0.030468051955354174,0.000994392008706524,0.03153398180862233
2020-05-27,0.0263912306760821,0.0006964970565981,0.0005732845768644,0.0011585082665664969,0.034036866285933214,0.0008663751777609066,0.029434251778513186,0.0008891839656554643,0.029819187877195185,0.0009521310483628225,0.03085662081892349
2020-05-28,0.025881959637093,0.0006698758346561,0.0003532372398389,0.0011307875939683978,0.03362718534115512,0.0008510964295730158,0.029173557026406907,0.000859653776006211,0.02931985293288851,0.0009169487696956402,0.030281161960790743
2020-05-29,-0.001015693776221,1.0316338470541388e-06,0.0003456218954257,0.0011031328884096604,0.03321344439243935,0.0008357221566942821,0.028908859484495095,0.0008316456797022571,0.028838267626580087,0.0008836350848855771,0.029726000149458
2020-06-01,0.0655543817418298,0.0042973769655535,0.0009379370893031,0.0010370068131359041,0.0322025901619094,0.0007912317970366916,0.0281288427959042,0.0007756837263516663,0.027851099194675717,0.0008402056749847288,0.02898630150579285
2020-06-02,0.0132369505221351,0.0001752168591254,0.0002807829883324,0.001232629022280963,0.03510881687384186,0.0009441551802029268,0.03072710823040344,0.0008064890350963534,0.028398750590410724,0.000879289482061444,0.029652815752664097
2020-06-03,-0.0062815769359149,3.945820880181841e-05,0.0004439969155572,0.0011691842924916322,0.034193336960461056,0.0008996762998019239,0.029994604511510464,0.0007660494811163469,0.02767759890446328,0.0008393344091085707,0.02897126868310345
2020-06-04,0.0080020012564002,6.403202410743155e-05,0.0002274300391849,0.0011014007274702433,0.03318735794651698,0.0008522860690019536,0.029193938908649405,0.0007338812757371147,0.027090243183425185,0.000801319641757359,0.028307589826005303
2020-06-05,0.0576878674677715,0.0033278900529791,0.0011167658110249,0.0010391586052684745,0.032235983082085064,0.000809442341554285,0.02845070019444662,0.000692931380166422,0.026323589803946234,0.0007645382526998524,0.02765028485748117
2020-06-08,-0.0159099128655018,0.0002531253273878,0.001726455949175,0.0011764824921311164,0.03429989055567257,0.0009172261427450108,0.030285741574955876,0.0007167456803158899,0.026772106385488048,0.0007907303239243331,0.028119927523454484
2020-06-09,-0.0042054965415841,1.7686201161276387e-05,0.0007316644399814,0.001121081062246521,0.03348254862232744,0.000878220967543753,0.02963479319218801,0.0007212934722128408,0.02685690734639491,0.0007695481407274708,0.02774073071725889
2020-06-10,-0.0249936169411429,0.0006246808878005,0.0003049245728504,0.0010548773705814061,0.03247887575919779,0.0008314021931074357,0.028834045729093163,0.0006856438823635633,0.02618480250762956,0.0007348360445392941,0.027107859460667384
2020-06-11,-0.0340612482636157,0.0011601686332756,0.000560070103697,0.0010290655816145569,0.03207905206851594,0.0008154130159516261,0.02855543758991667,0.0007237812060921252,0.026903182081161426,0.0007410029339727216,0.027221369068669593
2020-06-12,0.0141104663531817,0.0001991052607042,0.0015684169037343,0.0010369317647142232,0.0322014248863963,0.0008247862783592127,0.02871909257548387,0.0007946360128289072,0.028189288973454213,0.000780763055955053,0.027942137641115666
2020-06-15,-0.0365542116071648,0.0013362103862213,0.0005817279158371,0.0009866621744736262,0.031411179132175636,0.0007900413951946941,0.02810767502293091,0.0007562768570413408,0.027500488305507248,0.000747865736205422,0.027347133966933758
2020-06-16,0.0089408879214329,7.993947682362603e-05,0.0016752087251419,0.0010076350671784915,0.0317432680607793,0.000809210922703013,0.028446632888674418,0.0008363271946598814,0.028919322168057145,0.0007983449991429672,0.028254999542434385
2020-06-17,-0.0024304452599107,5.90706416142262e-06,0.0003570117917336,0.0009519733317571995,0.030854065076699366,0.0007702091475734452,0.02775264217283546,0.0007878568662441124,0.02806878811498837,0.0007620582088318772,0.027605401805296678
2020-06-18,0.0316167114816767,0.0009996164449155,0.0005386284215865,0.0008952093557014528,0.02992004939336586,0.0007306888610951163,0.0270312571127411,0.0007406637172918069,0.027215137649694278,0.0007271009170044468,0.026964808862746402
2020-06-19,0.007672514439424,5.886747782317067e-05,0.0002549957523337,0.0009014737810543008,0.030024552970099337,0.0007389479369539019,0.027183596836215438,0.0007285134303807836,0.026990987947475793,0.0007126459305694962,0.026695429020143057
2020-06-22,0.0159384991111744,0.0002540357539169,0.0003216313421456,0.000850917402860433,0.029170488560537222,0.0007040878258542924,0.026534653301942584,0.0006876139906016284,0.026222394829641865,0.0006817222266552644,0.026109810927221675
2020-06-23,0.0191583609015568,0.0003670427924343,0.0001791241908562,0.0008151045039238214,0.028550035094966546,0.0006805763873582954,0.026087859002959506,0.0006599029407868297,0.025688576075501533,0.000656492641475641,0.025622112353895433
2020-06-24,-0.018084394597583,0.000327045327961,0.0005896666439939,0.0007882208012344501,0.028075270278920737,0.0006638772784097938,0.025765816082744086,0.0006380562181401674,0.02525977470485767,0.0006350518101565157,0.025200234327412824
2020-06-25,-0.0090887884282306,8.260607509313863e-05,0.0001405662407836,0.0007605502728380484,0.02757807594517878,0.0006465810357957875,0.02542795775904521,0.0006540456380409313,0.025574315983832908,0.0006290160988666119,0.025080193357839408
2020-06-26,0.0023184933816939,5.37541156095866e-06,0.0001855716715031,0.0007198736209733538,0.026830460692529187,0.0006194904985029707,0.024889566056943833,0.0006393952812795265,0.025286266653650684,0.0006078619907563047,0.024654857346095207
2020-06-29,-0.0093066907557222,8.661449282264669e-05,0.0006847999454108,0.00067700372840861,0.026019295309608406,0.0005908733258248148,0.0243078860830146,0.0005997717105100296,0.024490237044790513,0.0005829817141724129,0.02414501427153053
2020-06-30,0.0180685209108507,0.0003264714479058,0.0006997862577757,0.0006415803742734522,0.025329436911890723,0.0005680027871842593,0.02383280904938105,0.0005893643470662504,0.024276827368217832,0.0005651728502820663,0.02377336430297711
2020-07-01,-0.0092251993330473,8.510430273445753e-05,0.000295465629982,0.000622673838691396,0.024953433404872282,0.0005576315331661028,0.023614223111635555,0.0005712632691999578,0.023901114392428605,0.0005491110018857145,0.023433117630518446
2020-07-02,0.0340149382574489,0.001157016024658,0.0005521308823767,0.0005904196665339796,0.024298552766244735,0.0005371027754110868,0.02317547788959457,0.0005624013170356533,0.023715001940452236,0.0005334802603125505,0.02309719161094159
2020-07-03,-0.0150423044306339,0.0002262709225838,0.0003044363452843,0.0006244154480214246,0.024988306225541268,0.0005665111140661337,0.023801493946097874,0.0005638553323496223,0.02374563817524436,0.0005349424880913711,0.023128823750709224
2020-07-06,0.0269154097433997,0.000724439281655,0.0004152681308653,0.0006005267764951711,0.02450564784891783,0.0005517190976320923,0.02348870148884549,0.0005734187738025312,0.02394616407282242,0.0005292280810591793,0.023004957749563012
2020-07-07,-0.02570373931495,0.0006606822147709,0.0003784207803878,0.0006079615268047667,0.02465687585248315,0.0005605159475992312,0.023675218005315836,0.000566255826895699,0.023796130502577496,0.0005229568703034877,0.022868250267641548
2020-07-08,0.0117382587973991,0.0001377867195947,0.0006502157577377,0.0006111247680827351,0.024720937847960686,0.0005657933024725588,0.023786410037510048,0.0006102138127226525,0.024702506203271208,0.0005456353571875691,0.023358838952044877
2020-07-09,0.0303545146727247,0.0009213965610166,0.0004428356173175,0.000582724485173454,0.024139686931968565,0.0005470539781388309,0.023389185067864825,0.0005835163437317141,0.024156082955059457,0.0005273874702869119,0.02296491825125689
2020-07-10,-0.0169794149103801,0.0002883005306988,0.0002587796835919,0.0006030448097240463,0.024556970695182385,0.0005650912156671818,0.0237716473065537,0.0005796342787572098,0.024075595086253003,0.0005248909457008021,0.022910498591274746
2020-07-13,0.00998829071507,9.976595140875406e-05,0.0002218422901017,0.0005841601529825338,0.024169405308830702,0.0005532057848303813,0.02352032705619506,0.0005946192207688523,0.024384815372867852,0.0005237907044368445,0.022886474268371797
2020-07-14,-0.0160591513771308,0.0002578963429536,0.0001310218588381,0.000555096500888107,0.023560486007043805,0.0005336605789480748,0.023101094756484482,0.0005671690256953631,0.02381531074110441,0.000506304622753759,0.022501213806231855
2020-07-15,0.0078408215614384,6.147848275831849e-05,0.000222491008202,0.0005372644914120367,0.023178966573426794,0.0005226796555822075,0.02286218833756313,0.000579781397485437,0.024078650242184193,0.0005045213585445303,0.022461552896995574
2020-07-16,0.0069020904596378,4.763885271302421e-05,0.0007015778301136,0.0005087173308928135,0.02255476293142567,0.0005036170679969009,0.02244141412649615,0.0005511316589234899,0.02347619345046147,0.0004876192357625621,0.02208210215904641
2020-07-17,0.026857014466751,0.0007212992260672,0.0003974609619363,0.00048105262220202605,0.021932911849593204,0.0004853109933528771,0.022029775154387688,0.000523709383232663,0.02288469757791575,0.00047159534361485917,0.02171624607557345
2020-07-20,0.0041232005996777,1.700078318518329e-05,0.000192476177208,0.0004954674184339409,0.022259097430802104,0.0004987805235510509,0.0223333948057847,0.0005194437832526441,0.02279130937995104,0.0004691353015625247,0.02165953142527614
2020-07-21,0.0189732352927883,0.0003599836574755,0.0003525759428516,0.00046675942031901535,0.02160461571792045,0.00047944030624872704,0.021896125370684354,0.0004916128530095629,0.022172344328229322,0.000453784438230066,0.02130221674450962
2020-07-22,-0.0256642023572287,0.0006586512826327,0.0007617252592355,0.00046035287454840486,0.02145583544279749,0.0004770045567153156,0.021840433986423338,0.0004809980994662137,0.021931668870977732,0.00044582228002408266,0.021114504020319367
2020-07-23,0.0052711001753123,2.778449705817772e-05,0.0002228580763259,0.0004722507790334676,0.021731331736308007,0.00048824471548993237,0.02209626021502128,0.0005263658830891739,0.022942665126117628,0.00047355049191847616,0.02176121531345334
2020-07-24,-0.0166193086197794,0.0002762014189994,0.0001582082303543,0.0004455828021149501,0.021108832324762784,0.0004701557544085303,0.021683075298687,0.0004991704322115212,0.022342122374821985,0.0004581031030617645,0.021403343268325267
2020-07-27,0.0193152882682786,0.0003730803608867,0.0002756685081044,0.0004354199191280215,0.020866717976912936,0.0004646063095495156,0.021554728241142723,0.0005163839178149255,0.02272408233163499,0.0004607185205148542,0.021464354649391493
2020-07-28,0.0158855609811758,0.0002523510476866,0.0001492808885477,0.0004316795456335423,0.02077689932674128,0.0004638379796582364,0.021536898097410325,0.0005045386932692877,0.022461938769155428,0.00045253359927984,0.021272837123426674
2020-07-29,0.0416584334567511,0.0017354250780705,0.0013302985576498,0.000420919835756729,0.020516330952602833,0.0004576685752324987,0.02139318992652799,0.000489894740256444,0.02213356591822574,0.00044266017304151823,0.021039490798056833
2020-07-30,-0.0193157171036315,0.0003730969272275,0.0004920656094046,0.0004997901502955589,0.022355986900505175,0.0005189791120284245,0.022781113055081934,0.0005032638303190832,0.022433542527186455,0.00046094222963826163,0.021469565194438885
2020-07-31,-0.0008186882175823,6.702503976081564e-07,0.0002701665993764,0.0004921885569114767,0.022185323006696945,0.0005142694877158587,0.022677510615494344,0.000528507715197781,0.022989295665543582,0.0004695205840537962,0.021668423663335462
2020-08-03,0.0194653080813809,0.000378898218703,0.0005789519317611,0.0004626974585206446,0.021510403495068255,0.0004930682013514718,0.022205139075256244,0.0004980245368115365,0.022316463358057804,0.00045387126578454444,0.021304254640436133
2020-08-04,-0.0033522804073499,1.1237783929502214e-05,0.0002779974869413,0.00045766950413159027,0.02139321163667555,0.0004904993346410111,0.022147219569079345,0.0004875111100846605,0.02207965375826035,0.00044625390819278196,0.021124722677298795
2020-08-05,0.0613432446623535,0.0037629936657053,0.0014999474554244,0.0004308836009194649,0.020757735929514687,0.0004714990271477606,0.021714028349151628,0.00046723044432782617,0.021615513973251392,0.0004328377938228336,0.020804754115894608
2020-08-06,0.0372698351261022,0.0013890406103268,0.0006950610593251,0.0006308102048066188,0.025115935276366255,0.0006234498238563404,0.02496897722888025,0.0005027718729309766,0.02242257507359439,0.000489365514491805,0.02212160741202603
2020-08-07,0.0089496066639463,8.009545943935341e-05,0.0004172258811925,0.0006763040291378323,0.02600584605695097,0.0006570851308988202,0.025633671818505052,0.0005108341517959961,0.022601640466921778,0.0004980907148573259,0.02231794602684857
2020-08-10,0.0151064316901329,0.0002282042784086,0.0003131631479748,0.0006405315149559235,0.025308724087869848,0.0006291195678568989,0.025082256036028715,0.0004886039882054462,0.022104388437716303,0.0004819654496827861,0.021953711524085994
2020-08-11,0.0151214320776799,0.0002286577080798,0.0004661858272788,0.0006157918807630871,0.02481515425628233,0.0006098758059342015,0.024695663707100513,0.00047422960051928664,0.021776813369253238,0.00046966838950924253,0.02167183401351262
2020-08-12,-0.004693300427522,2.202706890297908e-05,0.0002036406742731,0.0005925638304020951,0.02434263400706865,0.0005920477163863779,0.024332030667134585,0.0004608271568134744,0.021466885121355507,0.00045820534146059834,0.021405731509588695
2020-08-13,-0.0033832861417832,1.144662511718278e-05,0.000345396931832,0.000558331624712148,0.023629041976181514,0.000566172782207085,0.023794385518585787,0.0004460715839729804,0.021120406813624128,0.00044467202142984294,0.02108724783915253
2020-08-14,0.0129871411407245,0.0001686658350091,0.0009764806007987,0.00052551852473645,0.022924190819665808,0.0005416955681681139,0.02327435430185151,0.0004288361502161269,0.020708359428407815,0.00043137537552014694,0.020769578125714228
2020-08-17,0.0155299624059457,0.00024117973233,0.0004503718487093,0.0005041073633528089,0.02245233536523114,0.0005260990245941717,0.022936848619506813,0.00041633171343087973,0.020404208228472866,0.0004213711606155971,0.020527327166867025
2020-08-18,0.0219891743209499,0.0004835237873171,0.0005752107196835,0.0004883317054914456,0.022098228560032716,0.0005149107510016191,0.02269164496024074,0.0004070388734062112,0.02017520442043181,0.0004133828458501157,0.020331818557377392
2020-08-19,-0.0064651581894365,4.179827041443829e-05,8.667914292977335e-05,0.0004880432304009862,0.022091700486856738,0.000515487207667425,0.022704343365696024,0.0004044122176212462,0.020110002924446486,0.00041042332584854783,0.020258907321189557
2020-08-20,0.002082689492368,4.3375955216203796e-06,0.0004523207652168,0.0004612685328017932,0.021477163052921893,0.000496056559311934,0.022272327209161013,0.00039789777430652073,0.01994737512322162,0.00040135363195161676,0.02003381221713972
2020-08-21,-0.0087064421464541,7.580213484955232e-05,0.0004565986293763,0.00043385267656498284,0.020829130480290885,0.00047634147362684594,0.021825248535282386,0.00037747312030872996,0.01942866748669939,0.00039031878601678596,0.019756487188181657
2020-08-24,0.0015144917556604,2.2936852779635974e-06,0.0001792172944879,0.000412369644062057,0.020306886616664233,0.0004612858240014467,0.021477565597652046,0.0003781403292068126,0.019445830638129415,0.000384758368007801,0.019615258550623314
2020-08-25,-0.0128880068045226,0.0001661007193934,0.0002481087632358,0.00038776508653501135,0.019691751738609018,0.00044399924463889366,0.02107128958177201,0.0003586897776766118,0.018939107098187385,0.00037479981468900976,0.01935974727854188
2020-08-26,0.0023554592045525,5.548188064311224e-06,6.15157811991998e-05,0.0003744652245065159,0.019351103960924706,0.00043536977223117203,0.020865516342309192,0.0003707641241817349,0.01925523627956133,0.0003760159180648015,0.019391129881077107
2020-08-27,0.0043434877634417,1.886588595116838e-05,0.000102744819415,0.00035233020231998356,0.01877046089791041,0.00042010921228251237,0.020496565865591055,0.00035259128866636037,0.01877741432323312,0.0003667046506395491,0.019149533953586158
2020-08-28,-0.0062276029677307,3.8783038723689455e-05,0.000434997597404,0.0003323223433378546,0.018229710456775076,0.0004065569865386536,0.020163258331397076,0.0003374280358295341,0.01836921434981731,0.00035826540591144955,0.018927900198158525
2020-08-31,-0.0267573917065272,0.0007159580109365,0.0008301896319898,0.0003147099850610046,0.017740067222561603,0.0003948875254754646,0.019871777109143122,0.0003341086683950784,0.01827863967572747,0.0003525060299000754,0.018775143938198593
2020-09-01,0.0371932252025731,0.0013833360009693,0.0008710282991684,0.00033878486661353616,0.018406109491512217,0.000414671367382378,0.02036348121963379,0.00038297077044591166,0.01956963899631037,0.00039013874193169257,0.019751930081176688
2020-09-02,0.0230611045379014,0.000531814542508,0.0004074946227077,0.0004014579346748832,0.020036415215174675,0.0004631853306313058,0.021521740882914323,0.00039595382647488755,0.019898588554841962,0.0004054201330902098,0.020135047382368133
2020-09-03,-0.0012547097099734,1.574296456301678e-06,0.0001120162552429,0.0004092793311448712,0.02023065325551479,0.0004696945621764808,0.02167243784571733,0.000394933739114628,0.019872939870955883,0.0004038904114553061,0.020097024940406133
2020-09-04,-0.0391018846485975,0.0015289573830722,0.000443300370762,0.00038481702906355703,0.019616753785057228,0.0004517658317095558,0.0212547837370686,0.0003759450696450255,0.019389302969550645,0.00039270482034044115,0.019816781281036564
2020-09-07,0.0028440991451258,8.088899947305858e-06,0.0001991804649391,0.00045346545030407713,0.021294728227992887,0.0005041722978195595,0.0224537813701737,0.00046178988372612607,0.02148929695746527,0.0004792698687230294,0.021892233068443005
2020-09-08,-0.0420554816855679,0.0017686635398051,0.0011273945055329,0.00042674285728267077,0.020657755378614365,0.0004840383720231165,0.022000872074150073,0.0004371987145119368,0.020909297322290313,0.00046307338067067965,0.0215191398682819
2020-09-09,0.0299110375070742,0.0008946701647496,0.0025134951903337,0.0005072580982340188,0.022522391041672703,0.0005449394184512905,0.02334393750958245,0.0005348377234765139,0.023126558833438966,0.0005601370272978411,0.023667214185405114
2020-09-10,-0.022777705036698,0.0005188238467388,0.0012981568856333,0.0005305028222249537,0.02303264687839749,0.0005619219702701399,0.023704893382382883,0.000533250895329481,0.02309222586346931,0.0005549463027785194,0.023557298291156385
2020-09-11,-0.0012262755893721,1.5037518210899728e-06,0.0002237051255947,0.0005298020836957856,0.02301742999762974,0.0005606856087728676,0.02367880083055026,0.0005684543755857663,0.023842281258003948,0.0005664680537860706,0.023800589357956467
2020-09-14,-0.0070184972566764,4.92593037419747e-05,0.0003092614591877,0.0004981041837833039,0.022318247775829175,0.000536156813792609,0.0231550602200169,0.0005358899939472139,0.023149297914779488,0.0005443627574113599,0.023331582831247432
2020-09-15,0.0014816833589724,2.1953855762559593e-06,0.0001066688135206,0.00047117349098082405,0.02170653106741895,0.0005155648404788608,0.02270605294803262,0.0005226832831820599,0.02286226767365958,0.0005267743944491546,0.02295156627442133
2020-09-16,-0.0016053027009742,2.5769967617552337e-06,0.0001164079258873,0.0004430348046565499,0.02104839197317814,0.0004943385744381509,0.022233726058358973,0.0004918939323110348,0.02217868193358286,0.0005072792705413613,0.02252286106473512
2020-09-17,-0.0146896498522155,0.0002157858127806,0.0004602560499681,0.0004166073361828622,0.020410961177339548,0.000474668466783588,0.021786887496464197,0.0004664954859394188,0.021598506567339762,0.0004892159811874474,0.02211822735183467
2020-09-18,-0.0080584170455602,6.493808528017518e-05,0.0003391296729702,0.0004045580447787321,0.020113628334508225,0.0004660611568552109,0.02158844961675597,0.0004793321753843674,0.02189365605339518,0.0004859057061519998,0.02204326895340162
2020-09-21,-0.0575006557355677,0.0033063254100202,0.001935771238081,0.0003841808472088187,0.01960053180933667,0.0004512597947579547,0.021242876329677078,0.0004726626072463937,0.02174080511955327,0.00047323777792342294,0.021754029004380383
2020-09-22,0.0020066715275232,4.026730619372497e-06,0.0010959851884752,0.0005595095209775062,0.023653953601406808,0.0005840372409144711,0.024166862454908605,0.0006267298859950524,0.025034573812930238,0.0006672714326841991,0.02583159756353058
2020-09-23,-0.0349480429789225,0.0012213657080566,0.0012427778036191,0.0005261805535560181,0.022938625799206414,0.0005579294809041504,0.023620530919184486,0.0005878343643127316,0.02424529571510176,0.0006383774917677758,0.02526613329672302
2020-09-24,-0.0493578259071209,0.0024361949782776,0.0006192084720328,0.0005678916628260539,0.023830477603817634,0.0005887363840538444,0.02426389053828434,0.000663354019300831,0.02575565994690936,0.0006889141840153526,0.026247174781590353
2020-09-25,0.023564259197235,0.0005552743115144,0.0003829267060939,0.00067998986175315,0.02607661522807648,0.0006722181866743926,0.025927170818938045,0.0007940649258259347,0.028179157649332508,0.0008132081885372415,0.02851680537046956
2020-09-28,0.0249625633250898,0.0006231295677591,0.0002403258368462,0.0006725069287388296,0.025932738550697446,0.000664632823792915,0.025780473692174764,0.0007678714489215509,0.02771049348029643,0.0007847350603691032,0.028013123002783948
2020-09-29,0.0247604150401953,0.0006130781529627,0.0002735733606539,0.0006695442870800469,0.025875553850691718,0.0006606643546923255,0.02570339189080549,0.0007453827858827243,0.027301699322253264,0.0007594314482638423,0.027557783805375973
2020-09-30,-0.0282288101745636,0.0007968657238715,0.0004941879095104,0.0006661563190330078,0.02581000424318074,0.0006565292922585556,0.025622827561737904,0.000724245858446601,0.02691181633495965,0.0007356403548235267,0.027122690774027687
2020-10-01,0.014350922904145,0.0002059489882007,0.0001371113252781,0.00067399888332332,0.02596148846509614,0.0006610009376024351,0.02570993849861246,0.0007730151526844079,0.027803150049668976,0.0007526882019351081,0.027435163603213818
2020-10-05,0.0464453945231025,0.0021571746724066,0.0006481116474526,0.0006459158896159635,0.02541487536101571,0.0006384398627933138,0.02526736754775443,0.0007367013662558094,0.02714224320603972,0.0007218026529404667,0.02686638518558957
2020-10-06,-0.0129000310264166,0.0001664108004825,0.0004997569318245,0.0007365914165834041,0.027140217695947173,0.0007057068622004888,0.026565143745150125,0.0007438340569170634,0.027273321340039673,0.0007291617061715834,0.02700299439268881
2020-10-07,-0.0168339738052606,0.0002833826740762,0.000222266421121,0.0007023805796173506,0.02650246365184472,0.0006781175304378696,0.026040689899422206,0.0007362350488469688,0.027133651594412587,0.0007066061626700273,0.026582064680344665
2020-10-08,0.0068478962627545,4.689368322544723e-05,0.0003234807874897,0.0006772407052848815,0.026023848779242503,0.0006578153810381125,0.025647911826074895,0.0007429782980055816,0.0272576282534923,0.0006929935086900787,0.026324769869650877
2020-10-09,-0.0111688188306098,0.0001247425140709,0.0010053997839501,0.0006394198839613154,0.025286753132051483,0.000628296205606993,0.025065837420820254,0.0006998594039278671,0.026454855961200528,0.0006631672745336131,0.025752034376600483
2020-10-12,0.0043209225678552,1.8670371837401035e-05,0.0005661232051732,0.0006085392417678955,0.024668588159193372,0.0006044358255747034,0.024585276601549622,0.000689096123787283,0.02625064044527834,0.0006423962690526708,0.025345537458350945
2020-10-13,-0.0074382007435515,5.532683030137042e-05,0.0002409371674335,0.0005731471095720658,0.023940491005241846,0.0005775110325306108,0.02403145922599397,0.0006475395550459182,0.025446798522523777,0.0006154438678396111,0.024808141160506385
2020-10-14,0.0193582282232728,0.0003747409999443,0.0001533819876433,0.0005420778928158241,0.023282566285008705,0.0005541951097766366,0.023541348937064686,0.0006280085945894651,0.02506009965242487,0.0005934685540180624,0.02436121002778931
2020-10-15,-0.0044034425686045,1.9390306454998302e-05,0.0007304178416849,0.0005320376792435336,0.02306594197607229,0.0005470066254526052,0.023388172768572694,0.0006086646749552453,0.02467113039475989,0.0005764017738690442,0.02400836882982774
2020-10-16,0.0519817282424733,0.0027021000710743,0.0010401653941761,0.0005012788368762215,0.022389257175623793,0.0005242780052097837,0.022897117836308212,0.0005824514430809749,0.024134030808817968,0.0005547654650899732,0.023553459726544913
2020-10-19,0.0041807999569711,1.747908828020962e-05,0.0001547397802311,0.0006333281109281091,0.025166011025351417,0.0006244515579823702,0.024989028752281876,0.0006037505612936056,0.024571336172329043,0.0005834407460759234,0.024154518129656893
2020-10-20,-0.0078690245761159,6.19215477795161e-05,0.0001399308459542,0.0005963771695692351,0.02442083474349792,0.0005960217746329799,0.024413557189254087,0.0005691812401096074,0.023857519571606922,0.0005604244489594549,0.023673285554807445
2020-10-21,0.0292567168826244,0.00085595548275,0.0004176327707787,0.0005643098322618519,0.023755206424315743,0.0005716618890189427,0.02390945187617112,0.0005563246934112103,0.02358653627413763,0.000542561869785765,0.023292957514788992
2020-10-22,0.0137645310132575,0.0001894623140149,0.0003942972847181,0.0005818085712911431,0.024120708349697012,0.0005849572104552448,0.024185888663748635,0.0005527925141111488,0.023511540019980588,0.0005378334393377367,0.023191236261522082
2020-10-23,0.0331324010288887,0.0010977559979391,0.000391123726003,0.0005582677958545702,0.023627691293365297,0.0005671641546299269,0.023815208473366906,0.0005325613547952913,0.02307729088942832,0.0005210673019782353,0.022826898650018915
2020-10-26,-0.0361884256724103,0.0013096021526475,0.0007769553617753,0.0005906370879796423,0.024303026313190756,0.0005917145732246408,0.024325183929924166,0.0005346290420794643,0.023122046667184638,0.0005222643804641749,0.022853104394461924
2020-10-27,0.0063460618165602,4.0272500579604335e-05,0.000387976354913,0.0006337749918597178,0.02517488812010329,0.0006240601989927664,0.024981196908730505,0.0006143966631675928,0.024787026105759294,0.0005862003770519974,0.024211575269940562
2020-10-28,-0.0213950181175187,0.0004577468002489,0.0006784402878546,0.0005981648423829109,0.02445740874219734,0.000596689016342462,0.024427218759868304,0.0005813525248970055,0.024111253076043258,0.0005634213369273568,0.023736497992066074
2020-10-29,-0.0022397272847304,5.016378309966101e-06,0.0002119610275945,0.0005897397598548735,0.024284558053521862,0.000590171446148678,0.02429344450975773,0.000610619907031681,0.024710724534737563,0.0005704952610416903,0.023885042621726475
2020-10-30,0.0225393787679945,0.0005080235952471,0.0006923568593996,0.0005546563569621789,0.023551143432160124,0.0005636636851134927,0.02374160241250562,0.0005776489409888883,0.024034328386474384,0.000548342660547502,0.02341671754425675
2020-11-02,-0.0189332511978726,0.0003584680009217,0.0004176007911293,0.0005518583912592755,0.023491666421505214,0.0005618128941071574,0.02370259256088155,0.0005653251276960793,0.023776566776893573,0.000536776302949975,0.02316843332964003
2020-11-03,0.0100029334959764,0.0001000586785249,0.0001299372848886,0.0005402549678390237,0.023243385464235274,0.0005533366038700113,0.023523107870135087,0.0005871717290161043,0.02423162662753172,0.000539334228031821,0.02322357052719975
2020-11-04,-0.0074001147164558,5.4761697816706105e-05,0.0004033319779974,0.0005138431904801778,0.02266810954800108,0.0005337951443851619,0.02310400710667225,0.0005603090820600413,0.023670848781994307,0.0005208100033539835,0.02282126208941967
2020-11-05,0.0520976309703035,0.0027141631527179,0.0007508028826123,0.00048629830092036943,0.02205217224947169,0.0005136230924772482,0.02266325423405139,0.0005466229934926658,0.023379969920696343,0.0005051523788950976,0.02247559518444612
2020-11-06,0.0023474839621064,5.510680952346936e-06,0.0002070972484026,0.000619970192028223,0.024899200630305846,0.0006151143620414101,0.02480149918939196,0.000569428200139258,0.02386269473758691,0.0005373822302164953,0.023181506211126475
2020-11-09,0.0272913045808397,0.0007448153057241,0.0002997201805193,0.0005831026213636704,0.024147517913103832,0.0005868205744329138,0.024224379753316982,0.0005357052323626741,0.02314530691874001,0.0005172363692619586,0.022742831161971868
2020-11-10,0.0081799021583456,6.691079932010833e-05,0.0005723056553494,0.0005928053824252999,0.02434759500290121,0.0005939935224854446,0.024371982325724854,0.0005312109563317405,0.023048014151586693,0.0005121479865670084,0.022630686833744317
2020-11-11,0.0700183180502794,0.00490256486259,0.0024479840201035,0.0005612517074389884,0.02369075151697363,0.0005700061921830958,0.023874802453278974,0.0005066594042727598,0.022509096034109406,0.0004948345251050884,0.022244876378732438
2020-11-12,-0.0016894528702586,2.854251000825067e-06,0.0002980894821507,0.0008217304967480543,0.028665841985681395,0.0007663220518940658,0.027682522498754802,0.000551291190570177,0.023479590937028207,0.0005683247619341402,0.02383956295602208
2020-11-13,0.0279272461799856,0.0007799310791975,0.0008694216900949,0.0007725979220032204,0.027795645738194687,0.0007269455984817047,0.02696192868623654,0.0005214573005228203,0.02283543957367189,0.0005461805751624163,0.023370506523445665
2020-11-14,0.0115455269507009,0.0001332991925693,0.0002316577645855,0.0007730379114348784,0.02780355933032457,0.0007255466223714665,0.026935972645729105,0.0005184733144193336,0.022770009100115302,0.0005397998820766941,0.023233593826110805
2020-11-17,0.0601225144324671,0.0036147167416822,0.0011581192167807,0.0007346535883029473,0.027104493876531754,0.0006950223089334747,0.026363275762573107,0.0004983632456141271,0.022324050833442553,0.0005218605925751218,0.022844268265259052
2020-11-18,-0.0105780703722846,0.000111895572801,0.0002331607493261,0.0009074573775057035,0.030124033221096132,0.0008240657178231915,0.028706544860418008,0.0005318317100040229,0.02306147675245501,0.0005696627581738453,0.023867608974797734
2020-11-19,0.012298397091457,0.0001512505710191,0.0008717689502494,0.0008597236692234215,0.02932104481807259,0.0007854313321732982,0.028025547847870844,0.0005294033820266689,0.023008767503425055,0.0005543536373369389,0.023544715698791924
2020-11-20,0.0176057626742046,0.0003099628793404,0.0005475246033685,0.0008172152833311656,0.028586977513041942,0.0007513767353438256,0.027411251984245915,0.000509293245662748,0.022567526352322002,0.0005357700050052584,0.023146706137272717
2020-11-23,0.0189596620806043,0.0003594687862107,0.0001146877154013,0.0007867801390917206,0.02804960140700257,0.0007269646576214718,0.026962282129327848,0.000496119389680688,0.02227373766750179,0.0005213761918253251,0.022833663565563128
2020-11-24,0.0095290992809052,9.080373310534924e-05,9.912072734361624e-05,0.0007611414579188596,0.027588792251906562,0.0007065600528750053,0.02658119735593198,0.00048520400001275324,0.02202734664031856,0.0005088664776551911,0.022558069014328132
2020-11-25,-0.0129412792893622,0.0001674767096452,0.000438810708075,0.0007209211944300489,0.0268499756876994,0.0006754915417738781,0.025990220117841984,0.00046543493610802614,0.021573941135268403,0.0004922162489449942,0.022185947104980536
2020-11-26,0.0489441012722677,0.0023955250493499,0.0010394151105771,0.0006877145253429625,0.026224311722959717,0.0006501410065352959,0.025497862783678476,0.00047330481090941386,0.021755569652606523,0.00048563656975503846,0.022037163378144622
2020-11-27,0.0156232781629018,0.0002440868205554,0.0004096916796367,0.0007901831567833846,0.028110196669240587,0.0007273327390382701,0.026969107123489832,0.0004951546617903861,0.022252070955090585,0.00051326990636206,0.022655460850798424
2020-12-01,0.0145297481909877,0.0002111135824935,0.0002391686638983,0.0007574173766097057,0.027521216844640168,0.0007016863614814284,0.02648936317621525,0.00048086956552041276,0.02192873834766635,0.0004991655345517657,0.022342012768588368
2020-12-02,0.0311751224456666,0.0009718882595023,0.0005636011576057,0.000724639148962734,0.026919122366130994,0.0006764090138988725,0.026007864462482738,0.0004664295319025716,0.021596979693988962,0.00048539686578108617,0.02203172407645589
2020-12-03,0.0270165024083346,0.0007298914023795,0.0002663834363906,0.0007394740955951083,0.02719327298423469,0.0006873501224739728,0.02621736299618962,0.00046981306927744866,0.021675171724289722,0.0004866555226063012,0.022060270229675365
2020-12-04,0.0028948598976773,8.380213827180476e-06,0.0002972611451951,0.0007388991340021747,0.02718269916697337,0.0006865601131304498,0.026202292135048984,0.00046874321046499166,0.021650478296448596,0.000483343640267505,0.021985077672537455
2020-12-07,-0.0131745823709687,0.0001735696206494,0.0003595705126065,0.0006950679987916751,0.02636414229197823,0.0006532161872969071,0.02555809435965262,0.00044366112204829886,0.02106326475284159,0.00046687904540334353,0.02160738404812909
2020-12-08,-0.0017914925197739,3.2094454484059116e-06,0.0003477445697645,0.0006637780961031409,0.025763891322995853,0.0006297560115847083,0.025094939959774926,0.0004531555655148167,0.021287450892833945,0.0004623874120575832,0.021503195391791966
2020-12-09,-0.0067059684046819,4.4970012244593114e-05,0.0001770243553195,0.0006241439770638568,0.024982873675057013,0.0006002966880473226,0.024500952798765248,0.00043121076193536307,0.020765614894227503,0.00044737826141442517,0.021151318195668685
2020-12-10,0.001229948590974,1.5127735364389616e-06,0.000415903653999,0.0005893935391747008,0.024277428594781218,0.0005748606867813659,0.02397625255917542,0.0004237320811394976,0.020584753608909132,0.00043602889527543027,0.020881304922715685
2020-12-11,0.018834849662287,0.0003547515618009,0.0001177606527358,0.000554120693236405,0.02353976833438267,0.000549304602498771,0.023437248185287685,0.00040056343939941995,0.020014081028101687,0.00042261363751707625,0.02055756886202929
2020-12-14,0.0080900389582625,6.544873034620628e-05,0.0001669762468422,0.0005421585453502778,0.023284298257630134,0.0005415671895437348,0.023271596196731647,0.00039532232062047893,0.019882714116047612,0.0004166472509274172,0.020411938931111304
2020-12-15,0.013628367211995,0.0001857323928649,0.0003576622729237,0.0005135559564500334,0.02266177302088328,0.0005213146995952099,0.02283231700014718,0.00038050354715248974,0.019506500125662976,0.0004057184659968222,0.020142454319094834
2020-12-16,0.0125904684637279,0.0001585198961361,0.0001101300977891,0.0004938865426349302,0.022223558280233393,0.000507967156701132,0.022538126734516602,0.0003716621524417463,0.019278541242577104,0.000397753191069553,0.019943750677080603
2020-12-17,-0.012669198991666,0.0001605086030904,0.0001871755379112,0.00047376454384500196,0.02176613295569523,0.0004943573514911342,0.022234148319446242,0.00036243417794056714,0.01903770411421942,0.0003898182393661816,0.019743815218092514
2020-12-18,-0.0063953388922908,4.090035954724768e-05,0.0001479755049429,0.0004549691873997277,0.021330006736982706,0.0004818241474027335,0.021950493101585065,0.00037381687028790745,0.019334344320092872,0.00038967088863620217,0.019740083298613563
2020-12-21,-0.0577131632094494,0.0033308092076405,0.0017384047902631,0.0004301250577285788,0.020739456543713453,0.00046479349602654934,0.021559069924895865,0.00036889185943762837,0.019206557719633897,0.00038193745932192896,0.01954322029047232
2020-12-22,0.0091882740211278,8.44243794873338e-05,0.0006540604898768,0.0006041661067232968,0.02457979061593684,0.0005976963749762726,0.024447829657789105,0.000515428137334405,0.022703042468673773,0.0005836557787097636,0.02415896890824945
2020-12-23,0.032797845650295,0.0010756986793005,0.0007541501300312,0.0005729816030891389,0.02393703413309884,0.0005742321736448327,0.023963141981902806,0.0004931031526442806,0.022205926070404735,0.0005618660479447294,0.023703713800683836
2020-12-24,0.0014472765586155,2.09460943711815e-06,0.0002864581687285,0.0006031446276618252,0.024559002985907737,0.0005972732021425535,0.02443917351594676,0.0004968474153546974,0.02229007436853223,0.0005599150690957099,0.023662524571476093
2020-12-28,0.0164950655480714,0.0002720871874351,6.93617865917209e-05,0.0005670816265683428,0.023813475734725136,0.0005701185023921397,0.023877154403155743,0.0004681163688313985,0.021635997061180207,0.0005381930606072274,0.023198988353099095
2020-12-29,-0.0007114664349271,5.061844880279058e-07,0.0003140799674944,0.0005493819602203525,0.023438898442980475,0.0005571357737822223,0.023603723727035578,0.000456489325769315,0.021365610821348285,0.0005229344435541321,0.02286775991552588
2020-12-30,0.0129651162585361,0.0001680942395973,0.0003553960550598,0.000516449413676413,0.022725523397194025,0.0005328192543148979,0.023082877946973984,0.00043145087988484516,0.020771395713452795,0.000503688577514467,0.022443007318861414
2020-12-31,0.0049840153069776,2.4840408580187437e-05,0.0002490867959915,0.0004955481032316696,0.02226090975750249,0.0005178404107158328,0.02275610710811128,0.0004187540476362535,0.020463480828936547,0.0004888187639761335,0.022109246119579325
2021-01-01,-0.0008547079061182,7.305256047810417e-07,8.161276110320148e-05,0.0004673056415525806,0.02161725333044373,0.0004974726853016497,0.022304095706879707,0.0003994292527770185,0.019985726225909793,0.00047229170939994125,0.02173227345217111
2021-01-04,0.0747296818324241,0.0055845253467753,0.0022762024049631,0.00043931113459571257,0.020959750346693364,0.00047749189609694955,0.0218515879536694,0.0003791227780315917,0.01947107542052035,0.00045646016973006605,0.02136492849812669
2021-01-05,-0.0181287200473127,0.0003286504905538,0.0002706800220943,0.0007480239873264903,0.027350027190598737,0.0007113386293986394,0.026670932293390858,0.00042979140088297445,0.020731410971831475,0.0005451686979968764,0.023348847894422466
2021-01-06,0.004764248186688,2.2698060784360504e-05,0.0003594812350315,0.0007228615775201311,0.026886085202575162,0.0006906739766042007,0.02628067686731452,0.0004537473023204935,0.021301345082423633,0.0005452695466302808,0.023351007400758555
2021-01-07,0.0554671362318445,0.003076603201762,0.0011288495160073,0.0006808517665159848,0.0260931363871035,0.0006576789391219303,0.02564525178511473,0.0004316191623385471,0.020775446140541654,0.0005249127551203716,0.022910974556320636
2021-01-08,-0.0134407244034549,0.0001806530724896,0.0004113458006216,0.0008245968526307457,0.02871579448022892,0.000765107850973579,0.02766058298325578,0.00046158723204467564,0.021484581262958692,0.0005625346831140611,0.0237178136242374
2021-01-11,-0.0248451602112439,0.0006172819859223,0.0004168991266529,0.0007859602258222786,0.028034982179810253,0.0007338556598398132,0.027089770391050073,0.00047105266580119344,0.021703747736305668,0.0005520707195398756,0.023496185212495146
2021-01-12,-0.0010788699387345,1.1639603447051491e-06,0.0008034274087121,0.0007758395314282844,0.02785389616244529,0.0007246042143346637,0.02691847347705036,0.0005140223196425299,0.02267206033078004,0.0005700383229153209,0.023875475344279973
2021-01-13,0.0202991673910406,0.0004120561967694,0.0003382273925587,0.0007293589971632696,0.02700664727735136,0.0006881759171359691,0.026233107271841992,0.0004854323469383596,0.022032529290536746,0.0005476717447240347,0.02340238758597154
2021-01-14,-0.0039561478315864,1.5651105665366075e-05,0.0002179842032467,0.0007103208291396426,0.026651844760534733,0.0006729603765974841,0.025941479845943333,0.00047656672873841124,0.02183040835024419,0.0005343714286280242,0.023116475263932956
2021-01-15,-0.0006372729698621,4.061168381169679e-07,0.0004075465854058,0.000668640645731186,0.02585808666029229,0.0006409310685096824,0.025316616450657112,0.000458723541845762,0.021417832333029456,0.0005153195100077833,0.022700649990865532
2021-01-18,-0.0571335218680434,0.0032642393210461,0.0018708199291273,0.0006285465739976018,0.025070831138947147,0.0006105348441318614,0.024709003301061367,0.0004333152562203437,0.020816225791923562,0.0004965785444661522,0.022284042372652055
2021-01-19,0.0213690378525635,0.0004566357787442,0.0011125079898761,0.0007866881388205176,0.028047961402221686,0.0007298625789461022,0.027015968961821492,0.0005831985404849334,0.024149503938692685,0.0006863723692479805,0.02619870930500166
2021-01-20,0.0131998233181493,0.0001742353356303,0.0002157295542489,0.000766884997215944,0.02769268851548986,0.0007136396722311211,0.02671403511697776,0.0005692029199162109,0.02385797392731015,0.0006645862933630483,0.02577957124086916
2021-01-21,-0.0345688611707128,0.00119500616264,0.0008621238915314,0.0007313260175208087,0.02704304009390972,0.0006858288664656344,0.026188334549291873,0.0005471748827843452,0.023391769552223815,0.0006390278834825664,0.025279000840273857
2021-01-22,-0.0299938539548317,0.0008996312750637,0.0014958635932571,0.0007591468262279611,0.0275526192262725,0.0007061716180653439,0.0265738897804846,0.0006213987075258639,0.024927870096056418,0.0006878468913562512,0.02622683532865243
2021-01-25,0.0076216909493752,5.809017292778787e-05,0.0008217756386171,0.0007675758931581098,0.02770516004570466,0.0007116890254201077,0.026677500359293553,0.0006790093981172251,0.026057808774285398,0.000714629862835108,0.026732561845717442
2021-01-27,-0.0406175338418765,0.0016497840553959,0.0006641025465504,0.0007250067499442904,0.026925949378699545,0.0006787700599521846,0.026053215923416913,0.0006421555033687094,0.02534078734705592,0.0006835585512621237,0.026144952691908314
2021-01-28,-0.0036808735869268,1.3548830362935371e-05,0.0003024821297278,0.0007804933882713921,0.027937311758137934,0.0007201798359751277,0.026836166566317324,0.0007385424443204932,0.027176137406196878,0.0007582694558175,0.02753669289906651
2021-01-29,-0.0370745852165373,0.0013745248689782,0.0013638399401411,0.0007344767147968846,0.027101230872358634,0.0006846320844434491,0.02616547504715802,0.0006997419755415572,0.026452636457290173,0.0007240518416618326,0.026908211416997462
2021-02-01,0.0567607988248004,0.0032217882832294,0.0017071082950701,0.0007728796040477688,0.027800712293892197,0.0007131755715881227,0.02670534724709871,0.0007824814654136152,0.02797287016760374,0.0007785631759646922,0.027902744953941218
2021-02-02,0.0086872567103083,7.546842915079715e-05,0.0005093674574016,0.0009198141247986707,0.03032843755947,0.000823143103913677,0.02869047061157549,0.0008009722253870178,0.028301452708068147,0.0008018467648802316,0.028316898927676235
2021-02-03,0.0177639002522956,0.0003155561521735,0.0006233228402288,0.0008691533830597982,0.029481407413144273,0.0007829291573433721,0.02798087127562993,0.0007552055517400414,0.027481003470398262,0.0007652419887583802,0.02766300758699929
2021-02-04,0.0042776932059174,1.829865916395202e-05,0.0005277031786934,0.0008359375492066206,0.02891258461650602,0.000756482327614391,0.02750422381406883,0.0007245673781217313,0.026917789250265917,0.0007355454478491593,0.027120941131331695
2021-02-05,0.0434072358510309,0.001884188124227,0.0012316530381501,0.0007868792158040605,0.028051367449806443,0.0007185173203467497,0.026805173387738974,0.0006799196472220966,0.026075268881108334,0.0007023322563285959,0.026501551960754977
2021-02-08,0.0257938190998694,0.0006653211037567,0.0003693401614757,0.0008527177503094382,0.02920133131056593,0.0007676401112261962,0.027706318976475318,0.0006862282299528379,0.026195958275139274,0.0007059380150232578,0.02656949406788277
2021-02-09,-0.0053488316592504,2.861000011900036e-05,0.0004494474363253,0.0008414739515162791,0.029008170426903505,0.0007581105776649776,0.027533807903466198,0.0006704775394404421,0.0258935810470557,0.0006867068500656577,0.026205092063674527
2021-02-10,-0.0128828479718638,0.0001659677718661,0.0014458849579026,0.0007927021144324422,0.028154966070525502,0.0007204935785191636,0.026842011446968045,0.0006425475875910509,0.025348522394629848,0.0006582503356814376,0.025656389763203974
2021-02-11,0.0064260720381907,4.1294401840017595e-05,0.0003545909860475,0.0007550980538784649,0.027479047543145757,0.0006918121815303704,0.026302322740213845,0.0006410101085452588,0.02531817743332365,0.0006404275424454999,0.02530666992011197
2021-02-12,-0.0206522301371625,0.0004265146096383,0.0002866469277391,0.0007122698347561579,0.026688383891801278,0.0006595751497970423,0.025682195190385153,0.0006058925375705996,0.024614884472014074,0.0006140267133013623,0.024779562411418047
2021-02-15,-0.0123463538748814,0.0001524324540038,0.0002534967137782,0.0006951245212490879,0.02636521422725573,0.0006470866707399332,0.025437898316093905,0.0006318231341738218,0.025136092261404154,0.0006157196009016896,0.024813697848198472
2021-02-16,0.0394553599457169,0.001556725428446,0.0012365955276791,0.0006625629972143707,0.025740299089450587,0.0006231155193543212,0.024962281934036424,0.0006291548770000455,0.02508295989312357,0.0005998926703571546,0.024492706472686
2021-02-17,-0.003438312511031,1.182199292351252e-05,0.000190896398358,0.0007162127430882733,0.026762151316519257,0.0006643541585963179,0.02577506854687913,0.000633342407503914,0.025166295069078286,0.0006043057089178683,0.02458263022782282
2021-02-18,0.001362393745156,1.8561167168403545e-06,0.0002112324148763,0.0006739492980783877,0.025960533470604716,0.0006327757337027671,0.025155033963458827,0.000602239828074891,0.024540575137410512,0.0005803153291732337,0.024089734933644115
2021-02-19,-0.0395389936196703,0.0015633320164563,0.001266811233636,0.0006336237071966948,0.025171883266785877,0.0006030363111075547,0.02455679765579288,0.0005647109089822072,0.02376364679467794,0.0005572192559770386,0.023605492072334325
2021-02-22,0.0204397644924913,0.0004177839725085,0.000563604561051,0.0006894062057522729,0.026256545960051045,0.0006460293060758361,0.025417106563805334,0.0006565371345497581,0.025622980594570924,0.0006349220786525685,0.025197660182099617
2021-02-23,0.0633235085660609,0.0040098667371159,0.0020781677793679,0.000673108871757647,0.025944341806213682,0.0006341282931027417,0.025181904080167204,0.0006364399054365815,0.025227760610814855,0.0006158700817891461,0.024816729877023404
2021-02-24,-0.0021962188026856,4.823377029270163e-06,0.0004202073370897,0.0008733143436791477,0.029551892387445305,0.0007854467050079714,0.028025822111188307,0.0006696139307782763,0.02587689955883966,0.0006646857102560525,0.02578149937951733
2021-02-25,0.0206725027750097,0.0004273523709827,0.000289944337955,0.0008212048856801549,0.028656672620528626,0.0007447727104217351,0.027290524187375646,0.0006316706681551614,0.025133059267728658,0.0006361970437827974,0.025222946770407248
2021-02-26,-0.0380691345247775,0.0014492590034656,0.0006361372678094,0.0007975737347983127,0.028241347963550052,0.0007261452502127722,0.026947082406315756,0.000613588411822236,0.024770716820920545,0.0006172368225251189,0.02484425129733474
2021-03-01,0.0211000391681146,0.0004452116528959,0.0004969134871914,0.0008366748509183504,0.02892533233894384,0.0007550568889350193,0.027478298508732655,0.0007003792249251706,0.026464678817721757,0.0006836657084323445,0.026147001901410123
2021-03-02,0.0069582673169742,4.841748405447142e-05,0.0001857790065459,0.0008131870590370075,0.028516434893531267,0.0007364910349284354,0.027138368317355326,0.0006779393919050124,0.02603726928664011,0.0006618495782118928,0.025726437340057265
2021-03-03,0.0550825873484331,0.0030340914289977,0.0010710285486141,0.0007673008845380553,0.027700196471109283,0.0007013367263107761,0.026482762814909928,0.000640399106427022,0.025306108085342203,0.0006341425495787179,0.025182187148433274
2021-03-04,-0.0250158081197863,0.0006257906558859,0.0003418381661099,0.0009033083172056379,0.03005508804188798,0.0008036789700048766,0.028349232264822916,0.0006631176209978589,0.025751070288394982,0.0006636428837369767,0.02576126712211526
2021-03-05,-0.0330624206569363,0.0010931236596962,0.0005518225580096,0.0008866572575264575,0.029776790584723156,0.0007897498939845629,0.02810248910656426,0.0007020719621768988,0.02649664058285312,0.0006746600560255421,0.025974219064786953
2021-03-08,0.0053720305860449,2.885871261740206e-05,0.0001703621058886,0.0008990452416566425,0.02998408313850271,0.0007979534104702295,0.02824806914587667,0.0007695009957069856,0.02773988096057706,0.0007146165106462985,0.02673231210812672
2021-03-09,-0.0422498399018396,0.001785048971731,0.001621464690266,0.000846834049914288,0.02910041322583389,0.0007574590363649085,0.027521973700389085,0.0007222962967665618,0.02687557063145938,0.0006830042151443763,0.026134349334628104
2021-03-10,0.0248045653976748,0.0006152664645675,0.0005084983270343,0.0009031269452232953,0.030052070564659857,0.0007992776053647094,0.028271498109663545,0.0008252076121868353,0.028726427069631116,0.0007663426182422812,0.02768289396436509
2021-03-12,-0.0062998199887369,3.968773189048917e-05,0.0006515048315354,0.0008858553163839492,0.029763321662474924,0.0007851919522881023,0.02802127677833582,0.000798327035238724,0.028254681651696662,0.0007421280849451011,0.02724202791543062
2021-03-15,0.0225915378490914,0.0005103775823869,0.0003914776828992,0.0008350852613143415,0.028897841810667135,0.0007461122423862469,0.027315055233080653,0.0007636973724948906,0.02763507504051492,0.0007106541844007955,0.02665809791415726
2021-03-16,-0.0169128337014389,0.0002860439438125,0.0002959640668837,0.0008156028005786968,0.028558760487435317,0.0007311402771823185,0.027039605714254015,0.0007384975944115244,0.027175312222889443,0.0006882341056455162,0.026234216314681792
2021-03-17,-0.0275141484657613,0.0007570283657959,0.0004556020257555,0.0007838292691727266,0.02799695106922764,0.0007071142492873635,0.02659161990716932,0.0007453990205760027,0.027301996640832018,0.0006760239342063417,0.026000460269124885
2021-03-18,0.000638565383748,4.077657493212933e-07,0.0004323353760673,0.0007822212149701203,0.0279682179441258,0.0007061178841645528,0.026572878733109682,0.000790835905258337,0.028121804800871814,0.0006945443859356679,0.02635421002298623
2021-03-19,0.0391605902516574,0.0015335518288582,0.0022123423412544,0.0007353124080168724,0.027116644482990008,0.0006709956721791855,0.0259035841570078,0.0007358760331966654,0.0271270350977888,0.000663752291986929,0.025763390537484172
2021-03-22,0.0142231519775504,0.0002022980521764,0.0002844815449878,0.0007832067732673523,0.027985831652237034,0.0007077155761766086,0.026602924203489524,0.000733650874369215,0.02708599037083959,0.0006634483066002986,0.02575749030088721
2021-03-23,-0.0031658074920525,1.0022337076735822e-05,0.0001711657702462,0.0007483522500019009,0.02735602767219504,0.0006816026604963201,0.026107521148058466,0.0007003063240414334,0.026463301457706166,0.0006384865141877196,0.025268290685911455
2021-03-24,-0.0531305060324466,0.0028228506712638,0.0008160531582256,0.0007040524552263909,0.02653398679479567,0.0006486923727846928,0.025469439977838005,0.0006629452488879829,0.02574772317871976,0.0006120869942525117,0.024740391958344387
2021-03-25,0.0285443263634432,0.0008147785675427,0.0012857131231549,0.0008311803481886382,0.028830198545772075,0.0007453035903549014,0.02730024890646423,0.0008089023182357194,0.028441208100847604,0.0007660944418776448,0.02767841111548213
2021-03-26,0.0586744416365011,0.0034426901013551,0.0015847658327656,0.0008301962413498854,0.028813126198833153,0.0007441487074657921,0.027279089197878147,0.0007881249243507167,0.028073562729919347,0.0007455950412657288,0.0273055862648237
2021-03-30,0.0423204833412754,0.0017910233102391,0.0005897343085173,0.000986945872950203,0.03141569469151053,0.0008618551002011661,0.029357368754729468,0.0008089508976055722,0.028442062119431007,0.0007751870464637097,0.027842181065134062
2021-03-31,0.0147037581895487,0.0002162005048967,0.0006182993907514,0.001035190519187541,0.03217437674901475,0.0008963749566264994,0.029939521649927865,0.0008064826549041616,0.028398638257919367,0.0007721743913944855,0.02778802604350452
2021-04-01,0.0611571943270298,0.003740202417954,0.0012616386053806,0.0009860511183300915,0.031401450895302455,0.0008572125531774353,0.029278192450652333,0.0007679221920228069,0.0277114090587759,0.000740170606388647,0.027206076644541142
2021-04-05,0.0054309483354216,2.949519982201941e-05,0.0008128300940124,0.0011513001963075313,0.033930814848858716,0.0009801688835071704,0.03130764896167022,0.0007930594889406548,0.028161311917960334,0.0007756419569675637,0.027850349315000765
2021-04-06,-0.0056626969172347,3.2066136376460154e-05,0.0002823614098667,0.0010839918965184006,0.03292403220321594,0.0009264926055288564,0.030438341044295703,0.000743876141430303,0.02727409286173058,0.0007399443011637066,0.027201917233233883
2021-04-07,0.0138115448636634,0.0001907587715209,0.0001951828946509,0.001020876350909884,0.031951155705386994,0.0008768240748913832,0.02961121535653988,0.000711321124606224,0.02667060412900735,0.0007081329913163726,0.026610768333822542
2021-04-08,0.0485806337983893,0.0023600779802532,0.0021557633165588,0.0009710692961465501,0.031161984791514004,0.0008379291886765385,0.028947006558132028,0.0006792302439771132,0.02606204604356905,0.0006799572242369071,0.02607598942009501
2021-04-09,-0.0207940094237672,0.0004323908279157,0.0008591445914829,0.0010544098171929495,0.032471677153989895,0.0008999040732919646,0.029998401178928928,0.0006920594057613811,0.026307021985800313,0.0006938870535625281,0.02634173596334395
2021-04-12,-0.0547808839170694,0.0030009452427354,0.0011895126512911,0.0010170886778363157,0.03189182775941692,0.0008702572769153573,0.029500123337290598,0.0007149940020445318,0.02673937175859844,0.0006905914162177472,0.026279106077219352
2021-04-13,0.0317267006985904,0.0010065835372179,0.0005120585690988,0.0011361200717302628,0.0337063802822294,0.0009588545775721724,0.03096537707782956,0.0008692538215263323,0.02948311078441914,0.0008506384597389471,0.029165706913067392
2021-04-15,0.021607931020085,0.0004669026829687,0.0004606562994692,0.0011283478796595232,0.03359088983131473,0.0009508864778016667,0.030836447230536572,0.0008484667117367808,0.029128451928257033,0.0008280184963218893,0.028775310533891537
2021-04-16,-0.0088903599527748,7.903850008990201e-05,0.0003526502826959,0.001088661167858077,0.03299486578027068,0.0009191033256141703,0.030316716933305465,0.0008155962537692364,0.028558645867219203,0.0007969128300913378,0.028229644526478505
2021-04-19,-0.0024745259924428,6.123278887275484e-06,0.0007094385191524,0.0010280838077919862,0.03206374600373428,0.0008720935981695476,0.02953123089492796,0.0007888443853732215,0.02808637366007263,0.0007642598146481444,0.027645249404701422
2021-04-20,0.0066778921520563,4.459424359449539e-05,0.0002546474463472,0.0009667661760577034,0.03109286374809666,0.0008251964334604129,0.02872623249680356,0.0007417171960085762,0.02723448541846488,0.0007291684413936006,0.02700311910490343
2021-04-22,0.0301883759329308,0.0009113380414679,0.0007411492584461,0.0009114358601099109,0.030189996026993956,0.0007834381543846181,0.027989965244433906,0.0006984984826425145,0.026429121866655247,0.0006968708491189347,0.026398311482345508
2021-04-23,0.004547834183069,2.06827957566912e-05,0.0004915369580442,0.0009114299909913936,0.03018989882380187,0.0007838828442969023,0.02799790785571133,0.0006873111430621449,0.026216619596396193,0.0006828089977505444,0.026130614186247986
2021-04-26,0.0162352784257092,0.0002635842655603,0.0002731480488189,0.0008579851592773113,0.029291383703698794,0.0007440390512984683,0.027277079229610864,0.0006461716204376963,0.02541990598797911,0.0006531806504850922,0.025557399133814305
2021-04-27,0.0385767105728359,0.0014881625986203,0.0005818555580318,0.0008223211056542905,0.02867614174979421,0.0007180627159178916,0.026796692257028507,0.0006219084036318721,0.024938091419189883,0.0006300443112409824,0.025100683481550506
2021-04-28,-0.0065157155556532,4.245454920218183e-05,0.0002190098464696,0.0008622715952322541,0.029364461432695374,0.0007493187230787522,0.02737368669139676,0.0006254365117479405,0.025008728711150844,0.0006311620241514835,0.025122938206974987
2021-04-29,0.0598855862439291,0.003586283439779,0.0010296325058278,0.0008130825724704496,0.028514602793488983,0.0007129648880737918,0.02670140236155756,0.0006045460468900387,0.02458751811163621,0.0006073139351839002,0.024643740283972728
2021-04-30,0.0025661883695851,6.585322748194134e-06,0.0005835727658585,0.000979474624508967,0.03129655930783713,0.0008394223136494828,0.028972785741959346,0.0006345493883331456,0.025190263760690272,0.0006488518038604799,0.02547256963599236
2021-05-03,0.0293052875015692,0.0008587998755496,0.0008446452375155,0.0009211012664033205,0.03034965018584762,0.0007949147097595135,0.028194231852623923,0.0005956155650179448,0.024405236426184133,0.0006212419599813881,0.024924725875752136
2021-05-04,-0.0008455306089013,7.149220105891562e-07,0.0002657567876764,0.0009173631829520989,0.03028800394466593,0.000792152702208135,0.02814520744652871,0.0005898164665791793,0.0242861373334497,0.0006112837914719918,0.02472415400922733
2021-05-05,0.0059042628148516,3.486031938684035e-05,0.0005411236055969,0.0008623642872956083,0.02936603969376205,0.0007508068251458395,0.02740085446014119,0.0005543686223279855,0.023545033920722762,0.0005861195357154663,0.02420990573536928
2021-05-06,0.0283292350191658,0.0008025455567711,0.0022916430144259,0.0008127140492210822,0.02850814005194099,0.000714001854860807,0.02672081313996277,0.0005256369829743984,0.022926774369160578,0.000563245594447488,0.023732795757084497
2021-05-07,0.071375856020167,0.0050945128226116,0.0010256497431197,0.0008121039396740851,0.028497437422934806,0.0007145634432281642,0.026731319519024202,0.0005228490202210748,0.02286589207140353,0.0005561383984848986,0.02358258676407019
2021-05-10,0.0283506937509491,0.0008037618361601,0.0002056635032498,0.0010690484726503368,0.03269630671269061,0.0009090746139252952,0.030150864231814237,0.000568796453045044,0.02384945393599283,0.0006290710325203763,0.025081288494022316
2021-05-11,0.0143252084036651,0.0002052115958084,0.001174071991547,0.0010531312744609229,0.03245198413750572,0.0008955483473443044,0.029925713815117334,0.000563520893029953,0.023738595009603097,0.0006175669597693369,0.024850894546662436
2021-05-12,-0.0453860289013882,0.0020598916194376,0.0017372631160591,0.0010022560937417739,0.0316584284787128,0.0008559491915622459,0.02925660936544503,0.0005431261876768858,0.023305067853942964,0.0005957395839248887,0.024407777119698725
2021-05-14,-0.0407195743955181,0.0016580837389521,0.0013292948763396,0.0010657142252835261,0.032645278759470354,0.0009030496606898875,0.030050784693413372,0.0006557225141050161,0.02560707937475526,0.0007023912635446516,0.02650266521587313
2021-05-17,0.0164266227771898,0.000269833935864,0.0008442066994914,0.0011012563961036426,0.03318518338210055,0.0009285742366161619,0.030472516086076023,0.0007525498488176158,0.02743264203130307,0.0007763648560869207,0.027863324569887937
2021-05-18,0.0250136008011932,0.0006256802250414,0.0004044069336007,0.0010513710484892696,0.03242485232794853,0.000889501524796257,0.029824512146827433,0.0007204483384719831,0.02684116872403255,0.0007450739631353222,0.027296042994092058
2021-05-19,-0.0134372438006723,0.0001805595209587,0.000260612660186,0.0010258295990824005,0.03202857472761472,0.0008693452985505963,0.029484662089815383,0.0007013854900493694,0.026483683468304958,0.0007224804221030915,0.026878995928105116
2021-05-20,-0.0521866715832328,0.0027234486909362,0.0004056662294942,0.0009751133943949788,0.031226805702712836,0.0008305316352983297,0.028818945770071634,0.0006982517063702461,0.026424452811179385,0.0007012719943098996,0.026481540633239212
2021-05-21,0.0072583869899356,5.268418169566727e-05,9.454438312642775e-05,0.001080013512187452,0.03286355903105219,0.0009094666399955397,0.03015736460627055,0.0008412509752225425,0.029004326836224666,0.0008429789609241583,0.029034099967523676
2021-05-24,-0.0191380263029036,0.0003662640507706,0.000216671231147,0.001018373752357945,0.031911968794763275,0.000861964400394306,0.0293592302418559,0.0007901799333056164,0.028110139332732174,0.0008031902646195928,0.028340611578079836
2021-05-25,0.0120153415925242,0.000144368433585,0.0001960912473497,0.000979247170262706,0.03129292524297954,0.0008320794124903153,0.028845786737239726,0.0008024235198859493,0.02832708103363192,0.0007883566503213673,0.02807768954742123
2021-05-26,-0.0210764504346401,0.0004442167629238,0.0001420898962891,0.0009291544460620461,0.03048203480842521,0.0007943317549639177,0.028183891763983157,0.0007607597886331053,0.027581874277015788,0.000753934819735199,0.02745787354722137
2021-05-27,0.0133102293006067,0.0001771622040347,0.0003650509995946,0.0009000581850737538,0.03000096973555611,0.0007728734948332406,0.02780060241853116,0.0007816237039329761,0.027957533938689515,0.0007473586938948415,0.027337861911547537
2021-05-28,0.0062269093758774,3.8774400375389965e-05,0.000611980024026,0.0008566844262114122,0.029269171942701285,0.000740900510507697,0.02721948769737772,0.0007433059971555713,0.027263638736521788,0.0007162973231187162,0.026763731487195807
2021-05-31,0.0198737307668361,0.0003949651745926,0.0002729009581441,0.0008076098246612508,0.0284184768181064,0.0007049906611904884,0.026551660234164047,0.000699403463181943,0.026446237221615158,0.0006847559931264329,0.02616784272970229
2021-06-01,-0.0222325843605893,0.0004942878073507,0.0004160310352219,0.000782851145657137,0.02797947722272768,0.0006877835592349226,0.026225627909259343,0.0006755469030304071,0.025991285136183765,0.0006619352149473413,0.025728101658446183
2021-06-02,0.0208101006640335,0.0004330602896472,0.0001924706886665,0.000765537345358752,0.027668345547913628,0.0006763132066623522,0.026006022507533755,0.0007042319426966806,0.026537368797540584,0.0006647156743738675,0.025782080489632087
2021-06-03,-0.0018253329526194,3.331840387918342e-06,0.0002034395792372,0.0007455887220160593,0.02730547055108297,0.0006629070684964366,0.025746981735660524,0.0006811609335472353,0.026099060012713778,0.0006439465649278467,0.02537610224064852
2021-06-04,-0.0011593652417474,1.3441277637722228e-06,0.0001371668905251,0.0007010533091183708,0.026477411299414652,0.0006310498162409581,0.02512070493121079,0.000641071067659962,0.02531938126534616,0.0006167555711940719,0.0248345640427625
2021-06-07,0.0071130739572232,5.059582112092753e-05,0.0001665684783358,0.0006590707582370947,0.025672373443783782,0.0006014123820276773,0.024523710608871516,0.0006022721174113484,0.024541233005115053,0.0005912639071746146,0.02431591880177705
2021-06-08,-0.0157160760935414,0.0002469950477779,0.0003085478281703,0.0006225622620101246,0.024951197606730716,0.0005761497705202898,0.024003120016370574,0.0005710508033771283,0.02389666929463452,0.0005683362783661097,0.02383980449513187
2021-06-09,-0.0091316164688404,8.338641933399794e-05,0.0003388518358957,0.0006000282291561961,0.02449547364629221,0.000561595647311835,0.023698009353357825,0.0005823983766893979,0.024132931373734894,0.0005616959899707705,0.02370012637035445
2021-06-10,0.012142145180755,0.0001474316895905,0.0001523257001642,0.0005690297205668642,0.023854343851107376,0.0005407018445076967,0.023252996462987233,0.0005725500519853085,0.023928018137432706,0.00054511121292424,0.023347616857491902
2021-06-11,0.0386356503069746,0.0014927134746428,0.0007378095536655,0.0005437338387082843,0.02331810109567853,0.0005242175955662414,0.0228957986444291,0.0005491253674399493,0.02343342415098462,0.0005270773106535359,0.02295816435722891
2021-06-14,0.0055528017831503,3.0833607642958155e-05,0.0004009434549792,0.0006006726168643568,0.02450862331638309,0.0005697331200552826,0.023869082932850238,0.00055647058073701,0.02358962866890893,0.0005351924396226135,0.023134226583627418
2021-06-15,0.0081227423446442,6.597894319747735e-05,0.0001867431854886,0.0005664822763110728,0.023800888141224327,0.0005458740422339945,0.02336394748825623,0.0005272005984223353,0.022960849253072832,0.0005156630236484312,0.022708214893479215
2021-06-16,-0.0277597307608188,0.0007706026519131,0.0007583824077689,0.0005364520763242569,0.02316143510934193,0.0005253332690788492,0.02292014984852519,0.0005028929237850733,0.022425274218726362,0.0004980962933843977,0.022318071005003944
2021-06-17,-0.0120672803978276,0.0001456192561997,0.0004225243662815,0.0005505011108595905,0.023462760086136295,0.0005381296120050208,0.023197620826391246,0.0005546313960638024,0.02355061349654829,0.0005294246101532763,0.023009228803966386
2021-06-18,-0.0104279461355959,0.0001087420606068,0.0011006466880206,0.0005262081995800027,0.022939228399839494,0.0005217499314377475,0.022841846060197225,0.0005554402991413471,0.02356778095496789,0.0005189587127352351,0.022780665326878297
2021-06-21,0.0125999551947109,0.0001587588709087,0.000628747764963,0.0005011602312416159,0.022386608301429134,0.0005048909898977424,0.02246977948039861,0.0005512007946490803,0.023477665868843953,0.0005068535169836159,0.02251340749383833
2021-06-22,0.0055444193740247,3.074058619506075e-05,0.0001729873130768,0.00048061614962164223,0.021922959417506622,0.0004915150089214171,0.02217013777407387,0.0005298358644825737,0.023018163794763773,0.000491598158944059,0.022172012965539663
2021-06-23,-0.0110288707968268,0.000121635991053,0.0002569928053671,0.0004536236158160473,0.02129844162881518,0.0004733225613307238,0.021755977599977525,0.0005026518340721434,0.022419898172653312,0.00047499387483644504,0.021794354196361155
2021-06-24,0.0117927901183671,0.0001390698987758,0.0001424708416286,0.0004337043583302704,0.020825569820061837,0.00046055740325632916,0.021460601185808593,0.0005031606207562818,0.02243124206896002,0.0004666592700156516,0.021602297794809967
2021-06-25,0.0457417719511273,0.0020923097012289,0.000436441893672,0.0004160262907570055,0.02039672254939517,0.0004495057083947789,0.02120154966965337,0.00048439982279689284,0.022009085005899105,0.00045373750915392275,0.021301115209160358
2021-06-28,0.0159628675743862,0.0002548131411973,0.0001763118310986,0.0005166032953853215,0.02272890880322506,0.000527538689561965,0.022968210412697917,0.0005023972780789203,0.022414220443257006,0.00047789162491763753,0.02186073248813126
2021-06-29,-0.0097176328636093,9.443238847190047e-05,0.0001816098587306,0.0005008958861340456,0.022380703432511802,0.0005168622489052934,0.022734604656894596,0.0004879768123371687,0.022090197200051627,0.00046636133916007447,0.021595400879818705
2021-06-30,-0.005087294076468,2.588056102046697e-05,0.0002070976233885,0.00047650807627431683,0.021829064942739,0.0004997108905988046,0.022354214157487277,0.000485504066784637,0.02203415682036953,0.00045687868852199644,0.021374720782316583
2021-07-01,-0.0026178994502594,6.853397531668911e-06,0.000109749971587,0.0004494704253590858,0.021200717567079794,0.0004807045736847062,0.021924976024723635,0.00047015484840852884,0.021683054406806457,0.00044367916210065,0.021063692983440723
2021-07-02,-0.0239623971395117,0.0005741964766716,0.0003663440277951,0.00042291340368944073,0.020564858465096245,0.00046221622156573244,0.02149921444066579,0.0004491457871865661,0.021193059882578687,0.00043015747279647306,0.02074023801204974
2021-07-05,0.0181874984176278,0.0003307850986912,0.0001818974559798,0.000431990388068375,0.02078437846240236,0.00047071131181198965,0.021695882369979554,0.0004897465679041741,0.022130218433268435,0.0004535739179723688,0.021297274895450094
2021-07-06,0.008949816417236,8.009921390222833e-05,0.0002049664993606,0.0004259180707057453,0.020637782601475026,0.0004675886869838392,0.02162379908766818,0.0004784439251752774,0.021873361085468265,0.00044508462332777557,0.021097028779611966
2021-07-07,0.0430930978604199,0.0018570150832077,0.0011236037324966,0.0004051689392975342,0.020128808690469843,0.0004533618381495874,0.02129229527668606,0.00045858525809037564,0.021414603850885863,0.0004325181792284903,0.02079707140990025
2021-07-08,-0.0240005125338852,0.0005760246018891,0.0005911066294663,0.0004922797079321458,0.02218737722066639,0.0005204802951844957,0.022814037239920856,0.00047472228478088053,0.02178812256209517,0.00045373513824712504,0.021301059556912305
2021-07-09,0.0408438564860348,0.0016682206126518,0.0007678768241317,0.0004973044015695679,0.022300322902809457,0.000524833852443161,0.02290925255094895,0.0005150371250010404,0.022694429382582863,0.00047568471235419834,0.02181019743959688
2021-07-12,-0.010055599626768,0.0001011150838538,0.0003791597166209,0.0005675593742345024,0.023823504658939298,0.0005782373499579426,0.024046566282069103,0.0005264354967717332,0.022944182198800053,0.0004905037418826313,0.02214731906761248
2021-07-13,0.0014660072524999,2.149177264382415e-06,9.820753149824758e-05,0.0005395727168116635,0.023228704587463837,0.0005569383273963472,0.02359954083020149,0.0005227627780187957,0.02286400616731013,0.0004798246041658146,0.021904899090518876
2021-07-14,0.0128971093404181,0.0001663354293387,0.0001953185043701,0.0005073273044388266,0.022523927375988996,0.0005327103835847727,0.023080519569211883,0.0004919509507887922,0.02217996733065205,0.0004634807639348284,0.021528603390253358
2021-07-15,0.0089976574913131,8.095784033098388e-05,0.0001817732928647,0.000486867791932819,0.02206508082769739,0.0005176599376339684,0.022752141385679905,0.0004751025729022559,0.021796847774443347,0.0004512778401296349,0.021243301064797694
2021-07-16,0.0177561624508417,0.0003152813049806,0.0001106807361542,0.0004625131948367088,0.021506119939140783,0.0004998417178904782,0.02235714019928484,0.00045553285637775937,0.02134321569908713,0.00043831150936181763,0.020935890460207746
2021-07-19,-0.0094700805616916,8.968242584492998e-05,0.0003083768470952,0.0004536792814453471,0.021299748389249744,0.0004939063830251213,0.022224004657692125,0.0004459591432942922,0.02111774474924565,0.0004305595077816634,0.020749927898228066
2021-07-20,-0.0264442882193953,0.0006993003794304,0.0005176781958636,0.000431839470109322,0.02078074758302314,0.0004782046403527719,0.021867890624218237,0.00044509265308540413,0.021097219084168513,0.00042317888344633336,0.020571312146927655
2021-07-22,0.0316423447340548,0.0010012379802687,0.0002028420444623,0.00044788712466858964,0.02116334389146927,0.00049119506918343,0.022162921043568016,0.0004932322005494522,0.02220883158901999,0.00045500884572837233,0.021330936353764977
2021-07-23,0.006576975242818,4.325660334464181e-05,0.0001010124924342,0.00048108817600460023,0.0219337223472123,0.0005168908019859128,0.022735232613411125,0.0004957453328682272,0.022265339271347905,0.0004588517824221409,0.021420825904295587
2021-07-26,0.012832841623978,0.0001646818241461,0.0001967293462129,0.0004548182816450027,0.021326469038380515,0.0004974243070528863,0.02230301116560018,0.00047223411543722714,0.021730948332671245,0.00044467805875176214,0.02108739098968296
2021-07-27,0.0248813495314406,0.0006190815545057,0.0001445472754307,0.0004374100941950687,0.02091435139312402,0.0004848573709915184,0.022019477082608443,0.00045667712766518827,0.02137000532674684,0.00043370686724854924,0.02082563005646046
2021-07-28,0.0254868475551745,0.0006495793983007,0.0008189895923817,0.0004483103818137077,0.02117334130017527,0.0004937397079098468,0.022220254451959968,0.0004541561783331884,0.021310940343710512,0.00043189573438744377,0.020782101298652256
2021-07-29,0.0663226834832291,0.0043986983444165,0.0023029872130355,0.00046038652280292754,0.02145661955674583,0.00050335652842826,0.022435608492489344,0.00045238364370725606,0.021269312252803475,0.0004307715543919397,0.020755036843907063
2021-07-30,-0.016800184145027,0.0002822461873068,0.0003457736729,0.0006966852320997475,0.026394795549497016,0.0006817305180423966,0.026109969705888143,0.0004936681586236462,0.022218644392123614,0.0004992224222426871,0.02234328584256772
2021-08-02,-0.0170516840079385,0.0002907599275065,0.0003054073163975,0.0006718188894121715,0.025919469311931745,0.0006611150585953081,0.02571215779733992,0.0005116346674027972,0.022619342771238893,0.0004994610343784943,0.022348624887864897
2021-08-03,-0.00202326019807,4.093581829094622e-06,0.0001698343951761,0.0006489553516978363,0.025474602091059957,0.0006423790335707204,0.025345197445881547,0.0005296719691948492,0.02301460338990983,0.0005002243093101889,0.022365694921244652
2021-08-04,0.0063752561001953,4.064389034307751e-05,0.0003262288308019,0.0006102636455057118,0.02470351484112558,0.000612044499053733,0.024739533121175366,0.000502500158322809,0.022416515302847786,0.0004827309936416335,0.02197114001688655
2021-08-05,0.0212388511861145,0.0004510887997059,0.0007001697312978,0.0005760864601959537,0.02400180118649335,0.0005855612442112777,0.024198372759573684,0.0004782734822063416,0.021869464607217563,0.0004669056212854844,0.021607999011604116
2021-08-06,-0.01234604550717,0.0001524248396651,0.0001668167072101,0.0005685866005665515,0.023845054006366845,0.0005795495092190154,0.024073834535009487,0.0004708069849039095,0.021698087125456695,0.0004597513944037824,0.02144181415840979
2021-08-09,-0.0117213615590204,0.0001373903167972,0.0002547300084092,0.0005436168949124651,0.02331559338538192,0.0005604744765371498,0.023674342156375747,0.0004767283494878272,0.021834109770902665,0.00045439545761299157,0.0213165536054258
2021-08-10,-0.0277135680954309,0.00076804185658,0.0004800492795849,0.0005192433002255541,0.02278691072141097,0.0005421028517577201,0.023283102279501332,0.0004805763337880052,0.02192205131341511,0.0004484443117885072,0.021176503766875854
2021-08-11,0.0375785832000776,0.0014121499153251,0.0003772735050828,0.0005341712136068261,0.023112144288378482,0.0005535676513113027,0.023528018431463852,0.0005323774106185516,0.02307330515159351,0.00048294356133774956,0.021975976914297795
2021-08-12,0.0063951329112947,4.089772495312562e-05,0.0001396524325887,0.0005868499357099258,0.024224985773162507,0.0005933139400875098,0.02435803645796413,0.000539360964626213,0.023224146154944277,0.0004925283127121973,0.022192978905775523
2021-08-13,0.0181569335811922,0.0003296742370718,0.0012971659865609,0.0005540928030645178,0.02353917592152533,0.0005682001288750889,0.023836948816387742,0.0005123204258270334,0.02263449636786808,0.0004760498681578889,0.02181856705097493
2021-08-16,0.0387497007689557,0.0015015393096836,0.0006195754126142,0.0005406276891049562,0.023251401873972163,0.000557959328658051,0.023621162728749215,0.0004995235749211767,0.02235002404744068,0.0004660309784034081,0.0215877506564118
2021-08-17,-0.0103867419901159,0.0001078844091692,0.0002813302711974,0.0005982823863396752,0.024459811657894574,0.0006014274823054567,0.02452401847792194,0.0005093344292315906,0.022568438785870646,0.00047840827842939807,0.02187254622647757
2021-08-18,-0.0021636107211462,4.681211352658848e-06,0.0001503777084131,0.0005688585077094488,0.02385075486665881,0.0005787531318036617,0.024057288538063923,0.0005076040031525477,0.022530068867017423,0.0004689711125946972,0.0216557408692175
2021-08-20,-0.0868750419979432,0.0075472729221444,0.001296306882722,0.0005350078699280414,0.023130237135145015,0.0005530580526822783,0.02351718632579753,0.0004825345450907461,0.021966668957553535,0.0004536134094944135,0.021298202024922514
2021-08-23,-0.0123984014778023,0.0001537203592047,0.0019140531666557,0.000955743773061023,0.030915105904088747,0.0008701393805287019,0.029498125034122115,0.0007581946434764224,0.027535334453687364,0.0009182948513266519,0.03030338019638489
2021-08-24,0.033296555028364,0.0011086605767568,0.0003410323519339,0.0009076223682296478,0.03012677161976782,0.0008300550574169742,0.028810676101351285,0.000747914995413121,0.02734803458044327,0.0008822352520238103,0.029702445219607937
2021-08-25,-0.0103405504470877,0.0001069269835487,0.0003750431631833,0.0009196846607412813,0.030326303116952474,0.0008360386831005524,0.028914333523367825,0.0007374324631163259,0.02715570774471411,0.0008593861869080687,0.029315289302820614
2021-08-26,-0.0109574631320623,0.0001200659982905,0.0001676657690158,0.0008709192001097303,0.02951134019507976,0.0007963116815944569,0.02821899504933613,0.0007213468021696636,0.026857900181690743,0.0008243099180716534,0.028710797935126313
2021-08-27,0.006595995636337,4.3507158434577566e-05,6.503694252131167e-05,0.0008258680080005768,0.028737919340143202,0.0007600587618598454,0.027569163241923853,0.0007084610234268189,0.026616931142166237,0.000792423039227046,0.028150009577743416
2021-08-30,0.0399735170201416,0.0015978820629595,0.0003943620361652,0.0007789263570266167,0.02790925217605475,0.0007229738473905433,0.02688817300209412,0.000667951969036886,0.025844766763058358,0.0007558584738262775,0.027492880420688506
2021-08-31,0.0066762047889635,4.4571710384179646e-05,0.0001258433249035,0.0008280636993825927,0.028776095971875557,0.000758832946647589,0.027546922634798774,0.0006706553459821633,0.02589701422909914,0.000750563140586044,0.02739640743940789
2021-09-01,-0.0272954791973648,0.0007450431846137,0.0004142392485574,0.0007810541800426879,0.027947346565330454,0.0007218850202251263,0.026867918047834043,0.0006333887132498613,0.02516721504755465,0.0007168287217811388,0.026773657235819294
2021-09-02,0.0098015728337126,9.607083001457326e-05,8.645456060844817e-05,0.0007788935203169531,0.027908663893439132,0.0007192760584349504,0.02681932248277257,0.0006812286885533503,0.02610035801580795,0.0007318484557589472,0.027052697753809085
2021-09-03,0.0129327311963149,0.0001672555361961,0.00023346590821,0.0007379241588988102,0.027164759503791124,0.0006875236980721416,0.026220673104864062,0.0006467488597783149,0.025431257534347666,0.0007003251822981747,0.026463657764907986
2021-09-06,-0.0046170440974464,2.131709619776503e-05,0.0001447718424025,0.0007036840415366498,0.026527043588320386,0.0006612908314807364,0.025715575659135775,0.0006186217544083798,0.024872107960693234,0.0006722379271216142,0.0259275515064885
2021-09-07,-0.005792806238155,3.355660411280845e-05,0.0002559029509529,0.0006627420248163166,0.0257437764288054,0.0006303636626654349,0.025107044084587794,0.0005923132610007645,0.024337486743720365,0.0006442896839602729,0.025382862012788724
2021-09-08,0.0008046924649091,6.475299630815362e-07,0.0001019326005614,0.0006249908995741059,0.024999817990819573,0.0006022319290009617,0.024540414197828073,0.0005715559750984779,0.023907236877114803,0.0006189951405088708,0.024879612949338076
2021-09-09,0.0119228913549724,0.0001421553382624,0.0001785666365954,0.0005875302973974444,0.024239024266612806,0.0005746523144247092,0.023971906774904437,0.0005360143897744312,0.023151984575289247,0.0005932797570724577,0.024357334769478736
2021-09-13,0.011304151823491,0.0001277838484485,0.0002149497868898,0.0005608077998493462,0.023681380868719338,0.0005554681641008364,0.02356837211393346,0.0005150320289252306,0.022694317106386582,0.0005719140784263509,0.023914725138005473
2021-09-14,-0.0076481197723003,5.849373605145163e-05,0.0001229359564855,0.0005348263627652975,0.023126313211692378,0.0005370253008095113,0.02317380635134227,0.000494919666107789,0.022246790018063033,0.0005517164476382262,0.02348864507880832
2021-09-15,0.00192607847148,3.709778278298839e-06,6.354478983520574e-05,0.0005062464051624666,0.022499920114579665,0.0005167877440382927,0.02273296601938015,0.0004861453758010083,0.02204870462863994,0.0005342208205916971,0.02311321744352562
2021-09-16,-0.0126910137591553,0.000161061830235,0.0002828876391542,0.00047609420754941655,0.02181958312043144,0.0004955412653651584,0.02226075617235763,0.00045874531342443727,0.02141834058521895,0.000514253827688949,0.022677165336279333
2021-09-17,-0.03603382508867,0.0012984365505208,0.0011869557835645,0.0004571922649105557,0.021382054740144964,0.00048294723220723636,0.021976060434191484,0.00046621004581938566,0.02159189768916539,0.0005057871873622416,0.02248971292307311
2021-09-20,-0.1007292005604181,0.0101463718455409,0.0023366593810466,0.0005076669220471742,0.02253146515535939,0.0005226738522474394,0.02286206141727905,0.0005447173073668597,0.023339179663537015,0.000570120343700949,0.023877192961086296
2021-09-21,0.0307257577985898,0.0009440721922976,0.0009237355541192,0.0010859892174568005,0.032954350508799295,0.0009594333037807164,0.030974720398749628,0.0008945642359763072,0.029909266724149345,0.0011920408897852883,0.03452594516860166
2021-09-22,0.0104696738074092,0.0001096140696335,0.0002597555209947,0.0010774741959472486,0.03282490207064217,0.0009485978298688051,0.030799315412340014,0.000870591107581232,0.029505780918003714,0.0011453408577158611,0.03384288489056246
2021-09-23,0.0098304539778697,9.66378254110156e-05,0.0002299858411776,0.0010194025883684267,0.03192808463357028,0.0009008317112844064,0.030013858653702066,0.0008211706060937631,0.02865607450600593,0.001086307367835395,0.032959177293060506
2021-09-24,-0.0359772852129748,0.0012943650512957,0.0009299117307633,0.0009640367025909819,0.031048940442323984,0.000855942143271902,0.029256488908819902,0.0007751416209619624,0.027841365285523667,0.001030996752048259,0.03210913813929391
2021-09-27,-0.0012584872466678,1.5837901500255766e-06,0.0001696684433545,0.000983856403513267,0.03136648535480612,0.000868442503778002,0.029469348546888544,0.0008526051467652627,0.02919940319193635,0.0010598095371387162,0.03255471605065411
2021-09-28,0.0081913674921682,6.709850139175117e-05,0.0002515612250966,0.0009249200467114724,0.03041249819911992,0.0008216048665342663,0.028663650614223345,0.0007956016185554775,0.028206410947787693,0.0010045870979664754,0.031695222005319275
2021-09-29,0.0113333051328235,0.0001284438052336,0.0003943146556473,0.0008734507539922891,0.029554200276649158,0.0007811241347793546,0.027948598082539928,0.0007496669521219983,0.027380046605548325,0.0009542154741802441,0.030890378343106192
2021-09-30,-0.0051461307847382,2.648266205363049e-05,0.0002260960686046,0.0008287503370667728,0.02878802419525822,0.0007463509803291064,0.027319424963368217,0.0007114855770581836,0.02667368697908453,0.0009083629207032713,0.030139059718300294
2021-10-01,0.0069199235403644,4.788534180448962e-05,0.0004601420832209,0.0007806142765659842,0.027939475237841963,0.0007094904028395215,0.02663626105217325,0.0006797311825259132,0.026071654771531345,0.0008648896408050503,0.02940900611726024
2021-10-04,0.0200615877616204,0.0004024673035171,0.0004756034215586,0.0007366505404802945,0.027141306904426957,0.0006762695954957437,0.026005184011956995,0.0006419980307606665,0.025337680058771492,0.0008235409346400425,0.02869740292500425
2021-10-05,-0.0055281799741047,3.05607738260927e-05,0.0001050377838593,0.0007165995462625086,0.026769377024176498,0.0006614838633852687,0.02571932859514938,0.0006224841260361869,0.024949631781575193,0.0007915414097017544,0.028134345730827907
2021-10-06,-0.0284605972669184,0.0008100055967897,0.0006555076344832,0.0006754372199163235,0.0259891750526315,0.0006309604996688108,0.02511892712017794,0.0005987174798368791,0.024468704089854843,0.0007561703442404644,0.027498551675324
2021-10-07,0.0072400002188659,5.2417603169178886e-05,0.00011623201876,0.0006835113225287275,0.02614404946691938,0.0006378797915163154,0.025256282218812716,0.0006513717496775969,0.02552198561392896,0.0007726743129758062,0.027797019857815804
2021-10-08,0.0092266805929709,8.513163476470703e-05,0.0004709417068235,0.0006456456993671545,0.025409559212374276,0.0006100556244882796,0.02469930412963652,0.0006163365999998183,0.02482612736614026,0.0007376008262115208,0.027158807525580368
2021-10-11,0.0092184585218241,8.497997751859156e-05,0.0001803232737263,0.0006120148554910075,0.024738934000700343,0.0005857273410015109,0.024201804498869724,0.0005863530189375044,0.02421472731495245,0.0007054885608623135,0.02656103463463563
2021-10-12,0.0120351579666034,0.000144845027281,0.0001863144695427,0.0005803927628126624,0.024091342071637736,0.0005631560101120829,0.0237309083288458,0.000558694081871413,0.023636710470609335,0.0006755294546946693,0.025990949476590294
2021-10-13,0.0187824832447971,0.000352781676841,0.0006801975848521,0.0005542598986807685,0.023542724962942765,0.0005449269148187697,0.023343669694775276,0.0005361757158495061,0.023155468378970576,0.0006486915119313905,0.0254694230781027
2021-10-14,0.0152054835526842,0.0002312067300709,0.0002565848316355,0.0005421712053703874,0.02328457011349764,0.0005374178496688663,0.02318227447143326,0.0005224699351097462,0.02285760125450057,0.0006275100705487908,0.025050151108302537
2021-10-18,0.0258440319573675,0.0006679139878134,0.0002060479938505,0.0005235133368524211,0.0228804138260745,0.0005249581938196515,0.022911966170969515,0.0005058985249900451,0.02249218808809061,0.0006054970155259373,0.0246068489556452
2021-10-19,-0.031788705055944,0.0010105217691338,0.0008865029065601,0.0005321773759100818,0.023068969979391837,0.0005331403606434269,0.023089832408300995,0.0005015844414551793,0.0223960809396461,0.0005930573781853133,0.024352769415105818
2021-10-20,-0.017416179170902,0.0003033232969129,0.0004811362143179,0.000560878039503505,0.02368286383661201,0.0005562146611634394,0.023584203636405437,0.0005664232502701686,0.023799648112318144,0.000633246711567341,0.02516439372540775
2021-10-21,-0.0215207878448871,0.0004631443094646,0.0009563351248905,0.0005454247549480722,0.023354330539496787,0.000545651788831157,0.023359190671578437,0.0005833756843072103,0.02415317130952394,0.0006258256747945704,0.02501650804558003
2021-10-22,-0.0141330055644196,0.0001997418462839,0.0006165170827316,0.0005404879282190664,0.023248396250474274,0.0005430783908133128,0.023304042370655628,0.0006129890305375343,0.024758615279080822,0.0006290526430198122,0.025080921893339807
2021-10-25,-0.0022783786391219,5.191009223207141e-06,0.0005139198294511,0.0005200431633029573,0.02280445490036886,0.0005287861799731268,0.02299535126874836,0.0006171706587069099,0.024842919689660268,0.0006153350333609346,0.02480594754007463
2021-10-26,0.0381927506641564,0.0014586862032944,0.0005035803615005,0.0004891520340581723,0.022116781729224808,0.000506736760734524,0.022510814306340055,0.0005837872107632496,0.024161688905439738,0.0005901830464217651,0.024293683261740386
2021-10-27,-0.0131098299461339,0.0001718676412165,0.0001872425394576,0.0005473240842123471,0.02339495852127862,0.0005519816704173199,0.023494290166279123,0.0005888789997040995,0.024266829205813013,0.0005934305654882186,0.024360430322312013
2021-10-28,-0.0202235246746268,0.0004089909502652,0.0001310856397544,0.0005247966976325993,0.022908441623833764,0.0005357840982898756,0.02314701056918313,0.0005910773731221214,0.024312082862686227,0.0005803343603739991,0.02409012993684341
2021-10-29,0.0125022646546106,0.0001563066214939,0.0004003026251238,0.0005178483527905576,0.02275628161169038,0.0005314784622873715,0.02305381665337372,0.0006161420326287598,0.024822208455912213,0.0005831764266685844,0.024149046081959103
2021-11-01,0.0365224028069837,0.0013338859067955,0.0003634969521269,0.0004961558489127597,0.02227455608789454,0.000516064044331309,0.02271704303670064,0.00058985330758769,0.024286895799745384,0.0005627514013203013,0.023722381864397624
2021-11-02,-0.0382716423346885,0.0014647186069943,0.0007037688966719,0.0005464196523857285,0.02337562089840029,0.0005549919425506161,0.023558266968319554,0.0005926936176162422,0.0243452997027402,0.0005655271461236456,0.02378081466484371
2021-11-03,0.0093949777198754,8.826560635695595e-05,8.25521171194943e-05,0.0006015175896622441,0.024525855533747323,0.0005970109935653268,0.024433808413043736,0.0006801580558774824,0.026079840027835338,0.0006364095385253646,0.02522715874856629
2021-11-04,-0.0001130265351344,1.2774997644501948e-08,2.4241535735032217e-05,0.0005707224706639267,0.023889798464280243,0.0005737701001026959,0.02395349870275104,0.0006452870815684,0.02540250148249971,0.0006111492044955574,0.024721432088282373
2021-11-08,0.0130005874514501,0.0001690152740828,0.0003537262661047,0.0005364798889239498,0.023162035509081448,0.0005482252860360996,0.023414211198246666,0.0006028963457618999,0.024553947661463724,0.0005859493933982291,0.024206391581527164
2021-11-09,-0.0054493582289808,2.9695505107761745e-05,0.0001973452092928,0.000514432012033481,0.02268109371334374,0.0005321711302205249,0.023068834609067813,0.0005781619861096793,0.02404499919130128,0.0005655737827135989,0.023781795195350557
2021-11-10,-0.0283945235782878,0.0008062489692379,0.0003701395748816,0.00048534782161793776,0.022030611013268284,0.000510983866556268,0.0226049522573322,0.0005573789400202803,0.02360887417943262,0.0005453189026064876,0.023352064204401453
2021-11-11,0.0008083180441718,6.533780605337705e-07,0.0002761946445472,0.000504601890475138,0.022463345487151686,0.0005264317036663764,0.022944099539236148,0.0006105051505708158,0.02470840242854272,0.0005757405563292324,0.02399459431474582
2021-11-12,-0.0095483431648295,9.117085719334773e-05,0.0010050034492098,0.0004743649797302617,0.021779921481269435,0.0005043478906834789,0.022457691125391296,0.0005716671291989997,0.023909561459780054,0.0005529293308347448,0.023514449405307045
2021-11-15,-0.0330113422895663,0.0010897487197589,0.0007392971676318,0.0004513733323780468,0.021245548530881633,0.0004879564106227667,0.022089735413145326,0.0005637691591393387,0.023743823599819358,0.0005374275014598192,0.023182482642284438
2021-11-16,-0.0134587806777966,0.000181138777333,0.0003260287504481,0.0004896758556208985,0.0221286207347159,0.0005178874959125625,0.022757141646361532,0.0006325798752075107,0.025151140634323343,0.0005863832165098674,0.024215350844244803
2021-11-17,-0.0071462314305477,5.106862365894907e-05,0.0001192857340449,0.00047116363092362647,0.021706303944329777,0.0005045808018980635,0.022462876082506966,0.0006334976630623094,0.025169379473127848,0.0005743489429774799,0.023965578294242763
2021-11-18,-0.0277997090355996,0.000772823822464,0.0005324785185763,0.00044595793048774575,0.02111771603388363,0.00048635987663448246,0.022053568342435707,0.000614024623464233,0.02477952024281812,0.0005548622560069063,0.023555514343926057
2021-11-22,-0.0183281561543278,0.0003359213080174,0.0006785283643316,0.00046556988400632093,0.021577068475729527,0.0005020821947565498,0.02240719069309113,0.0006640758690496555,0.025769669556469976,0.0005825204491301456,0.024135460408497404
2021-11-23,0.0229105277524745,0.0005248922818969,0.0004922623582602,0.0004577909694469871,0.02139605032352904,0.0004969173209881555,0.022291642402213336,0.0006796894742020054,0.02607085488053672,0.00058057530427003,0.02409513030199318
2021-11-24,-0.0114319929746027,0.0001306904633713,0.0002588706477852,0.00046181704819398217,0.02148992899462402,0.0005006680984195031,0.02237561392273971,0.0006609056309607183,0.025708084933746392,0.0005671575986421829,0.023815070830089567
2021-11-25,-0.004123964111942,1.7007079996586268e-05,0.000110620896471,0.0004419494531046252,0.02102259387194228,0.000486329629532091,0.02205288256741261,0.0006534884343744573,0.025563419848964992,0.0005532102793615076,0.023520422601677624
2021-11-26,-0.0536885813986812,0.0028824637726028,0.0007971669042084,0.00041645291071814276,0.020407177921460448,0.00046789239009051406,0.0216308203748844,0.0006229547918447611,0.02495906231902074,0.0005329796618343113,0.023086352285155643
2021-11-29,0.0022002525504104,4.841111285587593e-06,0.0011321251090097,0.0005644135624312233,0.023757389638409843,0.0005803060765262683,0.02408954288744949,0.0007698821106454984,0.027746749550992426,0.0006960841146791319,0.026383406047724996
2021-11-30,-0.0398506381506199,0.0015880733610116,0.0012666968113215,0.0005308392153624851,0.023039948249995813,0.0005545056357138954,0.023547943343610614,0.0007187376870586171,0.026809283598384668,0.0006652708290675247,0.025792844532302458
2021-12-01,0.0105399175749832,0.0001110898624874,0.0002867587423775,0.0005942732641014345,0.024377720650246088,0.000602135388646024,0.024538447152296007,0.0008121492698394297,0.028498232749407985,0.0007372904779225671,0.027153093339849277
2021-12-02,0.0272003431116424,0.000739858665391,0.0005307509307485,0.0005652822600045949,0.023775665290472838,0.0005795545962828228,0.024073940190231072,0.0007677915320252795,0.02770905144578716,0.0007056802514858533,0.026564642882708836
2021-12-03,0.005021580980863,2.5216275547365727e-05,0.0002944807450653,0.0005757568443277835,0.023994933722096077,0.0005870302972630271,0.024228708122040414,0.0007481683712946208,0.02735266662127517,0.0006878481380024935,0.026226859095257547
2021-12-06,-0.0082630614775704,6.827818498210796e-05,0.0004317059312061,0.0005427244102009583,0.02329644629983205,0.0005616632745748774,0.023699436165758824,0.0007023812818216269,0.026502476899747066,0.0006579655099487503,0.025650838386858825
2021-12-07,0.0354394852896803,0.0012559571175974,0.0003323406108208,0.0005142576366878273,0.02267724931925888,0.0005400816998957408,0.023239657912623002,0.0006816742967792693,0.0261088930592484,0.00063395785810203,0.025178519775833328
2021-12-08,0.0208466461182797,0.0004345826543807,0.0002090796308296,0.0005587596055424056,0.023638096487289446,0.0005737460504315977,0.023952996690009325,0.0006780062239800041,0.026038552647564807,0.0006305082947782729,0.02510992422884372
2021-12-09,0.0032768123014902,1.0737498859197607e-05,0.0001392687280812,0.0005513089884727084,0.023479969941903853,0.0005678448679523529,0.023829495755310327,0.000656866187757822,0.025629400846641382,0.0006120640397280008,0.024739928046136287
2021-12-10,0.0026731532124908,7.145748097450382e-06,0.000117874913613,0.0005188746990958977,0.022778821284164325,0.0005432143758224823,0.023306959815095625,0.0006168431586718371,0.02483632739903058,0.0005870010438137925,0.02422810442056482
2021-12-13,-0.0125359036893197,0.0001571488813078,0.0003612144935996,0.0004881709620359908,0.022094591239395917,0.0005202072595814033,0.02280805251619268,0.0005795228429579171,0.024073280685397182,0.0005635541584490615,0.023739295660340505
2021-12-14,0.0016291616495064,2.6541676802225507e-06,0.0002548796809587,0.0004683096371923053,0.02164046296159824,0.0005056480757779066,0.022486619927812774,0.0005804236854694025,0.02409198384254403,0.0005515290660050193,0.023484655969483976
2021-12-15,-0.0113301625620256,0.0001283725836819,0.0001889200125712,0.0004403703090215803,0.02098500200194368,0.0004851615141596197,0.02202638223039861,0.0005450191850765348,0.023345645955435347,0.0005303804543541901,0.02302999032466558
2021-12-16,-0.0007367590108753,5.428138401060397e-07,0.000172037287532,0.00042165044550120106,0.020534128798203273,0.0004718425123277374,0.021721936201170865,0.000544111283604065,0.02332619307997053,0.0005187550969690437,0.022776195840592952
2021-12-17,-0.0184664901015531,0.0003410112566707,0.0003169719856577,0.0003963839876015353,0.019909394455922946,0.0004537114334590978,0.021300503126900495,0.0005121244745702277,0.022630167356213426,0.000499792152371373,0.022356031677633958
2021-12-20,-0.0536623275816307,0.0028796454014782,0.0007921682896099,0.0003930616237456887,0.019825781794060197,0.00045228351106698283,0.021266958199681094,0.0005344668672377635,0.023118539470255543,0.0005037245122130046,0.022443807881306697
2021-12-21,0.0295239018866072,0.00087166078261,0.0004554662448324,0.000542256650409642,0.02328640484080018,0.0005657014595163009,0.023784479382914836,0.0006776189502119873,0.026031115039736336,0.0006686141264758883,0.025857573870645488
2021-12-22,0.0212636108060691,0.0004521411445119,0.0001266934653722,0.000562020898341664,0.02370697994983047,0.0005801387690568772,0.02408607002100752,0.0006669665465706114,0.025825695471189375,0.0006557138700021675,0.025606910590740294
2021-12-23,-0.0010636158323107,1.1312786387421924e-06,0.0001986441791209,0.0005554281131118828,0.0235675224220087,0.0005745677293720814,0.023970142456232534,0.000647107050186594,0.025438298885471763,0.000635902841308651,0.02521711405590757
2021-12-24,-0.010877921761199,0.0001183291818427,0.0002525572947114,0.0005221703030434943,0.02285104599451619,0.0005490156416018523,0.023431082808992254,0.0006075004943904051,0.024647525116944402,0.0006091121401434272,0.02468019732788673
2021-12-27,0.0056765717387003,3.222346670461179e-05,0.0001453111869034,0.0004979398357714507,0.02231456555193156,0.0005306132516320776,0.023035043990235347,0.0006015612248191562,0.024526745092228526,0.0005915630252752727,0.024322068688236054
2021-12-28,0.0050240229931734,2.524080703593594e-05,2.5639878420140707e-05,0.00046999685362744036,0.021679410822885395,0.0005096531945590531,0.022575499873957457,0.0005688145559554688,0.02384983345760445,0.0005682747352248108,0.023838513695799302
2021-12-29,-0.0099836906799657,9.967407959323506e-05,0.0001004921977734,0.00044331149083195,0.021054963567575937,0.0004898971419694299,0.022133620173153554,0.0005379977428859704,0.02319477835388755,0.0005464205453404844,0.023375639998521634
2021-12-30,-0.0137559704885703,0.0001892267240824,0.0002282888395087,0.000422693246157627,0.020559505007602372,0.00047493767771241314,0.021793064899467748,0.0005334398553342523,0.02309631692141092,0.0005318957212170163,0.023062864549249218
2021-12-31,0.0094465777813018,8.92378317781851e-05,0.0001265618559885,0.0004086852548331144,0.020215965345071068,0.0004651104200905322,0.02156641880541441,0.0005404976331925455,0.023248604973041834,0.000524033300406483,0.022891773640469255
