date,ewma_rmse_60,garch_rmse_60,egarch_rmse_60,gjr_garch_rmse_60,realized_vol_5,realized_vol_20,realized_vol_60,vol_of_vol_30,return_sign_lag1
2022-01-03,0.0017455018221904635,0.0018171751949425396,0.0018274665906981068,0.0018831770749399284,0.01464065288908446,0.01913541927315648,0.025878502938101657,0.005674959306609156,0
2022-01-04,0.0017449678598249864,0.0018192572411754834,0.0018299879196800935,0.0018851232255016558,0.012193785875259376,0.017253902206583554,0.025553371508798287,0.005807560094238021,0
2022-01-05,0.0017454979822956423,0.0018209905198516842,0.0018317367925199928,0.0018867941746040892,0.010970838487566654,0.016679961392311333,0.025306550002061366,0.005942407741159491,0
2022-01-06,0.0017459259328237683,0.0018206063379442548,0.001830982040368761,0.0018867271402697471,0.0070026077059794625,0.015956151062982572,0.025204638566235123,0.006339298998717934,1
2022-01-07,0.0017453412239510353,0.001818638028242639,0.00182840165553543,0.0018852667870346883,0.004153006257509667,0.015934919957721727,0.025196043907904375,0.006891745402498186,1
2022-01-10,0.0017448968167137612,0.0018175351870376307,0.0018265900492379277,0.0018844179997093047,0.004355398407067193,0.01586800017088235,0.025188453884822843,0.00710916769095107,1
2022-01-11,0.0017461776845662284,0.0018160065213728733,0.0018250655455463126,0.0018830721976501106,0.014392778397715309,0.01710514773333914,0.02547328399014457,0.006843696723276022,0
2022-01-12,0.0017538237077873,0.001819687362221641,0.0018311799504884367,0.0018874533969844155,0.02688294754425897,0.020531053220467495,0.025573140073807867,0.006820762189764751,0
2022-01-13,0.0017545316457834796,0.0018231884159737306,0.0018327077955739728,0.0018896504072906822,0.027076289311159553,0.02034209014299507,0.025474739507055845,0.006878150685910231,1
2022-01-14,0.0017545808439351533,0.0018264070300549262,0.0018345226865996791,0.0018917334122120282,0.027651831628860476,0.02051778888178778,0.025252321689689973,0.006877841517343481,0
2022-01-17,0.0017544526418808073,0.0018261189118149702,0.0018321415494029574,0.0018905768097179055,0.027706248177061576,0.019172978029014593,0.025225260770418326,0.007096016230784819,0
2022-01-18,0.0017539173286334681,0.0018253393092634701,0.0018296614875874288,0.0018892819375812765,0.024055356194847645,0.017602930623091005,0.025226893435833845,0.007144634623424141,0
2022-01-19,0.0017522526930641967,0.0018255198266400533,0.0018297067469388122,0.0018892847278967416,0.011893156995239186,0.017646296943835446,0.02499195907351462,0.007145634363691198,1
2022-01-20,0.0017517738478731804,0.0018244249245575985,0.0018268938821868227,0.0018873950829862564,0.011586886274235132,0.01691476000461269,0.024982335763431878,0.007111811544303282,0
2022-01-21,0.0017512022208910243,0.0018234912429299925,0.0018244510494547796,0.001885953346467605,0.010874638689336925,0.016857772882685217,0.02498967469535513,0.007138387104400783,0
2022-01-24,0.0017508575660471952,0.0018224401072014999,0.0018226388754289324,0.0018846828931904295,0.013572739635783477,0.01721317563359995,0.025055996174809473,0.007098639896549437,1
2022-01-25,0.0008536316200522696,0.0010270976509024693,0.0010411062224048998,0.0011350581312454743,0.0314371975745064,0.0219248605296417,0.021922679518987933,0.007591493534724342,1
2022-01-27,0.0008470008287663368,0.0009745858190165828,0.0009939141479905103,0.0010360244400470296,0.030880487398967902,0.022011950453667634,0.021886225746616576,0.007933622231010243,0
2022-01-28,0.0008407374356546968,0.000936040320180862,0.0009565274570751753,0.0009688226569651037,0.03403762815901617,0.022775963326328072,0.022194897910615848,0.008322753680067206,1
2022-01-31,0.0008383836906418221,0.0009296699845604807,0.0009558971687638763,0.0009534517286938514,0.03386497356371282,0.022621701165586303,0.02206894810876364,0.008606611983388666,0
2022-02-01,0.0008303696272494134,0.0009186590254625455,0.0009467277611189282,0.0009367113229290643,0.03309814804389155,0.022728354254594314,0.02209802113072906,0.008954933437027123,0
2022-02-02,0.000820742010523752,0.0009085676874202123,0.000937020194498462,0.0009228792422881275,0.018876159461020534,0.023078231187653668,0.022224007219943623,0.008941825639698288,0
2022-02-03,0.0007906073135639264,0.0008854486036535054,0.0009174990857486554,0.0009051194021170207,0.019498569687984902,0.02344108985230745,0.02133673761072379,0.008903473137834217,0
2022-02-04,0.0007859392051166609,0.0008872402803021562,0.0009187159994065296,0.000906038707080613,0.014821055711585937,0.023693908497180536,0.020735457449826262,0.008874894093633743,1
2022-02-07,0.0007791559792552416,0.0008775781990885271,0.0009163504143303586,0.0009016566898037376,0.014745884946206123,0.023702104950679953,0.020677494622748288,0.008822407892042678,0
2022-02-08,0.0007690383253559317,0.0008673648006306584,0.0009098499948071089,0.0008949593017541956,0.015135438235999006,0.023855944457308743,0.020751498369028478,0.008831539992695023,1
2022-02-09,0.0007687621471628846,0.0008695994300071108,0.000914194682807451,0.0008982296508210474,0.013331770131496142,0.022918349874262726,0.02055457910553053,0.00888275038673019,1
2022-02-10,0.0007796396785130393,0.0008744306612582982,0.0009174614261569423,0.0009029947797758059,0.020116501854167062,0.021679019535239208,0.020882058405638105,0.008875962894557308,0
2022-02-11,0.000780028539298364,0.0008804957737526415,0.0009233902424239061,0.0009082504474498377,0.01888647612788341,0.021616999891049597,0.020690346331366658,0.008850711921540244,0
2022-02-14,0.000772486056760029,0.0008766857393284571,0.0009179636267144328,0.0009044756263617946,0.019619673139561717,0.021607098937875602,0.020747352316438754,0.00882855353262024,1
2022-02-15,0.0008580551793953183,0.0009366944775135172,0.0009733912071680293,0.0009643660729776392,0.03206316796905031,0.025183501027276792,0.022040750526254562,0.009106551373926276,1
2022-02-16,0.0008772927609620065,0.0009388721707280762,0.0009724460236515249,0.0009630212952212466,0.038151029579574613,0.027284812351182918,0.02284339360749652,0.00960845134735429,0
2022-02-17,0.0008805083610710874,0.0009577525143019772,0.0009894378024566902,0.0009818071864389662,0.034107288497711725,0.026934083878006065,0.022715432931642833,0.00975639570342129,1
2022-02-18,0.0008846019701778794,0.0009701960086693581,0.0010016971093239973,0.0009943134152622906,0.03414907260244145,0.026930846455474212,0.02244746307161387,0.009659413454637594,1
2022-02-21,0.0008834615308111365,0.0009731587370319133,0.0010051871487105975,0.0009985201019729402,0.03373279912470799,0.026865921109320148,0.022443511209237585,0.009273221964682476,0
2022-02-22,0.0008340498654486153,0.0009303447462634637,0.0009630168298419676,0.0009548004522527898,0.02511023919647073,0.02730906327232139,0.021658613019066197,0.008581108932966097,1
2022-02-23,0.0008298413140580322,0.0009225918311589376,0.0009556974307773469,0.0009432206594401029,0.014424383923624476,0.02343933339706262,0.021697702026962872,0.008579927216937022,1
2022-02-24,0.0008255828933154008,0.0009171957472391408,0.000951297372124692,0.000935745942755218,0.015391085722288141,0.023372315434627304,0.021757090008918598,0.008689354310866043,0
2022-02-25,0.001268510042914484,0.0013071004662065977,0.0013192498407133498,0.0013157668265991016,0.04289119866620707,0.029925644335443737,0.024530187742977157,0.00937699728857809,1
2022-02-28,0.0012781238482355317,0.0013063726299167612,0.0013184216896171626,0.0013181767595837732,0.047799751130752445,0.03172180102823513,0.025107086671947776,0.010331131563947731,0
2022-03-02,0.0012810033952016923,0.0013254846586513807,0.001336883883266815,0.0013453208332294166,0.04643451985780456,0.03179550667050336,0.02512433483242789,0.011069241504924748,0
2022-03-03,0.0012845041520389024,0.0013404795844218162,0.001353082905182713,0.001364724333906754,0.04620487949895599,0.03152852238017899,0.0246600190563767,0.011713450220079311,1
2022-03-04,0.0012899110675126467,0.0013487095717543678,0.0013599281172167975,0.0013742291081178283,0.045867955518450874,0.031259940973505755,0.024528145161426367,0.011953343310200232,0
2022-03-07,0.0012919312087688237,0.0013509349419945323,0.0013611880209951673,0.0013770963315367767,0.02366828666243979,0.031315734290829726,0.024472265055168967,0.0116140340622045,1
2022-03-08,0.001289233906357663,0.0013459747434990512,0.0013548250442447876,0.001372165708698809,0.01785056598962807,0.032118111032574274,0.024814542170891206,0.011337762716907973,1
2022-03-09,0.0012880917385501755,0.0013443377037079375,0.0013544925164786959,0.0013716207329813755,0.019529318468720306,0.032388770303119936,0.02496619018540598,0.011132877314273136,0
2022-03-10,0.0012871875363928964,0.0013421294325527083,0.0013517911279606967,0.0013693979719685693,0.024667202445142478,0.03319233976213631,0.025295376776686355,0.011126427057250064,0
2022-03-11,0.0013035512036645904,0.0013528015691060393,0.0013597221346687755,0.001380575556475101,0.03352592678397037,0.0340148855596476,0.02613118490735335,0.011163482969996467,0
2022-03-14,0.0013087005299700413,0.0013630115794995457,0.00136782251204572,0.0013869549156372183,0.03265835056828119,0.03403149180541105,0.026071937341243204,0.011139381465003737,1
2022-03-15,0.0013124919956429687,0.001368085805723238,0.0013716646725605325,0.0013897963559585474,0.029348125897137107,0.03392150182691668,0.02606731459959177,0.011083202181317323,0
2022-03-16,0.001311126519463144,0.00136848364088739,0.0013719182840534676,0.0013896872980902833,0.02881435335823731,0.031616253676846666,0.025828919883537835,0.011036399966398476,1
2022-03-17,0.0013088742841598285,0.0013680269187566914,0.0013717358391470069,0.0013896476307955852,0.028580739209247197,0.030693172169498066,0.025796608106409838,0.010920141421266962,0
2022-03-21,0.0013092924756155976,0.0013658407421559059,0.00136723437319791,0.001386233532941028,0.023208755997673514,0.031636169904229475,0.0260620024581558,0.010844755710256206,0
2022-03-22,0.0013132677514058146,0.001371061678662599,0.00137073705331346,0.0013890352865375268,0.023464478194552357,0.03168987344303714,0.025920568895876774,0.010599324830671055,1
2022-03-23,0.0013141861046767932,0.0013701570483479002,0.0013685977242158932,0.001387127639707493,0.02449195073687992,0.03187721387952489,0.02596227383684119,0.010321108249764874,0
2022-03-24,0.0013161781392178763,0.0013709022452084135,0.0013686769258158136,0.001387066150379869,0.023319401997205565,0.03127147415472359,0.02594856096211861,0.010062212992454382,1
2022-03-25,0.0013183762246318834,0.0013724138975448193,0.0013704159730584865,0.0013882475749994053,0.01892728823048708,0.031298812515371977,0.025882539315243012,0.009816107206828161,0
2022-03-28,0.0013184631143580137,0.0013709764408688305,0.0013688786856672385,0.0013868663454014779,0.013747777840546805,0.03144640226114629,0.025946530318588283,0.010077993881026414,0
2022-03-29,0.001318589023818187,0.0013704698706513935,0.0013683210753843674,0.0013863549511419376,0.016561165394207947,0.024756865671632947,0.02599481417653013,0.010164546663841357,0
2022-03-30,0.0013208014981081885,0.0013720603735873377,0.001369048386816175,0.0013871457157769663,0.015094577647970724,0.022403443513736042,0.025948206780515615,0.010334714866581543,0
2022-03-31,0.0013254642011494703,0.0013736681968388024,0.0013696477428770703,0.0013890870382767743,0.02281284197202836,0.023853099943477344,0.026435473064740603,0.01036145050784634,0
2022-04-01,0.0013267220194389173,0.001375704672090726,0.0013694246891510456,0.0013894056212636716,0.02259884155058334,0.02394931841099528,0.026458913624583275,0.010232131723306092,0
2022-04-04,0.0013270375169948875,0.0013757458762225976,0.0013683576217503528,0.0013885329243753942,0.021975357083234146,0.024158600105202536,0.02652235888311412,0.010207130524264712,0
2022-04-05,0.0013278464542017907,0.0013762645637969157,0.0013683512843174822,0.0013882723269432295,0.02009951656802999,0.023955230975019833,0.026557670612669598,0.010200954548606951,0
2022-04-06,0.0013295666886406167,0.0013752491909629033,0.001368091025363236,0.0013876614619111201,0.02546762805896058,0.024174441554522703,0.026942942550674566,0.010117412157633112,0
2022-04-07,0.0013310466443393046,0.0013778325198617477,0.001369785436886,0.0013888165399629487,0.01865813331385572,0.023678118414260596,0.026949284587524835,0.01021573369202743,0
2022-04-08,0.0013287475518184684,0.0013771335923645504,0.0013688606115387252,0.001388195288117113,0.02220514240990395,0.02333922065097409,0.0269053984696942,0.010001154735048564,1
2022-04-11,0.0012991471363495222,0.0013579571794470212,0.0013463803308059639,0.0013675565731034092,0.026064675054043737,0.021736670370143603,0.026454206763294973,0.009778650576799676,0
2022-04-12,0.0013005184744001367,0.0013559625493726598,0.0013483194656044235,0.001367768139501084,0.025683374695011366,0.02172832390078556,0.026442120302835312,0.009300353071789258,0
2022-04-13,0.001301901510359741,0.0013556208873390955,0.0013496624865358296,0.0013684262558911085,0.02058221883044627,0.021794091723459728,0.026410335380649953,0.008417472436212409,0
2022-04-18,0.0013032052188459778,0.0013553475006590175,0.0013505025655940338,0.0013688910386934186,0.020157319279664337,0.02132289689305814,0.02638473139564851,0.007467119399775528,0
2022-04-19,0.0013027332989099512,0.001352866803717901,0.001348745522465749,0.0013670818074274932,0.017047775069835958,0.02032636750297592,0.02645557923974796,0.006364501702152999,0
2022-04-20,0.0013035543545676185,0.0013522521630283542,0.0013486442441494884,0.0013667835638035456,0.015529514149238902,0.019952761775459682,0.026610804967312215,0.0049501586840371824,1
2022-04-21,0.0013042191530531243,0.0013527300245343892,0.0013498131356759527,0.0013678335504040094,0.015744672451890998,0.019911009591583425,0.026620586473630803,0.0050973386848554465,0
2022-04-22,0.0013194995506720332,0.0013610404586120379,0.0013576856402058935,0.001375533774318248,0.02561446778272857,0.022114333841973345,0.02724566169164941,0.005061632938864551,0
2022-04-25,0.0013216213014126993,0.0013676314141813617,0.0013625478753634004,0.001380301845925388,0.025737045264712318,0.022007184719419075,0.02712935809472726,0.005061225102189137,1
2022-04-26,0.0012356866543561636,0.001304890665373769,0.0013006267804252605,0.0013184589589769803,0.024875726898479267,0.021870096092792623,0.025867090533978003,0.005064096526037925,0
2022-04-27,0.0012543477666100095,0.0013082633246760348,0.0013030900510268204,0.0013162278867150361,0.029874885402031957,0.023958078971948547,0.026514969935061635,0.004834965452906489,0
2022-04-28,0.0012527948982304319,0.0013097297197041313,0.0013029796656541682,0.001315707286609943,0.031876988571329805,0.024122932103016047,0.026396732373670014,0.0047808918157331536,1
2022-04-29,0.0012512115499463486,0.0013045111090833033,0.0012924276537498115,0.0013053685320489233,0.02583401625792122,0.02447307278796898,0.02650231583235277,0.00465128639941608,0
2022-05-02,0.0012505313683927656,0.0013023447316105688,0.0012876144039478822,0.0013004309861640734,0.027184063224731932,0.023215362648815192,0.0265761652881145,0.004583863425851274,1
2022-05-04,0.0012527474186192567,0.0013059189558264558,0.0012913527124404388,0.0013028950703824057,0.027137788188369764,0.023124426051041688,0.02647235448550544,0.004524325679415082,0
2022-05-05,0.0012568954766764304,0.001306228788308878,0.0012902517233809984,0.0013029456481649367,0.023746470197225655,0.024376919001365665,0.026802089773680572,0.0045287608498515665,1
2022-05-06,0.0012590505999820483,0.0013105028125096187,0.0012967332734211824,0.001308739930320678,0.020736867589302484,0.02425742424565436,0.026726709089560943,0.0045341098079816,0
2022-05-09,0.0012597322357096835,0.0013112476385819857,0.001297278325155078,0.0013101250072201959,0.0190047742962711,0.02295814960881844,0.02672734750671862,0.004553809990139715,1
2022-05-10,0.00125933198415967,0.0013100148672116037,0.0012957728210257905,0.001308980214719391,0.019607932377807554,0.02341023988044054,0.026818681701678154,0.00457076706932627,1
2022-05-11,0.0012667434073909464,0.001312111100111846,0.0012949682487328194,0.001309908679147052,0.02678781287833917,0.02430779139556482,0.027308846930437794,0.004613280956586527,1
2022-05-12,0.0012619131661778197,0.0013150684079360113,0.0013035568026133028,0.0013161425772287901,0.021055509334513615,0.02313495141371313,0.026862124855957,0.004332235861725951,0
2022-05-13,0.0012634011985402174,0.001310330907860097,0.0012983470599335866,0.0013119991759228161,0.026392602444663096,0.024447005195996536,0.0272514131565826,0.004237380438900953,1
2022-05-16,0.0012652003439872163,0.0013140618030270635,0.0013073457452835717,0.0013192221987863432,0.026420515841379586,0.024406569091044803,0.02721109660316315,0.004022641441500401,0
2022-05-17,0.001205023133152368,0.0012691383966444752,0.001264379080351892,0.0012741359106745907,0.02684091810531132,0.02503135378496725,0.02633642661650022,0.004075558225897434,0
2022-05-18,0.0011912738161484417,0.0012655309333581505,0.0012614545164984072,0.0012729471843144784,0.025615798860831703,0.026119999074311083,0.026060739215241626,0.0040935302882445825,0
2022-05-19,0.0011906131068636506,0.001257867911328279,0.0012548557318473718,0.0012640139979962946,0.02554334841067798,0.025259655312262992,0.026057693266876455,0.004100974420135125,1
2022-05-20,0.0011884567168459047,0.001248311113465017,0.0012450760916885026,0.001254257418597221,0.024289889838173755,0.026137751863662684,0.02635576125681214,0.0040497030129947095,1
2022-05-23,0.0012062781980056183,0.0012538892881132952,0.001247363818921521,0.0012586119017604042,0.03246650544689305,0.02636615005705455,0.02708243215829738,0.004345226162533039,0
2022-05-24,0.0012060396165495706,0.0012580770578070938,0.0012510543349077338,0.0012613435978961703,0.03208618036733645,0.026802062238007792,0.026960290646889182,0.0044717347112050235,1
2022-05-25,0.0012075247733553606,0.0012618471853447996,0.0012549655985614097,0.001263260129405264,0.027627314076086044,0.026802444388987285,0.026933794095925567,0.004489859593846688,1
2022-05-26,0.001212913540498257,0.00126171138943261,0.0012520555363745574,0.0012626953529548282,0.03306286582882163,0.02623378101326352,0.02739268168354348,0.004744642416637988,1
2022-05-27,0.0007388369106211493,0.0008574385115543579,0.0008670389165583632,0.0008668511776349469,0.030636014279822512,0.025764079939532118,0.024890467159541234,0.004860977183609455,1
2022-05-30,0.0007237603341657371,0.0008626913000928471,0.0008771344591083838,0.0008685593030030859,0.02289524231175425,0.025678255391594827,0.02422270541533541,0.0048070163917774906,0
2022-05-31,0.0007262264957520653,0.0008335311646500602,0.0008463569786688235,0.0008257569604745869,0.027375875358780007,0.026850825960728884,0.024690688491837528,0.004733892958936665,0
2022-06-01,0.0007200963608127428,0.0008184762316193501,0.0008319004854975211,0.0008008295108696494,0.027293489295211183,0.026841940648218834,0.024690070273315923,0.004481754779457189,0
2022-06-02,0.0007137160368255712,0.0008090563941129961,0.0008223308052378554,0.0007857344201283882,0.020648296838133066,0.025570013592562835,0.02470963195575147,0.004170601044169488,1
2022-06-03,0.000709572146159902,0.0008032717477422697,0.0008165685291904941,0.0007778496009790453,0.02311032602806798,0.02626414262939939,0.02484673627231314,0.003754229660007445,0
2022-06-06,0.0007131430783820876,0.0008100753172515275,0.0008235652149486709,0.0007835821517627234,0.022273924152172983,0.026326970253470215,0.0245261059598477,0.003816494271931711,1
2022-06-07,0.0007134771748000415,0.0008109197446495058,0.0008217932688669648,0.0007820217067712663,0.01490109105447767,0.026083706224262728,0.02442029451974428,0.0043159260110860005,0
2022-06-08,0.0007167097591052529,0.0008169736075491572,0.0008285452960019844,0.0007876647069947185,0.01490439190475926,0.024425975365866916,0.02402926143752715,0.004735109965287165,0
2022-06-09,0.0006824197610992056,0.0007940024274793716,0.000808944106050241,0.0007622091270349686,0.017742310242514076,0.024933699484338573,0.02330520818522798,0.004842587322483647,1
2022-06-10,0.0006715605639526426,0.00077574434427809,0.0007951658554332607,0.0007500614305783126,0.01561368172911061,0.02401269635820634,0.02342637906991423,0.004936663576459616,0
2022-06-13,0.0006639016953545268,0.0007675647436674445,0.0007890849306518385,0.0007450392066514981,0.015454256494306888,0.024048013625742878,0.023444757823377304,0.005182656146007781,1
2022-06-14,0.0007538345465662073,0.0008342015791800555,0.0008513803804203158,0.0008146231373022723,0.029195526061470526,0.026708532245541615,0.02445799323282894,0.005238666658413916,1
2022-06-15,0.0008095238905865262,0.0008614961144368031,0.0008734691261140401,0.0008336164870979508,0.038055776400617636,0.028189475236650687,0.025100213024499676,0.005811020002464604,0
2022-06-16,0.0008148378944488864,0.0008856090695840432,0.0008944185910033547,0.0008567601889686998,0.03673627275549694,0.02821280103002095,0.024712513907749464,0.006230998198177812,1
2022-06-17,0.0008310948713156858,0.000885005595165908,0.0008949953184627693,0.0008594477273935247,0.04159491277364408,0.02935377473963999,0.02543799302164681,0.006889449830179782,1
2022-06-20,0.0008345407006450482,0.0009000752107497544,0.0009154309598587133,0.0008818015971877894,0.04155766532737549,0.027323037024206655,0.02536904926829497,0.007369149163522066,0
2022-06-21,0.0008358008371045397,0.0009069104884135623,0.0009253116169292312,0.0008929110552886697,0.03278331417194843,0.026919349436678314,0.025346387603092928,0.007351649523126452,1
2022-06-22,0.0008373137882175704,0.0009050491756463884,0.0009212471270423711,0.0008907426249080648,0.02788044930943308,0.028251712457425193,0.02578650412592973,0.007354811983357364,0
2022-06-23,0.0008371607331882807,0.0009034310413638575,0.0009192247566480317,0.0008894403691959446,0.03169930128790676,0.0278187938863506,0.026051782457055576,0.007328058554284996,1
2022-06-24,0.0008421441926067069,0.0009135903550083134,0.000933987626786707,0.000901468996000054,0.023906846467653176,0.02774683902238487,0.025920331428638945,0.007350234896680135,0
2022-06-27,0.0008381802306836079,0.0009096069731844098,0.0009318302084787051,0.000898884761405183,0.026048356956140755,0.02802016322447665,0.02609874606673349,0.007351572928621943,0
2022-06-28,0.0008340054629237567,0.0009102484931235784,0.0009344219412680907,0.0008984699129621622,0.026154655910574615,0.026614060994693524,0.02561398160067156,0.007353135382497867,0
2022-06-29,0.0008342395964168271,0.000908177109706603,0.0009361190896412523,0.0008986565960353523,0.020183526939718862,0.02671646135309972,0.025618991426831966,0.007453875674627031,0
2022-06-30,0.0008363109603794333,0.000909156420624843,0.0009393115437614082,0.0009007448561425558,0.013557768057131719,0.026706750483446853,0.025568928386540304,0.007834526218638215,0
2022-07-01,0.0008359460450880586,0.000907531121853413,0.0009391480180898817,0.0009000968987674912,0.014091902821204915,0.026191806251837833,0.02558800847939588,0.008143973496933117,1
2022-07-04,0.000832729675023771,0.0009067648946349637,0.0009384518582787713,0.0008987124206343417,0.012403631289971706,0.026449199234315515,0.025296548752247558,0.008418145927954023,0
2022-07-05,0.0008315660682414979,0.0009030646919767358,0.00093743261117712,0.0008968879542236507,0.013094021084674695,0.026375385514097897,0.025324954904011814,0.008608605228942764,0
2022-07-06,0.0008340440300525997,0.0009073198283470104,0.0009418014374036658,0.0009007678197607256,0.01260121180501791,0.026418397329469826,0.025069428344512704,0.008868591239480401,1
2022-07-07,0.0008331698949791732,0.0009096909797194303,0.000944545152426426,0.0009030271066222934,0.013276787066166376,0.026050362701885064,0.024735512553074625,0.008926024965154333,0
2022-07-08,0.0008319279145867104,0.0009047695097581271,0.0009403794333017595,0.0008993924309659689,0.011886739779186592,0.025698007628877476,0.024729558868813537,0.00907081223263058,0
2022-07-11,0.000830674723823999,0.0009016884197168819,0.0009373941594618286,0.0008970149561150859,0.009220794161339656,0.025712008681353708,0.02473253568729436,0.009411564379740497,0
2022-07-12,0.0008323532761869032,0.0008984878637638895,0.0009352371828110405,0.000894540448572648,0.01692818519525255,0.02354160442741692,0.025127153347433435,0.009418531575756653,0
2022-07-13,0.0008339552553396318,0.0009027950103434048,0.0009377338077667062,0.000897566466167422,0.01671185044984409,0.020141814080632744,0.025050572450002875,0.009417793526349484,1
2022-07-14,0.0008347619192666693,0.0009076039324778132,0.0009407228206210632,0.0009013906597885968,0.016040226647672302,0.02013840064740425,0.02476265675763446,0.009474753881123652,1
2022-07-15,0.0008331188737523816,0.0009044938830810049,0.000935936690878106,0.0008970180687994072,0.017045369409556945,0.017334634651735386,0.024801315304240578,0.009507249822435171,0
2022-07-18,0.0008090707275029684,0.0008917565062259735,0.0009236580098899948,0.0008845474337622571,0.017151694501954813,0.017403811641033367,0.024115105091303622,0.009537916098444134,0
2022-07-19,0.0008069121708002364,0.0008845882185286591,0.0009185710189351257,0.000879721408005375,0.008328783598962554,0.017402955957319263,0.024123742042204195,0.009762343228444305,0
2022-07-20,0.000804439259101795,0.0008792831490312634,0.0009138934948863866,0.0008756649534037538,0.009650960817869467,0.015318226797244561,0.02416042462522552,0.009922404658403876,0
2022-07-21,0.0007751497628676563,0.0008641192375790835,0.0008964108254090432,0.0008583268413396292,0.009372275774332656,0.013277938220881127,0.023369497234220073,0.010129381105742222,1
2022-07-22,0.0007751584274251818,0.0008626312611017817,0.0008961633392744559,0.0008584338712318555,0.010906818756057687,0.013687399510006743,0.02324521310012934,0.010245189861971293,0
2022-07-25,0.0007755645252141225,0.0008616614083681123,0.0008941720203801716,0.000858189946402306,0.010115746188615812,0.012603392989431883,0.023118159254349117,0.01038043580722763,0
2022-07-26,0.0007749984159174416,0.0008585861286369329,0.0008908265044211392,0.0008559402542315041,0.013153479850949574,0.013232531037167051,0.023125562876408788,0.010317943201777254,0
2022-07-27,0.0007721631129662018,0.0008548962893969277,0.0008833606222425222,0.0008519489710601512,0.012236035423670308,0.013047395257389913,0.023126417852005924,0.009801220925666642,0
2022-07-28,0.0007660157275133494,0.0008559719539945718,0.0008834822178608174,0.0008524661012749965,0.012386631111868029,0.012988746371384917,0.022625823364827352,0.009264834031785128,1
2022-07-29,0.0007626760040708435,0.0008501230406922219,0.0008720551674275973,0.0008438981215512784,0.009437227902128167,0.012647718833257588,0.02262580160256858,0.008253799947713988,0
2022-08-01,0.0007595564367730422,0.0008461124491959432,0.0008645028186174742,0.0008382477727544853,0.009968035429275419,0.012050868438892361,0.022641355473227258,0.006919093828120214,0
2022-08-02,0.0007691785669439221,0.000848699776679134,0.0008683838887054773,0.0008406627844486476,0.016098527791825572,0.014036637057150048,0.022898674425135657,0.006145970330943322,0
2022-08-03,0.0007561175352975351,0.0008471656498537529,0.0008665159203395628,0.0008389800270589087,0.016495363594615526,0.014091172530824819,0.02230934881258787,0.005681738263376985,0
2022-08-04,0.000752598734243312,0.0008410361285320532,0.0008516495384223855,0.0008271063450704057,0.017016282214768856,0.01403665660701468,0.022340833284804747,0.004750115175715981,0
2022-08-05,0.0007483140465793025,0.0008447887895396599,0.000854394738358061,0.0008309269124231463,0.017131721325082463,0.014071784354895643,0.021870926648680945,0.004439103354118352,0
2022-08-08,0.0007446176289925717,0.0008380904761528131,0.0008385580907339924,0.0008188619733486411,0.01732019427236774,0.014105493656663816,0.02189656975473637,0.003894488333677825,1
2022-08-10,0.0007534238821468374,0.0008396781592012609,0.0008394585969789287,0.0008196675556438827,0.017029765933625707,0.014067322002125557,0.022101601616471126,0.003208244227188287,0
2022-08-11,0.0007472716275617946,0.0008426781151154219,0.0008413749656863805,0.000821734077581525,0.01749615139691452,0.014327193910704283,0.021645689901467216,0.003054660794763825,0
2022-08-12,0.0007438255629394468,0.0008379243922944373,0.0008336762765691669,0.0008171385136157566,0.01691509225589433,0.014291102038766245,0.021646808233373588,0.0031137927156008973,0
2022-08-16,0.000742781086448001,0.0008417212787073327,0.000836031921944154,0.0008202957232728041,0.017464437713066053,0.014199669239528496,0.021321071396521358,0.003187793055695554,0
2022-08-17,0.0007247545987107771,0.0008288274334903556,0.0008292966888292586,0.0008092624942573093,0.024048459957893634,0.01643173459537032,0.02097175015487442,0.0036792682404555442,0
2022-08-18,0.000724789142618725,0.0008292829455325968,0.0008273348934741163,0.0008096842518572759,0.01924310124727203,0.0165263917917702,0.02082175045316377,0.0037842957339563827,0
2022-08-19,0.0007589791976663619,0.0008351873818978682,0.0008350969248702431,0.0008200738232634334,0.027961077909337526,0.019427781490456385,0.021681374669131528,0.00450063109636446,0
2022-08-22,0.0007500455861511653,0.0008431361883179947,0.0008382693147518407,0.0008226548531398591,0.028138794638471066,0.0194993243501257,0.021058747879841595,0.005091083071447763,1
2022-08-23,0.0007472451235485305,0.0008349090170882748,0.0008229763737479201,0.0008106282511823808,0.0299703117361466,0.019910947467614154,0.021242079387689922,0.005692161404766819,1
2022-08-24,0.0007469411408472683,0.0008382406638718971,0.0008208263299135979,0.0008114135056326018,0.0248416606139067,0.019967394599413737,0.021155550170590155,0.00576158460054606,1
2022-08-25,0.0007425828720299506,0.0008340479982154014,0.0008191593716449727,0.0008079811631096174,0.02864891109558184,0.02085804747210039,0.02096398709396068,0.0061707313364871876,0
2022-08-26,0.000736648641711691,0.0008241126869202939,0.0008069349003279679,0.0007988049226761071,0.021788096394799544,0.021417022179702296,0.021155713722145232,0.006233420982137397,1
2022-08-29,0.0007323320879719517,0.0008177579104457357,0.0008006485426302254,0.0007930992539875306,0.023976899525654856,0.022036093579667605,0.021350624299515,0.0063535686787932685,0
2022-08-30,0.0007347549137615237,0.0008264492630536088,0.0008106047203929934,0.0008009622606487087,0.02111244410280138,0.02203665889914785,0.021068063048576172,0.006389516847007787,0
2022-09-01,0.0007313718005701018,0.0008228694594041358,0.0008068909945419926,0.0007981079895744569,0.022126867302915132,0.02227680360081037,0.02114268627632328,0.006444133987796788,0
2022-09-02,0.0007307797869487819,0.0008240170038131854,0.0008075466197891258,0.0007991754291001677,0.0170650543942915,0.021049264012130694,0.021101024116882916,0.0061997758839043935,0
2022-09-05,0.0007374889787923005,0.00082182274181051,0.0008046445161850223,0.0007982616286539423,0.021701657688509606,0.022547839599915787,0.02164022436247478,0.006030223949274654,0
2022-09-06,0.000739901108496398,0.0008305975078696579,0.0008116894056383296,0.0008048477248316105,0.019004582052972417,0.02243868289139858,0.021440954701254615,0.0057859886174948675,1
2022-09-07,0.0007401878352255363,0.0008291230005774684,0.0008091800479406054,0.0008029105486140125,0.02235023454998167,0.023175927438985465,0.021567926215267357,0.005630063261632535,0
2022-09-08,0.0007387471457955614,0.0008296818376653842,0.0008075360253817648,0.000801938644884604,0.021686667786136492,0.023212853899887028,0.02159404955001641,0.005386208384166799,0
2022-09-09,0.0006463181376424818,0.0007663819840180817,0.0007447379645946725,0.0007346734276137344,0.02104764584118889,0.021938986585024602,0.020276553123467107,0.005258785416451409,1
2022-09-12,0.0005766137115093692,0.0007413085022907195,0.0007238117436386127,0.0007179416423174954,0.012978835130256636,0.021771283437872647,0.019017097065061262,0.00522394928914076,1
2022-09-13,0.0005695339108326478,0.0007173568314989442,0.0007019924001130466,0.0006941942908065328,0.013022383833411899,0.02177980770279128,0.019010092071391683,0.005194260666872571,0
2022-09-14,0.0005374815110219585,0.0007062160624266912,0.0006902873145409269,0.0006822638082117398,0.012979503043075559,0.02242741271992894,0.018303997799489848,0.004987431017300731,0
2022-09-15,0.000528890348773867,0.0006878085107721536,0.0006613275733652605,0.0006544089834306154,0.012186785155880668,0.020769783645955376,0.018296433843320886,0.004849813920588937,0
2022-09-16,0.0005784239335036793,0.0007034873532279865,0.0006774565449370408,0.0006688778620231994,0.02474352944385956,0.023276714938098225,0.0193027628421164,0.004869159665220284,0
2022-09-19,0.0005723512801806256,0.0007114449647715873,0.0006811484181943783,0.0006736794158214255,0.025320938727103344,0.020948049970691968,0.018716370405141312,0.004901013023287971,1
2022-09-20,0.0005705447748442238,0.0007149809959933696,0.0006829838669396883,0.0006757708374321099,0.026870972164393377,0.021375789316630048,0.01837980469988638,0.0049859381844336,0
2022-09-21,0.0005635410030575674,0.0007070705512644866,0.0006659221959305238,0.000663424370675673,0.025054907630585252,0.02086554681799326,0.018431510866072916,0.0049908037071991155,0
2022-09-22,0.0006341934498426103,0.0007443924284541252,0.0007070758688009849,0.0007069723830960397,0.034135274589033204,0.023841374331251098,0.019373121344942467,0.005468762393603082,1
2022-09-23,0.0006282016929298475,0.0007434903475885743,0.0007044156147900388,0.0007101030039998424,0.02802393521426825,0.0230857243289489,0.019520149331653913,0.0055134028327671,0
2022-09-26,0.0006256053967979824,0.0007482779747372878,0.0007092554301151186,0.0007174640484209461,0.02792879911345387,0.022696805203095295,0.019528341186385793,0.0055443155750367215,1
2022-09-27,0.0006200043599738656,0.0007437135377681058,0.0007044632155634747,0.0007137146431259779,0.02853533244798634,0.02273252605128593,0.019757401087731035,0.005553001603991153,1
2022-09-28,0.0006200892075572852,0.0007492640815605384,0.0007155651782326636,0.0007219797731358763,0.02797571959675734,0.022794680119591244,0.019707668294998096,0.005536416384989602,1
2022-09-29,0.000622513055521022,0.0007555408577018352,0.0007260853388185971,0.0007300103110665557,0.01557835356721382,0.02250961662954116,0.019563249982296617,0.0057024470627256825,1
2022-09-30,0.0006199319895295406,0.000752754248278693,0.0007237324334125959,0.0007277964946721324,0.015992442173171546,0.022892929019410126,0.019699279973426173,0.005803659742223176,1
2022-10-03,0.0006189737420752773,0.0007544052941565043,0.0007296164175390824,0.0007314845425871585,0.015285566018282938,0.021349862105989426,0.019687414134092248,0.005872814157054826,1
2022-10-04,0.001169606949854682,0.0012174925629301553,0.0011849492801891013,0.0011974552171116182,0.04180276469677995,0.029382681803980067,0.022831733826686153,0.006795723175369297,1
2022-10-06,0.0011682112416637463,0.0012314066893760417,0.0012019537581574025,0.0012320068024084284,0.043155851279225464,0.02933123029389232,0.0230612214055049,0.007648882947359473,0
2022-10-07,0.0011703256339155256,0.0012460729320845432,0.0012200808569391047,0.0012582162382511577,0.04362111416805333,0.0294075730247829,0.0231128167090875,0.008505724396519533,0
2022-10-10,0.001171968465834075,0.0012578610484271283,0.0012342850505679824,0.0012762711478302284,0.04248415885061862,0.029403423075126316,0.02268457603177576,0.009126899535372837,1
2022-10-11,0.0011738356057680633,0.0012607539675334606,0.0012403337025615102,0.0012835272202564455,0.04265736539012233,0.02947230525623622,0.022714709221147714,0.00970447223005271,1
2022-10-12,0.0011757861869849686,0.001262705001752684,0.0012453386558855346,0.001288129900111778,0.014228983158512894,0.029522235014461145,0.022731461173903674,0.009901569980302605,0
2022-10-13,0.001176868471015533,0.0012633701382532671,0.001247643239512351,0.0012900019059856002,0.011133026583016866,0.029140869341297705,0.0227582198614671,0.01018930651964452,1
2022-10-14,0.001179327971368033,0.0012652213568996196,0.0012522189477350565,0.0012931831541509308,0.009153816692545532,0.029131151850025114,0.02273037485115242,0.010555867381727537,0
2022-10-17,0.0011809513703467227,0.001265808528075249,0.001254502028789559,0.0012946315012627577,0.009696100247005656,0.02711096302605424,0.022729799824347,0.01080379070979993,1
2022-10-18,0.0011831490352985404,0.0012672152315247984,0.0012574933616653233,0.0012966597792621853,0.008702114643569193,0.026967776927822474,0.022682742953210936,0.011141210866068636,0
2022-10-19,0.0011821945539631051,0.00126452904635017,0.001255658594563148,0.0012943611942305582,0.012598867266063414,0.027032072397083166,0.022861036409150437,0.011285719968978465,0
2022-10-20,0.001184493059736683,0.0012673776781335607,0.001258853277913736,0.0012970724387618194,0.010569341692769817,0.026836186629752845,0.02274494658819027,0.011512903577999618,1
2022-10-21,0.0011836261845768322,0.0012643915739059953,0.0012568750807241743,0.0012944710450856494,0.01502308619018929,0.024773837913442318,0.022955398944134016,0.011595879489810819,0
2022-10-24,0.0011845022060831924,0.0012662296873668388,0.0012585734625651668,0.001295965492439242,0.0158494316081814,0.024524889409583663,0.02287268394608822,0.011655718635280345,1
2022-10-25,0.0011856764256727354,0.001266645876343444,0.0012602790197125211,0.0012966355406105075,0.015846087711702164,0.024393260573170986,0.022868209133086428,0.011588697469521689,1
2022-10-27,0.0011866865306500612,0.0012669061146868377,0.0012613873227026767,0.0012970726918929596,0.012459482480597441,0.023790256714103543,0.022864335222111096,0.01160474609392006,1
2022-10-28,0.001187220915290069,0.001266545888792943,0.0012616667470646719,0.0012968451967430813,0.012855125100945683,0.0237872707856128,0.022884099491568003,0.011608219784475142,0
2022-10-31,0.0011881987434924847,0.0012671180065731303,0.0012627099015938778,0.001297437845091809,0.007028929092751342,0.023778629713315326,0.022864543515531906,0.011800022359642576,1
2022-11-01,0.0011828859179984557,0.0012670821615193891,0.0012606946228345538,0.0012972670046448788,0.0048104474155536295,0.023309134474947833,0.022438608576226617,0.01220290261003549,0
2022-11-02,0.0012882631024495558,0.0013516137678709845,0.0013525461818488258,0.0013811991636922928,0.029887449301838735,0.027566899276275012,0.02397328803951449,0.01228070819510794,0
2022-11-03,0.0012905250544856133,0.0013614108621222158,0.0013553608829568247,0.0013859687896553288,0.02986748594991517,0.018764999592098465,0.0239371516656023,0.012336849962638645,0
2022-11-04,0.0012922195391202815,0.0013663339339167432,0.0013566250197814495,0.0013883590723055492,0.029708439941760464,0.01791299046677323,0.023932682748863003,0.012409123394863332,0
2022-11-07,0.0013787088485673641,0.0014296131486690059,0.0014343575385891267,0.0014570790101825755,0.04170445832618708,0.022902800959654378,0.025352055992778868,0.012739313649725486,0
2022-11-09,0.0013744175550643224,0.0014301958190366907,0.0014324469667309386,0.0014557085536719585,0.04407274465369141,0.0240352141032158,0.025321742553914568,0.01331875888636747,0
2022-11-10,0.0013773211279035581,0.001438922356388423,0.001435471735029006,0.0014596913863572833,0.033001964151177544,0.024027143809878696,0.025297623072201528,0.013419606404939386,0
2022-11-11,0.0013801692567216419,0.0014437600740829287,0.0014373478314767254,0.0014619434432815719,0.03300069986862136,0.023953512627897626,0.025296199655511453,0.01350938625079161,1
2022-11-14,0.0013828567013974774,0.0014472213469833742,0.0014391532120106715,0.001463952342673935,0.03303068329869615,0.02372015318316599,0.025264103482408096,0.01360488100491502,0
2022-11-15,0.0013772043980881583,0.0014483282300752646,0.0014374303415688823,0.0014635901683322356,0.015382818197938937,0.023722309662321552,0.02478410711540827,0.013608684892310388,0
2022-11-16,0.001378713458525489,0.0014473147589208442,0.0014370649884258267,0.0014632701378199614,0.006182695936168712,0.023743301355270863,0.024769296408771707,0.013901397090621676,0
2022-11-17,0.0013573069885968701,0.0014365840347061168,0.0014234044821453034,0.001450852561626277,0.01220143213682642,0.024404726517429608,0.02423270838071231,0.013970321947655809,1
2022-11-18,0.0013571299088318103,0.0014311223760941898,0.0014214614921778507,0.001448468575519027,0.014008052882029234,0.02414838068078918,0.024295415181294414,0.013577540126531857,0
2022-11-21,0.0013588726055013363,0.0014339560051074948,0.0014247031469180266,0.0014517193567386282,0.01388580541350835,0.02414377391945351,0.02407262467281371,0.013030456116904468,0
2022-11-22,0.0013595833390693942,0.001431693420972225,0.0014221463349133729,0.001449989018019618,0.01394609465708245,0.023557336120446352,0.02406312711775728,0.01234853098248582,1
2022-11-23,0.0013576238389516446,0.0014334618871201515,0.0014236751284815092,0.0014516565973904405,0.013859076795605656,0.023429932588000035,0.023688130708737924,0.011622474425034108,0
2022-11-24,0.0013598397318506335,0.0014330326951270999,0.0014238196947442812,0.0014518101855997216,0.016776732956061562,0.02455973828481368,0.023898095268845274,0.010722240067893662,1
2022-11-25,0.0013613090320770363,0.0014360716296096196,0.0014268966230587513,0.0014558592421632095,0.015425346780426145,0.024572748002763836,0.023710503998598573,0.010709888257464275,0
2022-11-28,0.0013612835477933949,0.0014341726693606499,0.001424440155838472,0.0014551859028158847,0.015592862971858018,0.024543687633447175,0.023719361260587553,0.01064121716945446,1
2022-11-29,0.0013623206282014416,0.0014352092069907362,0.0014254813919295126,0.0014568326790620556,0.015558927991660833,0.024558434072765645,0.02363064927841422,0.010516898353854163,1
2022-11-30,0.0013629635781246153,0.0014353774950415562,0.001425560513413578,0.0014575989323099181,0.015168128583696549,0.024509073241896814,0.023580335170332176,0.010407298559950366,1
2022-12-01,0.001357764166830197,0.001434813946451977,0.0014248229859382218,0.0014568837633064703,0.005801017212912322,0.01970479099996176,0.023123071710633002,0.010515358631843727,0
2022-12-02,0.001357377733131353,0.0014319732692726016,0.0014227124197424004,0.0014555691179999142,0.005441853851096225,0.01970296192199061,0.023120509713129945,0.010732875887254013,1
2022-12-05,0.0013578082493685415,0.0014341290658092863,0.0014244186619973359,0.0014578413152584258,0.005009711856585602,0.019698199281315904,0.022870762652656845,0.010916757268351486,0
2022-12-06,0.0013578225927420584,0.0014328962078708353,0.0014232357300224196,0.0014576060919416964,0.004791464438946022,0.013192450716361576,0.02282823105213596,0.011172370770273258,0
2022-12-07,0.0013573406906660173,0.0014291499073293417,0.0014202463826491045,0.0014546770740205637,0.012325721519531003,0.012372300456808689,0.023060258918146333,0.011211370464948568,0
2022-12-08,0.0013568291024270082,0.0014285794727418224,0.0014190320194750437,0.001454198119907331,0.012020341869233696,0.012333634239614255,0.023079853771445683,0.01125393360760693,1
2022-12-09,0.0013564687419124783,0.001428358846581897,0.0014184599622361692,0.001454051109830483,0.012352840269376698,0.012413433297234454,0.023089871182611767,0.011255595245770567,0
2022-12-12,0.0013562533360843843,0.0014305845045056245,0.001419872867863559,0.00145607949629257,0.01271872735294966,0.012478142950832497,0.02285855043888286,0.011257559386811547,1
2022-12-13,0.0013558858629737548,0.0014296227119321764,0.0014192502459124553,0.001455655451272576,0.012879826012782437,0.012504217748656073,0.02285991721573011,0.011120001724761342,0
2022-12-14,0.0013321034426375365,0.0014159403988253227,0.0014026373787560716,0.0014412408245499317,0.007702796336111342,0.012583745634057923,0.02203859742686271,0.011016627549630108,0
2022-12-15,0.0013318886169933317,0.0014130072042678708,0.001401961075212019,0.0014404280343062394,0.006816659874364907,0.011247955812941484,0.021980052917658546,0.01094710571322129,1
2022-12-16,0.001332248572272837,0.0014134723398305335,0.001402494533482545,0.0014415652877107228,0.006327027888323327,0.01072589205210282,0.02182446630045295,0.010836675268629888,1
2022-12-19,0.0013318781376597867,0.0014113379671710667,0.0014008024545931063,0.0014403600345322997,0.00890942978534321,0.011284708161088902,0.021836112063747026,0.010607073961615086,1
2022-12-20,0.001300042995496663,0.0013909423004988374,0.001378188943997347,0.0014182263417045998,0.013584308748942177,0.01240425062252357,0.020996480368223422,0.009386542587914375,0
2022-12-21,0.001300206444160531,0.0013870587921346084,0.001373329450088503,0.0014124230489538693,0.016023724862076302,0.013210680958600455,0.02101550247650897,0.007570014391828996,0
2022-12-22,0.0013976059870869674,0.0014525538660020276,0.0014428165593075816,0.0014781298387903884,0.03331148583250569,0.018263778083749276,0.022596293913690075,0.007597449786784098,1
2022-12-23,0.0013987288199655504,0.0014635897103576745,0.0014532661364534143,0.0014946418395593553,0.03350619292533407,0.018336457416215608,0.02240551962878025,0.007642233552205058,1
2022-12-26,0.001455311673120532,0.0014917578725533135,0.0014766671090660113,0.001515109317323599,0.042431737519463386,0.02273045053658903,0.023698806127965016,0.008596083478716912,1
2022-12-27,0.0014542193100815796,0.0014970506127287028,0.0014838194198067668,0.0015276810133981122,0.042100722974838876,0.02316167291442883,0.023839763752634833,0.010011945030017455,0
2022-12-28,0.0014554184705521812,0.0015047642206344246,0.0014942831739788508,0.001539532439571687,0.04143651096421277,0.023371995431046785,0.023736473983981807,0.010977244317505503,0
2022-12-29,0.0014560501085752278,0.0015083392375781048,0.0014982272985090196,0.0015448586366875923,0.02957779604403922,0.023320895017601914,0.02374922362578389,0.011222117695679771,0
2022-12-30,0.0010667732576907824,0.001171702006808607,0.0011783345856762968,0.0012262054304130186,0.029366056098573325,0.023332671084525546,0.02069416550729152,0.011445842231316868,0
2023-01-02,0.0010674022579647599,0.0011573180502175951,0.0011622103805670947,0.0011928752453691373,0.012898075501426574,0.023494449691042817,0.020501084919861235,0.011456985535569755,0
2023-01-03,0.0010657218680279134,0.0011434763846848457,0.0011463145424535882,0.0011678175896664461,0.00939266146613494,0.023511254362154288,0.020423500592724825,0.011530437303697965,1
2023-01-04,0.0010619033828400254,0.001132300814290377,0.0011329511096986203,0.001150142067768589,0.007050154342946273,0.022818752962190013,0.02042433860479883,0.011660073619649654,1
2023-01-05,0.001059610450576059,0.0011273856971867914,0.001126578970199043,0.0011418580318426652,0.006238597900853912,0.022748011247158098,0.020387039910345073,0.011816715198010837,1
2023-01-06,0.0010573658634173162,0.0011243471658504262,0.0011212129935742768,0.0011367188221725907,0.006059991746438885,0.022703441352583485,0.02035772042485715,0.011965900892374474,0
2023-01-09,0.001056875917704791,0.00112436250777808,0.0011195398565477027,0.0011358080863254998,0.002475562105163785,0.022651264023215243,0.020260219482059545,0.012221243028682894,1
2023-01-10,0.0010540011196233262,0.0011217328940019266,0.0011139513040672269,0.0011320915192334915,0.0039035365211792577,0.022696167110221,0.020283157534565117,0.01240783266850345,0
2023-01-11,0.0011079730111416277,0.0011625229117907612,0.0011575888436044508,0.0011717929170254383,0.025128609770696416,0.025762840995366517,0.02149278165324672,0.012538034234009716,1
2023-01-12,0.0011071931094483814,0.0011689550790848675,0.0011628465146693678,0.0011827201825201973,0.025161437221805093,0.025770715618834625,0.021496022654336644,0.01251524811791917,1
2023-01-13,0.0011089775298327668,0.0011756290161835266,0.0011695673661312066,0.001192083902696217,0.025198311051622766,0.02577163457638797,0.0213101399851225,0.012447531495661466,0
2023-01-16,0.001106553524885674,0.0011733503908237487,0.0011673368697346397,0.0011909568499169118,0.02674171602042773,0.025923254444681812,0.02146533312388719,0.012364385081598216,0
2023-01-17,0.001107178813272752,0.0011733196297380268,0.0011673356236150385,0.0011910330385113007,0.029232634406581717,0.026126985456337033,0.021536270859751228,0.012295367545000945,1
2023-01-18,0.0011077926246040731,0.0011763943836056432,0.001172548030022573,0.0011958701037387601,0.015579216174632217,0.025694591467712375,0.021476311470709556,0.012253955807002028,0
2023-01-19,0.0011065198477102005,0.001175670441343903,0.0011725703496831762,0.0011960620370281491,0.01639045018803525,0.021304406252138457,0.02153001053001089,0.012199664976089939,1
2023-01-20,0.001111984033662479,0.0011754318886252322,0.0011716521289190816,0.0011953794662184266,0.023479501990409657,0.022832710331470985,0.022070933193266393,0.01216967210274605,1
2023-01-23,0.0011125845376091623,0.0011794720440853966,0.0011796378340533222,0.0012018692473016036,0.021716741571751692,0.01843383437858543,0.022052000923133683,0.012118922625874608,1
2023-01-24,0.001112587180526265,0.0011811979369958114,0.0011839387327785163,0.0012050550311813867,0.018047509223411858,0.01791451360146011,0.02206437229168524,0.012060310511425764,1
2023-01-25,0.001113084801983969,0.0011829956687628759,0.0011880268190722332,0.0012077986791221933,0.017901115115928394,0.017637414806859774,0.022045583402537955,0.011857575234335007,0
2023-01-27,0.0009889642581726106,0.0010826035594443302,0.0010824040315035297,0.0011096875771391954,0.018463724565419334,0.017899539163268363,0.02043311393328292,0.011603528168480206,1
2023-01-30,0.005450128225697147,0.005426236466290867,0.005413640463783308,0.005425300474543413,0.09188025261542296,0.04915522915777332,0.03341086051965375,0.017217585453184102,1
2023-01-31,0.005450441424686877,0.005486273599417011,0.005504317707943227,0.005578179797049923,0.09419798654341047,0.050165040906941634,0.03394377483627154,0.02134036546307448,0
2023-02-01,0.0054358592095810725,0.005516358448909015,0.005535304668922396,0.005654059256232338,0.09497033337215338,0.05053429855481356,0.03306828877748076,0.024633282653173303,0
2023-02-02,0.01484380300945791,0.014652955574844521,0.014666932639818313,0.014514922393434637,0.1759638772646135,0.08966311257983064,0.05389261873654063,0.03633301754854226,1
2023-02-03,0.018638469409942023,0.01739598785565599,0.01775323994008542,0.016570105918946,0.22407063496640817,0.11341329657442101,0.06716190981286688,0.050240275170770975,1
2023-02-06,0.018728165493182028,0.017941966479802816,0.018021698309059482,0.01777876395415041,0.20459563228314834,0.11345439112655269,0.06718491507615848,0.058472463081156216,0
2023-02-07,0.018808349167959214,0.018187241485326116,0.018100622236313493,0.018314035438888408,0.20357581235440092,0.11347148131226437,0.0671926605231811,0.06514861668062343,1
2023-02-08,0.018823782341813595,0.018190873865576145,0.01815357466394328,0.018323650349991377,0.21218853515133815,0.11749850868628782,0.0694679086737239,0.0714092277914368,0
2023-02-09,0.019004782008019305,0.018357620367488992,0.01847828818854079,0.018431076228784912,0.17248680360523955,0.12377211460882263,0.07335214376570674,0.07436544802328718,0
2023-02-10,0.01900497379796493,0.018360097913191997,0.018501071482587974,0.018433332422576533,0.11483379245038344,0.12649506445409364,0.07481454320456248,0.07473300039742863,1
2023-02-13,0.019073506103240715,0.01842208243749285,0.018514243100356573,0.018508783430280618,0.1161812463810607,0.1268372210693588,0.07498200352451165,0.0750136947851125,1
2023-02-14,0.019103023863737186,0.01843003567185708,0.018514002466463644,0.018521387644085383,0.1205640002920361,0.12779247540005936,0.07556515186283388,0.07490158253694831,1
2023-02-15,0.01917285125617962,0.018453412224211173,0.01852443753666509,0.018553540702640006,0.10426152360375081,0.12771013718948981,0.07560062597514285,0.07421963180643781,0
2023-02-16,0.01923502123203093,0.018464758235108528,0.018529357028481238,0.018569138826285275,0.06522126892324882,0.12775880337798734,0.07562417153850964,0.07316389534631765,0
2023-02-17,0.019291490783274846,0.018470924951873698,0.01853225659983345,0.018577452039773918,0.039309768754846354,0.12775035849966748,0.0755151141879164,0.07232255998793359,0
2023-02-20,0.01932701272336067,0.01847107610330002,0.018531946479848176,0.018577994220972067,0.03936284199363246,0.1278171241564365,0.07570727741170694,0.07144653521443385,1
2023-02-21,0.019345899706645985,0.01847157866380596,0.018532686279158994,0.018578015042062655,0.035067004139709555,0.1285318491564827,0.0761071960659837,0.07049842441123448,1
2023-02-22,0.019379995228435514,0.018472351577299213,0.018533687327178746,0.01857979736846274,0.036882992142359385,0.12871884000024766,0.07621446201516097,0.06953452061806928,1
2023-02-23,0.019384146766291854,0.018521513461604997,0.018579080187652454,0.018623750882149227,0.061698476767476265,0.1311254165630504,0.07756976094744568,0.06885137252771334,1
2023-02-24,0.01942130764900946,0.01852738589023374,0.018585838476879044,0.01863534914139416,0.06195388349341135,0.1311277916216293,0.07758598538018927,0.0681370767081989,1
2023-02-27,0.01943955766076692,0.01852726633440756,0.018585878131577038,0.018636076750658058,0.06307831877052103,0.12337520252134253,0.07785047782057206,0.067380889035557,1
2023-02-28,0.019439836505743248,0.018548622221712288,0.018604001077086776,0.018651898626725897,0.07172186729113939,0.12485242345388671,0.07885989292787707,0.06655836175872223,1
2023-03-01,0.019475550906229815,0.018637588292017324,0.018685978825845304,0.018722767070418207,0.09222403244574062,0.12821862873991097,0.08071867022370986,0.0657104137504618,0
2023-03-02,0.01951483787026762,0.018710634369668307,0.01877969424745601,0.018800453484406215,0.09881369555592774,0.10906002911557196,0.08257170458646279,0.06430703370711764,0
2023-03-03,0.01954977316460965,0.01873232340893109,0.01878542668358965,0.018812367450769567,0.0992982108656251,0.08430669630747988,0.0826391087759705,0.06278151464305391,0
2023-03-06,0.019648525494040538,0.018891473576983297,0.01898493576768473,0.018991836932176737,0.11943183447962184,0.09122822031388596,0.08506846908380312,0.06154253532116345,0
2023-03-08,0.0196710244364967,0.018905206387356443,0.01898526133020695,0.018995172828574214,0.1137481399567413,0.09198918215896192,0.08534413955143344,0.0599685441542388,0
2023-03-09,0.01970470683946385,0.01891894330539475,0.018987582269440008,0.01900053356522892,0.09766077760816472,0.08699672415834583,0.085419446574497,0.05797267776964163,0
2023-03-10,0.01972726599296981,0.01892218734913587,0.018987665058065876,0.019001205922834167,0.07843758349163861,0.07742273065581726,0.08559115910944556,0.05596120213078085,1
2023-03-13,0.019753390855376158,0.018925410180886577,0.018988738844344488,0.01900280616109141,0.07861841530178028,0.0731856056631904,0.08567625884891752,0.0538249325357819,1
2023-03-14,0.019781305543335535,0.018928392085111267,0.018990723646948177,0.0190048688714141,0.03619840974933481,0.07263366227906946,0.08568840196394956,0.05527194821097969,1
2023-03-15,0.019783154831853566,0.018934002883054482,0.018997040699639645,0.019011299371295323,0.04330013272615877,0.07277922413845793,0.08621629265220968,0.05636064780094048,1
2023-03-16,0.019791576663831998,0.018934111687655932,0.018997118026985397,0.019011305935411952,0.04848926676439614,0.07374697238583178,0.08646986844381224,0.05720797922310653,0
2023-03-17,0.01981450502019481,0.01893699427807225,0.018999744740073668,0.01901414297098998,0.044463317386831416,0.07365509073020049,0.08642452634474763,0.056294656041947506,0
2023-03-20,0.01982632279250091,0.01893278958887635,0.018995113077080912,0.019009774156616054,0.04317232785477994,0.07372774830074688,0.08604226227470622,0.05166715438160621,0
2023-03-21,0.019836902997543912,0.01893187402402502,0.018994197031590495,0.01900838971406864,0.04625780064946511,0.07364262755936545,0.08618156508703041,0.047538962435022564,1
2023-03-22,0.019848538914575383,0.018930178655974614,0.018992990728882077,0.019007349409413864,0.0320033409027232,0.07242544600205285,0.0858403318688797,0.04291252901064823,0
2023-03-23,0.019862903454654825,0.018930089895116735,0.01899280260265366,0.019006703568661458,0.019833971725747968,0.07208934572693625,0.08580276478825144,0.03626923214750318,1
2023-03-24,0.01987499087097959,0.018929788972667737,0.018992390674156596,0.019006093862046238,0.020497568583151923,0.06766412979616762,0.08579702351281454,0.032314976223293275,1
2023-03-27,0.019882581199888574,0.01892923502249534,0.01899165305274884,0.019005334989077027,0.023247185240494763,0.06790668490598667,0.08588016669123665,0.032071616035140846,1
2023-03-28,0.019892271726781378,0.018929143842094643,0.018991706502444215,0.019005222911194802,0.016075177368463693,0.06703074556481851,0.08588907187318405,0.031772800108846075,1
2023-03-29,0.01989244130917711,0.018938011793986527,0.018999359506418987,0.019013621520267934,0.03630482833372857,0.0654900664738531,0.08639754583368955,0.03006802878540831,1
2023-03-31,0.019894513948331694,0.01894961513752614,0.019009422095106664,0.019022812224592157,0.05206191859747263,0.06122227183968228,0.08706682999394223,0.028836934772290997,0
2023-04-03,0.019904082999378108,0.018952517897793134,0.01901132392361577,0.019025234885490704,0.05185509623916823,0.05300599593641341,0.08706931972745215,0.02881114031657666,0
2023-04-05,0.019911332945089257,0.018953506911240675,0.01901192310328077,0.01902603507669508,0.0507850266516167,0.052830520701993615,0.0871038820409343,0.028647980974308745,1
2023-04-06,0.019918525226026253,0.018954282221174287,0.01901268508875071,0.019026745351333148,0.05083707161883278,0.03966398923303193,0.08711624243774098,0.028479318415787217,1
2023-04-10,0.01992220365497015,0.018954131711988547,0.01901259221192548,0.01902658601156496,0.041389569192121375,0.03850406576353264,0.08721687486909989,0.028330843423716584,0
2023-04-11,0.019926651563012193,0.018954193654302676,0.01901272689807983,0.019026595296698964,0.020841228946588235,0.03837119889259559,0.08726717302292636,0.02888287981695736,0
2023-04-12,0.019929182065807866,0.018952097458877194,0.019010472036403565,0.019024413324079715,0.020733413997844397,0.03713476259801095,0.08697280450453727,0.029619071499629262,0
2023-04-13,0.019932507752815142,0.018951547369343878,0.019009946402415965,0.019023530848775172,0.021776108181407898,0.03693778327654586,0.08702783853633346,0.03023217828274987,0
2023-04-17,0.019936477431676876,0.018951397319425606,0.01900980607838883,0.019023143358023686,0.021913814950462972,0.036955441361234916,0.08704220085849351,0.0307561488355214,0
2023-04-18,0.01994042872982516,0.018951618626623378,0.019010047236129975,0.019023253305757694,0.016520101978154195,0.032894773887942416,0.08700536072413304,0.03124889393654241,0
2023-04-19,0.019943410619476163,0.018951751003829714,0.01901018106410095,0.019023357259134163,0.01410562367430726,0.030566138313961586,0.086953596606587,0.03096829527824071,1
2023-04-20,0.01994647169340862,0.01895166268234016,0.01901004141204568,0.01902317400711909,0.014046729645508947,0.030562584942763125,0.08695105103722228,0.03008540394725652,0
2023-04-21,0.01994914083194045,0.01895166195911719,0.01901000155362776,0.01902312441880324,0.009357337848546855,0.030336896729690085,0.08694109551775027,0.029033038509696584,1
2023-04-24,0.019950329707505488,0.01895148706795517,0.019009890853385322,0.01902298490446324,0.012305282950331294,0.02947225157829288,0.08685057557775788,0.025676563947165814,1
2023-04-25,0.019952461259813453,0.018951312521522063,0.01900956246131844,0.01902268344637151,0.012159193391356756,0.029376422312578893,0.08685016918822146,0.021936214324894406,1
2023-04-26,0.01995348698525789,0.018951029111993808,0.019009159124865734,0.019022315211400128,0.01458922067731668,0.02981867775097764,0.08689949574300139,0.01889603938321903,0
2023-04-27,0.01995520114334825,0.018951021731701753,0.019009046361128455,0.019022232528275097,0.014594317579873848,0.02970324132706582,0.08689954329615324,0.01712262101604921,0
2023-04-28,0.01995676734918782,0.018951137989137435,0.01900910824848742,0.01902231376005843,0.014405702065044823,0.028932688447206572,0.08687714707422492,0.014815669895143335,0
2023-05-02,0.019223492765437653,0.01818927529597919,0.018254063084208533,0.018265741738429955,0.020038025767458053,0.03007310094422628,0.08290346363604548,0.014831325181551567,0
2023-05-03,0.01922466973224567,0.018171031762239,0.018226930991782696,0.018219538291382377,0.02007142911130916,0.025182923071879183,0.08268666975093894,0.014624243744921597,1
2023-05-04,0.019222783058743084,0.018157380058194676,0.018212138989041334,0.01819119186016106,0.025761340646877646,0.019428184907121403,0.08279621105247989,0.014077414111221423,1
2023-05-05,0.013368804801721867,0.012058549785766334,0.012132803989074731,0.012337180805595408,0.030983965569914586,0.02121429528525457,0.07107219775306059,0.013702121561232645,0
2023-05-08,0.0071909190798339455,0.0075820248168513285,0.006866852606489064,0.009398106959871005,0.031030955885369253,0.020809872262262906,0.05868484683316787,0.013361167539794506,0
2023-05-09,0.006955321399679669,0.006178761303648254,0.00612734519785482,0.006841123956724329,0.027064071706610498,0.021009650926233376,0.058700441950520175,0.01279944482590319,1
2023-05-10,0.006737671029615637,0.005414116010648866,0.005890688838812873,0.005242540205680734,0.02711437641444629,0.01974089301558834,0.05869206525488213,0.012741349888690894,0
2023-05-11,0.0066964297231307925,0.005401769342115704,0.005725840156156665,0.005209018602152232,0.019126614018577435,0.018982149607939133,0.055979463265488784,0.012752036340533455,1
2023-05-12,0.006164790865123094,0.004807874918745287,0.004574266790534777,0.004818472574016453,0.022900570978731036,0.021764345803089197,0.05114344716465087,0.012729962809409608,0
2023-05-15,0.006166477799205671,0.004800190312670497,0.004482471288845632,0.004811049489442739,0.023246229270541437,0.02120372268056363,0.04888807136438406,0.012729967694415817,1
2023-05-16,0.005951615812498879,0.004556138405394366,0.004427305852238047,0.00451153982993128,0.024632563758323428,0.021749538154829006,0.04869769314256393,0.012615361589903304,1
2023-05-17,0.00585737298049306,0.004523800832654272,0.004428530695876332,0.004459424040722289,0.02534977897438318,0.021957395980017093,0.04782261966042856,0.012446801065175686,1
2023-05-18,0.005626282683043372,0.004427907417483585,0.004385734109161166,0.004324176937088779,0.0254501862984893,0.02173724556112946,0.04776823418720056,0.011356062678953595,0
2023-05-19,0.0054115469492933225,0.004380736061979075,0.004365683649742155,0.004257105746686954,0.014040396909041084,0.021763324220894976,0.04772415974465998,0.010218363859794025,1
2023-05-22,0.00520609329085641,0.004354712671031959,0.004353186094380091,0.00422071312766788,0.02031524040756602,0.02304094531080675,0.04791309262091715,0.008762260396011601,0
2023-05-23,0.006299453786247857,0.005751243778345668,0.005753907215296792,0.005656680525138424,0.07931699018688108,0.04481053052467558,0.05259858633348898,0.012675563675291475,0
2023-05-24,0.0064495695910032035,0.005865000001016256,0.005996087534695945,0.005847659039211278,0.09662382621365816,0.05271818178089008,0.05442923879303057,0.01824901712180725,0
2023-05-25,0.006346205957264031,0.005879859631213594,0.005993803014462986,0.005841784757600804,0.10048226381804294,0.0542537357247561,0.0548619332210294,0.022877121775562965,1
2023-05-26,0.006344968319465777,0.005762550635099586,0.005859949661770987,0.005718963630316483,0.10106159652027269,0.05453214948582935,0.05302349269883859,0.026492959903042027,0
2023-05-29,0.006245664784733743,0.005769120908353074,0.005846472734503113,0.0056950303212705425,0.09989459757046563,0.054531979184329976,0.05298476217890158,0.029341413293724156,0
2023-05-30,0.0062021307734176955,0.005782047918589568,0.0058504681965294075,0.005699803062915621,0.0630714402577651,0.05387118590476509,0.05259789895094931,0.02978260789048267,1
2023-05-31,0.006211558802282752,0.005718474957683995,0.005794336571500737,0.005650744613652618,0.03062257729015016,0.053971535864872314,0.05110790905788484,0.029608164505711465,1
2023-06-01,0.006109571984351749,0.005425520197281699,0.005526573325666655,0.005413948283240134,0.013098053957884792,0.05310787066416309,0.048118142332107025,0.029632609307720867,1
2023-06-02,0.005992735308877131,0.005170950594504259,0.005201092325267284,0.005139913854703575,0.007058079671646662,0.0524042738629041,0.044743304336177125,0.02982518211259771,1
2023-06-05,0.005884230691841344,0.005092001405679832,0.005180446036066419,0.00509616057263142,0.01100696035801104,0.05256705234318328,0.044674413606546816,0.02977930164028523,1
2023-06-06,0.005553858107991098,0.0044664996858335086,0.004394551638612073,0.004381130748746644,0.01104549868757295,0.05243557415309683,0.03985024847553303,0.02981217969373791,1
2023-06-07,0.005481211621681993,0.004408722612875875,0.00439411094197742,0.004367330285347263,0.008792631397142628,0.05242572768449317,0.0392459036530098,0.0299042207511664,1
2023-06-08,0.005365642280584129,0.004349786964882982,0.004384568820618462,0.004344318917103303,0.008841620736047877,0.05242644990687041,0.03907771555089893,0.030051532484779733,0
2023-06-09,0.005288159115231554,0.004336073565302668,0.004384676909029697,0.004341788613397816,0.00904312149555941,0.051337543697630696,0.03867911035840586,0.030191279219051882,1
2023-06-12,0.005194726271408848,0.004321880335068146,0.0043800551434294175,0.004334701876958192,0.005022316693628103,0.051327420687865284,0.0385075828176236,0.030445767786654795,0
2023-06-13,0.005091355714095931,0.004308509238563446,0.0043713170091758905,0.004325364295023463,0.00763314173548499,0.05111129865916586,0.03851887808498791,0.030716583479292237,0
2023-06-14,0.0050882809238771524,0.004284207346787502,0.004344200576207374,0.004297394685139653,0.008628026485495842,0.05105305877217072,0.03728542251942819,0.03095268893021953,1
2023-06-15,0.005059304163912432,0.004284549458540796,0.00434459938709639,0.004298163047260344,0.008615923906253821,0.05104079927244702,0.036569385403564456,0.031240427770792153,1
2023-06-16,0.004971694588140714,0.004272162035864821,0.004333431521004495,0.004285989772781328,0.009858098469951643,0.051093597768469036,0.03659813115653816,0.03150199152746651,0
2023-06-19,0.004900163978768845,0.004267682905709974,0.004329393060567232,0.004281487639914199,0.009965692914505324,0.050558437723898834,0.03654845226583849,0.03174280507525278,0
2023-06-20,0.004857498029185492,0.004270952617554111,0.004333042509499756,0.004284826051755691,0.0212271446051237,0.03394431520257421,0.03664611754592283,0.03178328311713159,1
2023-06-21,0.004795545371875576,0.004268939999831061,0.00432977682154124,0.004282730324000418,0.0209905649129471,0.019558241633492405,0.03662742912974751,0.03182499060349551,0
2023-06-22,0.004738378621076892,0.004267521919664418,0.00432745420059499,0.004281286533824722,0.02103178852460849,0.013841094140511281,0.03662511556257,0.03180395977412851,1
2023-06-23,0.004689551983269315,0.004267143730361593,0.004326481036841036,0.0042809203386613695,0.020453917058743044,0.012719467004595388,0.03659609593822698,0.031826705560473456,1
2023-06-26,0.004683451702568832,0.00430282766737795,0.0043615755797030715,0.00431558472341205,0.0374234926151405,0.020286754768047668,0.037516172661765594,0.031824932370993014,1
2023-06-27,0.004642177341601105,0.004302805340698017,0.004360554678891331,0.004317148250335052,0.03409153725811118,0.02117246132786168,0.037659745041919684,0.03180973794941632,0
2023-06-28,0.004644193967651656,0.0042664224794452706,0.004329977871305023,0.004284142334298821,0.03407023911301272,0.020935246693691862,0.03644809483902242,0.03179614868411585,1
2023-06-30,0.004637731899545135,0.0042170752264099965,0.004287340934075764,0.004244506672446413,0.040762987302707776,0.023750608752109055,0.03541182340858551,0.031822024737776775,0
2023-07-03,0.004599052375442615,0.0042068576497509376,0.004280937759501767,0.004235956005559357,0.04081398651845376,0.023786048276254176,0.0354120051966774,0.03168181821080936,1
2023-07-04,0.004569976727414945,0.004204140715525907,0.004279789657341067,0.004233831532814653,0.02579660176193311,0.023401501886719595,0.035326930549637876,0.0316237108818509,1
2023-07-05,0.004540673878159678,0.004201671112337631,0.004277358634175007,0.004231519904137467,0.022703765495413867,0.02338028229690973,0.035296517623746235,0.030423352766424796,0
2023-07-06,0.004526325232792167,0.0042029060385535355,0.0042783314558144615,0.0042327125393548815,0.022700144240367644,0.02340472387227855,0.03505206070898515,0.027805204275801434,0
2023-07-07,0.004508477848525786,0.004203175730385534,0.004278313102804364,0.004233168438981094,0.003499759814128998,0.023401066887534832,0.0349116245447017,0.024604471535443553,0
2023-07-10,0.0044850852177260965,0.00420136473074831,0.004276119222671871,0.004231797006608491,0.00475512627449887,0.023473056628314077,0.0349295220342269,0.02028079332027389,1
2023-07-11,0.004470829262309292,0.0042016137138287755,0.004276245344520893,0.004232146600165171,0.00742566038351063,0.023560761497544526,0.03482916140404726,0.014146232103648636,0
2023-07-12,0.004453978370389521,0.004201223945739683,0.004275687677219005,0.004232000505700495,0.007775025311909987,0.02339196746203492,0.03479746830982446,0.011574838414266153,0
2023-07-13,0.004436949949360573,0.004200202669881769,0.004274503154614442,0.004231199854387205,0.009910573554174434,0.023531367497920227,0.03484378138941566,0.011359758138177543,1
2023-07-14,0.004424212115730066,0.004200210099775103,0.004274498287878804,0.004231337835753766,0.011019344235009314,0.02365180505009498,0.034818955168522646,0.011387328904653828,1
2023-07-17,0.004410949044527839,0.004199880316460469,0.004274032627896969,0.004231095982185488,0.010550478605855302,0.023548184873114456,0.03482678578761026,0.011306107685854355,0
2023-07-18,0.004399178101606675,0.004199427520108395,0.004273528959520511,0.00423068538921083,0.010740283934584033,0.02364570041839514,0.034862395854623626,0.01131069165456887,0
2023-07-19,0.0043927897304311785,0.004200202449673126,0.004274207366830955,0.004231438062036027,0.010595688316109091,0.021508216510120613,0.0347505566282557,0.011318475658083962,0
2023-07-20,0.004383373460383011,0.004199930713822543,0.004273516229018337,0.004231030041688525,0.008457251982703756,0.021481517177698403,0.03475239601491672,0.011326504647491452,0
2023-07-21,0.004379006546988196,0.004200667398691217,0.004274026277295943,0.004231734543014961,0.006955313610810827,0.021468999670406577,0.03462158129426447,0.011375500203875184,1
2023-07-24,0.004371410202914941,0.00420028319703867,0.004273446583027951,0.004231418616934598,0.006461333031061195,0.02145608389691516,0.034621302231512954,0.011442778748277616,1
2023-07-25,0.004364723754037314,0.004200054049401448,0.004273061435350634,0.004231230263539117,0.0022524893994850053,0.01450028018768332,0.0346195864518937,0.0115478640388747,0
2023-07-26,0.004364458094570994,0.004198933001688454,0.004271672294461133,0.00423008664503598,0.009021291293871875,0.013870510929419702,0.034364559568004126,0.011514926549688926,0
2023-07-27,0.00435868182690907,0.004198189343610856,0.004271149830305276,0.004229680520028423,0.008962887168272312,0.013832701057605536,0.03436352162923166,0.011507408028157662,0
2023-07-28,0.004358690343929696,0.004196275692028166,0.004268465727919716,0.004227405926249366,0.011813986327869029,0.008966896432239416,0.03398500931393007,0.01144846762036957,1
2023-07-31,0.004358708563190583,0.004196419249931957,0.0042684738676652435,0.0042277202617546856,0.01340352765731643,0.009425062372443073,0.03366905509229006,0.011396759746617975,0
2023-08-01,0.00435349860584852,0.004194275048535494,0.0042664805742234965,0.0042257770399593796,0.014385059420277095,0.009778775155233121,0.03369742683619289,0.011337512435603459,0
2023-08-02,0.004350555837297352,0.004194160492177449,0.004266262406283163,0.004225697675336726,0.011498238888474554,0.009827421122022409,0.033628882640560034,0.011341758867384578,1
2023-08-03,0.004346527529938314,0.004193377270739325,0.004265023493043765,0.004224861942266204,0.01155489254632685,0.009792771152998375,0.0336260632527867,0.011339293994835622,1
2023-08-04,0.004342691630878157,0.004192075674486562,0.004263587219653989,0.004223542911754023,0.01360333180307291,0.011117815026950379,0.03376264401319875,0.011307356304405233,0
2023-08-07,0.004341282178538644,0.004188407846571394,0.0042597644678970875,0.0042198178750243965,0.012132144874310271,0.010953366106619832,0.03319891569237279,0.011290854000778549,0
2023-08-08,0.004338274805704297,0.004187244704661314,0.004259046382123596,0.004219239834122047,0.011051018549089119,0.01060049943384144,0.033176217310297,0.010526204337143416,0
2023-08-09,0.004337983507679153,0.004187151569380059,0.0042592105506720985,0.004219292275351478,0.017347086214700786,0.012517819350606856,0.0332477808465757,0.009882694279377133,1
2023-08-10,0.004335814757587134,0.0041868062748323265,0.0042585981004251965,0.0042191702467874485,0.018254299680713452,0.01243576953871957,0.0332404794908108,0.009175374741920468,0
2023-08-11,0.004333110398493865,0.004185779420427029,0.004257049165700702,0.004218178172325284,0.016912607337807868,0.012835824705557239,0.033313307993301615,0.007640105897966251,0
2023-08-14,0.004330909936343897,0.0041857238482926155,0.004256620382926842,0.0042180953533866574,0.016986503477815603,0.012817308783943526,0.03331344147241189,0.005583126638746789,1
2023-08-16,0.004332057269698229,0.00418563841670243,0.004256688111000137,0.004218022100564863,0.02257790559287143,0.014524896513853568,0.03329788477814571,0.005333213982981836,1
2023-08-17,0.0021939215394269173,0.0018444220481327392,0.001994112594019972,0.0018945943364644699,0.018191683964515107,0.014538328306156586,0.024672406327417202,0.005073691512255822,1
2023-08-18,0.001471710096761006,0.001434822951159845,0.0010495096772408714,0.0011782707629498224,0.01833769517544824,0.014860513192091425,0.018839809344241877,0.004802620841634217,0
2023-08-21,0.0014786775355156065,0.001362511935622173,0.0010444248804352208,0.001178829667189637,0.02389142199938102,0.017186166247995443,0.017775058782445244,0.005060411891192185,0
2023-08-22,0.0014277750791638817,0.0011827388923959235,0.0009936123833954689,0.0010806066699326452,0.026075610589823148,0.017995292863313157,0.01775742982818612,0.00545643621896679,0
2023-08-23,0.0013584046830834825,0.0010509562770315074,0.0009447070223227283,0.0010028416911525137,0.023490929209566386,0.018645646419383592,0.017976565068044365,0.00568051283954656,0
2023-08-24,0.001379114268668094,0.00105938080294688,0.0010064224526598758,0.001048170801684344,0.03704019425597146,0.023108679395746456,0.019787835114352004,0.007022469153839993,1
2023-08-25,0.0013336930031211311,0.0010471582777703539,0.0010167855207338459,0.0010568213377081174,0.03653969850218883,0.02312009747800046,0.01969912925374335,0.0080384694629793,0
2023-08-28,0.0012826495665922166,0.0010305385689822267,0.0010107868074162763,0.0010509046009121053,0.033121317267163004,0.023124168232457276,0.019826109083438882,0.008620860518759122,1
2023-08-29,0.001236911444879499,0.0010239115519255488,0.00101269327683765,0.0010509960388267352,0.031628234070683145,0.02300007009617098,0.01986295645796898,0.009005540687063905,1
2023-08-30,0.0012062503141308017,0.0010241737348107933,0.0010177876348824975,0.0010541523806407254,0.030695448215038692,0.02305385612096113,0.019788338452539182,0.009277216170981343,0
2023-08-31,0.0011689264362795704,0.0010223137324186571,0.0010186353954067288,0.0010540354501389366,0.010931865542099283,0.02303985915948542,0.019782575803651784,0.009268861524867772,0
2023-09-01,0.0011388076162447555,0.0010198127611730937,0.0010151619757209664,0.0010514320363693933,0.020163083539858594,0.024551934881222346,0.020383628829728245,0.009122361768192673,1
2023-09-04,0.0011071306016855232,0.001020515554545251,0.0010195025749717014,0.0010546247455074536,0.019442835411786714,0.02414478120876889,0.020446566150723062,0.008890394411558212,0
2023-09-05,0.0010793424538725123,0.0010219594578429977,0.0010239621957603246,0.0010574847905343537,0.019348933303221072,0.024203332303819023,0.020467550831749726,0.008607539043406744,0
2023-09-06,0.0010558554526113163,0.0010231817108771915,0.0010271508036548075,0.0010594503786548093,0.01883938060398968,0.024283319268345396,0.020470789475733824,0.008028634661162066,0
2023-09-07,0.0010380270153878134,0.0010258634324214891,0.0010313111772839022,0.0010625565751375958,0.01880720071927862,0.02332450341974438,0.020395362240936007,0.007794461579939276,0
2023-09-08,0.0010191976862471345,0.0010266358726181378,0.001032978772023424,0.0010637737065949892,0.008330582035397292,0.023169857389841217,0.020373315159851475,0.007824921863422254,0
2023-09-11,0.0010004119208640255,0.0010265690899281049,0.0010332077634176186,0.0010639428647289833,0.006358240841779536,0.02283786755651936,0.02037755687456678,0.008070379060629544,0
2023-09-12,0.0009933344747566457,0.0010289560293318535,0.0010365500140257881,0.0010661452865461816,0.017441139997849957,0.024284034067979306,0.020884721096981494,0.00800090648301545,0
2023-09-13,0.000980912803786098,0.001026463405142251,0.0010350508284868918,0.0010640326372784684,0.021812102896879872,0.024107697891840682,0.021223201648658853,0.007951958638536464,1
2023-09-14,0.0009793394164347292,0.0010197595845258538,0.0010267075058692232,0.0010574491939522005,0.022009381871183852,0.024132992789941472,0.020464340598409923,0.0078062139513728306,1
2023-09-15,0.0009662012092714739,0.001018118974764742,0.0010251543032595639,0.001053444642194466,0.021887059204017994,0.023927711247186022,0.020451779043372465,0.007642544044473025,0
2023-09-18,0.0009536016239975715,0.0010161941252659096,0.0010229359221194615,0.0010501598027454898,0.022109249959020184,0.02238465806481308,0.020472381182382086,0.007537155847502318,0
2023-09-20,0.0009415489455270353,0.0010134230064708296,0.0010198720751735863,0.0010465309241999273,0.015986955926058713,0.02199149002801291,0.020557397168902997,0.007417519256420294,1
2023-09-21,0.0007983539280712318,0.0008522340812601543,0.0008605243819448426,0.000895944883999295,0.009979979623501816,0.02163620015583658,0.01849363325671312,0.007468728055229631,1
2023-09-22,0.0007959635187179124,0.0008496643620787562,0.0008580371695490953,0.0008840853418841802,0.009663228326925531,0.016209621796757508,0.01815813844765357,0.00771940678811412,0
2023-09-25,0.000779249534182853,0.0008344717831869473,0.000841395144872355,0.0008618620827587518,0.010004593413660699,0.016241026636705055,0.01816272255798937,0.00794799884030114,1
2023-09-26,0.00076277042584164,0.000819280880651327,0.0008290058169000885,0.0008521243206792429,0.009846267402207178,0.015844707246886122,0.016992028874436193,0.008153496157754186,0
2023-09-27,0.0007450198257779635,0.0008020996373302471,0.0008150513413870259,0.0008377083681948759,0.00846078907972309,0.015856720152906813,0.01702224622037117,0.008408594473490497,1
2023-09-28,0.0007280066315265981,0.0007909658853404857,0.0008049371072160015,0.0008281455019961358,0.00769420311568095,0.015728086733586857,0.017073150830878802,0.008671991052904207,0
2023-09-29,0.0007131744602017355,0.000785186342563551,0.0007996102458637224,0.0008230994004565082,0.0076611520029208815,0.015733681394996098,0.017077880881789194,0.008926570551708922,1
2023-10-03,0.0007008671000623073,0.0007779095219553407,0.0007932009052268817,0.0008163737196619252,0.013339192622662761,0.014374177427298549,0.017371555773526625,0.008984276076471578,1
2023-10-04,0.0006884586943265266,0.0007756361273070249,0.000792366041335173,0.0008150923552679837,0.013889277645917844,0.014310024245556576,0.0174294106278365,0.008972609243646384,1
2023-10-05,0.0006853390631267058,0.0007725008854189383,0.0007896975606676793,0.0008118664371918761,0.01946718769955068,0.01589286375222732,0.017873263476690528,0.008858573633120367,0
2023-10-06,0.0006797548964211186,0.000777573189103676,0.0007947592734698466,0.0008158039156142885,0.018920364312116324,0.015752371038657533,0.017796885273129528,0.00880356706278299,0
2023-10-09,0.00067198020798778,0.0007789697545779941,0.0007960873007086695,0.0008167917227643639,0.018983931847302214,0.015786654098040902,0.017794631294141185,0.008044832979223978,0
2023-10-10,0.0006674183328725518,0.0007795984421361877,0.0007967176015903756,0.0008172426603240423,0.01661474037565973,0.01607108356293945,0.017792979723968923,0.0071912932319755825,1
2023-10-11,0.0006623683468804682,0.0007767120170684269,0.0007939948901161403,0.0008143477232318879,0.018790375525141814,0.016820806768756986,0.017974668571379127,0.006512374365269522,0
2023-10-12,0.0006570503720706456,0.0007784801476731712,0.0007950425428583784,0.0008152006946573007,0.012285219393301426,0.014637842430703306,0.017965375458585453,0.005868529422924774,1
2023-10-13,0.0006543415129903121,0.0007808466689081759,0.0007971292578388375,0.0008170475041045503,0.012687192654802608,0.013016775695560595,0.01790335318584159,0.005155075158137039,0
2023-10-16,0.0006490687084207064,0.0007769171705524344,0.0007934802228128856,0.0008132907966787333,0.015610144189389993,0.013748977250205886,0.018099711842675288,0.005096363248811937,1
2023-10-17,0.000644440061438772,0.0007768113835982924,0.0007947517857440965,0.0008135998647251788,0.014944412018314373,0.013941045490931447,0.018144999010207153,0.005009958807484292,1
2023-10-18,0.0006408566859708425,0.0007779797450826237,0.0007980486612125314,0.0008151779668758214,0.011031258667272661,0.01382595290966673,0.01814381621786204,0.004990425584653655,1
2023-10-19,0.000637191064408663,0.0007776117767485659,0.0007990882733805169,0.0008150942460965305,0.0116319663172463,0.013571897479057606,0.018181057908994647,0.004944412499071747,1
2023-10-20,0.0006343484060701184,0.0007782628263918175,0.0008015536023594385,0.0008160185321258146,0.011215870003689283,0.013265948370624447,0.018182140264117866,0.004909636391808569,1
2023-10-23,0.0006348561506829089,0.0007819672154929027,0.0008054037975527313,0.0008197527905156223,0.006406993212921686,0.013264700166596723,0.018006620751999564,0.005033063628568082,1
2023-10-25,0.0006472120719618487,0.0007821840373531168,0.0008081143025146869,0.0008202223066255061,0.016787282405334614,0.015484927822762642,0.018601907100102892,0.004950257017109913,1
2023-10-26,0.0006475340410085957,0.0007821806163655414,0.0008095706352332043,0.0008213886017527704,0.01960037989801972,0.016216147861254037,0.018697106332625963,0.004823297097228413,1
2023-10-27,0.0006477684285287087,0.0007805664514239976,0.0008101078659914864,0.0008206572672874449,0.02199869165776694,0.016949506538024524,0.018865529149915336,0.004986236299069025,1
2023-10-30,0.0006483835872990441,0.0007776934841525133,0.00081003415425738,0.000818783831204924,0.024913786329603532,0.01778649440151206,0.019106825808597197,0.0051674268544346464,0
2023-10-31,0.0006464089467111383,0.0007774603987382711,0.0008135964309733484,0.000819336931790021,0.025923188224989166,0.018146125755758465,0.01921514784635611,0.005399541364121773,0
2023-11-01,0.0006459127008465245,0.0007808070903389494,0.000820360604132722,0.0008227686761248818,0.020265739038161312,0.01726193846040349,0.01921274752635169,0.005335389938472217,1
2023-11-02,0.0006549699404965506,0.0007824736963829608,0.0008213970943892779,0.0008242900924158291,0.02331238935427183,0.018724377624583337,0.01947947270809055,0.005395703645829025,1
2023-11-03,0.0006549396664973371,0.0007862946178688692,0.0008308021986090351,0.0008307620559921965,0.02066935310416754,0.017301689573170066,0.01947419553274103,0.005494140696824135,1
2023-11-06,0.0006545546230222873,0.0007879012609844238,0.0008359152916349765,0.0008339669442143286,0.01727550861340124,0.017363039369077744,0.01948753382857936,0.005421289164587745,0
2023-11-07,0.0006512954706219099,0.000792382483376031,0.0008405000301321779,0.0008388121843686194,0.015970621246859586,0.017405448819283794,0.019115443634136652,0.005315219316810488,0
2023-11-08,0.0006517586228103338,0.0007929646372612553,0.0008418761973156414,0.000838920265248479,0.01614591062482817,0.017150356481698787,0.01905480469419642,0.005211934236770272,1
2023-11-09,0.0006520369227878943,0.000793890778108139,0.0008432895538878709,0.0008397714237122219,0.007318969666125398,0.016604956897789618,0.01897570664875164,0.00532965812244368,0
2023-11-10,0.000650819896929583,0.0007888026789196545,0.0008389421909511113,0.0008350415116345183,0.01163630970151113,0.017189174909469185,0.019143741150475287,0.005211970054463746,1
2023-11-13,0.0006439688712214075,0.0007923466172706562,0.0008433220192819671,0.0008389896527360534,0.011426613577431813,0.017142805961367923,0.018659165249120056,0.005054814847092228,1
2023-11-15,0.0006431131145819482,0.0007891884533501431,0.0008392993955551416,0.0008345980104666252,0.011097150347391059,0.016517178471381587,0.01865701745618806,0.004898422936470168,0
2023-11-16,0.000643450048160882,0.0007896324303808823,0.0008387983105935249,0.0008343728823836555,0.011062152064586906,0.01639797752410565,0.018581189249614844,0.0049584333526212455,0
2023-11-17,0.0006267799640388026,0.0007873358860045066,0.0008371499657354325,0.0008328188186848219,0.01047978803107426,0.016515414494509162,0.017934964050371614,0.00504512289186301,1
2023-11-20,0.0006272107182856357,0.0007898078205427278,0.0008399285400599781,0.0008360663139735446,0.005307724781516793,0.016391615526116354,0.017668305845876114,0.005345149922614029,0
2023-11-21,0.0006306312850081493,0.0007874382394029021,0.0008383782367723221,0.0008347533039814085,0.013068660509908915,0.017467808480888795,0.017787962938276614,0.005316828347437616,1
2023-11-22,0.0004146134783114115,0.0006721236056032757,0.0007280387711323619,0.0007192282836642916,0.016141502329124955,0.01810226003868445,0.015983282180784805,0.005271258558758749,0
2023-11-23,0.0004066799039817314,0.00064625096690465,0.0007009552244153037,0.0006832988847421358,0.016705730365359033,0.01637714294380981,0.016039168171409962,0.005272213643426956,1
2023-11-24,0.000405991864564852,0.0006414397353053804,0.0006958079662994097,0.0006738517388143848,0.016244258204876214,0.01557832385224551,0.015881880380305736,0.00523037024195151,0
2023-11-28,0.0004022472016611631,0.0006284373904436685,0.0006788681079166777,0.0006569082636596144,0.01917394860659276,0.015479325798777787,0.01610725378077472,0.005259474165851507,0
2023-11-29,0.00098919334498507,0.0010448567807198501,0.0010765584716327659,0.0010638636126006277,0.04092588792664288,0.023847058968597342,0.019428624216569476,0.0070246501652226475,0
2023-11-30,0.0009893454041808168,0.0010687497853513763,0.0010769475978501795,0.0010708327915038454,0.040088550393735996,0.023695186530999824,0.019478984187425538,0.008271584892109406,1
2023-12-01,0.0009832132387882237,0.0010792975065446282,0.0010795757316609583,0.0010748578411917216,0.04042498477031499,0.023959979439292418,0.018961998056231062,0.009301659581131423,1
2023-12-04,0.000985043919522169,0.001087309687460524,0.0010800810083208417,0.0010762503223414473,0.04042909043347006,0.02270341687970282,0.018892893278955353,0.0100791097124775,0
2023-12-05,0.001120324350299035,0.0011812480933606462,0.0011817952681096025,0.001178115661831016,0.04979483215263791,0.027435110989858652,0.020853591979633195,0.011458636607612193,0
2023-12-06,0.003244271669687785,0.0031482060127082886,0.003222144252073691,0.003205547382425287,0.07687873949210218,0.04440333960934089,0.028990049430417452,0.015328684393028282,0
2023-12-07,0.0032500936805808333,0.003220725323758098,0.0032272659027703854,0.0032272096673639757,0.07757990886443533,0.04474770657631223,0.02918061765425603,0.018057144363160423,1
2023-12-08,0.0032614813727846583,0.0032676559306388103,0.003237339462351136,0.003246911955055692,0.07725064653954111,0.04473056678546963,0.0291732643544604,0.020377755119792233,0
2023-12-11,0.0032668297240752045,0.0032834542269143717,0.0032392489303322554,0.003252372017635002,0.07791500037945463,0.04494151899750122,0.029316686168642792,0.022367538355034133,1
2023-12-12,0.003272592210732012,0.003294595907008236,0.0032427612997428714,0.0032578115339197264,0.0717615704637284,0.044791351151909416,0.028959738161270725,0.02366985638842237,0
2023-12-13,0.0032804967786419117,0.0033028230711138074,0.003246938091612776,0.0032627894385558855,0.01628958762465597,0.04478116077376524,0.028686027992639317,0.0237888416076653,0
2023-12-14,0.0032871466193483087,0.0033053939743431866,0.003247364783348507,0.003263671628313875,0.0118111071116818,0.04479337138665153,0.028683896064195108,0.02400975874673967,0
2023-12-15,0.0032928593181202233,0.003306615903935216,0.003247262843011479,0.003263937140054616,0.012162784136817598,0.0448019433994113,0.028696460575161228,0.02416210335626549,0
2023-12-18,0.0032929432018231363,0.0033054191531755495,0.0032462407422582033,0.0032627945441500088,0.01627643062737908,0.045370851755291874,0.028996724405734964,0.02425530747728824,0
2023-12-19,0.003298408471990506,0.0033075068494590916,0.0032475412863299407,0.0032640837883111595,0.01548019020434492,0.04537765115797918,0.02893678561596708,0.02433496755452191,1
2023-12-20,0.0033020938749812184,0.0033080648810033643,0.0032475724689904023,0.0032642091445018485,0.0165794186896739,0.04507076845791377,0.02893949946977866,0.02434666800592967,1
2023-12-21,0.003308935885862297,0.0033189319676327073,0.003258559929545307,0.003275734827919571,0.029538113357771914,0.04646971197464378,0.029794172920355945,0.024226218566298308,1
2023-12-22,0.003313608171365284,0.003322070045243379,0.0032624325999279185,0.003280476207280295,0.02950101736956074,0.046422206777186024,0.029793819732409625,0.024099813986769306,0
2023-12-26,0.0033179077813090636,0.003324061202602826,0.0032649202930762466,0.003283362035709785,0.025524490719088164,0.04642650228545334,0.02978292430216068,0.02374396069255147,0
2023-12-27,0.0033196508463625035,0.0033239906359000685,0.003265044740564359,0.0032835859050326273,0.027013240576889228,0.04636431752910214,0.02986941154987072,0.02349213893426543,0
2023-12-28,0.0033229094491357,0.003324995495717793,0.003266236376538661,0.0032847512116645143,0.026577798666545582,0.04229937279949549,0.029856761064441656,0.023222649206264188,1
2023-12-29,0.003325247553544687,0.0033250862107136077,0.0032666259314497073,0.0032849652958013586,0.011375219560704693,0.042308510584185464,0.029892885511075537,0.02321436033694738,1
2024-01-01,0.003326975819769314,0.003325897840620467,0.0032677862041562305,0.0032859033324521654,0.012688824337602001,0.04226970545688006,0.029770136790378085,0.023167283055071045,0
2024-01-02,0.003327454976348252,0.003325039523524367,0.003266832117314531,0.003284859545658083,0.016468543159565942,0.04259806925896291,0.029892267450702434,0.023006347229126162,0
2024-01-03,0.0033285260063504315,0.0033262730943689894,0.0032683025099194143,0.0032860439579412387,0.013985192556486413,0.03973241768848912,0.029612490565552277,0.02271756685308138,0
2024-01-04,0.0033286016479031465,0.0033244743374625974,0.003266527361204532,0.0032844102221855744,0.017227760450751556,0.019643083395795864,0.029771252520335766,0.02261140922600188,0
2024-01-05,0.0033305102371163227,0.0033246246036859675,0.003266704798157569,0.003284437505794657,0.01640965922852391,0.01877947635046517,0.029765615646458726,0.022604978614708844,1
2024-01-08,0.0033323466311283483,0.0033252695633885724,0.0032673195231664636,0.003285001017787191,0.015254760989138754,0.018788010403607246,0.029709413027550494,0.02264036130355905,0
2024-01-09,0.003333162863058065,0.0033257281420643763,0.003267616667712466,0.003285397071343769,0.01274033578264966,0.018370838917220484,0.029625171987701475,0.0227330499150914,1
2024-01-10,0.0033335445915131457,0.003324701755593855,0.0032666334948727588,0.003284499157109129,0.01467552208375567,0.01857624837326145,0.029703029451034563,0.02283407119224223,0
2024-01-11,0.003333399419487832,0.0033236013336455815,0.003265592102800289,0.0032834651288060103,0.015868885617636306,0.01955680039616044,0.02989814151531933,0.02294251342360242,0
2024-01-12,0.0033346332918480826,0.0033249835891144223,0.003266773123588558,0.0032846012365156853,0.016049982988441843,0.019549773852377262,0.029785102330511123,0.023028432494985564,1
2024-01-15,0.0033356151977484414,0.003325188332665633,0.003266676357033796,0.0032845644811389015,0.016350232864066203,0.01956626009521611,0.029771050442551145,0.023073891726906354,0
2024-01-16,0.0033364715815412125,0.003325106017957321,0.0032661479776507516,0.003284258994511206,0.015168360820594697,0.018132207988174796,0.029777228835988892,0.023112700656487548,1
2024-01-17,0.003337057153667337,0.0033250229007294268,0.003265897005193791,0.003284056095997552,0.013953033758253986,0.01827128126867868,0.029786216070359545,0.02289431441667599,1
2024-01-18,0.003337010676378945,0.0033239899480374175,0.003264753372008238,0.003282939386340668,0.014347106435598792,0.019110442864622056,0.030009484772839563,0.02098333038785857,1
2024-01-19,0.0033371103431278247,0.0033235866747294337,0.003264623736941263,0.0032826608798870644,0.016195271139083863,0.015153888092237534,0.030093001810091783,0.01854317460436689,1
2024-01-23,0.003335022140265193,0.0033239501813359497,0.0032655572178860457,0.003283385811998098,0.015851767985599192,0.015102339710163525,0.029728284835528702,0.015496297831489281,1
2024-01-24,0.0033355579135323932,0.0033248015302203304,0.003266609977668518,0.003284180826723974,0.015983498130771726,0.01515816984445422,0.029596589902329214,0.011182219132520066,1
2024-01-25,0.0033360389762482207,0.0033257610302132408,0.00326754302693217,0.0032850651919998147,0.015282015235093146,0.014484333778063437,0.029433854612891285,0.005073852000358721,0
2024-01-29,0.0033362833862308253,0.003326704640251065,0.0032681390427198405,0.0032859205638085614,0.008663003584901996,0.014400558627016254,0.02924206587237291,0.005301185679541812,1
2024-01-30,0.0033562344560841796,0.0033433496707626193,0.0032845211528127506,0.0033023573688434824,0.02592325562635721,0.019112697739091255,0.03009300664859347,0.005463788846579293,0
2024-01-31,0.003356750148482077,0.003344914292202545,0.0032836434125645196,0.003302563910740184,0.026201853448026415,0.01895951950819206,0.03011241158351058,0.005607601133452452,0
2024-02-01,0.0033551901330981146,0.0033459985636692304,0.0032840777910647045,0.0033030752929161275,0.027041595451517932,0.018568221662953847,0.029859780632871168,0.005847899648366111,0
2024-02-02,0.003355664237960066,0.0033459826472331624,0.003282254576938615,0.003301918741318587,0.027070007085903205,0.018549820570333317,0.029863278306252017,0.006046228053098306,0
2024-02-05,0.0033561821311983747,0.003346181442586221,0.0032813722965527514,0.003301443990178028,0.027033110905782518,0.01777285648240307,0.02985175439456755,0.006229177080532749,0
2024-02-06,0.003356592615582341,0.0033462682799570826,0.0032806965505059503,0.003301137030737176,0.008730002018996617,0.01780531436621424,0.029844347290104666,0.006157881660206823,0
2024-02-07,0.0033567906305676295,0.0033460601300316297,0.0032799667048187334,0.0033006933340990387,0.008916433648138832,0.017920997294319126,0.02986064904350656,0.005996706023647521,0
2024-02-08,0.0033571236968204772,0.003346292995313081,0.003279764088524584,0.0033007560686877523,0.006270520901484164,0.017720882451359755,0.029839892354475945,0.006135410551944029,0
2024-02-09,0.0033570973347614433,0.0033463406876397465,0.0032796584299625248,0.003300755985515014,0.010486312349781849,0.01782536935825336,0.029827760751783526,0.0059293343770807595,1
2024-02-12,0.003357034220413663,0.003345715007608921,0.003278631118922046,0.0033000074826778137,0.012340162082601734,0.017058398075842616,0.029882044479893396,0.0056405058657419925,0
2024-02-13,0.003356984796557425,0.0033452430442690246,0.0032778525247610405,0.003299406198698266,0.013700614551720525,0.017307670004108038,0.029934346041699804,0.005593120048993848,1
2024-02-14,0.003357250276602236,0.00334548700199617,0.0032781433147886768,0.0032996386393953497,0.013082403404153137,0.01723708023572859,0.0299286351260831,0.005585794832751346,0
2024-02-15,0.0033574080566366456,0.003345567759747261,0.003278238313959346,0.003299715804319267,0.013198457642532923,0.01732223147849047,0.029929644495725348,0.005606368849788496,0
2024-02-16,0.0033575736853846067,0.003345587293661453,0.0032781613079393345,0.0032996880327296036,0.010217255891984755,0.01718051467459541,0.02993404432135427,0.005690010364740148,1
2024-02-19,0.0033570939243693265,0.0033463253156720864,0.0032787556140392708,0.0033004490581033602,0.00888890443809309,0.016102243156551163,0.029753797687810973,0.0058138452913424525,0
2024-02-20,0.0033570939716131044,0.0033468024156495454,0.003279024192412556,0.003300803512244211,0.007878135514606225,0.01579556880744139,0.029656783649327324,0.005969161596524292,0
2024-02-21,0.003357173882244356,0.003346485532307592,0.0032784721497827744,0.0033004074153103373,0.008826069841018289,0.015930228347241657,0.029647226525597405,0.006078259593157999,1
2024-02-22,0.003357236504352484,0.0033461402764693978,0.0032777766852719356,0.0032999799873287216,0.007889442201914511,0.015866709641089664,0.029647612058585612,0.006200917734179709,1
2024-02-23,0.003357087058265587,0.0033466319668750094,0.003278116071571866,0.0033004663564542526,0.009430525072755007,0.016094060639240453,0.02954355345809136,0.006276168866480276,0
2024-02-26,0.003232972153371446,0.003240402830244509,0.003168221257739049,0.0031915791334209583,0.00858205394278842,0.016091402653713106,0.027419860608475972,0.006364204497537333,0
2024-02-27,0.003232181935845611,0.0032310308338029344,0.003165556295320619,0.003187303378349973,0.010222370746744676,0.010374025944840586,0.027464678510298903,0.006398374445584853,0
2024-02-28,0.0032318977249003898,0.003227311861943101,0.003164417148633873,0.0031858197093700166,0.009947235371949225,0.010338025297586458,0.027404781495488754,0.0064282805134203815,1
2024-02-29,0.003231329957115207,0.003222854577367163,0.003161414131017518,0.0031827895180683934,0.01513050993349766,0.01123270165212611,0.027601617988333375,0.006428028865132099,1
2024-03-01,0.0031864205938063354,0.0031881789658589777,0.0031225708867240773,0.003144680626372002,0.016796162993753045,0.012097530317383632,0.026262210482898174,0.006449616327074208,0
2024-03-04,0.0009384139109030058,0.0012836715641875174,0.0008722375363483655,0.000999518387277587,0.017336225767519926,0.01230333893780246,0.01686314820208783,0.006478122183836968,0
2024-03-05,0.0009165452179832299,0.0010888735929584258,0.0008514291290710663,0.0009264261264607222,0.01568937707273128,0.012251788388798217,0.016530822427627802,0.0064731468009515,1
2024-03-06,0.0008739683698177649,0.0009388591611720088,0.000811462953478279,0.0008545996027026455,0.01533782211452373,0.012075233604668495,0.016532420124877493,0.006468993889587153,1
2024-03-07,0.0008529396515512057,0.0008781133857751939,0.0007995250866558113,0.0008292188785855422,0.014605541829534182,0.0130259046267527,0.016544803703102982,0.006459823275671877,1
2024-03-11,0.0008215255124129848,0.0008351827124343573,0.0007846936517633666,0.000808324734486295,0.011445310359578229,0.012312933663935923,0.01647654020919585,0.006472024351487873,1
2024-03-12,0.0007873985798322433,0.0008064376865313374,0.0007712757304488668,0.0007927039917321333,0.010849828544704484,0.011947047494029512,0.01649433569920059,0.00642318344300622,1
2024-03-13,0.0007595268198255694,0.0007868839184087506,0.0007600883479163661,0.0007797434434320456,0.016169069329118293,0.012982269050233293,0.016835363656530062,0.006032167396038515,1
2024-03-14,0.0009668113672643715,0.0009583790694944071,0.0009336009505948345,0.0009494129472114596,0.03593399912281634,0.020635818862834287,0.019198893104432686,0.006926251464971403,1
2024-03-15,0.0010452966639635983,0.0009917147475325605,0.0009622667785114382,0.0009676881420919841,0.04375686763942985,0.024592483337667816,0.020278288115077703,0.008506294079180928,0
2024-03-18,0.0010299086659384033,0.0010097339391828789,0.0009789945432839462,0.0009904513413357366,0.04421571299580758,0.024784422019765138,0.020357450548771045,0.009848339477361167,0
2024-03-19,0.0010211759540110484,0.0010247392929177452,0.0009941977463077732,0.001007694278494966,0.04423218464343609,0.024740661427697624,0.020302640132378907,0.011000369863258804,1
2024-03-20,0.0009983372200042388,0.000991625369702231,0.0009594967102765544,0.0009723649634739979,0.04342961501303998,0.02499111682060722,0.019180686798651665,0.012022278803840873,1
2024-03-21,0.000985337639201046,0.0009880072673740536,0.0009562934762009171,0.0009642702012789768,0.029248447438109948,0.024904418529952555,0.019166662917954602,0.012133542356031677,1
2024-03-22,0.0009729355842732735,0.000985274336604203,0.0009532279119402087,0.0009590036445665006,0.011326227404722071,0.024925895549708966,0.019173096227291773,0.012006576778884491,0
2024-03-26,0.0009678543007660234,0.000986567442724936,0.000954711217161438,0.000959581507858572,0.01106758666975663,0.02495309084542429,0.019074166260450248,0.011995042547009314,0
2024-03-27,0.0009588610182252412,0.0009859188006035205,0.0009539691825915215,0.0009583682333141444,0.010677765593135938,0.024943758436254588,0.019048188129585794,0.012024424979783108,0
2024-03-28,0.0009521850243464956,0.0009864048609114712,0.0009535942834627393,0.000958508133977338,0.00660633990341481,0.024684866532961532,0.01899349243750092,0.012173346533644184,0
2024-04-01,0.0009451422011620902,0.0009837812113098433,0.0009496621297072144,0.0009554159561706951,0.012502442774362878,0.02519069189721393,0.019156453266853377,0.01218089869603278,0
2024-04-02,0.0009435147910917544,0.0009853470487248574,0.0009505169704909975,0.0009566594167238414,0.014479547064598343,0.024829045632928842,0.019038854562642225,0.012167968012397912,0
2024-04-03,0.0009368433611103715,0.000984863194689568,0.0009488634692317562,0.0009560073445523288,0.013388406548198173,0.024432382761138474,0.019038447156200827,0.012116870355403094,0
2024-04-04,0.0009365494843256084,0.0009875612952702478,0.0009509649192257288,0.0009585013754030635,0.014238097609652712,0.02444863513258186,0.018841287433087463,0.012024337139231775,1
2024-04-05,0.0009302696228169661,0.000985763701689026,0.0009492614775167891,0.0009573311617123778,0.014476385440304003,0.024498876124663338,0.01886204716509854,0.011898018042572619,1
2024-04-08,0.0009249728456494592,0.0009849473165080016,0.0009488744757419471,0.000956942824997956,0.010032493769528602,0.024513700134110188,0.018867033903040002,0.011868195350076344,0
2024-04-09,0.0009229744965202803,0.0009865674200429727,0.0009506343902526241,0.0009587893984564289,0.0065164923786343925,0.02395343842204485,0.01877472661530976,0.011910969966400156,1
2024-04-10,0.0009216147683075678,0.00098788324721741,0.0009512936065642796,0.0009601208137768118,0.007103456334664088,0.02401681323686865,0.01867404121791597,0.01197558125352354,1
2024-04-12,0.0009218549680203524,0.000989547399399166,0.000952564615095987,0.0009618538660550579,0.007966190824485572,0.024169632062709903,0.018420025359965193,0.011992523013784033,0
2024-04-15,0.0009176625358937654,0.0009869500802901774,0.000950122842032334,0.0009600514777813194,0.008566227151846864,0.023519785129405425,0.018450610136227175,0.012032468509044335,1
2024-04-16,0.0009138286203718526,0.0009835099261904742,0.0009468955703718957,0.0009570637764770805,0.012115953833948485,0.017742815598208336,0.018598937788170216,0.011990295757676033,1
2024-04-18,0.0009102169294644977,0.000981934046082915,0.0009461883863096199,0.0009561889215903362,0.013463441199568075,0.011849785148626356,0.01866607750418283,0.012007143490318936,1
2024-04-19,0.0009100047769263159,0.0009794001727719901,0.0009439069971725876,0.0009537223222579057,0.018160811114763056,0.013057708995426716,0.018973151412342786,0.012005850005933955,1
2024-04-22,0.0009106787807094057,0.0009847886108647684,0.0009521178557457794,0.0009607178915252441,0.01716146397971345,0.012987630112756101,0.018619533636286677,0.0120061408815084,0
2024-04-23,0.0009101701934053567,0.0009858838621649676,0.0009535508669464989,0.0009619749310439685,0.01741524347697354,0.01254870924951053,0.01854297726652513,0.011999685868272143,0
2024-04-24,0.000907855345507215,0.0009850571223009102,0.0009511854725305391,0.0009605044452333447,0.015038409183319472,0.012549024809055556,0.018542565996184722,0.01200200001269456,0
2024-04-25,0.0009059725033808493,0.0009844942214358842,0.0009495778797350466,0.0009595596520560703,0.014200031340424982,0.012599871974746385,0.018545525224607402,0.01200603447051134,1
2024-04-26,0.0009040923743091571,0.000980672779727682,0.0009446833540912782,0.0009551908895700927,0.012178507772868377,0.013302627876835386,0.018785060012583617,0.011993266815989913,0
2024-04-29,0.0009021922880429746,0.0009803148278725768,0.0009437476936726824,0.0009542029582609882,0.013128134331564891,0.013537423838647545,0.01883601309970991,0.01195434000625181,1
2024-04-30,0.0008256603214023554,0.0009227547688447803,0.0008836780119338462,0.0008958758638719603,0.011990967801722378,0.013509441117395422,0.017315388621673346,0.012000172260102181,0
2024-05-02,0.0008228374027665165,0.0009136542422829323,0.0008806944249902994,0.0008914335569798301,0.012595241596379833,0.0125722027721689,0.017315753981643697,0.011532819128679912,1
2024-05-03,0.0008222410759772028,0.0009118838742971822,0.0008818237163577502,0.0008919111702572328,0.012393344459413196,0.012030843682112933,0.017198801248451166,0.010392881358883319,1
2024-05-06,0.0008189458608854375,0.0009054863344137813,0.000877890803711208,0.0008876219405142634,0.009611617491452147,0.012459668882241464,0.017306404554594704,0.008976832244261608,1
2024-05-07,0.0008354278688121775,0.0009077465791021007,0.0008816622525882873,0.0008908101281073177,0.019848670727764788,0.015201099325920148,0.0180755943155502,0.007140149459828609,1
2024-05-08,0.0008332294584082234,0.0009083133114070625,0.0008861918914988124,0.0008947056034683861,0.020753268913052944,0.015420379635232236,0.01814836409698475,0.004705962415833285,1
2024-05-09,0.0008322514749414068,0.0009106173656969606,0.0008930031410911502,0.0008995251891684816,0.02075320885190422,0.015510366505931211,0.018141152389164823,0.0038978509629802567,0
2024-05-10,0.0008372360275920671,0.0009080868480269391,0.0008910362807953095,0.0008969142848016832,0.02546739187605368,0.017212554828245512,0.018616421490172865,0.004498285760952163,1
2024-05-13,0.0008377155729910144,0.0009133058361661077,0.00090114804159408,0.0009048863824458667,0.025011244683752064,0.017292170651427928,0.018506168514896337,0.004940819171903475,0
2024-05-14,0.0008397476114437905,0.0009110522548668963,0.0008994773483528126,0.0009025736011693886,0.021610985537924537,0.018219962832935647,0.018787141910581003,0.005093668416085299,0
2024-05-15,0.0008984082723162599,0.0009423518960411312,0.0009280310352873497,0.0009342525694294016,0.03163229286788358,0.02167010692660087,0.01992747798423374,0.005792785844641556,0
2024-05-16,0.0008992505087796148,0.0009535390677654339,0.0009353814515342387,0.0009404004451811393,0.03144671026731865,0.02123902731955706,0.019931054554577415,0.0064877314824126585,0
2024-05-17,0.000900536217464008,0.0009608811759070974,0.0009409952973386143,0.0009450154083235994,0.02770390998864543,0.021043589015340116,0.019900086125681452,0.006837690327773169,1
2024-05-21,0.0009010478960266407,0.0009642305947540588,0.0009436802565720719,0.0009469447471590226,0.027403326019936912,0.020107236756708214,0.01990872764269802,0.0071122957851972425,0
2024-05-22,0.0009005077949994259,0.0009636173643457449,0.0009429876075211819,0.0009457566924601789,0.025508319325549058,0.020518447135574137,0.02001487394148899,0.0072754028553057345,0
2024-05-23,0.0009013710103666952,0.0009662067257265346,0.0009454645950233449,0.0009475297797100502,0.009570623729431571,0.020412497826389042,0.019989131140716827,0.007389293131945508,0
2024-05-24,0.001130945416398742,0.0011562036046295727,0.001143364563933157,0.0011444763328395747,0.03505240057373016,0.026490102685436376,0.022206857996711283,0.007978453702148114,0
2024-05-27,0.0011341258432653863,0.0011755597778487373,0.001148930263621575,0.0011531235587267828,0.03503359212113262,0.026443535322584075,0.02220598720384326,0.008291232695668614,1
2024-05-28,0.0011341506903991864,0.0011761149719200328,0.0011477676261235962,0.0011518354836997043,0.03721450664295984,0.02671051915007624,0.022457875266345097,0.008658092782812415,1
2024-05-29,0.001135454067049108,0.0011815776449628575,0.0011513909155314401,0.0011554018151863114,0.03680723783279634,0.026769626152011464,0.02252454818956317,0.008911622294111634,1
2024-05-30,0.0011384378787587086,0.0011886387759660372,0.0011586181389446027,0.0011615366343954601,0.036710447411542606,0.026788775216417798,0.02243127364975262,0.009077927623357684,0
2024-05-31,0.001138491900169681,0.0011879753213844028,0.001158669322600388,0.0011607339292311416,0.01695357957745255,0.02709098517384378,0.022557723869326255,0.008946285820422862,1
2024-06-03,0.0012343717249810458,0.0012679777305460212,0.0012362676700810257,0.0012423160402463733,0.03394249747271991,0.03080397859539793,0.02387542532990239,0.00907437644142577,0
2024-06-04,0.0013173737292431504,0.001317620365017947,0.0013012577532292378,0.0013060062954419961,0.04320272816436455,0.03401433471019369,0.025226703059912262,0.00979332455892981,0
2024-06-05,0.005957516136450842,0.005825011882464016,0.005903767699877325,0.005896474312085336,0.1050633926838613,0.05811797976929738,0.03744555493436244,0.01779297401422153,1
2024-06-06,0.005957680996033514,0.005892383252756849,0.005953580539166942,0.0060514597871842235,0.10814624070133534,0.05944633108450998,0.038174377614989624,0.023155623714080947,0
2024-06-07,0.005972081740880746,0.0059639599449646885,0.006001334333421852,0.006172217125141906,0.10823652055670692,0.059624102960399696,0.03828196536771909,0.027105263847915586,0
2024-06-10,0.005988186496315716,0.006003235102350465,0.0060262420200319616,0.006235366515538079,0.10427266566132343,0.059202493917850686,0.038188019683522034,0.029877426491645643,0
2024-06-11,0.006003419632716594,0.006023025080385411,0.006038402950109832,0.006266849790231247,0.09996604979491998,0.05915139181388349,0.03818688098205236,0.031772867652739914,0
2024-06-12,0.006016865426152884,0.006033066422917105,0.006044480080723099,0.006282708684064125,0.027989982939639058,0.058794563394285744,0.03817913411103425,0.03148245288058928,0
2024-06-13,0.0060284416132823405,0.006038880042001924,0.006048244727746059,0.006291506885604169,0.01105095981310242,0.057569494696297185,0.038022013563770767,0.031510438265113655,1
2024-06-14,0.006005786368617654,0.0060157752600109825,0.006025198756171729,0.00627197479555967,0.0048136987838922314,0.05756390085086907,0.03687594730083373,0.031763731242809484,0
2024-06-18,0.006000747188201718,0.006012050567949284,0.006021750685185882,0.006271568182805268,0.005341630510341586,0.05762110622901696,0.0360714195717829,0.031988417546028554,0
2024-06-19,0.006007305107827755,0.00600855992801749,0.006018795295704801,0.006268378178903937,0.008365633192576362,0.0576944324780044,0.03607146736299377,0.03202760602229975,0
2024-06-20,0.0060128361572942615,0.006006040903385888,0.006016417966918516,0.0062660504224321956,0.010542792940286896,0.05763609734156696,0.036109116695407645,0.03225535150056115,1
2024-06-21,0.006019318792175516,0.006005970124448924,0.0060163866324190055,0.006266119954319841,0.010543722083580143,0.057611978171109045,0.0360244370769317,0.03249494899275908,1
2024-06-24,0.006022190949364978,0.006004391193379171,0.006014297898165472,0.006264485793746714,0.0143250177239876,0.055296803866693015,0.036133733462489825,0.032630179883578005,1
2024-06-25,0.0060270073275044715,0.006004121594213409,0.006014006552754653,0.006264309619342446,0.01334114568578435,0.05529783251521272,0.036128786376043075,0.032856106653052455,0
2024-06-26,0.006031202477186299,0.006004175707128202,0.006014027794315061,0.006264419272808208,0.012142167880992856,0.05494793647628487,0.03610026530233992,0.033099696642923705,1
2024-06-27,0.006034936798601591,0.006003999372524931,0.006013851977983078,0.0062643220552858,0.010307630899526096,0.05486153790440794,0.03610015267623498,0.03333808193147626,1
2024-06-28,0.006038245732087989,0.0060039143740961,0.0060137594378025985,0.0062642854732922896,0.010322981137726579,0.054853138254724314,0.03609713863679518,0.03366172386899583,0
2024-07-01,0.006041476870140755,0.006004462206738786,0.0060142313680453235,0.006264847120490525,0.003459792615105176,0.0546705871011474,0.03596690540954791,0.034158561602134006,0
2024-07-02,0.006044265150842415,0.006004693301291882,0.006014401882772702,0.006265144379757783,0.0035061594899840065,0.052658335387680257,0.03590044838536416,0.03460597943165033,0
2024-07-03,0.0060461724173069805,0.006004328323398146,0.006014017344536317,0.006264905232855544,0.004477119429651618,0.05057339164410159,0.0359160421762563,0.03499931136497899,1
2024-07-04,0.006047798993177762,0.0060041693300238435,0.0060138707861842776,0.00626482702859492,0.006954409787272992,0.016195683824658594,0.03592154955700574,0.03529661907824641,0
2024-07-05,0.006048954707101971,0.00600384548915557,0.006013493537748576,0.006264537409119283,0.009560732166523736,0.01038346434597385,0.03596049090936687,0.03529683833627346,1
2024-07-08,0.0060505639315205735,0.006003872357435888,0.006013483849665245,0.006264603118528417,0.009570659783103543,0.00910968608677127,0.035956415763069655,0.03553300680960435,0
2024-07-09,0.006051631990077756,0.006003669506736283,0.0060132611473537505,0.006264433065357774,0.010711189345573429,0.009131564984769386,0.03598422250968504,0.035724335313683346,1
2024-07-10,0.006052952056272522,0.006003810802121747,0.006013467543251354,0.006264605980113418,0.009810359613318852,0.009133780894199176,0.03596911764639636,0.03589916631408809,1
2024-07-11,0.006054132513750723,0.0060040456665077045,0.006013665541830664,0.006264848172400499,0.008510861957930025,0.009195057429114938,0.035931957973754425,0.03607677319216275,1
2024-07-12,0.006055105435821995,0.006004103316287864,0.006013723812121233,0.006264938545988533,0.005961200647868718,0.009282746464136925,0.035916614705521974,0.036278703022988766,1
2024-07-15,0.00605606277136103,0.006004506402348264,0.006014050541155738,0.0062653418523967355,0.006226276246869648,0.009321216958079345,0.03583101100178058,0.036440913607839714,1
2024-07-16,0.006056780030877126,0.006004530220890804,0.006013918080686023,0.006265326880695663,0.005282264838976906,0.009122927457844121,0.0358062021029099,0.03663742507142894,0
2024-07-18,0.006057164606406442,0.006004981289511274,0.006014250274532202,0.006265770717607124,0.0059303790682080125,0.00864420891222638,0.035626164807472334,0.03667993322672173,0
2024-07-19,0.006057652869952491,0.0060045503210612895,0.0060132459592813145,0.006265129372092232,0.0060608510430786,0.00812064894087152,0.03563178042535815,0.033564234914693014,1
2024-07-22,0.006057630110803437,0.0060041021376728764,0.006012685324670886,0.006264584274285296,0.013825953404574386,0.010303693995838008,0.03578629256321732,0.029356566270784104,1
2024-07-23,0.0060581306557349135,0.006004175140961904,0.006012622338620094,0.006264735653200256,0.01371782590645789,0.009090007661240889,0.03578682391345497,0.024000905787095843,1
2024-07-24,0.0060586084173655085,0.006004308298020132,0.006012690845666053,0.006264917328574175,0.01325554774522559,0.009091680254784833,0.03577601380390923,0.01718565567812844,1
2024-07-25,0.00605890899192149,0.00600478712676023,0.00601308345628007,0.00626542645482115,0.013488214263416136,0.009129472520886184,0.03566545866230631,0.004811934723502651,1
2024-07-26,0.006059317092677293,0.006004861988772988,0.006013160086144086,0.006265598198447503,0.013267513524249782,0.00913180454837373,0.03563608227562313,0.0034285425394850284,0
2024-07-29,0.006059902214817036,0.006004681375803647,0.006013070553218207,0.0062654048797008925,0.01627835969890489,0.012073581642956504,0.03592713286490122,0.003653625230271976,0
2024-07-30,0.0060602997518745105,0.006005177852057763,0.00601325673288951,0.006265700084565588,0.01631286143697446,0.012089791566111308,0.03591173267789412,0.0037649674855780805,0
2024-07-31,0.00606042902405831,0.0060051310234176015,0.006013003336917607,0.006265558128216851,0.01724982632865313,0.012408645709952272,0.0359432880682067,0.0039129913276816485,0
2024-08-01,0.006060603247956239,0.006005359507792026,0.006013069988938588,0.00626569637257175,0.01781083334225437,0.01255557903878451,0.03592717389926431,0.004141105441805474,0
2024-08-02,0.006058046630197973,0.0060044128309933035,0.006012075515729369,0.006264793255069882,0.01902516188947333,0.012719594988345214,0.035598632200691385,0.00442898681163568,0
2024-08-05,0.00605805941269608,0.0060038294692429705,0.006011059248802848,0.00626382149002696,0.013207874244204044,0.012904706866558922,0.03562870598522631,0.004452229679256085,1
2024-08-06,0.006059621370039488,0.006003915773492425,0.006010720411602071,0.0062636243973606485,0.022052225892613075,0.015647327076716518,0.03597619064083729,0.004867540441401867,1
2024-08-07,0.006058951906167151,0.006004785736252927,0.0060119675859758364,0.006264852142766279,0.021901594901723515,0.015659248349321746,0.035746947767280074,0.005242687309519993,0
2024-08-08,0.0060597471891966,0.006004129502968948,0.006010576710292379,0.00626376934231671,0.026614894593593515,0.01762583131714725,0.03602306222668718,0.005938753651020872,0
2024-08-09,0.006059783792819388,0.006005504326651472,0.006011875229146761,0.006264949855393387,0.025887327361594617,0.017641367104972133,0.0358355856618427,0.0064600700847723515,1
2024-08-12,0.006051631814838604,0.006001320235025549,0.006008291368568691,0.006260875699053652,0.02481189734402209,0.017650921887350474,0.03517561250344611,0.006834711225423568,0
2024-08-13,0.006051478273172745,0.005999495573215895,0.006007072617619581,0.006259840887489704,0.018100990230096307,0.01780614156682107,0.03520201909098371,0.006663559887464179,1
2024-08-14,0.006051178871263062,0.005998051234591553,0.0060060192342654565,0.006258869004963138,0.019362799945310878,0.018219933694692627,0.035286379205465575,0.006485401209389507,1
2024-08-16,0.006050981850924887,0.005997259601765062,0.006005606229568952,0.0062583766917386555,0.013063952523301487,0.018561904388562554,0.03534550504758873,0.006242836809308185,1
2024-08-19,0.00605097197976395,0.005997028011108434,0.00600563161601575,0.006258274090375477,0.016242804749319845,0.01918310535398083,0.03538293462018749,0.006103614262597417,0
2024-08-20,0.006051072552431603,0.005997114162205526,0.006006109579017135,0.006258481226715323,0.016022336500386477,0.018109241102815067,0.035370659931964796,0.006039283980773864,1
2024-08-21,0.006012473191837238,0.0059635079902254666,0.00597194060002336,0.006225597015186011,0.01589226049007978,0.0182525334260436,0.03402704676000045,0.005965705669050679,1
2024-08-22,0.006011806857586816,0.005959487438824565,0.005970847099079491,0.006223788549707172,0.014906975421556841,0.0185362638195304,0.03407883999944341,0.005913976016109971,0
2024-08-23,0.006011972465531948,0.005959705494417167,0.00597158937258831,0.006224321407907417,0.013046531091470298,0.018482811120237023,0.03388331594564799,0.0058451131888207246,1
2024-08-26,0.006011776098243498,0.005958601439781927,0.0059710762179103405,0.006223651695406028,0.009008335862842828,0.018554577090231276,0.03384991642798065,0.0058264199701614505,1
2024-08-27,0.006011387385926927,0.005957613698165574,0.005970255561406749,0.006222921766551477,0.009026883493587356,0.01679492545681147,0.03384625863706302,0.0056852894986785365,1
2024-08-28,0.00601148051094576,0.005957794822784508,0.005970470266782804,0.0062231673641475445,0.007758755410244181,0.016783241218023267,0.03374765838730403,0.005607965516063075,1
2024-08-29,0.00599233516429046,0.005941576084360038,0.005955113278597045,0.006207680137382774,0.0071200808212146935,0.016789217879943523,0.0327044982185262,0.0055040558946041936,1
2024-08-30,0.005974736733369411,0.005931172397774084,0.005941633013219204,0.006194964511136019,0.006804496642704566,0.016549415532281248,0.03156577081717347,0.005454607884663187,1
2024-09-02,0.0013934983233495522,0.001727157073207807,0.001462932628536648,0.002305207829828146,0.0059586568610030585,0.016206774283118862,0.015129968097342522,0.005460651161907492,1
2024-09-03,0.0013926384400937395,0.0014798050928548666,0.0012428744304957033,0.0018597632361264734,0.006758685882291354,0.015807513855791742,0.013218992465854713,0.005677579871046882,0
2024-09-04,0.0013295504927152747,0.0011574401104747108,0.0009857312872690858,0.0014075541780596886,0.006811437858268667,0.013103470551800788,0.012903825863507438,0.005873531509006019,1
2024-09-05,0.0012546418151476266,0.0009351215814447368,0.0008217296323827173,0.001096590099034912,0.00508013217919702,0.012977280452773736,0.012871251504635507,0.006136318622424189,1
2024-09-06,0.0011795354432680562,0.0007961221839624611,0.0007236063564030694,0.0008973296977386978,0.00496569868843141,0.010146898135349585,0.012871874051757545,0.006383268384421776,0
2024-09-09,0.00110860088741303,0.0007132275300636581,0.0006668977706367514,0.0007755219983144209,0.007754494614495117,0.010495434715338382,0.012986160124289303,0.00649376044673268,1
2024-09-10,0.0010422475694597925,0.0006670077990211706,0.0006358252177217699,0.0007054268795656488,0.007190900061932079,0.010435381774216455,0.012995148045385293,0.006602639808986635,1
2024-09-11,0.0009798925828409277,0.0006397847127655428,0.0006165846087564346,0.0006640878953749741,0.007880454198067589,0.010262303263223136,0.013028924633849862,0.006673653365571986,0
2024-09-12,0.0009273245255715109,0.0006252364851894538,0.0006058624938223512,0.0006420223675261787,0.010173352697610204,0.01002769060137496,0.01311167886576678,0.006664424751962747,1
2024-09-13,0.0008812998930594902,0.0006171114763997729,0.0005996242962048461,0.0006302956440547687,0.012945811360258857,0.010108973035390089,0.013184055750268904,0.006610895230743645,0
2024-09-16,0.0008385781010903925,0.0006153554665038727,0.000598259043004541,0.0006263972752590839,0.011985935992598895,0.00895056639199261,0.013090061229552155,0.006520556094957067,1
2024-09-17,0.0007900492748334641,0.0006108337874992101,0.0005923305067199055,0.0006198425840736331,0.012122287639005861,0.00902528893949902,0.013109367690335008,0.006522056859498703,0
2024-09-18,0.0007636021158697598,0.0006152141508178972,0.0005960171144366129,0.0006235974747208716,0.011742393147275959,0.008754703398832017,0.012811818077485828,0.006291173778089892,1
2024-09-19,0.0007208562756135607,0.0006113078384036091,0.0005886735139652525,0.0006178399407125437,0.009606032497658186,0.00825039785881233,0.012836416829618917,0.006058125555719416,1
2024-09-20,0.0006832203445798937,0.0006100610583838048,0.0005856597621481753,0.0006155575786266667,0.005652948162018524,0.00822358183401161,0.012813910066755049,0.005517569636487216,1
2024-09-23,0.0006468214353922856,0.0006036464832390679,0.0005777896270268002,0.000608322318883147,0.010810133526907783,0.009436093296508703,0.01312379571627369,0.004797434251523872,0
2024-09-24,0.0006117451298293693,0.0006020151972466112,0.0005748483807361221,0.000605578409130273,0.011752511451962048,0.009778295628424626,0.013209289158086925,0.004027265774843741,0
2024-09-25,0.0005789930335320509,0.0005988627262507639,0.0005714236340066595,0.0006016602267504185,0.013747241385030239,0.010432733182013933,0.01337512825535349,0.0038175830638943254,0
2024-09-26,0.0005489411913063621,0.0006002364135525762,0.000572565245563505,0.0006019406750870931,0.013545326246622082,0.01006300863983506,0.01338053895602026,0.0034778381488835665,0
2024-09-27,0.0005245573635687302,0.0006021565833581194,0.0005743388605083632,0.0006031870617014255,0.013632817386610504,0.010124990469857676,0.013342178126452787,0.0034956140325198564,0
2024-09-30,0.0005040125686859393,0.0006046932381171055,0.0005761382820766935,0.0006051227873962944,0.009517949778606002,0.010139590761004031,0.01325718585185833,0.0033050565428518293,0
2024-10-01,0.0004878256029650509,0.0006076882066454318,0.0005781998890955327,0.0006078688043680143,0.007985844534781572,0.010006924348491009,0.013121832805535503,0.003118339005952885,0
2024-10-03,0.0004649053781354535,0.0006034851043168794,0.0005731256521301487,0.0006032148298457936,0.007831637822695697,0.010610213851252014,0.013280517348318381,0.00290705216577947,0
2024-10-04,0.00045018902416406645,0.0006000950984081555,0.0005701374767967804,0.0005995149484856395,0.012558407147766387,0.011586224780666662,0.013513727236700383,0.0027836878119606254,1
2024-10-07,0.00043092399444466577,0.0006016089755257405,0.0005712456714571724,0.0006011891454804242,0.012326852717253416,0.011590457955872617,0.013515030978094238,0.002753755511369285,1
2024-10-08,0.0004247041447300419,0.0005972315383629683,0.0005682761662825715,0.0005964517910006233,0.018265086348515567,0.013083638597453014,0.014054104763912513,0.003198552416783965,1
2024-10-09,0.0004790731627775525,0.0006160297418057774,0.000587429978537648,0.000611877071493234,0.027565513928996938,0.016648593440098162,0.015249348617571358,0.004571438834125812,0
2024-10-10,0.00046855106216902497,0.0006287092786308261,0.0005974333191920272,0.0006212685775480749,0.02665111091441094,0.01657171314681733,0.015242432246685913,0.005434541891262734,1
2024-10-11,0.00046000948647120327,0.0006360118299827848,0.0006037198518509132,0.0006268771940889047,0.024892693234602747,0.016225839654965483,0.015229340488506058,0.005953193816280196,0
2024-10-14,0.0004508794891493055,0.0006382383672973022,0.0006059666485446722,0.0006282455048723379,0.025427355235882788,0.015939818262952155,0.0152841250607324,0.006402418563552523,1
2024-10-15,0.00044250085876126687,0.0006393828347995187,0.0006086600571406017,0.0006291237378063327,0.0221468114975816,0.016058837081851414,0.015340473897295802,0.00654710856158693,1
2024-10-16,0.00044354887403527275,0.0006461737491482883,0.0006161424214864654,0.00063604966295865,0.007992414183248768,0.016012740872571755,0.014897520196478563,0.006512648782709753,0
2024-10-17,0.00043567592892103954,0.0006444590545118083,0.0006143568092117224,0.000632842931258902,0.008383780826043592,0.016053743259716226,0.014916685073201794,0.0064699340766242045,1
2024-10-18,0.0004297699289743537,0.00063825222557838,0.0006083714962959149,0.0006255682532695267,0.013186159713851786,0.01684273164964449,0.015224319915164933,0.0063062976016278315,1
2024-10-21,0.0004253559256121712,0.0006405951547456723,0.0006134767040085571,0.0006284571556213635,0.01222423535753659,0.01683587933683411,0.015195267225153594,0.00612370121181118,1
2024-10-22,0.0004199198769253419,0.0006357008203463555,0.0006092698863123391,0.00062318051055969,0.014715614734798536,0.016816920971444417,0.015450145831647877,0.006039595458658562,1
2024-10-23,0.00044291072575608,0.0006393276564523043,0.0006091470987611719,0.0006258121799561712,0.022994486806265677,0.018816590944320567,0.015617817616028696,0.006159963747641909,1
2024-10-24,0.00043866736318834605,0.0006423720962606502,0.0006231073715687857,0.0006359526814874642,0.022908876929510474,0.01848459282124376,0.015622625464334582,0.0062547541815018695,0
2024-10-25,0.0004377296868621851,0.0006471329127150187,0.000634329805130765,0.0006446547063015725,0.020336859509623204,0.0184717516039659,0.015538635581717239,0.006286945354970933,1
2024-10-28,0.000516498030293854,0.0006784107489873408,0.0006634612331139977,0.0006731883765869444,0.030017862823990136,0.021500033202305587,0.016719748943241373,0.0068557018975579104,1
2024-10-29,0.0005324457910290351,0.0006764218428923217,0.0006616632532508659,0.0006706665180659973,0.03317773083094052,0.023137662905647487,0.017328418644911765,0.007546856284189579,0
2024-10-30,0.0005324762645962944,0.0006852718878259593,0.0006741914300651379,0.0006817542960689143,0.02916994850248542,0.023470026426100896,0.017328763849539724,0.007870050086787133,0
2024-10-31,0.000537882593076474,0.0006816510147948548,0.0006687080271919225,0.000677603097004773,0.03452337643954749,0.024986244500072086,0.017402969025318574,0.008453408114292448,0
2024-11-01,0.0005391072453925578,0.0006901547300480034,0.0006742671394577004,0.0006798218346379436,0.03467364364524981,0.024542668980895136,0.017368486916672483,0.008879351239966348,1
2024-11-04,0.0005335626740622368,0.0007009732805768363,0.0006872884194112621,0.0006898755824385073,0.02668036516104156,0.024540254165424984,0.01672844216596064,0.00867522641069899,0
2024-11-05,0.0005296546945665366,0.0006931170580669687,0.0006796718056462875,0.0006824308199265487,0.0219492387903504,0.023924681205287755,0.01686936196765546,0.008550621119598888,1
2024-11-06,0.0005289528929035259,0.0006924012242423384,0.0006807416777646674,0.0006822445885990618,0.02066344756923467,0.021624575539442872,0.016869055729040273,0.008431201557110113,0
2024-11-07,0.0005597501770086658,0.0007027513607222965,0.0006892685613237863,0.0006930783841974678,0.021614039144417806,0.02373886387358145,0.017733867813642057,0.008363138705559103,0
2024-11-08,0.0005596912251434267,0.0007031733807366672,0.0006881358209900999,0.0006921650487887577,0.024170888655830648,0.02436163010126629,0.01786357068166457,0.008308739579537507,1
2024-11-11,0.0005610835195424904,0.0007088239930718288,0.0006936252174962882,0.0006966031049238669,0.024955155148935548,0.02441877183761656,0.017818955825597286,0.008253694175653416,1
2024-11-12,0.0005640944935354729,0.0007164313376791148,0.0007029639811672228,0.0007037827907464522,0.02396801756351618,0.024359526316793417,0.017619926310264603,0.007999353403873866,1
2024-11-13,0.000562948792492987,0.0007146320725896017,0.0007014938913892107,0.0007020957573088189,0.02436886598767119,0.02449720399399065,0.017682163463188592,0.0076212314340405405,1
2024-11-14,0.0005615862922849339,0.0007121642700894954,0.0006999979519231123,0.0006997699809588058,0.016718543728031235,0.024816106440579463,0.017797065704965472,0.007226993214958052,1
2024-11-18,0.0005640893655078544,0.0007162064642424901,0.000707640735251628,0.0007045673401660092,0.012405459791510153,0.024258898931130726,0.017703491666913682,0.007233915249861646,0
2024-11-19,0.0005648176823978123,0.000716747102497661,0.0007099147525333382,0.0007057809790293766,0.010811931096431297,0.024251657655652282,0.017693850440874286,0.007308449281531359,1
2024-11-21,0.0005658026640757759,0.0007176212978119142,0.0007116901269289597,0.0007070689890517133,0.010092777234545589,0.02376373773629343,0.01766884186790936,0.00759597448267845,0
2024-11-22,0.008446670833524047,0.008424723936294223,0.00842125166704789,0.008421876874943324,0.11493320377356091,0.06140306775777598,0.03750562575680606,0.018649441788335903,1
2024-11-25,0.008461593676287888,0.008578396210539622,0.008914131952089845,0.00874651679527928,0.11497918386458826,0.06156044313411822,0.03759525791144088,0.024912058252685547,0
2024-11-26,0.0084765564479736,0.00865252642596327,0.009060548615803993,0.008899228625801217,0.11511843579427891,0.06162922016870452,0.03759712102810829,0.029592663220697066,0
2024-11-27,0.008478629416966093,0.008666457687643125,0.009085803349325353,0.008939328186946505,0.11714169252388963,0.06159073719933348,0.038114676825217485,0.03352550516666557,1
2024-11-28,0.008542727451134281,0.008713717147115219,0.009117738294849131,0.00896180602088642,0.12685309017189492,0.06566925762460299,0.040622711802235666,0.03750915355569772,0
2024-11-29,0.008558072447344014,0.008740927102610757,0.009138465110101973,0.008993230401960123,0.05485994073406891,0.06565073137820328,0.040665297268683946,0.03723183507275657,0
2024-12-02,0.008572705509906775,0.008755086500339659,0.009148835422209121,0.009009547703920944,0.05432648700869664,0.06503509880325277,0.04068764402344415,0.036888552296490934,0
2024-12-03,0.008586407641144869,0.008762807509025266,0.009154622679418977,0.009018420526739492,0.054018450046792635,0.06501610280582551,0.040676270024964996,0.03661156548891432,1
2024-12-04,0.008595156392862045,0.00876492869594864,0.009156134901961634,0.009021052965152486,0.05051892713372285,0.06521885415400465,0.040784236036700255,0.03622069976178068,0
2024-12-05,0.008605705902057047,0.008767404089063562,0.009158275997359423,0.009023747362339643,0.01394622960619029,0.06512014631551949,0.04076029696439939,0.03624152894140254,1
2024-12-06,0.00861460678223605,0.00876850542611416,0.0091594110014116,0.009024975701875096,0.012891847044373562,0.06515231342159124,0.040782438520274904,0.036477720434085335,0
2024-12-09,0.008622934459329585,0.008769331850991298,0.009160338794702969,0.00902586065024021,0.012322429463959958,0.06442618234295984,0.040779440514051274,0.03672342102552805,1
2024-12-10,0.00863042619309788,0.008770059424321039,0.009161201433690607,0.00902663448024034,0.012416562401419553,0.06418394203320342,0.040728144685713306,0.03691305856877443,1
2024-12-11,0.008636460143857352,0.008770427047011963,0.009161649311572618,0.009027015292722936,0.008665611726751937,0.06416059695548487,0.040689623681383,0.03735151022871508,1
2024-12-12,0.008642322451333492,0.008770596610530361,0.009162017211856088,0.009027238658424192,0.008142239341262745,0.06413728248878349,0.04068113312026436,0.03781140845327776,1
2024-12-13,0.00864607948957176,0.008770330626055494,0.009161845066650916,0.009026997366674798,0.010633683607233055,0.0642233006281106,0.040747814736269365,0.03814888056176626,0
2024-12-16,0.008650429648466195,0.008770352558066907,0.009161967060707805,0.009027007490613583,0.011054455913859998,0.06412024480676642,0.040763413357236204,0.038496585428359285,0
2024-12-17,0.008654478813447332,0.00877045122812564,0.009162143224466113,0.009027086653358104,0.011219256781916966,0.06412934186038846,0.04076250022679882,0.03882139565776006,1
2024-12-18,0.00865782168074588,0.00877042001360681,0.009162185638657224,0.009027046405634025,0.010903822882073894,0.06416448454196909,0.04077855158711086,0.039087109128343386,1
2024-12-19,0.008660525388546081,0.008770658571871086,0.009162461826705147,0.00902728291765905,0.012060940864006832,0.06422220442028395,0.04071042291911611,0.039264539613242076,1
2024-12-20,0.00866271677485829,0.008770530396073388,0.00916248250658749,0.009027208835078637,0.011082817393298944,0.02920495200301237,0.040732174204716726,0.039442451967221084,1
2024-12-23,0.008663163736185244,0.008770435232260359,0.009162408141648025,0.009027125484965223,0.017337131590511,0.029690009203175244,0.04087731635483919,0.03950730817779066,1
2024-12-24,0.008665644311684725,0.008770638202407264,0.00916305824352715,0.009027557092906795,0.017165659032434007,0.029549515817025453,0.04087599242808224,0.039604887554362145,1
2024-12-26,0.008667306601572543,0.008770544353162418,0.009163236211977377,0.009027584804444311,0.017760252952225244,0.02766574941923625,0.04091073219985832,0.039699072084995665,0
2024-12-27,0.00866893114517366,0.008770498166698752,0.009163424361151917,0.009027608226716695,0.017684202195457605,0.013407000816121057,0.040937149031921784,0.03978281953560453,0
2024-12-30,0.00867066188182544,0.008770589349994787,0.009163723805175187,0.009027733550240686,0.01634873122401755,0.012936235940978313,0.04093982116576939,0.03989103937387849,0
2024-12-31,0.0086863026217177,0.008790925807430764,0.009183118224823959,0.009047415360888197,0.03371585359997691,0.020684403419046885,0.041959190631565293,0.03973086090236558,0
2025-01-01,0.008686982648951578,0.008791904711106894,0.009183279353517577,0.00904773116022845,0.03548581215413167,0.021412294709249626,0.04198381668166606,0.039473231773978934,1
2025-01-02,0.00868874771246086,0.00879302960958977,0.009183866700514274,0.009048287834153,0.03521428800210961,0.02091326639040997,0.0420043161384686,0.039161981159959516,0
2025-01-03,0.008689397761192172,0.008793724536237193,0.009184271805676249,0.00904873715144569,0.03561226377139547,0.021170301687911484,0.04187762131292601,0.03881131365196421,0
2025-01-06,0.008687128705887653,0.0087928041120303,0.009183359811909887,0.009047876414756866,0.036025975535633234,0.021219425029681868,0.04148377277135651,0.03605038841911781,1
2025-01-07,0.008687031956614669,0.008791692835043309,0.009182569169017963,0.009047065307427863,0.02212180549492357,0.02263244457448463,0.04173924682563506,0.03290050181546885,1
2025-01-08,0.008687770122958492,0.008791357828210507,0.009182647992034314,0.009046948489116084,0.020826070192681102,0.022986407052131768,0.04179889290909841,0.02907534663643363,0
2025-01-09,0.008689122577099015,0.008791743973623459,0.009183366232933433,0.009047424396034759,0.020331263345521353,0.022845821757441362,0.04177236004630546,0.023991875012320005,1
2025-01-10,0.008689889149428882,0.008791695233105436,0.00918343387350693,0.009047420067958575,0.020069749815130853,0.02307176570172019,0.04179028555386063,0.014773938983607387,1
2025-01-13,0.008690351959291564,0.008792151326347678,0.00918354995888218,0.009047799266603342,0.027092285309406314,0.024606770869969374,0.04215146703551782,0.013537451481348313,1
2025-01-14,0.00869948512429782,0.00880109121652707,0.009190651487307758,0.009055451762252864,0.03634308394010961,0.028493547271245707,0.04296947431626526,0.012419317231093603,1
2025-01-15,0.00870950989574354,0.008808786337770862,0.00919619733981774,0.009060547713966053,0.046520081345592344,0.03221702144180585,0.04373786740487456,0.0118053609704852,0
2025-01-16,0.008711578032330487,0.008812774451256127,0.00919949424107385,0.009064239094928065,0.04653239276517648,0.03214847006507516,0.04373689557306882,0.01148416607243114,0
2025-01-17,0.008712772236450575,0.008814558552366,0.009201019979103161,0.009065935385633373,0.046635441834166236,0.03224369562768481,0.04369920929693068,0.012289740249248154,0
2025-01-20,0.008712543945806747,0.008815359828386257,0.009201966452586426,0.009066767385978993,0.04286939505659478,0.0321594810348903,0.043426175562663254,0.012706630229162815,1
2025-01-21,0.008713318317247648,0.008815092711980761,0.009201376331648695,0.009066152583497833,0.03252586027401907,0.031642077994235664,0.043483352773013136,0.012637779964972614,0
2025-01-22,0.008713597940924725,0.008814565422547948,0.009200661652715589,0.00906541108969969,0.016247908553675187,0.03209782143961611,0.043595125128056744,0.012535493303409135,1
2025-01-23,0.008710461296788529,0.008812797794162972,0.00919970499676916,0.009064032929631089,0.016250616206349218,0.03194820985696682,0.04312578777154926,0.012286624056853136,1
2025-01-24,0.008710571020005659,0.008813389404945672,0.009200613087570277,0.009064738274925562,0.014568313740810772,0.031851720475054364,0.04284363494176992,0.012047211078546281,0
2025-01-27,0.008710563781682005,0.008812559347718704,0.009199620196866048,0.009063799307465419,0.019031406221268265,0.03252630586101671,0.04295472540469431,0.0118064710928942,1
2025-01-28,0.008709277075777,0.008812268671628846,0.009199594423486135,0.00906360617270836,0.020407012155507782,0.02865559177679436,0.04273387244029032,0.011549277403826368,1
2025-01-29,0.008709762442243195,0.008811459401567447,0.00919933345032723,0.00906324394351844,0.01805044454897292,0.0282296663496717,0.04274924580616293,0.011329382914304563,0
2025-01-30,0.008710040690037581,0.00881079122848956,0.009198893341046227,0.009062810387013003,0.019070304478406224,0.028312465830720085,0.042788079997795624,0.011063373139993761,0
2025-01-31,0.008710016216739938,0.00881047837170518,0.009198589171718875,0.009062549400395947,0.022977184212698138,0.028800373488484517,0.04288852466098617,0.010775091605362656,1
2025-02-01,0.008710247120804242,0.008810230382413483,0.009198532342511341,0.009062430211137859,0.019976708850312833,0.028866244452014196,0.04292764459544684,0.010466642686958332,0
2025-02-03,0.008708803458139597,0.008809538259599346,0.009198305211938426,0.009061824926088785,0.017144665927403442,0.0277900029314508,0.04256463626703696,0.010472421295340659,1
2025-02-04,0.00870940956578664,0.008809888667821609,0.009198976398864188,0.009062324254523049,0.016420884540995776,0.02749352877630198,0.04244151838573975,0.010495809617090096,1
2025-02-05,0.008709494265074702,0.008809372819214614,0.009198476436151707,0.009061915318993146,0.0170313174253219,0.02776278259504936,0.04246286954849272,0.010517151601311938,0
2025-02-06,0.00870968900999786,0.00880906148038317,0.009198031871374373,0.009061625509905856,0.011967446235819208,0.027650818089480125,0.042467497841127896,0.010728393932319669,0
2025-02-07,0.008709994340590936,0.008809034577954417,0.009197848145648195,0.009061585336116037,0.010031320968185454,0.025979202028421917,0.042446218733237034,0.010985592656682204,1
2025-02-10,0.008710249013379938,0.00880914074488185,0.009197819891216192,0.009061673490631448,0.010681821595080422,0.021693424199693837,0.04240240827942925,0.011223102958339396,0
2025-02-11,0.008710084949797523,0.008808635566816556,0.009196979371390974,0.009061115875241723,0.014054075610139069,0.016255580358359688,0.04248432201340254,0.011223649356035433,1
2025-02-12,0.008710084977202735,0.008808433992418572,0.009196667530921335,0.009060912017281904,0.013158206085834616,0.016514866035064805,0.042518019725828256,0.011214646597981057,0
2025-02-13,0.00871007629326253,0.008808263370909971,0.009196436043929414,0.009060725572365003,0.013783012500832652,0.01638122372260611,0.04255385583383952,0.011121931332416983,0
2025-02-14,0.002209938381147263,0.0026751558479989525,0.0037674262391939237,0.0034206801750269787,0.025142318126043416,0.019326321949397304,0.027450975465506264,0.010855283995368238,1
2025-02-17,0.0021562196577402408,0.0021317005568770465,0.0023763729488541652,0.0024747574377326424,0.03093732800633298,0.021104533231262615,0.027857488934380472,0.010960825726600284,1
2025-02-18,0.0020969454302486273,0.0018066505272512046,0.0017368733383876578,0.0018520544214304603,0.03289396493929707,0.021650600270012556,0.028119936689366763,0.011103019347827042,0
2025-02-19,0.002090412721332721,0.0017439014747451932,0.0016081196660122975,0.0016546104771249682,0.03234905996507943,0.021641062555722592,0.02741299808809355,0.011208825973569855,1
2025-02-20,0.001811026326102094,0.0014904382979429149,0.0014179745519395611,0.0015292776585057208,0.03277385391470005,0.0219958387983483,0.023650910430308262,0.011306806187051053,1
2025-02-21,0.0017390697340059567,0.001325127578675995,0.0012848641032162024,0.0013366473833752472,0.02503207243828282,0.020966861401766443,0.02355784406042534,0.011294352972608347,1
2025-02-24,0.0016652843911295794,0.0012264762068541946,0.0012087440130326976,0.001220521587974717,0.01914672758034152,0.02080718820238958,0.02367788395507379,0.011083178981246488,1
2025-02-25,0.001594583608665062,0.0011720235670713917,0.0011695708031450923,0.0011560940797763729,0.013037733261149768,0.020731364573881864,0.023700843191925683,0.010343536958001826,1
2025-02-27,0.0015480594215945454,0.0011570530878169882,0.0011617233649528235,0.0011370339904540699,0.013383119025642582,0.020547346033722883,0.023531212332853362,0.009399499747080757,0
2025-02-28,0.001489600235280764,0.001139770898278162,0.001148331248530267,0.001117480213450693,0.011425977492476135,0.01960784068355057,0.02353798775670859,0.00824855504933553,1
2025-03-03,0.0014383496553229725,0.0011314457588104043,0.0011413116849094886,0.0011078722825047934,0.01185409401010393,0.019364192188636147,0.023512379763805043,0.0071662602279700775,1
2025-03-04,0.0013884037912090083,0.001125017313756782,0.0011354065884842434,0.001100766526055564,0.008362746133536873,0.019414892973503343,0.023533308872884497,0.0069536049554340925,0
2025-03-05,0.001341622552513268,0.0011201978158210985,0.0011301745098301569,0.001095352132931527,0.00945767675375853,0.019614791031583066,0.023586783452831588,0.007128974673935045,0
2025-03-06,0.0013195709144419993,0.0011320120934798228,0.0011406854162098535,0.0011071966801875692,0.022444363760160336,0.021808584361866057,0.024278371863734913,0.007165755831341285,0
2025-03-07,0.0012824513849138783,0.001135493516516054,0.0011404027157154272,0.0011078496725423408,0.022131348484595546,0.021705105859137097,0.0242760906652955,0.0071658992916812814,0
2025-03-10,0.0012584986996631647,0.0011402941126158034,0.0011430477626942544,0.001111166481646549,0.021927704572227837,0.021679971078820037,0.02415528414694673,0.007193155166431687,1
2025-03-11,0.0012292432813892453,0.001140917111475661,0.001142165954606017,0.0011111249676802135,0.02180549361930317,0.021616721051553486,0.024150704052037158,0.007209992616765637,1
2025-03-12,0.0012012365968109258,0.001140598215132906,0.001141150305413806,0.0011105202145254556,0.02148292548744006,0.021230633263600984,0.02417243714193494,0.007227935925590035,0
2025-03-13,0.001178076473340265,0.001141669584262958,0.0011414937908287605,0.0011112900184444055,0.006378906800184212,0.02103574025345113,0.024143786610581162,0.007570589674574208,1
2025-03-17,0.0011581131922133287,0.0011422268717206116,0.0011412654541742154,0.0011116199461537002,0.00748092635665129,0.020919125859969155,0.024121983231940692,0.007767024297156765,1
2025-03-18,0.0011418956538302501,0.0011424608850803923,0.0011408591544240698,0.0011116951431506253,0.009733821701640513,0.018321406251172765,0.024106796189358008,0.007891713054675195,0
2025-03-19,0.0011395646222758515,0.0011452103029244544,0.0011435529336698423,0.0011144541864234589,0.008945707217811537,0.015748316811155356,0.023767147529641833,0.008043115007356216,0
2025-03-20,0.0011219360339794176,0.0011403798226293188,0.0011361973310720051,0.0011080654565480707,0.015057353894154267,0.015392125681336057,0.024055049131879377,0.008051372926304819,0
2025-03-21,0.0011096261834548631,0.0011417647298504689,0.0011350354384180035,0.0011080358882299835,0.015471834103096608,0.015515519987516489,0.024012184838039446,0.008057062645911883,0
2025-03-24,0.0010972526971001094,0.0011420389678871077,0.0011333933497617882,0.0011074555752176186,0.015561159184686682,0.015153081219095173,0.023999756193875642,0.008005010803733946,0
2025-03-25,0.00108427607554457,0.00114203484365123,0.0011317127709068037,0.0011068287276247068,0.014264638845137722,0.015162214374134333,0.023996267728770507,0.007911090994600583,0
2025-03-26,0.0009508489976995157,0.0009725533706083886,0.0009614547340850045,0.0009316450000143356,0.016986570009092525,0.015116086738769928,0.0222304453341355,0.00781126698115988,1
2025-03-27,0.0009445581803185782,0.0009678218924985501,0.0009640109236407711,0.0009331841933833245,0.011146848020647302,0.015016156833280423,0.02200142802449169,0.007873900933436718,1
2025-03-28,0.0009281164517201897,0.0009533413258101464,0.0009547015637684223,0.0009231429885889397,0.014239844375998633,0.01570502097205093,0.022139232402967356,0.00785601816693201,0
2025-04-01,0.0009169502501557936,0.0009473894539642146,0.0009506440500538584,0.0009191355600014975,0.016291449899414914,0.016227460213297046,0.022190533975262522,0.007828526141646683,1
2025-04-02,0.0009052980762689404,0.0009451503023601658,0.0009501824159956551,0.0009188698209996787,0.01667806616877527,0.016257377750105394,0.022155017032954402,0.0076977002661511714,0
2025-04-03,0.0009054051278197122,0.0009462832329467712,0.0009515103045105507,0.0009196256246496542,0.01533777129985665,0.01642632048519072,0.021748918262638795,0.007258326580192634,0
2025-04-04,0.0008976567525362053,0.0009434307443757477,0.0009463199287523396,0.0009156728182559415,0.017117785173235322,0.016624611152032613,0.0217333219407611,0.006590592051516126,0
2025-04-07,0.0008890742063484413,0.0009360987034327499,0.0009366289212244644,0.0009078933803325736,0.02011998582871059,0.014896770623857998,0.02212314191300174,0.005902355985612363,1
2025-04-08,0.0009395272077192826,0.0009677324312200881,0.0009638250983273834,0.000937817832188339,0.029963709247478345,0.01911379832749998,0.023101346626536803,0.005640781745027582,1
2025-04-09,0.0009372368798525717,0.0009593582291387896,0.0009594205040793132,0.0009320641021060451,0.03308395749755733,0.020438525760997084,0.0228230396697064,0.006256049769981749,0
2025-04-11,0.0008478755982488849,0.0008756995266946896,0.0008935444399957424,0.0008588033468068273,0.033845925243273414,0.020912694244887276,0.02141049635971945,0.007037009844126256,1
2025-04-15,0.0007445802806340239,0.0007950203402941026,0.0008344286819469077,0.0008032359672413994,0.03688517436931339,0.022385881625373277,0.02013381382737206,0.007923440058726671,0
2025-04-16,0.0007327240272730179,0.0007458003391933784,0.0007911618735427372,0.0007561012923236851,0.03857807681669305,0.024162122521565584,0.0208090631930252,0.008783065257567876,0
2025-04-17,0.0007227012605207374,0.0007436483350033239,0.0007917939571112127,0.0007501891471464948,0.030213712478842126,0.024074121524044572,0.020700383607957364,0.008956269885190599,1
2025-04-21,0.0007100799762373056,0.0007398767920251296,0.0007887045832170418,0.0007448334542126306,0.0265022198482581,0.023867099284882964,0.020646380436505324,0.008965985725178795,0
2025-04-22,0.0007019597177260859,0.0007398885528376748,0.0007868920859027606,0.0007437186871625181,0.025093944850101458,0.0239741710640519,0.02056025035112178,0.008783937057941024,0
2025-04-23,0.0007008545980680742,0.0007455799666677799,0.0007913500117336548,0.0007487272738716376,0.01884116036192356,0.023090995009260738,0.020321253861902134,0.008567071070156704,0
2025-04-24,0.0006876090021670727,0.0007411160066771325,0.0007817655299945488,0.0007428702260267913,0.004835784427861532,0.02301760098005216,0.02032139188064817,0.00899488400741387,0
2025-04-25,0.0006756317631925933,0.0007383126292080883,0.0007752323355199473,0.000739153467574114,0.005221637452057609,0.0229312512258241,0.020324657255472382,0.00934930972993464,1
2025-04-28,0.0006851674003690545,0.0007434254657801982,0.0007809708770486464,0.0007444761069804253,0.017250673413405707,0.024354976518832932,0.020515578657863822,0.009337272829303541,1
2025-04-29,0.0006854250994887801,0.0007506141186978204,0.0007873478334017057,0.0007532034555365725,0.016902912139530293,0.023959384335561364,0.020293572520405073,0.009326004316949138,0
2025-04-30,0.0006766786487357232,0.000747283096394589,0.0007791328140219196,0.0007486832667458921,0.01846860218139414,0.024236404682883583,0.02035254083310304,0.009310660957048337,1
2025-05-02,0.0006708718769615437,0.0007473813933212535,0.0007775648981505039,0.0007488815999089751,0.019259146175487525,0.023913287953895673,0.020336227555178787,0.009022579032032097,1
2025-05-05,0.0006733242842540582,0.0007536158748557914,0.0007860118605757032,0.0007562952249660619,0.01915686844096387,0.02347841242379203,0.019991946138277046,0.008757409927733172,1
2025-05-06,0.0008369226367173723,0.0008837864537062708,0.0009030553868946918,0.0008816288542032873,0.03102761934154374,0.027646043097545203,0.021630056013021832,0.00881234747270888,0
2025-05-07,0.0008430587893743633,0.0008791319385864222,0.0008994735660297837,0.0008790932298248996,0.036200983424958665,0.029032190597007998,0.022283253537995637,0.009027370512036424,1
2025-05-08,0.0008419170893729285,0.0008955151850895838,0.0009103360540789261,0.0008933742012095853,0.0354245275032441,0.028772781527865304,0.022278470025409627,0.009326952904780113,1
2025-05-09,0.0008400715260908242,0.0008951750714720429,0.000908566571024403,0.0008926076710884272,0.03733410550049759,0.0286199360884965,0.022484282425716054,0.009673943214097567,1
2025-05-12,0.000838158735412921,0.0008997199061585693,0.0009145094924419883,0.0008982663119931326,0.03793932415697929,0.026203586803086813,0.022532028080102583,0.009986585175709434,1
2025-05-13,0.001046254542863127,0.0010704138153138042,0.0010682148780471754,0.0010647787402146682,0.04105587919789422,0.030200379835430922,0.02449365512036207,0.010356544431591189,0
2025-05-14,0.0010506823460490317,0.0010953205903021068,0.0010821409013658217,0.0010793321581819642,0.03657478070779718,0.02984811673998126,0.02446448774941866,0.01051323942101296,0
2025-05-15,0.0010558588775749717,0.001110110477421596,0.001091962772593662,0.0010890833880278631,0.03676879639722525,0.028735518646994255,0.024341990584382512,0.010415669735674357,0
2025-05-16,0.0010551161246309029,0.001111193185267288,0.0010909698062505227,0.0010883354054581854,0.035913922491590644,0.027739614203769167,0.024466281075061675,0.01035631434720874,0
2025-05-19,0.0010570997893120716,0.0011153672356954665,0.0010934894186136767,0.0010904626789172965,0.035806719505387455,0.02790951712844104,0.0244684443058295,0.010321223564353062,0
2025-05-20,0.0010395105020689624,0.0011044142566257586,0.0010820036438510528,0.0010773706634379565,0.013268586697593324,0.0279371594157466,0.02370511359401745,0.010455709229393689,1
2025-05-21,0.0010321054393619248,0.001103920638335103,0.001082573733634319,0.0010778557109901925,0.014675755344175354,0.02805936572018493,0.02316677480942648,0.010481401541828004,1
2025-05-22,0.0010354417504256318,0.0011085755200453868,0.0010865475356601497,0.0010807546638763803,0.014183256971620027,0.028058401514458674,0.022784391434008254,0.010587814746421724,1
2025-05-23,0.00103434168258055,0.0011009857990531768,0.001074806693744436,0.0010705208505776373,0.009880109915316248,0.028072123831310795,0.022793167483263994,0.010964926257280074,1
2025-05-26,0.0010334896157233313,0.0010977942114147661,0.0010698889599466176,0.0010662658094397286,0.012102602979366267,0.02843840750888844,0.022834193474231844,0.01124269371674719,0
2025-05-27,0.0010328038379826562,0.0010951753896971425,0.0010633413457751483,0.0010617845231465056,0.011912873338918635,0.02723173848130381,0.022837288270678668,0.011428938618746113,0
2025-05-28,0.0010352311773313585,0.0010977006094468427,0.0010645225872705116,0.0010637183191247164,0.009785007684890155,0.027199953837612645,0.02267440307778368,0.011631930146103179,1
2025-05-29,0.0010343719833255482,0.0010956921720099509,0.0010590191491101659,0.001060454506345432,0.010758168422860833,0.02703583040830423,0.022684975966931382,0.011630254760543161,1
2025-05-30,0.0010333818192991171,0.0010940915219160494,0.0010546166593030232,0.0010580241885228738,0.011458781253438858,0.02698409486163635,0.022705611641180106,0.01145968186899372,0
2025-06-02,0.0010330011126619676,0.0010936123425238121,0.0010522822318350515,0.001057018367768046,0.007618479582088923,0.027046384736433435,0.02270149218463396,0.011673083211473234,1
2025-06-03,0.0010329295291693539,0.0010936744820512346,0.0010507124449503948,0.001056714743302829,0.007499790347837024,0.022692531899912917,0.022683011515886465,0.011916948666067349,1
2025-06-04,0.0010316512054367745,0.0010917349844198456,0.001047401250620489,0.0010544395698623848,0.011326259287754822,0.021077967783875395,0.022781372664535126,0.012021442367299491,1
2025-06-05,0.0010320687702983981,0.0010929132960839658,0.0010482025752869828,0.0010559003309852724,0.010925864613343378,0.02114368624546913,0.022739877754387,0.012147914969757511,0
2025-06-06,0.0010108738872057002,0.0010798367111265607,0.0010350076455441428,0.0010424372869425602,0.010283912963157562,0.020152474626697045,0.021963126297722516,0.011947031645536062,0
2025-06-09,0.0010088960424678988,0.0010735913928557807,0.0010309547681876512,0.001038720593721136,0.010958922671233893,0.02004203942885086,0.02201248579268032,0.011737568417034874,0
2025-06-10,0.001006638270037997,0.0010681615022295702,0.001026946795163552,0.0010346498253817422,0.013790773547843289,0.011878596660065454,0.022142698842581365,0.01178975622698436,0
2025-06-11,0.0010056119546578057,0.0010665174986051614,0.0010258625121437525,0.001033523342210386,0.012039164296229685,0.012086664104711802,0.022168583646561785,0.011875603077255707,0
2025-06-12,0.00100483721149506,0.0010655656239437978,0.0010248609819018988,0.0010327099425971717,0.012805750476185901,0.01225015029443611,0.022188014108922658,0.011952882035651136,1
2025-06-13,0.001003427928931626,0.0010635224793899185,0.001023240755344422,0.0010309444513710833,0.014128128959738041,0.011557282698472867,0.02226256307715952,0.012004265325892674,1
2025-06-16,0.0010026839134072319,0.0010628324968801654,0.0010233692693060238,0.0010305624757834101,0.014458204921295797,0.01155045351576224,0.022300354630341603,0.012047392230598728,1
2025-06-17,0.001002478584831699,0.0010630436323380732,0.0010244607769013354,0.0010310527840832313,0.013407686091831352,0.01191758037350294,0.02230210772142551,0.01191650999045993,0
2025-06-18,0.0010014187300477796,0.0010598014928018804,0.0010217374176172713,0.0010279386433218766,0.01576664568117432,0.012425368383212187,0.022483168981010677,0.011496279971396349,1
2025-06-19,0.0009999348997825305,0.0010624995544849653,0.0010255770135870063,0.0010311449459705375,0.015705492120946914,0.012705928078885166,0.022225425038381035,0.011060268934379917,1
2025-06-20,0.0009991441130696296,0.001060369904890089,0.0010260766027535286,0.001030137559321448,0.015925735535576517,0.013136738692499702,0.02228922007572543,0.010443551821230471,1
2025-06-23,0.0009988045092424154,0.0010600050101214323,0.0010288121914635994,0.0010308546725683162,0.015565628550457707,0.012544597432498542,0.02230061455929642,0.009689838454211038,0
2025-06-24,0.0009981505225171213,0.0010591257663747661,0.0010303834767941594,0.0010307159121519778,0.014827050179536127,0.012708656042959203,0.022332654718783956,0.0085139550439078,0
2025-06-25,0.0009981949817366043,0.0010606580499940854,0.0010329879934819473,0.0010324949645871813,0.012609065575546138,0.01304608444255574,0.022241776800948982,0.007555281948103112,0
2025-06-26,0.000997655951336854,0.0010596462590188398,0.0010326653578869613,0.0010311877584567983,0.012061313320950565,0.012995186845470033,0.02226517698835086,0.006333989229279874,0
2025-06-27,0.00099802586393688,0.0010594462138503052,0.001032596080250398,0.0010309125329145902,0.014219338071729384,0.01379475916139936,0.02228812910189886,0.004805526342264386,0
2025-06-30,0.0009984393913335492,0.0010589715444758465,0.0010323058460439533,0.0010304151312469855,0.01678273918470831,0.014603824861770238,0.022330953687994832,0.002379295526396444,0
2025-07-01,0.000998178199291657,0.0010588588840124273,0.0010312241490210766,0.0010292969898680593,0.016856279218725848,0.014781128572533908,0.022343802010532814,0.0024965976973549396,1
2025-07-02,0.0009987895122790418,0.0010611593467470966,0.0010334777897382185,0.0010311241208097652,0.01574319750236743,0.014145364923485317,0.02226537046310299,0.002531459227441594,0
2025-07-03,0.0009993757121372412,0.0010634613190076826,0.0010354667381434089,0.001033281514897253,0.015334877849898308,0.014064880782616878,0.022156634042849958,0.002560992938171155,0
2025-07-04,0.0009954498595798405,0.0010656910917778875,0.0010370736584230176,0.0010352498725176333,0.011796413603741946,0.014094130244190258,0.021785832419483776,0.0025067953274570164,1
2025-07-07,0.0009411888348797982,0.001037168131328049,0.0010105222524136159,0.001008082944181195,0.00615787329798934,0.013882617006647557,0.020664287718733316,0.00279442424770953,1
2025-07-08,0.0009387654945628936,0.0010390564466055548,0.0010105519261428214,0.0010079031752284317,0.005730839974172384,0.013384544624984361,0.02026746190025627,0.003072420081181295,1
2025-07-09,0.0009390354187804731,0.0010366305705229132,0.0010054898489859647,0.0010036639511512928,0.006292592966182675,0.01318162209821609,0.02008940585851041,0.00324205338742317,0
2025-07-10,0.0009331443563967758,0.0010392442411264124,0.0010080996647034517,0.0010067441270110047,0.006293551986453223,0.012912252292539401,0.01951514346530421,0.0034189814272503616,1
2025-07-11,0.0009229897762721372,0.0010406547516189765,0.0010098043501672784,0.0010080657312159036,0.005405216412369071,0.012491901035494449,0.018789221830852566,0.0036405207526012066,1
2025-07-14,0.0009192775279522605,0.0010288749785602796,0.0009961706906877546,0.0009989621132898562,0.006321554323366605,0.012266117757160707,0.018822077175443572,0.003702467115841053,1
2025-07-15,0.0009159799874152925,0.0010217523732922414,0.0009878109176018992,0.0009933182394838073,0.006295006702843263,0.012004636628450535,0.018855811648409427,0.0037594396686867946,0
2025-07-16,0.0009140994182157101,0.0010190465574100658,0.0009842178027071045,0.000991318807707062,0.006420443719904512,0.011041463060725735,0.01882933607077875,0.0038937749640259125,0
2025-07-17,0.0009115866120741704,0.0010164107305650411,0.0009804916855850187,0.0009892015087813934,0.006503414946366396,0.010753336229610933,0.01883568195349315,0.004011143375606609,0
2025-07-18,0.0009094664050067166,0.0010149017892883644,0.0009781613741646326,0.0009879792655619838,0.006640552445330568,0.010181579572350384,0.018835096694412176,0.004108924073151237,0
2025-07-21,0.0009075623104614377,0.0010135506939553884,0.000976190244490941,0.000986788199382793,0.006435035002555766,0.010011886218932809,0.018853362317686716,0.004213481427754438,1
2025-07-22,0.0009001996345294588,0.0010120527213007503,0.0009731256343189227,0.0009851598737696898,0.006484318453662874,0.009983112880091252,0.018282414701100164,0.004281772341281399,0
2025-07-23,0.0008981752419335547,0.0010078889276958285,0.0009669297333476212,0.0009791196555785449,0.007948411567162224,0.009897529209833878,0.01833029271006575,0.00431802691995356,1
2025-07-24,0.0008978000205089044,0.0010079633171753081,0.0009659899550249622,0.000978579647822264,0.009006640030895642,0.009977239671976473,0.01825154165623027,0.0043198842123310585,0
2025-07-25,0.000897072423082019,0.0010080899425271674,0.0009639236156439944,0.0009778343546661993,0.008960375047727044,0.008555071539008415,0.01818081410773779,0.0042898203030676115,1
2025-07-28,0.0008965268720677624,0.001003527977276623,0.000956955066013135,0.0009722259861879484,0.013042490687427761,0.008505846392821865,0.018413111730165896,0.004255060757161389,1
2025-07-29,0.0007412149115459813,0.0008905289728986184,0.0008429450390034542,0.0008589347532120012,0.013342929003424184,0.008552043270431705,0.01639685142545849,0.004253647937443809,1
2025-07-30,0.0007269238613309865,0.0008929331237926692,0.0008415344912295197,0.000859016596774455,0.012991566471624917,0.008842749425746496,0.015519517734379913,0.004168596287568615,0
2025-07-31,0.000721002923296838,0.000875140454510807,0.0008254576283786943,0.0008424102531263693,0.012437071325982273,0.00891211970274908,0.015538148936002583,0.0040718798929884024,1
2025-08-01,0.0007480761460491519,0.0008841582368345848,0.0008354542860421613,0.0008516153182268819,0.022200004155491747,0.01271260994783831,0.01598308681706743,0.004499820040264518,1
2025-08-04,0.0007542573209400027,0.0008760582023223307,0.000824021433161073,0.0008418219611698197,0.024769072218675876,0.014705315590399733,0.016438336351692506,0.005115306822907084,1
2025-08-05,0.000412718250199366,0.0006639125338489063,0.0006263614670919227,0.0006319914730995173,0.024398398420758704,0.014620098281867444,0.013341593697933035,0.005634559450633092,0
2025-08-06,0.0003954424650886332,0.0006240810575787683,0.0006074476728233738,0.0006119195960467988,0.024908462901865085,0.014946669089814771,0.013456665352168195,0.006155288140761916,1
2025-08-07,0.00038088594017892025,0.0006032995839874206,0.0006005603949414748,0.0006029087465713765,0.025348121835492787,0.015170876658628782,0.013502443483727797,0.0066392374234081715,1
2025-08-08,0.00037994445589995674,0.000598394157280394,0.0006007904820829054,0.0006017951329064184,0.020045653950958166,0.015961310132634247,0.01347073118534081,0.006784902712750888,1
2025-08-11,0.00038389541357234774,0.0005873878237233775,0.0005915784182980851,0.000594128939794377,0.01971729944260757,0.017419780959437976,0.013991895153112931,0.006871420581335494,1
2025-08-12,0.00044520671639079973,0.0005984270698478515,0.0005925105729710228,0.0006024275848289614,0.028788378509116655,0.020273953258313868,0.015244378234399876,0.007455146421641681,0
2025-08-13,0.0004438061098772963,0.0006142781665475354,0.0006128607114483457,0.000617216647391972,0.02800193063404885,0.020226824325603607,0.015115423781452838,0.007938960968753865,0
2025-08-14,0.0004370000921450888,0.0006193096621843065,0.000618551781188346,0.0006217703239321941,0.027523705457973446,0.020223018756716105,0.015122227966885447,0.00834969401142902,1
2025-08-18,0.0004317450099824144,0.0006230206950219848,0.0006235450065198486,0.0006252695995393159,0.025672731583865037,0.020211666771932285,0.015107944265217478,0.008622028443103164,0
2025-08-19,0.00043134648050050087,0.0006231688057242122,0.0006237532491107399,0.0006253792358356267,0.023470294171541815,0.0207559636473098,0.015148320229569478,0.008648949572857563,0
2025-08-20,0.0004244813005596636,0.0006169973748212854,0.0006179013756250544,0.0006196719613401085,0.01458784492684163,0.02130077203226592,0.015436918629975451,0.008481305064685947,0
2025-08-21,0.00042072047316444894,0.0006202693702441493,0.000621409228849929,0.0006217848278694962,0.014559620910343735,0.021126423051520342,0.015432510647910574,0.008321142429158183,1
2025-08-22,0.00041895851217101755,0.0006234584708596226,0.0006244845057523195,0.0006242690715083489,0.014591848713815803,0.02102191971953752,0.01538767148634927,0.008148104077406368,1
2025-08-25,0.00041587938132839634,0.000619964266248658,0.000621106373257429,0.0006206460812657634,0.017658285797872295,0.021596137566252067,0.015597839456572686,0.007925558741072503,1
2025-08-26,0.0004134460272610627,0.0006214051839465976,0.0006241538883707848,0.0006226634455522781,0.0151105198798421,0.021103680694497622,0.01560968142219064,0.007716323982180194,1
2025-08-28,0.0004093300753666729,0.0006197109250462455,0.000623986721439043,0.0006213433988018898,0.012532741260430772,0.021177390100014293,0.01570669769477656,0.007520035944042118,1
2025-08-29,0.0004113095839837548,0.0006255905855099244,0.0006324799407604354,0.0006278641736295242,0.0125461745791256,0.021059016483388347,0.015510939596219726,0.007318210711728978,0
2025-09-01,0.0004085768800007895,0.0006235213504525912,0.0006309146318617736,0.0006255533565062779,0.013797854109108722,0.02123313724834015,0.015578755474814668,0.007086134897012152,1
2025-09-02,0.0004055767450797361,0.0006201199757453628,0.0006287455811551072,0.0006221901466538366,0.012339365324425868,0.019525575428317905,0.015721567509136485,0.006874364109652497,0
2025-09-03,0.0004058211818649669,0.000623034125584405,0.0006329530579135767,0.0006249187689389178,0.011748624204801002,0.01806920437894888,0.01565747434352828,0.006654858886486879,1
2025-09-04,0.0004069888000936226,0.0006271411874705313,0.0006378039672199004,0.0006290679494094567,0.010469591584112325,0.018084924026884715,0.015491479224053601,0.006469019091157071,0
2025-09-05,0.00040710046013980124,0.0006283711849324694,0.0006398845293565335,0.0006307073075506703,0.0106289396059661,0.017793759678635755,0.015424828054380885,0.006351163476361743,1
2025-09-08,0.000407447291311423,0.000629860384962141,0.0006419774720248649,0.000632645578813853,0.008763882800351388,0.017590216249230056,0.01534380945259025,0.006362511009697664,0
2025-09-09,0.0004071642740247022,0.0006296749130472192,0.0006413507425348582,0.0006325645097378621,0.006997143639632557,0.017118149432837456,0.015317115183520183,0.006462664967962397,0
2025-09-10,0.000407766325749731,0.000631725917210649,0.0006416643897408286,0.0006342003097597106,0.006717756842956086,0.015510810320906291,0.015215032591907958,0.0067092879589023355,0
2025-09-11,0.0004075134782189947,0.0006315095724894947,0.0006391826673617122,0.0006335258255717218,0.008203053613419857,0.01169163439850519,0.015185945214899,0.006875336697329925,0
2025-09-12,0.00041020874806117877,0.000630920802751613,0.0006384225263019645,0.0006329144082333094,0.013633381900154527,0.012925096873965314,0.015254468831805638,0.006863257852426122,0
2025-09-15,0.00041051392929102796,0.0006330270198727058,0.0006358280407605966,0.0006331253622013849,0.013682868520093644,0.01291635939012616,0.015181535578858669,0.006837967566526541,1
2025-09-16,0.00041130523295508235,0.0006360908854052042,0.0006346923739965278,0.0006349207054037057,0.012522078973986666,0.012940609286982888,0.015051416378601296,0.006817999196231409,1
2025-09-17,0.000411142976570799,0.0006363795307746132,0.0006299393968226919,0.0006339462376852091,0.01287389599725498,0.01201273737428277,0.015003930060851753,0.006682582352615333,0
2025-09-18,0.0004110085449998802,0.0006368683366111663,0.0006262947782871952,0.0006336703462173308,0.01165037680943024,0.010836319945273972,0.01495338603687638,0.006560283263339962,0
2025-09-19,0.00041147776070436147,0.0006387088079619503,0.0006249362640346009,0.0006351570941492409,0.003659793604421293,0.01083563617167442,0.014851462853382758,0.006707346247777179,0
2025-09-22,0.0005048767336863427,0.0006766875896532145,0.0006709057397047372,0.0006738219388347836,0.02242072842487008,0.015468487109236718,0.016132167798277704,0.00657554254209373,0
2025-09-23,0.0005335887285224536,0.0006809917741228532,0.0006833155771773634,0.0006817720095505432,0.02890423782957534,0.01727337099455913,0.01671278704399431,0.00698827824389548,0
2025-09-24,0.0005328242454835684,0.0006905468459558583,0.0006857412040137827,0.0006864139856516357,0.02981627376434035,0.01759194280803678,0.016605131872153553,0.007429763471981282,0
2025-09-25,0.0005322590900907473,0.0006894276423566797,0.0006820512158142375,0.000683902449780274,0.03130735617219842,0.01797765464971277,0.01678109414640832,0.007594076537558815,1
2025-09-26,0.0005311307950283587,0.0006890098347501592,0.0006799524231442974,0.0006826203721102693,0.03218635331400695,0.01835891396613499,0.016918689022006685,0.007858235840289237,1
2025-09-29,0.0005308209378311032,0.0006902245514019739,0.0006822517348817668,0.0006836050059676438,0.02403510241808332,0.018333042191804913,0.016993846249054173,0.007706468220332788,1
2025-09-30,0.000530723519135189,0.0006909466081093539,0.0006854145109675836,0.0006844578035213949,0.01670244009311652,0.018167202251015493,0.017057801588736574,0.007485177077870146,1
2025-10-01,0.0005319718998094923,0.0006937324056901274,0.0006917477154948465,0.0006876077446691529,0.014726689447675861,0.018143532032294588,0.01704826685334298,0.00733708158915019,1
2025-10-03,0.0005419783671318557,0.0006922726880376011,0.0006901759769335287,0.0006860605659691265,0.018905191805676902,0.019625099974832447,0.017568497373156532,0.0073646669629514475,0
2025-10-06,0.0005437552237130569,0.0006976285754936205,0.0006954124321658416,0.0006895836820543949,0.01737322693562789,0.019602637227381783,0.017552627406837627,0.0073707655663738285,1
2025-10-07,0.0005447632263327998,0.0006999378823060789,0.0006978080439459544,0.00069090353002774,0.0166513661936491,0.019652379616745534,0.017566893397208665,0.007371122918261808,1
2025-10-08,0.0005447491424148871,0.0006995212172215565,0.0006981529453035392,0.0006899903112970986,0.016449047351148317,0.019632881157409618,0.017637502503624256,0.007362887622405126,1
2025-10-09,0.0005457919962580617,0.0007014154390280381,0.0007017847090101754,0.0006917561909321676,0.01674424891371098,0.019697668853895043,0.017626042888896323,0.0073653480172940575,1
2025-10-10,0.0005467091510008483,0.0007027138940980749,0.0007045947646236134,0.0006929661967170011,0.007674700751563878,0.01957159382325625,0.01761414942984879,0.007488239881549322,0
2025-10-13,0.0005477344595457673,0.0007037715796845478,0.0007068915479955234,0.000693991545073743,0.00780355855164535,0.018788826261283812,0.017599266497754257,0.007601325244718523,0
2025-10-14,0.0005479885822339838,0.000703103554456867,0.0007071898626507793,0.0006933297643531448,0.00836399775559635,0.018891794951249027,0.017632382557947465,0.007702737180501064,1
2025-10-15,0.000548649448278408,0.0007033967289366205,0.0007089007089663052,0.0006937687414211647,0.006588462702212785,0.0188971258999323,0.017635874514710742,0.007844878895353286,1
2025-10-16,0.0005492589644361172,0.0007039687776288249,0.00071067065478921,0.0006944724432543934,0.006405385996269906,0.018889708869672263,0.01762514290564203,0.007979340267482626,0
2025-10-17,0.0005495377070912828,0.0007039006809268847,0.0007112383321924087,0.0006943718869018348,0.007041345892554512,0.01901340587129889,0.017631962662105503,0.008067000656928263,0
2025-10-20,0.0005503076693433559,0.0007057988109894284,0.0007133197652729472,0.0006962419989528151,0.007029587237592163,0.019026960980479703,0.01756665407668182,0.008155117503643818,1
2025-10-21,0.0005510345433183085,0.0007069577668282113,0.0007141890894538172,0.0006972317860885855,0.005686439841482098,0.015469697806430887,0.01751672298467568,0.008248936038723498,1
2025-10-23,0.0005514222381442822,0.0007065435479783045,0.0007134641059198296,0.0006967992409154285,0.005388402139222206,0.012469817382553055,0.01751436409398852,0.008303935218182554,0
2025-10-24,0.0005498058512007809,0.0007106448708499943,0.000715939811101673,0.0007009419602461173,0.004660546812018934,0.011832105900058846,0.017270789604095078,0.00837748818923306,1
2025-10-27,0.0005499023817884935,0.0007078096511213492,0.0007123625335045198,0.000697400221375526,0.007551268735706502,0.01143360748334642,0.01734363762532491,0.008394680821798577,1
2025-10-28,0.000550298699274068,0.0007083171157580714,0.0007112831562974385,0.0006976598278464955,0.007689130551978952,0.010854289078540318,0.017304599472048734,0.008480216647522996,1
2025-10-29,0.0005505900163220686,0.0007081448441616751,0.0007099070231502699,0.0006974377781902125,0.0076911019746053405,0.010472739639478226,0.01728799997078559,0.008560150946802162,0
2025-10-30,0.0005129676654568906,0.0006966117747480206,0.0006976688814253533,0.0006862806979596493,0.010838750845525474,0.01072954329228558,0.016597373614493597,0.008574886389043825,0
2025-10-31,0.0005006779071671239,0.0007013139924250388,0.0007008905144199338,0.0006911344498380621,0.010972680102758883,0.010764748564992386,0.01603707904786728,0.008589189296290756,1
2025-11-03,0.0005000377524979031,0.000690138455853565,0.0006821149254671148,0.0006739608728544296,0.01154638608061097,0.008643238320300364,0.016195828626963067,0.008590092615196462,1
2025-11-04,0.0005003551221402743,0.0006899177303993549,0.0006779953328647925,0.0006715114932039748,0.011643018065895494,0.008732027558477195,0.016094818783813452,0.008387668996703393,1
2025-11-06,0.0005007958294790488,0.0006850817990376298,0.000668435410015088,0.0006644450452869762,0.01449532016150289,0.009637938222133742,0.016212357277387922,0.008237636086543178,1
2025-11-07,0.0005516343466675059,0.0007036341932710179,0.0006838558709475483,0.0006813273294154794,0.023433319523227532,0.013592660723359861,0.01696311182228753,0.007946273025112303,1
2025-11-10,0.0005436084915807146,0.0007058164361773467,0.0006889109235187951,0.000687041702299186,0.025620462755105943,0.014487559204119599,0.016717982003237417,0.007683219333513492,0
2025-11-11,0.0004912944721108358,0.0006858935929997028,0.0006790421787499754,0.000671889420660028,0.027830534237710893,0.01592529339585599,0.01605570064322873,0.007426344461481856,1
2025-11-12,0.0004900763841662122,0.0006803040304044699,0.0006771259657431774,0.000672334802086427,0.027725012421457692,0.01591205524774414,0.016054818837194,0.0070718160942526915,1
2025-11-13,0.000553580902328419,0.0006938266774075153,0.0006828992182337737,0.0006833677102446638,0.034133883970308164,0.01914892287530493,0.017228015011015393,0.007808547752373954,0
2025-11-14,0.0005542674206329734,0.0007025658383424919,0.0006887003519273815,0.0006893613663936435,0.027715223413262675,0.01912960709365259,0.01722887695656881,0.008212133605691865,0
2025-11-17,0.0005551912054805785,0.0007110048140857417,0.000696188296464457,0.0006964981514687033,0.0261444044472387,0.019248755809863828,0.017045444754461837,0.008511867569882942,0
2025-11-18,0.0005563081319794636,0.0007180064278475164,0.0007029221021612276,0.0007028327568958453,0.022678276985704956,0.019230077834203756,0.016819941798280398,0.008610180106113552,0
2025-11-19,0.000555253773069311,0.0007155805520464398,0.0007006173137746699,0.0007010824625636508,0.023128596868770113,0.019353881427353344,0.01687215636980692,0.008742149898057858,1
2025-11-20,0.0005554646635984644,0.0007158533102408955,0.0007022569615117841,0.0007018656808973858,0.008019431677346454,0.0193565278103689,0.016864764180034256,0.008813300514946417,1
2025-11-21,0.0005565814164970878,0.0007206543043250388,0.0007072681923105647,0.000706726339903654,0.00833951281041035,0.019392524761690504,0.016632655708000835,0.00886897796348126,0
2025-11-24,0.0005563657100628626,0.0007192901504315653,0.0007046077144442755,0.0007048307146884145,0.007908477151404315,0.019512058548358822,0.01663525984754498,0.008921924046832997,1
2025-11-25,0.0005567412423178971,0.0007197028381983238,0.0007040010814207755,0.0007049616536670587,0.00804947442113515,0.019280533920095346,0.016589780338424433,0.00891341876713297,1
2025-11-26,0.0005587546809626979,0.0007139971925203786,0.0006960548356172382,0.0006985108070436247,0.01416633276820228,0.020247550226325385,0.01697869845408294,0.008842776136838527,1
2025-11-27,0.0005595944310697617,0.0007172808121788357,0.0007009648679996696,0.0007029652913171151,0.014563259507357644,0.02032016334450343,0.016918311085035435,0.008779961388103979,1
2025-11-28,0.0005617309723558325,0.0007156500000543621,0.0006987330756246124,0.000701092625386522,0.018555963600495447,0.02080339714915962,0.017107032373032984,0.008695735667122156,1
2025-12-01,0.0005612331758446522,0.0007156741129216382,0.0007017657612786266,0.0007029280907804665,0.018705743619249808,0.020930759965239885,0.017157741488872152,0.008587534390746308,0
2025-12-02,0.0005613498232793766,0.0007167063027843894,0.00070507697445265,0.0007049960428122324,0.018557618962221994,0.020603532118306095,0.017169310347572186,0.008477814879654919,1
2025-12-03,0.0005610697748737694,0.0007164835954047668,0.0007071519525579794,0.0007055203547405744,0.014392118142004239,0.020684694556609453,0.017208217808657278,0.008334026658486758,1
2025-12-04,0.000560812177474379,0.000712188947665164,0.0007039666532489851,0.0007013531073149075,0.01721632100234691,0.02084420516390936,0.01745075706752659,0.00812458316423539,1
2025-12-05,0.0005610399339366065,0.000713862541284769,0.0007095821308854921,0.0007041393462931223,0.013820375268096834,0.01852705886302516,0.017449568840856196,0.007887989459387333,0
2025-12-08,0.0005605822442445184,0.0007099605604842714,0.0007079688836491921,0.0007006440767143558,0.01600343715794355,0.01838537965322196,0.017662669814835327,0.007578614181558403,0
2025-12-09,0.0005609755817028218,0.0007082831518173885,0.0007080697885148836,0.0006989663343176687,0.018430695500291323,0.017770579926301957,0.017818115925874452,0.007386682747512288,1
2025-12-10,0.0005589503977169387,0.0007129640276026781,0.0007155316905670441,0.0007042860073187206,0.01880651357239341,0.018003020542255884,0.017609866960777577,0.007179399863690725,0
2025-12-11,0.0005582569858270476,0.0007100471069566962,0.0007165977041905479,0.0007025201501021769,0.017263305177419575,0.014754857051246238,0.017713337445431014,0.006943181205555849,1
2025-12-12,0.0005623285943650809,0.0007047596806828074,0.0007131186049063957,0.0006977282499861905,0.020951495034426646,0.016154250027365376,0.018110798149005375,0.0068438520286968,0
2025-12-15,0.0005635536581087013,0.0007089031010944885,0.000720340312241821,0.000701293821739526,0.01870847823825744,0.01595749051435555,0.018092145670838205,0.006713377092975265,0
2025-12-16,0.0005644214557401672,0.000710962054286987,0.0007245989272906387,0.0007031067842482258,0.015939055885879117,0.015834482144683224,0.018092690247045164,0.006608416792843795,1
2025-12-17,0.0005640703919063627,0.000709558280196989,0.0007250220832174603,0.0007016366726031272,0.01605517546806163,0.015963017108082313,0.018178887806552583,0.006500340401656965,1
2025-12-18,0.0004825059297544806,0.0006741430876725377,0.0006835818984594535,0.0006654745208657828,0.014891252294131038,0.016033257130654073,0.01703967970467312,0.0064921609839359105,1
2025-12-19,0.00045072584922403096,0.000675228851847272,0.0006773810928156878,0.0006630284621368338,0.006978684049702799,0.015992136606291195,0.016199946454862956,0.006758634793745654,1
2025-12-22,0.00045167186532733713,0.000669843053984781,0.0006794112619417534,0.000662995973552159,0.007184861586441682,0.01587170626638036,0.016048158966384563,0.006882908792843584,0
2025-12-23,0.0004518921568213429,0.0006684047659576048,0.0006809895441416104,0.000664249553857178,0.008650971086106133,0.015913583517213385,0.01587144720020314,0.006773300272261107,0
2025-12-24,0.00045234828155712515,0.0006663952741036136,0.0006799424875959591,0.0006637431832412257,0.006768435108378989,0.01470032644610835,0.015746729598980668,0.006686697745054831,1
2025-12-26,0.0004515620928935443,0.0006623500644297231,0.000674995321857594,0.0006603678876295147,0.007976034550773779,0.014830626559144196,0.015732501369674103,0.005913574477701,1
2025-12-29,0.0004517017898581424,0.0006619802326751932,0.0006729361506722383,0.0006603301292973517,0.00808068595579992,0.013637883205527768,0.01564071919205667,0.005558743763011038,0
2025-12-30,0.00044936029683283234,0.0006570421993011265,0.0006645833448353923,0.0006552282759565058,0.009515672733259508,0.013677421380165417,0.01571674669474783,0.005180429464047682,1
