date,ewma_rmse_60,garch_rmse_60,egarch_rmse_60,gjr_garch_rmse_60,realized_vol_5,realized_vol_20,realized_vol_60,vol_of_vol_30,return_sign_lag1
2022-01-03,0.00029105883516329265,0.00029312263021491095,0.00029622807487994014,0.00030005553448944866,0.006358750688709393,0.013175874814109761,0.012570257246579323,0.005145088700991466,0
2022-01-04,0.0002989026644704895,0.0003009645148193134,0.00030331961519437957,0.00030669284683649243,0.013062532864904448,0.014127272766773771,0.01299401511378801,0.0051382147362294146,0
2022-01-05,0.00029893121517475367,0.00030100339020668,0.0003032555559053096,0.0003067161248749848,0.013933184174112797,0.013279400410958517,0.013053194726617638,0.0051345360479649205,0
2022-01-06,0.000302041768757556,0.0003037922520688977,0.0003065577140448832,0.00030980113911559736,0.01721881544587323,0.013654656153434343,0.013385388209611972,0.005171726452588554,0
2022-01-07,0.0003025399490940074,0.00030459247864956515,0.00030680670079484475,0.00031009100696640984,0.017390194258589977,0.0136552804763136,0.013287940080827081,0.005196552115722745,1
2022-01-10,0.00030309011184297954,0.0003052234063185095,0.00030712404737679794,0.000310449256215712,0.016825800347263088,0.013734788514319434,0.013293457098497453,0.005116863911709918,0
2022-01-11,0.0003030920597725708,0.00030512395251687893,0.0003072655929754496,0.00031057880115836826,0.014051457239142284,0.014150630713459629,0.013447342227562333,0.0050840765767617944,0
2022-01-12,0.00030226537050109575,0.0003046065186721922,0.0003061112991979313,0.00030943912119736427,0.013136817186818807,0.01416001449832563,0.013246865289455666,0.005040852217052763,0
2022-01-13,0.000302674781619173,0.00030501681760039534,0.0003062823942467753,0.0003096425808056844,0.008834794419753472,0.014242161615316785,0.013233610040919557,0.0049937432968765365,0
2022-01-14,0.000302947949555044,0.0003051948987122087,0.00030635018809465595,0.0003097480522713044,0.008998689799616738,0.014244581542840045,0.013253286276934288,0.004916814094069275,1
2022-01-17,0.00030341804716321367,0.0003055489201181641,0.00030660320979655596,0.00031001201833335857,0.008574967308919766,0.013039427180683613,0.013257307133387488,0.004948878424992163,1
2022-01-18,0.0003037319916979918,0.0003058882933945923,0.0003066728742563084,0.0003100782268594103,0.005063698762798915,0.010686689363148988,0.01316300769322815,0.005131064707338901,1
2022-01-19,0.0003042805013444829,0.0003063246696128406,0.00030706253821425564,0.0003104386764955388,0.004943606709703242,0.010631205376852694,0.013129205423262565,0.005266330557032154,1
2022-01-20,0.00030086321578473476,0.0003032327948127915,0.00030321665066545563,0.0003066652936710609,0.004174690549187962,0.01032820100530336,0.012850320558765178,0.005412452189079474,1
2022-01-21,0.00030086210401741886,0.00030296245044745895,0.0003032685842988212,0.00030668904686403253,0.003682500588395565,0.010337896588388698,0.012865851310234266,0.0055489062834392115,1
2022-01-24,0.0003009832164740048,0.0003029902008164622,0.0003033536690917071,0.00030675450953792987,0.004793013538265711,0.010247491287800174,0.012849772866304017,0.005622102806859126,1
2022-01-25,0.00026915328810719604,0.0002730883704284755,0.0002705795775289651,0.00027458822355329207,0.008735938877524519,0.01084009788496359,0.012271651112054213,0.005603790800569438,1
2022-01-27,0.00027154026472560826,0.00027518534637717884,0.0002724702462394272,0.00027644086619288676,0.012611635724693405,0.011728194553960887,0.012482786710898518,0.005601604645686097,0
2022-01-28,0.00027141789051854696,0.0002753783264483132,0.00027257810815605875,0.00027657916249895114,0.012872986225377553,0.011807656555584908,0.012336970787345214,0.005440028473131004,0
2022-01-31,0.0002709682019250397,0.0002744347803903767,0.0002719618314835494,0.0002755929218982402,0.01313935634071301,0.011933134228828893,0.012364385677482955,0.005275666316525443,1
2022-02-01,0.00027113428888442606,0.00027462992210000917,0.0002722087407686834,0.000275735260694726,0.013164867389285479,0.011757171575579647,0.012279371968953665,0.00528356856749388,0
2022-02-02,0.00027066036207845683,0.0002737786401157352,0.00027138617066999407,0.000274830217016144,0.01245654440114853,0.010660284027565171,0.012396428889648332,0.005081451030251163,0
2022-02-03,0.00027312289312130005,0.00027582619591658353,0.00027363014103806715,0.00027719789093573255,0.012739928885494535,0.011383918006995019,0.012687225010587444,0.004856301796204331,0
2022-02-04,0.0002727715188187569,0.000275344261533286,0.00027296507017318845,0.00027635054996917943,0.012849434638740042,0.010323557750538318,0.012729089875652912,0.004563848785988755,1
2022-02-07,0.0002730903493604845,0.0002756809805541478,0.0002731668496355549,0.0002763489513213203,0.012632224962193385,0.010329000692672995,0.012699235922445089,0.004241837990840224,1
2022-02-08,0.00027557740942572655,0.00027799799813951493,0.0002756033570359815,0.0002792252292164042,0.01528642067287841,0.011219307392757337,0.012884991825484155,0.0041720410405287275,1
2022-02-09,0.00027596255783510654,0.0002784474370820937,0.0002759460966131896,0.00027935212930545384,0.013978009293249636,0.010636116719134074,0.012872490173671182,0.0041904729422816665,0
2022-02-10,0.00027570786595372955,0.000278036539454044,0.00027521865689592343,0.0002787659031866249,0.012312962434377827,0.011151316456706395,0.013020464099692234,0.00416418935565581,0
2022-02-11,0.0002757717799313542,0.00027814178814636954,0.00027526768629712877,0.00027876161563153716,0.01263085759781762,0.011267079809469699,0.013021248265742946,0.004068667259361109,0
2022-02-14,0.00027563959425052443,0.00027796583842590105,0.0002748589508962744,0.00027844966743557307,0.013621525236046522,0.011525217491261095,0.013093888974918009,0.003955429934838042,1
2022-02-15,0.0003495385091805282,0.00035026851706130945,0.00034637382568830833,0.0003514558401046811,0.021541664784881582,0.014949955609030102,0.014203384965652764,0.004256515275619324,1
2022-02-16,0.00036372291787357735,0.0003618870397548387,0.00035809356488080264,0.0003613589416320963,0.026264213729865194,0.016708349657729826,0.014562759736788815,0.005003866055416029,0
2022-02-17,0.0003651182314487292,0.00036447563013076377,0.0003593340012568118,0.0003632777399556839,0.025498271627357127,0.01675656620218404,0.014572662545899938,0.005551036011293497,1
2022-02-18,0.0003654877465763294,0.000365402474684807,0.00035952130672430553,0.00036380640825638686,0.025570762733053982,0.0169131917101748,0.014632358604221523,0.0059800244423549665,1
2022-02-21,0.0003669246104860479,0.0003675554720789545,0.0003612727354146907,0.00036569988213257796,0.02494128016589246,0.01688067829364011,0.01463177128150229,0.00632263700045302,0
2022-02-22,0.00033288196254710554,0.0003346875084832186,0.0003302919247217242,0.0003350918644665201,0.016096506061305433,0.016808697298210877,0.013855381624057564,0.006309594650536306,0
2022-02-23,0.00033284097633157195,0.00033440008692726313,0.0003291280865030161,0.0003336782931757513,0.006868645088192108,0.01648891635626446,0.013896297577980431,0.006410596317880245,1
2022-02-24,0.00033392278477376784,0.00033545496479321434,0.0003298426694205701,0.00033412514151480525,0.006385838110430165,0.01584972883264068,0.013859516398352647,0.006520771254760581,0
2022-02-25,0.0005440731515224452,0.0005442161984548036,0.0005409963604268475,0.0005418372585536281,0.026954130051473766,0.020646038165792868,0.015670359740944974,0.0069730241001372505,1
2022-02-28,0.0005512483375300292,0.0005488803361009301,0.0005457949478062458,0.0005437305973947735,0.03084245492354578,0.0219000202013389,0.016250651615422544,0.007617673265029139,0
2022-03-02,0.000553846503970361,0.0005532622114462364,0.0005486920641235548,0.0005491590351935094,0.03095010862352609,0.021878783729232517,0.01623284672143942,0.008141408053426027,1
2022-03-03,0.0005540050107032564,0.0005532573286508964,0.000548718409841429,0.0005491488189780794,0.03243669202655373,0.02227392501122811,0.016425074599333404,0.008538345655703536,1
2022-03-04,0.0005524886124228335,0.0005528978728515433,0.0005490571824704508,0.0005506965551013662,0.03289054641327155,0.02193363781745448,0.016196918764298143,0.008843505849268546,1
2022-03-07,0.0005527314250799996,0.0005536940206856974,0.0005501701084958655,0.0005524529723450798,0.020466976899820265,0.022129306025359376,0.016152725925378964,0.008547501954449388,1
2022-03-08,0.0005929759253594988,0.0005914139670863466,0.0005848713575399365,0.0005854774271392435,0.02471725154409211,0.024340362341564833,0.017181464616602568,0.008260563743355055,1
2022-03-09,0.0005952154842013324,0.0005948268173362309,0.0005906077475201049,0.0005922412902803912,0.0248663195524749,0.02397594576330467,0.017217851677364667,0.007972318507307525,0
2022-03-10,0.0005950493415607649,0.0005948368245236008,0.0005912621370406158,0.0005935035700946577,0.024231792923545575,0.0243736845086595,0.017391988816496506,0.007815374736097083,0
2022-03-11,0.0005948372244965915,0.0005947673707387398,0.0005914933564436821,0.0005943108500065392,0.025144235838584616,0.024520203015192598,0.01756984372171689,0.0077936899527084125,0
2022-03-14,0.0005976529459760531,0.0005981190875783178,0.0005953286664494537,0.0005993232141314801,0.024190783062027515,0.0244155696337079,0.01756802299110709,0.007736637403087948,0
2022-03-15,0.0005975183731846222,0.0005979643397750878,0.0005951260721722612,0.0005992509705142168,0.0162462017098452,0.024739674997437792,0.017774422264688273,0.007664087161729464,0
2022-03-16,0.0005957279570000674,0.0005963388549096113,0.000593697276705948,0.0005986284062016293,0.01619858051616272,0.022900516315217157,0.0174924886872037,0.007591013193658814,1
2022-03-17,0.0005826728112928594,0.000583812949297844,0.0005823657770277241,0.000587258293712258,0.016414126161727053,0.022112895564103122,0.017149872964139157,0.0074880037150782935,0
2022-03-21,0.0005821397302698494,0.0005829448400067725,0.0005808228146318215,0.0005858087171585821,0.01630147285758469,0.022475195132462843,0.017310299774944006,0.007393412096645376,0
2022-03-22,0.0005833085342924183,0.0005839385019307137,0.0005812848283674661,0.0005866351969612604,0.017044912420437503,0.022478574770345202,0.017301388321336864,0.007286310464317979,1
2022-03-23,0.0005842612906190385,0.0005845208511666272,0.0005814925252802892,0.0005870102695353094,0.01452589988285421,0.022567345806544008,0.017331229060838227,0.007224178403047492,0
2022-03-24,0.0005858807508363686,0.0005857616341736315,0.0005824751609473582,0.0005882167978487207,0.014269211782897008,0.022595616209442223,0.01730226627199291,0.007251894212447529,1
2022-03-25,0.0005855680094774195,0.0005853152035893118,0.0005816914784284753,0.0005874381453961192,0.01339478641361323,0.02284820900330318,0.017430172493104232,0.007270683308416322,1
2022-03-28,0.0005868833626943721,0.0005861964574781556,0.0005826897250954486,0.0005883883654895038,0.010512876309987582,0.02285978578697535,0.017429230789970808,0.007347266808470572,1
2022-03-29,0.0005875437192553457,0.0005864944792235428,0.0005830657132334558,0.0005887043534489553,0.00995810334174386,0.018666708267374627,0.017455902944441607,0.007460069429440884,0
2022-03-30,0.0005885091314867609,0.0005870281403750552,0.0005836229343534498,0.0005892692958928991,0.009243964625986572,0.017112380337814606,0.0174627616961381,0.007636172067676185,0
2022-03-31,0.0005887197018229852,0.0005870828094846387,0.0005837039276050337,0.0005893681872218569,0.01075600667644453,0.01732072417187925,0.017482560327046585,0.007820821550115641,0
2022-04-01,0.0005859866739455186,0.0005838414776207786,0.0005808848104841782,0.0005868982803114186,0.00748419488317053,0.016522990059749172,0.017153994592793292,0.008034747793404644,0
2022-04-04,0.0005863277831021522,0.0005845071689493978,0.0005815514355685459,0.0005874077499752995,0.011946154573328665,0.01696468236242498,0.01730586128796858,0.00804823092258203,0
2022-04-05,0.0006065091794355683,0.0006066652736923195,0.000604302610468122,0.0006093822517029001,0.020890191544795177,0.01878354964801345,0.017786734449884208,0.007955851014981512,0
2022-04-06,0.0006063871854420971,0.0006064031601085182,0.0006040480217181603,0.0006090996954151607,0.02184570827299586,0.016106106678516474,0.017875012042584848,0.007890202408263632,1
2022-04-07,0.000606769134788186,0.0006066499166403991,0.0006040588328596127,0.0006091115665145715,0.02161621538119138,0.016193801766984393,0.01791608261950227,0.007897320522863056,1
2022-04-08,0.0006082698586960689,0.0006079976431982675,0.0006048794807162496,0.0006098550319104884,0.02162943747771281,0.015593985854897503,0.01779865041918867,0.007591700592952532,1
2022-04-11,0.0006090090119825283,0.0006084494710429629,0.0006052624049312007,0.000610171628758073,0.01960372962624668,0.015027270294239333,0.01780834137064238,0.007199064892440982,0
2022-04-12,0.0006099602242279242,0.0006091065285177338,0.0006057763853777169,0.0006106504288222452,0.008890237280133138,0.015042683298372467,0.017789036406230037,0.007316005992510844,1
2022-04-13,0.0006107727421803974,0.000609613607426646,0.0006062209555947443,0.0006110484798113683,0.006147174743028572,0.014243203437809939,0.017774054136770637,0.0073249905496823335,0
2022-04-18,0.0006110627978451927,0.0006096603085448768,0.0006062535073325494,0.0006110810352553528,0.0047713725948783595,0.0142243527829397,0.017797631231047033,0.007308138154506239,1
2022-04-19,0.0006110526413138611,0.0006098928661226815,0.0006066407747811335,0.0006115169813330812,0.01001753606756501,0.014174070256835604,0.017972695644222877,0.006836699146218476,1
2022-04-20,0.0006110864300835736,0.0006098092140875695,0.0006066675596359076,0.0006114924271224717,0.01083931138074327,0.013738886998831565,0.018024741543196682,0.006171250479041705,1
2022-04-21,0.0006117940563886112,0.0006102804944464958,0.0006074251809480137,0.0006120354877513,0.01071945381531737,0.013504693017048494,0.018015910662669297,0.00617396326250498,1
2022-04-22,0.0006116850778895069,0.0006101657010488369,0.0006073481939429562,0.0006119496211475342,0.012246211413294836,0.013697110126371294,0.018091003493628677,0.005946246365099673,0
2022-04-25,0.0006122222534473367,0.0006109995917396429,0.000608065437062655,0.0006128097476686207,0.0151072955667545,0.014439086041109135,0.01827184886147579,0.005651171268860984,1
2022-04-26,0.0006127032765030034,0.0006112238281144762,0.0006086633029165314,0.0006131312053737124,0.012249785022533405,0.013912710021908142,0.018142845398082898,0.005373779071928952,0
2022-04-27,0.0006119314758718589,0.0006102825631258881,0.0006080805541390367,0.000612341960599635,0.011975010051568704,0.014034852700444751,0.017988522272251114,0.004984572056917741,0
2022-04-28,0.0006120050884299347,0.0006102336987039398,0.0006081147946242861,0.0006123755810241598,0.012839168597933227,0.014099533343875053,0.0180138995407962,0.004591933872254976,1
2022-04-29,0.0006120565330259798,0.000610189625325157,0.0006081959473834145,0.0006124115817704019,0.012282023824738076,0.014281461151443107,0.018040737034696917,0.004567836266248273,0
2022-05-02,0.0006121966395090985,0.000610213665812456,0.0006083097068882196,0.0006124960801839992,0.008840805944473368,0.014110430476551087,0.018053558389252364,0.004609215216522827,1
2022-05-04,0.0006126949391855977,0.0006105345004789146,0.0006089130308779942,0.0006128818506393228,0.00887796426130662,0.014116117357391293,0.017966651563086047,0.004630240126188535,0
2022-05-05,0.0006139854740394725,0.0006123570932135835,0.0006101435066285427,0.0006142531770014605,0.013776204117150602,0.01444802367177135,0.01805205716426162,0.004588931505461007,1
2022-05-06,0.0006145345481920153,0.0006127550751322336,0.0006110742062451688,0.0006150224638706914,0.012976675431639786,0.011480215204211868,0.018021498861807712,0.004519049137069164,1
2022-05-09,0.0006145855408412178,0.0006128579455127863,0.0006110297873090961,0.0006150864511710651,0.014573097586650301,0.01173648940060344,0.018162278626399436,0.004519724099805361,1
2022-05-10,0.0006137028529025846,0.000611985500828641,0.0006104821654475221,0.000614166539215309,0.014567733789756223,0.01163373428114848,0.018003971452966366,0.0045236795995588,1
2022-05-11,0.0006137593792863478,0.0006118732647086044,0.0006108298504676594,0.0006143833933369493,0.014785508634571903,0.011702967326401534,0.018020435951193795,0.004538296315683869,0
2022-05-12,0.0006140139157041621,0.0006120651711569368,0.0006114629591227017,0.0006147906082693006,0.009961080825748547,0.01172495701525569,0.01793073548790811,0.0045487078140963744,0
2022-05-13,0.0006266673300485184,0.0006253767203503246,0.0006229109830464818,0.00062684621693721,0.01818717935976625,0.013954556054451428,0.01841314744080436,0.004624285442811833,1
2022-05-16,0.0006267812486434854,0.0006255209745685256,0.0006234608333133607,0.0006273410011071396,0.017134759377726988,0.01420205051579861,0.018408499866483644,0.004628380963448806,1
2022-05-17,0.0005886254347409236,0.0005879259615700846,0.0005867346962573467,0.0005895045790648866,0.017819684824711437,0.014458131484655721,0.017661666829838423,0.004676488147839017,0
2022-05-18,0.0005781503814832842,0.000579068431995097,0.0005779733280277695,0.000581715123550312,0.019908603371896698,0.01452445555198041,0.01732862974921462,0.004676728972219092,0
2022-05-19,0.0005778634305269334,0.0005780368283186609,0.0005779508705298103,0.0005811902742063032,0.01980414484950383,0.014358028677797252,0.017320935306937988,0.004782337865661479,1
2022-05-20,0.0005797475795437867,0.0005795013608020782,0.0005790237758387049,0.0005822884393857122,0.016936931657992444,0.01541810220646572,0.01756303820375565,0.004643010291919308,1
2022-05-23,0.0005829892148368272,0.0005820248637845341,0.0005802600584689192,0.0005838738908254715,0.02044802465023386,0.01639317673249027,0.017940941687926554,0.004568302406406017,0
2022-05-24,0.0005832597900145325,0.0005822406859057879,0.0005809196671494885,0.0005840912350778388,0.019429327522503707,0.01569568931861398,0.017938819552146438,0.0044584498848091545,1
2022-05-25,0.000583878061398207,0.0005828468899636487,0.000581844782916372,0.0005847226750089887,0.017080032887093123,0.015696413018996706,0.01790699617910327,0.0042598315028797365,0
2022-05-26,0.0005840209653241095,0.0005829006002348285,0.0005820023370901294,0.0005847635965983755,0.016996517045781992,0.015573155396403932,0.017907820131161756,0.004161968063556235,0
2022-05-27,0.0003961280130462107,0.00039583170856552247,0.00039439026530990317,0.00040090139624859356,0.016037743508441386,0.01614958566924003,0.016411905793685667,0.004082562622206254,0
2022-05-30,0.0003855599159294781,0.0003885546040315197,0.00038659263788654247,0.0003970366369659866,0.011771208064061565,0.016299219333963784,0.015942168864815327,0.0038353942639248167,0
2022-05-31,0.0003826666905830973,0.0003830319084455052,0.0003827953796897682,0.00038967842087174253,0.012065442294131775,0.01622369949141533,0.015940725195335938,0.0034339038368850165,0
2022-06-01,0.0003829283147111938,0.00038348921351520333,0.00038297395079308006,0.00038991090649975876,0.012782920174183773,0.01635614812086142,0.015703476803071055,0.0033499100426210406,1
2022-06-02,0.0003820524229946322,0.0003812488496069308,0.000380730012925294,0.0003858256409164114,0.012876531745262695,0.01537948264662648,0.015631957887139662,0.0032947221157282785,0
2022-06-03,0.00038232998594966695,0.0003807630961489746,0.00037980665471163094,0.0003839486998718918,0.008433142636736687,0.015378233469956116,0.015503839773540853,0.0034096683408638448,1
2022-06-06,0.00031595472001030677,0.00031820265011095234,0.00032297931122778246,0.00033067817448873585,0.006809337896282668,0.014972058249472196,0.014391135975729625,0.003664473908304755,1
2022-06-07,0.00031184523704561533,0.00031139599907559283,0.00031196446438815756,0.0003180918860891443,0.006277787018701049,0.014832611392081018,0.014347930741646428,0.003937211822803477,0
2022-06-08,0.0003118620664987229,0.0003107822876334557,0.00031010715904110353,0.0003151625230753377,0.006103441319311976,0.014905829864196746,0.014169398987794611,0.004181105964393356,1
2022-06-09,0.0003123932327582478,0.00031069540433286124,0.00030949562345455195,0.00031346349529778536,0.0059027710009731515,0.014846999024923981,0.013949036401030422,0.004410448562537143,1
2022-06-10,0.00030702544606056635,0.00030397249256078985,0.00030187866100991943,0.00030357566993549184,0.006164412330897402,0.012778759182202773,0.013955986072037244,0.00461097216903181,0
2022-06-13,0.0003075176927028344,0.00030473546105129115,0.0003025143159132733,0.00030401433275850924,0.008921019780715158,0.013063639690929,0.013847090729325925,0.004677423497573445,1
2022-06-14,0.00032230515141652905,0.0003202545453755128,0.00031679260157212267,0.0003169387865935941,0.016766236005837966,0.014522318559594512,0.014402170142811355,0.004645947572912988,1
2022-06-15,0.00032345582110672986,0.0003215311894263222,0.00031884687775998597,0.00031891772708976697,0.016331989521620696,0.013776033983664802,0.014161487551881145,0.004590750237983347,1
2022-06-16,0.0003244150786218233,0.0003225434419748355,0.0003206095948849213,0.0003205154425099331,0.016323759565599522,0.01374767701577022,0.013951208153287277,0.004615303280141263,0
2022-06-17,0.00032427393776968117,0.00032259942409314235,0.00032054748147900924,0.00031948011672831595,0.01895111873948788,0.013467293644581942,0.01415936212361676,0.004706289087451799,1
2022-06-20,0.0003226018312301562,0.0003213186942170503,0.00032027749329278113,0.0003186611371863121,0.017386173603153223,0.01190369741256968,0.014119077888760078,0.004745855154903383,0
2022-06-21,0.0003203380731319263,0.00031959566860479625,0.0003194830536372373,0.0003173233319414748,0.010059458047288656,0.011908871416026513,0.014102754899811347,0.004801544874978118,1
2022-06-22,0.00032029165088530914,0.00031966094578432644,0.00031946514388098173,0.00031725151231468037,0.0121229285065422,0.012393085990048049,0.014065672897440276,0.004810140896226392,0
2022-06-23,0.00031726708558272785,0.0003173250273006478,0.0003166041760862656,0.0003143773475464786,0.012994112358950713,0.012609122269504182,0.01412433153263111,0.0047569514579930625,1
2022-06-24,0.00031568573371113694,0.00031635441590390786,0.0003155003655808986,0.00031315798363753096,0.009403431769648777,0.011797110924305522,0.01412772432681612,0.004758173177563215,0
2022-06-27,0.00031319818177417795,0.0003147017102705535,0.000313328584293764,0.000310830659159588,0.01135700853021155,0.011802672915784185,0.014246961915601786,0.004729864087506838,0
2022-06-28,0.0003134108177933163,0.00031517461292911934,0.0003139596740711242,0.00031135762411509127,0.011588352144523976,0.011789824863905767,0.01415759682694421,0.004668943551965683,0
2022-06-29,0.00031164948735950366,0.0003141925427232017,0.000313008803951563,0.00031019263520328845,0.009587593124615303,0.011649819903871013,0.014171646039325983,0.0045412469731518695,1
2022-06-30,0.00031096594484818116,0.00031283930337602925,0.00031180719976420886,0.00030921223934785025,0.009731551483006333,0.0118833694938438,0.013981992526402996,0.0043846655164401305,1
2022-07-01,0.0002664099221461742,0.00026442166001266207,0.0002619120307898016,0.0002602294457598741,0.009143997034854094,0.011928768709336152,0.013045828563342042,0.004348829567678326,0
2022-07-04,0.00026636926895847384,0.0002643222407709027,0.00026282479916627405,0.0002609939073321283,0.006512863800068517,0.011760768088441693,0.01291282795912878,0.0041930654514452026,0
2022-07-05,0.0002647991118200154,0.00026289972195336995,0.00026235625935449144,0.0002604796937634879,0.008049192073734557,0.012055898602696343,0.012918911527309576,0.003995117239344584,0
2022-07-06,0.0002617144394879381,0.00026009786090711175,0.00026076321708738963,0.0002590209977557996,0.007905852566886001,0.011917673053511437,0.012925093670757852,0.003902065372791446,1
2022-07-07,0.0002591601116086197,0.0002581438732508808,0.00025939928633682513,0.0002577997869997407,0.009068074292983841,0.012371794008974757,0.013050789044551944,0.0037603561583921764,0
2022-07-08,0.0002572011187576851,0.0002569158769065251,0.0002587321883257717,0.00025724522605302853,0.011712272385413697,0.01292632427188945,0.013230220205972852,0.003638072787456408,0
2022-07-11,0.00025519801593612286,0.00025562522994498443,0.00025785712791852355,0.0002563678232019148,0.011900164288487768,0.012402539863728742,0.013243613755304752,0.0036393723397421685,0
2022-07-12,0.0002537815167506224,0.00025480376496135897,0.00025732983894322716,0.0002558209728028138,0.011509699428009761,0.010401265254689611,0.013268026998168059,0.003633984772661458,0
2022-07-13,0.0002532699277260336,0.0002537514169939904,0.00025607797013723645,0.0002544311757535738,0.012166382678441211,0.010599654590899607,0.013077864234995473,0.0036238553599892975,1
2022-07-14,0.00025262338108217807,0.00025345425502535876,0.0002556612979983215,0.0002541170732610926,0.010892355765127445,0.01077524287151591,0.013054468836156448,0.0036014665727278493,1
2022-07-15,0.0002508431632268465,0.0002523125854627226,0.00025407657365803546,0.00025287058675114424,0.008033199152499344,0.009666266392378456,0.013070610540787623,0.0036107574506715153,1
2022-07-18,0.0002512838445408347,0.0002528007720739971,0.00025472045572610914,0.00025334474281900153,0.007611026635707589,0.009629910100514838,0.012950796938369934,0.003584176559784813,0
2022-07-19,0.0002519302883354674,0.00025290515503356936,0.00025480313992401384,0.0002533834711769091,0.010643781237820017,0.01054564671353851,0.012902022402149103,0.0034864614701810856,0
2022-07-20,0.0002498960468138362,0.00025137753805549534,0.00025249861185047695,0.00025155375333379867,0.010757807613789385,0.01022467284153982,0.012968036303879068,0.0033705982933255932,0
2022-07-21,0.0002493145820699291,0.0002511555659597838,0.000251854842931661,0.000251031322233126,0.010509266968638676,0.010074983523332706,0.012948853570918633,0.0032333007884295527,0
2022-07-22,0.00024910481843667145,0.0002512080772222025,0.00025163997063720636,0.0002508627047296165,0.010645327045437525,0.009983051671853458,0.012905325310782726,0.0030962718549236057,0
2022-07-25,0.00024906084178493375,0.00025136773980797086,0.00025161141550001325,0.0002510860817429064,0.012517012862151556,0.009982918441166897,0.012969532238502082,0.003071054336916826,0
2022-07-26,0.0002490648090738172,0.0002516806426155908,0.00025144345102466197,0.00025103857728347664,0.009064373275236664,0.009908526831401244,0.012914943534241245,0.002926011083033942,1
2022-07-27,0.0002477789486979151,0.0002508566339046924,0.00024989856033956904,0.0002499326776963474,0.008750287186915983,0.010035204566878834,0.012960802648026775,0.0027870647790271858,1
2022-07-28,0.0002411655208460493,0.00024311065916244023,0.00024349013166326513,0.00024277662969636444,0.009366506132279056,0.009988111869133733,0.012616197733012811,0.0026033006210046095,0
2022-07-29,0.0002401790969672456,0.0002423861474369184,0.00024178699700450794,0.00024163713489109965,0.011448898330457353,0.01056065663132877,0.012784274924846073,0.002089483157461108,0
2022-08-01,0.00024005458574907608,0.000242095687170578,0.00024178759852532436,0.00024145893890417452,0.009454650249571246,0.010554710546427069,0.01256821531979986,0.001627717408084468,0
2022-08-02,0.0002394638343070101,0.00024165317242532417,0.0002404070132565877,0.0002405022465135618,0.010641140565787995,0.010501904534123573,0.012591545452813865,0.0016300614497907712,0
2022-08-03,0.00023886528912523346,0.00024132284124135832,0.00023845496987623765,0.0002392072608231963,0.010007171195191056,0.010493596777522792,0.01257418344969842,0.001587860658229785,0
2022-08-04,0.00023841239536651898,0.00024113308014386044,0.0002369696668984134,0.00023819422114801513,0.008904049610496118,0.00995115122642127,0.01255016703444889,0.001504100912436929,1
2022-08-05,0.00020293008524004615,0.0002041754747389766,0.0002049186654196728,0.00020436929113974744,0.005958602486140898,0.00927951363349709,0.01178269803133714,0.001670558931748017,1
2022-08-08,0.0002028532421721468,0.0002040191155846558,0.0002034197193844381,0.0002029822300054965,0.006122088033944092,0.0092395036484353,0.011688314744724683,0.0017774792619050705,0
2022-08-10,0.00020283165622247425,0.00020397706232070498,0.00020235579725019022,0.00020224568989031142,0.005239846240796283,0.009167098819684446,0.011591947722659559,0.0019142847877756787,0
2022-08-11,0.0002016560811069248,0.00020289082820249804,0.00020222629375201426,0.00020191626712005175,0.005077267249818255,0.00891936192455421,0.011279580472497696,0.0020744805270667367,0
2022-08-12,0.00020029423395172467,0.00020132918851462436,0.00019956853779283773,0.00019972011248942434,0.00852619156224513,0.00935620344165326,0.011440323787837704,0.0020777344021141422,0
2022-08-16,0.00019391402767022676,0.00019508935736376262,0.00019494665792432436,0.0001945312347996952,0.008279948359818434,0.009333578484624443,0.010983630113438007,0.0020855341926686475,0
2022-08-17,0.00018069039493830792,0.00018271092700744088,0.00018667463837233485,0.0001849080490666205,0.008356817455056105,0.009399233774695108,0.010372700969136646,0.0020287101164030217,0
2022-08-18,0.00017689391956886738,0.0001780991660704185,0.00018094221402290808,0.00018008482495824885,0.007896970384290842,0.008444152788930888,0.010397685629232243,0.0020321441606509136,0
2022-08-19,0.00017353480444525635,0.0001743235795005775,0.00017632175744338377,0.0001759589711545383,0.008175978485872438,0.008205733789718225,0.010415798610779852,0.0020263490657073907,0
2022-08-22,0.0001724720406002508,0.00017303697340410133,0.00017516258919937717,0.0001747926268237744,0.008824198301414888,0.008910330448571908,0.010644078887742854,0.002027833025064065,1
2022-08-23,0.0001722909477760007,0.00017252285434527894,0.00017526169865515883,0.00017478119033999492,0.01174009236841498,0.009656209533626137,0.010521019110975848,0.0020289803445322483,1
2022-08-24,0.00017220774332788147,0.00017244039530882677,0.00017524418649245016,0.00017477321023814756,0.012422818620423484,0.00936793992415288,0.010435836445992452,0.002054157910357708,0
2022-08-25,0.00016993501631142437,0.00017019594736380686,0.0001735683678347134,0.0001730715356252686,0.012780402488333925,0.009570667298864594,0.010468628481256514,0.0021131600824898004,0
2022-08-26,0.00016932799236149377,0.00016986616502143094,0.00017348885102856526,0.00017299753009486407,0.012630093371820616,0.009384668359061692,0.0104002505530926,0.00213596487811954,1
2022-08-29,0.00016746699130927166,0.0001683719915877414,0.0001720725876861931,0.00017177190641963334,0.010079156628438763,0.00910266329193784,0.010389663585248886,0.002121165789970201,0
2022-08-30,0.00016804974594162501,0.00016898513412525961,0.00017298215667552332,0.0001724932561402972,0.010285567222906565,0.009323158670012944,0.010657458718223326,0.0021128381069740305,1
2022-09-01,0.0002067829868398702,0.00020614386809293973,0.00020882756769891357,0.0002078580301303234,0.01714715219061918,0.011786301483042596,0.01138177612674664,0.002510592074320146,0
2022-09-02,0.00020587922846309765,0.00020621457472564333,0.00020796227920405716,0.00020718612962595197,0.016905098337995347,0.011607531686998088,0.011407153922385806,0.0028283161681479352,1
2022-09-05,0.00020630302866385966,0.00020741430097415503,0.00020844323573856124,0.00020770636760260815,0.016929877760298417,0.011605659034357764,0.011355436670913766,0.0031004562600217864,0
2022-09-06,0.00020513116307554292,0.00020678838744173618,0.0002072993196438624,0.00020672602171627124,0.017473226766046738,0.011805353342626881,0.011422974879249289,0.003376231898065201,0
2022-09-07,0.00020488593067392971,0.0002072204061885487,0.0002069911561391151,0.00020655979355241682,0.01549599839475223,0.0117505975699884,0.011420387846713934,0.003502742507122131,1
2022-09-08,0.00020458708568893593,0.0002068015078477217,0.00020643379046076326,0.0002059793103300603,0.005998407262165864,0.011770392287261832,0.011221015363101248,0.0035778969005905736,1
2022-09-09,0.00017595659332231948,0.0001765203418445632,0.00017949397728153055,0.00017808498133044685,0.01001646609507916,0.012367424669927669,0.010726528059513771,0.0035704730526716303,0
2022-09-12,0.00017449674338039257,0.00017517514658727746,0.00017627572311081042,0.00017468467243799356,0.010185246476357315,0.012416983224047941,0.010740719513047137,0.003557691384292235,0
2022-09-13,0.00017317732865030047,0.00017407043967447187,0.00017342307470336827,0.00017165584637901749,0.009376998236921981,0.011965550797562818,0.010752035585116197,0.0035575855440704543,0
2022-09-14,0.0001695085350068843,0.0001704438616500635,0.0001706909921746943,0.00016922575609308854,0.0098112616317077,0.012041693018133173,0.010417209543827412,0.0035536993593117453,0
2022-09-15,0.0001676874636582254,0.00016845699588970972,0.00016706237604432415,0.00016557446856929305,0.011139002993035635,0.012332979446243491,0.01053855059795276,0.0035522389204944013,0
2022-09-16,0.00016631663385856626,0.00016726327979980587,0.0001639395238848482,0.00016226445278119184,0.0075566168403590275,0.012314149267072543,0.01055387216619755,0.003589885261194144,1
2022-09-19,0.00016620107804688047,0.00016713481552636689,0.00016394525762670245,0.00016226510595952252,0.008607799788463849,0.012489730607002513,0.010454207643810868,0.0036030422514069277,1
2022-09-20,0.0001664949083860487,0.00016758403351910535,0.00016383488922959931,0.0001619516881660649,0.008543427017057962,0.011914500546490892,0.010373919300671034,0.003608336232488388,0
2022-09-21,0.00016617039523913614,0.00016725564203765971,0.00016285074295486384,0.00016110500108405763,0.009984692702314136,0.011639091486372105,0.0104621883285848,0.0035168286414670115,0
2022-09-22,0.0001663989534675447,0.00016754806022263867,0.0001630582284054101,0.00016128107195609895,0.008626747321779028,0.011494606071585691,0.010320576982683061,0.003441002998530643,1
2022-09-23,0.00016557734775768767,0.00016672324105002043,0.00016182712095991992,0.0001601934653864379,0.01044562231750259,0.011750802382423391,0.010453993386021149,0.0032963546060118523,1
2022-09-26,0.00018251553547678792,0.00018295666187791084,0.00017791195122378016,0.00017737652371869447,0.01527108701006024,0.013206630176069753,0.011002914939780816,0.0032274194893323867,1
2022-09-27,0.00018998891129008933,0.00018929790421773603,0.0001835260968349122,0.00018317872599589343,0.01856124547488245,0.014236851199682203,0.011332972393251699,0.0034745014536604456,1
2022-09-28,0.0001899415244710258,0.00018998476004496422,0.0001845768307096264,0.00018424277656861138,0.017775030024611418,0.013711606413833007,0.011349844441209055,0.003617704713075485,1
2022-09-29,0.00018931669737311542,0.00018932628446241396,0.00018329588424444244,0.00018311238845793694,0.018903225316675622,0.012163582676256293,0.011522030505227121,0.003796203851907464,1
2022-09-30,0.00019055332361751036,0.00019113349876511936,0.00018713086380104532,0.00018605217915458638,0.017885680774960916,0.012108268388683646,0.011425628415699295,0.0038626312023103955,1
2022-10-03,0.00020045187572266646,0.00020003207608659666,0.00019285278540584532,0.00019302718849540613,0.01751411710160211,0.013395744280366521,0.011891914056421968,0.003893365170434028,0
2022-10-04,0.00020024798906762958,0.00019961989486419937,0.0001926488658396437,0.00019274422623136278,0.01558401235142051,0.013677531901617933,0.011908913429236572,0.0038609539635550225,1
2022-10-06,0.00021308610960307705,0.00021063980806176736,0.0002015806809409451,0.00020351406696107887,0.019770866407745048,0.015023263577317378,0.012245875020316387,0.0040544756014244225,0
2022-10-07,0.00021435962299265162,0.00021298233409460616,0.0002041916623571718,0.00020529204775859622,0.018579101470335684,0.015008440090918129,0.012236064675487794,0.004171880032503997,0
2022-10-10,0.0002160553319999654,0.00021547120507844588,0.0002068160432389407,0.00020729806662612478,0.018569929729976762,0.014413130737559995,0.012175483993038253,0.004278190959568642,1
2022-10-11,0.00021756398914222057,0.0002175160718831874,0.00020905323406276475,0.00020903941060995012,0.014580471207536186,0.014375628283222372,0.012116038654951797,0.004278992894241346,1
2022-10-12,0.00021780575742355414,0.0002179541267477891,0.00020954852150276374,0.00020937515780451984,0.0135039092858985,0.014514880172995254,0.012129780090986413,0.0042275621407117416,1
2022-10-13,0.0002176114069826123,0.00021789976222991297,0.00020956310177385203,0.0002092840820145328,0.00686916283952227,0.014609229423246951,0.01218670918682406,0.004366468799997755,0
2022-10-14,0.00021701520736209384,0.00021738231548137124,0.00020883494990927738,0.0002087222116735377,0.008699040390289023,0.014599734688374796,0.012296344043980008,0.00440123307017024,1
2022-10-17,0.00021512712417126573,0.000215253802803024,0.00020670668779644268,0.00020655291880491088,0.011638229598578836,0.015077294856415936,0.012251078982166685,0.004357522903907232,0
2022-10-18,0.0002151822516028324,0.00021525182876345602,0.0002066863947759797,0.00020667215234571756,0.013516301779720234,0.015290772959138808,0.012344164280489645,0.004299050075064999,0
2022-10-19,0.00021526538676017257,0.00021543603086103432,0.0002069815919386797,0.0002067702965446916,0.013537161052809022,0.015435280771009125,0.012377361114213906,0.004217623944073587,0
2022-10-20,0.00021631570007066774,0.00021664079652605438,0.00020828326827834523,0.00020769213657095806,0.012721584326376007,0.015131613899198827,0.012351471874232358,0.004188714032945602,0
2022-10-21,0.00021663581968836248,0.00021701051182519278,0.0002084993079584657,0.00020760464955666717,0.011777714339709928,0.015140201431930523,0.012235330898166768,0.003993840793291699,1
2022-10-24,0.00021652396364576744,0.0002168424126187632,0.00020850109915652784,0.00020796217070311916,0.011610762087032236,0.015288868919830062,0.012428844703941299,0.003963469345312016,0
2022-10-25,0.00021645392005603794,0.00021677403683270576,0.00020848662323803613,0.00020795910396283307,0.010901033616419887,0.01432530441377432,0.012486011204068226,0.003947826307051568,0
2022-10-27,0.00021738508053900155,0.00021776559543110495,0.00020931836152473794,0.00020853319464407923,0.010150185015956884,0.013336959850344905,0.012428742349060598,0.0039253993894231955,1
2022-10-28,0.00021747976200873787,0.00021789377210871443,0.00020918691994744755,0.00020800343347406982,0.010311768308029177,0.013287624223693506,0.012267713662892941,0.003912034106128546,0
2022-10-31,0.0002173509978950573,0.00021765804491657054,0.00020914592480511207,0.00020789579290726796,0.010407772395249601,0.01292180904958781,0.01229963136690559,0.003926952307596754,1
2022-11-01,0.00021767578135114586,0.00021794513143022395,0.00020946258906650496,0.00020802871835419736,0.007930756739668416,0.01301919138302157,0.0122589327907558,0.003909360339955476,0
2022-11-02,0.0002180353921564686,0.00021817660271276698,0.0002099799627209431,0.00020833783299931743,0.00554340542960155,0.011670930041105471,0.012252182043363003,0.0040674224144527996,1
2022-11-03,0.00021815850378465284,0.00021817912766307752,0.00021022535117860386,0.00020845074475389543,0.005406178188467003,0.011156425433747556,0.012259786226015762,0.004223052619218197,1
2022-11-04,0.0002184987095999211,0.0002184174708856654,0.00021063780048936895,0.00020871824202746395,0.005316460009061216,0.009268514154860415,0.01224309800668954,0.004415271187711496,0
2022-11-07,0.0002188037217171001,0.0002186083426110769,0.00021096650491430466,0.00020895352601822998,0.004148696069393261,0.009218476881882487,0.012230777088701454,0.004629292749249641,1
2022-11-09,0.00021877793247435066,0.00021858008766612331,0.00021096212907343706,0.00020895751304697208,0.005163817483868168,0.00948446226600908,0.012256244056258053,0.004810209015544462,0
2022-11-10,0.00021890329515590886,0.0002186140121610755,0.00021109920911795968,0.00020903624875143466,0.005262587290889555,0.009486136153065075,0.012258696777365304,0.004949625382007709,0
2022-11-11,0.00021839803542141118,0.0002180356670952036,0.0002102405421295998,0.00020814879974066948,0.005384784740027498,0.009280404820503987,0.01211035460474356,0.0049384794562816765,1
2022-11-14,0.000218283206057792,0.00021793206567298026,0.0002103114364988629,0.00020826511810552806,0.0076638389239056404,0.009422983172688587,0.012209621437713156,0.004849006073536096,0
2022-11-15,0.00021852320317699463,0.0002180956602393594,0.0002105584645675951,0.00020844873301397322,0.007678393034947793,0.00898896100745885,0.012193660306159294,0.0046715193817840565,1
2022-11-16,0.00021849695714881148,0.0002180225704357373,0.00021057130185748606,0.00020843295030732297,0.006888872782429996,0.008243607795205152,0.01220546546757117,0.004535637868589736,0
2022-11-17,0.00021861132410502313,0.00021807921008403023,0.0002106954761419969,0.0002085171893507642,0.007022897704144337,0.007526250640597224,0.012198982977124446,0.0043823806551444,0
2022-11-18,0.00021725264895307284,0.00021673826766482296,0.0002087574274634894,0.00020665878864339142,0.00680271350773857,0.007202878525777279,0.012001175981396148,0.004303238230787812,1
2022-11-21,0.00021563410160482202,0.00021528364885042885,0.0002069035831752852,0.00020494769615756893,0.0037251763329672213,0.007197372409943999,0.011779025984491669,0.004023695350852317,1
2022-11-22,0.0002158634692435941,0.00021545985540550883,0.00020704542643229054,0.00020507899809425615,0.0037929309622187993,0.00705119582395092,0.011705711293895084,0.003754223975399303,1
2022-11-23,0.0002160166315408117,0.00021551726133296092,0.00020710204036977872,0.00020510950460269763,0.002433026878923575,0.005977836177844119,0.011655690954031213,0.0034633877885872797,0
2022-11-24,0.00021566203033372553,0.00021498871867164712,0.00020663018129211537,0.00020456966062270092,0.0033384275755318784,0.005451842798336991,0.011681210226293011,0.003372598399148906,0
2022-11-25,0.00021528292883825565,0.00021448065435805103,0.00020615918476280348,0.0002040349579810289,0.00484923766936526,0.005657178765609435,0.011726978890826443,0.00325101503534787,0
2022-11-28,0.00021313409969911148,0.00021254682278687152,0.00020394575261830527,0.0002019979694995811,0.004936735885538261,0.005595700894320091,0.011487398551697822,0.003286646963975902,1
2022-11-29,0.00017539019523634617,0.0001765238012758028,0.00016685418755204567,0.00016515831817548386,0.004857559407285636,0.005342087779014893,0.010699903340292876,0.0033177897292486157,0
2022-11-30,0.00017477562347761722,0.00017515080461248433,0.00016635244759760724,0.00016455902961233667,0.00472812592822666,0.005059554669285162,0.010672528614650857,0.0032592646591809494,0
2022-12-01,0.00017381065504485965,0.00017349208424575428,0.00016541556446457626,0.0001635968695539938,0.004193238602720576,0.005141601545567434,0.01067852423172684,0.003081833920702555,0
2022-12-02,0.00017381993968779212,0.00017326969784479102,0.00016542940212734523,0.0001636302355617888,0.0021555575162275123,0.005085134018503291,0.0106050191790599,0.0029402118423412734,0
2022-12-05,0.00017304659082427798,0.00017206585582061379,0.00016478835141775267,0.00016294838609913462,0.0025265240482234943,0.00508345479799622,0.010605742404246069,0.0027900467914656786,1
2022-12-06,0.0001724986613716341,0.00017123868550559867,0.0001643331627286072,0.00016247906683329865,0.0034444392215063724,0.005215459946861192,0.010605574201676427,0.0026288781070981085,0
2022-12-07,0.0001700393412296396,0.00016918609009001058,0.0001616081329690514,0.00015968857801562894,0.003973632190347743,0.00478333345020516,0.010337208537272824,0.0024238417716621104,1
2022-12-08,0.00016946241692192854,0.00016829311264146473,0.00016120685008446186,0.00015935007676212397,0.0035458750334503787,0.004759797016999259,0.010316671544881556,0.002244775252754334,1
2022-12-09,0.00016910527810602417,0.00016761058121773502,0.00016108403053964466,0.00015915372523180396,0.006236407036623466,0.005322856798152929,0.0104105789874609,0.0020692276339943044,0
2022-12-12,0.00016894029968765814,0.00016736921909296423,0.0001610388582157495,0.00015914538865864568,0.006032688659249512,0.004500693172749884,0.010367874022657268,0.0018492228850212353,0
2022-12-13,0.00016894888441535587,0.0001674769470138494,0.00016088775952017713,0.00015906077516043273,0.005600271143523883,0.004505813109503792,0.01023484285406679,0.0015673697725655886,0
2022-12-14,0.00016841169271045428,0.00016678961454283207,0.00016059009461076503,0.00015876272915071188,0.005762614048140728,0.004395232304404697,0.010240441993686216,0.0014758124350256147,0
2022-12-15,0.00016847809044276743,0.00016689002498125878,0.00016063840322929037,0.0001588619058567564,0.005841527358007511,0.004342378964450668,0.010153955575110033,0.0014809603540021127,0
2022-12-16,0.00016854561381505305,0.00016669260749139082,0.00016082774759474102,0.00015898116553883073,0.006276007519160055,0.005158550602803955,0.010275212825998248,0.0014984667521930324,1
2022-12-19,0.00016828305306201258,0.00016651037423002035,0.00016049987096979226,0.00015863263579727783,0.006892811742989294,0.005353944133849868,0.010155993740811968,0.0015375781591875535,1
2022-12-20,0.00016802248140992528,0.00016621680846864236,0.00016037763202172292,0.00015859491339970967,0.007137109504607019,0.005425896559733211,0.010138793738640028,0.001574298914354758,0
2022-12-21,0.0001677875840737725,0.00016614597800454763,0.0001601577759628144,0.00015834380350272204,0.006735218120927767,0.005401754608033386,0.0099776916345465,0.0016010923428740511,1
2022-12-22,0.00015155876383456262,0.00015013678986819905,0.00014393680598906818,0.00014039466071361824,0.010187807519987546,0.0064821166232731766,0.009608239040233394,0.0018429671327233497,1
2022-12-23,0.00014205566547356282,0.00014222575744798593,0.00013673613224527708,0.00013293663152891,0.008772312803653095,0.006322201816572711,0.009125941146812377,0.0019457751676476176,1
2022-12-26,0.00014473001322056828,0.00014339841268612622,0.00013635250280690815,0.0001326189450377315,0.011436424915683216,0.007434368244882013,0.009365586958101652,0.00219814326344765,1
2022-12-27,0.0001556081213915318,0.00015305084246418655,0.0001454977994864195,0.00014166052192398704,0.015198170660533163,0.009015956992176158,0.009605528467805748,0.0027924863245938052,0
2022-12-28,0.00015435602041746025,0.00015152889914667536,0.00014110191236404876,0.0001384736727746433,0.015376266984958722,0.009093819645523023,0.009622819986270983,0.0032879619446695395,0
2022-12-29,0.00014077774284448785,0.0001398208568208577,0.00013279874929247436,0.00012843890118213752,0.013305071404935153,0.00904866038126549,0.00902819526397244,0.0035375617178993075,1
2022-12-30,0.0001406321378126179,0.00013986088685504844,0.0001327734316773425,0.00012847163352361403,0.013843912907096776,0.009312470665878859,0.00888906681168432,0.0037938595266397675,0
2023-01-02,0.00011880995767953356,0.00012133149180773517,0.00011747723915276842,0.00010914139879131343,0.01171143447395719,0.009378881842650295,0.008159050025187043,0.003866765360757147,1
2023-01-03,0.00011578054231706268,0.00011680732232149607,0.00011253435571942195,0.000105576637266558,0.0061661403719823074,0.00937159334739055,0.008165131155263624,0.003826398850231134,0
2023-01-04,0.000112649706052353,0.00011252642929544838,0.0001079787449149935,0.0001020389419663271,0.006125705764284192,0.009387821117112569,0.0081846704005742,0.0037355141631142206,0
2023-01-05,0.00010962595302626365,0.00010836585563625649,0.00010352875536919982,9.8373290468167e-05,0.007793593217565974,0.009691231658953088,0.008297839434154288,0.003671306957702314,1
2023-01-06,0.00010886478916148789,0.00010733699546137054,0.00010237631135041558,9.761747858117732e-05,0.007393461919058617,0.009521803217268516,0.008268886556130386,0.0036447060045535088,1
2023-01-09,0.00010837530373529205,0.00010659186482228798,0.00010117971490187461,9.696439067717673e-05,0.008165425064157048,0.009774130811643918,0.008257975620193621,0.003620935806071084,1
2023-01-10,0.00010833315289519029,0.00010652001741977096,0.0001011443154750923,9.700824489818008e-05,0.008881059051242299,0.009985204310204245,0.008181443981920578,0.0035987107235209716,0
2023-01-11,0.00010793613247065293,0.00010598898369810819,0.00010095908677155066,9.629398987646566e-05,0.010472689444460212,0.010356088122933996,0.008052405390126693,0.003598162283210284,1
2023-01-12,0.00010803716924616116,0.00010650966401831735,0.0001022349720267282,9.694805061163485e-05,0.009576291989554288,0.010407471002419726,0.007827646654480542,0.0035508510579787033,0
2023-01-13,0.00010772042495707454,0.00010625785144355487,0.00010250014559816967,9.74489296855242e-05,0.008992216033060512,0.010051500196963352,0.007735734388501775,0.0033859836602374454,1
2023-01-16,0.00010506785991695428,0.00010336978894991322,9.999306565657164e-05,9.55255685361143e-05,0.00840307613703938,0.010065229348269934,0.007784080532922796,0.003217414043534368,0
2023-01-17,0.00010393150079232191,0.00010232922278103922,9.944677242609915e-05,9.515683189708363e-05,0.0076143989146032435,0.010072958344201133,0.007759385839713493,0.003087444289189589,1
2023-01-18,0.00010325309950827136,0.00010190337570007663,9.974640470078949e-05,9.447309747204765e-05,0.00473559319071094,0.01007542709481008,0.007448214760540161,0.0030522982316896316,0
2023-01-19,0.00010337999987714321,0.00010215356495102897,0.00010035787857852204,9.491741078418901e-05,0.004755577932164642,0.009381976205328577,0.0072975316222415225,0.0029923543768818183,0
2023-01-20,0.00010167430365315528,0.00010046270077530409,9.940029934299256e-05,9.430019557984866e-05,0.004682357854897165,0.009342130752595983,0.007285815314571576,0.003046111368054177,1
2023-01-23,0.00010004356528409065,9.893331192912482e-05,9.833819455774666e-05,9.361913668945678e-05,0.004009513284647843,0.008522319949121912,0.0072849533746942195,0.003123176205306492,0
2023-01-24,9.918914699798428e-05,9.816113225397013e-05,9.780045177070957e-05,9.329631282303474e-05,0.004721867209167456,0.007020854608421342,0.007282805818182569,0.003154241732119691,0
2023-01-25,9.874749468816158e-05,9.79546623340197e-05,9.771030884653682e-05,9.348375159292905e-05,0.00475677638589497,0.006932789117015041,0.00721942320267088,0.0031880281307506996,1
2023-01-27,0.00012446831573866736,0.00012286896113659242,0.00012143655680654008,0.00011901929806918532,0.012229569502237131,0.009008653550739864,0.007947120232011155,0.0032290204144263444,1
2023-01-30,0.00017087129962377236,0.00016675118560809235,0.0001636880030756719,0.00016107862330845378,0.018696859530756473,0.011258555188477303,0.008931886005038034,0.0036912838732808453,1
2023-01-31,0.0001712782127946783,0.0001684097010545837,0.00016621989591845133,0.00016473636088639378,0.01860835121715227,0.011176233565516433,0.00892026034770739,0.004065873291529377,0
2023-02-01,0.00017100867852631865,0.00016891330224922397,0.00016719706357968655,0.0001666337172242767,0.01855070812952035,0.0112169189480671,0.00896004194584071,0.004374038729629233,0
2023-02-02,0.0001717282937497617,0.00017028549186853326,0.0001690213048043226,0.00016924235754269681,0.01859398964535745,0.011185553624933862,0.00887182946407762,0.004622843726718645,1
2023-02-03,0.00017175573811383004,0.00017090380999042808,0.00017012901432159034,0.00017104368859559264,0.014704510955601552,0.010955659523638315,0.008880730343622582,0.004697893146975306,0
2023-02-06,0.00017536182700591987,0.00017379172706824027,0.00017251763116791203,0.00017276794622703685,0.009801355663420783,0.011709222363379405,0.009239470211310679,0.004690287737688723,0
2023-02-07,0.00017597654021924832,0.00017489981249729642,0.0001735640465168256,0.00017425003843480146,0.009882813321269628,0.011517688781919366,0.009100311845124057,0.004685997544607708,1
2023-02-08,0.00017616375915299713,0.0001755729681072124,0.00017432325872164138,0.00017547201018809289,0.009514370466055569,0.01134600280102782,0.009105647267039446,0.0045933714655805305,0
2023-02-09,0.00017673423760940733,0.00017651352716831895,0.00017527582621331228,0.0001768405745997883,0.009398195954991742,0.010944351312359712,0.009061741073840923,0.004483542405429144,0
2023-02-10,0.00017703718125007775,0.00017711433982668033,0.00017589912285782158,0.00017788430927782867,0.009240820733274004,0.010883396780725823,0.009048389050429994,0.00443731985003548,0
2023-02-13,0.00017721700547106248,0.00017752993009768038,0.00017632632692082844,0.00017870980474635103,0.0019197696565625417,0.01085413653600881,0.00904535940825579,0.004587982116438514,0
2023-02-14,0.00017701687186642964,0.00017746077016433164,0.0001762661336431442,0.00017890108425721034,0.003289590570251393,0.0108494047885542,0.009086311020569395,0.004694091405974561,1
2023-02-15,0.0001767567059470861,0.00017727618819503874,0.00017614100968275904,0.00017887501307745071,0.00498405012345478,0.010974843997138673,0.009153360840741625,0.0047240506247362545,0
2023-02-16,0.000176933612940695,0.00017760303100400782,0.00017649043601497717,0.00017944463056364008,0.00503732859401666,0.010977979539623732,0.0091507598730131,0.004751118093845231,0
2023-02-17,0.00017723204336394708,0.00017799703263830552,0.00017687828872056286,0.00018003800587021972,0.005146535876335406,0.010927769809118977,0.00911876209500972,0.004798261123165065,1
2023-02-20,0.00017739608571098976,0.00017812139133249698,0.00017700028827236227,0.0001800834709145106,0.007458970515413784,0.011235667379352466,0.009192131857690756,0.004797570514039296,1
2023-02-21,0.00017721088395297358,0.00017792915898325504,0.00017687169487490053,0.00017994677237081032,0.008292945608232892,0.011440444562438918,0.00928768970738417,0.004796959043145647,1
2023-02-22,0.00017739375520558812,0.00017823114100488856,0.00017752776300286694,0.00018059593400367705,0.007298845948302002,0.011322167695301956,0.009287471152721473,0.004805845965298084,1
2023-02-23,0.00017902052549381,0.00017967181530503573,0.00017865067399543705,0.00018159606938199094,0.01043791282801629,0.011920436671001696,0.00953690954683722,0.004805444154325468,1
2023-02-24,0.00017938088031616107,0.00018020640700067925,0.00017972385981936405,0.0001826026266164979,0.010383146682252868,0.010439252569263507,0.00952211614606782,0.004811934577242509,0
2023-02-27,0.00017958205268196688,0.00018052824329949132,0.0001804577307359778,0.00018333029266071076,0.008928672402048435,0.007666640730920591,0.009526359131935875,0.004811893547972317,1
2023-02-28,0.00017951485797251628,0.000180449390251536,0.00018046849695882932,0.00018331556681755378,0.008791577571560676,0.007977408544145604,0.00960053242290202,0.004811118317801625,0
2023-03-01,0.00017983697545693574,0.00018087930588058987,0.00018115616154173745,0.00018401129772591904,0.008796298239928448,0.007842385094811286,0.009576865119158772,0.004805213922176191,1
2023-03-02,0.00017984033868314526,0.0001808451517518096,0.00018113337595335099,0.00018396575062853762,0.006586381799051176,0.008155231694756756,0.009656700596275812,0.004761297442292213,0
2023-03-03,0.00017977063533634665,0.00018079115832176572,0.0001811609438418069,0.00018398188955267428,0.007412459300015863,0.008286040780289532,0.009705752907047838,0.0047043161950970185,1
2023-03-06,0.00018544233150565937,0.00018605873118394443,0.00018570022560490532,0.0001885899790308881,0.011957350191704616,0.008396742986929965,0.009971223890977593,0.00465751492943875,0
2023-03-08,0.0001857674480050368,0.00018658630990605493,0.00018619049819340534,0.00018901314499961927,0.01115633273932584,0.008386744740486597,0.00997544109872437,0.004558544307613844,0
2023-03-09,0.00018588955459257521,0.000186814061191269,0.00018640341169099222,0.00018918834735605453,0.011413329978408406,0.00845211322291589,0.00999790482401925,0.0044770029799873975,0
2023-03-10,0.00018593215900612246,0.00018691153943661633,0.0001864773441848744,0.00018925392102549305,0.010943500589811472,0.00862359168113034,0.010023201756278358,0.004379269005017933,1
2023-03-13,0.0001889690043891793,0.00018948626487197764,0.00018911459726876008,0.00019189972411892347,0.013394900191868333,0.009600318622005367,0.010310672396388507,0.004404986338109301,1
2023-03-14,0.00019606002892112696,0.00019574570832071102,0.00019462581450852064,0.00019766233582102957,0.014006247808880459,0.010891632491318056,0.01060617107282062,0.004163010186931454,1
2023-03-15,0.00019664986543239195,0.00019677565247388994,0.0001962869087369546,0.00019915956383284431,0.014072634377677173,0.010823210955814047,0.010585529769347563,0.003909120784953946,1
2023-03-16,0.00019669178155191198,0.0001969249580214953,0.00019680244561802343,0.0001995386562002273,0.014453095424024866,0.01083748221953348,0.010635831129163444,0.003652872218188168,1
2023-03-17,0.00019720941729557283,0.00019769706006912195,0.0001984481242129505,0.0002007758002016608,0.014063685378198075,0.010838333600977206,0.01063797820956128,0.0033481712203699463,0
2023-03-20,0.00019448571953842496,0.00019531146362447983,0.0001960677184434991,0.00019860489882728692,0.012430741029685355,0.011143394473821561,0.010513687442530027,0.003248813291837864,0
2023-03-21,0.0001947228415780896,0.0001956337741724444,0.00019674727980884777,0.00019905683872360047,0.0074719486992240285,0.010893856175819517,0.01052285973230797,0.003265442760845793,1
2023-03-22,0.0001921450411373152,0.00019348113442027421,0.00019468226934102274,0.00019721800968894952,0.009432032100712619,0.011053934415672739,0.010419583727568547,0.003263572476751017,0
2023-03-23,0.00018373662020577684,0.00018665217263104972,0.0001890680343997161,0.00019174405606429273,0.008573000415557806,0.011068279760004796,0.009999844958779147,0.0032655387739974912,0
2023-03-24,0.00018352894598342752,0.00018610328584831457,0.0001887775832693979,0.00019133676700946244,0.00954292376004476,0.010630090200335153,0.010052515324296131,0.003265909211467586,1
2023-03-27,0.00018340187582336864,0.00018568782724088799,0.00018892305738915134,0.00019117262135876767,0.008330055145713602,0.010703749872150397,0.010078096618040735,0.003270041095243337,1
2023-03-28,0.00018388726802900194,0.00018628194160164559,0.00019007178728432526,0.00019197582463660335,0.007899388587029503,0.010693263752282961,0.009997972039450275,0.0029803805128529883,0
2023-03-29,0.0001841054625870914,0.00018638210911064518,0.0001906669740153174,0.00019231660243368472,0.005352069986204741,0.010489407528602866,0.00997622029448518,0.0028557633989531417,0
2023-03-31,0.0001839532429371528,0.00018603968746401544,0.00019051226525077961,0.00019207900118062545,0.0064895981825251236,0.010662636742708065,0.010016887357021526,0.0027866357723850947,0
2023-04-03,0.0001857785687352419,0.00018749493542332077,0.00019160011711447122,0.0001932883413752337,0.009159171983768864,0.011096229955422131,0.010242895637384376,0.002656657402887221,0
2023-04-05,0.00018599873263534228,0.00018790582180145112,0.00019201027722138517,0.00019362324283472975,0.009090788483582014,0.011022464874984567,0.010168245986579602,0.0025198780157536706,0
2023-04-06,0.0001862694331291677,0.00018822555003271033,0.00019231165115157393,0.00019387077002627575,0.009306741894209575,0.010012751617087234,0.010130257911970206,0.0024833213060624117,0
2023-04-10,0.000186651126904462,0.00018872673217617557,0.0001927726608044987,0.00019430157894529982,0.009188677590396467,0.01000098391252259,0.010050113124367746,0.0024693134965385727,0
2023-04-11,0.00018683308701999163,0.00018895196183944758,0.0001928907656700397,0.00019447270186437923,0.008641663799148692,0.009989764026858607,0.009999423030125939,0.002432836055059888,1
2023-04-12,0.00018670108130922547,0.00018894567382403895,0.0001929730678820223,0.00019450872069833104,0.006925450186043084,0.01025557082778172,0.009988691808487863,0.0024910515249284924,0
2023-04-13,0.00018674771746357682,0.00018889769858993147,0.00019253801959346316,0.00019427048236653603,0.006869079150384057,0.009403986188117263,0.009984144085449296,0.002545034548798141,0
2023-04-17,0.00018698544879320507,0.00018885536747552351,0.00019224807826726567,0.00019418722860779138,0.008986507400015489,0.008449898185018213,0.010129835760521665,0.002544460333740515,0
2023-04-18,0.00018724331225928876,0.00018915144997875522,0.0001921873504170474,0.00019424314162577125,0.00908005115558505,0.00843337132371157,0.01009906318334456,0.0025414864671585097,0
2023-04-19,0.00018745047812732555,0.00018934900394705444,0.00019202626550894118,0.00019421765601036024,0.008795825438688459,0.008180099618299028,0.010079885108232982,0.002541492271395375,0
2023-04-20,0.00018747127417124054,0.00018931391640102555,0.00019157027023233034,0.0001939777498192522,0.006727829137742518,0.00818815257711263,0.01008350720474685,0.0025356396099194354,1
2023-04-21,0.0001876097172133006,0.00018943953246252916,0.00019143567057942182,0.0001939550574702669,0.006518963864563287,0.007773567267117135,0.010066772760865058,0.00256853687298725,0
2023-04-24,0.0001876208155491897,0.0001894066136029135,0.00019116096801413,0.00019379290051353871,0.002713463203308463,0.007699610096306335,0.010069761987819913,0.0028268671578958967,1
2023-04-25,0.00018780383385645538,0.0001894672680745555,0.00019112379846222854,0.00019381946338345004,0.0059430713303305314,0.007596773572098321,0.010178149906506648,0.0028729814218994855,0
2023-04-26,0.00018804203567562126,0.0001897696018706781,0.0001912518519379978,0.000193988736740438,0.005959881152613851,0.007577598008097804,0.010134401638949037,0.002900107679270283,0
2023-04-27,0.0001880462664526085,0.000189749788205209,0.00019103996878937714,0.000193853878826431,0.006053102271301286,0.007310198761338687,0.010141246373513484,0.002925136409198092,0
2023-04-28,0.0001711998681897269,0.000173902078135954,0.0001760590952418369,0.00017879007585268873,0.006190018940551724,0.007256719437516847,0.009595280654663333,0.0028333733940291523,0
2023-05-02,0.00012394977127621825,0.00013168696559369162,0.00013688655035743653,0.0001415784842097339,0.006448300817085345,0.007353846373145508,0.008702534616472848,0.0026681081740082702,0
2023-05-03,0.00012267246576366138,0.0001291111949105043,0.000133175077608946,0.000136976336945961,0.0036353927969765606,0.007338516581605602,0.008708626814827891,0.002576009792530736,0
2023-05-04,0.0001222658104683544,0.0001279622061448902,0.00013129514780039854,0.00013427906297810467,0.003630506278982818,0.007084237036555374,0.008667587912684996,0.002393823553954365,1
2023-05-05,0.00012127123173314798,0.00012613509094449966,0.0001289810958386918,0.00013098035099649185,0.00503576017042736,0.0062294556902452725,0.008726210353784774,0.0021101831799554137,0
2023-05-08,0.0001370359179276204,0.0001401109105341298,0.00014331848874541577,0.00014377261277424402,0.011608736136080409,0.008104940274351982,0.009234775950787012,0.0020462701592952213,1
2023-05-09,0.00013284353069783475,0.00013668054419914777,0.00014084637369549908,0.0001418036988550382,0.013074049865535559,0.008669365044805416,0.009053882740094341,0.002300444551414412,0
2023-05-10,0.0001323161349264524,0.00013587073073348524,0.00013979371806650573,0.00014050239306276298,0.01304715451003142,0.008677726479648635,0.0090491270926392,0.0024915245226646847,1
2023-05-11,0.00013177271587629157,0.00013510830290229425,0.00013878026049985278,0.00013928692869536393,0.0131129755912954,0.008631590716675627,0.009050560968719172,0.002681577753570759,0
2023-05-12,0.00013117663954412295,0.00013434167956932758,0.00013782926878390476,0.00013809644605299149,0.012628262374680874,0.008166021416689605,0.009059561657246286,0.0028077734419623824,0
2023-05-15,0.00013037718607286387,0.00013332627311901467,0.00013680100993433388,0.00013667576473595547,0.007585167186554875,0.008263031227657905,0.009108215319874196,0.0028069627296231085,0
2023-05-16,0.00012971660937628293,0.00013255533363241233,0.00013600270896737342,0.0001355090246027989,0.004854293519639216,0.0078012564924609135,0.009144908246747163,0.002859919269287775,0
2023-05-17,0.0001297460464349979,0.00013264834151474473,0.00013596095531497133,0.00013534755002504636,0.005070216257935923,0.007817792388784968,0.009117410544516794,0.002868535608717265,1
2023-05-18,0.00012987976162922438,0.00013286857208418532,0.0001360441456139469,0.00013543602747263304,0.0053104404599275765,0.007887516496517775,0.009066016528899564,0.002894303121646616,1
2023-05-19,0.0001296134268661295,0.0001326138381166885,0.00013572065032376124,0.00013494683668713295,0.005127592650670544,0.007870262775090273,0.009063780558190923,0.0029180208016901642,0
2023-05-22,0.00012924392269764268,0.00013223157392217242,0.00013531573483694948,0.00013435022678338793,0.0045335237031559955,0.007924119628965009,0.00908102894958753,0.002954621374454791,0
2023-05-23,0.00012923926450694826,0.00013239907482651814,0.00013539084739703052,0.0001346619701083807,0.003639948140592137,0.00789501031277264,0.008949698055490845,0.003010461270707165,1
2023-05-24,0.0001294172222570347,0.00013269788215217453,0.0001356184393540293,0.0001349971201524181,0.0032888513066937756,0.007415658389797924,0.008848586028775184,0.003070288805763941,0
2023-05-25,0.00012890207811390642,0.00013207614032795538,0.00013459324294145067,0.0001339853084218908,0.0037954789014593964,0.007545481142205277,0.0088855893461536,0.003110046610363805,1
2023-05-26,0.00012657569184411731,0.00013016132890697355,0.00013320429360153,0.0001327862861635701,0.0037558527318879292,0.007503841136922539,0.008616756067989664,0.003161613855799226,0
2023-05-29,0.0001259517786091186,0.00012930926285296477,0.00013169400368718027,0.00013131439596550726,0.0045816614400123745,0.007645946224031094,0.008673536994428702,0.0031865596425826983,0
2023-05-30,0.0001254609018134094,0.00012868017605375924,0.00013057089079534162,0.00013015379007350666,0.005395535896959878,0.00769506295528023,0.008710892415848106,0.0031647325682121427,0
2023-05-31,0.00012557696732915237,0.00012889957365498563,0.00013065117560001534,0.00013030959205303065,0.0054942131616070025,0.007696399399940012,0.008623921374931629,0.0031342865079537555,0
2023-06-01,0.0001250814324949258,0.0001282685553914094,0.00012968080888548186,0.00012930394176462962,0.005648418842586282,0.007849541423692404,0.008669746963999083,0.003105667789280492,1
2023-06-02,0.00012502745250665253,0.00012824659687225525,0.00012968073994834432,0.00012930836213366145,0.006612403392933102,0.00780377353223257,0.008618416690682619,0.00310525113559453,1
2023-06-05,0.00012507848876677348,0.00012834126449328713,0.00012973010708885741,0.00012936249095749753,0.0058485005903692495,0.005772438373891743,0.008573327505534424,0.0031063543377087503,0
2023-06-06,0.00011603683465297867,0.00012028891015280868,0.00012279512193184259,0.00012234509002564638,0.005302584824045787,0.004848778234581233,0.008142967018512063,0.0030378890370473264,0
2023-06-07,0.00011547384652471014,0.0001194611365860674,0.0001221563810789527,0.00012180068042028085,0.005191387063473862,0.0048389181055210695,0.008139159344511987,0.0030449396682144803,0
2023-06-08,0.0001152315129622275,0.00011908359315103524,0.00012190224601574883,0.00012160433896417006,0.004303105600450568,0.00482254577997379,0.008114938722554886,0.003067798345515798,0
2023-06-09,0.00011514657874960142,0.00011890140874240008,0.00012179376984559772,0.00012150674367384618,0.0038404077056891452,0.004971701069845972,0.00809482242566997,0.003101024115104118,1
2023-06-12,0.00011010496368296924,0.00011480849073087769,0.00011783361619600665,0.0001174521456557449,0.0035336365783831167,0.0046967011119936645,0.007719491404467708,0.0031405581322248837,1
2023-06-13,9.584679662789367e-05,0.00010311106854246925,0.00010755144830751408,0.00010686197422043512,0.003150411866053716,0.004483400796927359,0.007126506037421763,0.0031876462167502407,1
2023-06-14,9.468677207350986e-05,0.00010123047868694771,0.00010461754025283317,0.00010420023962079075,0.0033791652544535897,0.004454553250395238,0.007119987696111832,0.0031946870588568013,0
2023-06-15,9.460993734377194e-05,0.00010094371835010892,0.00010366570786759086,0.0001035032624748377,0.0033218134251149856,0.004354924159862327,0.0070259592627694755,0.0032032211584034362,1
2023-06-16,9.468482903725898e-05,0.00010004568779437314,0.00010116257273622871,0.00010147402303685515,0.005830844461778423,0.005161825908965544,0.007202576517920879,0.0031979472562167818,1
2023-06-19,9.53229341390199e-05,0.00010041823774025874,0.00010126938075198366,0.00010158367765575725,0.0077214138340450265,0.005641440413828608,0.007189016388290362,0.0030403295839606026,0
2023-06-20,9.473376772199481e-05,9.951972523651194e-05,9.963390693618564e-05,0.00010024298823134081,0.008311354577214623,0.005835943010035779,0.007203550381358585,0.002766592513730217,1
2023-06-21,9.444213810129692e-05,9.964231395799386e-05,9.999217837105843e-05,0.0001006072049032439,0.008308083380991468,0.005864722610456364,0.007002331263170143,0.0024546935783302053,0
2023-06-22,9.349818353976468e-05,9.849600152509932e-05,9.816763055585633e-05,9.927034781555662e-05,0.00830959402314834,0.005711942543713337,0.0069995372433322494,0.002076311661548242,0
2023-06-23,9.355598970631057e-05,9.863234459614621e-05,9.811993304616676e-05,9.93938239172042e-05,0.006317818172275741,0.005752959750688759,0.006900318437857138,0.0015865009276573806,1
2023-06-26,9.311489718681764e-05,9.812759402525726e-05,9.691439225611371e-05,9.86748197385462e-05,0.003921633410323549,0.005515681889512493,0.006868847971382739,0.0015405267267384636,1
2023-06-27,9.226776553711866e-05,9.721914548023365e-05,9.497446520861167e-05,9.744961278898554e-05,0.002397452967890555,0.005311988713829465,0.0068680485938244756,0.0016186448649891027,0
2023-06-28,9.2249740646888e-05,9.675503359419718e-05,9.371688293889158e-05,9.651798371899451e-05,0.005279972388330636,0.005815316314413832,0.0069977685295286585,0.0016192263562110577,0
2023-06-30,9.224632698451445e-05,9.683763776764177e-05,9.351546216048194e-05,9.648871828955465e-05,0.005597762271041267,0.005699461762143397,0.006935069798507211,0.0016216773628925615,0
2023-07-03,8.844883556262136e-05,9.342113690653321e-05,9.084777068270524e-05,9.352312587152515e-05,0.006870277255206751,0.005828014552673952,0.006675096832388331,0.0016551227850646773,0
2023-07-04,8.801898214459915e-05,9.260255972224409e-05,9.001346473227398e-05,9.284456352133614e-05,0.007925236235508948,0.006129751158453722,0.00674746744825433,0.001728183034898915,0
2023-07-05,8.753526399891596e-05,9.21394779277893e-05,8.93564529676833e-05,9.240098542108033e-05,0.008048830634906091,0.006114228593138479,0.006734298576129881,0.0017752016139124952,0
2023-07-06,8.678285776756535e-05,9.139746886681402e-05,8.845385133566719e-05,9.169390692383344e-05,0.00655724573109857,0.006150581014870819,0.006746547564199634,0.0017426807271607742,1
2023-07-07,8.64392838561471e-05,9.109985140895369e-05,8.80810906848623e-05,9.13987392247125e-05,0.006488593578621441,0.0061951712311371435,0.006736503857918516,0.0017218847659101707,0
2023-07-10,8.599272268585921e-05,9.06577308496828e-05,8.775792565186749e-05,9.097517404204936e-05,0.006423073713989819,0.006371227493469132,0.006633105282828896,0.0016933477901748882,1
2023-07-11,8.568016988714796e-05,9.042790860953454e-05,8.754768331820391e-05,9.089762539103569e-05,0.00499656639832014,0.006379155221559391,0.006608840234751245,0.001685883145129915,1
2023-07-12,8.476229831139083e-05,8.996322055683211e-05,8.689040778775452e-05,9.028553085597602e-05,0.004928778521718762,0.0064012289434723525,0.0063753749576998895,0.0016907226381474836,1
2023-07-13,8.418200616875561e-05,8.934183367990035e-05,8.653789841814255e-05,9.002896614395356e-05,0.004818689647145224,0.006385914174582907,0.006370264838552368,0.001697519316938522,1
2023-07-14,8.354337072501054e-05,8.870350537447132e-05,8.618683493851617e-05,8.973500932199314e-05,0.004452974900016933,0.006370147709459803,0.006370689726168551,0.0017112781436235537,0
2023-07-17,8.302164107494387e-05,8.817735427661456e-05,8.589447907945661e-05,8.946105688237686e-05,0.002303027297595006,0.005780902755845395,0.006377155048451739,0.001801807269753635,0
2023-07-18,8.516917660409917e-05,8.94583478996232e-05,8.750385979639754e-05,9.076231993292622e-05,0.006627149021285534,0.006063690252575936,0.006617800775587805,0.0018132280697343809,0
2023-07-19,8.497423161334042e-05,8.945239437216327e-05,8.745669835251293e-05,9.075536068911316e-05,0.006536790011492046,0.005864169521192842,0.006602471830773151,0.00182299293003181,1
2023-07-20,8.435879326178446e-05,8.907618611360169e-05,8.686872973455965e-05,9.026186675316204e-05,0.006932144179907193,0.005961333174007096,0.006453021356008258,0.0018396977564108868,0
2023-07-21,8.458967116820134e-05,8.875511979313133e-05,8.70390919241546e-05,9.025147753725742e-05,0.00856684382802723,0.006454777062486541,0.006613741256315274,0.0019012275602579046,0
2023-07-24,8.440630654886738e-05,8.873936181858328e-05,8.696007885314405e-05,9.021325208691695e-05,0.008496252104645137,0.00644101738970469,0.0066053231744226315,0.0019320096472782281,1
2023-07-25,8.424493052829853e-05,8.870852360666407e-05,8.690743337272677e-05,9.017668339081926e-05,0.005945659312571251,0.006462294754437796,0.006599103319398924,0.0018805687602701888,1
2023-07-26,8.426361419710805e-05,8.889895881719812e-05,8.704250729601325e-05,9.033363303676915e-05,0.005981885342412038,0.006472810599145961,0.006565782386331782,0.0018042631551560672,1
2023-07-27,8.399634511748908e-05,8.866573549298606e-05,8.689907434200984e-05,9.015849066535989e-05,0.005815113289794823,0.00608455846791048,0.00658468726945342,0.0017331840222931563,0
2023-07-28,8.377441702156392e-05,8.82510505181777e-05,8.671889254353529e-05,8.985534428926733e-05,0.0047286791923538,0.006278575717603401,0.0066713236563188056,0.0016724257508549062,1
2023-07-31,8.377041062080936e-05,8.841570359023904e-05,8.677190677635982e-05,8.99857693816764e-05,0.005048075275797817,0.006004772570310696,0.00660610648288659,0.0016841474094877954,1
2023-08-01,5.2381789621225914e-05,6.130266050271164e-05,5.5940510296054954e-05,6.231639379062392e-05,0.0051499298528798546,0.005717460583027575,0.005876060175645376,0.001667038603040832,0
2023-08-02,5.009489892186591e-05,6.056107748719823e-05,5.451759158232287e-05,6.192172106108265e-05,0.005125725191561177,0.005680635799795372,0.005572673348499133,0.001620112184264666,1
2023-08-03,5.1938986937785237e-05,6.035467431803812e-05,5.5366010108591554e-05,6.1690712684999e-05,0.007518105611754305,0.006356332421474778,0.005820874421846497,0.0015867641717254614,1
2023-08-04,5.179957717038528e-05,5.9044920905659536e-05,5.456677211283706e-05,6.0248027423617024e-05,0.008111569461198745,0.0067338281211737384,0.005971642307566726,0.0015769354478021393,1
2023-08-07,5.1007234686743775e-05,5.771753557312124e-05,5.380973776200547e-05,5.8923440583092265e-05,0.008655443931359795,0.006668770655041846,0.0060493209908493535,0.0016526747515623167,0
2023-08-08,5.126300818716379e-05,5.826369035972708e-05,5.487036399223574e-05,5.960844029819034e-05,0.008477335778581773,0.00666440110219772,0.005976812548706464,0.001663592719250534,1
2023-08-09,5.1261977128305544e-05,5.839900388486903e-05,5.54999260789366e-05,5.990245177282518e-05,0.008551840407950873,0.006669325472013125,0.005931737152647054,0.0015598203443289219,0
2023-08-10,5.091539106074479e-05,5.811039377629646e-05,5.578532001723424e-05,5.980294247564466e-05,0.006253482680321614,0.006661421078244933,0.005916008656953085,0.0015465321051892254,1
2023-08-11,5.0550078934289615e-05,5.7464118580944045e-05,5.542517008657367e-05,5.916689566172688e-05,0.005232027940433223,0.006872461268922038,0.005965871553297195,0.0015544770493364946,1
2023-08-14,4.984867054060802e-05,5.644865997731782e-05,5.4660600594193595e-05,5.811927409534695e-05,0.0050882821144708195,0.007044087739749642,0.006046554265924246,0.0015692932934617224,1
2023-08-16,4.9804492457027745e-05,5.659221526131976e-05,5.543950981025291e-05,5.8465848527664565e-05,0.0051880369195021194,0.006337459884127237,0.006021007313423148,0.0015525995964847294,1
2023-08-17,4.937512730940194e-05,5.6252337946803215e-05,5.5741337836513566e-05,5.8302672583220345e-05,0.005241538155622863,0.006376984153757177,0.006030827524393389,0.0015238375141454269,1
2023-08-18,4.9072585015082534e-05,5.609389439740778e-05,5.62526884631623e-05,5.8330069208983636e-05,0.0052050720840056755,0.006255722891789117,0.006029553145631109,0.0015310924205138247,1
2023-08-21,4.924868046988221e-05,5.649054107256165e-05,5.71382319511182e-05,5.893746196250134e-05,0.003971275229633579,0.005729378442445285,0.005975399899751243,0.001577138718303569,1
2023-08-22,4.883032608243279e-05,5.611155429120466e-05,5.710177260951269e-05,5.861978056491737e-05,0.0024903641558346955,0.005755265027436708,0.005991836848122596,0.0017004462613985929,0
2023-08-23,4.9007397035347565e-05,5.6555922091298414e-05,5.781232923800781e-05,5.925915746237873e-05,0.0022381663317251233,0.005707716596831667,0.005909371905408054,0.0018202878505728377,1
2023-08-24,5.0339602369485564e-05,5.7168904254931254e-05,5.8243052519481587e-05,5.9580521317011094e-05,0.005193643863052677,0.006201908817363031,0.006016038955080916,0.001816608589576218,0
2023-08-25,5.0246326588162106e-05,5.722091415325e-05,5.849091319214639e-05,5.966707458633374e-05,0.005166184548956102,0.006111673171402042,0.006005339417000627,0.0018112477551636503,0
2023-08-28,5.024657459115302e-05,5.7263550013055476e-05,5.8562434764523075e-05,5.973107574826433e-05,0.005800295080397372,0.005970471620033655,0.0059875122487123445,0.0017930581231293831,1
2023-08-29,5.0228688858879126e-05,5.733898581797405e-05,5.868238215906971e-05,5.984475154034366e-05,0.006190430037502697,0.006027658380400275,0.005954150171607049,0.001663311470647421,0
2023-08-30,5.01865673006858e-05,5.740663492114622e-05,5.873268051332225e-05,5.9854446610238456e-05,0.006189794051746052,0.005960366765402075,0.005938270701170736,0.001659394311935505,0
2023-08-31,5.0004467296136015e-05,5.711275529893939e-05,5.8420732591603855e-05,5.9486556562537674e-05,0.00460459885609573,0.006098851609149351,0.005967953455177427,0.0016740558739221857,1
2023-09-01,4.9695921629692205e-05,5.6699238665129455e-05,5.806184301075023e-05,5.9017059478028033e-05,0.005221568498730366,0.005480717594749424,0.0060075195665148596,0.0016669902231763768,1
2023-09-04,5.028858577164692e-05,5.661034880834945e-05,5.7877946900902145e-05,5.8699608746089054e-05,0.006370359078118623,0.005416872739940118,0.006139139408454736,0.00158992324586643,0
2023-09-05,5.040414623186149e-05,5.698821677009868e-05,5.8299107703289774e-05,5.905173455366671e-05,0.005965171265771954,0.005147747584728609,0.00609820593888518,0.0015054539038551553,0
2023-09-06,5.03267741854682e-05,5.703660004335836e-05,5.8314600408910975e-05,5.8967819416212515e-05,0.005983128531910025,0.005148701123559503,0.006099644433666209,0.0015056882834754716,1
2023-09-07,5.0208365892832516e-05,5.699077123132968e-05,5.826533286778834e-05,5.88079315692845e-05,0.005506263294712833,0.005147060445276871,0.0061086786750689116,0.0015050335296810952,1
2023-09-08,5.112219765823122e-05,5.717153182808797e-05,5.8406209156541305e-05,5.878464784638357e-05,0.0068061283496951685,0.005642924749033641,0.0062449187438023334,0.0015190020912226323,0
2023-09-11,5.097838717080473e-05,5.695356291524302e-05,5.8178958635003794e-05,5.8416306335660287e-05,0.005789099425978179,0.005556743581388573,0.006289857045605848,0.0015076972551881257,0
2023-09-12,4.883131106639549e-05,5.533367335676061e-05,5.662849499647929e-05,5.7154178016982206e-05,0.006939330457775678,0.005662616734118743,0.006194170297824499,0.0015170868618177417,0
2023-09-13,4.7723162727636396e-05,5.531158516079448e-05,5.650344760727034e-05,5.724663810258151e-05,0.006948335187169734,0.005643583255213739,0.006021676655235796,0.0015257154174383324,1
2023-09-14,4.798516427918337e-05,5.5263760444567805e-05,5.653330179650621e-05,5.7185787795863546e-05,0.007868808916637141,0.005924807094729601,0.006059641083439277,0.0015615095328476716,0
2023-09-15,4.797700669614374e-05,5.530889551918102e-05,5.623231745608245e-05,5.688782635163937e-05,0.006372811369946138,0.005934862008721119,0.00605238655884143,0.0015358635112754872,0
2023-09-18,4.7743823982818026e-05,5.494831420087872e-05,5.568013054682964e-05,5.628336223273485e-05,0.006163274978143418,0.0060358207483307506,0.006080599103409113,0.0014802114309303406,0
2023-09-20,4.7580164181355504e-05,5.466855857475699e-05,5.5265910458477226e-05,5.578919165315051e-05,0.005221293671746571,0.006109846706097482,0.0061084642729719585,0.0013860237446182788,1
2023-09-21,5.043393794733633e-05,5.595796133969357e-05,5.683240492587156e-05,5.705780991715829e-05,0.007802602549180157,0.006768887387269054,0.006328694407340585,0.0013449605313300575,1
2023-09-22,5.9118447272960665e-05,6.180360190389625e-05,6.261986425574997e-05,6.247646138550947e-05,0.010142099679566993,0.007353597857054073,0.006694185324458131,0.0014845630342082655,1
2023-09-25,5.857351138811654e-05,6.248525838368594e-05,6.358974389322818e-05,6.37121701053718e-05,0.010103711896094037,0.00735333053003271,0.006543339376479661,0.0016810642330217654,1
2023-09-26,5.879197072629486e-05,6.304770671432306e-05,6.434956359707452e-05,6.458011694614985e-05,0.009972895360632048,0.0072722030238153105,0.00653074730861369,0.0018321389347737964,0
2023-09-27,5.869089300181736e-05,6.367829941675908e-05,6.50051027298645e-05,6.55028440916007e-05,0.009773253265697938,0.007185331628294911,0.006429591738737916,0.001942935532135611,1
2023-09-28,5.8786953144417894e-05,6.445151955127641e-05,6.585647798281042e-05,6.655996530855181e-05,0.007854149616788363,0.007187584115090174,0.006321305057978671,0.0019553094222271145,1
2023-09-29,5.862528622465926e-05,6.410645014614268e-05,6.580903925291722e-05,6.650091450719152e-05,0.003591157812825815,0.007211027832149568,0.006363032202662923,0.0020086968628800048,1
2023-10-03,5.849187047797166e-05,6.382776250966097e-05,6.58843149657922e-05,6.650169372943524e-05,0.00458547948994902,0.007246511645292761,0.006401904878785452,0.0020229265792698244,0
2023-10-04,5.85356087320909e-05,6.39342571749248e-05,6.626931167231557e-05,6.686971232099831e-05,0.004703898199154574,0.006947750189129491,0.006402035721465619,0.0019990309244200502,1
2023-10-05,5.8629923546243764e-05,6.396755751884367e-05,6.613493326469771e-05,6.680336186702311e-05,0.006284798490077557,0.007253126675186202,0.00641819428946398,0.001868609036186489,1
2023-10-06,5.844207848696265e-05,6.365234159115587e-05,6.623601137091562e-05,6.67301751348122e-05,0.006764904066687347,0.007358864750219859,0.006456940857783596,0.0016977051106242202,0
2023-10-09,5.847251733211196e-05,6.373279716258417e-05,6.671339968967594e-05,6.705126944967357e-05,0.006294015733011331,0.00737040345165777,0.006462584119869947,0.0016796434651228356,0
2023-10-10,5.904177196265742e-05,6.361126335369624e-05,6.648202892789676e-05,6.675816944464287e-05,0.00738656223446484,0.007387246486894699,0.006602740369550619,0.0016646879124805319,1
2023-10-11,5.9488425352466374e-05,6.33751252732567e-05,6.609596622133375e-05,6.633631605913517e-05,0.008609973914011937,0.007643672373249337,0.0067462051177362365,0.001694584662023509,0
2023-10-12,5.9652665751562085e-05,6.376514904921664e-05,6.681038028009319e-05,6.684660600578957e-05,0.007565187468701917,0.007407920431868545,0.006746892753648608,0.0016979727228428239,0
2023-10-13,5.614110244765041e-05,6.184219514391112e-05,6.510722044796447e-05,6.536589280223178e-05,0.0071777160103890115,0.007413700272142231,0.006505802063456196,0.0016957201931039844,0
2023-10-16,5.5890649754491485e-05,6.12834512342598e-05,6.492614997928509e-05,6.506103824312787e-05,0.007688811374599925,0.007322756563420364,0.006567394960310731,0.0016501311918570094,1
2023-10-17,5.619391382552244e-05,6.182063400569227e-05,6.589658864822551e-05,6.586012044796159e-05,0.006034907465671883,0.007315959027954908,0.00652890783260954,0.0016278766508580006,1
2023-10-18,5.514729435472866e-05,6.165470150396755e-05,6.567175254083897e-05,6.576361938282589e-05,0.0040994846281936295,0.007289079591397115,0.00638716396982935,0.0017062991551014305,0
2023-10-19,5.6302550862134286e-05,6.176581908964106e-05,6.590022856703588e-05,6.589559719702936e-05,0.006492228378343525,0.007655002648750849,0.006558769393222807,0.0016993966882372033,1
2023-10-20,5.63934132940993e-05,6.190232694393771e-05,6.673778758820568e-05,6.649473226156238e-05,0.006583492479914343,0.007111848803111313,0.006556784237454454,0.0016919382090613948,1
2023-10-23,5.650398711787201e-05,6.204887105210696e-05,6.761041475780542e-05,6.710140194113555e-05,0.005799703097186402,0.006026305353483691,0.00655376305734809,0.0016844091885650585,1
2023-10-25,5.888964691907314e-05,6.33307764302548e-05,6.840995327321285e-05,6.794949900198413e-05,0.008240635198168235,0.006706640373258372,0.00674297273547718,0.001701515704242417,1
2023-10-26,5.87383830325423e-05,6.339904910983705e-05,6.873400898160331e-05,6.819621278564805e-05,0.00868911492106909,0.006865944971311615,0.006724895749732112,0.0017149188037314709,1
2023-10-27,6.0585722953176427e-05,6.418766613398089e-05,6.887384266090637e-05,6.849940576828156e-05,0.009016754980925001,0.0074192596193975195,0.006904275715318431,0.001751493978201753,1
2023-10-30,6.140472746624296e-05,6.422188992555705e-05,6.864476624199362e-05,6.82815974862788e-05,0.010357276622166562,0.007872405706301672,0.007051290874589732,0.0018474081822316827,0
2023-10-31,6.13443063635486e-05,6.424358593644636e-05,6.94960807484373e-05,6.862675697418321e-05,0.010693559523424524,0.007853681074790793,0.007091666935471669,0.0019496469168367096,0
2023-11-01,5.890012330943148e-05,6.317862814969973e-05,6.912161520864755e-05,6.798382320606014e-05,0.009150726316506302,0.007788216585838741,0.006909088554618793,0.0019682258799280775,1
2023-11-02,5.8463290106100396e-05,6.368314789142435e-05,7.046375509539695e-05,6.889375189379582e-05,0.00866076516949091,0.007769282406525301,0.0067817277071947485,0.001965698390428823,1
2023-11-03,5.840744922361632e-05,6.377599221473807e-05,7.09106371822137e-05,6.908179405405405e-05,0.007229491393826987,0.007631325359212314,0.006766197319532191,0.0019186534796755308,0
2023-11-06,5.8093686220467244e-05,6.312987539623865e-05,7.051164287933221e-05,6.844111299951597e-05,0.005843451956420767,0.007685718739226005,0.006824765837503415,0.0019439312681317977,0
2023-11-07,5.790066054945834e-05,6.270625485730784e-05,7.027486895885904e-05,6.798326713966601e-05,0.006046716550493906,0.007804956321029782,0.006873437311872551,0.0018961485542872455,0
2023-11-08,5.800667357885504e-05,6.283248244746118e-05,7.068195866982389e-05,6.807382342731602e-05,0.00582980355635378,0.007450680811405552,0.00687814546068055,0.0018440179083856589,0
2023-11-09,5.831621563059031e-05,6.351994708797814e-05,7.158459852011748e-05,6.881597709857182e-05,0.0056873594839159545,0.007065079680171643,0.006812206628938294,0.0017897242708820342,1
2023-11-10,5.861824945244096e-05,6.41725228379483e-05,7.240849011130435e-05,6.952698834539675e-05,0.004639161251657474,0.0070220770188545965,0.006739240290051071,0.0017697702740954357,0
2023-11-13,5.861876410320652e-05,6.408119497274286e-05,7.214409049363737e-05,6.932288179843501e-05,0.0037069099742730997,0.007044548682945023,0.006743852752200163,0.0018542482994742082,0
2023-11-15,5.874040222199379e-05,6.418159633926885e-05,7.20532951864994e-05,6.9327211254621e-05,0.0021606221365120955,0.006877860138795712,0.006733772169339391,0.001954797311556543,0
2023-11-16,5.8550559972394246e-05,6.370601423399527e-05,7.126044552632489e-05,6.866661425390209e-05,0.0036237795794977212,0.007049153291980357,0.006793045603044183,0.0019986415240703446,0
2023-11-17,5.861427454196894e-05,6.374685529940691e-05,7.100207053529517e-05,6.854878427252844e-05,0.003555154128383059,0.0069909718603435285,0.00679302340512718,0.00204862317200785,1
2023-11-20,6.102085946617976e-05,6.517521735154189e-05,7.19975204705869e-05,6.95301527767177e-05,0.006873157076706612,0.00711212910314866,0.006988363487594859,0.002047686129464782,1
2023-11-21,6.118476946539058e-05,6.545250849728436e-05,7.223770518767938e-05,6.983977428753057e-05,0.006730057585720028,0.007079088332185663,0.00698831695223614,0.0020476481738215084,0
2023-11-22,6.0300336848940446e-05,6.535108543382728e-05,7.243744845588542e-05,7.016050630908855e-05,0.006775519201366672,0.007097375303376503,0.006849926857363154,0.002046387084650616,0
2023-11-23,6.0138576077034755e-05,6.50204569231925e-05,7.215488970684684e-05,6.990971348365265e-05,0.006482117995713793,0.006574040496080348,0.006886423924995098,0.0020425559554012834,1
2023-11-24,6.029204519635412e-05,6.534113311837508e-05,7.259788725945078e-05,7.038459388691046e-05,0.00660155857209738,0.006394814455434715,0.006853704329001084,0.002009359062644145,0
2023-11-28,6.0351257594400575e-05,6.549245172275369e-05,7.278955218909294e-05,7.06320545390089e-05,0.003572611177490163,0.005783407338215691,0.0068342813411098055,0.002074472993391299,0
2023-11-29,6.033030267551422e-05,6.540843820964547e-05,7.275413314855201e-05,7.064568055314937e-05,0.0037504842052461535,0.005178004422682343,0.0068422186172182875,0.002127731327553429,0
2023-11-30,6.580115259395904e-05,6.950485998622304e-05,7.630637190015595e-05,7.396721613865751e-05,0.00780911378308245,0.006085248301918743,0.007087770587816917,0.0021304456917834464,0
2023-12-01,6.606087381267506e-05,7.005900171785106e-05,7.658039043640241e-05,7.43473759326804e-05,0.007460581082222864,0.006016571111132115,0.007056140979048127,0.0021388775514048536,1
2023-12-04,6.545496146677913e-05,6.984321550072549e-05,7.644749365405197e-05,7.421599332316119e-05,0.008063566735347883,0.006196508348499362,0.0070007070480039065,0.002113811330450794,0
2023-12-05,0.00016932792284629492,0.00016791656944361807,0.00017235992734598995,0.00017047702522631896,0.017678368588711867,0.00992535102532707,0.008353792876700093,0.0029333005454754923,0
2023-12-06,0.00016933189322035512,0.00016778561049073264,0.00017251533172808238,0.0001704886676235033,0.018496874671224607,0.010188662339105958,0.008505527677356536,0.003614778992935867,0
2023-12-07,0.00016986485796824084,0.00016906798699005705,0.00017255057768169295,0.00017062384940296995,0.017232125792162947,0.010105745468036121,0.008512075377135789,0.004029204849451377,1
2023-12-08,0.00017020803588973366,0.0001703063177809504,0.00017266970997653578,0.00017086263120871364,0.017211236653405463,0.010087573659893278,0.008403237422869785,0.004388441257606827,0
2023-12-11,0.0001702470206994557,0.00017054013706143,0.00017266075056218417,0.00017083919007012402,0.017352803807201108,0.010275706848241799,0.008444549118963326,0.004709517169770999,0
2023-12-12,0.00017068052196689585,0.00017156706270934918,0.00017281579487931983,0.00017110997107401465,0.007071840420144244,0.01027788258486336,0.00836304811281666,0.004712359823461773,0
2023-12-13,0.00017091736332791293,0.0001719914542844192,0.00017275053371313196,0.00017109741901199363,0.0048283700598534705,0.010305427416157814,0.008382331658539115,0.00473361650148375,1
2023-12-14,0.0001712870027720596,0.00017275501135367182,0.00017291188950187302,0.0001713555326941828,0.004521880226906436,0.010299071300712406,0.008306595641077616,0.0047478327060008155,1
2023-12-15,0.00017164263424168346,0.00017277245061397248,0.00017355415866815717,0.00017181112934646254,0.007542713828800463,0.010615994098970238,0.008483575294688031,0.004741381892738917,0
2023-12-18,0.00017165828812243128,0.00017282216268244425,0.000173539391128383,0.0001717664849788619,0.007458554680767746,0.010786003916806458,0.008531163448111894,0.00473865531105438,0
2023-12-19,0.0001718363663331972,0.00017314197356744904,0.00017355479662121864,0.00017180728333729636,0.007873356476712846,0.010455727326700711,0.008534316607332086,0.004737778257782384,1
2023-12-20,0.00017136321620136376,0.00017321157657551443,0.0001730708451253317,0.00017144064730270381,0.007601056632973032,0.010455736747706303,0.008366885441041548,0.0047242455660873916,0
2023-12-21,0.00016849921106950938,0.00017108150891660453,0.0001708940321407731,0.00016932049819385996,0.00858624083507327,0.010631314004609482,0.008159124337717674,0.00471434123906232,1
2023-12-22,0.0001683425440815677,0.00017069371312481828,0.00017034647585667894,0.0001687152787395967,0.007142227312500996,0.010721367451386066,0.008228907452146246,0.00470060887566381,0
2023-12-26,0.00016829561224674473,0.00017052267733948714,0.00017000713020972586,0.00016831363180183634,0.0068535167076987395,0.01082522098683591,0.008270837556989995,0.004686169358020928,1
2023-12-27,0.0001683724904762612,0.00017054126739659685,0.00016983341922438932,0.0001680714306663216,0.00671991623584922,0.010836081617823925,0.008284802925998327,0.004650352748711709,0
2023-12-28,0.00016841023437151007,0.00017031350976717867,0.0001696605073272253,0.00016781095377599173,0.008492231292387343,0.01112813533682694,0.008418667699041725,0.004577944449605899,0
2023-12-29,0.00016858609185105544,0.00017056813345270162,0.00016970301831022028,0.00016783683997648446,0.007780945813595406,0.010626149461768859,0.0083989206787615,0.004434864600885293,0
2024-01-01,0.0001687515107413326,0.00017079456971615377,0.0001697044454411847,0.0001678486402004161,0.007127426993668217,0.0106645537362823,0.008378308339939432,0.004350310905799447,1
2024-01-02,0.00016897475767256096,0.00017103187672762673,0.00016972261823511357,0.00016785535012904697,0.006356879368960982,0.010537201294359942,0.008362437362859122,0.004269639728892331,1
2024-01-03,0.0001688745643230368,0.00017100417770040183,0.00016976274094179352,0.00016788755026219936,0.0074171279125466805,0.007283057905600006,0.008362468777628626,0.004263196545946767,1
2024-01-04,0.0001691071033196771,0.00017127682881982903,0.0001698497434272228,0.000167998985217724,0.0053230033698530195,0.006736868274120812,0.008331956691791379,0.004292342798522653,1
2024-01-05,0.00016911244520317068,0.000171115675061334,0.0001695736305001195,0.0001677467029211927,0.006702368808241426,0.007064626633095385,0.008425207892646844,0.0042934196310894495,0
2024-01-08,0.00016910160356969504,0.00017136841626482678,0.00016978696439240237,0.00016796351410598687,0.006406589041235558,0.0070666212149082044,0.008310814687145304,0.004294708344560598,1
2024-01-09,0.0001700522454853178,0.00017224015644006234,0.00017090495832230868,0.00016904445842990217,0.009204322231055868,0.007545365998964848,0.008415027236567379,0.004279880932701548,1
2024-01-10,0.00017012442813388881,0.00017228602628243707,0.00017082654053632746,0.00016902478014862462,0.008316874760005158,0.007604788108009913,0.008421742461325772,0.0041719139629688776,1
2024-01-11,0.0001702254455155755,0.00017236008891446204,0.00017084466352251576,0.00016905247706880985,0.008374791580371624,0.007555884348492838,0.008424545262977673,0.004062416268911299,0
2024-01-12,0.00017043213376921872,0.0001726556514282193,0.00017114298431311606,0.00016935977793490346,0.007050481569527447,0.007564682535241009,0.008378549031206085,0.00407222109236707,0
2024-01-15,0.00017037761230900521,0.0001725155007712697,0.00017087172066739773,0.000169148018391666,0.007490232873017975,0.00705265195101857,0.008408919716297581,0.004071852809575868,0
2024-01-16,0.000170372016346534,0.00017239217934186007,0.00017065206538290068,0.000168947461013566,0.005445141063435248,0.0071019313483735805,0.0084783842195411,0.0041191334117023255,0
2024-01-17,0.00017011610726413434,0.00017244253427464352,0.00017074304563357144,0.0001690621956745759,0.005089153657270731,0.006986432412340935,0.008340960219750445,0.003819664797010643,1
2024-01-18,0.00029375711631682386,0.0002934353372776452,0.00029298296384016795,0.0002913879646093558,0.02019109697989605,0.01202362142269437,0.010066502117890772,0.0039825994769819096,1
2024-01-19,0.00029405580668645195,0.0002943115048892501,0.0002934617242075677,0.00029315540293102467,0.02046558531120789,0.011979298162751124,0.010114365330783685,0.004261290582165596,1
2024-01-23,0.00029434466606936973,0.00029549243822139923,0.0002946420280315134,0.0002955495149299658,0.02030624511834405,0.011835241632426231,0.009970601335420382,0.004507324385673529,1
2024-01-24,0.00029450105476842966,0.00029548662286231204,0.000294578107481617,0.0002955597578862286,0.020990391026593017,0.012200159217143607,0.010114724353748245,0.004788212189854251,1
2024-01-25,0.00029481228145552055,0.00029649642912439513,0.00029594220960331294,0.0002977356507599127,0.020998771499142754,0.01215557569250848,0.009977081832616384,0.005263937758075852,0
2024-01-29,0.0002950806598168928,0.00029723199132754795,0.00029685581737702886,0.0002993596920682674,0.007908384809579899,0.011923657643924654,0.009879621070425344,0.005203637359964434,1
2024-01-30,0.00029507132221753043,0.0002971348926661365,0.0002966050786939805,0.0002993827136838239,0.009133260412075546,0.012215642286521906,0.009986110616786992,0.005122312173391056,0
2024-01-31,0.00029557869567504904,0.00029783650112722484,0.0002972249125878707,0.0003006203952152519,0.009161966265774741,0.012180242077815866,0.009971461467667924,0.005109000387131298,1
2024-02-01,0.00029559874376383866,0.00029769429509990316,0.00029687382906179596,0.0003003934482533945,0.00872374440527711,0.012560546771853708,0.010119233535513906,0.005095928157825889,0
2024-02-02,0.0002960089360791629,0.0002982829527822262,0.000297341240216185,0.0003012823122422451,0.008895028063083411,0.01240100620350194,0.010088615370663731,0.00508711326517993,0
2024-02-05,0.00029633812393568793,0.0002987239316418527,0.0002976689893005085,0.0003019756177591025,0.00888603107300087,0.012443086733131796,0.010066853892046116,0.005074441309668571,1
2024-02-06,0.00029670300857821273,0.00029917511327083547,0.00029809014351738525,0.0003026906074745753,0.006957028728973259,0.012251185320032509,0.010035380455760065,0.005095644816576286,1
2024-02-07,0.0002969698068036474,0.0002994405788857977,0.00029832612490474216,0.0003031893014961393,0.0070423539592932875,0.012267676577509278,0.010036469604217297,0.005097381286086641,1
2024-02-08,0.0002971996289814119,0.00029964947462315136,0.0002985417391404924,0.00030360826166706917,0.0036370530226028965,0.011827699985498175,0.010040205612706873,0.005191414018557634,0
2024-02-09,0.0002983735542175221,0.00030065687283788243,0.0002993801357108301,0.00030423506499949833,0.008534545874563761,0.012437924735949693,0.01029837599386615,0.00516778213204043,1
2024-02-12,0.00029847747598675344,0.0003006523434998635,0.0002992665638379691,0.0003041190002398241,0.010300971771950253,0.012799360484266532,0.010442171730115975,0.005164798043557212,0
2024-02-13,0.00029909603704589966,0.000301066984972288,0.0002995448482531029,0.0003043083174982097,0.01262402437424901,0.013323127148144567,0.010658345846045797,0.00517925863393433,1
2024-02-14,0.00029918620408038134,0.000301097153950967,0.0002995354558393508,0.0003042977631247817,0.013974754958616928,0.013612253139201717,0.01076619192623037,0.005206612742876297,0
2024-02-15,0.0002992236701168177,0.0003011652593985177,0.0002997020013659398,0.0003044654572756872,0.014474460020232317,0.013596308133684756,0.010826432226061023,0.005218253656428081,0
2024-02-16,0.00029893188390737666,0.0003011157538395024,0.00029976538511137043,0.00030457283677378933,0.012471086723265795,0.013678782895971605,0.010727559108788438,0.005202388697730575,0
2024-02-19,0.0002992238420628716,0.0003014405477659315,0.0003001293214400402,0.00030495971754052764,0.010970947885433426,0.009591347865109252,0.01073753318851133,0.005109854439965556,0
2024-02-20,0.00029950891772520137,0.0003017437994675095,0.00030046524918495954,0.00030532440614002135,0.008197650785340795,0.009465518531630707,0.010741267197268402,0.005076793288056901,0
2024-02-21,0.0002995293599877928,0.00030172276968052866,0.00030042621140592143,0.00030526429298806173,0.007617423229583167,0.009834318582839762,0.010827965129151202,0.005045866806105691,0
2024-02-22,0.00029984648195707434,0.0003020597935274601,0.00030071186761741596,0.00030559511387786095,0.006538526428890745,0.009241133478589559,0.010823244157931507,0.005097798192553238,1
2024-02-23,0.0003001300742192957,0.0003023547041273677,0.0003009810346109073,0.00030590292283910975,0.005879107194955078,0.009247322625996453,0.010811901790676646,0.005156063635942533,1
2024-02-26,0.00030035793242178503,0.00030256431928848667,0.00030118175145894436,0.00030612757847208827,0.005749588052772887,0.009199062832135915,0.010810978442827517,0.005217238638578546,1
2024-02-27,0.00029934453401146314,0.00030179017809813923,0.0003004585925480263,0.0003055200868300283,0.006002623347412933,0.008817584782505607,0.010644040120380156,0.005244726949270865,1
2024-02-28,0.0002995198483172618,0.0003018907457373218,0.00030066817324385923,0.0003057097134834847,0.0027491699449532117,0.008810102120381318,0.010641254669755759,0.005407104901646635,0
2024-02-29,0.0002997757370177961,0.0003021293735831179,0.0003008777643627241,0.00030588639400237137,0.0065976479567398435,0.008789474301528287,0.010740186292968598,0.005375197863428476,1
2024-03-01,0.00025607234868987183,0.00026085152018702804,0.00025846994220105247,0.0002648645653696528,0.006706119818900142,0.00877357426849895,0.009726312983525382,0.005328332597039347,0
2024-03-04,0.0002652309151897587,0.00026967187260157317,0.0002666156240030098,0.00027284758783380176,0.012983839453432337,0.010345404374413149,0.01011999988901882,0.005026657541036752,0
2024-03-05,0.0002652256548203352,0.00026932498855715626,0.00026684071511784473,0.0002730168999071901,0.012886239394463322,0.010351981967023959,0.01011869592810605,0.00466980933956953,0
2024-03-06,0.000265161727837211,0.0002689434215260085,0.00026698323277755194,0.00027312164142162537,0.012939265137758121,0.010347722340005775,0.010124366344471721,0.004283030246488277,0
2024-03-07,0.00026519118596746264,0.0002688803344411827,0.0002670100641704664,0.00027317030528773735,0.011995876547350232,0.010484420983522971,0.01011187615900276,0.0037453736017870353,0
2024-03-11,0.00026513617340602475,0.0002686009771369895,0.00026711182985914006,0.00027324472915393635,0.011958982485428692,0.009722155246924732,0.010116901313316978,0.0030840027271740746,1
2024-03-12,0.00026494729361125404,0.0002681951874729675,0.00026708474427278626,0.0002731636622102561,0.006413958348406531,0.009528095414733796,0.010193128720307518,0.003115542228651428,1
2024-03-13,0.00026496394273336696,0.0002680861570519739,0.00026730858127229794,0.0002733218036211543,0.006226708878995673,0.008775819543559556,0.01019387311944008,0.0031572450164087757,1
2024-03-14,0.00026478084048020626,0.0002680735203726991,0.0002669233365921437,0.000273053195543258,0.006749267049151857,0.008345062313290371,0.010077588998707518,0.0031819375995214096,1
2024-03-15,0.0002649355413266637,0.00026820973098971564,0.0002671510885872206,0.00027325911500371877,0.005994591680937132,0.008156553653087867,0.010030393665235922,0.0032245807118172873,1
2024-03-18,0.00026496438104127917,0.0002681515070582476,0.0002673590755078769,0.0002733999647382333,0.006163588736794425,0.00807067272038625,0.010017569524372667,0.003259163901067519,1
2024-03-19,0.0002649163555810452,0.0002679901591005029,0.0002675626290036498,0.00027350059363830326,0.003902258149069622,0.008031256596669182,0.010017692823322698,0.003373017176376757,1
2024-03-20,0.00026502789016723277,0.00026810442676308984,0.00026772983514288646,0.0002736493101267457,0.004292277385014279,0.008051121061628527,0.009965275977006948,0.0034494884653539877,1
2024-03-21,0.0002651763986815317,0.0002682443146466921,0.0002679883225243901,0.000273855609655978,0.0032817258964935566,0.0076043548091195776,0.009909809593691877,0.0035675568779509293,1
2024-03-22,0.00026514821911691194,0.0002681693194650865,0.0002679995059073224,0.0002738501403611875,0.004514169081104987,0.0078061332395480175,0.009919310275859898,0.003531489169591033,0
2024-03-26,0.00026513460737741555,0.0002681012234203463,0.00026806689078430625,0.00027388501079867676,0.004447828906038418,0.00783840406597487,0.009911467675829858,0.003601182412250558,0
2024-03-27,0.000265069782623844,0.0002681030089360303,0.00026801005687888236,0.0002738344972778444,0.0051101615425573725,0.007922441516044983,0.009824483840118702,0.0036207495650170027,1
2024-03-28,0.0002650281786452933,0.0002680011691667354,0.00026807603439918425,0.00027386016218999165,0.00508902267897506,0.007892225069209086,0.009819350528624402,0.003550582959753665,0
2024-04-01,0.00026492404600619455,0.0002678310278900174,0.0002680280347072415,0.00027379177100215894,0.005982725506316282,0.008055121311153754,0.009846508277610343,0.0033632958131286357,0
2024-04-02,0.0002647872359556493,0.00026760058546291843,0.0002678942974676469,0.00027365640007747223,0.006419580543774949,0.007768927216985079,0.009922674770577443,0.0030980625033633683,0
2024-04-03,0.00026488349997712615,0.000267759963955244,0.0002680234629173869,0.00027377806207478815,0.0061953187128507255,0.007732597301914774,0.009841301088401882,0.0029396341125671834,1
2024-04-04,0.00026482417724742495,0.00026766393788647173,0.0002679614096146818,0.0002737231667027698,0.005706955310722631,0.00536305813567902,0.009842428421296581,0.0028513583084472985,0
2024-04-05,0.0002648060085382519,0.0002676578080641518,0.00026794748642868725,0.00027370678908542924,0.006786507613619294,0.005682217569543243,0.009824165255446986,0.0028398580818481986,0
2024-04-08,0.00026467243879034014,0.00026743440551343174,0.0002677952386398389,0.00027355186182688896,0.007189351329793391,0.005995875824006299,0.009891440291705543,0.002836662286462556,0
2024-04-09,0.0002640179286665733,0.00026697495701876795,0.00026717625473574567,0.00027298172308106355,0.0058306597912188545,0.005734118499667475,0.009707345762787395,0.002841694917184447,0
2024-04-10,0.00026398486821251554,0.0002669023879425677,0.0002670624858664997,0.00027288082898714724,0.005981077201526315,0.005743001535306826,0.009698871773166744,0.0028406679955198574,0
2024-04-12,0.0002638689808132076,0.0002667263003698636,0.00026683078515218027,0.0002726779948635496,0.006381044155196842,0.005353233440691936,0.009717087000211146,0.0028352452120521264,0
2024-04-15,0.00026375418679978495,0.0002665207241213849,0.00026662245247407746,0.0002724608765969996,0.006248205260384678,0.005688113737053764,0.009778809804067983,0.0028332693549188636,1
2024-04-16,0.00026521929151291306,0.00026773184865989236,0.000267908443817695,0.0002736520136447241,0.008773964564708416,0.0066187603837426535,0.009979002781771459,0.002749189358461655,1
2024-04-18,0.000265223961361435,0.00026781222464371783,0.00026799990673175434,0.000273767101951211,0.0091460800691324,0.006693954568913941,0.009936431118741562,0.0027758389113588,1
2024-04-19,0.00026510533510803357,0.0002676170562625263,0.0002678432451185036,0.00027359436905964444,0.009859819877996142,0.006912931513626021,0.010000558014210938,0.0028206800014708468,1
2024-04-22,0.00011376212312148696,0.00012324771552170958,0.00012215168406659927,0.00013570673360888773,0.010699210999081376,0.007312214617047514,0.008365873514798904,0.0026862672435829186,0
2024-04-23,0.00011284362967779705,0.00012089091233882793,0.00012053913272568036,0.00013148242576629395,0.010501908571997409,0.007437825455859504,0.008361376260988665,0.0025406643694477382,0
2024-04-24,0.00011115708788660578,0.00011774429768229585,0.00011779171814628499,0.00012606260392921184,0.007516300079976195,0.007432311183308638,0.00836220233306398,0.0022855501760724547,0
2024-04-25,0.00011087245695895068,0.00011800041231229522,0.0001180585964260088,0.00012620242512584933,0.0073001226337129225,0.007282688017778511,0.008152132826996459,0.002071413890944054,0
2024-04-26,0.00010904319594073005,0.00011498696419280978,0.00011456231127759453,0.0001208358544092845,0.0067724174441421495,0.007369480044559877,0.008190701845750124,0.0018172277055970468,0
2024-04-29,0.00010785305189974661,0.00011302080971975964,0.00011230599370518853,0.00011687105983424098,0.005523232492482696,0.007386918785901832,0.008204762960505459,0.0018262050187638531,1
2024-04-30,0.00013056516222708487,0.00013351568815761147,0.00013232182639839196,0.00013599283012183432,0.012053149927779203,0.009228559765772337,0.008664166305155173,0.002088620248953554,0
2024-05-02,0.00012983689605920514,0.00013267726274415867,0.00013073123964229104,0.0001332644909807748,0.0120481939468636,0.009087394717401845,0.008661863184073307,0.002307260145104967,1
2024-05-03,0.00013000324116460238,0.00013336576824941716,0.00013104049460263515,0.00013358390186585944,0.011970151637696184,0.008863177970240213,0.008488561172389369,0.0024815858523376077,1
2024-05-06,0.0001291823979604059,0.00013232031350167114,0.00012981450646976892,0.00013155838604503992,0.011963497272460311,0.008971903888571142,0.008510067094608293,0.002631067077831922,1
2024-05-07,0.00012882382792084608,0.00013196177678076153,0.00012929157067111658,0.00013027330436912244,0.0116533923218775,0.00896518948889322,0.008488510014691645,0.0026713001088148145,1
2024-05-08,0.00012842663463011892,0.00013108652388090262,0.0001284699303301781,0.00012886146482741324,0.006461683348160596,0.009170086252373953,0.008632141662206294,0.002609906820143695,1
2024-05-09,0.00012781559636610354,0.0001305026468924642,0.00012770273106478574,0.00012755594025281843,0.006907624267975383,0.00903260028291649,0.008652817506332853,0.0024849455874444127,1
2024-05-10,0.0001272731313923031,0.00012972006850640308,0.00012670052080391114,0.00012618506198682608,0.008389961011634596,0.009362405501584754,0.00876466076742411,0.002413259819331086,1
2024-05-13,0.0001247334498441641,0.000127727615493978,0.00012518910625131593,0.0001249812281467598,0.007933224307542093,0.009342684316701903,0.00846144431172737,0.002327166258853573,1
2024-05-14,0.00012443731782887425,0.00012767409810005733,0.0001254239675888623,0.00012515120582464118,0.008524244471607823,0.009400046669940137,0.008322711655461543,0.002266365201271592,0
2024-05-15,0.000123140323408839,0.00012697311980902553,0.0001251258546368678,0.00012492008776102684,0.006489843553652809,0.00921194778370597,0.008046316517854757,0.0022169285595175256,0
2024-05-16,0.00012313020078057098,0.00012726494454526533,0.00012561372683582978,0.00012532561827543914,0.006219932895093544,0.008486114872550339,0.007862616181658207,0.0022095014899099733,1
2024-05-17,0.00012297886831322613,0.00012699866611058533,0.00012518250021520896,0.0001247936764963838,0.004591823717971307,0.008486056379885193,0.007817747931234739,0.002281874366799706,0
2024-05-21,0.00012269225106912996,0.0001266060087791175,0.0001246538522443627,0.00012413326706541247,0.00472787900126062,0.008280697325561175,0.007778053065500529,0.002338125287047195,0
2024-05-22,0.00012205631272431832,0.0001258547170263481,0.00012376253787274767,0.0001230990968063836,0.0035990260458484504,0.007936047222390412,0.007766389350771182,0.0024390625376888397,1
2024-05-23,0.00012129581466050066,0.00012498157761662033,0.00012277086374175622,0.0001219458356590109,0.004261130623792567,0.007863000038428901,0.0077882083405013194,0.0025222209947401504,1
2024-05-24,0.00012994079273565145,0.00013275935138224227,0.0001301130789749488,0.0001296331101698265,0.009955567684291873,0.009092237672112771,0.008077422185216877,0.0025476487436591924,0
2024-05-27,0.0001293677085081287,0.00013228534322041598,0.00012948567092088112,0.00012881712233852972,0.009758809052765495,0.009082884662807445,0.008092631519181175,0.002536269458582517,0
2024-05-28,0.0001287545577814345,0.0001317189902450826,0.0001288071528451108,0.00012798567780775404,0.010076791524182064,0.009082343890405312,0.008128935661619346,0.0025299648939504423,0
2024-05-29,0.0001284171995106386,0.00013153984438205997,0.00012842214105228378,0.00012747280917350937,0.010136999093752675,0.009002444605838574,0.008131741461824245,0.002529255670962214,1
2024-05-30,0.00012880387967729583,0.00013162923106181212,0.00012863047516155596,0.00012763871040657893,0.011447211995914523,0.007633271214152178,0.008280908994433896,0.002559243813076255,1
2024-05-31,0.00012849722094107876,0.00013151882933182485,0.0001283782751955587,0.00012729631435377302,0.007089787186915509,0.007677585045430256,0.008294798253867313,0.002571667808292598,0
2024-06-03,0.0001279616884505251,0.00013114266074833774,0.00012806829716172793,0.00012702409865065142,0.007378442138732986,0.007764535616452552,0.008148622934257523,0.00257547888459972,0
2024-06-04,0.00023475943193454935,0.00023418415623038905,0.00023273033868059255,0.00023235350681788625,0.019118213984436465,0.011750922529113058,0.009632796421679331,0.0032290056637339533,0
2024-06-05,0.000893148493189254,0.0008841183546101863,0.0009001187993522075,0.0008985405213151153,0.04165610998645015,0.021929466375862898,0.014024246987135482,0.006828913866222751,1
2024-06-06,0.0009111785805908182,0.0008956219940154501,0.000915904655135416,0.0009068996278929675,0.0457536037831313,0.023899300330590685,0.015138853266516763,0.00948278227755154,0
2024-06-07,0.000914615881967948,0.0009033011034456231,0.0009191308945849939,0.0009148089055501629,0.04577417202047842,0.023892157707352868,0.015147866677972265,0.01139121148289514,0
2024-06-10,0.0009168945317271179,0.0009083214377205196,0.0009209250076418877,0.0009201631505111029,0.045923243974853464,0.023873127909606898,0.015170816149576848,0.012902484302133602,0
2024-06-11,0.0009198444720104953,0.0009136338327870203,0.0009230784167740565,0.00092587696959116,0.04230777852582495,0.02387126304271176,0.015166904937290497,0.013861726147900991,1
2024-06-12,0.0009224950126165571,0.0009179582249242811,0.0009247672117437973,0.000930647167781473,0.020471165000398688,0.023822320598454603,0.015105417840001972,0.013790579130957924,1
2024-06-13,0.0009246355244674049,0.0009211849861134378,0.0009259291484335777,0.0009343724242666906,0.005416997261100923,0.023832394000304364,0.015112882183103799,0.013894873940898002,0
2024-06-14,0.0009266898299919088,0.0009239716238904205,0.0009269699690860543,0.000937657690821511,0.0049874542582021356,0.023819781350855617,0.01509088155421556,0.014004797051790826,1
2024-06-18,0.0009284045023160759,0.0009261077389722135,0.0009277055129525656,0.0009402756028612228,0.0023476917332479652,0.023791446762288563,0.015087026653122488,0.014178543935881801,0
2024-06-19,0.0009294600726488985,0.0009273389926655953,0.0009279969600328161,0.0009418993149857371,0.004554851741530923,0.02386285100084497,0.01511946017773306,0.014286150402256158,0
2024-06-20,0.0009294246559637086,0.0009273036873613489,0.0009279948091270556,0.0009419441639380183,0.009537432729565651,0.024228193645908235,0.015312899741344465,0.01430401392830776,0
2024-06-21,0.0009304669793910054,0.0009283791251866146,0.0009282492878082667,0.0009431920809787485,0.009960971344650715,0.024253843670019107,0.015334024802009098,0.014254097264713168,0
2024-06-24,0.0009316856157691562,0.0009295382294260596,0.0009285883256907247,0.0009445242300006568,0.010007080697692164,0.02382517717973931,0.015335656741264697,0.014210760907163078,1
2024-06-25,0.0009328311461121861,0.0009305514331083479,0.0009289522204208825,0.0009457252681376925,0.009916732644078293,0.023807766528892594,0.01530082879733879,0.014191661154462009,0
2024-06-26,0.0009328180432532163,0.0009305186916856445,0.0009290318673120208,0.000945703641057989,0.011953948403226021,0.024078505905471347,0.01545501702048634,0.014148078535285406,0
2024-06-27,0.0009336648097035242,0.0009311961403110031,0.0009292161155847804,0.0009464454694368466,0.00878949455803492,0.024096254549895797,0.015451429937755223,0.014144320403984962,0
2024-06-28,0.0009345303107270741,0.0009318470572161034,0.0009294042701833564,0.0009471653168506643,0.008145953078803827,0.023918160569751008,0.015443569857383236,0.014115287963912692,1
2024-07-01,0.000934952725988939,0.0009321058402156562,0.0009294394203141382,0.0009474815883748754,0.00900918473899492,0.02398674945615532,0.015458441106744289,0.014067777312554404,1
2024-07-02,0.000935568092887217,0.0009325134451311031,0.0009296063900959367,0.0009479839203996808,0.009217311767384771,0.023967459273980075,0.015419501084894684,0.013979125838382166,0
2024-07-03,0.0009359204657214178,0.0009326789714455781,0.0009296230370364003,0.0009482247744473035,0.006098084882489933,0.022309069455260927,0.015451794066608477,0.013947366103230484,1
2024-07-04,0.0009359156638709417,0.0009327400672771262,0.0009298030817129336,0.0009482407748447973,0.00966584353187968,0.013045257426676601,0.015614681760340426,0.01382245684867305,0
2024-07-05,0.0009365052867178273,0.0009331343456746323,0.0009299940967952841,0.0009486560117583724,0.009653616659086305,0.00848695580903998,0.015570222189298254,0.013712292681966073,0
2024-07-08,0.0009367671882645867,0.0009332650636755036,0.0009300255215104136,0.000948805631638296,0.009556769175784515,0.008624291431885082,0.015564933563259546,0.013717748092059608,1
2024-07-09,0.0009371447018684751,0.0009334546545313807,0.0009301301155802905,0.0009490467744797555,0.00955973785031269,0.008369597762024766,0.015573813915915032,0.013720513990190374,1
2024-07-10,0.0009375292679145351,0.0009336510428210494,0.0009302666139774465,0.0009492980427135345,0.008989679294988054,0.008391134158668696,0.015572776266770382,0.013735893988867414,0
2024-07-11,0.0009377375095152465,0.0009337288831413677,0.0009303106507746563,0.0009494127388660086,0.005480927160166772,0.008539422278095714,0.015586164472978852,0.0138205042315544,1
2024-07-12,0.0009380728467267455,0.00093390931765041,0.000930457544622743,0.0009496444226865463,0.005523667854542963,0.008504127275313531,0.015547380984914044,0.013914891188437728,0
2024-07-15,0.0009379598990745988,0.0009337016091961287,0.0009301973121247568,0.0009494871658952195,0.004056895224477919,0.008501430904457773,0.015402061081296433,0.013983649149710627,0
2024-07-16,0.0009381912589965629,0.0009337870686395088,0.0009302545042125662,0.0009496068741931484,0.0038415902271272608,0.00850656842961894,0.015388391711213043,0.01406213999885388,0
2024-07-18,0.0009384289582126156,0.000933898851524727,0.0009303384624131505,0.0009497581839409365,0.0036780392074424956,0.008282901482863106,0.015347226275572836,0.014172281056627573,1
2024-07-19,0.0009385748271358594,0.0009339595386825623,0.0009303882835348219,0.0009498582852831362,0.002581762989710667,0.007200517489017704,0.015295246156559979,0.013318586917553332,0
2024-07-22,0.0009386647588945766,0.0009339716847993147,0.0009303804149729992,0.0009498861173456901,0.003917903250576489,0.007166061306792792,0.015290826629352773,0.011854455033587764,1
2024-07-23,0.0009388036607598658,0.0009339820064175518,0.0009303729158187858,0.0009499283957733173,0.003919312450917889,0.00714696886258216,0.015290378428441812,0.009979808643936766,0
2024-07-24,0.0009388021308774623,0.0009339463926710697,0.0009303309269149964,0.0009498892319494955,0.005630455774525276,0.007463365053478149,0.015329822338757444,0.0073350885518239485,1
2024-07-25,0.0009388211055914293,0.0009339330914690198,0.0009303169196239456,0.0009498821645137989,0.006889491038231738,0.006689432566334548,0.015351568055011387,0.003653228865516471,1
2024-07-26,0.0009388458984581723,0.0009339218664972166,0.000930315368748521,0.0009498851304213713,0.007607513588690743,0.006855816086633817,0.01536962053780458,0.0027029652978212463,1
2024-07-29,0.0009359862251066926,0.0009312183221459019,0.0009276991153916115,0.0009473022218316392,0.007836359603835153,0.007079225220484887,0.015060551829105793,0.0026896548035315357,0
2024-07-30,0.0009360311544534198,0.0009311345242834966,0.0009277317837902558,0.0009473343742626191,0.007894001812556216,0.0068093044917630465,0.015062935628707155,0.0026632580404468984,0
2024-07-31,0.0009360891909666566,0.0009310896573344955,0.0009277753904320353,0.0009473794602118316,0.006659092851229441,0.006748924971246177,0.015058498217026421,0.002504303273209805,0
2024-08-01,0.0009361725949636683,0.000931098807737698,0.0009278371027505666,0.0009474499657401013,0.005342918980737315,0.006525989891173975,0.015037367946824757,0.0024781011549247396,0
2024-08-02,0.0009362070481991433,0.0009310481218438422,0.0009278340726131288,0.000947467057651807,0.0038091568847156377,0.0052223079630701694,0.015037206492779929,0.002525105529947842,0
2024-08-05,0.000936198459534996,0.0009310418592463762,0.0009278156771399355,0.0009474618669868499,0.002293498015455015,0.005303997017243331,0.014959248639278819,0.0026194725174474996,1
2024-08-06,0.0009386314749829088,0.0009336714936688263,0.0009303406220209148,0.0009498667921610191,0.011286712032177645,0.007441850275036716,0.015281740063783874,0.002681207187349578,1
2024-08-07,0.0009386592969564386,0.0009337144001932099,0.000930414534204059,0.0009499784034061268,0.011671418255284486,0.007533680531339375,0.015239561949465864,0.0027657336073160775,1
2024-08-08,0.0009386400496419981,0.0009336527270110205,0.0009303533661146551,0.0009499754366446167,0.012125358286739326,0.007690321124535061,0.015268588351269664,0.00277643718247813,0
2024-08-09,0.0009387467610389051,0.0009337422981066495,0.0009304758886229418,0.0009501442077272795,0.012129671541901761,0.007519613870139079,0.015242148626918054,0.002913262780594247,0
2024-08-12,0.0009387417021667063,0.0009337033296414254,0.0009304371117845511,0.0009501520275838382,0.012335385121397473,0.007651476278496645,0.015262680779610462,0.003060069364943313,0
2024-08-13,0.0009388010645317647,0.000933734931362444,0.0009304801494096961,0.0009502397892452943,0.005458318563459681,0.00766256133323044,0.015257469834055678,0.0030593668863373637,0
2024-08-14,0.0009389305540781562,0.0009338627701852776,0.0009305704114947041,0.000950302454373422,0.008029868915819083,0.008317847508899245,0.015357747585197317,0.0030394084076668217,1
2024-08-16,0.000938991271181977,0.0009339081695347053,0.0009306554164279047,0.0009504210991790499,0.007371448804231166,0.008327281084720835,0.015355625734860098,0.003033567947837458,1
2024-08-19,0.0009391606183847121,0.000934057889192767,0.000930731849585237,0.0009504813610666464,0.010191255234487762,0.008991309055740805,0.015488667448483364,0.0030500066731446473,0
2024-08-20,0.0009392405024342622,0.0009341428612788384,0.0009308261492231339,0.0009505936707596081,0.009854389593621055,0.008887341916225242,0.015476715992724177,0.003055842135091489,1
2024-08-21,0.0009380822933403141,0.0009330751331185071,0.0009298434366604302,0.0009495972832493497,0.0105451795438968,0.009092568205231848,0.015290443945326143,0.0030874703482173427,0
2024-08-22,0.0009381291442195226,0.0009330955255328188,0.0009298995520306117,0.0009496697700210991,0.008252461982249479,0.008847986285940907,0.015283961379301462,0.003062389221697539,1
2024-08-23,0.0009381499769595442,0.000933100033483955,0.0009299289128850702,0.0009497069424840155,0.008613540135942484,0.008719266425041361,0.015281236443104654,0.003055459021925146,0
2024-08-26,0.0009381849448959308,0.0009331093169635351,0.0009299717570271696,0.0009497610169454411,0.004976628481328396,0.008518613769012556,0.015277417736567168,0.003066388088068111,1
2024-08-27,0.0009381282694106971,0.00093309064873485,0.0009299371553780207,0.0009497330433195405,0.005154575384726316,0.008383026018386553,0.01519285972628466,0.003073845258169436,0
2024-08-28,0.000938145329177395,0.0009330783337446963,0.0009299284202272093,0.000949745020117092,0.003618756968182298,0.008388672774123742,0.015188818343826016,0.0030899573400876537,0
2024-08-29,0.0009381790360849048,0.000933096638783299,0.0009299492574929742,0.0009497817966665435,0.003661835318517613,0.008399597692202904,0.015171687817645338,0.00309669514586037,1
2024-08-30,0.0009172908177147689,0.0009126825620480794,0.0009093663902198463,0.0009296025974808757,0.0025382897740040657,0.008396406369773691,0.014268645858965702,0.0031468525135292646,0
2024-09-02,0.00030671175954891523,0.0003186224782083911,0.00025798323806369933,0.0003263212998278421,0.0030372987716726376,0.008440714274255301,0.009463912144721552,0.0031254588611265626,0
2024-09-03,0.00024782043713821207,0.00028430093084583035,0.00019436712971433907,0.00030215826846724303,0.002506315528186421,0.008398243644949161,0.007543016628720293,0.0031848961329279672,0
2024-09-04,0.00023446964800114754,0.0002584058139315985,0.00017809520884243894,0.00027704095484511833,0.0031087622707354555,0.006398317317934932,0.007543164736349869,0.0032155847139149407,0
2024-09-05,0.00022535801060473732,0.00024007835875176545,0.0001685539663346162,0.0002587008143062665,0.0038154207385236597,0.006335384694034173,0.007459749957109249,0.0032592979702986244,1
2024-09-06,0.00021275146186302955,0.00021865312538858292,0.00015614102740579554,0.00023731118254871202,0.0038667847662813854,0.006122219175929031,0.007461763399835188,0.003307717359033358,0
2024-09-09,0.00020360840327392563,0.00020231879779490742,0.00014931903391999404,0.00022002581784484845,0.008582602961142069,0.007271773712662062,0.007796260183100365,0.0033201538594461654,1
2024-09-10,0.00019332434486487289,0.00018656236275908807,0.00014131113968572032,0.000203184087457546,0.009782850644927394,0.007511065602287702,0.007901083816730417,0.0033581765423744267,0
2024-09-11,0.0001832781990044486,0.00017234653583891247,0.00013450659943883297,0.00018767831033758857,0.009635419591510925,0.007529972230496741,0.007909691426784403,0.0033899485986472293,0
2024-09-12,0.0001742104383680892,0.00016028241537696235,0.00012905270881934106,0.00017400473261073869,0.009582368561532502,0.006853674002486164,0.00792719246142554,0.0034214264725876287,1
2024-09-13,0.00016943763775005007,0.00015374284875430155,0.0001276512650011346,0.0001654721780463828,0.01163784167510944,0.007599792298707339,0.008076858098341968,0.0035016622309206923,0
2024-09-16,0.00016951122297185066,0.00015392236923508862,0.00012735385527750298,0.00016514491388051138,0.008705100429510877,0.006771850964582137,0.0077146841830371005,0.0034462488609244327,0
2024-09-17,0.00016365889226544145,0.00014734853184263222,0.00012535334327677097,0.00015787568427016898,0.007520512583020635,0.006802821862579948,0.0076728018846355965,0.0033042506513325082,0
2024-09-18,0.0001565482259270946,0.0001399280012332026,0.00012262181681716087,0.00014971891197346448,0.007404674411585795,0.00652744817476137,0.00766727983411126,0.003232279060244632,0
2024-09-19,0.00014971465113925974,0.00013309690639617426,0.00011994732117555595,0.00014198524732654248,0.008514281253689419,0.006933275665727437,0.0077901431457675085,0.0031427384594205606,0
2024-09-20,0.00014971126222671456,0.0001332853290357121,0.00011908758091273514,0.00014203478127807745,0.005862705559541704,0.006913855920149673,0.007496121635774494,0.0030251069180031176,0
2024-09-23,0.00014532978298344734,0.00012927054788394873,0.00011879862675708492,0.00013781921424407391,0.008505984143801814,0.00759961836475173,0.007688155263113709,0.0028912726552908353,0
2024-09-24,0.00013961228138564298,0.00012454242836813602,0.000117065894022697,0.0001326726206359646,0.00869773187967153,0.007651706241581201,0.007723107391776704,0.00273575845144903,0
2024-09-25,0.0001369985815164484,0.00012306000545503405,0.00011695972143216533,0.00013065996465993373,0.008766254510799978,0.0076515053233029776,0.007643777257469047,0.002739482625992244,1
2024-09-26,0.0001328965501471278,0.00012033032999482111,0.00011582045289734562,0.00012721829456527364,0.007425273607804813,0.007648641972250575,0.007628956977159322,0.002734458230782612,0
2024-09-27,0.0001302398382018893,0.0001188792939451718,0.00011538657662402995,0.0001252156552164023,0.007370968074012179,0.007731330256004588,0.007590820147026123,0.0027344563312948576,0
2024-09-30,0.00013017682954772163,0.00011812946659648502,0.0001137771476549689,0.0001248939991072117,0.0058574952193963,0.008001591460083635,0.00736078854052215,0.002677086865672671,1
2024-10-01,0.00012828224093580648,0.00011716124245291737,0.00011477810104549519,0.00012387424429725506,0.008888277208055642,0.00875948468561684,0.007646163583488804,0.002646120490563348,1
2024-10-03,0.00012667474532794353,0.00011680600856419344,0.00011519251843933652,0.00012346649579489486,0.008827905401796983,0.008695539744277858,0.007570381132223263,0.002581921849379963,1
2024-10-04,0.00013177418812817087,0.00012259301837239876,0.00012185921997530983,0.00012827813959093585,0.012701544015479203,0.009756775607800609,0.008001835452583308,0.002786474862469967,1
2024-10-07,0.000128962039431886,0.00012119043225129096,0.00012114920138434387,0.00012683302010740467,0.012932153570621576,0.00989169401132893,0.008051256983650524,0.0029790858076281478,1
2024-10-08,0.0001325311380796344,0.00012479378573220277,0.00012428674900937883,0.00012919686772312126,0.014888089209622276,0.010051069474207709,0.00837550562174211,0.003269098458034103,1
2024-10-09,0.00013010245977881338,0.00012349457695227264,0.00012352967037977994,0.000127804621260982,0.013894953821867392,0.01005335594218536,0.008485893420309183,0.0034426559029469327,0
2024-10-10,0.0001285944007395424,0.00012369404537496825,0.00012467955460780715,0.00012825526827196665,0.013887587268422735,0.010030870042160451,0.008485942921095694,0.003528406241908104,1
2024-10-11,0.00012684366605078968,0.00012291535415135025,0.0001242519440628427,0.00012733802212705952,0.01136396506657428,0.010223705246009955,0.00857678229234693,0.003475644067118906,0
2024-10-14,0.00012523835851596522,0.00012251594367403072,0.00012429063929322306,0.00012689982899911675,0.011308773116860914,0.009795808187801102,0.008622805253118654,0.003337176390069401,1
2024-10-15,0.0001242117148943754,0.000122074390320103,0.00012391557380181866,0.00012614350374243056,0.009209395582727983,0.010162802071927546,0.008755648652451618,0.0031664266820489117,0
2024-10-16,0.00012416464806103733,0.0001229686520850886,0.00012519944794923594,0.00012708412128703265,0.00791091978918417,0.010127986043639535,0.008714725716281362,0.0029395565049541482,0
2024-10-17,0.0001233797291843804,0.00012324354116605046,0.00012573138279777725,0.000127283433144956,0.007961587068211687,0.010136950733750882,0.00871856537165531,0.0027293278471370026,1
2024-10-18,0.0001232790892555541,0.00012325074553070733,0.00012577207804729707,0.00012731075828044855,0.007890199637634007,0.010097757930401663,0.008723949564162559,0.002548723167362424,1
2024-10-21,0.00012467446402769945,0.00012441604290215424,0.00012646173564867833,0.00012806084510519998,0.010052703814395714,0.01061269251546055,0.008877992511507591,0.002334128183296833,0
2024-10-22,0.00012503267742725607,0.00012531857108837401,0.0001274486047165008,0.00012884808123759842,0.008425836932826267,0.010146097101554256,0.008817865694706585,0.0023364711458575453,1
2024-10-23,0.0001253671615485641,0.00012560404015349975,0.00012746172418542828,0.00012893221218628705,0.010381901972067138,0.010517102190094782,0.008933703452083297,0.0023414046886263426,1
2024-10-24,0.00012513088767297865,0.0001261141694720139,0.00012822449636833795,0.00012935616820008324,0.010343582090409854,0.010502065904226853,0.008929515718122361,0.0023460302558960563,1
2024-10-25,0.0001245702053949767,0.00012610571164555311,0.00012830366275764065,0.00012924107970773417,0.00967996999722411,0.01056439766243626,0.008956589071378722,0.0023461338163865493,0
2024-10-28,0.00012481225357502992,0.00012639996715077211,0.00012818151994003455,0.0001291322402957977,0.00934949885404683,0.010995441421159106,0.009150097258133918,0.0023132383533588726,1
2024-10-29,0.0001241462160731344,0.0001261060500011287,0.00012802579435961987,0.0001287377385118221,0.010160705864107574,0.010962468232432082,0.009227618564230303,0.002311595547063284,0
2024-10-30,0.0001306128418730962,0.00013182483582828048,0.0001325583311782,0.00013364256544707364,0.012242114303779611,0.011328124787527169,0.009584457548191802,0.0023305191114621903,0
2024-10-31,0.00011164001296134247,0.00011144987670659686,0.00011327718543425506,0.0001150791987996405,0.01301064726526308,0.011538182065482825,0.009122874571126715,0.0023654266424194574,1
2024-11-01,0.00011163309268589349,0.0001118372779386039,0.00011366755295183696,0.00011476121735772188,0.013079973634493708,0.01067921441144256,0.009117334952860183,0.002420945412238002,1
2024-11-04,0.00011202710881656267,0.00011265497696786483,0.00011464543815769579,0.00011500611333473236,0.01147971224252516,0.010584683809420186,0.009080431513191349,0.0023018727847441763,0
2024-11-05,0.00011112667155844567,0.00011189968711483543,0.00011366273765364137,0.00011355710808891039,0.01142700349023386,0.009869448407085318,0.009152571630669928,0.002288764433143583,1
2024-11-06,0.00011598057798516892,0.00011600757289105103,0.00011643239785682438,0.00011706812182890554,0.01096234077973414,0.010492959764365161,0.009444368283069183,0.002270898390328544,0
2024-11-07,0.00011621520459838385,0.00011681723015826227,0.00011717644642711978,0.00011699354368693844,0.01008110392311367,0.010503358482831559,0.009445269980500536,0.002251093844970565,0
2024-11-08,0.00011530552361533827,0.00011605468697939187,0.00011666302214976334,0.00011655244987918092,0.01025618352552328,0.010395095962245185,0.009301523465790112,0.00217883095499401,1
2024-11-11,0.0001148618213895687,0.00011580086093438625,0.00011620037014474834,0.00011554338887830052,0.010566787692505223,0.010391231617467814,0.009339742957982396,0.002095716380987317,1
2024-11-12,0.00011355524633076861,0.0001147273506017036,0.00011602470136630681,0.00011507935429794435,0.010158989659817675,0.010099704839122634,0.009149581944494951,0.0018952010835030055,0
2024-11-13,0.00011348802591307587,0.00011434819149844863,0.00011531725512363197,0.00011449885692886649,0.008279618333018896,0.010563832712324415,0.009317529146151146,0.0019192285123903101,1
2024-11-14,0.00012161188900802194,0.00012151432594319468,0.00012074133742149624,0.00012137379823518167,0.012527153484909315,0.011563140398105945,0.009644887518248511,0.0019098129207822205,1
2024-11-18,0.0001220529318672354,0.00012245749612492865,0.00012316210905349685,0.00012266573980876657,0.012072988058795633,0.011354887390494528,0.009643106247967501,0.0018925155058470118,0
2024-11-19,0.00012258411545132462,0.0001233505078817421,0.00012507581525069198,0.0001238844116762986,0.011790329474734807,0.010838193959953443,0.009624570889583812,0.001860608306351437,0
2024-11-21,0.0001225471219360688,0.000123533001878868,0.00012595503077369265,0.00012427970788198383,0.011703841496597471,0.01088578579052158,0.009647068949706279,0.0017049355422550096,0
2024-11-22,0.00012270604978935088,0.00012387823938981188,0.00012684626565987773,0.0001248133149711244,0.010152401726458048,0.010507921042643002,0.009653573630574478,0.0015978159494551573,1
2024-11-25,0.00012334810784513006,0.00012427481872931875,0.00012672070397096294,0.0001248046147129703,0.007677733171934917,0.011031576946017519,0.009840979149880755,0.001557702118852217,0
2024-11-26,0.00012977340114921063,0.0001299018529272105,0.00013131284419119537,0.0001300833678573429,0.012016298078595045,0.011899826374465875,0.010193365321492138,0.0015763012712192515,0
2024-11-27,0.00013051420126393722,0.0001311607576849312,0.00013242709889279625,0.0001307876504180141,0.01190477355165624,0.011447448381065931,0.010193417385919903,0.001591760145716332,1
2024-11-28,0.0001312137371204094,0.00013222589362785116,0.00013336219653577674,0.0001314565037951743,0.011713320523700835,0.011269020178597242,0.010184825173213952,0.0015914572291624346,0
2024-11-29,0.0001311802027123405,0.00013233489079244462,0.0001334084419918247,0.00013134278775804633,0.011985381657617145,0.010433667013634497,0.010229310672616997,0.0015349751323627198,1
2024-12-02,0.00013176577533408082,0.00013313385814012598,0.00013428974260065973,0.0001319540765069029,0.010007243152794372,0.010218252454819183,0.01021689352740456,0.001455038079537811,0
2024-12-03,0.00013240306101904004,0.0001339323585967653,0.000135141477976291,0.0001326225205994956,0.0037748490389484307,0.010119130965126575,0.010192106458691761,0.0018662103191256331,0
2024-12-04,0.00013225511385633307,0.00013373079537937888,0.00013492886547399182,0.0001323412697835149,0.006269436375193403,0.010388675770280978,0.010292484734328984,0.002023919455946883,0
2024-12-05,0.00012812074385104281,0.00012976800779310497,0.00013099952676524617,0.0001286910731116021,0.007852220155990956,0.01047669098230521,0.010135598376912013,0.002046281792442448,0
2024-12-06,0.00012824313056644397,0.0001300706770258425,0.00013121763680297628,0.00012890790240838363,0.007622637814419405,0.009661486962217735,0.010074993807077718,0.0021095634546484344,0
2024-12-09,0.00012857020587714484,0.00013038456865463373,0.000131359718327171,0.00012886815275516605,0.007555370444657203,0.009657972084877016,0.010070010228625149,0.0021698798853947627,1
2024-12-10,0.00012896425453505706,0.00013078257022407973,0.0001316405699259694,0.00012901293132737494,0.007589329917973242,0.00951309458131478,0.01005122111212726,0.0022216186720793213,1
2024-12-11,0.00012779565097355988,0.00012998241763644098,0.0001308564089296726,0.00012835953644550473,0.005877204049937952,0.009415185371863631,0.009875580458325959,0.0023527271526537588,0
2024-12-12,0.00012784356873146434,0.00012988705881834505,0.00013078538097553125,0.00012820140799126744,0.003704923220557153,0.009348336762718842,0.009877212562590259,0.0026229166129307304,1
2024-12-13,0.000127949119351995,0.00012988690363828183,0.0001308393927380045,0.00012815555067874983,0.0028180151396199303,0.008842602146301134,0.00987188390652804,0.002877845680270488,1
2024-12-16,0.00012770064414938513,0.00012949229419852076,0.000130555937257443,0.00012774089350338474,0.0040974694463196204,0.007631601742067356,0.00991136269128061,0.002964954994425976,0
2024-12-17,0.00012787278455537418,0.00012980130963608012,0.00013077709752290633,0.0001280191337233773,0.004008133206054047,0.007620760545736458,0.009814516020793803,0.0030212088587050043,1
2024-12-18,0.00012886047142635185,0.00013059066393719302,0.00013173384303775422,0.0001288966896553409,0.007308915208955668,0.008200476125736888,0.009955626540304807,0.002995741437230613,1
2024-12-19,0.00012831285828371174,0.00013019729597795636,0.00013098066101069583,0.00012834272935510592,0.009278211529008514,0.008641048899241804,0.00993497768409467,0.0029559937353247925,1
2024-12-20,0.0001283002819575777,0.00012998599047276142,0.00013091827360363356,0.00012822320927035626,0.010371938377295761,0.008906069500039143,0.010005730309091944,0.0029424876802466166,1
2024-12-23,0.00012991850732518688,0.00013103682371685233,0.0001316451843960569,0.0001291012672660627,0.012208285372312751,0.008986935318428882,0.010210355602528474,0.003001926584601016,1
2024-12-24,0.00012972625288165874,0.00013063760148687188,0.00013159690790459918,0.00012886659393888147,0.013152286248343652,0.008076124987061187,0.010302688330708583,0.0030963927506055693,0
2024-12-26,0.0001301910783729332,0.00013130911722016296,0.00013304748559425357,0.00012993342414635456,0.011582454534162368,0.008084257146993271,0.010284276349554568,0.003121059610482659,1
2024-12-27,0.00013059396194718041,0.00013202011734201696,0.00013421509698544924,0.00013091254758396863,0.009967774930639644,0.00807504742545344,0.010204131784985216,0.0031185984719146504,1
2024-12-30,0.00012855558882797686,0.00013062682493234447,0.0001329980123945354,0.00012967198656152799,0.008787330191283273,0.007918966065244927,0.009998297223289121,0.0031165168837050225,0
2024-12-31,0.00012826736100040608,0.00013013487249244736,0.00013273014808982823,0.00012921881400827808,0.006010128363111967,0.008047309380973724,0.010038285326351898,0.003082829978983395,1
2025-01-01,0.00012029583797305814,0.00012348688844601827,0.0001266828433015201,0.00012317333438759465,0.003583558086481958,0.008054309134228655,0.009683565589262822,0.0031509791584438474,1
2025-01-02,0.00012044008332010732,0.0001234908319123965,0.00012693589529876273,0.00012312223429604608,0.003923054887252036,0.0077056048052803906,0.009649463906017182,0.0031873239809107746,0
2025-01-03,0.00011489964396537932,0.00011920797098703119,0.00012349433896434556,0.00011967345596479517,0.006134683721141347,0.00769419499807444,0.009422803943399366,0.0031349615213186123,0
2025-01-06,0.00011526739870033495,0.0001193722161900927,0.0001232055198509906,0.00011946179590159172,0.008064744136253618,0.00802769557381543,0.009449698957524967,0.0031077735496722186,1
2025-01-07,0.00012400840657900614,0.00012641100310904687,0.000127936760475953,0.0001250563011276623,0.012025861968673463,0.009308255564632103,0.009835998269412175,0.003197395008151541,1
2025-01-08,0.00012431787777231255,0.00012698980332480442,0.00012912781717899438,0.00012598481042894522,0.012256566179683757,0.009382338040595219,0.009773864054803282,0.0032079821603545034,0
2025-01-09,0.00012425343585380303,0.00012684879573572093,0.0001292291492067635,0.0001259005786260632,0.012565962488455118,0.009498253358872027,0.009778210930153863,0.0032375289587175757,1
2025-01-10,0.00012417342782913347,0.00012712403333713573,0.00013019639184312423,0.00012661752370914298,0.012011451391582191,0.009583202167538954,0.009682169210297882,0.0032495334665281336,1
2025-01-13,0.00012514695068168227,0.00012724837444990942,0.00012922965378222778,0.0001259990418978946,0.012823093939513518,0.010176764143846077,0.009888591115206383,0.0032876276040801696,1
2025-01-14,0.0001253417764954113,0.00012679297600424634,0.00012814900633198814,0.00012498945366563836,0.010771645653780948,0.010557149009712722,0.010056522862121437,0.0033057688297848985,1
2025-01-15,0.0001259546781119648,0.00012708176443478522,0.00012814888099529133,0.00012497009299271392,0.012255281241738605,0.011025423517360201,0.010141818092817882,0.0032827308002622664,0
2025-01-16,0.0001252288759308967,0.00012726659328030952,0.00013043059453302344,0.0001261154687874974,0.011809394382129097,0.010570109053579507,0.009940514111569137,0.003313496050971672,0
2025-01-17,0.00012466089884676933,0.00012636099760045025,0.0001297358677754381,0.00012529227634385307,0.012396398618721651,0.010427566167051048,0.010031653145991396,0.00338127778759535,0
2025-01-20,0.00012508154614932843,0.00012664310876201942,0.000129663356004199,0.00012536901810791053,0.012253652089680546,0.010686919546698155,0.010065530752284356,0.003433248823360394,1
2025-01-21,0.00012615520691559647,0.0001267978036832541,0.00012840842269765929,0.00012482753163819385,0.012804011067918024,0.010732125238607856,0.010289787954904503,0.0034951994288285227,0
2025-01-22,0.0001270459837994217,0.00012700271245300003,0.00012785804402891236,0.00012474471799550152,0.013200962414244096,0.011039957314824107,0.010467574059322533,0.0035621142647744657,1
2025-01-23,0.00012702501269923908,0.00012788203369757506,0.00013063400045591723,0.00012627081663938805,0.01327455598207251,0.011056326301076372,0.010306011826950876,0.003575276430604893,0
2025-01-24,0.00012788545892641887,0.00012915520772017566,0.00013290353950269577,0.00012787670762640313,0.0124355141139287,0.011070478974312068,0.010242927827361989,0.003438758038884482,1
2025-01-27,0.00012148835061414976,0.00012407657289135145,0.00013011639472892218,0.00012373316551970653,0.01064219346516086,0.011100451651280572,0.009912810865345291,0.003177250205766683,1
2025-01-28,0.0001218087526411471,0.00012445541259311802,0.00013138051978205462,0.0001245200164484414,0.008146133297853256,0.011078717133697898,0.00986424257663367,0.0029957550588987076,1
2025-01-29,0.00012335875984575897,0.00012526791227563977,0.00013096827169423484,0.00012496484543556447,0.008390831925209752,0.011673547039037474,0.010058833722848179,0.002782579303439251,0
2025-01-30,0.00012316505300172473,0.00012497702968851518,0.00013091476665173826,0.00012478564123780524,0.008709863707080347,0.011720076484936177,0.010077385945570363,0.00274126829357906,0
2025-01-31,0.00012383431257183348,0.0001258203750862671,0.0001321904745156246,0.00012570852834704025,0.00872189265595697,0.011496293816121153,0.010018756777726042,0.0027509453399116625,0
2025-02-03,0.00011940029161350562,0.000122343232284586,0.00013027302679421475,0.0001224355204561742,0.008837658777746747,0.011246601955016429,0.00973437692033648,0.0027652490796675195,0
2025-02-04,0.00011861060361031962,0.00012115376450631459,0.00012924216661225137,0.00012166002000147885,0.009045724433631467,0.010345961382993561,0.009780234547070983,0.0027512208947020203,1
2025-02-05,0.00012326895975665257,0.00012508779728556574,0.000131861135700631,0.00012544630556051315,0.009987703929227836,0.011120000192799321,0.010036294799524668,0.0026949881971371826,0
2025-02-06,0.00012369556983587648,0.0001256275690476439,0.00013230754865483228,0.0001258439819476159,0.009747875510865901,0.011029034805515552,0.010008365520855576,0.0026812978669030793,0
2025-02-07,0.0001241633342723961,0.00012617264253833688,0.00013257860118155655,0.00012623616252413115,0.009663483806694533,0.010928941403176334,0.009977824148366645,0.002682206189080687,0
2025-02-10,0.00012402560583292372,0.00012638800629155794,0.00013300360061710098,0.00012626751643122125,0.009546238413148172,0.010400037882111232,0.00983054642609096,0.0026735226866717284,1
2025-02-11,0.00011652510689512186,0.00012008298710810545,0.00012869924003670869,0.00012005922011799285,0.009056874575206784,0.00992665974452113,0.009455744533462186,0.0025699227745208677,1
2025-02-12,0.00011555989704753912,0.00011850063885568178,0.00012567356717676232,0.00011795662477560921,0.006026944813270009,0.009756405109202877,0.009571196297354766,0.0023861483377965917,1
2025-02-13,0.00011535615543604113,0.00011805890010763078,0.0001245995803175223,0.00011709374762718851,0.0058381094762673105,0.009761917864196997,0.0095615559138436,0.0022316365268823307,0
2025-02-14,0.00011531649016175489,0.0001178683427467636,0.00012396918292084013,0.00011658759627799053,0.0059274444539023875,0.009476694305190256,0.009543053271033351,0.0022453012170888004,1
2025-02-17,0.000115045217362746,0.00011745307015080773,0.00012320449790834291,0.00011589902660946262,0.006065147092689582,0.008934164363811862,0.009545463428888307,0.002341794301702686,1
2025-02-18,0.00011430943393268341,0.00011704666598134637,0.00012367957026283865,0.00011589426112350735,0.006030336790830921,0.008163586177616228,0.00935570517267681,0.002438096656505463,0
2025-02-19,0.00010690248757802934,0.00011076629852845038,0.00011906717629031561,0.00010990520448484935,0.003431961479671371,0.00738685849253901,0.008975339003970231,0.0026817880609432045,1
2025-02-20,0.00010562801684916059,0.00010888214240735386,0.00011741571298070854,0.00010851777758726794,0.005519436280620792,0.007671872357579501,0.00906375916062751,0.0027344682108191524,0
2025-02-21,0.00010474232374506385,0.00010763564758331654,0.00011657208992908182,0.00010767821058141492,0.005816396288270113,0.007720417642857543,0.009080505570068842,0.0027728859280019332,1
2025-02-24,0.00010450886352999142,0.00010724782605979664,0.00011641993132858593,0.00010747312895569376,0.006210348062929397,0.007819675709887872,0.00907519290176484,0.0027463584930756076,1
2025-02-25,0.000103702390864638,0.00010621881203608996,0.00011559488259790541,0.00010665797140314115,0.006750120339981311,0.00783870515479602,0.009109380881000727,0.00275933289162634,1
2025-02-27,0.00010319384447741807,0.00010560653854945847,0.00011549069046863651,0.00010630458493868915,0.006579461588718995,0.006912777443898585,0.009109154517868508,0.002719282594431673,1
2025-02-28,0.00010339429469626814,0.00010591918091291644,0.0001161629053956832,0.00010672380489164291,0.005067438478570397,0.006805286710017262,0.0090008974632802,0.002737299669087137,0
2025-03-03,0.00010337831529618445,0.00010591811781495506,0.00011621751126553901,0.0001067179933294573,0.005887253031572973,0.007017972126553245,0.008955767991338645,0.002678211974111972,1
2025-03-04,0.00010318871559224837,0.00010566392838846317,0.00011644718726621866,0.00010675326721556435,0.0053749528096630654,0.006988834270918549,0.00894005511218659,0.002623773070886779,1
2025-03-05,0.00010267712233704327,0.0001050753850428808,0.00011655372105667398,0.0001065703627108418,0.0046117580864746,0.0068048581200174435,0.008944060089028656,0.0025413862013457553,0
2025-03-06,0.00010211394988241116,0.00010444754843652266,0.00011639821041629617,0.00010623163924214963,0.0051213990531416955,0.005422648486650682,0.008964518726729135,0.0023738703409871445,0
2025-03-07,0.00010180537766048923,0.00010413916964479105,0.00011649450273635183,0.00010616246401862718,0.005127331778360533,0.005397132641787602,0.008962616179881974,0.0021519019224913653,0
2025-03-10,0.00010156195632417873,0.00010391286521244043,0.00011660339731205726,0.00010613545075294866,0.003769445863485183,0.005427557782092496,0.008958011450761789,0.002012749086407668,1
2025-03-11,0.00010120863481949414,0.00010354282127903464,0.0001164384411594717,0.00010588562805232302,0.004047651834486485,0.005491539752155549,0.008979315587102105,0.00195934274730315,1
2025-03-12,0.0001011574351296523,0.00010346441559764888,0.0001164338972151093,0.00010583901898319718,0.005130244603890468,0.00569027259362391,0.008988347476715284,0.001963590687067225,1
2025-03-13,0.00010080145525942823,0.00010312742123247253,0.00011646863703461406,0.00010568452159566138,0.004977096206817085,0.005149463304772898,0.009004894534256394,0.001959220628107791,0
2025-03-17,9.959995616557516e-05,0.00010216919347165855,0.00011586008780254779,0.00010484245987015824,0.004812821881275968,0.005137993168937739,0.00882083177476181,0.0019404719775145758,0
2025-03-18,9.876818792132813e-05,0.00010155557518860084,0.00011551450369957179,0.00010438964745958721,0.005399238792217853,0.005287974935953819,0.00868916087328592,0.0018991983313510034,0
2025-03-19,0.00010816481706105148,0.00011006546594490217,0.00012224798788167333,0.00011220234139210154,0.009988203057608431,0.0067750687535639825,0.008942987921508185,0.0019624877981723977,0
2025-03-20,0.00010589592639003608,0.00010832679480295893,0.00012127787003105798,0.00011085718409390348,0.010032066384474922,0.006960499315614008,0.00876111108134871,0.0020166873061332343,0
2025-03-21,0.00010585511649792927,0.00010843524575717416,0.00012116466860974727,0.00011083418246357064,0.010368244129077976,0.007102640636253222,0.008696624630849404,0.002041178382615156,0
2025-03-24,0.00010535606848342421,0.00010743071139649018,0.00011959940910806195,0.00010957019413999916,0.01139026374976522,0.00715663724541048,0.008799951390192677,0.0021530939252574393,0
2025-03-25,0.000117131082102107,0.00011724829867853077,0.00012892467477816833,0.00012016394315169128,0.014722271281100936,0.008584368374918888,0.009234928869914468,0.0025708357908820595,0
2025-03-26,0.00011724170737222092,0.00011775181162618375,0.00012823995227694837,0.00011962828115015,0.011836346655949704,0.008442998661008375,0.009231315931112191,0.0026918474530935243,1
2025-03-27,0.00011721732919818034,0.00011785417176279085,0.00012790504152928965,0.00011934630109268612,0.011825969402452874,0.008486513279818962,0.009241287418984808,0.0028199764090341885,1
2025-03-28,0.00011689266158479189,0.00011758780170131147,0.00012695721700294136,0.00011854527820141007,0.011815801594055198,0.008632987150223132,0.009284156030525183,0.002960548984653786,0
2025-04-01,0.00011712427736938061,0.00011811066375201526,0.0001266575308853659,0.00011835339544940556,0.010834363251248324,0.008610666655019956,0.009270305645125985,0.0030335818170556255,1
2025-04-02,0.00011820687939444168,0.00011881301366098736,0.0001278497150181179,0.00011962934202502919,0.008027316082815709,0.00900754651418599,0.009355080589014861,0.003028645342719874,1
2025-04-03,0.00011787002236848582,0.00011858690273881619,0.00012775384474118654,0.0001194809666918017,0.00919225098415971,0.009229629813931287,0.00931872535101867,0.003041349101574586,0
2025-04-04,0.00010806124270905244,0.0001101299156016537,0.0001212067203239165,0.00011169923768482073,0.008783183166463603,0.009273074254011722,0.008931870223948554,0.0030425230457157807,0
2025-04-07,0.00010818095910073046,0.00011024136381865807,0.00012023056452551514,0.00011093944718943001,0.008223599753174458,0.009212935650249617,0.008905760386649983,0.0029505999151942103,1
2025-04-08,0.0001657229877130958,0.00016469598236018584,0.0001726827508328714,0.00016645886406695665,0.016665543678196584,0.01170496834574941,0.009794129763440247,0.0033566832376891397,1
2025-04-09,0.0001656592886587907,0.00016445680422474176,0.0001719582331693966,0.00016603476231292564,0.01642854051901431,0.012044000563434541,0.00989878937453172,0.0036691198790955127,0
2025-04-11,0.00016503711667134374,0.0001648542335695306,0.00017261506724915542,0.00016707850805907905,0.015966018237412633,0.012034061232528776,0.009714875647636212,0.0039024271469333843,1
2025-04-15,0.00016493300758806614,0.00016467310759931718,0.00017279252266511224,0.0001670619723466058,0.01719204275819319,0.012381503836221348,0.009733437438705944,0.004184863808724086,0
2025-04-16,0.00018033383857437825,0.00017807062844349688,0.00018679229651502325,0.00018030712971799518,0.02090138373161354,0.013707744967962524,0.01015884975589895,0.004688914954269751,0
2025-04-17,0.00017979024614481645,0.0001771767612895635,0.0001847695630991862,0.000178920847022446,0.0163071387663098,0.014060446793956955,0.010318109940570088,0.004774859596981391,0
2025-04-21,0.0001840172921750342,0.00018006112490727487,0.00018909126651384548,0.0001829760722307689,0.018100019835229648,0.01482135905364588,0.01060570755260883,0.004945111447216315,0
2025-04-22,0.00018438058387980209,0.00018001564789317398,0.00019052113469464612,0.0001840097380928824,0.01975745961530597,0.014746758365175005,0.010695602395003032,0.005150848451208059,0
2025-04-23,0.00018438875914112627,0.00018145711304419404,0.0001909173208343213,0.00018430784432962586,0.018778849639272014,0.0147072209034995,0.010510233690810788,0.005221248223389454,0
2025-04-24,0.00018484458040344672,0.0001830956657220274,0.00019138598034504256,0.00018474997022057419,0.014685204254587437,0.014660864794629275,0.01032721548341971,0.005129477476749735,1
2025-04-25,0.00018551080989240084,0.00018399016815087452,0.00018995418148376835,0.00018422977421242152,0.013354385907862433,0.01448608099927027,0.010326690738902567,0.004995029308405422,1
2025-04-28,0.0001851624014377149,0.00018353675089426014,0.00018821452944355434,0.00018307578135328065,0.0101066763295425,0.013821092318845209,0.010397416696187819,0.004773809069605836,1
2025-04-29,0.0001847920788872001,0.0001828946648511043,0.0001869554100068028,0.00018228234645486924,0.008521860649392145,0.014163249414340648,0.010536115485484839,0.004583264176573595,0
2025-04-30,0.00018581850626910647,0.00018417883579179727,0.00018685360232266926,0.00018255861546749715,0.00806860218056516,0.014057544021430272,0.010505248689215934,0.004458040487022833,1
2025-05-02,0.00018527915220771044,0.00018409012119417206,0.000186959068081633,0.00018228535677792743,0.008134983478867354,0.014020775789849931,0.010310142463840042,0.004315759002672369,1
2025-05-05,0.00018600286711776217,0.00018480625327822812,0.00018679857030948265,0.0001824771801466542,0.008023039832372634,0.014021161791748166,0.010280215390736208,0.0041596472661053,0
2025-05-06,0.0001862660439720989,0.00018496221422836722,0.00018618777153862792,0.00018224741581901178,0.006911303464347178,0.013669479540449168,0.01028336031138105,0.004079688879254921,1
2025-05-07,0.00018602139182426468,0.00018459840292946143,0.00018557698892789832,0.00018186997801968065,0.006078275504210526,0.013737162105403933,0.010372069765781573,0.004222586807305741,1
2025-05-08,0.00018634121637659998,0.00018490468664458245,0.00018569520294161598,0.00018202716237716485,0.006679131404488667,0.013765215812334518,0.010356594783262927,0.004329558703032062,0
2025-05-09,0.00018369236383537622,0.00018255617770689215,0.0001840455756131993,0.0001797008977091417,0.006526953982651509,0.013795852188141616,0.010076521183795975,0.004442637426974326,1
2025-05-12,0.0001835395340309049,0.0001821772156226729,0.00018356332532363614,0.0001795709653398695,0.009126171028059878,0.012164688276986753,0.01023254555498132,0.0044747161713095075,1
2025-05-13,0.00022031316351424598,0.00021867912959795192,0.00021834730315197268,0.00021658491985421854,0.017205987961246918,0.01390654308018992,0.01107411807611397,0.004548188887822456,0
2025-05-14,0.00022059603233069575,0.00021925554256949515,0.0002183218246907408,0.00021655927802041226,0.01675417555868153,0.013969852818966203,0.011107541377840773,0.004625019323069715,1
2025-05-15,0.00022141568759473585,0.0002204176261641012,0.00021887506354952206,0.00021698616686459423,0.016559535137986792,0.0135699717688289,0.011102927140217345,0.004688624734671966,1
2025-05-16,0.00022150283402652085,0.000220659993117434,0.00021897438694922023,0.00021697848769133078,0.017041800621200167,0.01239815789648594,0.0110775081984488,0.0047605122077745725,0
2025-05-19,0.000222172947412388,0.0002214822788665384,0.00021913663087875054,0.00021717188503452911,0.015801415598735435,0.011996671660145073,0.011075728249511379,0.004782190894244197,1
2025-05-20,0.00022276948668817394,0.00022216103913562632,0.00021927566525847404,0.0002173515221612125,0.0058884230547804044,0.01096164414904392,0.011072383145626108,0.004870871119517545,0
2025-05-21,0.00022273292541138173,0.0002221147995471556,0.00021900423905558394,0.00021717156204328008,0.0064223463471237184,0.010386487294632856,0.01112426113228721,0.004965488264347489,1
2025-05-22,0.00022315902019615278,0.00022256172969574634,0.00021912471459573023,0.00021731974890203793,0.006522316263859548,0.010325598661804962,0.011126078751468912,0.005042494354817046,0
2025-05-23,0.00022360756529852854,0.00022300462218010096,0.00021929408129450106,0.00021750995369527293,0.0048443144408400725,0.010279462963934026,0.011121388093234989,0.00517856144992982,1
2025-05-26,0.00022370713081896332,0.00022311283182673269,0.0002193760152360807,0.00021756114920684936,0.0060981802029263675,0.010422676029894625,0.01110099357421001,0.005240614060802609,0
2025-05-27,0.0002240775089782846,0.00022344501516239075,0.000219523449127855,0.0002177295908437533,0.0062343208327283045,0.010214602532848876,0.011091319100786768,0.005280144400487774,0
2025-05-28,0.0002244323502876271,0.0002237684231592163,0.00021970301368717343,0.00021793410540373948,0.004751492032405968,0.009765641823411277,0.01106420083852677,0.005367844742950319,1
2025-05-29,0.00022484240114840478,0.00022413061555435305,0.00021991917353022167,0.00021818612140867236,0.0045008554690025475,0.009767641855935635,0.011030900219970254,0.005393975187070628,0
2025-05-30,0.00022502516358652284,0.0002242263163421135,0.00021970488770431374,0.00021815120437070586,0.004489596227580647,0.009703710030097082,0.011034379747458493,0.005178492659109926,0
2025-06-02,0.00022516558333807675,0.00022429256096240805,0.0002195296203678053,0.00021811582654954046,0.0030190311708785432,0.009737480212501825,0.011038645435063063,0.005224705473852808,0
2025-06-03,0.00022542680131480653,0.00022451981645077614,0.00021968499204973483,0.00021830645333506505,0.0029443676997597556,0.009724397220283398,0.010993247418450992,0.005143191786267374,0
2025-06-04,0.00022549341311301155,0.00022452932877751994,0.00021948466490614524,0.00021824054312938822,0.003386782497351278,0.009433926853011917,0.01099840390057173,0.004874518962956167,1
2025-06-05,0.0002256408113310225,0.00022460344930528382,0.00021931290903050228,0.00021822923098451403,0.0034034771163341908,0.009335418708690665,0.010994257818624092,0.004602394588266816,0
2025-06-06,0.00022582177794544614,0.0002247306549630816,0.0002192843324382326,0.00021830737462459528,0.003310006127006901,0.00928712772688628,0.01097655778326691,0.004535053437152216,0
2025-06-09,0.00022644500434855247,0.00022536958640087914,0.00021983444682204282,0.00021890135494954734,0.007116776374555941,0.009309076107319894,0.011130211480816957,0.0044238517211999655,0
2025-06-10,0.00022651058581450313,0.00022540868597712503,0.00021967985042928133,0.00021883154546832543,0.007305863401438789,0.005822053407289623,0.01114070907214501,0.004403343388828232,0
2025-06-11,0.00022665681632361967,0.0002255511917895076,0.000219678116950341,0.00021889381318658042,0.00708546915231993,0.005601280610924457,0.011125792286606654,0.0044021596100037455,1
2025-06-12,0.00022681221064835814,0.00022572069538545102,0.0002197568866943435,0.0002190160780854031,0.007184414875863002,0.005612436703175123,0.011089713203389957,0.00440238992581926,1
2025-06-13,0.00022680274446441661,0.00022567932441579133,0.00021953730060698595,0.0002189020882943675,0.00775551584363702,0.005355558403429237,0.01111003446057422,0.004401478690431774,1
2025-06-16,0.00022675622431288884,0.00022557359046425764,0.00021926328703997312,0.00021873012142044633,0.00612973722131145,0.0057992356256205855,0.011184027730182738,0.0044092506645392795,1
2025-06-17,0.00022676276478459528,0.00022557583375946912,0.00021922280429392764,0.0002187093958629334,0.006674966024542476,0.006030482336970605,0.011198170146112772,0.004410677671182821,0
2025-06-18,0.00022248930384362613,0.00022166820510014862,0.00021570153160759014,0.00021494306189093085,0.006724468794617649,0.005689229427098326,0.010919605183286777,0.004404758937887525,1
2025-06-19,0.00022263615802935074,0.00022181985470760035,0.00021592553124604157,0.00021513507504656565,0.006653489907649021,0.005650798649172734,0.01087584264631931,0.0044049428458503145,0
2025-06-20,0.00022269965907298914,0.00022185860126285425,0.0002160217569891762,0.000215224970270117,0.006273179804436646,0.005714311544430051,0.010851446474704004,0.004407281992801076,1
2025-06-23,0.00022288525484821727,0.00022206943255414743,0.0002161437560294956,0.00021537040589017422,0.00698123760133154,0.006043062386421934,0.01087807154091427,0.00439861666722578,0
2025-06-24,0.0002167379939881161,0.00021675846101594225,0.00021006015149782845,0.00020913285365880088,0.00631567268876713,0.0060516079295569606,0.010519547777403129,0.00400162162289713,1
2025-06-25,0.000216453277541636,0.000216163258448311,0.00020987206136007539,0.00020893648315511702,0.006834484508651731,0.00619683039669534,0.010557242398173674,0.003565831852417316,0
2025-06-26,0.00021654112033907784,0.00021619345782514354,0.00021003737614317368,0.00020907579615032717,0.006888559687396212,0.0062233563313524734,0.010515885370353759,0.003054362256706138,0
2025-06-27,0.00021658623152696928,0.0002160818417697722,0.00021005102969311534,0.00020911057095915626,0.008034430183583208,0.0066145487335757215,0.010559299172550813,0.002340163260427466,0
2025-06-30,0.00021640546316003233,0.0002157342884251001,0.00020990248768057546,0.0002089779531728192,0.006228553398832731,0.006628626182251582,0.010572766650586693,0.0014774445180542487,0
2025-07-01,0.000215857183018101,0.00021548523622472632,0.0002093135824839455,0.00020838027029285126,0.006120873963087911,0.006619736230638757,0.010412164039683671,0.0014781714894886138,1
2025-07-02,0.00021593551710838955,0.0002156285758367257,0.00020943532800469093,0.00020849989363200448,0.005341637379668571,0.00653195265738234,0.010334005420558694,0.0014775281973731912,0
2025-07-03,0.0002157914531074686,0.00021530327348618877,0.00020923284434476723,0.00020830768373103722,0.0063152269563809356,0.00676792233881879,0.010367191545302877,0.0014747041689922263,1
2025-07-04,0.00021561457121808383,0.00021498946775611608,0.00020906169774946568,0.0002081303549107418,0.004622275164893188,0.0068084195474162335,0.010375144268012072,0.0014803761698109867,1
2025-07-07,0.00017526659901191926,0.00017666152972017129,0.0001678925375049272,0.00016671294543519174,0.004636418411607798,0.006053978237039321,0.009509454792340074,0.0014950300017710079,0
2025-07-08,0.00017532043610380907,0.0001768111420082597,0.00016808354442533773,0.00016677740506892941,0.004568659512142397,0.005974542676019901,0.009362752560119874,0.0015082713434914706,1
2025-07-09,0.00017477176591481456,0.00017564076545467473,0.00016717372737777987,0.0001652748787701576,0.005034915614954858,0.006037634557804402,0.009362766032170376,0.0015028741785188405,0
2025-07-10,0.0001744300419314758,0.00017567657955472766,0.0001671589268315488,0.00016539586126846734,0.003539265394941109,0.006002700924676233,0.00915925757444473,0.0015397802283592902,1
2025-07-11,0.00015799091920212023,0.0001619145033241127,0.00015138244180399842,0.00015090288355146922,0.0037341366212183605,0.005899450339641337,0.008508815807710504,0.0015661640733770157,1
2025-07-14,0.0001580018406772229,0.0001619466388224296,0.00015143761417371333,0.00015101501703883728,0.003591061760160647,0.005520974917103409,0.008327313068012593,0.0015359399214014088,1
2025-07-15,0.0001531357449682149,0.0001588737931868093,0.00014587546809962672,0.00014615236792762254,0.003532934765279524,0.005260872013679301,0.007835839329880311,0.0015030510225452246,0
2025-07-16,0.00015189814917434107,0.00015849028721191764,0.0001439455250963173,0.00014460637664091808,0.003208649433807492,0.0052651940807928056,0.00748261804682797,0.0015128684462391516,0
2025-07-17,0.0001504963283955493,0.000155996914781727,0.00014328946130695116,0.00014374896892239617,0.0034351693063649318,0.005283491595920258,0.007449044604115815,0.00151121617092366,0
2025-07-18,0.00014897385633142217,0.0001535521616172571,0.000142506460298813,0.00014274349387165158,0.003853805475811633,0.005355209823764636,0.00746098714447901,0.0014845120700675484,1
2025-07-21,0.00014752287395815473,0.00015125323234079253,0.00014158533322909092,0.00014165933626952016,0.005565244199242029,0.005102913890418191,0.007554038849148855,0.0014611619539376122,1
2025-07-22,0.00014779852944222144,0.0001510347928659587,0.00014180123895732422,0.00014184629130781673,0.00767802275793911,0.005695862738362125,0.0076026950434570995,0.0014770027709775535,0
2025-07-23,0.00014780757980947684,0.00015120373619026425,0.00014185143405152627,0.00014187768442475743,0.007599254095928296,0.00552104064350972,0.007399332334200906,0.0014966524924416723,1
2025-07-24,0.00014625569418222172,0.0001491798497002334,0.00014067486303919388,0.00014075469976166367,0.008297760861036136,0.005767618973995312,0.007469993754615894,0.001547617433703702,0
2025-07-25,0.00014541030792604125,0.0001482208503238713,0.00014030619030608307,0.0001403782770253554,0.007937731845589836,0.005319036743241185,0.007443260826031485,0.0015561386285578062,1
2025-07-28,0.00014425818209168494,0.00014678026347731505,0.00013933094986153273,0.00013948920227719631,0.00789105786589708,0.005648735201195863,0.007542444681625118,0.0016036528850418448,1
2025-07-29,0.00014332554796031623,0.00014573834564244229,0.00013868580153062648,0.00013884252634423105,0.00683502447903973,0.005895419215249097,0.00759694624579761,0.001606914193752714,1
2025-07-30,0.00014341104626206034,0.00014597382701021832,0.0001390492309584332,0.00013910305832104362,0.006746454388742167,0.005892985577630637,0.00744743043840013,0.0016073510052411143,0
2025-07-31,0.0001429874968003921,0.0001456479485811394,0.0001388797154251866,0.00013899443806589216,0.005754651510589783,0.005619066582060044,0.007405599784498169,0.0015994407417455894,1
2025-08-01,0.0001423594217963828,0.00014510184326849685,0.00013847292807612908,0.00013865651963960727,0.00584005405668904,0.005610468144211784,0.007395554316532661,0.0015967869830332928,1
2025-08-04,0.00014196305171744063,0.00014474652669947788,0.00013817553950734192,0.00013821017354456895,0.004882325471867588,0.005700297444402975,0.0072065465936902795,0.0015876355709039044,1
2025-08-05,7.16535675941675e-05,7.822606871940733e-05,7.026675423043579e-05,6.570298613760043e-05,0.0033765959037610044,0.005691059239138166,0.0058303693801878345,0.0016379301760486517,0
2025-08-06,7.0006494402918e-05,7.572416324391426e-05,6.950130436747522e-05,6.513071030009678e-05,0.0038170347217172194,0.0056596929000107725,0.005769445359198882,0.0016519384191618764,1
2025-08-07,6.663581182368823e-05,7.156627819914067e-05,6.707941346311261e-05,6.325322829391154e-05,0.003796917761956091,0.005660958884538153,0.005761316968387453,0.0016585503860895464,0
2025-08-08,6.621738945134709e-05,7.098026276282041e-05,6.725299955985305e-05,6.360507595445177e-05,0.0035966167349724756,0.005587962214019099,0.005618743686025107,0.001612173443945919,0
2025-08-11,6.323148884480756e-05,6.718823095341792e-05,6.458011579765075e-05,6.146183854952809e-05,0.004771791098748838,0.005912863721232693,0.005746716606394232,0.0016034720446059473,1
2025-08-12,6.0481203216601627e-05,6.387914139058324e-05,6.23453213481679e-05,5.951845100686944e-05,0.006287335706945735,0.006257027714690771,0.005864977618122596,0.0016070619172567373,0
2025-08-13,6.034106263212732e-05,6.35131565328727e-05,6.228095925416943e-05,5.9482099056238497e-05,0.007031935429741695,0.006466861286372099,0.005828375848088824,0.0016413573211347132,1
2025-08-14,5.8208105926333815e-05,6.15984397873822e-05,6.120005251628914e-05,5.861323881857508e-05,0.007108350118883639,0.006459761512992703,0.005818800782016692,0.0016651668016483669,0
2025-08-18,5.597887185312714e-05,5.9689514859276155e-05,6.004643105508028e-05,5.7622071758221725e-05,0.007171265456560999,0.0063536705616574546,0.005822392357368358,0.0016949133177709158,0
2025-08-19,5.552754131180728e-05,5.925643602299874e-05,5.981545067417237e-05,5.7483814907506714e-05,0.006632520120906143,0.006181953770866188,0.00579582854601299,0.0017042490955048695,0
2025-08-20,5.376138026508677e-05,5.793472462831242e-05,5.902094249994763e-05,5.6856909868446624e-05,0.005321583466889021,0.0056117911671156595,0.005789559884558183,0.0016965438020706883,0
2025-08-21,5.231032163247317e-05,5.69304088611443e-05,5.8450497507743936e-05,5.640043570113417e-05,0.003978212346342812,0.005598184755945988,0.005779915492877025,0.0017165747387811107,1
2025-08-22,5.059548579452068e-05,5.5787926928985336e-05,5.7647667191660276e-05,5.5774807582688295e-05,0.0038452063439853162,0.005311469941076785,0.00577948399055192,0.0017058478431851137,0
2025-08-25,5.030875166233243e-05,5.515248626474359e-05,5.708846745511868e-05,5.52491215478845e-05,0.006081986903997123,0.005819353406354345,0.005941640651448775,0.0016786565275194094,1
2025-08-26,4.93681740331457e-05,5.4835476165648726e-05,5.722731397065007e-05,5.538562317276168e-05,0.005194257393776466,0.005421663151892878,0.005922874464589342,0.0016403599056642297,1
2025-08-28,5.072364914152114e-05,5.5383587192129706e-05,5.7623986385786723e-05,5.5711976245882855e-05,0.007582858088696877,0.005847028680823976,0.006130922167753065,0.001633655082614101,1
2025-08-29,5.161462861357642e-05,5.5617403941450885e-05,5.764034689194694e-05,5.570300669258759e-05,0.00909999597016195,0.006376793278843401,0.006273148519883491,0.0016768736230455775,1
2025-09-01,5.07709416189692e-05,5.547877221655538e-05,5.831278469687943e-05,5.6190208921221485e-05,0.009191290309026875,0.006407235271088596,0.006283081671096017,0.0017139769350286752,1
2025-09-02,4.9810148572472825e-05,5.4887245751573684e-05,5.826401230811887e-05,5.5933957306259594e-05,0.008300084804057157,0.0065238921021442825,0.0063349058843646935,0.0017059613344790133,0
2025-09-03,4.6523383728251846e-05,5.187790142780429e-05,5.563218316672384e-05,5.328197938244207e-05,0.008771045001604083,0.006532071909763565,0.00610497084032171,0.0017617024627312326,1
2025-09-04,4.587910976130497e-05,5.127265401335246e-05,5.568394148492307e-05,5.3104885325877244e-05,0.007530983142665951,0.006746578480521363,0.006153579896959625,0.0017580733542677247,0
2025-09-05,4.549078706602054e-05,5.143207275032202e-05,5.680815633945544e-05,5.389867721628365e-05,0.005442861908483472,0.00666537624167674,0.00613493806595022,0.00174897356478759,0
2025-09-08,4.5024786588413024e-05,5.1456747631713764e-05,5.754629502970133e-05,5.44748467536523e-05,0.0052773556425764695,0.0066641682407391056,0.006123452518103822,0.0017148535726061573,0
2025-09-09,4.517510395072872e-05,5.1983645251315954e-05,5.8427024048381154e-05,5.53590233795963e-05,0.004461605567863906,0.006656105185215154,0.006064447549773119,0.0017087083711249925,0
2025-09-10,4.5272484281372995e-05,5.247518485853294e-05,5.9115733511936594e-05,5.611102748253959e-05,0.0034521665696742314,0.006320983259587994,0.005927280174164943,0.0017361132640233516,0
2025-09-11,4.523212399723275e-05,5.249596166280572e-05,5.915844310358902e-05,5.625465297625906e-05,0.0027287325777426204,0.006123329894026919,0.005896957949027793,0.0018201797595895294,0
2025-09-12,4.4875015752591566e-05,5.2360619411546035e-05,5.9070945881319445e-05,5.6350797665560856e-05,0.002939229657393859,0.0058502118949505175,0.005881256748389024,0.0018813845626505193,0
2025-09-15,4.428025128519776e-05,5.1979018725630494e-05,5.861884838400313e-05,5.615839346829007e-05,0.00313643003137606,0.0058513482483225085,0.005884501637693393,0.0019359263276511123,0
2025-09-16,4.410643824409916e-05,5.202349064847962e-05,5.860317430680535e-05,5.635613350126265e-05,0.0031448999948423925,0.005824051267710625,0.005858525839365495,0.001984174134470799,0
2025-09-17,4.2721075472714476e-05,5.117446741948977e-05,5.8081307010811666e-05,5.578819011557328e-05,0.0037802527047820435,0.005703492457033536,0.005679967981294379,0.0020054245100773176,0
2025-09-18,4.216892805601237e-05,5.050141414944513e-05,5.747933750483442e-05,5.53227554416875e-05,0.0038959315621154528,0.00584892528816097,0.005719702191083854,0.0019892789056665024,0
2025-09-19,4.217582209156739e-05,5.0627355397313156e-05,5.751925120960495e-05,5.5536243854919084e-05,0.0041864814731399115,0.005886432929109772,0.005670733491001558,0.001979970601127528,0
2025-09-22,4.16069497955e-05,5.0053916431288525e-05,5.6963112866205467e-05,5.5169310722973135e-05,0.004570851314578873,0.005980388265086768,0.005693334856518351,0.0019625466143173126,1
2025-09-23,4.123269235165736e-05,5.013635014723042e-05,5.7000499400454126e-05,5.530032798092243e-05,0.0047391681050655485,0.005503349941248625,0.005551092580739969,0.0019355617566833353,1
2025-09-24,4.0862345001998876e-05,4.9766583992791264e-05,5.680648824425087e-05,5.521765705972258e-05,0.004615303469447303,0.005577634379197971,0.0055501545315974,0.0019378624401840407,0
2025-09-25,4.037260332515225e-05,4.900813472644708e-05,5.630572174876847e-05,5.471422827334039e-05,0.0048315343386049195,0.005066648186369329,0.005615889242804623,0.0019361253712509084,1
2025-09-26,3.997320332095276e-05,4.871489115882247e-05,5.62176062335288e-05,5.471136234458412e-05,0.004603412182348395,0.004386964998129724,0.005616530169481284,0.0019191826427336692,1
2025-09-29,4.15174838168623e-05,4.941208324544618e-05,5.671787552085638e-05,5.5156712586928556e-05,0.006289492613559939,0.004953233161177752,0.00569096042924498,0.0018995826578594671,1
2025-09-30,4.138803419305712e-05,4.948479473277216e-05,5.701542487969433e-05,5.5515889146260464e-05,0.006158497581268803,0.004748239858287441,0.0056740433175841865,0.001875123326559972,0
2025-10-01,4.1252016107805896e-05,4.9477971100725584e-05,5.710014893833035e-05,5.57204409019671e-05,0.006056630818368504,0.0045877981516706835,0.005663015871113856,0.0018642042886759503,0
2025-10-03,4.4530093332552484e-05,5.097842876216723e-05,5.8135212468044824e-05,5.66443634431987e-05,0.0077696150262333815,0.0051559408922744465,0.005901643921875826,0.0019176785536160618,0
2025-10-06,4.454218089937191e-05,5.121745320505149e-05,5.8260337252127254e-05,5.6853883641058165e-05,0.007922022258896788,0.0052467975588661965,0.0058875079275039445,0.0019525248740018288,0
2025-10-07,4.461097123616744e-05,5.071877699899817e-05,5.7867882124589466e-05,5.639094239102536e-05,0.007534658826331946,0.005636015348784813,0.006006170794692328,0.0019595775767606814,0
2025-10-08,4.473507337266795e-05,5.1182898671127706e-05,5.8097369788345984e-05,5.671001068546397e-05,0.00758756408076466,0.005653501822849136,0.0059858483331635855,0.001990247618109264,0
2025-10-09,4.4674306377280885e-05,5.130391270221132e-05,5.801773416153208e-05,5.672948108191676e-05,0.007656343672227719,0.005720439491952887,0.0059899976275720294,0.0020195128987129714,1
2025-10-10,4.4518462219479545e-05,5.13124310179563e-05,5.7830544600761725e-05,5.66444690704543e-05,0.0051963321948277534,0.005610053313843836,0.006003284184446108,0.001992679315596459,0
2025-10-13,4.452671288167509e-05,5.113718970881175e-05,5.763913314276496e-05,5.6429835239469566e-05,0.0058469246992787875,0.005823722949175849,0.0060542278093289525,0.0018867340365329543,0
2025-10-14,4.462248080208709e-05,5.148543228438934e-05,5.7754761576948514e-05,5.662857511591757e-05,0.0041416668065567454,0.005796009114937802,0.0060431922245429955,0.0017761243170124398,0
2025-10-15,4.4774560010705616e-05,5.193372627803295e-05,5.799253488476518e-05,5.698741107243343e-05,0.004127937080317866,0.0058094276827699975,0.006001059705761104,0.0017046522779366907,1
2025-10-16,4.4127425552634716e-05,5.177591132238623e-05,5.782986262967573e-05,5.6912907772747413e-05,0.004435693131402895,0.005836925024538599,0.005910895938142543,0.0015775047504992586,0
2025-10-17,4.358491151861949e-05,5.129244195852597e-05,5.785937930450538e-05,5.673110798541404e-05,0.006444322771632057,0.00616931531827011,0.00588111606828864,0.001532432280781664,0
2025-10-20,4.341465704163533e-05,5.1046831157889535e-05,5.746975862802666e-05,5.6413179580026105e-05,0.005971863795353793,0.0062007968443649145,0.005900272499235375,0.0015395509427561208,0
2025-10-21,4.333174398547649e-05,5.122821434821984e-05,5.749538005281964e-05,5.650315785622079e-05,0.006462007336294251,0.006229762108541979,0.005853394817402266,0.0015588833977087024,0
2025-10-23,4.331616261008079e-05,5.127664580486787e-05,5.7244399850519756e-05,5.642343743775958e-05,0.006384714809535717,0.006190772748138387,0.005844581589329331,0.001568842240765628,1
2025-10-24,4.306772027020042e-05,5.171993046341083e-05,5.737867225524257e-05,5.671756282861883e-05,0.005943370082746659,0.006129873505908084,0.0057178021942887,0.001537643727404108,0
2025-10-27,4.302640182485413e-05,5.1745464325118326e-05,5.7343943111134256e-05,5.6711619785055106e-05,0.004483121268975925,0.006103205269204755,0.005689398995701464,0.0014681381719128068,1
2025-10-28,4.2796845946111976e-05,5.108200858764522e-05,5.636122437953246e-05,5.5945063827235334e-05,0.005024926483037243,0.006282077850116133,0.00575538752042633,0.0013971248462135428,0
2025-10-29,4.265123088443321e-05,5.092096464059478e-05,5.567093071099332e-05,5.5562018821630446e-05,0.004441893712689915,0.0058183426792968885,0.005757322702489424,0.0013424399748452095,0
2025-10-30,4.259302831079358e-05,5.086882759309284e-05,5.519717557359307e-05,5.532792896482749e-05,0.0046275142538756316,0.005847851412863107,0.005753384976376229,0.001279521134251237,0
2025-10-31,4.260139723725022e-05,5.083927915765464e-05,5.498058275281881e-05,5.521259252472962e-05,0.005340350739309448,0.005961081402366673,0.005751821357924723,0.0012371958390040149,1
2025-11-03,4.2336250908379905e-05,5.044781527865248e-05,5.4061686381390584e-05,5.463265648012587e-05,0.004882895462735963,0.005302645770658518,0.005779795263027473,0.001203637864856443,1
2025-11-04,4.2295740812560175e-05,5.032592805873903e-05,5.3681527124617044e-05,5.439409869139248e-05,0.004459207369005452,0.0053615320140099725,0.005793736577951712,0.0011935088044665258,0
2025-11-06,4.2072772525150187e-05,4.998446648476599e-05,5.287163597012894e-05,5.385442367654687e-05,0.00487618004132252,0.00506010114279055,0.0058246725495339794,0.0011855437202262797,1
2025-11-07,4.191286209459007e-05,4.973855604630477e-05,5.2301104817377427e-05,5.34434658373699e-05,0.0051503015267247735,0.005141593666466011,0.0058509772553722444,0.001177256119349394,1
2025-11-10,4.129085502733408e-05,4.9620520142782215e-05,5.230957885113538e-05,5.347231400139158e-05,0.0050367377605375855,0.005217448964382187,0.005770616115142259,0.0011670500177115215,0
2025-11-11,4.0968198033257346e-05,4.998999056421881e-05,5.272243506298135e-05,5.394322293558385e-05,0.0046602184767646024,0.005176581319956865,0.005649922162808389,0.0011716347818372535,0
2025-11-12,4.07889669308064e-05,5.0248544175991693e-05,5.292995265510978e-05,5.423625190985641e-05,0.004220199476318721,0.004965069418696474,0.005561553815768064,0.0011854523597500544,0
2025-11-13,4.065125045297199e-05,5.0000486174594367e-05,5.2159871427995424e-05,5.381532710618969e-05,0.0037984153935650402,0.004992320348961464,0.0055604334498383515,0.0012248191008356801,0
2025-11-14,4.05747631889778e-05,4.986049594037371e-05,5.158934675692852e-05,5.352377800886206e-05,0.003260779254547203,0.004983391378669645,0.005552873514474438,0.0012881836885820742,0
2025-11-17,4.060684599741466e-05,5.01431337209155e-05,5.1692914056264996e-05,5.378682136226918e-05,0.0023372078957586,0.004865034994112389,0.0054853770895433585,0.0014025105571099734,0
2025-11-18,4.064654818774354e-05,4.9633892728125355e-05,5.105619546859157e-05,5.3162624833724654e-05,0.0040900564950995125,0.004538370930098037,0.005563787355806296,0.001341758147749684,0
2025-11-19,4.062498272305398e-05,4.9616626283651906e-05,5.074697767236115e-05,5.302695846939766e-05,0.0038172195331599838,0.004402149051996663,0.0055521434422508955,0.0012627923360332284,1
2025-11-20,4.041464700027509e-05,4.9156081023079943e-05,5.006917707099019e-05,5.244922231419732e-05,0.00438478664146947,0.004392091328271399,0.005593610818487159,0.001179398897505745,0
2025-11-21,3.8864272519091406e-05,4.876004303331491e-05,4.964010683420183e-05,5.224461466292571e-05,0.004419937498845708,0.004418937169348347,0.005420317749037183,0.001074034983501259,0
2025-11-24,3.897318874052079e-05,4.814259134211588e-05,4.8815402673256595e-05,5.136768185850068e-05,0.005625737319253723,0.004769683805571093,0.005520725739477017,0.0009486655148876575,1
2025-11-25,3.571110847388165e-05,4.689971766088e-05,4.780812284637537e-05,5.067824055253162e-05,0.004497021518616274,0.004541807707928342,0.005277248514718177,0.0009470903947599061,1
2025-11-26,3.374967658148676e-05,4.659603506391599e-05,4.7758928431675506e-05,5.082358069478638e-05,0.004472633461559815,0.004250594929698547,0.005058903743767487,0.000926369817980262,1
2025-11-27,3.683739719231527e-05,4.734485917163139e-05,4.789829227709508e-05,5.071787575564503e-05,0.006546795556099704,0.005007294110645986,0.005274486534037496,0.0009766490874355967,0
2025-11-28,3.690271239162024e-05,4.7533303528800585e-05,4.727431257254527e-05,5.047889080110301e-05,0.006658589056116893,0.0050257074843998596,0.005228157215740786,0.0010240701804849614,0
2025-12-01,3.708193382721538e-05,4.790404850112523e-05,4.688135614985459e-05,5.047385215467073e-05,0.0055821652986798795,0.004838407739728314,0.005163738078239368,0.001027846366365998,0
2025-12-02,3.719489372025741e-05,4.8345008208277616e-05,4.665830799340651e-05,5.06685727598973e-05,0.005602288658610523,0.004744866677199103,0.0050733137900884516,0.0009960751713632668,1
2025-12-03,3.6833443744106284e-05,4.739649239045894e-05,4.487582214877571e-05,4.9320123764540183e-05,0.0063845972316037706,0.004825680793305903,0.005149825410628326,0.0010140502290832151,1
2025-12-04,3.6571724561052635e-05,4.7046910515645915e-05,4.365368158337704e-05,4.859762921709669e-05,0.0035308682881428706,0.004716510264879659,0.005151529276688087,0.0010010531471243006,0
2025-12-05,3.636775138167393e-05,4.6787797815899666e-05,4.267457915349486e-05,4.800381836446041e-05,0.003194683732993689,0.00460193821157678,0.005150271953828341,0.0009983196318353847,1
2025-12-08,3.6477886230333825e-05,4.6164601136157664e-05,4.174317205362583e-05,4.700495733082965e-05,0.0048640566662721246,0.004794034777922781,0.005257628461862506,0.000971489607876665,0
2025-12-09,3.717608509242144e-05,4.620284440438392e-05,4.191045510107276e-05,4.688464103300749e-05,0.006305592380644558,0.005198506952896243,0.005332109241366783,0.0010150364698889836,1
2025-12-10,3.7176264277076715e-05,4.632687810766366e-05,4.1674995936386625e-05,4.6821348406942746e-05,0.005512251832273195,0.005141099520482082,0.005322861623874058,0.0010236748207158562,1
2025-12-11,3.7024032078871464e-05,4.611740648717519e-05,4.121011866283912e-05,4.643495155210672e-05,0.005830963912116969,0.005209463910931703,0.0053433915062251315,0.00104040960816998,1
2025-12-12,3.68398758667997e-05,4.5876455992872096e-05,4.079256184690361e-05,4.603938370928122e-05,0.006112570310804714,0.005278308812260037,0.005367935157082137,0.0010669588422328666,0
2025-12-15,3.6895363352978854e-05,4.6084352711156114e-05,4.0885387863202804e-05,4.618649270489066e-05,0.005073651823128877,0.0052964724081711965,0.005347612526680851,0.0010638259628821623,0
2025-12-16,3.701006497368864e-05,4.652596015303042e-05,4.12228314768594e-05,4.665738281349938e-05,0.003106024113479506,0.005025353764105885,0.005288712592235604,0.0011098040430991582,0
2025-12-17,3.7145518745997185e-05,4.630097779338055e-05,4.105521960294724e-05,4.633963734473589e-05,0.004475521689397952,0.0052721614767080515,0.005342424057097597,0.001109645219767826,1
2025-12-18,3.725149789338404e-05,4.6594391216309966e-05,4.137066031630379e-05,4.671099682642235e-05,0.004094960521299703,0.005150155452435231,0.0053111362045281975,0.0011164785920687174,1
2025-12-19,3.730232116791615e-05,4.673829479169172e-05,4.1500746430051766e-05,4.689329223025312e-05,0.0036352283252275436,0.005126431828113049,0.005295689322900019,0.0011321325545822854,1
2025-12-22,3.7330229254133184e-05,4.6840002986116846e-05,4.1536088449277975e-05,4.7021544753231174e-05,0.003574215465619219,0.004830542818656685,0.00528076309909962,0.0011486955986245793,0
2025-12-23,3.7233094191548374e-05,4.702062445636672e-05,4.167212517901931e-05,4.729123755221559e-05,0.003953512605960871,0.004909780575653214,0.005227589537409748,0.0011558227655412766,0
2025-12-24,3.723329471915513e-05,4.704493611675051e-05,4.1493335318413204e-05,4.7277310376244435e-05,0.002287688626265151,0.004909475932195211,0.005216480719798958,0.0012309782686216277,1
2025-12-26,3.5534037910344605e-05,4.662432027863449e-05,4.102090197939911e-05,4.717944021176847e-05,0.0023088779917757934,0.0041402533214929356,0.0050354676515814946,0.0012916220876290309,1
2025-12-29,3.533690637824771e-05,4.625318054129422e-05,4.0153016345382865e-05,4.6593342350596554e-05,0.002649312876825221,0.00411713685873552,0.005046646337890685,0.0013167264154615537,1
2025-12-30,3.5305595989171374e-05,4.618051554317405e-05,3.9762427619836015e-05,4.639113992476546e-05,0.002443949556789657,0.004127617221407808,0.005032623731479998,0.0013108181731497513,1
