date,ewma_rmse_60,garch_rmse_60,egarch_rmse_60,gjr_garch_rmse_60,realized_vol_5,realized_vol_20,realized_vol_60,vol_of_vol_30,return_sign_lag1
2022-01-03,0.0002840017606139811,0.0002826460865199753,0.00028359003121602354,0.00028691008239142054,0.007731244034226641,0.011209633153526955,0.011239531499091448,0.004520690526844859,0
2022-01-04,0.0002842914969567053,0.000283117684271248,0.0002839247199182093,0.0002873849828538822,0.007685729601347923,0.010625543794082832,0.011187536351701704,0.0044929506702854295,0
2022-01-05,0.0002849378977584129,0.0002833695075969941,0.00028425050692683525,0.00028758205643396935,0.010636428157018504,0.011173479187609548,0.011366960562976562,0.004418943113485613,0
2022-01-06,0.0002851389589228481,0.00028375119109894364,0.00028452066510342234,0.0002879333562156236,0.010965507700351484,0.011106296868301885,0.011303932029949516,0.004345309465627793,0
2022-01-07,0.0002847407012955431,0.0002832479157833257,0.00028384489125189856,0.00028736907700472073,0.011302511313453636,0.011335605465360834,0.011376976275934326,0.004306560003370333,1
2022-01-10,0.0002847278712920473,0.00028329688524063757,0.00028387451510719137,0.0002874156642048285,0.01026912565791032,0.011547910399036453,0.011354848272354699,0.0042666856187115135,0
2022-01-11,0.00028501363704557236,0.00028380367628816046,0.00028432640716262447,0.0002878967025584078,0.010404559301678438,0.011248901869406105,0.01127546155437577,0.004217672374715365,1
2022-01-12,0.0002849549276156564,0.00028380061930662786,0.0002841393388096045,0.0002878351017767732,0.007236012485301402,0.011172123166110942,0.011276112266775721,0.004214263992942596,1
2022-01-13,0.0002848404441603086,0.00028370965133987764,0.0002839140786467891,0.0002876970866926883,0.006940681865836411,0.011203977126218042,0.011285526619489974,0.0042397000228926165,0
2022-01-14,0.00019685399912648097,0.00019935084081247145,0.00019997069137871721,0.00020563470288912576,0.005253571100757503,0.011149696728869379,0.009951591484575115,0.004338413061790383,0
2022-01-17,0.00018988890128653543,0.00019250982020698162,0.00019298523072168867,0.0002006921780195035,0.00978636290136565,0.00925730652174749,0.009706722087616982,0.004325560409579276,1
2022-01-18,0.0001897724413099629,0.0001923311978780402,0.00019278595316605079,0.00020012731307031005,0.010797539105381865,0.00875791489011497,0.009654867958700708,0.004268483900921984,0
2022-01-19,0.00018779163127311378,0.0001902932799459598,0.00019047178168972957,0.00019712905936453669,0.011418732553978584,0.00895068894615495,0.009705991065711713,0.004210249715634311,1
2022-01-20,0.00019837623358632604,0.00019893166556121542,0.0001990523883493161,0.000204280693180133,0.016033381082620535,0.01059909016974545,0.010247631368978516,0.004309299120566307,1
2022-01-21,0.0002005068901652902,0.00020008089849221533,0.00020012179386493618,0.0002042327447404361,0.018590142561524435,0.01137690008076216,0.010599494162365776,0.00458211751968759,1
2022-01-24,0.00021507573499697218,0.00021320065425375738,0.00021252876762692255,0.0002160686856654337,0.020248957849305617,0.012952029463706627,0.010979208364562286,0.004920919710015725,0
2022-01-25,0.0002142556751933649,0.00021206606226876118,0.0002112260385200366,0.00021426297987902013,0.02119021534040782,0.013536408041577023,0.011208239071670997,0.005241859843437592,1
2022-01-27,0.0002137197957338557,0.00021122026261235574,0.00021014037177674054,0.0002127502330864972,0.02243318120695005,0.014134430947424103,0.01145822065655502,0.005581279424406667,0
2022-01-28,0.0002129823076899528,0.00021047200644317012,0.000209517036473853,0.00021165125211733632,0.020286761386295083,0.0144657994972126,0.011571631568555082,0.00570669785149678,1
2022-01-31,0.00021353253641232683,0.0002112076560182158,0.00021086341868917046,0.00021222891818353332,0.018119157782357495,0.01439829894901851,0.011573542688920541,0.005716763414923753,1
2022-02-01,0.00021397545211938892,0.00021177180797325907,0.00021197682642142557,0.00021265786084337046,0.013349168163376638,0.01404856242869926,0.011579822339427656,0.005656905059455369,1
2022-02-02,0.0002133706900247342,0.00021108629592168056,0.00021137875677746052,0.00021174398219011737,0.01242397897167627,0.014389424803096742,0.011702568324579343,0.005562388092488102,0
2022-02-03,0.00021311686095241625,0.0002108096593567337,0.0002114289832120581,0.00021130435887964374,0.010216655708416886,0.014056804426637232,0.011758218679482095,0.005475541020211822,0
2022-02-04,0.0002124451733557651,0.00021002470808127404,0.0002108134325238958,0.00021032988457844338,0.009968393173631117,0.014284291404475173,0.011874823579571715,0.005377483618343749,1
2022-02-07,0.00021349402979701842,0.00021121688868678558,0.00021249621555214813,0.00021164446740953914,0.009836159845152929,0.01412663556026241,0.011768225102479237,0.005248025575209867,0
2022-02-08,0.00021670502478556139,0.00021427093675792171,0.00021496633477679857,0.00021448755338569647,0.013611116558371276,0.014741573673117963,0.012020778997026327,0.005244669054326679,1
2022-02-09,0.00021793858640422768,0.0002156144542065626,0.00021690117501916748,0.00021605818684440338,0.012174715513716699,0.014732540753665792,0.011926314176279212,0.005088865942629212,0
2022-02-10,0.00021859905901117747,0.0002162462596360536,0.00021788892613152185,0.00021677651821787897,0.011689149594750701,0.014787252485806273,0.011903283596275741,0.004924251738987287,0
2022-02-11,0.00021945373883015557,0.00021706380809299771,0.00021904188077746616,0.00021768397073198523,0.010232877447923687,0.014770770459029279,0.011867999166317741,0.004752190489186064,0
2022-02-14,0.00021928113833762772,0.0002167655892890646,0.0002187794913227616,0.00021734368150311883,0.011249704819849129,0.01497667501677946,0.011924698403126599,0.004506643624649843,1
2022-02-15,0.00021889109820568328,0.00021616552148485827,0.00021812364757013038,0.00021663790279103422,0.008295471192781402,0.014511184659710753,0.012036330993203928,0.0044876130462466884,1
2022-02-16,0.0002312196003091007,0.00022814484289529865,0.00022871563340144986,0.00022788089954190157,0.014679370926960419,0.015549020132412956,0.012526049320232647,0.004414166474926338,0
2022-02-17,0.00023219436362237247,0.00022900765981838234,0.00022990545266127427,0.0002286469491307387,0.01446094163903992,0.01543844814306447,0.012523982335963278,0.004409093220340235,1
2022-02-18,0.00023250713096628986,0.0002292720945632622,0.0002303024589535417,0.00022887159647965032,0.01499168234289605,0.014494687564268978,0.012535581143638862,0.004413164482301641,0
2022-02-21,0.00023354094693935865,0.00023040312026334454,0.00023164426640152173,0.00022997614410351637,0.014182709240330455,0.013718227100930869,0.012459758988740336,0.004408171551761607,0
2022-02-22,0.00023381353895905117,0.00023054404970097433,0.00023182220798358098,0.00023003226506165757,0.013362342352600079,0.012357485788764163,0.012475725537777578,0.004377865969702574,1
2022-02-23,0.00023360444172823222,0.00023009848035650198,0.00023136405132836077,0.00022949285378642682,0.007335555749493632,0.011956935856374409,0.01255069664683066,0.0044781074067654185,1
2022-02-24,0.00023416109913087341,0.00023053241679653853,0.00023198282046590945,0.0002298929117731065,0.007541234352237627,0.011258389324808802,0.012545226964726158,0.004464856510881034,1
2022-02-25,0.0003009081677151451,0.000297496663360545,0.0002972709816174755,0.00029671059647378117,0.01904714352828838,0.01406791437443589,0.013490374726715527,0.004443187463487873,1
2022-02-28,0.00030158566515362515,0.00029858460073050176,0.00029849251724682884,0.0002983922877055851,0.01902307634571234,0.014020811086414462,0.013326026494713143,0.00427789028515774,1
2022-03-02,0.00030201571051999266,0.00029939779249838654,0.00029932149103968327,0.00029965895007825463,0.018710611027562843,0.013988535434854153,0.013149107768994334,0.004293248798720001,0
2022-03-03,0.00030167663082413025,0.00029933172095183335,0.0002992793062397323,0.00029981602231392973,0.018682668920916513,0.013843411111551712,0.01305881258368439,0.004320103025327152,1
2022-03-04,0.00030970173459889463,0.00030726617189513186,0.0003070635724455321,0.00030680548448253206,0.022264617663992237,0.014986147492061652,0.013503394690453429,0.0045077593623943394,1
2022-03-07,0.00033421312023042347,0.0003320443568695738,0.00033120277013485596,0.0003295225629083094,0.020373956313057957,0.01663846516936086,0.014191891279258144,0.004616797643248994,1
2022-03-08,0.0003659030759301483,0.00036423982155370997,0.00036230925706759237,0.00035853887584652913,0.02656737574882175,0.018677580061154695,0.01502120479477409,0.005043545641507225,1
2022-03-09,0.00036859951706085637,0.00036644206833066955,0.0003649380839332944,0.00036227721142679007,0.026591135368284374,0.018059225347848786,0.015020029395316586,0.0053831676977599925,0
2022-03-10,0.0003701970866642226,0.00036845464139007765,0.00036673234470954605,0.0003633884903646636,0.028411908475157444,0.01887838029449642,0.015275020926004022,0.005795337154169526,0
2022-03-11,0.000467969906959699,0.00046920558549715027,0.0004661954526199479,0.00046059414861006294,0.03424181874550356,0.021989795356976163,0.01660351641429637,0.006613741328524417,0
2022-03-14,0.0004718794109513096,0.00047217137288487886,0.0004687626945109841,0.0004635822168305548,0.03054485510867751,0.02199790038568463,0.016609358654853322,0.007087776008084077,1
2022-03-15,0.000472357961264018,0.00047221353499601583,0.0004686887070189858,0.00046360325600957794,0.02644558597529172,0.02218231923630949,0.016739890664771703,0.0073165097637607635,1
2022-03-16,0.00045141717913480813,0.0004521793319674178,0.0004485455296671401,0.0004435522736486392,0.026818598161659536,0.022107492201196403,0.016176252302802535,0.007515414471419283,1
2022-03-17,0.000451507550511805,0.0004521074478641155,0.0004484653839438982,0.0004436191607098819,0.025514773155866637,0.021570191750182505,0.016163191438577577,0.007612018318802936,0
2022-03-21,0.00045189800706125577,0.00045173259316050784,0.00044812033266670374,0.0004430790605486203,0.01328768798113393,0.021803945847959572,0.01626727357014347,0.007529942372907637,0
2022-03-22,0.00045215167921325793,0.0004525208185015352,0.0004488244406277927,0.0004437287465781896,0.017143774801663517,0.02238743487145115,0.01656938864428051,0.0073894824631738805,1
2022-03-23,0.00045495788107201816,0.00045669735534399554,0.0004525274123687,0.0004476865903466829,0.0199901157516932,0.023273786934964628,0.016924270230790753,0.007237888254197004,1
2022-03-24,0.0004573461157412233,0.00045773128012208364,0.0004541670660520346,0.0004489857641579743,0.019741422142492696,0.023270885247256116,0.01695087630418356,0.007188807962369387,1
2022-03-25,0.00045966112337338127,0.0004587079559303869,0.00045571105471870724,0.00045020885047570674,0.018530315960394287,0.023187577061848652,0.016969250501428487,0.007090376160540211,1
2022-03-28,0.0004617005319348151,0.00045950828196128935,0.0004569991135189159,0.0004512200340962071,0.01763492672288892,0.023215127843333683,0.016985048613204847,0.006970748633171867,1
2022-03-29,0.0004625780154313697,0.00045951926606270646,0.0004573227561203514,0.0004513200220387656,0.014709778026622237,0.021554424450093465,0.01704659089392757,0.006826036471920615,0
2022-03-30,0.0004644449030064933,0.0004603387520657313,0.000458532490378471,0.00045230002190576235,0.007799382706827974,0.02159646713081383,0.01703233736825877,0.0069884749122215845,0
2022-03-31,0.0004645614942095136,0.0004602573378334043,0.00045847088875774903,0.00045226793585842587,0.009542182568630106,0.021835193403724192,0.017027594280101845,0.006926689560427713,0
2022-04-01,0.000464421003218727,0.0004598712626642522,0.00045814177508321686,0.00045185301221697797,0.011608825341731781,0.022002145507898394,0.01715410528433493,0.007013939033599336,0
2022-04-04,0.0004641703808007323,0.00045953480464660563,0.0004577804607524457,0.0004515326246405577,0.01292199526505254,0.021371905653424964,0.017116626601070783,0.007052567172954784,0
2022-04-05,0.0004651641706631179,0.0004613881458879391,0.00045926668665413395,0.000453410301985644,0.016001533912061904,0.020611427929619657,0.01737537016793123,0.007036226525377761,0
2022-04-06,0.00046687004525101635,0.00046222546929313856,0.0004604369612682127,0.000454192156930268,0.015950821801676594,0.01880314356762618,0.017339473629247187,0.007003380586913852,0
2022-04-07,0.00046866721937015787,0.00046315353112677706,0.0004616462268558664,0.00045506665962159433,0.014597715776704358,0.01879566113252724,0.017288980034819327,0.006973398543702729,0
2022-04-08,0.0004691218395654199,0.0004630328689735596,0.0004616293327152941,0.0004549271150163786,0.013545347824799726,0.01811503196448337,0.017335852855439104,0.006704688710694447,0
2022-04-11,0.0004697682901169039,0.00046302291910574794,0.0004617561151880501,0.0004548833690953201,0.01251758391983523,0.014240972238806158,0.01736873845185771,0.006465478219693451,0
2022-04-12,0.00047028330604143243,0.0004629952557762758,0.00046185623601229507,0.0004548255180076953,0.007696657576338599,0.014366403598577908,0.0174018852780292,0.006803570491170767,1
2022-04-13,0.0004701810924349254,0.00046268677087409814,0.00046159304077103477,0.0004545175805107828,0.00973221133583295,0.014226557489496684,0.01750000970725184,0.007006841567097156,1
2022-04-18,0.000468460288672469,0.00046104548812141426,0.000459910966229607,0.0004528445574858764,0.010571394951713088,0.01419176427988886,0.01732745283290953,0.0071585065952116346,0
2022-04-19,0.0004686796160766793,0.0004610670570772701,0.000460011369941292,0.00045285242812089156,0.010824975861463495,0.01395344030609433,0.017337278675285832,0.007287844388102886,0
2022-04-20,0.0004764138069520835,0.0004703541871094779,0.00046854752225762477,0.0004623731446325792,0.01686571885273452,0.015158421601219768,0.017734481301005776,0.007247258336123483,1
2022-04-21,0.0004729448758791076,0.0004682476445670787,0.00046592907663910415,0.00046014867042617097,0.019628131687374442,0.015140415685473174,0.017706170250679686,0.007239721801978699,0
2022-04-22,0.0004714398128964888,0.0004669963984174296,0.00046475393528443685,0.000459067550345633,0.019745866340338435,0.014141024200639025,0.017605183692404377,0.007061947031640811,0
2022-04-25,0.00047564788841664466,0.00047364135685735927,0.00047064206603763034,0.0004664176442210189,0.024254485703464685,0.015844407704575056,0.01775093247052361,0.006972116107887315,1
2022-04-26,0.0004760433533682586,0.0004737935496712682,0.00047107788339538834,0.0004667128088243054,0.0243157700668947,0.01602090860295539,0.01767579849716246,0.006790014193351373,1
2022-04-27,0.0004762096943283434,0.00047452005665238946,0.00047150285519001196,0.0004673238343002195,0.02258969186461763,0.016721352515406865,0.017751029274531278,0.006092243242132249,0
2022-04-28,0.00047822555984540206,0.0004758115632845594,0.00047331231242964475,0.0004687370058209297,0.019824207117948855,0.016534436539980157,0.017662455660863226,0.005564033618891292,1
2022-04-29,0.0005216172767390962,0.0005228518963364863,0.0005182668160099745,0.0005157655112473304,0.027137835901825738,0.01920615805281661,0.01854604219416295,0.005607204605445321,0
2022-05-02,0.0005237743563796484,0.000524066714505437,0.0005193509347031552,0.0005166281738818422,0.02286434219059903,0.018946674626903054,0.018542125678284952,0.005403973538292203,1
2022-05-04,0.0005262048338038918,0.0005256344652761046,0.0005209220258847374,0.0005179768912560576,0.022199370025899643,0.01860594833372501,0.01845639682740026,0.005246335623738823,1
2022-05-05,0.0005279470778586457,0.0005283183336273544,0.0005236015974549169,0.0005209726356530816,0.023149308783347405,0.019282939709071457,0.018736548345736903,0.0053487210972975735,1
2022-05-06,0.000530303238299047,0.0005297678591569574,0.0005251520508379223,0.0005224121038003803,0.023161897119884173,0.01853358274478896,0.018665147323714316,0.005473919864251668,1
2022-05-09,0.0005313091453544417,0.0005300413805543439,0.0005252518651995856,0.0005226362615389453,0.012658751603436866,0.018583065574655354,0.018688147144804074,0.005498886958439622,1
2022-05-10,0.0005302157898392298,0.0005288048156809052,0.000524254922391239,0.0005214397914615871,0.014313193547566064,0.018892327287179125,0.018586128590063002,0.005486151699268112,1
2022-05-11,0.0005342159271241879,0.0005343134673680575,0.0005291335921215582,0.0005268157605942742,0.01949900910126876,0.01988378838291092,0.018972898795161026,0.0055009598519178155,0
2022-05-12,0.0005354428650491704,0.0005347851319018925,0.0005295951495239705,0.0005271400532684586,0.015774555203242495,0.019871296761691012,0.018984421904457434,0.005499323272085751,1
2022-05-13,0.0005358137470446254,0.000534637092716874,0.0005293965507295567,0.0005268851870154497,0.016557892186994813,0.019930504341715047,0.019039661910958912,0.0054885310584283035,1
2022-05-16,0.0005372659243406654,0.0005370267411470216,0.0005314358922318455,0.0005293471640576415,0.01978604130004691,0.02048226548413047,0.01926978138663317,0.005257589673510468,0
2022-05-17,0.0005382460590828877,0.0005374481837839751,0.0005320166624561851,0.0005296948797654841,0.019155673964507822,0.020511372303633108,0.019242866891224363,0.005077593578180443,0
2022-05-18,0.0005335242541823284,0.00053245124303229,0.0005276210179522434,0.0005248490324830603,0.014892158482055353,0.020530808822833303,0.018986712717363765,0.004984897718307226,0
2022-05-19,0.0005330609434731178,0.000532287997615711,0.0005271576226242246,0.0005247838688615497,0.017127997173122248,0.01992730259410293,0.019168439239698336,0.004912520517635792,0
2022-05-20,0.0005335445455443359,0.0005323312597611588,0.0005272756747269505,0.0005247535326496879,0.01716931611880768,0.019354727301819096,0.019192315269226642,0.0049043271784657665,1
2022-05-23,0.0005354250331854573,0.0005353140478124783,0.0005296503357834609,0.0005280401154067092,0.017538465439340314,0.01997367849124213,0.019498594446854346,0.00489443343755977,0
2022-05-24,0.0005357099911007083,0.0005361425212868406,0.0005301859778761408,0.0005291268580847542,0.019756933127593305,0.01926734222059188,0.019696106484490467,0.004873846792514073,0
2022-05-25,0.0005400906384157612,0.0005420210097725822,0.0005354334520219146,0.0005357755397042798,0.02320440508940827,0.02020670795358674,0.020022023613885498,0.004900113591458753,1
2022-05-26,0.0005419152421590328,0.000542927858999901,0.0005367417503998464,0.0005365781822475647,0.021430370392005033,0.019604566759481832,0.020024025806963414,0.004816290073705539,1
2022-05-27,0.0005093865004346126,0.0005100931345282103,0.0005046428723709168,0.0005034400093968591,0.02108397247490875,0.01968474398600666,0.019368961001768124,0.00438688392550514,1
2022-05-30,0.0005087251011383543,0.0005098888083106863,0.0005041022710294889,0.0005029526884896318,0.019924592229032628,0.017722292232840813,0.019573481564507153,0.0040333215979016165,0
2022-05-31,0.000509383530126674,0.0005097925293744491,0.0005043480730163251,0.0005024885437867945,0.01745052913406862,0.017795116803717394,0.019599475609088098,0.0037061538205345346,0
2022-06-01,0.0005111152060718018,0.0005106718512612996,0.0005056106978669783,0.0005031606279936883,0.011231308475224928,0.017794482612631862,0.019552658231889557,0.0036741014005257453,0
2022-06-02,0.0005062365817272005,0.0005060191816130544,0.000500814315139352,0.0004990210016691751,0.013982642657521518,0.017298699010684985,0.01938930205504105,0.0037808966937270833,1
2022-06-03,0.0004911788396784666,0.0004902996273277036,0.00048553110244897355,0.00048446802426374395,0.014271090871058842,0.017443817956774986,0.0189086526539655,0.003893611538886191,1
2022-06-06,0.0004694582058437608,0.0004673449169582572,0.0004635430787898715,0.00046384232989505426,0.010489094513662053,0.01736444412804409,0.01826118336848836,0.0042034618160611764,0
2022-06-07,0.00046847126324452056,0.0004659396862638759,0.0004620150398875351,0.00046122598006046844,0.010135823671154483,0.017062620990006414,0.018269555210634763,0.004369590504630021,1
2022-06-08,0.0004749455603398084,0.0004740709515249066,0.00046958505075658265,0.00047010464555370863,0.017038237638817632,0.017151272778648897,0.01841815753957907,0.004230949391924269,1
2022-06-09,0.00038053274324665096,0.0003752663196046292,0.00037200523562506846,0.0003761652218651588,0.015004211915771963,0.017126512584311665,0.01723360243437439,0.004184736881964715,1
2022-06-10,0.0003774760583787625,0.0003722709128741106,0.00036987688574065703,0.0003733920847754622,0.014280586581871067,0.01693309259322255,0.017227383051825786,0.004220321928248082,0
2022-06-13,0.0003785336779311492,0.0003729508062043808,0.0003709450603734501,0.0003742482523354834,0.014219106349868817,0.015943582051765978,0.017089138324344607,0.0038734133587000823,0
2022-06-14,0.00037742399063897823,0.00037208453342760055,0.00037031540084232295,0.00037343985102854455,0.014054862965102671,0.01577285221613169,0.017038245549215715,0.0037705061539358036,1
2022-06-15,0.0003771308065080306,0.00037197575443430884,0.00037022113142664827,0.0003733284836882457,0.006118210709271522,0.015750561495855332,0.016973438020725092,0.004134067756999452,1
2022-06-16,0.0003773330232746651,0.00037226354946191185,0.0003706005341175014,0.0003737309632809977,0.005477656248215371,0.015082325450784046,0.016875541227080057,0.004401638605299262,1
2022-06-17,0.00037769630223780364,0.00037122710192782237,0.0003697990709424506,0.0003728300432045088,0.005476146163430257,0.01485026312812585,0.016576770604586788,0.004575438055959474,0
2022-06-20,0.00037439047861705885,0.0003663086390741947,0.00036549803720396096,0.00036815059027179816,0.009370021417163704,0.014115512441607893,0.016311183171919753,0.004679208757344965,1
2022-06-21,0.000410208334592123,0.0004069027693972859,0.0004048016689759129,0.0004071002961224943,0.020062345145267675,0.015868937852353045,0.017069455374206125,0.00475894913393511,0
2022-06-22,0.00040891593776272667,0.00040641390578411254,0.000403579738719337,0.0004061356463405959,0.019436803183221746,0.014419306954295904,0.017057715476464036,0.004757108195267483,0
2022-06-23,0.000407984353803199,0.0004062038813562742,0.00040273165551428655,0.0004055171616720324,0.019408597153204664,0.01438175086985527,0.017036993336600078,0.004813348909641729,1
2022-06-24,0.0004077965590845712,0.0004073506086886364,0.00040385982553858157,0.0004066206884980183,0.021827676819614537,0.015116504555593569,0.01721806655297992,0.0049474086347731545,0
2022-06-27,0.00040666972611824725,0.0004078476744372667,0.00040417112164782245,0.0004071408430675503,0.022800253047380318,0.015164538646857156,0.01744438191804653,0.005062925802954866,0
2022-06-28,0.00040750092122734884,0.0004085754036907278,0.00040473093073666353,0.0004076449035551683,0.014672209691601828,0.015149633035347176,0.017370032072330396,0.005025901857169306,0
2022-06-29,0.00040897186294423186,0.0004096309528893055,0.0004057023569195037,0.0004085004211713618,0.014566670990190581,0.015146874808352591,0.017245798921364477,0.005027903158488848,1
2022-06-30,0.00043287206796945233,0.00043590872254724576,0.0004328110782072159,0.000435752759868008,0.022042947712675228,0.016716132032456883,0.017799867241194898,0.005157138175021015,1
2022-07-01,0.00043374706344232074,0.0004351572027587779,0.00043239272222731607,0.00043514381774954254,0.019658656278778937,0.016559238901246942,0.017530819216982935,0.005200041797604299,1
2022-07-04,0.00043280519428339257,0.0004356204155423783,0.00043270598079898524,0.0004355784406509226,0.019754796751295742,0.017321112987165158,0.017765839891413778,0.0052401940649639284,0
2022-07-05,0.0004608563315615151,0.0004669390991952353,0.0004645200320003358,0.0004669972196605083,0.026415434365011897,0.019449201626430875,0.018496166353058695,0.00553983573523245,0
2022-07-06,0.0004616125795857443,0.0004675801238500738,0.0004648583912231113,0.00046743762874548744,0.02686434514700017,0.018365067139680943,0.018500512510279225,0.00573703845435957,0
2022-07-07,0.00048537419383255776,0.0004942763839529934,0.0004926329277737208,0.0004954423759895999,0.02758166204421511,0.02033062951813118,0.019161770663618086,0.006029735173457883,0
2022-07-08,0.00048683460052465415,0.0004953229545009908,0.0004932654890182806,0.000496048161348594,0.027953315243897818,0.02045902155502979,0.01917051721676582,0.006333009690351437,1
2022-07-11,0.000488751890655162,0.0004964463767888845,0.0004941811719917418,0.0004967940757714934,0.026356914286694712,0.02057053575981833,0.019121261721355812,0.0065504351591902845,0
2022-07-12,0.0004910379947459285,0.0004979808638070058,0.0004953756062435392,0.0004978966453546795,0.019440295609061096,0.02057590639572235,0.019086357997408387,0.006565907065834585,1
2022-07-13,0.0004910392525186569,0.0004979544485143929,0.0004952745650926231,0.0004978657128310017,0.020221599305796575,0.020739957451626455,0.019146280173528277,0.006498367156820918,1
2022-07-14,0.00048351014880452234,0.0004892202085551844,0.00048726977411809084,0.0004891394951323536,0.013111247646769556,0.021185124989573076,0.018915456206535994,0.006515628261950109,0
2022-07-15,0.00048440137052543116,0.0004883762416277535,0.00048688188965470824,0.0004882122551351596,0.01228572795847167,0.021185119698877174,0.01865426743454081,0.006557092745145717,0
2022-07-18,0.00048734959962028966,0.0004928285903378134,0.0004914678236611665,0.0004931331667335824,0.016977953742895676,0.021754547672392877,0.018898464385509475,0.006433810914833925,0
2022-07-19,0.00047892856666288853,0.0004818668973985127,0.0004814699482555965,0.0004818339212816118,0.017142214860305163,0.019904958764156818,0.01843240848984951,0.006285721914188559,1
2022-07-20,0.00048019836455138163,0.0004825616650054194,0.0004818710970416268,0.0004821712156207251,0.01565194477091559,0.019923462283885272,0.01837726683288487,0.006295493096246948,0
2022-07-21,0.00048005426560519826,0.0004816656730438549,0.00048134407777641837,0.00048141854807283555,0.014456483067895345,0.020171355572520998,0.018239676363563728,0.006304092564543338,0
2022-07-22,0.00047996467062065,0.0004813824640302154,0.0004805094299625477,0.0004807941210625425,0.014465341813532108,0.0195450494055643,0.018239214274376477,0.0063008379481022895,0
2022-07-25,0.0004322208380110583,0.0004291421505808611,0.00043065614170349645,0.00042912971386836475,0.009238680549762016,0.01909543830995791,0.01740381795859405,0.006456560205408215,0
2022-07-26,0.00043031097519880327,0.000427547459030775,0.00042897142443584725,0.00042773370553523746,0.009318545871600324,0.01908134621520399,0.017419101933874272,0.006598279465296993,1
2022-07-27,0.000433994115598412,0.0004342647156443235,0.0004356272039819175,0.0004352750824514416,0.015987527687033466,0.02019399994625135,0.017831330682634275,0.0062603873045812075,1
2022-07-28,0.0004320682762823924,0.0004308474786547652,0.00043215222549512056,0.00043151386916672786,0.015892977662252738,0.018669691599229928,0.017580590073517265,0.005839553287958616,0
2022-07-29,0.0004293639481504751,0.00042906044234248175,0.0004302376588890705,0.00042976043578058854,0.017186006425712077,0.01895344213620075,0.017679820386606357,0.005347814299551414,0
2022-08-01,0.00042894676920835764,0.0004288188248062198,0.0004300917433682397,0.0004294889026272675,0.016495452366624284,0.018305675425207606,0.017669584297724306,0.005087672718143769,0
2022-08-02,0.0004286766790866909,0.0004288910274042256,0.0004301100697678427,0.00042957728912086787,0.01792784242612147,0.01643185515166735,0.017695671247318703,0.0050810881561231935,1
2022-08-03,0.0004230610868729257,0.00042135611600012824,0.0004231105643707288,0.000422193382856031,0.014089716095261624,0.016643449122588146,0.017401592337760275,0.005140696848029949,0
2022-08-04,0.00042264568820748756,0.0004211813902751989,0.0004230266273332483,0.000422093914472384,0.01280141144929644,0.01411876049458935,0.017378064025351705,0.005233432972798278,1
2022-08-05,0.0004231291955376579,0.00042164178904770234,0.00042357043403697196,0.00042257855588259604,0.010996451030531916,0.013932569552880367,0.017314903812473914,0.00534036134083185,0
2022-08-08,0.0004221652684933042,0.00041900154216761507,0.00042146451747416793,0.00041986470490089557,0.011000930374073934,0.013844895715310114,0.017019850052758703,0.005389498243961378,0
2022-08-10,0.00042206780654465364,0.0004191095410451602,0.00042146973885333984,0.0004200586343969966,0.00800430101454246,0.013839862682350147,0.016967543429577212,0.005635687172163352,0
2022-08-11,0.0004223176276245432,0.0004194340579673625,0.00042170579884645635,0.00042043406693744844,0.003667406610631075,0.01334685719137869,0.01689540982453571,0.0061357346022918955,1
2022-08-12,0.00042235929910389814,0.000418902489093503,0.00042136367545521293,0.0004197841554676149,0.005973208774553316,0.012856243617633689,0.01674882146881932,0.006356666133863337,1
2022-08-16,0.0004220633674390641,0.00041888253345687213,0.0004212297926217475,0.0004198681649575545,0.0067802405734227085,0.012956644320070987,0.016705430690518535,0.0065491208467245675,1
2022-08-17,0.00041957076806379743,0.0004152340557038385,0.00041818867043497506,0.0004158826855549551,0.010429033751041282,0.012116500950725239,0.016525915317146856,0.006576266762692702,0
2022-08-18,0.00041898555822402086,0.000413973472669519,0.0004172473041666449,0.0004143233238890129,0.01238858241091863,0.012507883914760405,0.016375568509110847,0.006263963154867575,0
2022-08-19,0.00041419084329145554,0.0004068223855717245,0.00041114387460274606,0.0004062117939705448,0.01233033390387172,0.012445964673513709,0.01591396450787752,0.005865941987778236,1
2022-08-22,0.00041169664170338837,0.0004056560506555388,0.00040930959022762465,0.00040521653396895083,0.013834002679330729,0.012683865018825818,0.01606859022577328,0.005323791027681132,1
2022-08-23,0.00041058987354509644,0.0004052547583756928,0.0004086188621935783,0.0004049048668795947,0.01352012431815522,0.012698879635063902,0.016039318462568487,0.004634376557235488,1
2022-08-24,0.00041028754755723844,0.0004043151544518042,0.00040802735239614014,0.0004039093284333483,0.012045306100237763,0.012717847320828085,0.015878104810265473,0.003963934409118779,1
2022-08-25,0.0004092049357594065,0.00040396385040366965,0.00040741453133864126,0.0004037165913477866,0.010014082182424068,0.012641550388458213,0.015847375710340707,0.0038166946082910966,1
2022-08-26,0.00040732785727680903,0.0004030098858799436,0.00040611364053605095,0.0004029268166579961,0.010296559582439347,0.010840044330034666,0.015861189650277628,0.003574364586201282,1
2022-08-29,0.00040788673563435073,0.0004031187329899871,0.0004064506639120223,0.00040300553874476257,0.006509261854120381,0.010407995462333456,0.01566644848161022,0.0037336539319253155,1
2022-08-30,0.00040742742428893236,0.0004031735308427833,0.0004062955499353808,0.00040310269803863445,0.006413663083802948,0.00988461472733362,0.015611395091478325,0.003883024279493726,0
2022-09-01,0.0004210953161576097,0.0004182918625765184,0.0004208095725348696,0.0004180399628547688,0.014611357170880957,0.012128132291279025,0.01614734550694485,0.0038029050852146215,0
2022-09-02,0.0004205590013867154,0.0004185889328677798,0.0004209574034603259,0.00041847504389345644,0.01722078036662889,0.012393374512976098,0.01634903707103086,0.003806606213214492,1
2022-09-05,0.0004127044871692759,0.0004083995938980046,0.0004117341334745377,0.00040830378952767956,0.017052859402748973,0.01185649778047165,0.015862499060777465,0.0038613415549563867,1
2022-09-06,0.0004120286550114457,0.0004083418585764058,0.0004112707178929454,0.0004080275492926591,0.017054428668278096,0.01183514765732797,0.015840292659100287,0.00394580742390891,1
2022-09-07,0.00041032169294874185,0.00040738210316396047,0.0004099067377772751,0.0004068551799751738,0.017689307212898606,0.01207075067711929,0.015899592020386336,0.004054346738929775,1
2022-09-08,0.00040934359059095483,0.000407040642540198,0.0004093159720548511,0.0004063428679572516,0.010435301856519608,0.012002514603620767,0.015904804678921258,0.004029758512780306,1
2022-09-09,0.00040840242197149045,0.0004066801309473475,0.0004088020477703654,0.00040584144928768436,0.005476680334553314,0.012044792651090134,0.01591630980137032,0.00418470822771899,0
2022-09-12,0.0004086068771811065,0.0004070450499396007,0.0004091183356129866,0.00040617580258169044,0.005815790377623571,0.012069379695556798,0.015853016098078956,0.004273149085487977,0
2022-09-13,0.00040791218181235827,0.00040682964609567993,0.00040874482268948024,0.0004058312644438191,0.005968282999349152,0.011834526386583267,0.015855057401078856,0.004329038260819737,1
2022-09-14,0.00040726443775284033,0.00040662904961945214,0.00040841930222781247,0.00040551831158739846,0.0037641745215497386,0.011736795082473534,0.015858081930050224,0.004410469388149016,0
2022-09-15,0.0004073865337051802,0.000406537837969177,0.0004083036162955378,0.00040550050442067715,0.004350539716936879,0.011027282961917751,0.015723346857900423,0.004447800787165921,1
2022-09-16,0.00036821746342904265,0.0003642755875046173,0.0003670219301922518,0.0003643442102838017,0.004223392966362966,0.01054357854368266,0.014875276937866968,0.004374024145359357,1
2022-09-19,0.00036640599810385807,0.00036302172462710815,0.00036595782831302183,0.00036323556545208105,0.006780358191592554,0.010915766440880397,0.014955493338832622,0.004351013536036795,1
2022-09-20,0.00036623668928433315,0.0003633391875251967,0.0003664529225731035,0.00036361395065134344,0.01113550512599552,0.011100043957776532,0.01517646196487001,0.004323447672130252,0
2022-09-21,0.00036548883499485426,0.0003620746405793825,0.0003649126611480974,0.00036219507464558783,0.01110866380695039,0.011086231158844934,0.014901622076797929,0.004324513713449689,0
2022-09-22,0.00036454746006811946,0.0003605102582851393,0.0003631620563048003,0.00036039426302120957,0.01279772085928223,0.011237172000023945,0.014749615128124807,0.004353162538150232,0
2022-09-23,0.0003696604049009717,0.000365883709247489,0.0003686997080762219,0.0003661322462238819,0.017189134398948782,0.012647654856296507,0.015098231055021071,0.004532842593178195,0
2022-09-26,0.00036848557084132456,0.0003653622015270557,0.0003682210549238986,0.00036570743371835637,0.016324865549785836,0.012620399398902395,0.015106054811389727,0.004489884250857505,1
2022-09-27,0.00033995664995007643,0.000333861809500582,0.00033609056546487625,0.00033296406743896716,0.014119776032480793,0.012745994358819141,0.014368299901163901,0.004443318466043967,1
2022-09-28,0.00033760900228968667,0.0003323224165588784,0.0003346985312301688,0.000331189024274344,0.01444382715339738,0.012836541141542566,0.014395779075787523,0.004417170362999635,0
2022-09-29,0.0003366219354775828,0.0003307152226748667,0.00033286141705186515,0.0003296665318354338,0.013256002150773414,0.010808861791127033,0.014130591387335266,0.004430772021939771,0
2022-09-30,0.0002948395030561381,0.00028398561082286484,0.00028555699306659485,0.0002826129749030382,0.006358247971543639,0.009794446567927797,0.013159695780630785,0.004514386224097934,1
2022-10-03,0.0002931851798575724,0.000283278035244823,0.00028516710308426233,0.00028219310361644276,0.006141545731769208,0.009798169396840821,0.013084151505335217,0.00459554492984298,1
2022-10-04,0.0002636832139939328,0.0002465937144217574,0.0002471300911112215,0.00024313721482457012,0.013394811601867332,0.011601820217409112,0.01256996884551185,0.004586451367428732,1
2022-10-06,0.000260316154504203,0.00024446505667046056,0.0002457202494967438,0.00024187122356065548,0.015121401401755748,0.011988039295426647,0.012695571437890173,0.004627724048325104,0
2022-10-07,0.00025844932379252876,0.00024393613612237343,0.0002456584919706967,0.00024205966597899781,0.01725398419602347,0.01280752141008058,0.012907027786540876,0.004767623040011592,1
2022-10-10,0.00025394297607186396,0.00024143604072655216,0.00024373103791409495,0.00024057668333513007,0.017425627499930763,0.012819742592652072,0.012922391796360311,0.004900790987577438,1
2022-10-11,0.0002545622906370499,0.00024261543084894447,0.00024505512858712846,0.00024192381688924744,0.017441866544163905,0.012790736735473032,0.012746391245613472,0.005021261788979268,0
2022-10-12,0.00025716604924612494,0.00024491041519032324,0.0002472013500135204,0.00024385115776830833,0.015505607992672686,0.013630961142656507,0.012795078694864083,0.004977506684971386,1
2022-10-13,0.00025254530034870106,0.00024213680128853344,0.0002443864740328909,0.00024158388341806247,0.015215141168266859,0.014072880440197544,0.012957275365972297,0.00490411331025135,0
2022-10-14,0.00024695848147392695,0.00023332877822614624,0.00023548048840486735,0.00023185865677581729,0.01291332896077181,0.014177070287079346,0.012508662155161589,0.004884556275422352,1
2022-10-17,0.00024383591864777796,0.00023210799440321342,0.0002347420200667538,0.00023146352549844996,0.012783148065547876,0.014168230543056768,0.012494705081928828,0.004790397955266391,0
2022-10-18,0.00024078340997774482,0.00023086091990077962,0.00023380634984809172,0.00023086790547924635,0.012996248620563122,0.013940417909319559,0.01249521568618271,0.004697789522466696,0
2022-10-19,0.00024082523226739974,0.0002316023137980416,0.0002347347622463673,0.00023180175336594375,0.009060909719954754,0.01324115758943062,0.01237497019509543,0.004616423401926436,0
2022-10-20,0.00023733821957383413,0.0002299065183562116,0.00023316936745734038,0.00023066181034472042,0.00655764027192253,0.013339641017438111,0.012411178936309828,0.0045528511166229475,1
2022-10-21,0.00023688431714404543,0.0002301967308451229,0.00023361133909932574,0.000231129496275177,0.005815501246769438,0.012980713417010464,0.012335809605218077,0.004655825171702386,0
2022-10-24,0.0002368435285068671,0.00023134755021389112,0.00023453911451155814,0.0002324368575564322,0.01060824552374069,0.012450136129694193,0.012580114721732408,0.004537734949639781,0
2022-10-25,0.00024672519545730387,0.00023741768359712454,0.0002399065587750337,0.00023753848300303714,0.01723971199496761,0.014213087634261209,0.012633195718214262,0.00455001458324951,1
2022-10-27,0.00025444346546749536,0.0002457473775888098,0.00024752965863402625,0.00024521267667867134,0.02086461272234339,0.015307490046366999,0.012975695142054726,0.0047262888774783065,1
2022-10-28,0.0002555552110620798,0.0002472611327168581,0.00024945212182470256,0.0002472428070318188,0.020740484951774607,0.015275205915911892,0.012855793928029045,0.004713432221560293,0
2022-10-31,0.00025485278226080823,0.0002477151500802097,0.0002500475242250299,0.00024823699383663857,0.02053036857049901,0.015163856071902074,0.012830505537764448,0.004657689482102457,0
2022-11-01,0.00025521091622964973,0.00024790645475601246,0.0002504253430593646,0.0002486006587848354,0.01902207784463682,0.015341411985631008,0.01271332420604122,0.0044558706454336785,0
2022-11-02,0.000255975887889678,0.00024863636235846165,0.00025138802906891737,0.00024956467047332744,0.013445433126272307,0.015420023738425338,0.012574548305222448,0.00426238804211712,0
2022-11-03,0.00025342642295976374,0.0002471774337155941,0.0002495295042265081,0.0002481965500423564,0.0085744624265194,0.014416808195061522,0.01268223575138379,0.004344392724372569,1
2022-11-04,0.00025111919849950915,0.00024590359393755355,0.0002480463090567859,0.0002470715325226148,0.009602075731831238,0.014114449520799956,0.012762363852791003,0.004385192416466177,0
2022-11-07,0.0002498386041944425,0.0002453737186259202,0.00024753003083371366,0.0002466592089186073,0.010601882152968208,0.013550554033195878,0.012802479917140576,0.004419963493958548,1
2022-11-09,0.000248765194752647,0.0002451147284356871,0.00024745772302483697,0.0002466144998799482,0.009773674193478602,0.013539829211675616,0.01281600308508802,0.004424585629494888,0
2022-11-10,0.00024734895819106403,0.00024441358926599225,0.0002468470309218144,0.00024602453306007114,0.010174466569753805,0.013696802453574861,0.012869541171877528,0.004428685705673688,1
2022-11-11,0.0002479977002867797,0.00024528733980691005,0.0002480515424705467,0.0002470723491036059,0.008326072208562752,0.012847928172788582,0.01279229422739176,0.004514169557923285,0
2022-11-14,0.0002478349571627905,0.0002455580506547607,0.0002484515985791386,0.0002474630233604429,0.006951369897053641,0.012386401452562956,0.012770033459054619,0.004639328661482873,1
2022-11-15,0.0002481070427079271,0.0002452950378540741,0.0002481510237725263,0.00024709732582451233,0.00968590135062221,0.012860138787656232,0.0127537375055938,0.004672628276141692,1
2022-11-16,0.00024899957815345157,0.0002461224591003314,0.000249332404563971,0.00024812344543946184,0.009432043639297994,0.012834158260997083,0.012604515374742123,0.0045618209652101786,1
2022-11-17,0.0002477464216139185,0.0002453651628334282,0.0002485102094537622,0.0002475704664582715,0.009188921158973982,0.012902939429325477,0.012648781949199302,0.004441396296898315,0
2022-11-18,0.00024758016386602265,0.0002449141658011959,0.00024826211762459075,0.0002471578234530738,0.009703591127013545,0.01296472742809913,0.012471612933078774,0.004477479115950143,1
2022-11-21,0.0002463447590556185,0.0002440833861918214,0.00024731586683375046,0.00024637805475849326,0.010440644069084595,0.013035491613452731,0.012526965386528616,0.004473613961314896,0
2022-11-22,0.0002465937069762347,0.0002444118073958653,0.0002477623570851653,0.00024677756038319693,0.007247771856996065,0.013040732539729207,0.012447672614394358,0.004487336124511162,0
2022-11-23,0.00024571824705257953,0.00024392012993606273,0.0002471620568783875,0.0002462964743273385,0.00768287482399362,0.012301973068805563,0.012467392194541389,0.004453191078947718,0
2022-11-24,0.00024539758376892096,0.0002439234522012382,0.0002471578492538593,0.00024631845716153794,0.006901803793765237,0.010202580673603743,0.012454972146207279,0.004419604672749049,1
2022-11-25,0.00024517727743840234,0.00024377626343987125,0.0002467678827639099,0.0002460505568367956,0.009583924558388314,0.009067196025055495,0.012635844088299712,0.004370483815937928,0
2022-11-28,0.0002447146627659651,0.00024360978364286196,0.0002466220258240578,0.0002458417396190518,0.008814685786072893,0.009044710275763299,0.01264799705123994,0.004333321280180926,1
2022-11-29,0.00021727070007991706,0.00021531004176282255,0.00021893808602326304,0.00021818147737113488,0.008502767247555906,0.009097305066839638,0.011965714683603225,0.004347124343592917,1
2022-11-30,0.000304654572049557,0.0003013296812759244,0.0003029469253707874,0.0003029839640544078,0.02056607860394072,0.012908120594789492,0.012882930341793152,0.00467530403973038,0
2022-12-01,0.00030387591872834134,0.00030057906160872597,0.00030246542183806266,0.0003025442402977503,0.02217852568206787,0.013485899479480907,0.013110437831405586,0.0050745233468979176,0
2022-12-02,0.000303449881138886,0.00030039428090537844,0.00030213637721263016,0.0003020926571604366,0.021216736924568432,0.013280480929259311,0.013150637051776824,0.005343475151666381,1
2022-12-05,0.00030361046722665125,0.00030055877508281453,0.0003024433455634361,0.00030246216953140403,0.022614167675729407,0.013660415963617058,0.013285803648041612,0.005578604667640278,1
2022-12-06,0.00030407426701917006,0.00030118844547311443,0.0003030710307145252,0.00030285966819235837,0.022525000444032717,0.013472375233555078,0.013281001640312397,0.005717085422846749,0
2022-12-07,0.0003034619527941228,0.0003006533210282707,0.00030255964775391045,0.00030229360051459695,0.013595470871050716,0.013745821457117738,0.01337435833668492,0.005698329489931159,0
2022-12-08,0.0003037464590669409,0.0003009954683332721,0.0003029640488449511,0.0003028139298825373,0.013830502205054782,0.01427621238588549,0.013601661464386669,0.005648578508456298,0
2022-12-09,0.00030444018436292673,0.00030171939339644085,0.0003037411664730023,0.0003032720527220586,0.013358425190675614,0.014270675702313093,0.013595643236055872,0.00545465675322983,1
2022-12-12,0.0003046313180065466,0.00030190827678103547,0.0003039335249791683,0.00030328477276088275,0.010983112688772405,0.014306773553851905,0.013615587566576584,0.005253733303976533,0
2022-12-13,0.00030532622661716446,0.0003025745556211668,0.0003046013533186622,0.0003037655266064301,0.01098390525234718,0.013719047592247319,0.013596381361731453,0.005035249828196675,1
2022-12-14,0.00030581081002884993,0.00030301547211423856,0.00030501157438679713,0.0003040516595778253,0.009345088860650011,0.013730965631772375,0.013589135270139406,0.004889924962358863,1
2022-12-15,0.0003059699412807836,0.00030317494970451937,0.00030511725062549685,0.0003041603080728793,0.005275899662984304,0.013771708368387701,0.01354598401479493,0.00502428165574599,1
2022-12-16,0.000304275655265213,0.00030157791837055623,0.0003035045055380571,0.00030259855724404215,0.006367646891796249,0.0137930778488768,0.013337433637925725,0.005085714732965997,1
2022-12-19,0.00030435026354731683,0.00030157677124979516,0.00030353023278779586,0.0003025648209043765,0.005891023083934311,0.013642142266547808,0.013341390603422168,0.005178144901796871,0
2022-12-20,0.0003046890036443853,0.0003019598835339219,0.00030389479974729365,0.0003029836754384144,0.00971370016672004,0.014094988838158585,0.013381932301118086,0.005185349101973409,0
2022-12-21,0.0002970954574000304,0.0002946404962333427,0.000296510349092444,0.0002955664414045714,0.01205073290550672,0.014494406392832754,0.013120368995244571,0.005177960232847857,1
2022-12-22,0.0002970776505425281,0.0002945487097876844,0.00029659406907445065,0.00029561240481777,0.01136184050002455,0.01449220764304084,0.013116511157946343,0.005172506052054245,1
2022-12-23,0.0002970509439410497,0.00029448119458245104,0.0002966182365172338,0.0002956230919874621,0.011340534788645502,0.01412225287916471,0.013114512593045954,0.005138344925162471,1
2022-12-26,0.0002968330403751028,0.00029421217705118325,0.0002964173640003048,0.00029543224218921615,0.01198950417691277,0.014234480209898199,0.013137213385290801,0.0050637126484581515,1
2022-12-27,0.00029724942612687996,0.0002946370266910903,0.0002969815554995697,0.0002959241534563231,0.009154721054487803,0.014196713599550366,0.01309262091760299,0.005072085365854457,1
2022-12-28,0.0002967122786013231,0.0002940183685129198,0.0002964064492613454,0.00029541241615617993,0.006992028233218701,0.010796714041700642,0.013147211784262437,0.00512941239366354,1
2022-12-29,0.00029660376027211793,0.0002938778383948576,0.0002964192395898821,0.00029537902408054324,0.007050697485809313,0.009973986954602193,0.013154556024876439,0.005179353992912262,1
2022-12-30,0.00028504683416704247,0.0002828328099879272,0.0002851738818090112,0.00028411266011639215,0.006683930053331284,0.009902993244011926,0.012679179881950293,0.005245900447282703,1
2023-01-02,0.0002849823512309175,0.00028297173438171947,0.00028536142252425976,0.0002843436111479787,0.0054039441776200904,0.009059301027021389,0.012488602599603164,0.005359505859035812,1
2023-01-03,0.00028368767347624165,0.000281967308150495,0.00028439487893336976,0.00028341542063026166,0.005387810170618788,0.009053170184272227,0.012207679269291451,0.005418514181365152,1
2023-01-04,0.000283055927852604,0.000281313642484371,0.0002836516900916371,0.00028266356058010724,0.00447140652229145,0.008680909866987234,0.01221519243580249,0.005522046741679024,1
2023-01-05,0.00028242703923167924,0.0002807203250466678,0.00028296690571732335,0.0002819783712698017,0.004279265123823871,0.007499182986136709,0.012215432629788803,0.005611453400138339,1
2023-01-06,0.0002818565075307301,0.00027996021412817656,0.0002822980169309774,0.0002813270024096409,0.00895414949124202,0.008573306980104238,0.01214115639617067,0.005618302631250841,0
2023-01-09,0.00028207726441610017,0.00028038961488140515,0.0002827551294031901,0.000281785069192678,0.008959142549893799,0.00848412062749887,0.011973401261229016,0.005616400577507143,1
2023-01-10,0.0002833121169460475,0.0002812529304808824,0.0002835326520126687,0.00028258510489355214,0.012127582620649299,0.009411052639977598,0.012140337011639567,0.005599025902128212,0
2023-01-11,0.0002825555182679031,0.00028056479174375743,0.0002825681667337553,0.0002817128951061662,0.012253970367951336,0.009542823068151922,0.012169915194983711,0.0053157584990540735,0
2023-01-12,0.0002838758275463137,0.00028144726218932737,0.00028331869306687935,0.0002825918475486153,0.014958214383370751,0.010257485585211062,0.012401099518881038,0.004936388788834549,1
2023-01-13,0.0002837484387862849,0.0002815135631546713,0.000283290999224205,0.00028257425283085825,0.012445847017830348,0.010103941698083109,0.012388473024931203,0.004531319523348432,1
2023-01-16,0.0002834923902341003,0.0002811664007081955,0.0002828635540383808,0.0002821666985021355,0.013683496524962743,0.01049351151260897,0.012465229922874582,0.003954076573447941,0
2023-01-17,0.0002831840796606801,0.000280869388844714,0.0002824726265370307,0.0002818004688982916,0.011893199657799109,0.010017033921539017,0.012504271058400147,0.0032021174801473776,1
2023-01-18,0.00029130449357575485,0.0002882397666747828,0.0002897288527593881,0.0002892271781406472,0.016535449798363747,0.01109575171985381,0.012708816681013842,0.003366444391790307,0
2023-01-19,0.00027305336466697906,0.0002704208972862197,0.00027262074584805996,0.0002713203004553824,0.014437527423119377,0.011182741397669187,0.012099179585651636,0.003393279232137975,0
2023-01-20,0.00026529601971960056,0.00026276320285406363,0.00026556119566076015,0.00026430264263849765,0.015667443501845815,0.01145883510597938,0.011732532720685725,0.0035009918602605986,1
2023-01-23,0.0003164967065222126,0.00031266023626273245,0.00031388609399068994,0.0003140120079918102,0.02266291310086252,0.014233012288954025,0.012741086421965723,0.004205501565718134,1
2023-01-24,0.000315481328760401,0.00031154475899705664,0.0003124331924760725,0.00031243114483708493,0.023685258727531126,0.014820142018091969,0.012960764457176378,0.004866474276345202,0
2023-01-25,0.00031673518132658147,0.0003129902596850884,0.00031394148503048093,0.00031395320334006566,0.02045029767845584,0.014678121824997604,0.012892321638574327,0.00517253524305919,0
2023-01-27,0.0003167635527832594,0.0003131177736439506,0.0003139517012354649,0.00031404171406660287,0.020555013928646653,0.014773380480098628,0.012904813977104274,0.00533201444441496,0
2023-01-30,0.000317854901920198,0.00031427798446158095,0.0003151451742551839,0.00031531953183793957,0.019703166251331443,0.014737362784042154,0.01280143625707466,0.005437300695864248,1
2023-01-31,0.000317882497994942,0.0003143122154201896,0.00031505627440830627,0.0003152223834040123,0.011994810221784714,0.015206802876113227,0.01290897301763648,0.005312635587866471,1
2023-02-01,0.0003187509140161492,0.0003152155975475976,0.000316009055137773,0.0003162407175414085,0.008802860017358213,0.015223405366377795,0.0128480459703433,0.005330075684023841,0
2023-02-02,0.0003191041917517041,0.0003156010673582499,0.0003162374929488495,0.00031664855870204323,0.008785262383886477,0.015157311767790687,0.012832899174591853,0.005366403915771622,1
2023-02-03,0.00032214182622277923,0.0003187082354272472,0.0003191393636463862,0.0003194209984845742,0.013094238315055526,0.016016850894374726,0.013122340976608112,0.005367629647471911,0
2023-02-06,0.0003222691432941395,0.00031883507001158025,0.000319026488607357,0.00031943083070477303,0.013189324064826145,0.015512421824858423,0.013137592479192895,0.005368666727338038,0
2023-02-07,0.0003225813139072222,0.0003191276224289766,0.0003191717003466092,0.00031963238864979787,0.010945282359769198,0.015528364253500909,0.013137657943643695,0.005373517847510522,1
2023-02-08,0.00032174682396530547,0.00031829326787316845,0.0003184999220860722,0.00031891376154577337,0.012497484542645147,0.015298015749348186,0.013048747890098899,0.005343332530537322,1
2023-02-09,0.00032154457806258033,0.0003180488381625794,0.0003180891048612267,0.00031854572287874254,0.012887095693151369,0.01528801692282092,0.013080881095749697,0.0052495420126897775,1
2023-02-10,0.00032217197767121997,0.00031864227457386685,0.00031873021883162077,0.00031911919218438134,0.007632340710231566,0.014668524955399468,0.013038936386606458,0.0052298297586041145,0
2023-02-13,0.00032256598085298344,0.00031900096322181595,0.00031905722166911154,0.00031945386521187733,0.007433342102907292,0.014687549066445642,0.013013617636443842,0.005202806625012319,1
2023-02-14,0.0003231445802828805,0.0003195652268321206,0.00031960418115378145,0.0003200257241704661,0.007215541438858062,0.014399187014071575,0.012955801996945801,0.005127259625862227,0
2023-02-15,0.00032351967925549173,0.00031991626404110523,0.0003198553205618205,0.0003203679441711778,0.003674190726382945,0.014214153359088839,0.012923516480287332,0.005218945823023634,1
2023-02-16,0.0003232516380797119,0.00031958613552014877,0.0003194264456532555,0.000319985811494008,0.005739507423225312,0.013175874649875107,0.012997527914933815,0.005156190892672102,1
2023-02-17,0.00032302624799708296,0.00031930102630888554,0.0003190494743609168,0.0003196858575070039,0.006829468646242824,0.013217998537651206,0.01303576200147764,0.005034351358052035,1
2023-02-20,0.0003227812013628712,0.0003192132796103633,0.000319068066934882,0.0003197089455085431,0.006952433003094688,0.012901200807444077,0.012873537595174286,0.005097975671224656,1
2023-02-21,0.000322895433696069,0.00031930021667936673,0.00031911817041715366,0.0003198552580008027,0.0069632839360090895,0.00954235347832318,0.01286151333201458,0.005159638602766284,1
2023-02-22,0.0003230026104898117,0.00031938921068950295,0.0003191474142449278,0.00031999214986250105,0.007009100192781499,0.00860675065551957,0.012848598410077785,0.005256882781021528,0
2023-02-23,0.00024081843311765647,0.00023827049050378175,0.0002389477857996502,0.00023936298305171847,0.0059306065514601455,0.008822869574118894,0.01168844617460108,0.005386153555653787,1
2023-02-24,0.0002405946193533217,0.0002383341272771039,0.00023870308471790716,0.00023918514160422693,0.004624859121838767,0.008627610701338396,0.01143341379457863,0.005528365068762778,1
2023-02-27,0.00024003598715736482,0.0002377901326063904,0.00023840498569841656,0.00023910025822022692,0.004301229995616061,0.008603048126152205,0.01139110141119385,0.005692953828856059,1
2023-02-28,0.0002397297084763104,0.0002376508416918076,0.0002380979189138974,0.00023875826711871638,0.005136530669049215,0.007853892580728966,0.01118036101803494,0.005794215958518529,1
2023-03-01,0.00023831282562089624,0.00023632595505560316,0.00023677639609148745,0.00023779151050422716,0.005247620819713886,0.007847799168675207,0.011184809834865545,0.005894585209075699,1
2023-03-02,0.00023852876378424633,0.0002367319903519358,0.0002371504199489881,0.000238290302444956,0.0036063369586026017,0.007861248965541419,0.011058956120764568,0.0059497720048022245,0
2023-03-03,0.00023755194639236475,0.0002359289193403057,0.00023625366437416881,0.00023730402446983545,0.0040690985309330815,0.00597580855320786,0.010777871556987909,0.0060192148972390775,1
2023-03-06,0.0002359398885945556,0.00023446591861789114,0.00023473257422922553,0.000236217454727059,0.004825605605352068,0.006028638909716003,0.010808658728864709,0.006007753470559903,0
2023-03-08,0.00023503498177649342,0.00023375437971768245,0.00023403184049848886,0.0002357595502422527,0.004596979816777953,0.006084150149760178,0.010803198326671341,0.005572039927059654,0
2023-03-09,0.00023393502898945835,0.00023294896360737778,0.0002332124216737804,0.0002352239314411769,0.004391087934427884,0.005230830252494839,0.010800598483265478,0.004928223812999333,0
2023-03-10,0.00023282384885026043,0.00023187409664525982,0.0002322251371826555,0.0002343486565424878,0.006050986078991261,0.005425268157349679,0.010866193263537813,0.004412097305004449,1
2023-03-13,0.00023275858837461998,0.00023209444407807853,0.00023241257747335324,0.00023468177285426532,0.005764641181159009,0.005427237204343134,0.010798711938161823,0.0037564992499202646,0
2023-03-14,0.0002324649216700561,0.0002320372609179608,0.00023228565175414177,0.00023472654366551703,0.005356958050849046,0.0054502379111986765,0.01076288109981366,0.0030098872061499857,1
2023-03-15,0.0002316809171465619,0.0002314530074165428,0.00023160425756269844,0.00023425176133042087,0.005271228919275359,0.005563033081036688,0.010776482227396423,0.0028872115223750228,1
2023-03-16,0.000231815446067811,0.0002311424444312441,0.00023139178837769457,0.00023384156276499626,0.008529346433344175,0.006494159175902286,0.010716921630501235,0.0028816206503937338,1
2023-03-17,0.00023730829292163238,0.0002353736392716616,0.00023581874954631304,0.00023770876806090445,0.012256315620862586,0.0076650092213504765,0.010885337927402594,0.0030239490943776795,0
2023-03-20,0.00023662420145164576,0.00023497661137738017,0.00023521447636677497,0.00023735095280438408,0.012426669546333098,0.007509994818782729,0.010896011696742333,0.002980210092153532,1
2023-03-21,0.00024743799594206985,0.000244068363841257,0.00024461818762294143,0.00024636682417768035,0.016832561714176762,0.0094050409668661,0.011346081259601645,0.0032966442090304935,0
2023-03-22,0.0002494522761854616,0.0002453670907517746,0.0002461050365281306,0.0002478410641395855,0.018825041498321336,0.010364412820836407,0.01156224029392662,0.003871822607178445,1
2023-03-23,0.00024915354476156627,0.0002453773489744012,0.0002459026026757324,0.0002478072801806571,0.017765597273895886,0.010430548578498051,0.011583164650058715,0.004213963955109653,0
2023-03-24,0.00024957029858049373,0.0002461609060044855,0.0002465891664332541,0.00024854635366737863,0.014908756535479647,0.010272638327366738,0.011529923186160264,0.004316272154150809,0
2023-03-27,0.0002495970741622081,0.0002464791989656371,0.0002467099505671018,0.0002488039916172576,0.014769069166058702,0.010275409612851748,0.011522043799249827,0.004506476378750239,1
2023-03-28,0.0002494639158807692,0.000246483900313647,0.0002465691001685317,0.0002487701888671703,0.009816243483182135,0.010388421908543746,0.011534319928504289,0.004518766249040638,0
2023-03-29,0.0002492008084180934,0.00024633338783829046,0.0002462549462465921,0.0002485657291219672,0.005332323907948112,0.010389104189342602,0.011559468964729178,0.0045429057924239085,1
2023-03-31,0.0002509187193912434,0.00024733782607493673,0.00024727394733881455,0.00024953377217472116,0.009783584291377028,0.011217913931660994,0.011820626262584023,0.004482228258488343,0
2023-04-03,0.00025076393116465524,0.0002471085066423708,0.00024702650361633176,0.0002492685326813613,0.010958544688644677,0.01150209142127613,0.01188614659155251,0.004487509298574422,0
2023-04-05,0.0002504785759638126,0.0002467898141829954,0.00024667239210619845,0.00024887131569220313,0.011730390790774902,0.011655263575927822,0.011945640340888308,0.004521045695515958,1
2023-04-06,0.00024987447542846615,0.00024611503130099466,0.000245948457128655,0.00024833790830322946,0.013905434423225919,0.01226531569141086,0.011936187093401522,0.004617867385436314,0
2023-04-10,0.0002497804788497914,0.000246060142074487,0.00024595138504900495,0.0002482140406650196,0.013933633742519833,0.012295810966167376,0.011962914176040796,0.004702083104256578,1
2023-04-11,0.00024809516617568485,0.0002446985970960333,0.00024453797760121224,0.0002468439962114972,0.012425551304036053,0.012634071432776227,0.011846386677889205,0.004729615831798397,1
2023-04-12,0.0002482712218154584,0.00024497165964625827,0.00024497746996150456,0.0002471292040794792,0.011622365950499789,0.012526545673217005,0.011833164447360125,0.004711704587783829,0
2023-04-13,0.00024625270376589753,0.00024358440698733931,0.0002436465832910491,0.0002456026386325472,0.011311009234657159,0.012630207025781335,0.011606645475092842,0.004640425491978453,1
2023-04-17,0.00024612748473570113,0.00024345714641817257,0.00024362634633825507,0.00024544416384253165,0.007945644254541898,0.01261138512516623,0.01161143438803865,0.004545693677134421,0
2023-04-18,0.0002462767168981704,0.0002438696585117742,0.00024412348776343295,0.00024584303432727544,0.00783951400222315,0.012633487194105746,0.011516494293122218,0.004479525869188893,0
2023-04-19,0.0002465660252994363,0.00024433227007308243,0.000244659464759641,0.0002462922269696499,0.005596652059831621,0.01221732179707142,0.011452499159729998,0.004467903076684469,1
2023-04-20,0.00023482060165418703,0.00023389286925710722,0.00023463087929162104,0.00023596830229885037,0.005153066433373587,0.01122490765085985,0.010929388377564736,0.004403037679332106,1
2023-04-21,0.00023505386749542336,0.0002335952908176432,0.00023427750461434366,0.0002357988123230819,0.007986791327325583,0.011698880691639534,0.011075187236291,0.004283689834682199,1
2023-04-24,0.00023541233719853692,0.00023428648692482164,0.00023510132473395388,0.0002365239208219919,0.00794160974871844,0.010197085007986675,0.010937341549671808,0.004192451159121995,0
2023-04-25,0.0001583420360014056,0.00016044014007926633,0.00016323279674756687,0.00016287806378389625,0.007456794304732958,0.009214683779491743,0.009719189955649816,0.004095958852946045,0
2023-04-26,0.00015813043988247442,0.00016078890491121655,0.00016364891867946726,0.00016347622733327928,0.007401659323739184,0.009168150328981634,0.009432699877721476,0.003985917572993112,1
2023-04-27,0.00015505109076625575,0.00015761316886782087,0.00016020630162316604,0.00015991320167645242,0.00807800404422943,0.00931366381970205,0.009488843615411803,0.003929415458413115,0
2023-04-28,0.00015564826162973907,0.00015736709716489573,0.00015989563782473255,0.00015933628899535753,0.00857631364340231,0.010035972666202415,0.009673683484631504,0.0038503068644279203,1
2023-05-02,0.00015372580300284768,0.0001557730456065832,0.00015829529826877285,0.00015758063038927937,0.008781116725195067,0.009958307404634726,0.009679869716340979,0.003745244426909453,1
2023-05-03,0.00015383698059442545,0.00015637322138348044,0.0001590067119598635,0.00015838897760522385,0.008834325813855239,0.009864750667784094,0.009432751812420951,0.003628202979551001,1
2023-05-04,0.00015217631767216834,0.00015438024779388857,0.00015667231477499744,0.00015598336046362634,0.010671048076129605,0.00941239431913865,0.009592057679645986,0.0036065698261403202,0
2023-05-05,0.00015002044119764412,0.00015249064211595839,0.0001545962418810605,0.00015379225666700734,0.010697866414980554,0.009237585982352943,0.009651085209152794,0.0035945168903396456,0
2023-05-08,0.00014342514125498699,0.00014648080148318518,0.0001488848782893934,0.00014841716986679345,0.007686834836426074,0.00900511453460261,0.009176919320960479,0.0036175339099284664,1
2023-05-09,0.0001416443276583816,0.0001451405339857516,0.00014749970807675868,0.00014707361275846515,0.007892938006188581,0.008148756183180828,0.009186669390057148,0.003440547698989387,0
2023-05-10,0.0001401576664512804,0.00014429342228821203,0.0001466172644222225,0.0001462226782672485,0.00782721922512277,0.00800581717374359,0.009170549946794474,0.003052515918073077,1
2023-05-11,0.00014049048602427148,0.00014509891494155782,0.00014732876532030912,0.0001470397084515617,0.004915410116306853,0.007485646242611151,0.009000300842535322,0.002789522323456691,0
2023-05-12,0.0001636622006155201,0.00016479881299214338,0.00016717628487052523,0.00016633166226570775,0.012605629140088516,0.00955450776931452,0.00962005716885708,0.0026612197915889826,0
2023-05-15,0.00016207133617806814,0.00016326132164447586,0.00016538486137441773,0.0001646602612548865,0.013638686403255475,0.009778077367574503,0.009739743839762508,0.002588352143506062,0
2023-05-16,0.0001612872326053185,0.0001621809362875461,0.00016430201233528534,0.00016357057643452854,0.01488454795450114,0.010295938695935165,0.009912256414735353,0.002782784253386976,0
2023-05-17,0.00016049783878043018,0.00016190307946364083,0.00016377482276587965,0.00016296560356723108,0.015058964667213437,0.010267507871131157,0.009932674256011197,0.00285258404711108,0
2023-05-18,0.0001597541606316736,0.00016159717711890456,0.00016332509437463506,0.0001623779580658108,0.015195200400691555,0.010292123197091468,0.00995598404979405,0.0030195993053322616,1
2023-05-19,0.00015990153802981937,0.00016160722799400733,0.00016335041360489796,0.0001624128878783068,0.010760138430306956,0.010658106776395296,0.009972397875983542,0.0030175347705425574,1
2023-05-22,0.0001600513655425636,0.00016214299271789074,0.00016385296292739456,0.00016278748714310012,0.009648167383572192,0.010145707050031975,0.009936451465193334,0.0029989454440260814,0
2023-05-23,0.00015997458513865523,0.00016247978943556842,0.0001640853045086803,0.00016290610981438812,0.007084340750687586,0.010138344699613609,0.009920036483412744,0.0029409069269417877,1
2023-05-24,0.00015955233886684177,0.00016236423766990363,0.00016381907715785348,0.00016259133590217417,0.0069084894768324,0.010171164105983238,0.009929485209005686,0.0028666778694930754,1
2023-05-25,0.00015908882629739603,0.00016212193720438288,0.0001634995537129071,0.00016218755815575002,0.006876899476796107,0.010200715480858396,0.009948298354067693,0.002844600372238174,1
2023-05-26,0.00015913889398573648,0.00016238220253271066,0.0001637290928525621,0.00016237881294482536,0.004803249383386737,0.010151330153341869,0.009921709124162344,0.0029182726240304896,1
2023-05-29,0.00016474818128861085,0.0001663469623488581,0.00016775429147530883,0.00016626907627012601,0.010278343350473573,0.01053366831284916,0.010283691914770857,0.002896103157964626,0
2023-05-30,0.00016488116641602494,0.00016679197860186752,0.00016816931137751925,0.0001664750575709678,0.010268484647280819,0.010481864087588081,0.01027872675100996,0.0028988906230165627,1
2023-05-31,0.0001652193447316079,0.00016745099583074998,0.0001687412058347443,0.00016696157335388545,0.010187320214137523,0.010482682119135745,0.010249120547725237,0.002896916689528916,0
2023-06-01,0.0001651776545631998,0.0001675741598062248,0.0001687681391673219,0.00016691172077799203,0.010099996466932729,0.010054315576839142,0.010255470434777359,0.002823627018118705,0
2023-06-02,0.0001648507484096255,0.00016692630516497456,0.0001681926592795043,0.00016617322114835599,0.010880333275995777,0.010199697567729196,0.01035478846263728,0.0027274207060750356,0
2023-06-05,0.00016474406136151567,0.00016686098691642682,0.00016812364271227265,0.00016597412877157705,0.006315538396751919,0.010303291560696079,0.010377781936913301,0.002775286246277425,0
2023-06-06,0.00016471389503419393,0.0001668718733370559,0.00016812911709181846,0.00016587932240820424,0.007189919637002403,0.0103546411456372,0.010393247641262413,0.002792327662631149,1
2023-06-07,0.00016499523638389719,0.0001673834013581307,0.0001686345468644808,0.00016628246130148995,0.007154129734774553,0.01036174103501973,0.010370563360009931,0.0028000648901815544,1
2023-06-08,0.00016469338621256482,0.00016682775765474516,0.00016815843220461198,0.00016565685737929443,0.008058268943236458,0.010549069729420673,0.010439309249086525,0.0027866554802645853,0
2023-06-09,0.00016512329102909978,0.0001669344272958407,0.00016832599326704,0.00016578361265917537,0.00869153715866118,0.009121077979815527,0.010510265279413882,0.002778895417037732,1
2023-06-12,0.0001664589198846235,0.00016719566681097045,0.00016871881849725505,0.00016598927253280133,0.010952603014144205,0.009468064927929296,0.010720341723406857,0.0027879962394864255,1
2023-06-13,0.0001667815473204279,0.0001677128683496302,0.000169448530448737,0.00016653851223486353,0.01046611628641555,0.008900339815571935,0.01071244505607651,0.002790092324100009,0
2023-06-14,0.00016683495000031364,0.00016735682120844788,0.00016920527542187955,0.00016613225383388622,0.011777764713236657,0.009238588013046514,0.010807069060606902,0.0028156545457039533,0
2023-06-15,0.00016557857806134054,0.00016696936872017025,0.00016869082358349476,0.00016581443087747408,0.011662210109615356,0.009357410406308414,0.01068880849782291,0.0028338148742212167,0
2023-06-16,0.0001574918374713567,0.00016136197171004912,0.00016291043911141997,0.00016052768517384308,0.010102454759281312,0.008931059108239344,0.010317583835734674,0.0028285366004165676,1
2023-06-19,0.00015719963257053134,0.00016069595083926142,0.00016240261247787437,0.00015987111519715446,0.008150885200605234,0.009109429312667703,0.010372734827176718,0.002818611843682499,0
2023-06-20,0.00013937025322495797,0.0001467903682067815,0.00014809479853248735,0.0001458871851645488,0.00824144755715874,0.009146006905969475,0.009838970444654111,0.002811711314062938,1
2023-06-21,0.0001358596879393546,0.0001452139645065591,0.0001461483635848176,0.0001439836481500823,0.006290702327445305,0.009127591999265862,0.009516230208297335,0.002860376528173008,1
2023-06-22,0.00013552168658886228,0.00014479682527763322,0.00014581431146233666,0.00014361812738277648,0.005011922931266161,0.009056380942508836,0.009489074639676716,0.002854930616321715,0
2023-06-23,0.0001345814521014816,0.0001434134201454364,0.00014449794719888012,0.0001422792620003895,0.006066232500315651,0.009121173708579677,0.009539211138779768,0.0028704135621081396,1
2023-06-26,0.00013378723698256943,0.00014243965246959822,0.0001436283636390925,0.00014136955669504978,0.004795492954459876,0.007894289395759573,0.009556825144818171,0.002876676734753211,1
2023-06-27,0.00013371931433414568,0.00014245731153462836,0.000143727834468515,0.00014144253936533425,0.004811526783348636,0.00794208383126879,0.009523900753696333,0.002767479125518724,0
2023-06-28,0.0001336870330955549,0.00014256684623068424,0.00014387418008710834,0.00014161519261598395,0.004662930181417263,0.007924852799132073,0.00948688958574422,0.00260172983205717,1
2023-06-30,0.00012976107138434344,0.00014041436475633798,0.0001414783250271042,0.0001394569839875914,0.0049511598371523215,0.007914799400558514,0.009171086414900276,0.0023450150477050138,0
2023-07-03,0.00012979508503366337,0.0001406981251866131,0.00014167555398449135,0.00013978483919822727,0.004311867148297936,0.007632066977499781,0.009085065980379505,0.002388371702796416,0
2023-07-04,0.00012970977899753097,0.00014048913195879634,0.00014143221502144242,0.0001396554886333872,0.005334298817473996,0.007711159752094119,0.009068478179723035,0.0024086446263449184,0
2023-07-05,0.00012721024653973976,0.00013955012680323464,0.00014042470760389523,0.00013858638665848377,0.005033675052668906,0.007515812039974675,0.008758010641846297,0.0024566947409337993,1
2023-07-06,0.0001349038361965258,0.00014408794149111667,0.00014543815853432427,0.00014331050005399082,0.010448024593620181,0.008791939677888954,0.009105986843753907,0.0025030284619144776,0
2023-07-07,0.00013522698592036665,0.0001451451324965229,0.0001462085518652156,0.00014424405335119854,0.010316214081022563,0.008544951328244716,0.008950492817489048,0.002538006953292656,0
2023-07-10,0.00014383109752018106,0.00015061256031675925,0.00015228506261021464,0.00015005724187614367,0.013856172505760473,0.009346717120534554,0.00934244441887063,0.0026894896238685963,1
2023-07-11,0.00014466458646902446,0.00015042407681136813,0.00015210863052403137,0.0001498731795580307,0.015022219616479955,0.009267625212393672,0.009506908497914421,0.0029426943703994347,1
2023-07-12,0.00014387990425975897,0.00014935685393969246,0.00015074514436779545,0.00014888960415971878,0.015733592172715197,0.009538816161053022,0.009595335954123345,0.003220315623823675,0
2023-07-13,0.00014399752251745014,0.0001497935812070776,0.00015096855407700652,0.00014944678123693478,0.012922348966031488,0.009185098997262973,0.009576695149303304,0.0033057727026242776,1
2023-07-14,0.00014363179967587683,0.0001494712455774406,0.00015046451887824433,0.00014922088451265942,0.013306568911616728,0.009125820570872994,0.009605025256048106,0.0034048370595611485,1
2023-07-17,0.0001431778940972174,0.00014893168924949555,0.0001498052237052239,0.00014875631768851452,0.009866654485622002,0.009283530609370745,0.009653030567772171,0.00338796103695465,0
2023-07-18,0.0001425659923299076,0.000149437654449825,0.00015037150625281907,0.00014933893219508447,0.007058359485327409,0.009040727534057276,0.009445489722483415,0.003372485376320955,0
2023-07-19,0.00014240958287103125,0.00014943926483623518,0.00015009353030753306,0.00014933187051484437,0.005286302496787093,0.008999716540919566,0.009441581318633829,0.0034202568917503294,0
2023-07-20,0.00014206498704805187,0.00014913977891305947,0.00014955332872348539,0.00014901562198122486,0.005307047614860714,0.009028510300320288,0.009456558803618674,0.0034649696628723807,1
2023-07-21,0.0001418406348101599,0.0001483445997544566,0.00014876212507849006,0.00014815607446030764,0.006766548019357817,0.009404642537018598,0.009565910539451382,0.003480138960668635,0
2023-07-24,0.00022104120589354703,0.00022047082163532267,0.00022150470760814225,0.00022018248611089907,0.017656658680265336,0.012446828725663392,0.010664096446022862,0.0038553162816293528,1
2023-07-25,0.00021989920965969435,0.00022017249693047274,0.0002210516963767916,0.0002202493688483207,0.01810817016727781,0.012568294350378864,0.010507774836867061,0.004194852619521175,1
2023-07-26,0.00022037386818327378,0.0002208410086355984,0.00022153050081620627,0.0002212691349642336,0.01822885699678445,0.012580938246906917,0.010507555654639747,0.004508992793109429,1
2023-07-27,0.0002205674753610904,0.00022108866291926287,0.00022162504718613744,0.00022177277620774146,0.01832240762369402,0.01264934480738021,0.010530841060978248,0.004779716811563614,0
2023-07-28,0.0002207014906705379,0.00022182722070912658,0.00022229306160785324,0.00022283561608885027,0.01770368965511414,0.012675723339004798,0.010398834444890807,0.00499266134355035,1
2023-07-31,0.0002210830903582095,0.0002223680446027861,0.0002227616908330555,0.0002236006035943455,0.006334824933188547,0.012661279456808205,0.010369671712990355,0.0050317418947950655,0
2023-08-01,0.0002208515790026586,0.00022195079725677858,0.0002222782121645495,0.00022329205067026525,0.0063604886998367815,0.012687091512022249,0.010433633000086057,0.005060835466546969,1
2023-08-02,0.0002212376888458927,0.00022242349846501882,0.0002227560180274451,0.00022396799855937887,0.006238365224434945,0.012715142004982869,0.010414426853841276,0.005092544708567102,1
2023-08-03,0.0002211481183308319,0.0002222033932089223,0.00022253804437696664,0.00022388421021570833,0.006459161736179477,0.01196435590252584,0.01045322426716202,0.005088933202942467,0
2023-08-04,0.00022111891370688686,0.00022206771921467894,0.00022245877210879902,0.0002238570330411375,0.00676582170938845,0.012062834649303078,0.01048508536183147,0.005044971805855896,1
2023-08-07,0.0002042673877167515,0.00020794258989296552,0.00020793562315503205,0.00021009262378062716,0.006331701179689137,0.011060390061533297,0.009880745801109583,0.005038786659368262,1
2023-08-08,0.00020426898983847257,0.00020805988792202938,0.00020806600078621484,0.00021028999638260886,0.006279447395721758,0.010695951822156706,0.009830844587975424,0.004997003735653476,0
2023-08-09,0.00020432249466411555,0.00020869934283696456,0.00020862972408859347,0.00021096939856710386,0.006073835043535803,0.010440844006907174,0.009647388008568101,0.004959951229154686,1
2023-08-10,0.00020412498458311656,0.00020836357629411904,0.00020838962064223898,0.0002108914007071939,0.005732260312945189,0.010469657995186508,0.009649374601504852,0.0049262203457886905,1
2023-08-11,0.00020392128758946724,0.0002080300020738799,0.00020815227117730158,0.00021077837914350246,0.005547496388774122,0.010437406994670235,0.00965714235469011,0.004907409290597022,1
2023-08-14,0.0002042188411271286,0.0002081812337891306,0.00020829622912866736,0.00021086575967739604,0.008263961846130534,0.010726964947140389,0.009678421605943247,0.00480823846541653,1
2023-08-16,0.00020402913992200117,0.0002075400715090589,0.00020766344758558307,0.00021028892037510208,0.009096898917679534,0.011074144129705431,0.009786949217419428,0.004733836322304986,0
2023-08-17,0.00020360624386725826,0.00020691626550009386,0.00020710799214046583,0.00020980253239343019,0.009704361445660906,0.011205741065261706,0.009835530369746803,0.00464026465153199,0
2023-08-18,0.00020355975346266248,0.00020685887252544806,0.00020717695140737353,0.00020986418498987054,0.009548703347244197,0.011196739875650912,0.009835207467580319,0.004641311071243453,1
2023-08-21,0.0002035544969746891,0.00020686125982869686,0.000207277343155198,0.0002099599546295366,0.009371632198827407,0.010929308956441255,0.009830482037863724,0.004643277779814279,0
2023-08-22,0.00020371127664984922,0.00020712476870166606,0.00020759685766064007,0.0002102912094072461,0.007169311170175773,0.007069521462095795,0.009799617149853656,0.004617597307075153,0
2023-08-23,0.00019896545556801696,0.00020391008598082293,0.000204298488775114,0.00020714324155946993,0.004556801917002373,0.0067713604564678094,0.009418654369090864,0.0046114704278402835,0
2023-08-24,0.00019863300948952354,0.0002034724397267254,0.0002038685598208203,0.0002068681044977336,0.00332625809829098,0.006727690852253821,0.009427239379565406,0.004592880177683269,0
2023-08-25,0.00019839558822710564,0.0002031741350008268,0.00020360329241805988,0.0002067016480873843,0.003151315883766062,0.006627369501590363,0.009429231896157082,0.004660134099025004,0
2023-08-28,0.00019812783929002315,0.00020274883881265442,0.00020323940648170105,0.00020637299073541696,0.003915124279692839,0.0067027372726042485,0.009455945196253175,0.004662224861693725,1
2023-08-29,0.0001982345172124365,0.00020322329367506467,0.00020363916656453726,0.00020688097651499037,0.003905679571308664,0.006615074844469315,0.009350858410334437,0.004727847353366938,1
2023-08-30,0.0001983359087404431,0.00020290615961378547,0.00020342045849337583,0.00020661776967617726,0.0064824270506908714,0.006800208336743094,0.009428098238419268,0.004734168055605001,1
2023-08-31,0.00019846156809974575,0.00020320988387698184,0.00020373462760849652,0.00020702693578172717,0.006404108677866766,0.006766511362927135,0.009379906588940178,0.004714260468096465,0
2023-09-01,0.0001982235112058208,0.00020250022451602536,0.0002030922907992704,0.00020638805788590067,0.00789104130844591,0.007004210673586194,0.009478097253174849,0.004681109092560382,1
2023-09-04,0.00019842350735722867,0.0002030245012266523,0.00020360811951882743,0.00020699986810227163,0.007266476750816199,0.00683249750730202,0.009402325867673847,0.004676017879091936,1
2023-09-05,0.00019821747235806351,0.0002034740165371758,0.00020393357252127177,0.00020749084139424758,0.0071616786141878086,0.006823416694291818,0.009242156397517095,0.004340679319668755,1
2023-09-06,0.00019701599562739366,0.0002032397108115661,0.00020357630540503114,0.00020731852127560654,0.005025666896927155,0.006534470174690404,0.00899984375648101,0.0039341765064693545,0
2023-09-07,0.00019663857268595135,0.00020264482944511167,0.00020282607567420703,0.0002067092867236622,0.00572363406639193,0.006689753711616871,0.009032405402272927,0.0033972949684983353,0
2023-09-08,0.0001965373247827047,0.00020285934374914094,0.00020295921816924545,0.00020695138925746614,0.004252758973447331,0.0067354105151576586,0.008932068385568006,0.002711368359516932,1
2023-09-11,0.00019660737586736524,0.00020311758282781306,0.00020308531602854425,0.00020724219463359207,0.004400385692573879,0.006620437425297144,0.008870367477664702,0.0017852706493971563,0
2023-09-12,0.0001963115387564052,0.00020245440956461705,0.00020234296342483472,0.00020660172711924133,0.005899546492856031,0.006179555909667575,0.008933805251086266,0.0017866737016509994,0
2023-09-13,0.00019748099659317093,0.00020283884663783888,0.00020285741911100076,0.00020694976338698898,0.008827562431907247,0.006441457335619302,0.009052877906263737,0.0018464317997233224,1
2023-09-14,0.00019734843897142585,0.00020276200880796455,0.00020266735908710924,0.00020695415661525977,0.008441833430231572,0.006247022080241759,0.009047814017938657,0.0018848881629186093,0
2023-09-15,0.00019719875018890247,0.00020265967116215537,0.00020244365347488145,0.0002069196572680642,0.00801106863622453,0.00621414725266897,0.009046115338711861,0.001906811655273626,1
2023-09-18,0.0001973143924209702,0.00020203365753618165,0.00020187570842894231,0.00020628513059751878,0.009706566294033128,0.006740005674319971,0.009189210557393057,0.0019953178717881806,1
2023-09-20,0.00019731204310474197,0.00020208671364373292,0.00020192040347725293,0.00020638670536160596,0.009491688425633532,0.006918106162045512,0.009178995440648985,0.0020638621713092178,0
2023-09-21,0.00019719208365449013,0.00020174592759544246,0.0002015817652343001,0.00020606376733042672,0.00783803112726396,0.007187485281160183,0.00922809640854269,0.0020728296178995327,1
2023-09-22,0.00019718261454036208,0.00020184661991233952,0.0002016806313015948,0.00020622005794787115,0.007805540999213756,0.007175716285467132,0.009220136217097578,0.0020777563318613006,0
2023-09-25,0.00019706210668471279,0.00020173197891265002,0.0002015622466268022,0.0002061520714585372,0.007910036430586869,0.00719549145029977,0.0092322450822817,0.0020773053928970094,0
2023-09-26,0.0001970516572386281,0.0002018094068531469,0.0002016514600454205,0.00020626932226712027,0.005715450064686629,0.007054234141208166,0.00922610189320741,0.002073841924758546,1
2023-09-27,0.00019714787789783467,0.00020212234355513895,0.0002019420291560027,0.00020662205096709605,0.0046145943489687095,0.0070263952274463685,0.009191253860303015,0.0020964984126071776,0
2023-09-28,0.00019718726153666454,0.00020208496842699612,0.00020191458747968546,0.00020659645083636246,0.0047515905003451386,0.006840970882905045,0.00920152174150725,0.0020790733590748058,0
2023-09-29,0.0001991460019980785,0.00020260226776947662,0.00020271937538552276,0.00020705781331994532,0.008768309691368084,0.007775510654032376,0.009450204198190159,0.0020376291072719487,1
2023-10-03,0.0001938195996568283,0.00019939706776339359,0.00019902327752655848,0.0002040239691923591,0.00866572167078301,0.007414961024665383,0.009077195350980581,0.0019992520075691853,0
2023-10-04,0.00019370247340297266,0.0001992732895590026,0.00019899934914728625,0.00020407683122468693,0.008604366966388933,0.007420955528065109,0.009078648631326054,0.001966530095917386,0
2023-10-05,0.0001885052449224568,0.00019510838702779237,0.00019430044322639074,0.00019974286203839928,0.011078166314832032,0.008199345216163431,0.008871687281666077,0.002133266140206656,0
2023-10-06,0.00018772809299803206,0.00019530766589557146,0.00019424313757263715,0.00019998706743423435,0.010502087653878082,0.008249727992695995,0.008663346116431912,0.002206696418967851,0
2023-10-09,0.00018772850059665188,0.0001953802803374762,0.0001942766103536118,0.00020002604988619428,0.008215754620393069,0.0083152405374173,0.008619885024248082,0.002116069597832262,1
2023-10-10,0.00018744479855374046,0.00019500370032963095,0.00019387005063518394,0.00019961207482401574,0.008432211308457296,0.008260490552223053,0.008625837109274967,0.0020001144233611867,0
2023-10-11,0.00018749050167105733,0.00019520665383261437,0.00019400884891363835,0.00019978402322052725,0.008456033278624767,0.008252627284142321,0.008580511126299265,0.00191366426498717,0
2023-10-12,0.00018904725879363766,0.00019564758694361542,0.00019461752279134183,0.0002001423780004599,0.008529089176229002,0.008758678000274718,0.00875536270960799,0.0018108165939158165,0
2023-10-13,0.00018888590214730265,0.00019554435827862885,0.00019437642917398282,0.0001999540230746971,0.008271835510129144,0.008104465621361178,0.008752359754563684,0.001805750271427453,0
2023-10-16,0.00018860148528467352,0.00019518760447297722,0.00019392628734249105,0.00019953358832400022,0.007761858622070846,0.008147926091737577,0.008774634223889119,0.0017928682038342856,0
2023-10-17,0.00018848731842399622,0.00019509621852608898,0.00019378247555192595,0.00019938363726030586,0.00771470063514426,0.008189661193374546,0.008775974027291966,0.0017921723686032708,1
2023-10-18,0.0001885177365564786,0.00019573716713926147,0.00019425516952472344,0.00020000185379283355,0.007674504458065582,0.007699091144743798,0.008643947308382607,0.0017911426960842446,1
2023-10-19,8.26308469475866e-05,0.00010885241332563428,0.00010427032913777896,0.00011659891132423775,0.003251085732083484,0.0075388190474045165,0.007180346305526736,0.0019591915431242776,1
2023-10-20,8.229224074217824e-05,0.00010871395882387524,0.0001041088689785666,0.00011583758007808148,0.0032494973883576456,0.007277601826087445,0.007082249064559966,0.0020600958295298906,1
2023-10-23,9.469951969835486e-05,0.0001142855611718119,0.00011139247513141003,0.00012028454236774906,0.009697128800969776,0.008640929276962382,0.007559064915329225,0.002075026843477669,1
2023-10-25,9.375063208209927e-05,0.0001135152202069431,0.00011046391951994405,0.00011907595138798157,0.009727901994860655,0.008665240947853998,0.007545054106417723,0.002014810140780915,1
2023-10-26,9.291938477047569e-05,0.0001129928417668721,0.00010976798209623999,0.00011819971760738638,0.009784695514568726,0.00866282163459436,0.007521821254132125,0.001946282447055079,1
2023-10-27,9.235795569866293e-05,0.00011280515194896262,0.000109338355202781,0.00011771791408875347,0.009687648800101346,0.008658683918278337,0.00748559176656203,0.0019339736545703776,1
2023-10-30,9.248984426074957e-05,0.00011341079054096681,0.00010964997042898335,0.00011819808510594026,0.009741078007255632,0.00842859629203989,0.00739556063906029,0.0019538978023542117,0
2023-10-31,9.163363906450324e-05,0.00011289506984717814,0.00010869906893512563,0.00011740672747328804,0.0026490702809992377,0.007563017810170033,0.007381135421973644,0.0021880828770854963,1
2023-11-01,9.140783290432465e-05,0.00011304429302029818,0.00010844949581043145,0.00011737716495533657,0.0018660674599542274,0.007561962020981795,0.007330845421097,0.002447356260076273,0
2023-11-02,9.105721673302692e-05,0.00011292090207025043,0.00010797907402039477,0.00011710960337007906,0.002593971048722652,0.007630063394240422,0.007302316311439271,0.002584160913819611,1
2023-11-03,9.131893444108887e-05,0.00011169044662991073,0.00010691383894660073,0.00011556704136902813,0.006435902774979639,0.007392332250658772,0.0074929934708342074,0.0025604124846843475,0
2023-11-06,9.130591182229826e-05,0.00011156956582200072,0.00010668307848530809,0.00011534102222795432,0.0075190388023889995,0.0075895823541030135,0.00749130769018561,0.002558905318130659,0
2023-11-07,9.046300427179149e-05,0.00011091603531019721,0.0001056790877449149,0.00011450307563078958,0.007790707370917584,0.007449722326109813,0.00751430619226505,0.0025588101931184977,1
2023-11-08,9.032182481723634e-05,0.00011118010078494296,0.00010566768906390187,0.00011462855212498707,0.007738165872019542,0.007374111843800192,0.007482846705542326,0.002557640361019812,1
2023-11-09,9.008989508843646e-05,0.0001106074152386998,0.0001050240881687612,0.0001139474589563481,0.008488777837350962,0.007639147857634417,0.007534202651553908,0.002547885866731001,0
2023-11-10,9.415408767760158e-05,0.0001125059021092648,0.00010763537726882262,0.00011587579352799499,0.009779890547752286,0.0077699292365900445,0.007643584497141389,0.0025269985673728604,1
2023-11-13,9.413211488030621e-05,0.0001135037808112139,0.00010842495574900077,0.0001169732515668493,0.00909084957381532,0.007820283314975744,0.007490695711812909,0.002483277092407143,0
2023-11-15,9.425618852757323e-05,0.00011405281086046407,0.00010864390332263884,0.00011749989164771167,0.0089695174829126,0.007781375931540244,0.007437826650650934,0.002486460241049231,1
2023-11-16,9.387163097655973e-05,0.0001138977318756511,0.0001080952074519307,0.00011732248745748343,0.009090255542992398,0.007756066043531764,0.007435113471713008,0.002493155170204902,0
2023-11-17,9.369394241670773e-05,0.00011400890746770845,0.00010783813229093715,0.00011740963778431257,0.008167022584026382,0.007765767173536857,0.00741644166112295,0.002489240949610462,0
2023-11-20,9.55953263463438e-05,0.00011375166590475568,0.00010788972431324955,0.00011700351652559373,0.007299195570861569,0.008429055387627895,0.007653821708282733,0.0024083646104627373,0
2023-11-21,9.501036606395633e-05,0.00011279626436909039,0.00010678827268326092,0.00011598451830261446,0.008117224581924262,0.008659639515337872,0.007737630764464591,0.0023480741597631,1
2023-11-22,9.50025912937059e-05,0.00011310965463128897,0.00010696138815424305,0.00011624573689502002,0.007977764953215168,0.007276841214049644,0.007726771232398764,0.002346065871780236,1
2023-11-23,9.464335092365166e-05,0.00011267951166437882,0.00010644936584402979,0.00011578162810659513,0.008379173018646085,0.007351950508900657,0.007765579484301807,0.002345373398150622,0
2023-11-24,9.493655645717247e-05,0.00011345230139900588,0.00010707475536575463,0.00011651198536568887,0.008342221204706266,0.007332819162671339,0.007715286446707019,0.0023438931009028088,1
2023-11-28,9.489293351284896e-05,0.00011361400598235318,0.00010704824269054778,0.00011661689567455848,0.005040466324314053,0.007344243671121524,0.007708889937160032,0.002378028352577309,1
2023-11-29,9.471162899051551e-05,0.00011454491116262257,0.0001076425139636194,0.00011755509638714422,0.0032138486921964643,0.007338215873345815,0.007565040874063796,0.002490477588072475,1
2023-11-30,9.437581386707615e-05,0.00011407468627808077,0.0001069737761005376,0.0001169960759353468,0.0041129144176218395,0.007444933912919814,0.007595719085898838,0.002551852738887792,0
2023-12-01,9.418943191429101e-05,0.00011425259219762528,0.00010702655003761837,0.00011716936201739332,0.0046062091823256745,0.007647543076170605,0.007542100319892392,0.0025891357799273265,0
2023-12-04,9.376771639867901e-05,0.00011349532470220773,0.00010610204569047481,0.0001162802195284344,0.005579519746948457,0.007737624026384594,0.0075973520370221075,0.0025986271692206753,0
2023-12-05,9.600630249650457e-05,0.00011335192897404754,0.00010649546484422061,0.00011602763195719242,0.008672775485938106,0.007898541803771955,0.007837150857802962,0.0025211155608085897,0
2023-12-06,9.81041099484385e-05,0.000113223981582683,0.00010691563026551403,0.0001158672099187555,0.01096602227531449,0.008353372804534707,0.008071319790359025,0.002506883433866292,1
2023-12-07,9.849571076517321e-05,0.00011415295832596662,0.00010780546798632186,0.00011671931240049853,0.010686855953999527,0.00829490706266863,0.00803009072405281,0.0025447794681443055,0
2023-12-08,0.00010624912526787202,0.00011813026504715109,0.00011274578415557942,0.00012053823927572448,0.013289574802218406,0.009363135796414712,0.008372206829551037,0.0027330609304085343,1
2023-12-11,0.0001066141984529401,0.00011881464069254358,0.00011348168849774581,0.00012130920474518915,0.012926310834397199,0.009144854631298003,0.008368408915067493,0.002879016787720376,0
2023-12-12,0.00010661669916667406,0.00011926909025459487,0.00011387119704005275,0.0001218311853262823,0.011546530803285467,0.008473841587039172,0.008344503817810213,0.0029441564718847477,1
2023-12-13,0.00010494530092053189,0.00011982853946600189,0.00011405308532403431,0.0001225896790743867,0.009360922068624608,0.008427613316462811,0.008121244985553519,0.002935826970518472,1
2023-12-14,0.00010501166337351259,0.00011992909843006814,0.00011408643372021283,0.00012269988433266866,0.009471107442848918,0.008433142430775037,0.008125195428257096,0.0027937537653308932,0
2023-12-15,0.00010513704338743216,0.0001201177945985382,0.00011421701332374836,0.00012289867489144205,0.003853337370739661,0.008409647894297434,0.008122997981860981,0.002666306358625079,0
2023-12-18,0.00010465535618935472,0.00012100230920202003,0.00011478672451333337,0.0001238982817823678,0.0039602343047796225,0.008418679569431396,0.007967795804391086,0.00258163444765703,0
2023-12-19,0.00010477491825303014,0.00012136348414868494,0.00011499299511813449,0.00012424234120982935,0.003103400374062959,0.0078034736314827645,0.007932569320517675,0.002719947362262447,0
2023-12-20,0.00010486359319550972,0.00012124988507180909,0.00011487967661875038,0.00012409939757265,0.00540063795260462,0.007864099125599244,0.007953969657387502,0.0027575422352568092,0
2023-12-21,0.00010490998315244728,0.0001213093681976364,0.00011471311926123451,0.00012406494971804123,0.005178444062011964,0.00786834026789627,0.007948351095150807,0.002799876998909432,1
2023-12-22,0.00010499202200873265,0.00012144562693060334,0.00011464496084322281,0.00012412764549058728,0.005172627018960188,0.007736831402859887,0.007937172820048903,0.0028390612933819953,1
2023-12-26,0.0001048172529532796,0.00012069302471183903,0.00011388412349488299,0.00012330413031099984,0.006376902848253729,0.00797760769402178,0.008009513927510451,0.002844018182331529,0
2023-12-27,0.00010475347474710929,0.00012055453491718236,0.00011361880744222145,0.00012308421912718236,0.006181947496999732,0.008006044231674347,0.008020961424853977,0.0028243268671271134,0
2023-12-28,0.00010473024024655818,0.00012057203204133398,0.00011361236664493578,0.00012307999615262277,0.005925143371103358,0.008248556249138395,0.008019337625457047,0.0028208604324187303,0
2023-12-29,0.00010074747053837466,0.00011878819950464249,0.00011134556726097826,0.00012140953213400223,0.007329773934476154,0.008432861839397055,0.007826012994431919,0.0028045497056686805,0
2024-01-01,0.00010083547555844822,0.00011768757732638123,0.00011034820398389291,0.00012016858193293891,0.00889212607658789,0.00862100608623652,0.007958013375367482,0.002800445480339689,0
2024-01-02,0.00010073905772713149,0.00011750676684782226,0.00011008688114523916,0.00011977582806226894,0.00813651343119186,0.008509416964284918,0.007968665092010324,0.0028001269194438847,1
2024-01-03,0.00010062291457338579,0.00011744772527545339,0.0001100570765737733,0.00011989947771139392,0.0105839069940076,0.00856138174575837,0.007965149007324923,0.0028634629046957413,1
2024-01-04,0.00010075491270918281,0.00011767926496265636,0.00011034404376909828,0.00012013602307684578,0.009854426763374193,0.007890038071403907,0.007950540826246874,0.0028955843631724492,1
2024-01-05,0.0001008747673511706,0.00011808191513718434,0.00011074022923674439,0.00012055104335484885,0.00916402667326842,0.0079721880606311,0.007913272150602809,0.002910807080275446,1
2024-01-08,0.00010088466277259067,0.00011729436606410021,0.00011003408208453987,0.00011973962481501657,0.008962968652380304,0.007088882006274017,0.008006207706645563,0.0029187569743697388,0
2024-01-09,0.00010355170369518613,0.00011742624881349475,0.0001105165518063636,0.00011980880749908057,0.01138729750951117,0.007940745258961917,0.008267211974341757,0.0029998090136311457,1
2024-01-10,0.00010111968119945292,0.00011762738443034765,0.00011043998383900067,0.0001201777479372907,0.009022569673067523,0.007766489224555651,0.008010329715623245,0.002969163363376097,0
2024-01-11,0.00010113174741615706,0.00011762268460528667,0.0001105568315552079,0.00012033344190780867,0.008945934561005729,0.007768746460461717,0.008011136392656699,0.0028482317330690136,1
2024-01-12,0.00010389267088784887,0.00011803484653514513,0.00011146615667264067,0.00012066659957411811,0.011232224329662083,0.008524730451664454,0.008253054624788475,0.0028134463552718526,1
2024-01-15,0.0001041328973251794,0.00011842648555034331,0.00011207153014830013,0.00012127900487644818,0.010285065917190118,0.008543175118533348,0.00824347376784842,0.0027542637243326115,0
2024-01-16,0.00010405022891729931,0.00011736129048243333,0.00011122680028656166,0.00012027062411629666,0.008950048708967786,0.008897213850625477,0.008373404719509382,0.0027043109620975615,0
2024-01-17,0.00010433740948744909,0.00011779217960376375,0.00011189246004725446,0.00012081930277400146,0.008974651066554722,0.008834402744176227,0.008366398016096973,0.00270556049165055,1
2024-01-18,0.00010447459833335571,0.00011795449887369596,0.00011224024021945388,0.00012108370417747817,0.009030272499647125,0.008570189866486558,0.008372207314292546,0.0026676372881584555,1
2024-01-19,9.179620118320233e-05,0.00011086268491891837,0.00010331140525383536,0.00011426811540566706,0.006034176190463878,0.008664281800707937,0.007956820465235433,0.002667725417786177,1
2024-01-23,9.157719516599108e-05,0.00011034070205758763,0.00010299087648011168,0.00011366294803612837,0.006617306844139885,0.008788857206940113,0.007982350268886699,0.0025094988646286206,0
2024-01-24,0.0007598888221415903,0.0007548939914564535,0.0007548945869953821,0.0007547854188195977,0.03464117840646524,0.019209294681660844,0.012733282681736591,0.005412954123107827,1
2024-01-25,0.0007610654589866097,0.0007556745417823449,0.000756887066080568,0.0007548813404908204,0.036744358758710564,0.020150174398242827,0.013216961168891225,0.007433832859776961,0
2024-01-29,0.0007628513611181216,0.0007575304917214841,0.0007577937443443769,0.000757773252942855,0.03681021602582434,0.020085301200693014,0.013232629075150873,0.008937333500180602,1
2024-01-30,0.0007643094867730675,0.0007589024291278154,0.0007584566592308987,0.0007599546194709719,0.036836482237765984,0.02002173790041113,0.013259087302963983,0.010139986828279369,0
2024-01-31,0.0007656746298993259,0.0007600858317865242,0.0007590606580409727,0.0007617971821281643,0.03680245020736534,0.019901799410603577,0.013277653919533538,0.011033516690783066,0
2024-02-01,0.0007665430751443383,0.0007607530298888595,0.0007593568956250108,0.0007629128648086055,0.013760043326798366,0.019994523939112285,0.013317432062244313,0.010914828209935234,0
2024-02-02,0.0007676612879728484,0.0007617979903416131,0.0007599123778359927,0.0007644257314209001,0.006383787029929701,0.019703120074648698,0.013214854781628165,0.01082962843076049,1
2024-02-05,0.0007683898234865334,0.0007623362154976253,0.0007601827413580428,0.0007652654856018716,0.0070199043122397475,0.01978538998231105,0.013209758952278139,0.010794490671716641,1
2024-02-06,0.0007685638986531822,0.000762320972764985,0.0007601321041418743,0.0007653821479421721,0.008801783583993661,0.019981065809924425,0.013311702327312233,0.010723518707717053,1
2024-02-07,0.0007695093922496311,0.0007628962852696861,0.0007605656501850543,0.0007662591498762112,0.008503697880052277,0.019851351022608366,0.013316614903492958,0.01065496736284112,0
2024-02-08,0.000770416740053177,0.0007635519798969223,0.0007610535991904328,0.0007671704773389219,0.007426268599797042,0.01952308166602515,0.013264420068157095,0.010633247921099117,1
2024-02-09,0.0007705609861634553,0.0007637481933808024,0.0007609934762306706,0.000767569247646306,0.0074496682732787724,0.019538056176220786,0.013087653026963148,0.01060643703124449,1
2024-02-12,0.0007711999502112753,0.0007640591383778118,0.0007611972372068523,0.0007680364527719563,0.006533019473147296,0.019548000059310813,0.013083098436501621,0.010592334189126447,0
2024-02-13,0.000771167797013362,0.0007639396568871414,0.0007611719216776549,0.0007678760860026999,0.007550822668164761,0.019543694783589034,0.01323813841803747,0.010588063205440692,1
2024-02-14,0.0007717163471500451,0.0007641915010268765,0.0007613807467868203,0.0007682667748708478,0.007606440280460787,0.019547249822612692,0.013238869468848419,0.010609426335186424,0
2024-02-15,0.0007722198699604948,0.0007644070246958414,0.0007615598094395205,0.0007685999806767872,0.007688363571148635,0.01938820797200207,0.013240558754097555,0.010617310976166782,1
2024-02-16,0.0007719284564602331,0.0007643345537875906,0.0007614718727265857,0.0007685069335604846,0.010282955784396286,0.019698587350861448,0.013253618577368141,0.01062012721461497,1
2024-02-19,0.0007720614348731841,0.0007643712775852226,0.0007615105619885559,0.0007686032258846101,0.011195628417522693,0.0198260781517716,0.013271091192074033,0.010607894529596287,0
2024-02-20,0.0007723868156134559,0.0007644475088393066,0.0007616037367170773,0.0007687632574643766,0.008892483037150645,0.01981469779888651,0.01328661991823196,0.01061170887288397,0
2024-02-21,0.000772625797599495,0.000764533213673851,0.0007617014573016606,0.0007689070163973047,0.009308469003581598,0.019819427008819314,0.013290501095621873,0.010606974750416887,0
2024-02-22,0.0007729719998694188,0.0007646556852047534,0.000761848448444909,0.0007690953465235887,0.009256244783130115,0.009865055240077074,0.013291081490688549,0.010627738021993148,0
2024-02-23,0.0007730862827158311,0.0007646006866090397,0.0007618219989595728,0.0007690747723288736,0.007014457752407579,0.007924520355352032,0.013328219378215475,0.010661787240363213,1
2024-02-26,0.00077335562883378,0.0007646911301036696,0.0007619469022542556,0.0007692163809295669,0.005397995473514702,0.007849201404997373,0.01333001584412628,0.010730280908874283,0
2024-02-27,0.0007735779438114186,0.0007647967982728964,0.000762067463939597,0.0007693619408708817,0.005265262378353093,0.007766684616109429,0.013320467175005906,0.010821034350898776,0
2024-02-28,0.0007738312731633981,0.0007649866242133874,0.0007622498283827659,0.0007695909069700966,0.004212848339815495,0.007657781952046355,0.013279620854827581,0.010927936546616241,0
2024-02-29,0.0007739380422104499,0.0007650281191635144,0.0007622919902356753,0.000769656982079318,0.005148217814602469,0.007524005148029715,0.013276568558822869,0.010994759552925636,0
2024-03-01,0.0007737871943924496,0.0007650557822316528,0.0007622351096500819,0.0007697079154307691,0.0041077563516359,0.007538451711897829,0.013144561008077886,0.011085218324155564,1
2024-03-04,0.0007736732430423662,0.0007651219679830402,0.000762219222295758,0.0007697883755991452,0.003980808820723949,0.007297390511323247,0.012999567502999066,0.01117627766493785,1
2024-03-05,0.000773724011078119,0.0007650379884203194,0.0007621373576205252,0.0007697222730580467,0.004177570894097259,0.00673175801741625,0.01301429136730909,0.011216906809284248,0
2024-03-06,0.0007727067004851995,0.000764392910796596,0.0007613920530317784,0.0007690912859166006,0.005856227151322611,0.007009797010488786,0.01282530882863966,0.011230775189249914,1
2024-03-07,0.0007727742771468219,0.0007643310295563753,0.0007613264569900371,0.0007690243993412155,0.00502589677886462,0.007009864245935523,0.012823732552738025,0.01046134116186584,0
2024-03-11,0.0007727917613564693,0.0007642887796790578,0.0007612869250358167,0.000768977201612355,0.005868098913141485,0.007180704079736492,0.012827269196274041,0.00931426618781613,0
2024-03-12,0.0007727459538691799,0.0007640876294260967,0.0007611213559365563,0.0007687469868286028,0.008044306773443723,0.007665477172488237,0.012925907681444661,0.007837466861943112,1
2024-03-13,0.0007727816754371678,0.0007640435260876734,0.000761090342061806,0.0007687018383353386,0.008021438467235248,0.006866491391856586,0.012932848862516218,0.00584315444450679,1
2024-03-14,0.0007776658778198967,0.0007685596114464776,0.0007657767512453458,0.0007730531085401377,0.014272606238871591,0.009252004804671931,0.013424857660812542,0.0025788482394091565,1
2024-03-15,0.0007776582812638719,0.0007684668980887762,0.0007657139198767449,0.0007729898483257387,0.014886392394836561,0.009474261595457759,0.01347620935140309,0.0026798272923201504,0
2024-03-18,0.0007778294107245275,0.000768617350772725,0.0007658863682451569,0.0007731971337031434,0.014534517744333182,0.008828406859669874,0.013466276188386219,0.0029605992463675396,1
2024-03-19,0.0007778165889712814,0.0007686128321743221,0.0007658864114603014,0.0007731977297963924,0.014474484092149945,0.00893317909814884,0.013494730058154646,0.003198113747414401,1
2024-03-20,0.0007778355694249837,0.0007684829240850809,0.0007657962658289605,0.0007730435081655516,0.015699243635040508,0.009433779893077195,0.013622141670264926,0.00349037511460342,1
2024-03-21,0.0007778030204319766,0.0007683492673348076,0.0007657172943190203,0.0007729268984687963,0.010715233166013024,0.00962505841844708,0.013695442642480488,0.0035190219818103667,1
2024-03-22,0.0007780008587618824,0.000768607091515497,0.0007660478853417907,0.0007732629402511261,0.009843469300210109,0.009621101177822873,0.013648954843144101,0.0035252882656009866,0
2024-03-26,0.0007780643030810431,0.0007686209695599916,0.0007661223830481733,0.0007733272099637694,0.010154416332172796,0.009561284226063085,0.01366559801342471,0.0035344462023718173,0
2024-03-27,0.0007781082096095786,0.0007687023468028448,0.000766228194929642,0.0007734453067788764,0.009229471190169598,0.009685705169430084,0.013648469653504473,0.0035169291312870513,1
2024-03-28,0.0007782458693398902,0.0007689215019277695,0.0007664829821468723,0.000773718357509595,0.006588926522767703,0.009639447301241414,0.013590564407611146,0.0035310898321449452,1
2024-04-01,0.0007781931210345637,0.0007689244517775016,0.000766479855011942,0.0007737293029656086,0.0065407332942999784,0.009944849158320026,0.013584590154371313,0.00354632415296359,0
2024-04-02,0.0007781707295497099,0.0007688126016362858,0.0007664074437191799,0.0007736419140616847,0.007792200740544056,0.010055801773229768,0.013632201953729543,0.0035455322202859805,0
2024-04-03,0.0007779506067491716,0.0007688694221276653,0.0007664309370603841,0.0007737159735998909,0.0072644677091624815,0.01001962390835243,0.0134837440170682,0.003536780665182066,0
2024-04-04,0.0007779102528611775,0.0007687220300226311,0.0007663050107417516,0.0007735709952424515,0.0077319079549181945,0.010237029601801886,0.013534035368840205,0.003499578194257271,1
2024-04-05,0.0007780100978603915,0.0007688110697954417,0.0007664218447031913,0.0007736808312102057,0.007731833470023021,0.010173555515730492,0.013516172889508196,0.003499334622286922,1
2024-04-08,0.0007780874902160507,0.0007689895289561934,0.0007665898775929946,0.0007738806935008119,0.0059978842071531,0.00996593344400667,0.013447840235039508,0.0035176586254643694,0
2024-04-09,0.000777785776794568,0.000768976297634747,0.0007665289037847275,0.0007738908144974799,0.00426456731787044,0.00996749082250406,0.01328708380071207,0.003581549683056636,0
2024-04-10,0.0007777909850960596,0.0007689165978597099,0.0007664376034124623,0.0007738296269938156,0.004365662628964342,0.009825933523014925,0.013289684217775984,0.0036387427179656122,1
2024-04-12,0.0007778004213292283,0.0007688724220843603,0.0007663736963450449,0.0007737847976718127,0.0012741682994212927,0.009435302507904156,0.013290457479164217,0.0038106077892760184,1
2024-04-15,0.0007774931682540647,0.0007687115013855831,0.0007662029024983056,0.000773634746562065,0.0058338180752629705,0.009794065621311519,0.013229114750215175,0.0037991226226016953,1
2024-04-16,0.0007779418366726273,0.0007688613992230484,0.0007664132574772403,0.000773719236941167,0.009675770671888935,0.008473378412513399,0.013410104526748384,0.0037524894433337186,1
2024-04-18,0.0007779405749631778,0.0007688622880469793,0.0007664161807049809,0.0007737171310140788,0.01108313200998509,0.008640524142153053,0.013420418505594379,0.0037550349339122565,0
2024-04-19,0.0007779638038410869,0.0007688543269081202,0.0007664088346969178,0.0007737210864806159,0.011108669280269785,0.008636350582174561,0.013423383362347106,0.0037112964841734203,1
2024-04-22,0.0007779250676128192,0.0007687450724488469,0.0007663102667458608,0.0007736131676349189,0.011593571785695908,0.008381526571556523,0.01345517312349252,0.0036585116806969555,0
2024-04-23,0.0007779637279592634,0.0007687883284670502,0.0007663597577191712,0.0007736635950208714,0.010291589284203243,0.007796560858169964,0.013446248710419492,0.003569706141526228,0
2024-04-24,0.0007779582179610751,0.0007687366697195173,0.0007663156017800963,0.000773607990525767,0.007998752225350698,0.0076869431871049955,0.013472695004813939,0.0035287605525601024,0
2024-04-25,0.00019031858607479953,0.00018241527015449785,0.000167442221457716,0.0002041435522434592,0.0059036969835065695,0.007690812376033573,0.009111046368137013,0.0034987818594427182,1
2024-04-26,0.0001857110879095682,0.00017846946234229601,0.0001577053383722519,0.00020307843077563433,0.008226399712443704,0.008107214174651853,0.008562380910853153,0.0034531247465111395,1
2024-04-29,0.00017831707373062352,0.0001704064170208393,0.00015349828789413536,0.00019198910886287184,0.007678863602048432,0.007980942275939693,0.008546310840302553,0.0034573933772933463,1
2024-04-30,0.00017209693904152865,0.00016426441519779844,0.0001505016285846474,0.00018323659016765046,0.0074517103195908055,0.007988420977033827,0.00850598228514958,0.00346465823682974,0
2024-05-02,0.00016604718230866714,0.00015877901561079483,0.0001476991877009979,0.00017549527029809352,0.006203532847640499,0.007616741593550847,0.008476563802818391,0.0033531937531397628,0
2024-05-03,0.00016218728912580243,0.0001558269046721618,0.000146562576857618,0.00017084576951166468,0.006239636221612271,0.007328182718289119,0.008395079207938817,0.003173270341092351,1
2024-05-06,0.00015616892722595141,0.00015100933604335543,0.00014367810398258895,0.00016438040575666784,0.0028488908645311634,0.0073866666155182675,0.008402062468351745,0.0031173208646485895,1
2024-05-07,0.00015565180773959703,0.00015018448494029803,0.0001446358193608209,0.00016208232157762247,0.008166097521817585,0.008088332747854064,0.008630755277551073,0.0028729111569412826,0
2024-05-08,0.0003868490399111534,0.0003787943580460277,0.0003785381158578431,0.0003835118386994417,0.02513034275705586,0.0143789112688009,0.010886855792081688,0.0040402746612778154,0
2024-05-09,0.0003848985836957272,0.0003773222118560274,0.0003775557395117303,0.00038145363318780207,0.026145287784916125,0.014829535296203468,0.01108109802982798,0.005193705655928072,1
2024-05-10,0.0003839534438679735,0.0003772028755281165,0.0003771590121236958,0.0003804000909336568,0.02629819073984114,0.014901487757862826,0.0111137063640786,0.006109147907840356,1
2024-05-13,0.00038246985985928623,0.000376158515984998,0.0003765031826539844,0.00037896013855430997,0.0271604517203828,0.015304268213643522,0.011289111365007024,0.006931767497427914,0
2024-05-14,0.000382310272444067,0.0003766547414045253,0.000376785815271462,0.0003787107362402586,0.026010348579408194,0.015301954408890924,0.011283236569196758,0.007535426760305682,1
2024-05-15,0.0003831663548996814,0.00037760246456131725,0.00037720319233979947,0.0003794239084089867,0.010752240006631287,0.015071409928479947,0.01110885266594891,0.007501970605168403,1
2024-05-16,0.0003821457113057556,0.0003769952210091297,0.00037662207686906473,0.0003784088040796205,0.009388711464262026,0.014783333802542284,0.011194413680413844,0.007468187376319992,1
2024-05-17,0.00038143342438284785,0.0003766818259861101,0.0003762983560433437,0.0003777051556144983,0.009690779257715965,0.014656847691966074,0.01124341992005082,0.007451712855521462,0
2024-05-21,0.00038163555187064365,0.00037684507103886175,0.00037628203431398153,0.00037784292666959884,0.00796689915725414,0.014806683045368443,0.011132013622343057,0.007441803985583026,1
2024-05-22,0.00038201425277997183,0.000377419367783896,0.0003767645751769359,0.00037817857121926656,0.00817410849290532,0.014739440099871576,0.01106500144490145,0.007436211907597594,1
2024-05-23,0.0003846988442510732,0.00038028055332966864,0.00037992999022860684,0.00038108076312355497,0.0133382398280756,0.015657118354327457,0.011473562647053636,0.007429789687708877,0
2024-05-24,0.0003847669231075733,0.00038055144590685075,0.00038013171659042125,0.00038107627023256077,0.01269639789807419,0.01558369593271464,0.011468542831641771,0.00737863099797119,0
2024-05-27,0.0003845544991639238,0.00038056104451239964,0.0003800894406213132,0.00038080913362727436,0.012374686909658048,0.01563307371489179,0.011490679942929056,0.007267338903382771,1
2024-05-28,0.00038469379387742644,0.00038082329532481297,0.0003803318280269005,0.00038089631712934235,0.011935722566829487,0.01542513591664133,0.011475770065259195,0.007146197801262529,0
2024-05-29,0.0003845979051476936,0.0003808795594019486,0.0003803650697858236,0.00038074210429794555,0.011982355496358047,0.01544033900901342,0.011487854353682523,0.006873788243818381,0
2024-05-30,0.00038427106233899415,0.0003806591031413257,0.0003801595365922446,0.00038039032440241154,0.006779789871915739,0.015580588761868928,0.011539621024196027,0.006846746035990703,1
2024-05-31,0.000383879114932806,0.00038036044242070456,0.00037990796858576045,0.00037997570025762154,0.007394558555699871,0.01571306774738105,0.011601943448095993,0.00688611655543068,1
2024-06-03,0.00038375874706120364,0.00038029221531826464,0.000379902472729668,0.0003798382614973791,0.008155411708686475,0.01585204762058428,0.01163484457739472,0.006919254074550206,1
2024-06-04,0.00038343356372866626,0.00038000049315948153,0.00037968733120275763,0.0003794893051541199,0.009183432404658819,0.016030896136526196,0.011718153123732571,0.00693514424852431,0
2024-06-05,0.0005632770334665915,0.000560270590367493,0.0005591110055097342,0.0005604143923485367,0.027384806547816862,0.020229055562349937,0.01389763277987559,0.0074975987003428534,0
2024-06-06,0.0005914210039056246,0.0005886337043776816,0.0005909103155174779,0.0005916332050741877,0.03287555829986279,0.018843348900251734,0.014892124528133632,0.008371949616709066,0
2024-06-07,0.0005914053531089882,0.0005886149253024243,0.0005910767807417831,0.0005917755174410811,0.03389089937682792,0.019056619449349724,0.015081884181019396,0.009133145223696421,1
2024-06-10,0.0005925425719920886,0.0005894887877470168,0.000591519271697645,0.0005921015678406782,0.033978675897079,0.0191579306984781,0.015148503989306755,0.009704520151022468,0
2024-06-11,0.0005946015524050376,0.0005911341124684686,0.0005926776807719944,0.0005931220672346629,0.03365950366227911,0.018862864130985632,0.015128089088159508,0.010203975593469613,1
2024-06-12,0.0005965276112977998,0.0005926244031510674,0.0005937232368436167,0.0005941148689299906,0.021569676074512302,0.01887837021908691,0.015050665591886035,0.010142526060806506,1
2024-06-13,0.0005972694267408285,0.00059299916602815,0.0005938998557229794,0.0005942198156229793,0.011838342936258033,0.01900541297514159,0.01510272426840624,0.010043778869043882,1
2024-06-14,0.0005909153413786954,0.0005869113954830325,0.0005876656683493573,0.0005882998335973615,0.010452025324067901,0.019194503834204263,0.014818615291588701,0.009925663942236014,1
2024-06-18,0.0005921467536207517,0.0005876539669047534,0.0005883275511675999,0.0005887794010928121,0.009684976134030738,0.019157197046317378,0.014792791492120434,0.009822866337137222,0
2024-06-19,0.0005933361863837197,0.0005882647145114904,0.0005888680565162408,0.000589101914749521,0.00951219270177858,0.019041014289619726,0.01479171659366294,0.009574250243673624,0
2024-06-20,0.0005937269082073126,0.0005884198707205268,0.000588981344241276,0.0005891819809367492,0.01077137632046791,0.019201418871394507,0.01478958607491721,0.00950493539265399,1
2024-06-21,0.0005941707439969352,0.0005886242313447136,0.00058917246685838,0.0005893465717205314,0.01063922163694963,0.018574897609082503,0.014730450746265535,0.009438792116223838,0
2024-06-24,0.0005941687477196749,0.0005886415683685901,0.0005891789294550512,0.0005893642777773822,0.010684902012376107,0.018885738807318243,0.014816790079538513,0.00930893630173735,1
2024-06-25,0.0005950420070005058,0.0005889987776257849,0.000589541390537374,0.0005895542107676783,0.010268483069392813,0.018843444902140835,0.014816848569096479,0.009148639172972888,0
2024-06-26,0.000595812955258565,0.0005893485603648861,0.0005898847953640647,0.0005897918924798986,0.010365245802731871,0.018809689976636634,0.01480389787339491,0.0089111456369166,1
2024-06-27,0.0005964384998499248,0.0005896206506148872,0.0005901515270033652,0.0005899850242244892,0.009244731542320654,0.0188193129839233,0.014790380314154729,0.008705914427694233,0
2024-06-28,0.0005967646617802863,0.0005896096048519049,0.0005901095849668603,0.0005898793538721232,0.008587047695682092,0.018760857670774168,0.01481597557161229,0.008744552706443948,0
2024-07-01,0.0005973698032632603,0.0005899626106941645,0.0005904701237102108,0.0005901961837539314,0.00473621703857705,0.018671079085016876,0.014759453972913639,0.008872209783183142,0
2024-07-02,0.0005973966072501073,0.0005899271702573813,0.0005904306762136783,0.0005901428089198611,0.007454208336191982,0.018770696210458227,0.014802350173122442,0.008918889203770326,0
2024-07-03,0.000597531127012656,0.0005898121461414198,0.0005903100343550932,0.0005899720412508061,0.008061282169609949,0.01868064899539007,0.01483822902188657,0.00891673349431867,1
2024-07-04,0.0005976719767588741,0.0005898400328886891,0.0005903546915157665,0.0005899808347526282,0.00890529740218958,0.013656892553831085,0.01484527455468054,0.008901465378833186,0
2024-07-05,0.000597897931574969,0.0005898205473909972,0.000590360007983186,0.0005899044862396694,0.0087650592446541,0.010048669715524577,0.014863833625104576,0.008951266209120654,1
2024-07-08,0.0005984564063797005,0.000590492241892072,0.0005909830661089262,0.0005905760160311531,0.012446322557220653,0.010009428822664194,0.015091482446451478,0.008952440346646301,0
2024-07-09,0.0005983676713552167,0.00059034516048094,0.0005908517849829921,0.0005904271570801148,0.013064317951601947,0.01031360912487785,0.01522553971923698,0.008949576240356923,0
2024-07-10,0.0005988432878633154,0.000590586047790233,0.0005911919301924715,0.0005905740668401825,0.012576120627240686,0.010259912411855672,0.01522381983907799,0.008945716783657985,0
2024-07-11,0.0005989922974285394,0.0005905529649312013,0.0005912205322587115,0.0005904829720964742,0.012247061987034446,0.010377649761174538,0.015256018325306792,0.008943961493803478,0
2024-07-12,0.0005993575067503965,0.000590893667417841,0.0005915540628678218,0.0005907773504899306,0.011976926740886438,0.010089641506105572,0.0151674430421401,0.008852373848921296,1
2024-07-15,0.000599000796051478,0.000590689374581866,0.0005912792543234896,0.0005905800864992389,0.008167546935282375,0.009463332539187857,0.015016997020109392,0.008833552079763263,0
2024-07-16,0.0005993336564211727,0.0005909979921041045,0.0005915749521997894,0.000590851710741196,0.004230058896675917,0.009348486084330136,0.014935590324298496,0.008951972767367766,1
2024-07-18,0.0006027594975822572,0.0005945056892817183,0.0005952046729651397,0.0005944387684717727,0.012226033391702832,0.010955104897889652,0.015295014561475794,0.008913761769166459,0
2024-07-19,0.0006030724998729131,0.0005948006649656367,0.0005955783278375007,0.000594809526281418,0.014320052545301203,0.011399822535082229,0.01544777799516612,0.008549428604090146,0
2024-07-22,0.0006034320226960358,0.0005950085635165952,0.000595754316091914,0.000594888592399074,0.014438460864924984,0.011208028127136666,0.015446596937491909,0.007738239228748453,1
2024-07-23,0.0006038487527947625,0.0005953678816167346,0.0005960766270971735,0.0005951507706874193,0.014320154410043383,0.010596206187858143,0.015403487644006212,0.00666297321400708,0
2024-07-24,0.0006037770073112949,0.0005951534132229425,0.0005958717372850027,0.0005949057888554308,0.015180189585853585,0.010892350292656169,0.015471605222182399,0.005298836040305509,0
2024-07-25,0.000603989775214989,0.0005954783351453629,0.0005962203409596234,0.0005953209704629566,0.01277724353739799,0.011574507820615866,0.01555322567136842,0.003310444695922709,1
2024-07-26,0.000604295747679902,0.0005956452256834254,0.000596406737238366,0.0005954232479416258,0.009905470009161407,0.011537732556034267,0.015553026312529434,0.0026416861836124164,1
2024-07-29,0.0006045928814161712,0.0005957979065523063,0.000596577358933603,0.000595517502688449,0.009748941878009993,0.011443164527433445,0.01555281904898523,0.0026353079112446053,0
2024-07-30,0.0006048667994778748,0.0005959405482137101,0.0005967287997757332,0.000595611016819619,0.009654171023059334,0.011400543941062458,0.015550799490538926,0.0026400938192954063,0
2024-07-31,0.0006049209621287584,0.0005958702812503845,0.0005966702361939253,0.0005955074333234735,0.008882738791394089,0.01115695977975733,0.015578876740827682,0.002652652588931738,1
2024-08-01,0.0006050699185417851,0.0005959251747050829,0.0005967434894445149,0.0005955361389714121,0.004450732822461994,0.011075893616282848,0.015584518998333716,0.002868015672680878,0
2024-08-02,0.000604482536065152,0.0005956536033552074,0.0005963733027432933,0.0005952829588362913,0.004454119100195638,0.010874418895687889,0.015427015151895302,0.0030580703969910893,0
2024-08-05,0.0004896290932267535,0.0004835252819097025,0.0004830285145031226,0.0004829756584641187,0.0058228315745075055,0.010964296165172091,0.013859573721510178,0.003153329006760475,1
2024-08-06,0.0004896681735430839,0.0004835816650663825,0.00048299817411035385,0.00048302166260267117,0.006986340614447265,0.010170885145736818,0.013745184791301582,0.003194907509219939,0
2024-08-07,0.0004889880704058152,0.0004826252994440158,0.00048254653586191814,0.0004823915221223598,0.008297907359191316,0.00995100333018816,0.013813270299556982,0.00320537026277058,0
2024-08-08,0.0004892311512616796,0.0004829366838450098,0.0004828155691588591,0.0004826757752085342,0.00801451802667941,0.009959610519065507,0.013665861207335293,0.0032183432433670607,1
2024-08-09,0.0004884742239383602,0.0004820616824700385,0.0004823210581122773,0.0004820929450113778,0.008043864488629402,0.009845369138238856,0.013675035285301214,0.0032311896871094897,1
2024-08-12,0.0004879250158956254,0.00048145619046439757,0.0004820279154118835,0.0004817032394093776,0.007446766766810633,0.009910483372585117,0.013677527417333083,0.0032504660917837395,0
2024-08-13,0.0004880026049089935,0.0004815844052944882,0.00048224119937498425,0.00048189877783610946,0.006371978532627186,0.009844807083829787,0.013600292481001516,0.0031792344988258317,0
2024-08-14,0.00048785518269260517,0.00048147722752663123,0.0004822272059534671,0.000481881846457646,0.0032845358498490105,0.00986134684753127,0.013560218193766408,0.0033639228701771726,1
2024-08-16,0.00048771666843576,0.0004813624037201118,0.0004821697027089793,0.0004818324697764641,0.0044574800502513705,0.008172646491028432,0.013532266368062519,0.0034795145749175107,1
2024-08-19,0.00048720729587042573,0.00048082341822655215,0.00048172062242575464,0.00048138582073796666,0.005922948049883331,0.007378051615673571,0.013577997964226995,0.0035357562147916724,0
2024-08-20,0.0004846243703157432,0.0004783927892629698,0.0004790574082571893,0.00047877270111234486,0.0055428070330033755,0.007333557805906448,0.01322154536831401,0.003600375057348227,1
2024-08-21,0.00048428429982788444,0.0004781343135146334,0.00047884194620641875,0.00047863101669094944,0.005707747239779495,0.007334719870196578,0.01320036402841611,0.0035994677554748297,0
2024-08-22,0.00048411512316052374,0.0004778127806596005,0.00047863734557467203,0.0004784219276440758,0.008552735648698224,0.007610778176430377,0.01331218308078197,0.0035149269804233205,0
2024-08-23,0.0004839058926027491,0.0004777279145298476,0.0004785479101402209,0.00047839758725943426,0.0079485845098051,0.006463177352603214,0.013285911457854967,0.0034443420593563722,0
2024-08-26,0.00048350986896827773,0.0004773644734511137,0.00047820075491120123,0.00047810696745807443,0.007619064485488602,0.006664727865896161,0.013312956236287142,0.003380545613779477,0
2024-08-27,0.00048351605542966105,0.0004775006298183516,0.0004783000058378812,0.00047825998503801305,0.007613379029004386,0.006671693054779129,0.013259302183274266,0.0033187300000284492,0
2024-08-28,0.0004849527057602024,0.00047854465036670425,0.00047951349447591365,0.00047936204485359203,0.011465298413021012,0.007959938942199395,0.013440513684560734,0.003366870540804703,1
2024-08-29,0.0004850343655243154,0.0004787856187992208,0.00047968964579412195,0.00047964207006722027,0.00946772181162405,0.007785089685891229,0.013384374087840937,0.003274703289738672,1
2024-08-30,0.0004850458216784279,0.00047887355850215776,0.0004797298225071581,0.00047974581501326007,0.010045805721730505,0.007877179633387592,0.01333781622886395,0.003215828192151452,0
2024-09-02,0.0002546334831258341,0.00024454576357296217,0.00024835355580766664,0.00024507624086389073,0.00943689623812295,0.007856370404903633,0.011052695847391356,0.0030324841336182937,1
2024-09-03,0.0001796054438596972,0.00016510585310107521,0.00015858448368775044,0.00015531880738489968,0.009561982328832272,0.007674178968798086,0.009662376800326288,0.0028206890698533006,0
2024-09-04,0.0001798737102301818,0.00016583610572853993,0.0001585155497450829,0.00015548789362680138,0.004090724964769019,0.007439213456583949,0.009291169048373663,0.002673921505128216,0
2024-09-05,0.00017739528082840646,0.00016315883459643965,0.00015780317077734496,0.00015456205711342948,0.008490662243668736,0.007836877000180308,0.0094306175402981,0.002297621443262149,0
2024-09-06,0.00017061599091636957,0.00015783444751483656,0.000153997780088363,0.0001512751925087552,0.007806381829263065,0.007824751337437255,0.009410745239408628,0.002086017582493771,1
2024-09-09,0.0001639865845017281,0.00015300313438971913,0.0001504447788625125,0.0001482013007173319,0.007719278021796932,0.0077745373017072,0.009399828691513987,0.002036807503807073,0
2024-09-10,0.0001878025247904659,0.00017609446288083895,0.00017633610240291362,0.00017289594223898657,0.014897227062558232,0.010025531535219385,0.010008826587296047,0.002419777586013422,0
2024-09-11,0.00018768532854475026,0.00017659399297522685,0.00017654201136480985,0.00017324041180636132,0.0152947823564451,0.010182041105805374,0.00983444372847099,0.0027774484059328412,1
2024-09-12,0.00018422651935521328,0.00017505312851243276,0.00017489655465392925,0.00017215109968114845,0.013384125210706482,0.010173657114955588,0.00980040225039965,0.002954469206707601,0
2024-09-13,0.00018151169798631727,0.00017312946474647096,0.0001738069858726213,0.000171067802020428,0.015573473658930517,0.010811693754656555,0.010061464370484129,0.003190013634299941,0
2024-09-16,0.00018039445950029066,0.00017310724241076728,0.00017368944291744836,0.00017111369073259645,0.015975304272404157,0.010745961497428052,0.009997787888313398,0.0033965349031978855,1
2024-09-17,0.00018580513472941275,0.00017823582538608923,0.00017958350045048152,0.00017695968401598293,0.013886874457174726,0.011876107344569323,0.010335100229331618,0.003479493098869019,1
2024-09-18,0.00018666814517504884,0.0001795891723616152,0.0001807319669233626,0.0001782156495136242,0.013458426381751997,0.011866409592217323,0.01011417120941581,0.003552547836059889,0
2024-09-19,0.00018383877537110803,0.00017861011226046115,0.00017926996907192277,0.00017742419993340273,0.013436187935120563,0.01141703831475256,0.010114609948473605,0.0036315730834153735,0
2024-09-20,0.00018098966218425014,0.00017686676294972805,0.00017747265053272981,0.0001758122681236284,0.012154011437340453,0.0117485199672917,0.01022691895933721,0.0036576057266904678,0
2024-09-23,0.00018499389663798776,0.00018082185576840656,0.00018183322244362884,0.00017996489497230716,0.015331679325778332,0.012638364226941015,0.0106029260174389,0.003797679308052524,0
2024-09-24,0.00018413320438916028,0.00018039202651690386,0.00018153678346104413,0.0001797273585785193,0.01376608682145717,0.01318815101497881,0.010791738040633768,0.0038415850181023154,0
2024-09-25,0.00019418357428853045,0.00019008051837023185,0.00019160872099695074,0.00019022011306238186,0.01801871885720554,0.013751980475521165,0.011290851711522233,0.004051134435688791,1
2024-09-26,0.00019563320295473317,0.00019213965615498047,0.00019364984788773962,0.000192293036943151,0.018016642390083482,0.01375096998607701,0.011168028004120863,0.004060489556088603,1
2024-09-27,0.0001947143271152485,0.0001917410894824015,0.00019320269471842782,0.00019196546746030245,0.01803229129089618,0.013931584639663071,0.01123705817000113,0.004083160151425052,0
2024-09-30,0.00019503632963294458,0.00019260688794810467,0.00019398958994557914,0.00019283291518968615,0.015298259371539651,0.01399906006238536,0.01119448115350018,0.004017745450665119,1
2024-10-01,0.00019501757985188826,0.0001933185317579333,0.00019461857663542368,0.00019360604467859253,0.013338119459130169,0.01398376946163545,0.011175190104258008,0.0038624782806408885,1
2024-10-03,0.0001929138556390656,0.00019060112239799334,0.00019211448967133596,0.00019079829055694718,0.00832731352954842,0.01422214811375621,0.010970540832459883,0.0037467972799865522,1
2024-10-04,0.0001929382165125458,0.00019057217380168056,0.00019217853233458994,0.00019071184282345156,0.009546423473940907,0.01392299858184033,0.010867213655506774,0.0037201763836065167,1
2024-10-07,0.00019148174292884157,0.0001894197136636741,0.00019079214468277695,0.00018974590757875153,0.010394870671586582,0.01434808298434974,0.011049706791132407,0.0036553100582176934,1
2024-10-08,0.00019149944677508953,0.00018988956763745237,0.00019152504500174027,0.00019046991070902322,0.0102466883416683,0.014398802895680036,0.011025731246384018,0.0035761429826500287,1
2024-10-09,0.00019073491789597786,0.00018963334931157482,0.0001914850292595915,0.00019051503627789729,0.010435121339767296,0.012933943875003113,0.011045600442464184,0.00348914306849584,1
2024-10-10,0.00019110289955757867,0.00018998262313796926,0.00019159527675021123,0.00019084209130147787,0.012040177861719742,0.013417465329648695,0.011263844273758703,0.003486376487559213,1
2024-10-11,0.00019067076925469804,0.00018994960110608507,0.00019199217061170712,0.00019114191754793957,0.011333193652016993,0.013460182286451034,0.011283113753518153,0.0034515200143694883,1
2024-10-14,0.0001792488254340858,0.00017800879731390078,0.00018000003481907613,0.00017898231944067964,0.010068011308915435,0.013060452817706906,0.010866773521693657,0.0034510197750606494,0
2024-10-15,0.00017906495170071768,0.00017790799228598335,0.000180095009826523,0.00017873324640062713,0.009819542262618443,0.012947153769902771,0.010607232200865865,0.0034407188107754144,0
2024-10-16,0.00017840216266930953,0.0001776202918958462,0.00018024449931335732,0.00017894184691826922,0.00962260808467181,0.011925780066821432,0.010599484672292646,0.0034390575843593015,1
2024-10-17,0.0001777733843226406,0.00017736579137113452,0.00018034350910057137,0.00017912393258630478,0.0053776791651330876,0.011915365038673463,0.010592225390813234,0.003339360887493679,1
2024-10-18,0.0001783138126599625,0.0001777343920159615,0.00018068902619848868,0.00017946199488260117,0.008440687889059698,0.012403831006493522,0.010679071931727135,0.0033413744806802996,1
2024-10-21,0.00017741583963988723,0.00017690686876454143,0.00017986804579328265,0.000178473604953043,0.007908135217455278,0.012218022751377847,0.010473465883941213,0.0033366326527814382,1
2024-10-22,0.00017623178602154215,0.00017591307184426243,0.00017897925269397055,0.00017771611447301656,0.008763428620805012,0.011316497395500474,0.010523148469947008,0.0032915738155783005,1
2024-10-23,0.00017540461989605575,0.0001753841117018956,0.00017868841991528368,0.00017747112754332235,0.00889813751889039,0.010707107753006526,0.010536934592906472,0.003317149662898175,1
2024-10-24,0.00017429658403780084,0.00017443149736306567,0.0001779393122938465,0.00017671061837481393,0.009656464925396178,0.009171651727193956,0.010592399639483613,0.0032957834709108087,1
2024-10-25,0.00047876245871463164,0.00047571630798328395,0.00047472546907602174,0.0004750063392132607,0.027554168417036614,0.016202259786005667,0.01306662439383354,0.004346256790446004,1
2024-10-28,0.0004795056943779154,0.00047658849139297813,0.00047527641285520717,0.00047679875663233454,0.027629388236002375,0.016088348927941323,0.01310183168843124,0.005128157136501842,0
2024-10-29,0.00047927386390005024,0.0004763226275779498,0.0004751067751180313,0.00047654749471966754,0.028605172293487875,0.01655650623886801,0.013314329841778166,0.005856647986300017,0
2024-10-30,0.0004798305186071651,0.0004768541490846251,0.00047550106788659454,0.0004775471774845262,0.02895719742293207,0.016727092377506966,0.013344592545384101,0.006516652298395716,1
2024-10-31,0.0004812347659647779,0.00047816153600266375,0.0004766929048963056,0.0004794696838557324,0.02874169764171356,0.016531922259132803,0.013303080437806494,0.007062293921115001,0
2024-11-01,0.00048171403683913206,0.0004785787822433903,0.0004770243646097134,0.0004802066698751874,0.011598379818717603,0.016533610479628244,0.013274371373916427,0.00707822485666095,1
2024-11-04,0.00048260136448857174,0.000479257821708127,0.00047766148104300414,0.0004813412517981917,0.010979851136742836,0.016185206823012683,0.01327974822454865,0.007093523993352923,0
2024-11-05,0.00048332857383104165,0.00047977546935377784,0.00047813787153123705,0.00048221180941255794,0.007454079149358276,0.016179000813896994,0.013285694341663894,0.007196202170813389,1
2024-11-06,0.0004841850385596087,0.00048040919536664734,0.00047874285952261215,0.0004831687346391824,0.005637887945366481,0.01614060485802382,0.013270484943516207,0.007355104434472328,1
2024-11-07,0.0004847873544286029,0.0004807788437840264,0.00047906849700475086,0.0004838002613001083,0.005690826881483387,0.015657565599265504,0.013277320229724289,0.0074487802609168804,0
2024-11-08,0.0004848497143018184,0.00048068279534910213,0.0004789780953874174,0.000483825103051549,0.005552428380142294,0.015778381448446975,0.013337130218677384,0.007522739923953408,1
2024-11-11,0.0004848430363929386,0.0004806029965187441,0.0004789231730986713,0.00048378500677306245,0.007846376849713173,0.015874857932955264,0.013409937410238479,0.007511331468581442,0
2024-11-12,0.0004852830726884436,0.0004809345147519398,0.00047926216514159955,0.00048423833691338213,0.008087415868524612,0.015937559055007704,0.013380461724439503,0.00753487708999182,1
2024-11-13,0.0004851984782541973,0.00048071277322354596,0.0004790763369786604,0.0004840590229163812,0.009670233462677329,0.016147719108305526,0.013466192090598145,0.007546948841215809,1
2024-11-14,0.00048571431583533997,0.00048102654715620187,0.0004794977624632297,0.0004845205191471648,0.009574372126777536,0.016150747741204726,0.013461479032349288,0.007528506436426446,0
2024-11-18,0.0004961370251492127,0.0004920587921419324,0.0004904014253092924,0.0004949186671581229,0.016309580213729698,0.017252438083053268,0.013926598140821093,0.007547407559738272,1
2024-11-19,0.0004960197811137315,0.0004917944676754703,0.0004901923098853632,0.0004947234571527365,0.016487432563579763,0.017445209138092072,0.014043303543525761,0.007572690679625514,0
2024-11-21,0.0004966794452018011,0.0004923103410116161,0.000490812942442844,0.0004954523581551816,0.016381492401165685,0.017375117025684582,0.014020057718514398,0.00758884696882554,1
2024-11-22,0.0004966863784567683,0.0004921440675293197,0.0004907328209755042,0.0004953821175006067,0.016318780898475785,0.017536541052259387,0.014096095862637022,0.00760064160736944,1
2024-11-25,0.0004987392012685063,0.0004948481680504752,0.0004929815769809522,0.0004975957684690393,0.019994301392383125,0.018370570103525403,0.0142678427279973,0.007702843305483217,0
2024-11-26,0.0004988402105155842,0.0004947208291979922,0.0004929684977068162,0.0004974926578400209,0.01508773218568611,0.012835438681546076,0.014333537407992213,0.007700309225758915,0
2024-11-27,0.0004996258136482919,0.0004953088865249825,0.000493718327218649,0.0004981278907346204,0.013797228126709422,0.012691746305885173,0.014306227619376543,0.007674325292021717,0
2024-11-28,0.0005002256221426747,0.0004956461661799295,0.0004941911561879634,0.0004985027980245554,0.013670889239877717,0.012002250802389265,0.014307872026631611,0.007641947243337179,0
2024-11-29,0.0005003294806546062,0.0004955630483293672,0.0004941840466039257,0.0004984305568131081,0.013430922399982849,0.011958171706348051,0.014356639559454978,0.007603820363187568,1
2024-12-02,0.0005002346839015579,0.0004953165957119435,0.000493999284067304,0.0004981735273136798,0.009167070902650383,0.012327422574495261,0.014463048294208304,0.007489644511941198,0
2024-12-03,0.0004999271528107238,0.00049521378002816,0.0004938653768981552,0.0004981067955936011,0.008405827809821721,0.012197637797336555,0.014329369988907562,0.007490528142653609,1
2024-12-04,0.000500377882142391,0.0004954151580534654,0.0004942491107704426,0.0004983519146704165,0.008315188780123082,0.012174840149216042,0.014330098137468631,0.00747960731015319,0
2024-12-05,0.0005005127750462354,0.0004953378965442706,0.0004942960899339403,0.0004983043347073582,0.00884450157828607,0.012235992087865433,0.01436204598399347,0.007477686088891174,1
2024-12-06,0.0004910579639013952,0.0004869729067242236,0.00048530610575829336,0.0004899511527201705,0.009368679713871347,0.012529743226924166,0.0139618586952364,0.007467221590612523,0
2024-12-09,0.0004913780735363026,0.0004871281768729707,0.0004856462627362472,0.0004901768603607893,0.007350500963648156,0.012544976515943345,0.013935137508629009,0.007524701295472356,1
2024-12-10,0.0005077513375467967,0.0005036119351133374,0.0005019128804777453,0.0005065280624557365,0.01661343301304283,0.014494017446021527,0.014608335178278212,0.007091985486881331,1
2024-12-11,0.000507826446656307,0.0005039090530469243,0.0005021115999663696,0.0005069595100820196,0.0166121308656358,0.01420654948311822,0.014426972313590811,0.00660461975084371,1
2024-12-12,0.000508443506397765,0.000504369059550527,0.0005026916785881211,0.00050763896736278,0.016294560996626746,0.0141331563366039,0.014391903828290087,0.005962600757885354,0
2024-12-13,0.0005081404446354766,0.0005046600060219025,0.0005027270375576573,0.0005075032805047997,0.018681910521133105,0.014861680817016859,0.014420386255920445,0.005251742360399164,1
2024-12-16,0.0005081799889255521,0.0005045374805560982,0.0005026192818185487,0.0005072366363252772,0.020444811078588893,0.015458229536071203,0.014626225726353508,0.004530347725117187,0
2024-12-17,0.0005081306302110425,0.0005042620713636935,0.0005024765592129287,0.0005070516644812176,0.014386092931543071,0.01397554498033275,0.01468352252179906,0.004547787329261148,1
2024-12-18,0.0005088842325291676,0.0005049570487253041,0.0005033139453715978,0.0005078963966162177,0.014382588846176622,0.013622844987783574,0.014596772558641606,0.004558335029732255,1
2024-12-19,0.0005072956112023167,0.0005036946484619013,0.0005019586134059826,0.0005067426675372048,0.014383719644186001,0.013578683014680041,0.014310118068133511,0.004477666564126666,1
2024-12-20,0.0005075983595836851,0.0005040667033917817,0.0005023145304374107,0.0005071816285843117,0.009691841252649932,0.013333298576136892,0.014141537863477287,0.004319966930820636,0
2024-12-23,0.0005031776122721034,0.0005001129249972035,0.0004981648925912895,0.0005030217063775977,0.006755957966113009,0.01226476988603831,0.013808471091941513,0.004264439093871538,1
2024-12-24,0.0005030701201369761,0.0004997804101602857,0.0004978656944828251,0.0005027844420006328,0.005125707310712851,0.012040521613673163,0.013811056790970971,0.004289842347776313,0
2024-12-26,0.0005035122351565301,0.0005001664524530283,0.0004982694124404987,0.0005032517394398607,0.005136430689142754,0.012024423463191759,0.01371741174738997,0.004422402814639668,1
2024-12-27,0.0005036176865083541,0.0005001519371928604,0.0004982509641836507,0.0005033199426633537,0.005107089269701274,0.012007411022492887,0.013691236158265778,0.004559224169995952,1
2024-12-30,0.0005034779755850468,0.0004998942132504845,0.0004979524880258189,0.0005031239833032385,0.005358450103013903,0.011826143863003114,0.013694903780027091,0.004717579170584253,0
2024-12-31,0.0005037885008601488,0.0005001943814923227,0.000498214095575376,0.0005034763449742955,0.0021082735233766887,0.011424840805729423,0.013611230514400552,0.005055653056358532,0
2025-01-01,0.0005038548453082717,0.0005002386111891846,0.0004982076019654246,0.0005035426478142747,0.0037009443619179555,0.011433893594473433,0.013575425911757203,0.0052180229130414,1
2025-01-02,0.0005039822986120339,0.0005004409881322918,0.0004983969751235619,0.0005038027783999123,0.003757825098481517,0.011438158981128899,0.01342906218418644,0.005332740770520176,1
2025-01-03,0.0005051581126572094,0.0005014497957501079,0.0004994110568701159,0.0005046614991183407,0.009859657107866671,0.012203476020879619,0.013667533265645376,0.005250285555955461,0
2025-01-06,0.0005050375876527453,0.0005012209989237123,0.000499114210144193,0.0005043822597218578,0.011859610056175467,0.012372438177024958,0.013791190629768203,0.005158943358232009,0
2025-01-07,0.0005045488816787477,0.0005008155735315896,0.0004988071947692257,0.000504030220492388,0.013116838529659561,0.012650390689042074,0.013693893783560066,0.004887618936745997,1
2025-01-08,0.0005044581930893482,0.000500701090029593,0.0004985274431797268,0.0005038361888314608,0.01301490877348934,0.010201928553248533,0.013700525647627049,0.004837760122026292,0
2025-01-09,0.0005046629412873674,0.0005009421682266108,0.0004986925026632803,0.0005040417887386577,0.013121649578618005,0.010241346582326899,0.013647006294753662,0.004824036414780554,0
2025-01-10,0.0005044198005349644,0.0005005791952937955,0.0004981874548314716,0.0005036191267900232,0.011369762721447385,0.010717486811724573,0.013767309350126423,0.004791747914370924,0
2025-01-13,0.0005044083231932285,0.0005005651111724159,0.0004980634310135699,0.0005035338763503379,0.00920192263352238,0.009326983773049656,0.01376724391941919,0.004765462512424024,0
2025-01-14,0.0005043439970537504,0.0005004903163377805,0.0004978903509039274,0.0005033959934348121,0.007467690634203169,0.008335251071662214,0.01377533935961337,0.00479046849250503,0
2025-01-15,0.0005226444861487398,0.0005183106908672646,0.000516068562273503,0.0005212419971895824,0.016909182313958174,0.011127422899238994,0.014338549644058599,0.004922562025015804,1
2025-01-16,0.00052308833421623,0.0005188164103413299,0.0005164642323053579,0.0005218577845913043,0.01682864514274451,0.011134239474472535,0.01430487697847432,0.0050298507393487695,0
2025-01-17,0.000523066959940009,0.0005187740699026181,0.0005163613359957893,0.0005218215603892643,0.016459260118578456,0.011439776517555376,0.0143427543942462,0.005114224533153247,1
2025-01-20,0.0005232912959028768,0.0005189963349553556,0.0005164754022118699,0.0005221102984614419,0.016503177315041636,0.01147163436302849,0.014339985099446105,0.005193843906369243,0
2025-01-21,0.0005236071261149335,0.0005193428502487046,0.0005167478918197283,0.0005225286230193246,0.016507084005799155,0.011233281978625045,0.014307213219180919,0.005217460415642936,1
2025-01-22,0.00027487171575382697,0.00027227915873261527,0.0002713306786364562,0.0002811527218396165,0.005969116741856226,0.0112320483523359,0.012053789958159377,0.005233149962394541,1
2025-01-23,0.0002737861895357468,0.00027108499231775964,0.0002706554131480375,0.00027860855252920936,0.005911134998429631,0.011229912638183143,0.011996917962214738,0.005225899489316327,0
2025-01-24,0.00027381097438182895,0.000271186884074588,0.0002705852479107651,0.0002787707721300285,0.004833900962914121,0.011410063374024372,0.011809903894412659,0.0052429084943465395,1
2025-01-27,0.00027477886866507156,0.0002719188382588036,0.0002717037681237229,0.00027848409057343245,0.009937164209683668,0.012210935927067514,0.011999479230948558,0.005016185946681592,0
2025-01-28,0.00027227932261388786,0.0002695967313706012,0.0002695804926226678,0.00027516703111250086,0.010842589551134756,0.012428429375530663,0.012068667304346256,0.0046391884813243925,0
2025-01-29,0.000272022034071563,0.00026963939632141293,0.00026973042093782364,0.00027467739977435113,0.010831277778510543,0.012331415469260719,0.01199416661048579,0.004567800206821727,1
2025-01-30,0.00027054248733291103,0.0002685743478025792,0.00026868171810908684,0.00027289003210092757,0.010860061717913769,0.012331498717623705,0.011987828190283923,0.004492412675100917,1
2025-01-31,0.000268933208566327,0.0002672609620355463,0.0002674527844416103,0.00027099947334293636,0.011079731561177126,0.011686592723929936,0.012044649972242192,0.004414752418360671,0
2025-02-01,0.00027421252526709276,0.0002722808537209902,0.00027277260982693766,0.00027536689776258046,0.012873071621642994,0.012464885149402747,0.012455856100174433,0.004454049494988895,0
2025-02-03,0.00027294217980288116,0.0002711980163150565,0.0002718548666324287,0.00027388411698643503,0.013745891610348547,0.012597236900611411,0.01259760821083508,0.004474969429854115,0
2025-02-04,0.00028043235776268753,0.0002782936825096772,0.00027923737680312077,0.00028112358135133056,0.01796290103091968,0.013797945435520969,0.012968412729561755,0.004606615530071444,1
2025-02-05,0.0002814405986649875,0.00027953693014665457,0.00028049922572232383,0.0002823219042934781,0.017953648357036858,0.013769706280047393,0.012862296827995666,0.004694390222365738,1
2025-02-06,0.0002818553282184895,0.00027995670724346956,0.0002809555336505321,0.00028249665280854233,0.01940865722643048,0.014086609501323465,0.013077247401972044,0.004817211058625747,1
2025-02-07,0.0002822923520732132,0.0002805438251836887,0.00028161450863557004,0.0002831129602419102,0.016349182216386173,0.01417845042787179,0.013024216413348843,0.0047665010388135065,1
2025-02-10,0.0002820817730866877,0.0002806161662249341,0.00028171420983490674,0.0002830560715260274,0.015007828257814512,0.014179474741050822,0.013031893885766165,0.004444383561461166,1
2025-02-11,0.00026374336490893086,0.00026157746175256314,0.000263101310071651,0.0002653537767564054,0.009548048726860606,0.011903549690431468,0.012393948699646173,0.00418353618176305,1
2025-02-12,0.00026533604752480903,0.0002630658507718544,0.00026451778468605775,0.00026660269460008666,0.012989616554126542,0.012688046392549232,0.012523840139184733,0.003860350898113069,1
2025-02-13,0.000264556556717121,0.0002625433560352824,0.000263981918163169,0.0002658481930538988,0.010196360150487404,0.01251787507565208,0.012542545137709001,0.003852558191449219,0
2025-02-14,0.00026502784354850566,0.00026317769556111756,0.0002646998429853862,0.0002664786545311056,0.009826696713080629,0.012533185278906912,0.01246937554056389,0.0038841794348471524,1
2025-02-17,0.00025909815870819733,0.00025683118803805226,0.0002591095331706147,0.0002612056357022363,0.009702568577257821,0.01250885716552749,0.012015028255707416,0.003917007740831624,1
2025-02-18,0.0002591422559450949,0.00025708621660087646,0.0002593064179336065,0.00026148289301764627,0.009922460672016287,0.012545944086039179,0.011951761152351336,0.0039419795224225,0
2025-02-19,0.0002577239888120792,0.0002558561992115269,0.0002578359375620284,0.00026011997723558185,0.007879994100921111,0.01295278806955107,0.012089560458760642,0.004021381914474704,1
2025-02-20,0.00025844558050993054,0.0002566175834741659,0.00025825092288280866,0.00026055089734595575,0.011469978472676442,0.01355528119666764,0.012357361017939435,0.004020742156657243,1
2025-02-21,0.0002589375585958807,0.00025734681723215054,0.0002591897530749536,0.0002614785835987246,0.0112831610961765,0.012814888067533878,0.0122907280916255,0.003985638366187661,1
2025-02-24,0.0002596091547855349,0.0002581434158654183,0.00026012442365338796,0.00026246909935033816,0.011338721038096872,0.012618348514719328,0.012168477902867628,0.0038874158686645556,1
2025-02-25,0.00025955304793175144,0.00025835111332369074,0.0002602927954048914,0.0002628187534479639,0.011137611139012417,0.012612817445050523,0.012136458765601467,0.003796492561982818,1
2025-02-27,0.0002586138978828435,0.0002576381702799981,0.0002593982565363356,0.0002621531949752528,0.009742419525076446,0.012728635755497451,0.01217806100735339,0.00371637475567263,0
2025-02-28,0.0002584011303076106,0.00025761210294593227,0.0002593163822325846,0.0002621851295230528,0.004748571695317872,0.012597331810355264,0.01216818317344301,0.0038378985041838116,1
2025-03-03,0.00026579120399960077,0.0002645206378141083,0.0002660333572004289,0.00026860606863030636,0.012001129394698724,0.012601553064067541,0.012479980339976713,0.0037236762987428356,1
2025-03-04,0.00026552219507128516,0.0002644552670262902,0.0002659321755852626,0.0002687398121429647,0.012244727262513846,0.012225738081252773,0.012492550229996043,0.0036012126333766496,1
2025-03-05,0.0002323728231717348,0.00023086242952364476,0.0002335184978114737,0.00023613479975139866,0.012888973759110325,0.010952082983673726,0.011753166468778777,0.003470318913741315,1
2025-03-06,0.0002310915659021541,0.00022981990365243497,0.00023245912948472515,0.000234890843994965,0.012683538128208315,0.011029634206378907,0.011777702401637868,0.003311965629837779,0
2025-03-07,0.00023402676055604173,0.0002324300980364544,0.0002346368894745858,0.00023664342434422952,0.01582495146086995,0.011275018718017418,0.012116423260653422,0.0031279422648923154,0
2025-03-10,0.00022956124792980018,0.00022789952577626196,0.00023026264323250395,0.00023285768256922295,0.011713673235834148,0.011237336651063494,0.011751578870484936,0.003102768188971522,1
2025-03-11,0.00023060808536414342,0.00022858993714359706,0.00023086466363804936,0.00023373669622603864,0.014317808589901304,0.012017065160913592,0.011760722333844799,0.0031176794877739223,0
2025-03-12,0.00023007944643602961,0.00022811960848791003,0.00023028034895674097,0.00023308460395043498,0.015062506952321154,0.012404700398672685,0.011823572889104622,0.0031468051652164064,1
2025-03-13,0.00022846513648756996,0.000226719978927694,0.00022870910128298212,0.0002313983610463023,0.015599499314647056,0.011845099868200041,0.011906079690953645,0.0031859614226455047,1
2025-03-17,0.00022730803390946967,0.00022582331157911732,0.00022790501550060086,0.0002302904302228902,0.01262561049635208,0.011873757497668133,0.011952012386967492,0.003173837664841622,1
2025-03-18,0.0002268342633112989,0.00022566342587598825,0.00022807202175342497,0.00022998493201419477,0.012307001025951085,0.011832257244490914,0.011953820026728314,0.0031738511300937722,1
2025-03-19,0.00022751827646542763,0.00022655791339385486,0.00022924494532888709,0.0002308830750838476,0.008725877367298355,0.011828361247012536,0.01186828071498,0.0032420170541013604,0
2025-03-20,0.00022646386643270072,0.00022556417100011845,0.00022817787020361436,0.00022968436246971529,0.008531990786769132,0.012143372769963091,0.011986396809571455,0.0031412275748231833,0
2025-03-21,0.00022727078106147983,0.00022618726543748878,0.00022857862464143816,0.00023006813213008302,0.011032036094038078,0.012458301217462775,0.012235126015710729,0.002944577372435018,0
2025-03-24,0.00022723100303456313,0.00022638040509115307,0.00022898358248974729,0.0002300435078420342,0.010418277322953202,0.011628892516787882,0.012236098720411787,0.0025866645339659225,0
2025-03-25,0.00022715079303662716,0.00022647480376294647,0.00022922842917859183,0.00022997049879115283,0.010580787259057364,0.01166889648486941,0.012240526371756075,0.0024287856245075435,0
2025-03-26,0.00022676678732063443,0.00022620416522884453,0.0002290935189269819,0.0002295582882177049,0.01099326208626381,0.01174654987301395,0.012270153624421022,0.0023305279814091156,0
2025-03-27,0.00022652983984803188,0.00022596137251102387,0.00022893928024003232,0.00022924604502879713,0.010550785137707039,0.012011647410527527,0.01232107469463772,0.002312477740791913,1
2025-03-28,0.00022661952058610212,0.00022618327026981664,0.00022936855494199292,0.00022936147699078078,0.006219331659314459,0.011880682061503226,0.012318477111848523,0.0024650097343399784,1
2025-04-01,0.00022360441318927378,0.0002235264534948767,0.00022651735638567184,0.00022694264626018162,0.0067867769482598305,0.011878930642821745,0.012060655198511816,0.002581677881962827,0
2025-04-02,0.0002232803019773629,0.000223289502945729,0.00022619735244727406,0.0002267116201872354,0.008178381746088204,0.010811005988515102,0.011986803186532826,0.00262336300843633,1
2025-04-03,0.00022377595764651824,0.00022401201750867335,0.0002269959746911528,0.0002274490723103153,0.00765789125037369,0.010731212517069266,0.01187880425026055,0.0026810354219057426,0
2025-04-04,0.0002237582129104417,0.00022408992569606932,0.00022713044431623168,0.00022754794739156343,0.00593376777389054,0.010561754701406842,0.01185864076381408,0.0028220484872453883,0
2025-04-07,0.00022365130542872198,0.0002240759717249733,0.00022714339986184084,0.00022755949642546783,0.005928117018974286,0.010474646258072831,0.011845897405108368,0.0029100208692564656,0
2025-04-08,0.0002237952874866399,0.0002245247571258621,0.00022750820394480166,0.00022802163248241233,0.005302888901349536,0.009248344646868486,0.011705988396851712,0.0030616083083671256,0
2025-04-09,0.00022489896304784418,0.0002250091412591335,0.0002281489274551539,0.00022850993334266683,0.008063770360015788,0.009941398966921224,0.01191829972443574,0.0030863420598893345,0
2025-04-11,0.00023653686483976344,0.00023524008360333127,0.0002386881424339624,0.00023877093521653157,0.014197329265886141,0.010691120191693573,0.012379652794902066,0.0031625543318318686,0
2025-04-15,0.0001925594042983584,0.00019310206899261976,0.0001964609109026052,0.00019696099819378537,0.014463191563068507,0.010350210674088367,0.0115858814685722,0.0032464713464028343,0
2025-04-16,0.00019192041788230143,0.00019254369045866956,0.00019589970272280437,0.00019580579111375172,0.01448991974024936,0.010068344602493385,0.011585399938164586,0.003322541231792472,1
2025-04-17,0.00019253672458143447,0.00019344861468424977,0.00019663274748938622,0.00019642839008078233,0.014489887893729682,0.009908056388569631,0.011486991119263816,0.00319764024173186,0
2025-04-21,0.00019198031638193935,0.0001929918356265648,0.00019604532449708016,0.00019551475788330357,0.012279733088773651,0.009932965621565029,0.011485452404011047,0.00320106943432533,0
2025-04-22,0.0001910332711533681,0.00019192074568404545,0.00019502630650120286,0.00019414409665908543,0.005850455865732325,0.01018929710309676,0.011549941021964463,0.003325986667687611,1
2025-04-23,0.00019370916287969503,0.00019366231584358676,0.0001971138453974216,0.00019575356148213632,0.010273238636168601,0.010738389186491205,0.011834627406624085,0.0033032709475834445,0
2025-04-24,0.00019284892768317387,0.00019270316520782823,0.00019624037936641565,0.0001945243638082563,0.01124443637195179,0.010126916868930842,0.01190991790161985,0.0032839065147158837,0
2025-04-25,0.00028171111294865545,0.00027873524169409584,0.0002821429322428678,0.00028121432621824855,0.021673673891522725,0.013728491934426146,0.013005745913266442,0.003742958444167687,1
2025-04-28,0.000281108729680436,0.0002787237718458127,0.00028172031970627887,0.0002817766925062326,0.021656254810077075,0.013708533268865116,0.012758113571914429,0.0042305205139050485,0
2025-04-29,0.0002819992130305843,0.00027979389556471394,0.00028254492894581537,0.00028308662533622,0.021335472217620107,0.013689755889644802,0.01270975438362452,0.004588786413122501,1
2025-04-30,0.0002825749318635783,0.00028041694202770944,0.00028297912265922494,0.00028394752630868923,0.019361486619594966,0.013461055924229163,0.012709089450890759,0.004770157036253799,0
2025-05-02,0.00028243134348773693,0.00028021719850141575,0.00028270097282969987,0.0002838715003901452,0.01919640522018084,0.013601835061580655,0.01275641918780629,0.004918140722135621,0
2025-05-05,0.0002826109019128459,0.00028042546675621994,0.00028284260808491884,0.0002841604529125888,0.006678254506486033,0.013715180504484666,0.012752881219914637,0.00499785739763799,1
2025-05-06,0.0002757779037306452,0.0002741318778639435,0.00027637660168012,0.00027800973985770783,0.008711936826337698,0.01379046276250073,0.012461324880259705,0.005020394162371322,0
2025-05-07,0.0002756508513370398,0.00027406466770288026,0.0002762735482944848,0.00027790586513559647,0.01041465389181297,0.01413735638791747,0.012443103034169694,0.004999261145321281,0
2025-05-08,0.0002684098416016603,0.000267463688311012,0.0002694686360952679,0.00027104600637861437,0.010601588159663708,0.014159662583317089,0.011999928173776084,0.004972291308862731,1
2025-05-09,0.00026777909399526274,0.0002667010108178731,0.0002686912970081745,0.00027031809743447566,0.010302622031716089,0.014239391819065942,0.012029565305739646,0.004976366670296224,1
2025-05-12,0.00026671126585562515,0.0002658483833565452,0.0002678238558451352,0.00026954457976824685,0.010169801164649711,0.014385139294692626,0.011826385166604008,0.004978368634449419,1
2025-05-13,0.0002687030352490592,0.00026757244489384284,0.00026930785894504924,0.0002710036529540012,0.012605234505857823,0.014616557369506308,0.012093426558326448,0.004979860391531287,0
2025-05-14,0.00026802691655320495,0.0002668253878583655,0.0002684668421513054,0.0002701330550464233,0.01172565308717572,0.013559002218017093,0.012145732408039098,0.004978982451984837,1
2025-05-15,0.00026782718460145326,0.0002665999840237618,0.00026826486382282977,0.00026980298638461356,0.01168158237432907,0.013502403808875844,0.012156183085118837,0.004975477179730382,1
2025-05-16,0.00026697855021772844,0.00026597757637442494,0.00026782273203040534,0.0002693359213024278,0.011322565794672087,0.013502627888705022,0.011888354439296537,0.0048719540176746495,0
2025-05-19,0.0002665398620598161,0.0002654844855104106,0.00026722528106720836,0.0002687050817279427,0.011621483697684067,0.013718882628274814,0.01193542959820168,0.0047811451544251225,0
2025-05-20,0.0002665525470041132,0.00026551650981065445,0.0002671964851709668,0.0002685867464360557,0.0068261795412290875,0.013696531310352346,0.011920026390832957,0.004823757640261665,0
2025-05-21,0.00026666860360123894,0.0002654154186323759,0.0002669501801887375,0.0002683385194529381,0.009520272271350647,0.014069416431363953,0.01213370490224287,0.004779479381660469,1
2025-05-22,0.00026625027188034885,0.0002649617924700522,0.0002664848263493471,0.0002678088161360077,0.010303772932878107,0.013508219155836415,0.01218258989039876,0.00465538676734287,0
2025-05-23,0.0002662064042666495,0.00026492011488714074,0.0002664351801322985,0.0002677898084621157,0.012057382321731487,0.013676868782115931,0.012176760025809927,0.004508432420789805,1
2025-05-26,0.0002641631052678423,0.00026306291372427744,0.0002648052509898193,0.00026617558931718967,0.01226562499885818,0.010410672155654298,0.012001176701933921,0.00431176119873413,0
2025-05-27,0.00026347440523159316,0.00026219263965107057,0.00026363800249029975,0.000265050913163606,0.013910997359548514,0.010896127234942559,0.012149247140985546,0.004235192174510128,0
2025-05-28,0.0002632652650807942,0.00026198060799314897,0.0002634709097662488,0.000264641122798021,0.011758036625532483,0.010895445899721818,0.012166916777215084,0.004229018274951395,1
2025-05-29,0.00026284924747040425,0.00026152658248941227,0.0002630604931124989,0.0002640157116348551,0.011456386135379575,0.011025760270958487,0.01220719855471495,0.004219605299422912,1
2025-05-30,0.00026327991772868303,0.0002620294862858442,0.0002637772737918692,0.00026444604841971116,0.009593138526943861,0.01085994120785902,0.012166879171575098,0.004235702282320485,0
2025-06-02,0.0002631845890655869,0.0002619203254773719,0.0002637432073259244,0.00026425974916424814,0.008641094179074297,0.010765660735508687,0.012180785696602104,0.004268901153600523,1
2025-06-03,0.00025573522668430657,0.00025501521146860666,0.0002570896595602623,0.00025781081958252194,0.007143864431133589,0.010607064987834107,0.01182602414654174,0.004366139346621699,0
2025-06-04,0.0002554056359393431,0.00025463122820472054,0.0002567093572539086,0.0002572085886547607,0.00758993216650095,0.010295448266356479,0.011846518795701373,0.004292632589702451,1
2025-06-05,0.00025556410678204616,0.0002548482804601763,0.00025701655710033276,0.0002573087144926913,0.007153698452550982,0.0103083860067119,0.011808323743719276,0.0043742837457709195,0
2025-06-06,0.00025546776244942835,0.0002547674504857748,0.000256926994540687,0.0002570539034198953,0.007444827680936285,0.010259565422363795,0.011800242600110726,0.00444979605383454,0
2025-06-09,0.00025163014521035516,0.0002514745293551543,0.0002540624499982331,0.00025421431330155956,0.007040274864437289,0.01012099820579238,0.011473138424404245,0.004122912077162364,0
2025-06-10,0.0002515503892929819,0.00025144699718492535,0.00025402247531032887,0.0002541319959456426,0.005520292094030352,0.008966897435572265,0.011443781606555936,0.0037673772520525044,0
2025-06-11,0.00025019973513459794,0.0002505531486960493,0.00025336056320053265,0.0002533688682840254,0.004154440047580807,0.008714262042896121,0.011166690871421884,0.0033981557225250137,0
2025-06-12,0.0002502139763926143,0.0002506787586843463,0.00025348185639321015,0.0002535000760415326,0.004932113920665236,0.008844739527138136,0.01107054932269815,0.003065368431830849,1
2025-06-13,0.00025223902010592986,0.0002521553341027563,0.00025480703627972306,0.0002548979851626881,0.009390593703653267,0.009759834585630347,0.011239022704758907,0.002491956622155297,1
2025-06-16,0.00025211859804050857,0.00025212474818548536,0.0002546076651429983,0.00025489222919577824,0.00942332786296132,0.00953255793850655,0.011213785902754405,0.0024376963398012484,1
2025-06-17,0.00025159190897836145,0.0002516764919740593,0.000253871504382382,0.00025444576346876776,0.00953988414198576,0.009566003094209548,0.01122151491812464,0.0024330383734566846,0
2025-06-18,0.0002511772713173174,0.00025137037566261923,0.00025335899123637236,0.0002541436503947049,0.009535356925004498,0.008718384302375405,0.011221712273062668,0.0024273913032442375,0
2025-06-19,0.0002514128542693615,0.0002514598727213729,0.0002534620179093828,0.00025421144561292434,0.01072995104483491,0.008970532063148781,0.011228764143612563,0.002429498145733286,1
2025-06-20,0.0002500837771072268,0.0002506429998392556,0.00025287929343852317,0.00025354461622901933,0.0068263199187110464,0.00839993541248463,0.010957038831840269,0.0024730020630936655,1
2025-06-23,0.00024945098001859196,0.00025005005033052835,0.00025213079707823077,0.0002530802740818855,0.006715877650138239,0.008033307217499973,0.010975542665047845,0.0025157710250893832,0
2025-06-24,0.0002491240507900874,0.0002498320994107306,0.0002518314904381319,0.00025296990996596946,0.006665594873900767,0.007364576842550311,0.010967929995726435,0.002478583482812783,1
2025-06-25,0.0002489320584010719,0.0002497279973105582,0.0002516702315275965,0.00025294556653607014,0.007068975617192522,0.0073443837448203,0.010955365964722649,0.0024530623018466672,1
2025-06-26,0.0002489667087934762,0.000249894047989231,0.00025181450439432215,0.000253157403625677,0.004772933774770045,0.007304346232198753,0.010895272522638855,0.002509268800497148,0
2025-06-27,0.0002485830964486515,0.00024961805664061473,0.00025140687537966646,0.0002529396118977829,0.004752470969764002,0.0072937187575503664,0.010895665397989565,0.0025584879987281027,0
2025-06-30,0.00024844814960376115,0.0002492546140125888,0.0002510274609225416,0.0002525762149813574,0.00656011469255965,0.00752500324868458,0.010964051885371926,0.002510515389597145,0
2025-07-01,0.0002485254817046097,0.00024954131534768524,0.0002512671132393283,0.0002528784675582832,0.006841741127862912,0.007292506272359119,0.010891393216548752,0.0025101998650704374,1
2025-07-02,0.0002482542002480086,0.00024938160804004135,0.00025097965772858603,0.0002527249436097058,0.006422364687869179,0.007060445953631856,0.010889000531245127,0.0025223991280754446,0
2025-07-03,0.0002479575488459633,0.0002491176141932062,0.00025062429017235253,0.00025246352797684337,0.006073791047437371,0.007055661408706567,0.010901700547025906,0.002519376718895036,0
2025-07-04,0.000247695701202183,0.0002489282716052417,0.0002503566001101559,0.0002522756290113212,0.006181292233079384,0.0069924289007622506,0.010907383187010837,0.002425021182708716,0
2025-07-07,0.00024751366519243725,0.0002484212697081975,0.0002499217568681758,0.0002517547041065685,0.006091539461897316,0.007315122665066504,0.010998149189967254,0.002297780406192206,0
2025-07-08,0.0002682678003902513,0.0002668742932214575,0.00026879035854440476,0.00027000745006401205,0.014514859147508493,0.009911232292179734,0.011435056106926746,0.002356288264656431,0
2025-07-09,0.00025777491755105765,0.00025774880655120953,0.0002591889275498592,0.00026073779386310615,0.014883361075199351,0.010045579289449188,0.01096507436304109,0.0025991711581542644,1
2025-07-10,0.0002575628438116791,0.00025724161003650207,0.0002588333524755489,0.00026036926021613324,0.01577784565991563,0.010292522742250114,0.011052606786343821,0.002910546969661906,0
2025-07-11,0.0002571900758706875,0.00025689469205512943,0.0002585046009294014,0.00026006405867682,0.01597383107543206,0.009520455304871285,0.011078724358754077,0.0032494693479271004,1
2025-07-14,0.0003573863732588448,0.0003528961091610738,0.0003554468552484865,0.0003564030621433263,0.025255788557652085,0.013812130774031985,0.012514689474617768,0.004508726926816089,0
2025-07-15,0.00035829696229854865,0.00035409152763176365,0.00035607621309487376,0.00035708854725904356,0.021420749116506044,0.013791022491715111,0.012507273703741101,0.005058803071420699,1
2025-07-16,0.0003591923208397603,0.0003552808853368019,0.00035673461098693817,0.0003578552302254186,0.02124432004290661,0.013820752109062789,0.012449523316486237,0.00550576718860273,0
2025-07-17,0.0003580612606494159,0.00035479154235730715,0.00035560999922889635,0.00035693021128413785,0.02053125552034885,0.013510594929686152,0.012185764995985374,0.005830428772603043,1
2025-07-18,0.00035880781794341487,0.0003557022237965018,0.0003561347305271724,0.0003575668982855878,0.02038990387331888,0.013525030620841493,0.012118059634444105,0.006101683058210183,1
2025-07-21,0.0002945226613867493,0.00029358106592275424,0.00029295213392332406,0.00029441786896878327,0.004618005357368612,0.013595245372417011,0.010920116243573585,0.0061648487997914,1
2025-07-22,0.0002933469204579782,0.0002921694841615488,0.00029167955617597933,0.00029254507160777875,0.00639729031845725,0.013759218490376035,0.01098906538725035,0.006142819373226284,1
2025-07-23,0.000292944380065833,0.00029169348865525145,0.00029125006167829827,0.0002916533390783121,0.006689960297794659,0.013773506343250622,0.010990301647854663,0.006070138245562355,0
2025-07-24,0.000291817779749682,0.00029039322862383905,0.0002901341493204952,0.00029005696699648523,0.008384093890525737,0.013943249576076724,0.011095570770555946,0.005992374990166595,1
2025-07-25,0.0002919547354784467,0.0002905661287916621,0.0002903421891753571,0.0002899856361479559,0.00858385313725451,0.013989302766241647,0.011057987282773973,0.006000053656470445,1
2025-07-28,0.00029189133448253993,0.0002905099026489645,0.0002903226378574784,0.0002897967252399406,0.008812773898335376,0.01391000238990408,0.01104556157395244,0.006005317018773707,1
2025-07-29,0.00029191387564601504,0.00029055778510299964,0.0002903689136965908,0.0002897988778389807,0.009003395845693847,0.014066947865094881,0.011008625370254462,0.00600940644036415,0
2025-07-30,0.0002923223576531511,0.0002911013028394316,0.00029089555908937137,0.0002902874034882579,0.008871398357122025,0.014109330676692455,0.010876877067333156,0.006014647351555023,0
2025-07-31,0.00029187321043406866,0.00029066765293886773,0.0002904503797159309,0.0002897455418553219,0.0076955941055434915,0.014142030139909197,0.010894068668405222,0.006037309983290302,1
2025-08-01,0.0003192880955195479,0.00031716006343727906,0.0003169594247724864,0.0003165246397105048,0.01680587357705655,0.016023665159378992,0.011703426702293565,0.006104333618262817,0
2025-08-04,0.0003191694260564704,0.00031703447073981215,0.00031678525238752536,0.0003163216960548163,0.01726860268648198,0.016086099990957017,0.011757384023181482,0.006164620822436825,0
2025-08-05,0.0003178459338059187,0.00031597540806526124,0.00031572150553630014,0.0003151359199640545,0.01667345269760109,0.01465297732326369,0.011450582512194139,0.006184235433445993,1
2025-08-06,0.00031840119221443843,0.00031660253574066367,0.00031619580139173364,0.0003155664882008841,0.01660448957724947,0.014581559294218553,0.011394061284483276,0.006194458136072273,1
2025-08-07,0.00031855037571625316,0.000316784877818605,0.0003161472683172213,0.0003155599563031748,0.01633882864053621,0.01430039312037512,0.01138224765588835,0.006101033246606456,0
2025-08-08,0.0003182249165061996,0.00031644903566776974,0.0003156058061887334,0.00031510544406097304,0.00697793794291785,0.014322706790864973,0.011416849684684004,0.006020495939692857,1
2025-08-11,0.00031845077618241393,0.00031672210227148595,0.00031580341463378583,0.0003153027283550956,0.005219066491091395,0.010300901065512087,0.011368863621479701,0.006069081534708144,1
2025-08-12,0.0003180647948366212,0.0003163064962235659,0.0003152864868456633,0.0003148367805407349,0.006051449286936828,0.010447613645043463,0.011414221355273094,0.006094883443697214,0
2025-08-13,0.00031736653290259035,0.00031567924149040967,0.0003146738332540381,0.00031422842774559925,0.008507875068748593,0.010857604361727733,0.011327120642950684,0.006038440223365616,1
2025-08-14,0.00031769477081476747,0.00031606489134075843,0.00031504773048852464,0.00031455602934497823,0.008745252811562156,0.010873729432505768,0.0112730447324785,0.0059632751378199105,0
2025-08-18,0.0003179059612800305,0.0003163979966747991,0.0003154097090161054,0.00031487391916970955,0.00854449874510426,0.010929547087028155,0.011149594428441168,0.0058941800361661115,1
2025-08-19,0.0003466042590618214,0.0003443826643777879,0.00034330497978665107,0.0003431111590980541,0.017378021885928824,0.013276896495727157,0.01191134896006347,0.005835613813875995,0
2025-08-20,0.00034650095287862607,0.00034432006335864777,0.00034328162227093467,0.0003430654020744711,0.01816051360804469,0.013467455722906078,0.011901336748228044,0.005909923967490144,0
2025-08-21,0.0003501973745246681,0.0003477294825342298,0.0003467972386651995,0.0003470105772710391,0.020323109935823664,0.014489854369357394,0.012296413152134126,0.0060537188028650405,0
2025-08-22,0.0003505780788749355,0.000348106652303205,0.00034697860251980094,0.0003471378567630855,0.020551215599545272,0.014361505834514803,0.012302039566069286,0.006187553790408566,1
2025-08-25,0.0003507754189986865,0.0003482403627107522,0.0003468992228909777,0.00034703266576909057,0.020614737353240084,0.01439709050096043,0.012331195401537022,0.006314267845508663,1
2025-08-26,0.00035161636314301557,0.0003490569440056443,0.0003476423964898735,0.0003476143939522963,0.01359067704261571,0.014249082785626139,0.012290242750673912,0.005906413871448534,0
2025-08-28,0.0003542455184975817,0.00035163154063744067,0.00035029197375396106,0.0003505363348623175,0.01579430940789523,0.014948984309241659,0.01257685442720937,0.005717198377378887,0
2025-08-29,0.0003541611863330281,0.0003514836126045525,0.0003500697648244824,0.000350391350841598,0.012992033205216861,0.015247251691497161,0.012667567424362033,0.005493316831784634,1
2025-09-01,0.00035493539626895056,0.0003521507875353206,0.00035067142827564454,0.0003508498713481453,0.012496985850640071,0.01518192911040156,0.012652672259324899,0.005283683032191836,0
2025-09-02,0.0003555152457303826,0.00035261233966109464,0.00035103820466018005,0.00035115110205384537,0.012238336189065592,0.013195116005173707,0.012645987419758923,0.005058248670906048,1
2025-09-03,0.00035551315188587525,0.0003525002551325026,0.00035085289444616256,0.0003509765332933812,0.013077393836507512,0.013085860993244392,0.012695319222172033,0.004862756191290666,0
2025-09-04,0.00035585722099570335,0.0003526935889459436,0.0003509905146612234,0.0003510511536179586,0.008380781643561661,0.013096965331802369,0.0127079079170945,0.00479252548387357,1
2025-09-05,0.00035631088748041634,0.0003529976279804978,0.0003512829578853578,0.00035124757021098824,0.005431888233013464,0.013073934681556428,0.012707783740278054,0.00484919364825065,0
2025-09-08,0.0003562863258004933,0.0003529072119012542,0.00035119481178643336,0.00035115177297450657,0.007750630141668901,0.013370478977033447,0.012769846982537957,0.004868342472478191,1
2025-09-09,0.00035531928206592546,0.00035229228202600567,0.0003506245048371392,0.00035052358234254603,0.007724866842699881,0.013298743318093977,0.012551700719685898,0.00489351177639407,1
2025-09-10,0.0003554532704029578,0.00035230726491360326,0.0003506103877304093,0.0003504608537436126,0.0069138012461544,0.01328082286956416,0.012560039482065969,0.004951941822675272,0
2025-09-11,0.0003557601638121352,0.00035248372924357623,0.00035075181856065974,0.0003505425579905511,0.0066047901896567965,0.013163635692569424,0.012551576752076186,0.005024569563476761,0
2025-09-12,0.0003556530623753943,0.00035221325998213856,0.0003504326917840581,0.00035019813099278,0.007540549238201122,0.012924656831602122,0.012595601289744662,0.0050602106565240425,1
2025-09-15,0.0003558044138251014,0.0003524387207907163,0.00035065384035250355,0.0003504544074362533,0.008739203144020604,0.013369490053434137,0.012642750642354662,0.005032399354183276,1
2025-09-16,0.00035605101457164773,0.0003525631032813274,0.0003508075303555114,0.0003505344439458901,0.00858888247798918,0.0133058890982322,0.01264157344527334,0.004992852397089156,0
2025-09-17,0.00035636099192374573,0.0003528078509881363,0.0003510593545419643,0.00035075470035334416,0.008019804065258299,0.01081483514608829,0.012623619878776778,0.004932602186830969,1
2025-09-18,0.00035647628392296966,0.000352820267889276,0.0003510474921794967,0.0003507373184305203,0.008248380626525843,0.010384564832466758,0.012629695745530939,0.004870437095177527,1
2025-09-19,0.0003565319644224605,0.0003527964233058325,0.0003510151458178188,0.0003506912766751582,0.007968403917544602,0.008925436689432669,0.012640263403503127,0.004799066808911001,0
2025-09-22,0.00035650677093589626,0.0003526741790479987,0.00035089655599032914,0.0003505405842787955,0.005910643435740119,0.009049258261882047,0.01268274593908074,0.004775425835051087,1
2025-09-23,0.0003565532700872787,0.00035261683588066534,0.00035085589906575263,0.00035047215381737756,0.006304812561626295,0.008985683113597804,0.012698022258031865,0.004794749282038829,0
2025-09-24,0.0003582741071219064,0.0003541413941934915,0.00035239929677107585,0.00035195576084485824,0.010808252065730977,0.009999430573637209,0.012864850543447897,0.004685240090285114,1
2025-09-25,0.0003582217457961847,0.00035395739842125206,0.0003522530854078342,0.0003517795403865383,0.011671168801849782,0.008917857345906657,0.012921291650594791,0.004600410299288225,0
2025-09-26,0.00035835010223357876,0.00035400665039117356,0.0003523777323209581,0.0003518649707839137,0.01145840930720277,0.008383852000038777,0.012933688190750438,0.004577053433177105,1
2025-09-29,0.0003583062636629747,0.00035383119274951593,0.00035225744005989903,0.000351688736202164,0.011444513354799828,0.008694229852868733,0.012988169241350277,0.004555939924573205,1
2025-09-30,0.00035839833827139045,0.00035385177118804303,0.00035239852851546855,0.00035175243099160497,0.011502745111761876,0.008739368920316215,0.013003147063375037,0.004528960371254918,1
2025-10-01,0.0003584227974774118,0.0003540685071522523,0.00035265894501912865,0.0003520192636384048,0.007994646893284479,0.00855643904584642,0.012951383709844387,0.004415487230110432,0
2025-10-03,0.000342077503268255,0.0003396409588546459,0.0003376987039566499,0.00033752935832519996,0.0074591214806192675,0.00871082244787111,0.012411267368226989,0.004242737764800988,0
2025-10-06,0.00034219923148672075,0.00033970891109774974,0.00033796784414442054,0.00033772623451804897,0.0073557327358013845,0.008742958477237653,0.012382635185924914,0.0038619747847835114,0
2025-10-07,0.00034237732744593955,0.00034012558782637995,0.00033841128931144275,0.0003381753022217108,0.005689915503628488,0.008286455843476462,0.01227377016131624,0.0034116797547280807,1
2025-10-08,0.00034223156470748593,0.000339773102484083,0.0003381617032120255,0.0003379182093392576,0.006718093369029577,0.008528855246736093,0.012311754213994266,0.0027557898543939265,1
2025-10-09,0.00023521909055301197,0.00023796897217309517,0.0002337841881837609,0.00023368167533416664,0.0067643346360183034,0.008526519981473267,0.01088102877869964,0.0026621815673834558,1
2025-10-10,0.0002334773545788258,0.00023573599666359399,0.0002325800630620664,0.00023232724023019265,0.0063704329542419655,0.00866707669067902,0.010917144832554246,0.0023712745481744395,0
2025-10-13,0.00023226355606400425,0.00023428141677909653,0.00023200177064837342,0.0002315615170936734,0.006499853437004036,0.008531493181553926,0.010919717679460851,0.002256943832069852,0
2025-10-14,0.0002315281513887821,0.00023287678632427224,0.00023130485087816848,0.00023066925097918218,0.009126605479723712,0.008390212419444518,0.011066118267089226,0.0021291164950989335,1
2025-10-15,0.00023056910798463978,0.00023187902983155026,0.00023101643911946097,0.0002302040228065188,0.008201968307249858,0.008433102471385201,0.011069762140095925,0.0019980051903248646,0
2025-10-16,0.00023016571110618278,0.00023147885897683952,0.00023101594638618477,0.00023010909166524683,0.008174874336656918,0.008563257049056302,0.011053898423686415,0.0017740239783056435,0
2025-10-17,0.0002313460900862293,0.00023201591991111567,0.0002316951455464816,0.00023072152062653462,0.010634042558172331,0.009294083489207258,0.011189154545250444,0.0018353436584141337,0
2025-10-20,0.000231760868690698,0.00023179741350662218,0.00023169114924382104,0.00023069294377918746,0.012746536065043583,0.009875781289243919,0.011360022825904835,0.0019482185211392037,0
2025-10-21,0.00023206559297051806,0.00023241615759098596,0.00023240025395356126,0.00023130273921996466,0.011121645203375599,0.009622083246092213,0.011265380758763722,0.0020078904771946514,1
2025-10-23,0.00023179455796683757,0.00023234622629046087,0.00023250062697465103,0.00023131874169976757,0.011000642603438608,0.00956206496295231,0.011246507639656587,0.0020541222398060555,1
2025-10-24,0.00023187202920917386,0.00023264622004119006,0.00023284257067448735,0.00023164843514061626,0.010727188187017154,0.00853773592406313,0.011194014870123763,0.0020650300280839304,0
2025-10-27,0.0002665213944866216,0.00026447313182506637,0.0002649149871082288,0.0002637733260013197,0.016757980598280774,0.011069481516183392,0.011909852119947032,0.0024948419335364177,1
2025-10-28,0.00026674690999284605,0.0002649890790694729,0.000265356448524381,0.0002646243808054068,0.015102890016219691,0.011033204059593914,0.011895366749608253,0.0027096932736047352,1
2025-10-29,0.00026683487315560937,0.00026526706240071585,0.0002655598906124184,0.00026514005124057735,0.015245546230334181,0.010860337677899097,0.011888755734246918,0.0029155124606930405,1
2025-10-30,0.00023333135667445945,0.00023322423951959258,0.00023347855079777207,0.00023295100150361224,0.015323746682837132,0.010819385526873521,0.011068675902360688,0.0030950606473961095,1
2025-10-31,0.00023349156612583022,0.00023356950310405116,0.00023381470818819195,0.00023349676780525557,0.015590050636225034,0.010847891946455654,0.010986797634157367,0.003254064625860642,1
2025-11-03,0.00023291386854081873,0.00023315656876387057,0.00023353824158478593,0.00023360923716718432,0.0046753710608698805,0.010681225180693069,0.01097721124240943,0.003383116387021709,1
2025-11-04,0.0002323502839544187,0.00023276110171695577,0.0002332251154502846,0.0002336516001643655,0.0047103163342390895,0.01066544236272713,0.010971459212960388,0.003496922716406008,1
2025-11-06,0.00023151472906225644,0.00023201691508504095,0.00023256199910300603,0.00023326380352909736,0.004700476218966874,0.010741357876900623,0.010997148532852104,0.0035495583432492016,1
2025-11-07,0.00023137735753236307,0.0002320591502397926,0.00023268002943147186,0.0002335627005031448,0.004758757170432666,0.010556389108125775,0.010970191378799848,0.0036116734792966576,1
2025-11-10,0.00023138929487054078,0.000232287194206085,0.00023292914258182953,0.0002340089196842501,0.0034372150904570685,0.010449464857564938,0.01092814584603576,0.0037789717278768147,1
2025-11-11,0.00023141456066109775,0.0002325192336600846,0.0002331142149970377,0.00023441178848557107,0.003491752007677523,0.010343647827305832,0.010884095022617911,0.0039048307605380186,1
2025-11-12,0.0002313606298154459,0.00023263857288278444,0.00023316365883389314,0.00023455336041673417,0.004811997494853555,0.01043927521859829,0.010782881451807783,0.003958085895091901,0
2025-11-13,0.00023106048768996683,0.0002325076506273788,0.00023290041103685106,0.00023454202020731265,0.004082109530010656,0.009935740621502522,0.01076812998977462,0.004024993509606032,1
2025-11-14,0.00023070737925049117,0.0002321947764848349,0.00023250504147541009,0.00023430751876909775,0.004826032831700305,0.010022072051079857,0.010779700524355547,0.004048769322779841,1
2025-11-17,0.00018481750303419453,0.00018832395625353884,0.00018892499503842916,0.00019071615195070306,0.006066803438542742,0.010083932724633291,0.009865355707731461,0.004071807820926111,0
2025-11-18,0.0001850920097014493,0.00018897672495872105,0.0001894652789140883,0.00019141429082593256,0.006010300445753391,0.00936756440891278,0.009694851513719188,0.004091964402220986,1
2025-11-19,0.0001773245832615237,0.00018189315891637824,0.000181899987595674,0.00018345509228150577,0.006268374229872305,0.008842117989865778,0.00922636668677978,0.004105935043840817,1
2025-11-20,0.00017750609649918618,0.00018134745990711564,0.0001816393841014754,0.00018330578794856052,0.009335880806418864,0.00946498078699838,0.009381887201468181,0.004079237706403645,0
2025-11-21,0.00017636988852231302,0.00018049491390904432,0.00018077753339990803,0.00018288931535804574,0.009124178450220398,0.009539447147123122,0.009366191670870867,0.00406779727942636,1
2025-11-24,0.00017471916236523513,0.0001792607466418687,0.0001794679386083255,0.0001821264927916708,0.008389117638710348,0.009513773241150977,0.009370048519797341,0.004054369787866653,0
2025-11-25,0.00016946317139304335,0.00017461668308130083,0.00017449210789314122,0.0001768928499634359,0.008555068315110707,0.005986742268637723,0.008905104971684511,0.004032931597672828,1
2025-11-26,0.00016961414249971047,0.0001751388823768645,0.00017491065987694252,0.000177410291694123,0.007845114263705199,0.006045261225856879,0.008728607171594684,0.004015642722138354,1
2025-11-27,0.00016764313819549618,0.00017360668238275114,0.0001731743285805798,0.00017630499193657036,0.0041931641261379144,0.005989561559923794,0.008744739654836794,0.004097529601281303,0
2025-11-28,0.00016611417428151405,0.00017203607575594856,0.0001716090738291743,0.00017505384916456502,0.005943585942976765,0.006413135133318392,0.008842397384999008,0.004124426880118961,0
2025-12-01,0.00016584987467654886,0.00017209501842022212,0.00017159021155484173,0.00017521241959818546,0.006458960871504174,0.0063386911471478655,0.008776263713110747,0.004140313410085173,0
2025-12-02,0.000164780262748433,0.00017157243804556484,0.00017091600478552564,0.00017491184957540014,0.006229264633652137,0.006330659035274762,0.008756792466421193,0.004136377460039466,1
2025-12-03,0.00016334819651150012,0.00017053830220600385,0.00016972450421758772,0.0001740948805855656,0.006411813550009931,0.006424659644426424,0.008783834304639358,0.004059956273139896,0
2025-12-04,0.0001637114660191119,0.00017058024568314894,0.0001698226273437371,0.00017413744714671084,0.008135309208275954,0.006848141535293598,0.008773808788528,0.004018184740609171,1
2025-12-05,0.00016264421754181682,0.00016986487224997888,0.00016896542767693765,0.00017354591134733936,0.007018020039740942,0.0069123086668614565,0.008793155177521175,0.003979190032059401,0
2025-12-08,0.00037130182485263123,0.0003680695911544858,0.0003687582642233424,0.0003695717369955134,0.023925209104852567,0.01342867458992675,0.010988208225883051,0.004929269147845637,1
2025-12-09,0.0003710873880482421,0.00036810940093762293,0.0003684613628392459,0.0003701304759166652,0.024385166690447074,0.0136267475734435,0.01107245107113128,0.00554197248313626,1
2025-12-10,0.0003719005286221584,0.0003693163816157818,0.0003692736353331789,0.0003720052489156866,0.024309473120098422,0.013536064509978487,0.011030108573277067,0.006142487859666754,1
2025-12-11,0.00037244118163236013,0.0003702450552163575,0.0003698466105375699,0.0003734770539209689,0.02371787911113322,0.01354125493875087,0.010839437123415297,0.006624495042834031,1
2025-12-12,0.0003727801482258064,0.0003707897084603104,0.00037000724961394344,0.00037445476585068515,0.023588566902811806,0.013455946083977625,0.010841611665320368,0.007050774544325433,0
2025-12-15,0.0003733762389253863,0.00037107450960107894,0.0003706215272853795,0.0003744266187668972,0.010179242209858577,0.014036809403970956,0.011136233485437677,0.006954634822202579,1
2025-12-16,0.0003731360003457001,0.0003707531370365072,0.00037033516046126175,0.00037414021397182926,0.011090725769161147,0.014401679453798999,0.01127740546327716,0.006909637947926292,0
2025-12-17,0.0003736052286805085,0.00037131908444619786,0.00037079679341398583,0.00037499160502039693,0.011259416578202149,0.014321156690967413,0.011266611966143283,0.0068596382270336865,1
2025-12-18,0.00037429950809315867,0.0003721546249211965,0.000371531795680413,0.0003761100613952612,0.011272619748634707,0.013904815953749875,0.01118800330712372,0.006801867102304165,1
2025-12-19,0.00037463639230874476,0.00037251627020437193,0.0003717921965787073,0.000376671638734254,0.011421738353141205,0.013887543111326438,0.011184781206285412,0.0067388082148180884,1
2025-12-22,0.00037325303491490196,0.0003714878345950512,0.0003706738046488627,0.0003758770262373821,0.007803509032194715,0.01395211033708748,0.010924989684988902,0.0066372360369325355,0
2025-12-23,0.0003736764750290464,0.0003719906215452898,0.00037109741859851504,0.00037651694734408477,0.004753888199341975,0.013955677549796148,0.01084950751420087,0.0065970943252830535,0
2025-12-24,0.00037372434699686595,0.0003719950543009612,0.0003709976076403277,0.0003765922039939343,0.004819942529123944,0.013982740647334034,0.010859616492922998,0.00659686877049935,0
2025-12-26,0.00037380593785674377,0.0003721038832046527,0.0003710622624331344,0.00037675123785194375,0.006156694355089331,0.014086322149729921,0.010835839513147765,0.006540646027333117,1
2025-12-29,0.00037404246930359555,0.0003723325945513771,0.00037119868162417826,0.0003770464618914007,0.005860044312061372,0.013878664562500002,0.010813644705582484,0.006513383005909861,0
2025-12-30,0.00037423949898620186,0.0003725314138482424,0.0003712926037398406,0.00037729630729617776,0.005346116189253154,0.01383391045766187,0.010789390524824445,0.006531034008694807,0
